SIZES
  narena                15728640
  nbuffer               2749856
  nplugin               0
  maxuse_stack          22712
  maxuse_arena          81328
  maxuse_con            9
  maxuse_efc            62
  solver_nisland        1
  ne                    0
  nf                    24
  nl                    0
  nefc                  60
  nnzJ                  1800
  ncon                  9
  nisland               0
  threadpool            0

TIMER
    0:  duration =  0          number = 0
    1:  duration =  0.93       number = 14
    2:  duration =  0          number = 0
    3:  duration =  0.77       number = 14
    4:  duration =  0.024      number = 14
    5:  duration =  0.0043     number = 14
    6:  duration =  0.088      number = 14
    7:  duration =  0          number = 0
    8:  duration =  0.073      number = 14
    9:  duration =  0.028      number = 14
    10:  duration =  0.63       number = 14
    11:  duration =  0.044      number = 14
    12:  duration =  0.00033    number = 14
    13:  duration =  0.033      number = 14
    14:  duration =  0.044      number = 14

SOLVER STAT
  solver_nisland = 1
  solver_fwdinv =   0         0       
ENERGY =   0         0       

TIME =  1.2     

QPOS
   0.23    
  -0.00049 
   0.29    
   0.54    
  -0.00037 
  -0.84    
   0.0011  
   1.4     
  -0.22    
   0.25    
   2.4     
  -0.68    
  -0.02    
   1.4     
   0.22    
  -0.26    
   2.4     
  -0.68    
   0.015   
  -0.0099  
   0.96    
   0.22    
   0.16    
  -0.34    
   0.069   
   0.92    
  -0.22    
  -0.16    
  -0.29    
  -0.069   
   0.0035  

QVEL
  -0.0043  
  -0.0005  
  -0.0044  
  -0.00052 
   0.0099  
  -0.00021 
  -0.037   
   0.01    
  -0.0026  
   0.03    
   0.0066  
   0.0031  
  -0.039   
  -0.008   
   0.002   
   0.03    
   0.0073  
  -0.0026  
  -0.0028  
   0.39    
  -0.059   
   0.0028  
  -0.63    
   0.008   
   0.44    
   0.068   
  -0.0026  
  -0.72    
  -0.0082  
   0.00045 

QACC_WARMSTART
   0.0021  
  -0.0086  
  -0.0013  
  -0.023   
  -0.0089  
  -0.013   
   0.024   
   0.0087  
   0.0058  
  -0.012   
   0.0064  
  -0.0075  
  -0.0043  
   0.015   
   0.006   
   0.017   
   0.0043  
  -0.0021  
   0.062   
  -2.1     
  -0.0099  
   0.022   
  -0.6     
   0.052   
  -1.9     
   0.18    
  -0.017   
  -0.52    
  -0.054   
  -0.0073  

CTRL
   0       
   0       
   0       
   0       
   0       
   0       
   0       
   0       
   0       
   0       
   0       
   0       
   0       
   0       
   0       
   0       
   0       
   0       
   0       
   0       
   0       
   0       
   0       
   0       

QFRC_APPLIED
   0       
   0       
   0       
   0       
   0       
   0       
   0       
   0       
   0       
   0       
   0       
   0       
   0       
   0       
   0       
   0       
   0       
   0       
   0       
   0       
   0       
   0       
   0       
   0       
   0       
   0       
   0       
   0       
   0       
   0       

XFRC_APPLIED
   0         0         0         0         0         0       
   0         0         0         0         0         0       
   0         0         0         0         0         0       
   0         0         0         0         0         0       
   0         0         0         0         0         0       
   0         0         0         0         0         0       
   0         0         0         0         0         0       
   0         0         0         0         0         0       
   0         0         0         0         0         0       
   0         0         0         0         0         0       
   0         0         0         0         0         0       
   0         0         0         0         0         0       
   0         0         0         0         0         0       
   0         0         0         0         0         0       
   0         0         0         0         0         0       
   0         0         0         0         0         0       
   0         0         0         0         0         0       
   0         0         0         0         0         0       
   0         0         0         0         0         0       
   0         0         0         0         0         0       
   0         0         0         0         0         0       
   0         0         0         0         0         0       
   0         0         0         0         0         0       
   0         0         0         0         0         0       
   0         0         0         0         0         0       
   0         0         0         0         0         0       
   0         0         0         0         0         0       
   0         0         0         0         0         0       
   0         0         0         0         0         0       
   0         0         0         0         0         0       

QACC
   0.0021  
  -0.0086  
  -0.0013  
  -0.023   
  -0.0089  
  -0.013   
   0.024   
   0.0087  
   0.0058  
  -0.012   
   0.0064  
  -0.0075  
  -0.0043  
   0.015   
   0.006   
   0.017   
   0.0043  
  -0.0021  
   0.062   
  -2.1     
  -0.0099  
   0.022   
  -0.6     
   0.052   
  -1.9     
   0.18    
  -0.017   
  -0.52    
  -0.054   
  -0.0073  

SENSOR
   0.54    
  -0.00037 
  -0.84    
   0.0011  
   0.23    
  -0.00049 
   0.29    
  -0.0043  
  -0.0005  
  -0.0044  
   0.00041 
   0.0099  
  -0.0004  
   0.54    
  -0.00037 
  -0.84    
   0.0011  
   0.31    
  -0.0003  
   0.35    
  -0.0037  
  -0.00055 
  -0.0052  
   0.00041 
   0.0099  
  -0.0004  
   0.54    
  -0.00037 
  -0.84    
   0.0011  
   8.9     
  -0.034   
  -4.2     
  -0.00052 
   0.0099  
  -0.00021 
   24      
   0.17    
  -2.2     
  -0.12    
  -0.11    
  -0.34    
   23      
  -0.17    
  -2       
   0.1     
  -0.14    
   0.29    

XPOS
   0         0         0       
   0.23     -0.00049   0.29    
   0.28      0.076     0.33    
   0.33      0.11      0.36    
   0.36      0.12      0.28    
   0.47      0.12      0.066   
   0.12      0.12      0.17    
   0.1       0.12      0.16    
   0.1       0.12      0.16    
   0.28     -0.077     0.33    
   0.33     -0.11      0.36    
   0.36     -0.12      0.28    
   0.47     -0.12      0.066   
   0.12     -0.12      0.17    
   0.1      -0.12      0.16    
   0.1      -0.12      0.16    
   0.16     -0.00059   0.27    
  -0.029     0.13      0.15    
  -0.03      0.19      0.11    
   0.044     0.23      0.11    
   0.13      0.25      0.055   
   0.28      0.3       0.041   
   0.28      0.3       0.041   
  -0.028    -0.13      0.15    
  -0.026    -0.19      0.11    
   0.049    -0.23      0.11    
   0.14     -0.25      0.058   
   0.29     -0.3       0.043   
   0.29     -0.3       0.043   
  -0.11     -0.0009    0.13    

XQUAT
   1         0         0         0       
   0.54     -0.00037  -0.84      0.0011  
   0.94      0.14     -0.3      -0.09    
   0.95      0.04     -0.29     -0.12    
   0.96      0.0031   -0.29     -0.0034  
   0.63      0.0043    0.78      0.0016  
   0.85      0.0046    0.52      5.1e-05 
   0.85     -0.0039    0.52      0.0052  
   0.85     -0.0039    0.52      0.0052  
   0.94     -0.14     -0.3       0.091   
   0.95     -0.04     -0.29      0.12    
   0.96     -0.0025   -0.29      0.0018  
   0.63     -0.0026    0.78     -0.0016  
   0.85     -0.003     0.52     -0.00068 
   0.85      0.0033    0.52     -0.0045  
   0.85      0.0033    0.52     -0.0045  
   0.54      0.0038   -0.84     -0.0015  
   0.87     -0.02     -0.5       0.016   
   0.86      0.075    -0.5       0.071   
   0.85      0.036    -0.5       0.14    
   0.76      0.064    -0.64      0.12    
   0.75      0.037    -0.65      0.14    
   0.75      0.037    -0.65      0.14    
   0.85      0.028    -0.52     -0.015   
   0.85     -0.065    -0.51     -0.071   
   0.84     -0.023    -0.52     -0.14    
   0.76     -0.048    -0.64     -0.13    
   0.75     -0.021    -0.64     -0.15    
   0.75     -0.021    -0.64     -0.15    
   0.54      0.0023   -0.84     -0.00059 

XMAT
   1         0         0         0         1         0         0         0         1       
  -0.43     -0.00059  -0.9       0.0018    1        -0.0015    0.9      -0.0023   -0.43    
   0.8       0.083    -0.59     -0.25      0.94     -0.21      0.54      0.32      0.78    
   0.8       0.21     -0.56     -0.25      0.97     -0.0039    0.54      0.15      0.83    
   0.83      0.0047   -0.56     -0.0083    1        -0.0039    0.56      0.0079    0.83    
  -0.2       0.0047    0.98      0.0087    1        -0.003    -0.98      0.0079   -0.2     
   0.46      0.0047    0.89      0.0049    1        -0.0078   -0.89      0.0079    0.46    
   0.46     -0.013     0.89      0.0049    1         0.012    -0.89     -0.0012    0.46    
   0.46     -0.013     0.89      0.0049    1         0.012    -0.89     -0.0012    0.46    
   0.8      -0.084    -0.59      0.26      0.94      0.21      0.54     -0.32      0.78    
   0.8      -0.21     -0.56      0.26      0.97      0.0037    0.54     -0.15      0.83    
   0.83     -0.002    -0.56      0.0049    1         0.0037    0.56     -0.0058    0.83    
  -0.2      -0.002     0.98     -0.0061    1         0.00074  -0.98     -0.0058   -0.2     
   0.46     -0.002     0.89     -0.0043    1         0.0044   -0.89     -0.0058    0.46    
   0.46      0.011     0.89     -0.0043    1        -0.01     -0.89      0.0009    0.46    
   0.46      0.011     0.89     -0.0043    1        -0.01     -0.89      0.0009    0.46    
  -0.43     -0.0048   -0.9      -0.008     1        -0.0015    0.9       0.0066   -0.43    
   0.5      -0.0072   -0.87      0.048     1         0.019     0.87     -0.051     0.5     
   0.5      -0.2      -0.84      0.048     0.98     -0.2       0.87      0.058     0.5     
   0.45     -0.27     -0.85      0.2       0.96     -0.2       0.87     -0.077     0.49    
   0.15     -0.26     -0.95      0.1       0.96     -0.25      0.98     -0.057     0.17    
   0.13     -0.26     -0.96      0.16      0.96     -0.24      0.98     -0.13      0.17    
   0.13     -0.26     -0.96      0.16      0.96     -0.24      0.98     -0.13      0.17    
   0.46     -0.0037   -0.89     -0.054     1        -0.032     0.89      0.062     0.46    
   0.46      0.19     -0.87     -0.054     0.98      0.18      0.89     -0.038     0.46    
   0.42      0.26     -0.87     -0.21      0.96      0.18      0.89      0.11      0.45    
   0.16      0.25     -0.95     -0.13      0.96      0.23      0.98      0.088     0.18    
   0.14      0.25     -0.96     -0.2       0.96      0.22      0.97      0.16      0.18    
   0.14      0.25     -0.96     -0.2       0.96      0.22      0.97      0.16      0.18    
  -0.43     -0.0033   -0.9      -0.0046    1        -0.0015    0.9       0.0035   -0.43    

XIPOS
   0         0         0       
   0.25     -0.00044   0.32    
   0.3       0.12      0.34    
   0.34      0.12      0.32    
   0.4       0.12      0.2     
   0.35      0.12      0.099   
   0.11      0.12      0.16    
   0.091     0.12      0.14    
   0.1       0.12      0.16    
   0.3      -0.12      0.34    
   0.34     -0.12      0.32    
   0.41     -0.12      0.19    
   0.35     -0.12      0.099   
   0.11     -0.12      0.16    
   0.09     -0.12      0.14    
   0.1      -0.12      0.16    
   0.013    -0.0042    0.19    
  -0.019     0.18      0.14    
   0.01      0.21      0.13    
   0.082     0.24      0.083   
   0.19      0.27      0.046   
   0.37      0.33      0.046   
   0.28      0.3       0.041   
  -0.017    -0.19      0.14    
   0.013    -0.21      0.13    
   0.088    -0.24      0.085   
   0.2      -0.27      0.049   
   0.37     -0.32      0.046   
   0.29     -0.3       0.043   
  -0.19     -0.00075   0.093   

XIMAT
   1         0         0         0         1         0         0         0         1       
  -0.38      0.0002   -0.92      0.0017    1        -0.00048   0.92     -0.0017   -0.38    
   0.91     -0.36      0.18      0.034    -0.38     -0.93      0.4       0.85     -0.33    
   0.22      0.12     -0.97     -0.28      0.96      0.057     0.93      0.26      0.25    
   0.71      0.32     -0.63     -0.39      0.92      0.028     0.59      0.23      0.78    
   0.0034    0.087     1         0.99      0.13     -0.015    -0.14      0.99     -0.086   
   0.0047   -0.87      0.49      1         0.00028  -0.0091    0.0079    0.49      0.87    
   0.86      0.018     0.51      0.01     -1         0.019     0.51     -0.011    -0.86    
   0.46     -0.013     0.89      0.0049    1         0.012    -0.89     -0.0012    0.46    
   0.91     -0.36     -0.23     -0.045     0.46     -0.89      0.42      0.81      0.4     
   0.23     -0.13     -0.97      0.29      0.96     -0.061     0.93     -0.26      0.25    
   0.72     -0.31     -0.63      0.37      0.93     -0.026     0.59     -0.22      0.78    
  -0.00081   0.085     1         0.99     -0.13      0.012     0.13      0.99     -0.085   
  -0.002    -0.91      0.41      1         0.00061   0.0061   -0.0058    0.41      0.91    
   0.86     -0.018     0.51     -0.0094   -1        -0.019     0.51      0.011    -0.86    
   0.46      0.011     0.89     -0.0043    1        -0.01     -0.89      0.0009    0.46    
  -0.27      0.044    -0.96     -0.021     1         0.052     0.96      0.034    -0.26    
   0.27     -0.89      0.36     -0.14     -0.4      -0.91      0.95      0.2      -0.23    
   0.058    -0.47     -0.88      0.99     -0.058     0.097    -0.097    -0.88      0.47    
   0.44     -0.26     -0.86      0.21      0.96     -0.19      0.87     -0.098     0.48    
  -0.066    -0.26     -0.96      0.93      0.34     -0.16      0.37     -0.9       0.22    
  -0.083    -0.23     -0.97      0.091     0.97     -0.24      0.99     -0.11     -0.059   
   0.13     -0.26     -0.96      0.16      0.96     -0.24      0.98     -0.13      0.17    
   0.23     -0.91     -0.35      0.13      0.39     -0.91      0.97      0.16      0.2     
  -0.075    -0.44     -0.9       0.99      0.063    -0.11      0.11     -0.9       0.43    
   0.4       0.25     -0.88     -0.21      0.96      0.17      0.89      0.12      0.44    
   0.056    -0.26     -0.96      0.94     -0.31      0.14     -0.34     -0.91      0.23    
  -0.082     0.22     -0.97     -0.16      0.96      0.23      0.98      0.17     -0.045   
   0.14      0.25     -0.96     -0.2       0.96      0.22      0.97      0.16      0.18    
  -0.0053    0.089    -1         1         0.015    -0.0039    0.015    -1        -0.089   

XANCHOR
   0.23     -0.00049   0.29    
   0.28      0.076     0.33    
   0.33      0.11      0.36    
   0.36      0.12      0.28    
   0.47      0.12      0.066   
   0.12      0.12      0.17    
   0.1       0.12      0.16    
   0.28     -0.077     0.33    
   0.33     -0.11      0.36    
   0.36     -0.12      0.28    
   0.47     -0.12      0.066   
   0.12     -0.12      0.17    
   0.1      -0.12      0.16    
   0.16     -0.00059   0.27    
  -0.029     0.13      0.15    
  -0.03      0.19      0.11    
   0.044     0.23      0.11    
   0.13      0.25      0.055   
   0.28      0.3       0.041   
  -0.028    -0.13      0.15    
  -0.026    -0.19      0.11    
   0.049    -0.23      0.11    
   0.14     -0.25      0.058   
   0.29     -0.3       0.043   
  -0.11     -0.0009    0.13    

XAXIS
   0         0         1       
   0.23      0.97      0.11    
   0.8      -0.25      0.54    
  -0.56     -0.0039    0.83    
   0.0047    1         0.0079  
   0.0047    1         0.0079  
   0.46      0.0049   -0.89    
  -0.23      0.97     -0.11    
   0.8       0.26      0.54    
  -0.56      0.0037    0.83    
  -0.002     1        -0.0058  
  -0.002     1        -0.0058  
   0.46     -0.0043   -0.89    
  -0.9      -0.0015   -0.43    
  -0.062     1        -0.02    
   0.5       0.048     0.87    
  -0.83     -0.26      0.49    
  -0.32      0.95     -0.044   
  -0.94     -0.33     -0.041   
   0.052     1         0.033   
   0.46     -0.054     0.89    
  -0.85      0.24      0.46    
   0.31      0.95      0.079   
  -0.95      0.32     -0.025   
  -0.9      -0.0015   -0.43    

GEOM_XPOS
   0         0         0       
   0.24     -0.00048   0.31    
   0.24     -0.00042   0.32    
   0.28      0.13      0.33    
   0.3       0.12      0.34    
   0.34      0.12      0.32    
   0.42      0.12      0.17    
   0.34      0.12      0.1     
   0.47      0.12      0.062   
   0.11      0.12      0.16    
   0.099     0.12      0.12    
   0.079     0.12      0.13    
   0.15      0.12      0.025   
   0.28     -0.13      0.33    
   0.3      -0.12      0.34    
   0.34     -0.12      0.32    
   0.42     -0.12      0.17    
   0.34     -0.12      0.1     
   0.47     -0.12      0.062   
   0.11     -0.12      0.16    
   0.099    -0.12      0.12    
   0.078    -0.12      0.13    
   0.15     -0.12      0.025   
   0.02     -0.0007    0.19    
  -0.018     0.19      0.14    
   0.0061    0.21      0.13    
   0.094     0.24      0.076   
   0.19      0.27      0.045   
   0.13      0.25      0.055   
   0.37      0.32      0.047   
   0.42      0.32      0.05    
  -0.015    -0.19      0.14    
   0.0091   -0.21      0.13    
   0.099    -0.24      0.079   
   0.2      -0.27      0.048   
   0.14     -0.25      0.058   
   0.38     -0.32      0.047   
   0.43     -0.32      0.05    
  -0.19     -0.001     0.1     
  -0.21     -0.0011    0.09    

GEOM_XMAT
   1         0         0         0         1         0         0         0         1       
  -0.59     -0.0027   -0.8       0.00012   1        -0.0034    0.8      -0.0021   -0.59    
  -0.43     -0.00059  -0.9       0.0018    1        -0.0015    0.9      -0.0023   -0.43    
  -0.56     -0.43      0.71      0.019    -0.86     -0.51      0.83     -0.27      0.49    
   0.59      0.083     0.8       0.21      0.94     -0.25     -0.78      0.32      0.54    
   0.99      0.069     0.15     -0.038     0.98     -0.21     -0.16      0.2       0.97    
   0.89      0.0018   -0.46     -0.018     1        -0.032     0.46      0.037     0.89    
   0.0084    0.32      0.95      1        -0.0092   -0.0057    0.0069    0.95     -0.32    
  -0.2       0.0047    0.98      0.0087    1        -0.003    -0.98      0.0079   -0.2     
   0.083     0.0067    1        -0.02      1        -0.0051   -1        -0.02      0.083   
   0.89      0.017     0.46      0.021    -1        -0.004     0.46      0.014    -0.89    
   0.46     -0.013     0.89      0.0049    1         0.012    -0.89     -0.0012    0.46    
   0.8      -0.013     0.6       0.0097    1         0.0088   -0.6      -0.0012    0.8     
  -0.54      0.46      0.7      -0.058    -0.85      0.52      0.84      0.24      0.49    
   0.59     -0.084     0.8      -0.21      0.94      0.26     -0.78     -0.32      0.54    
   0.99     -0.073     0.15      0.04      0.98      0.21     -0.16     -0.2       0.97    
   0.89      0.0018   -0.45      0.014     1         0.032     0.45     -0.035     0.89    
  -0.0011    0.32      0.95      1        -0.017     0.0067    0.018     0.95     -0.32    
  -0.2      -0.002     0.98     -0.0061    1         0.00074  -0.98     -0.0058   -0.2     
  -0.0048    0.35      0.94      1         0.011     0.00094  -0.01      0.94     -0.35    
   0.89     -0.015     0.46     -0.019    -1         0.0046    0.46     -0.013    -0.89    
   0.46      0.011     0.89     -0.0043    1        -0.01     -0.89      0.0009    0.46    
   0.8       0.011     0.6      -0.0084    1        -0.0074   -0.6       0.0009    0.8     
  -0.6      -0.0067   -0.8      -0.0066    1        -0.0034    0.8       0.0032   -0.6     
   0.51     -0.77     -0.38      0.12      0.5      -0.85      0.85      0.39      0.35    
  -0.47     -0.41     -0.78      0.85      0.02     -0.52      0.23     -0.91      0.34    
   0.46     -0.31     -0.83      0.2       0.95     -0.24      0.87     -0.056     0.5     
  -0.34     -0.13     -0.93      0.94     -0.0096   -0.34      0.035    -0.99      0.13    
   0.15     -0.26     -0.95      0.1       0.96     -0.25      0.98     -0.057     0.17    
  -0.089    -0.055    -0.99      0.11      0.99     -0.064     0.99     -0.12     -0.082   
   0.13     -0.26     -0.96      0.16      0.96     -0.24      0.98     -0.13      0.17    
   0.48     -0.76      0.43     -0.091    -0.54     -0.84      0.87      0.37     -0.33    
   0.47     -0.37     -0.8       0.86     -0.011     0.51     -0.2      -0.93      0.31    
   0.42      0.3      -0.86     -0.21      0.95      0.23      0.88      0.087     0.46    
   0.34     -0.12     -0.93      0.94      0.089     0.33      0.044    -0.99      0.14    
   0.16      0.25     -0.95     -0.13      0.96      0.23      0.98      0.088     0.18    
  -0.082     0.045    -1        -0.15      0.99      0.057     0.99      0.15     -0.075   
   0.14      0.25     -0.96     -0.2       0.96      0.22      0.97      0.16      0.18    
  -0.0017    0.53     -0.85      1         0.0022   -0.00065   0.0015   -0.85     -0.53    
  -0.43     -0.0033   -0.9      -0.0046    1        -0.0015    0.9       0.0035   -0.43    

SITE_XPOS
   0.23     -0.00049   0.29    
   0.31     -0.0003    0.35    
   0.1       0.12      0.16    
   0.1       0.12      0.16    
   0.1      -0.12      0.16    
   0.1      -0.12      0.16    

SITE_XMAT
  -0.43     -0.00059  -0.9       0.0018    1        -0.0015    0.9      -0.0023   -0.43    
  -0.43     -0.00059  -0.9       0.0018    1        -0.0015    0.9      -0.0023   -0.43    
   0.46     -0.013     0.89      0.0049    1         0.012    -0.89     -0.0012    0.46    
   0.46     -0.013     0.89      0.0049    1         0.012    -0.89     -0.0012    0.46    
   0.46      0.011     0.89     -0.0043    1        -0.01     -0.89      0.0009    0.46    
   0.46      0.011     0.89     -0.0043    1        -0.01     -0.89      0.0009    0.46    

LIGHT_XPOS
   0        -1         2       
   0         0         10      

LIGHT_XDIR
   0.095     0.48     -0.87    
   0         0        -1       

SUBTREE_COM
   0.2      -0.00093   0.17    
   0.2      -0.00093   0.17    
   0.33      0.12      0.18    
   0.34      0.12      0.15    
   0.34      0.12      0.13    
   0.31      0.12      0.11    
   0.094     0.12      0.14    
   0.091     0.12      0.14    
   0.1       0.12      0.16    
   0.33     -0.12      0.18    
   0.34     -0.12      0.14    
   0.34     -0.12      0.13    
   0.31     -0.12      0.11    
   0.093    -0.12      0.14    
   0.09     -0.12      0.14    
   0.1      -0.12      0.16    
   0.054    -0.0018    0.14    
   0.12      0.24      0.084   
   0.16      0.26      0.069   
   0.19      0.27      0.058   
   0.24      0.29      0.046   
   0.37      0.33      0.046   
   0.28      0.3       0.041   
   0.12     -0.24      0.085   
   0.16     -0.26      0.071   
   0.19     -0.27      0.061   
   0.24     -0.28      0.048   
   0.37     -0.32      0.046   
   0.29     -0.3       0.043   
  -0.19     -0.00075   0.093   

CDOF
   0         0         0         1         0         0       
   0         0         0         0         1         0       
   0         0         0         0         0         1       
  -0.43      0.0018    0.9       0.00018  -0.082     0.00025 
  -0.00059   1        -0.0023   -0.12      1.1e-05   0.035   
  -0.9      -0.0015   -0.43     -7.7e-06  -0.092     0.00034 
   0.23      0.97      0.11     -0.14      0.028     0.063   
   0.8      -0.25      0.54      0.11      0.079    -0.13    
  -0.56     -0.0039    0.83      0.1      -0.19      0.067   
   0.0047    1         0.0079    0.11     -0.0026    0.27    
   0.0047    1         0.0079    0.01      0.0006   -0.082   
   0.46      0.0049   -0.89     -0.11     -0.092    -0.057   
  -0.23      0.97     -0.11     -0.14     -0.028     0.063   
   0.8       0.26      0.54     -0.11      0.079     0.12    
  -0.56      0.0037    0.83     -0.099    -0.19     -0.066   
  -0.002     1        -0.0058    0.11      0.0018    0.27    
  -0.002     1        -0.0058    0.0098   -0.00046  -0.082   
   0.46     -0.0043   -0.89      0.11     -0.092     0.056   
  -0.9      -0.0015   -0.43     -5.4e-07  -0.1       0.00037 
  -0.062     1        -0.02      0.018    -0.0033   -0.22    
   0.5       0.048     0.87      0.17      0.16     -0.11    
  -0.83     -0.26      0.49      0.094     0.13      0.23    
  -0.32      0.95     -0.044     0.1       0.036     0.019   
  -0.94     -0.33     -0.041    -0.056     0.13      0.26    
   0.052     1         0.033     0.018     0.0064   -0.22    
   0.46     -0.054     0.89     -0.17      0.17      0.1     
  -0.85      0.24      0.46     -0.087     0.13     -0.23    
   0.31      0.95      0.079     0.09     -0.032     0.022   
  -0.95      0.32     -0.025     0.049     0.13     -0.26    
  -0.9      -0.0015   -0.43     -8.5e-05  -0.086     0.00049 

CINERT
   0         0         0         0         0         0         0         0         0         0       
   0.095     0.11      0.029    -0.0001   -0.032    -0.00027   0.2       0.002     0.58      4.1     
   0.074     0.068     0.044    -0.021    -0.029    -0.034     0.17      0.2       0.28      1.7     
   0.023     0.028     0.024    -0.011    -0.013    -0.011     0.092     0.077     0.089     0.63    
   0.04      0.096     0.12     -0.047    -0.0019   -0.0053    0.38      0.23      0.041     1.9     
   0.096     0.18      0.22     -0.081     0.054     0.04      0.66      0.53     -0.32      4.3     
   0.0018    0.0009    0.0026    0.0012   -0.00013   0.00019  -0.01      0.014    -0.0015    0.12    
   0.014     0.012     0.02      0.0095   -0.002     0.0035   -0.077     0.088    -0.028     0.72    
   1.5e-05   9.2e-06   2.4e-05   1.2e-05  -1.5e-06   2e-06    -9.5e-05   0.00012  -1.6e-05   0.001   
   0.074     0.068     0.044     0.02     -0.029     0.034     0.17     -0.2       0.28      1.7     
   0.023     0.028     0.024     0.011    -0.013     0.011     0.093    -0.076     0.09      0.64    
   0.039     0.096     0.12      0.047    -0.001     0.0047    0.38     -0.22      0.035     1.8     
   0.094     0.18      0.22      0.08      0.054    -0.04      0.66     -0.53     -0.32      4.3     
   0.0017    0.00092   0.0026   -0.0012   -0.00013  -0.00018  -0.01     -0.014    -0.0015    0.12    
   0.014     0.012     0.02     -0.0094   -0.002    -0.0034   -0.078    -0.086    -0.028     0.72    
   1.5e-05   9.4e-06   2.4e-05  -1.2e-05  -1.5e-06  -1.9e-06  -9.5e-05  -0.00012  -1.6e-05   0.001   
   0.061     0.38      0.39     -0.005     0.017     0.00015  -1.7      -0.03      0.13      9       
   0.034     0.046     0.077     0.038    -0.0076    0.0064   -0.2       0.17     -0.035     0.93    
   0.024     0.021     0.041     0.02     -0.0045    0.005    -0.096     0.11     -0.024     0.51    
   0.06      0.021     0.065     0.025    -0.0094    0.02     -0.11      0.22     -0.083     0.91    
   0.13      0.029     0.11      0.00096   0.00026   0.049    -0.0064    0.38     -0.18      1.4     
   0.059     0.023     0.066    -0.026     0.01      0.02      0.079     0.15     -0.06      0.47    
   0.00011   2.4e-05   9.9e-05  -2.4e-05   1.1e-05   4.1e-05   8e-05     0.0003   -0.00013   0.001   
   0.034     0.045     0.076    -0.037    -0.0078   -0.0067   -0.2      -0.17     -0.037     0.93    
   0.024     0.02      0.04     -0.02     -0.0045   -0.005    -0.094    -0.11     -0.025     0.51    
   0.059     0.02      0.063    -0.024    -0.0087   -0.019    -0.1      -0.21     -0.082     0.91    
   0.12      0.028     0.11      0.0015    0.0015   -0.047     0.0029   -0.37     -0.17      1.4     
   0.057     0.024     0.065     0.027     0.011    -0.019     0.082    -0.15     -0.06      0.47    
   0.00011   2.5e-05   9.7e-05   2.6e-05   1.2e-05  -3.9e-05   8.7e-05  -0.0003   -0.00013   0.001   
   0.0087    0.14      0.13      5e-05    -0.027     2e-05    -0.33      0.00015  -0.069     0.85    

ACTUATOR_LENGTH
   1.4     
  -0.22    
   0.25    
   2.4     
  -0.68    
  -0.02    
   1.4     
   0.22    
  -0.26    
   2.4     
  -0.68    
   0.015   
  -0.0099  
   0.96    
   0.22    
   0.16    
  -0.34    
   0.069   
   0.92    
  -0.22    
  -0.16    
  -0.29    
  -0.069   
   0.0035  

ACTUATOR_MOMENT
   0         0         0         0         0         0         1         0         0         0         0         0         0         0         0         0         0         0         0         0         0         0         0         0         0         0         0         0         0         0       
   0         0         0         0         0         0         0         1         0         0         0         0         0         0         0         0         0         0         0         0         0         0         0         0         0         0         0         0         0         0       
   0         0         0         0         0         0         0         0         1         0         0         0         0         0         0         0         0         0         0         0         0         0         0         0         0         0         0         0         0         0       
   0         0         0         0         0         0         0         0         0         1         0         0         0         0         0         0         0         0         0         0         0         0         0         0         0         0         0         0         0         0       
   0         0         0         0         0         0         0         0         0         0         1         0         0         0         0         0         0         0         0         0         0         0         0         0         0         0         0         0         0         0       
   0         0         0         0         0         0         0         0         0         0         0         1         0         0         0         0         0         0         0         0         0         0         0         0         0         0         0         0         0         0       
   0         0         0         0         0         0         0         0         0         0         0         0         1         0         0         0         0         0         0         0         0         0         0         0         0         0         0         0         0         0       
   0         0         0         0         0         0         0         0         0         0         0         0         0         1         0         0         0         0         0         0         0         0         0         0         0         0         0         0         0         0       
   0         0         0         0         0         0         0         0         0         0         0         0         0         0         1         0         0         0         0         0         0         0         0         0         0         0         0         0         0         0       
   0         0         0         0         0         0         0         0         0         0         0         0         0         0         0         1         0         0         0         0         0         0         0         0         0         0         0         0         0         0       
   0         0         0         0         0         0         0         0         0         0         0         0         0         0         0         0         1         0         0         0         0         0         0         0         0         0         0         0         0         0       
   0         0         0         0         0         0         0         0         0         0         0         0         0         0         0         0         0         1         0         0         0         0         0         0         0         0         0         0         0         0       
   0         0         0         0         0         0         0         0         0         0         0         0         0         0         0         0         0         0         1         0         0         0         0         0         0         0         0         0         0         0       
   0         0         0         0         0         0         0         0         0         0         0         0         0         0         0         0         0         0         0         1         0         0         0         0         0         0         0         0         0         0       
   0         0         0         0         0         0         0         0         0         0         0         0         0         0         0         0         0         0         0         0         1         0         0         0         0         0         0         0         0         0       
   0         0         0         0         0         0         0         0         0         0         0         0         0         0         0         0         0         0         0         0         0         1         0         0         0         0         0         0         0         0       
   0         0         0         0         0         0         0         0         0         0         0         0         0         0         0         0         0         0         0         0         0         0         1         0         0         0         0         0         0         0       
   0         0         0         0         0         0         0         0         0         0         0         0         0         0         0         0         0         0         0         0         0         0         0         1         0         0         0         0         0         0       
   0         0         0         0         0         0         0         0         0         0         0         0         0         0         0         0         0         0         0         0         0         0         0         0         1         0         0         0         0         0       
   0         0         0         0         0         0         0         0         0         0         0         0         0         0         0         0         0         0         0         0         0         0         0         0         0         1         0         0         0         0       
   0         0         0         0         0         0         0         0         0         0         0         0         0         0         0         0         0         0         0         0         0         0         0         0         0         0         1         0         0         0       
   0         0         0         0         0         0         0         0         0         0         0         0         0         0         0         0         0         0         0         0         0         0         0         0         0         0         0         1         0         0       
   0         0         0         0         0         0         0         0         0         0         0         0         0         0         0         0         0         0         0         0         0         0         0         0         0         0         0         0         1         0       
   0         0         0         0         0         0         0         0         0         0         0         0         0         0         0         0         0         0         0         0         0         0         0         0         0         0         0         0         0         1       

CRB
   0         0         0         0         0         0         0         0         0         0       
   1.3       1.7       2.1      -0.00085  -0.045     0.002    -4.4e-16  -4.4e-16  -3.6e-16   41      
   0.25      0.39      0.43     -0.15      0.008    -0.0064    1.2       1.1       0.06      9.3     
   0.17      0.32      0.38     -0.13      0.037     0.028     1         0.94     -0.22      7.6     
   0.15      0.29      0.36     -0.12      0.05      0.038     0.96      0.86     -0.31      7       
   0.11      0.19      0.24     -0.071     0.052     0.044     0.57      0.64     -0.35      5.1     
   0.016     0.013     0.023     0.011    -0.0021    0.0037   -0.088     0.1      -0.03      0.83    
   0.014     0.012     0.02      0.0095   -0.002     0.0035   -0.078     0.088    -0.028     0.72    
   1.5e-05   9.2e-06   2.4e-05   1.2e-05  -1.5e-06   2e-06    -9.5e-05   0.00012  -1.6e-05   0.001   
   0.25      0.38      0.42      0.15      0.0084    0.006     1.2      -1.1       0.056     9.3     
   0.17      0.32      0.38      0.13      0.038    -0.028     1        -0.93     -0.23      7.6     
   0.15      0.29      0.36      0.12      0.051    -0.038     0.95     -0.85     -0.32      7       
   0.11      0.19      0.24      0.069     0.052    -0.043     0.57     -0.63     -0.35      5.1     
   0.016     0.013     0.023    -0.011    -0.0021   -0.0036   -0.088    -0.1      -0.03      0.83    
   0.014     0.012     0.02     -0.0094   -0.002    -0.0034   -0.078    -0.087    -0.028     0.72    
   1.5e-05   9.4e-06   2.4e-05  -1.2e-05  -1.5e-06  -1.9e-06  -9.5e-05  -0.00012  -1.6e-05   0.001   
   0.67      0.79      1.2       0.00067  -0.03      0.0027   -2.6      -0.016    -0.69      18      
   0.3       0.14      0.36      0.057    -0.011     0.1      -0.33      1        -0.38      4.2     
   0.27      0.094     0.28      0.02     -0.0035    0.093    -0.13      0.85     -0.35      3.3     
   0.25      0.073     0.24     -0.0003    0.001     0.088    -0.033     0.75     -0.32      2.8     
   0.19      0.052     0.17     -0.025     0.01      0.069     0.073     0.53     -0.24      1.8     
   0.059     0.023     0.066    -0.026     0.01      0.02      0.079     0.15     -0.06      0.47    
   0.00011   2.4e-05   9.9e-05  -2.4e-05   1.1e-05   4.1e-05   8e-05     0.0003   -0.00013   0.001   
   0.3       0.14      0.35     -0.052    -0.009    -0.097    -0.31     -1        -0.38      4.2     
   0.26      0.092     0.27     -0.015    -0.0012   -0.091    -0.11     -0.84     -0.34      3.3     
   0.24      0.072     0.23      0.0047    0.0033   -0.086    -0.015    -0.74     -0.32      2.8     
   0.18      0.052     0.17      0.028     0.012    -0.066     0.085    -0.52     -0.23      1.9     
   0.057     0.024     0.065     0.027     0.011    -0.019     0.082    -0.15     -0.06      0.47    
   0.00011   2.5e-05   9.7e-05   2.6e-05   1.2e-05  -3.9e-05   8.7e-05  -0.0003   -0.00013   0.001   
   0.0087    0.14      0.13      5e-05    -0.027     2e-05    -0.33      0.00015  -0.069     0.85    

QM
   41        0         0         0.0074   -4.8      -0.00032  -1.4       0.38     -0.012     0.21     -0.022    -0.00021  -1.4      -0.39      0.014     0.21     -0.022     0.00019  -0.0059   -0.28     -0.2      -0.025    -0.012    -0.00026  -0.27      0.19      0.021    -0.013     0.00025   9.8e-05 
   0         41        0        -3.4       0.00047  -3.8       0.38      1.3      -0.69     -0.0073   -5.1e-05   0.016    -0.38      1.3      -0.69      0.0051    7.1e-05   0.016    -1.4      -0.031     0.6       0.083    -0.014     0.00043   0.036     0.61      0.074     0.021     0.00054   0.003   
   0         0         41        0.01      1.4       0.014    -0.33      0.064    -0.012     0.8       0.02     -1.9e-05  -0.32     -0.065     0.012     0.8       0.02      1.9e-05   0.018    -0.65      0.079     0.0015   -0.2       0.0025   -0.66     -0.063     0.0006   -0.2      -0.0025   -0.00022 
   0.0074   -3.4       0.01      2.3       0.0006    0.0072    0.19      0.041     0.079    -0.065     0.0015   -0.0037   -0.19      0.039     0.079     0.065    -0.0014   -0.0037    0.2       0.15     -0.019     0.0065    0.031    -0.00014  -0.15     -0.015     0.0064   -0.03     -0.00012  -0.0019  
  -4.8       0.00047   1.4       0.0006    2.3       0.00051   0.4      -0.11      0.002     0.0051    0.009     6.9e-06   0.41      0.11     -0.0023    0.0054    0.009     7.8e-06   0.00022   0.065     0.048     0.0051    0.022    -0.0005    0.064    -0.047    -0.0045    0.024     0.00052  -0.00011 
  -0.00032  -3.8       0.014     0.0072    0.00051   1.7      -0.12     -0.3       0.1      -0.078    -0.0034   -0.0012    0.12     -0.3       0.1       0.078     0.0033   -0.0012    0.83      0.14     -0.18     -0.025     0.06     -0.00066  -0.14     -0.17     -0.021    -0.061    -0.00068   0.0031  
  -1.4       0.38     -0.33      0.19      0.4      -0.12      0.5      -0.029    -0.027     0.043     0.011     0.00038   0         0         0         0         0         0         0         0         0         0         0         0         0         0         0         0         0         0       
   0.38      1.3       0.064     0.041    -0.11     -0.3      -0.029     0.39     -0.087    -0.013    -0.0029    0.00061   0         0         0         0         0         0         0         0         0         0         0         0         0         0         0         0         0         0       
  -0.012    -0.69     -0.012     0.079     0.002     0.1      -0.027    -0.087     0.19     -0.0013    3.1e-05  -0.0053    0         0         0         0         0         0         0         0         0         0         0         0         0         0         0         0         0         0       
   0.21     -0.0073    0.8      -0.065     0.0051   -0.078     0.043    -0.013    -0.0013    0.29      0.0086   -0.00011   0         0         0         0         0         0         0         0         0         0         0         0         0         0         0         0         0         0       
  -0.022    -5.1e-05   0.02      0.0015    0.009    -0.0034    0.011    -0.0029    3.1e-05   0.0086    0.043    -2.7e-05   0         0         0         0         0         0         0         0         0         0         0         0         0         0         0         0         0         0       
  -0.00021   0.016    -1.9e-05  -0.0037    6.9e-06  -0.0012    0.00038   0.00061  -0.0053   -0.00011  -2.7e-05   0.04      0         0         0         0         0         0         0         0         0         0         0         0         0         0         0         0         0         0       
  -1.4      -0.38     -0.32     -0.19      0.41      0.12      0         0         0         0         0         0         0.5       0.03      0.027     0.043     0.011    -0.00036   0         0         0         0         0         0         0         0         0         0         0         0       
  -0.39      1.3      -0.065     0.039     0.11     -0.3       0         0         0         0         0         0         0.03      0.39     -0.088     0.013     0.003     0.00063   0         0         0         0         0         0         0         0         0         0         0         0       
   0.014    -0.69      0.012     0.079    -0.0023    0.1       0         0         0         0         0         0         0.027    -0.088     0.19      0.0013   -3.2e-05  -0.0053    0         0         0         0         0         0         0         0         0         0         0         0       
   0.21      0.0051    0.8       0.065     0.0054    0.078     0         0         0         0         0         0         0.043     0.013     0.0013    0.28      0.0086    9e-05     0         0         0         0         0         0         0         0         0         0         0         0       
  -0.022     7.1e-05   0.02     -0.0014    0.009     0.0033    0         0         0         0         0         0         0.011     0.003    -3.2e-05   0.0086    0.043     2.9e-05   0         0         0         0         0         0         0         0         0         0         0         0       
   0.00019   0.016     1.9e-05  -0.0037    7.8e-06  -0.0012    0         0         0         0         0         0        -0.00036   0.00063  -0.0053    9e-05     2.9e-05   0.04      0         0         0         0         0         0         0         0         0         0         0         0       
  -0.0059   -1.4       0.018     0.2       0.00022   0.83      0         0         0         0         0         0         0         0         0         0         0         0         0.88      0.14     -0.18     -0.026     0.06     -0.00067  -0.14     -0.18     -0.022    -0.061    -0.00068   0.0031  
  -0.28     -0.031    -0.65      0.15      0.065     0.14      0         0         0         0         0         0         0         0         0         0         0         0         0.14      0.24     -0.0084    8.2e-05   0.077    -0.0012    0         0         0         0         0         0       
  -0.2       0.6       0.079    -0.019     0.048    -0.18      0         0         0         0         0         0         0         0         0         0         0         0        -0.18     -0.0084    0.21      0.031    -0.012     0.00017   0         0         0         0         0         0       
  -0.025     0.083     0.0015    0.0065    0.0051   -0.025     0         0         0         0         0         0         0         0         0         0         0         0        -0.026     8.2e-05   0.031     0.049    -0.0016    0.00035   0         0         0         0         0         0       
  -0.012    -0.014    -0.2       0.031     0.022     0.06      0         0         0         0         0         0         0         0         0         0         0         0         0.06      0.077    -0.012    -0.0016    0.081    -0.00076   0         0         0         0         0         0       
  -0.00026   0.00043   0.0025   -0.00014  -0.0005   -0.00066   0         0         0         0         0         0         0         0         0         0         0         0        -0.00067  -0.0012    0.00017   0.00035  -0.00076   0.04      0         0         0         0         0         0       
  -0.27      0.036    -0.66     -0.15      0.064    -0.14      0         0         0         0         0         0         0         0         0         0         0         0        -0.14      0         0         0         0         0         0.24      0.0074   -0.00022   0.077     0.0012    0       
   0.19      0.61     -0.063    -0.015    -0.047    -0.17      0         0         0         0         0         0         0         0         0         0         0         0        -0.18      0         0         0         0         0         0.0074    0.22      0.028     0.013     0.00021   0       
   0.021     0.074     0.0006    0.0064   -0.0045   -0.021     0         0         0         0         0         0         0         0         0         0         0         0        -0.022     0         0         0         0         0        -0.00022   0.028     0.047     0.0016    0.00035   0       
  -0.013     0.021    -0.2      -0.03      0.024    -0.061     0         0         0         0         0         0         0         0         0         0         0         0        -0.061     0         0         0         0         0         0.077     0.013     0.0016    0.081     0.00076   0       
   0.00025   0.00054  -0.0025   -0.00012   0.00052  -0.00068   0         0         0         0         0         0         0         0         0         0         0         0        -0.00068   0         0         0         0         0         0.0012    0.00021   0.00035   0.00076   0.04      0       
   9.8e-05   0.003    -0.00022  -0.0019   -0.00011   0.0031    0         0         0         0         0         0         0         0         0         0         0         0         0.0031    0         0         0         0         0         0         0         0         0         0         0.042   

QLD
   28        0.0032   -0.066     0.015    -1.4       0.0073   -2.9       1.1      -0.06      0.75     -0.51     -0.0052   -2.9      -1.1       0.065     0.75     -0.51      0.0046   -0.025    -1.6      -0.95     -0.52     -0.15     -0.0065   -1.5       0.92      0.46     -0.16      0.0062    0.0023  
   0.0032    19        0.0019   -2         0.00077   0.0022    0.82      3        -3.6      -0.026    -0.00094   0.4      -0.83      3        -3.5       0.018     0.0014    0.4      -0.88     -0.15      2.8       1.7      -0.17      0.011     0.17      2.8       1.6       0.26      0.014     0.072   
  -0.066     0.0019    28        0.015     1.6      -0.0058   -0.9       0.28     -0.042     2.8       0.46     -0.00048  -0.89     -0.28      0.045     2.8       0.45      0.00048   0.037    -2.7       0.27     -0.049    -2.5       0.064    -2.8      -0.17      0.099    -2.5      -0.063    -0.0052  
   0.015    -2         0.015     1.7      -0.00098  -0.23      0.45      0.21      0.41     -0.23      0.034    -0.092    -0.45      0.21      0.41      0.23     -0.033    -0.092     0.013     0.72     -0.1       0.15      0.38     -0.0036   -0.69     -0.075     0.15     -0.37     -0.0031   -0.045   
  -1.4       0.00077   1.6      -0.00098   1.5       0.0018    0.8      -0.3       0.01      0.012     0.21      0.00017   0.8       0.3      -0.012     0.013     0.21      0.00019   0.0075    0.25      0.25      0.11      0.28     -0.013     0.24     -0.24     -0.11      0.29      0.013    -0.0025  
   0.0073    0.0022   -0.0058   -0.23      0.0018    0.36     -0.26     -0.73      0.52     -0.27     -0.078    -0.029     0.26     -0.73      0.52      0.27      0.076    -0.029     0.9       0.51     -0.8      -0.49      0.74     -0.017    -0.53     -0.77     -0.43     -0.75     -0.017     0.074   
  -2.9       0.82     -0.9       0.45      0.8      -0.26      0.49     -0.11     -0.14      0.14      0.25      0.0095    0         0         0         0         0         0         0         0         0         0         0         0         0         0         0         0         0         0       
   1.1       3         0.28      0.21     -0.3      -0.73     -0.11      0.35     -0.45     -0.044    -0.067     0.015     0         0         0         0         0         0         0         0         0         0         0         0         0         0         0         0         0         0       
  -0.06     -3.6      -0.042     0.41      0.01      0.52     -0.14     -0.45      0.19     -0.0045    0.00064  -0.13      0         0         0         0         0         0         0         0         0         0         0         0         0         0         0         0         0         0       
   0.75     -0.026     2.8      -0.23      0.012    -0.27      0.14     -0.044    -0.0045    0.28      0.2      -0.0026    0         0         0         0         0         0         0         0         0         0         0         0         0         0         0         0         0         0       
  -0.51     -0.00094   0.46      0.034     0.21     -0.078     0.25     -0.067     0.00064   0.2       0.043    -0.00068   0         0         0         0         0         0         0         0         0         0         0         0         0         0         0         0         0         0       
  -0.0052    0.4      -0.00048  -0.092     0.00017  -0.029     0.0095    0.015    -0.13     -0.0026   -0.00068   0.04      0         0         0         0         0         0         0         0         0         0         0         0         0         0         0         0         0         0       
  -2.9      -0.83     -0.89     -0.45      0.8       0.26      0         0         0         0         0         0         0.49      0.11      0.14      0.14      0.25     -0.0091    0         0         0         0         0         0         0         0         0         0         0         0       
  -1.1       3        -0.28      0.21      0.3      -0.73      0         0         0         0         0         0         0.11      0.35     -0.45      0.045     0.069     0.016     0         0         0         0         0         0         0         0         0         0         0         0       
   0.065    -3.5       0.045     0.41     -0.012     0.52      0         0         0         0         0         0         0.14     -0.45      0.19      0.0046   -0.00066  -0.13      0         0         0         0         0         0         0         0         0         0         0         0       
   0.75      0.018     2.8       0.23      0.013     0.27      0         0         0         0         0         0         0.14      0.045     0.0046    0.28      0.2       0.0022    0         0         0         0         0         0         0         0         0         0         0         0       
  -0.51      0.0014    0.45     -0.033     0.21      0.076     0         0         0         0         0         0         0.25      0.069    -0.00066   0.2       0.043     0.00072   0         0         0         0         0         0         0         0         0         0         0         0       
   0.0046    0.4       0.00048  -0.092     0.00019  -0.029     0         0         0         0         0         0        -0.0091    0.016    -0.13      0.0022    0.00072   0.04      0         0         0         0         0         0         0         0         0         0         0         0       
  -0.025    -0.88      0.037     0.013     0.0075    0.9       0         0         0         0         0         0         0         0         0         0         0         0         0.42      0.51     -0.83     -0.51      0.74     -0.017    -0.53     -0.8      -0.45     -0.75     -0.017     0.073   
  -1.6      -0.15     -2.7       0.72      0.25      0.51      0         0         0         0         0         0         0         0         0         0         0         0         0.51      0.17      0.0099    0.032     0.94     -0.031     0         0         0         0         0         0       
  -0.95      2.8       0.27     -0.1       0.25     -0.8       0         0         0         0         0         0         0         0         0         0         0         0        -0.83      0.0099    0.19      0.63     -0.15      0.0044    0         0         0         0         0         0       
  -0.52      1.7      -0.049     0.15      0.11     -0.49      0         0         0         0         0         0         0         0         0         0         0         0        -0.51      0.032     0.63      0.049    -0.019     0.0088    0         0         0         0         0         0       
  -0.15     -0.17     -2.5       0.38      0.28      0.74      0         0         0         0         0         0         0         0         0         0         0         0         0.74      0.94     -0.15     -0.019     0.081    -0.019     0         0         0         0         0         0       
  -0.0065    0.011     0.064    -0.0036   -0.013    -0.017     0         0         0         0         0         0         0         0         0         0         0         0        -0.017    -0.031     0.0044    0.0088   -0.019     0.04      0         0         0         0         0         0       
  -1.5       0.17     -2.8      -0.69      0.24     -0.53      0         0         0         0         0         0         0         0         0         0         0         0        -0.53      0         0         0         0         0         0.17     -0.019    -0.037     0.95      0.031     0       
   0.92      2.8      -0.17     -0.075    -0.24     -0.77      0         0         0         0         0         0         0         0         0         0         0         0        -0.8       0         0         0         0         0        -0.019     0.2       0.59      0.16      0.0052    0       
   0.46      1.6       0.099     0.15     -0.11     -0.43      0         0         0         0         0         0         0         0         0         0         0         0        -0.45      0         0         0         0         0        -0.037     0.59      0.047     0.02      0.0089    0       
  -0.16      0.26     -2.5      -0.37      0.29     -0.75      0         0         0         0         0         0         0         0         0         0         0         0        -0.75      0         0         0         0         0         0.95      0.16      0.02      0.081     0.019     0       
   0.0062    0.014    -0.063    -0.0031    0.013    -0.017     0         0         0         0         0         0         0         0         0         0         0         0        -0.017     0         0         0         0         0         0.031     0.0052    0.0089    0.019     0.04      0       
   0.0023    0.072    -0.0052   -0.045    -0.0025    0.074     0         0         0         0         0         0         0         0         0         0         0         0         0.073     0         0         0         0         0         0         0         0         0         0         0.042   

QLDIAGINV
   0.036   
   0.054   
   0.036   
   0.58    
   0.65    
   2.8     
   2.1     
   2.9     
   5.2     
   3.5     
   23      
   25      
   2.1     
   2.9     
   5.2     
   3.5     
   23      
   25      
   2.4     
   5.9     
   5.2     
   20      
   12      
   25      
   5.9     
   5.1     
   21      
   12      
   25      
   24      

QLDIAGSQRTINV
   0.19    
   0.23    
   0.19    
   0.76    
   0.81    
   1.7     
   1.4     
   1.7     
   2.3     
   1.9     
   4.8     
   5       
   1.4     
   1.7     
   2.3     
   1.9     
   4.8     
   5       
   1.5     
   2.4     
   2.3     
   4.5     
   3.5     
   5       
   2.4     
   2.3     
   4.6     
   3.5     
   5       
   4.9     

D_rownnz              30 30 30 30 30 30 12 12 12 12 12 12 12 12 12 12 12 12 18 12 12 12 12 12 12 12 12 12 12 8

D_rowadr              0 30 60 90 120 150 180 192 204 216 228 240 252 264 276 288 300 312 324 342 354 366 378 390 402 414 426 438 450 462

D_colind              0 1 2 3 4 5 6 7 8 9 10 11 12 13 14 15 16 17 18 19 20 21 22 23 24 25 26 27 28 29 0 1 2 3 4 5 6 7 8 9 10 11 12 13 14 15 16 17 18 19 20 21 22 23 24 25 26 27 28 29 0 1 2 3 4 5 6 7 8 9 10 11 12 13 14 15 16 17 18 19 20 21 22 23 24 25 26 27 28 29 0 1 2 3 4 5 6 7 8 9 10 11 12 13 14 15 16 17 18 19 20 21 22 23 24 25 26 27 28 29 0 1 2 3 4 5 6 7 8 9 10 11 12 13 14 15 16 17 18 19 20 21 22 23 24 25 26 27 28 29 0 1 2 3 4 5 6 7 8 9 10 11 12 13 14 15 16 17 18 19 20 21 22 23 24 25 26 27 28 29 0 1 2 3 4 5 6 7 8 9 10 11 0 1 2 3 4 5 6 7 8 9 10 11 0 1 2 3 4 5 6 7 8 9 10 11 0 1 2 3 4 5 6 7 8 9 10 11 0 1 2 3 4 5 6 7 8 9 10 11 0 1 2 3 4 5 6 7 8 9 10 11 0 1 2 3 4 5 12 13 14 15 16 17 0 1 2 3 4 5 12 13 14 15 16 17 0 1 2 3 4 5 12 13 14 15 16 17 0 1 2 3 4 5 12 13 14 15 16 17 0 1 2 3 4 5 12 13 14 15 16 17 0 1 2 3 4 5 12 13 14 15 16 17 0 1 2 3 4 5 18 19 20 21 22 23 24 25 26 27 28 29 0 1 2 3 4 5 18 19 20 21 22 23 0 1 2 3 4 5 18 19 20 21 22 23 0 1 2 3 4 5 18 19 20 21 22 23 0 1 2 3 4 5 18 19 20 21 22 23 0 1 2 3 4 5 18 19 20 21 22 23 0 1 2 3 4 5 18 24 25 26 27 28 0 1 2 3 4 5 18 24 25 26 27 28 0 1 2 3 4 5 18 24 25 26 27 28 0 1 2 3 4 5 18 24 25 26 27 28 0 1 2 3 4 5 18 24 25 26 27 28 0 1 2 3 4 5 18 29

B_rownnz              30 30 12 12 12 12 12 12 12 12 12 12 12 12 12 12 18 12 12 12 12 12 12 12 12 12 12 12 12 8

B_rowadr              0 30 60 72 84 96 108 120 132 144 156 168 180 192 204 216 228 246 258 270 282 294 306 318 330 342 354 366 378 390

B_colind              0 1 2 3 4 5 6 7 8 9 10 11 12 13 14 15 16 17 18 19 20 21 22 23 24 25 26 27 28 29 0 1 2 3 4 5 6 7 8 9 10 11 12 13 14 15 16 17 18 19 20 21 22 23 24 25 26 27 28 29 0 1 2 3 4 5 6 7 8 9 10 11 0 1 2 3 4 5 6 7 8 9 10 11 0 1 2 3 4 5 6 7 8 9 10 11 0 1 2 3 4 5 6 7 8 9 10 11 0 1 2 3 4 5 6 7 8 9 10 11 0 1 2 3 4 5 6 7 8 9 10 11 0 1 2 3 4 5 6 7 8 9 10 11 0 1 2 3 4 5 12 13 14 15 16 17 0 1 2 3 4 5 12 13 14 15 16 17 0 1 2 3 4 5 12 13 14 15 16 17 0 1 2 3 4 5 12 13 14 15 16 17 0 1 2 3 4 5 12 13 14 15 16 17 0 1 2 3 4 5 12 13 14 15 16 17 0 1 2 3 4 5 12 13 14 15 16 17 0 1 2 3 4 5 18 19 20 21 22 23 24 25 26 27 28 29 0 1 2 3 4 5 18 19 20 21 22 23 0 1 2 3 4 5 18 19 20 21 22 23 0 1 2 3 4 5 18 19 20 21 22 23 0 1 2 3 4 5 18 19 20 21 22 23 0 1 2 3 4 5 18 19 20 21 22 23 0 1 2 3 4 5 18 19 20 21 22 23 0 1 2 3 4 5 18 24 25 26 27 28 0 1 2 3 4 5 18 24 25 26 27 28 0 1 2 3 4 5 18 24 25 26 27 28 0 1 2 3 4 5 18 24 25 26 27 28 0 1 2 3 4 5 18 24 25 26 27 28 0 1 2 3 4 5 18 24 25 26 27 28 0 1 2 3 4 5 18 29

QDERIV
   0         0         0         0         0         0         0         0         0         0         0         0         0         0         0         0         0         0         0         0         0         0         0         0         0         0         0         0         0         0       
   0         0         0         0         0         0         0         0         0         0         0         0         0         0         0         0         0         0         0         0         0         0         0         0         0         0         0         0         0         0       
   0         0         0         0         0         0         0         0         0         0         0         0         0         0         0         0         0         0         0         0         0         0         0         0         0         0         0         0         0         0       
   0         0         0         0         0         0         0         0         0         0         0         0         0         0         0         0         0         0         0         0         0         0         0         0         0         0         0         0         0         0       
   0         0         0         0         0         0         0         0         0         0         0         0         0         0         0         0         0         0         0         0         0         0         0         0         0         0         0         0         0         0       
   0         0         0         0         0         0         0         0         0         0         0         0         0         0         0         0         0         0         0         0         0         0         0         0         0         0         0         0         0         0       
   0         0         0         0         0         0         0         0         0         0         0         0         0         0         0         0         0         0         0         0         0         0         0         0         0         0         0         0         0         0       
   0         0         0         0         0         0         0         0         0         0         0         0         0         0         0         0         0         0         0         0         0         0         0         0         0         0         0         0         0         0       
   0         0         0         0         0         0         0         0         0         0         0         0         0         0         0         0         0         0         0         0         0         0         0         0         0         0         0         0         0         0       
   0         0         0         0         0         0         0         0         0         0         0         0         0         0         0         0         0         0         0         0         0         0         0         0         0         0         0         0         0         0       
   0         0         0         0         0         0         0         0         0         0         0         0         0         0         0         0         0         0         0         0         0         0         0         0         0         0         0         0         0         0       
   0         0         0         0         0         0         0         0         0         0         0         0         0         0         0         0         0         0         0         0         0         0         0         0         0         0         0         0         0         0       
   0         0         0         0         0         0         0         0         0         0         0         0         0         0         0         0         0         0         0         0         0         0         0         0         0         0         0         0         0         0       
   0         0         0         0         0         0         0         0         0         0         0         0         0         0         0         0         0         0         0         0         0         0         0         0         0         0         0         0         0         0       
   0         0         0         0         0         0         0         0         0         0         0         0         0         0         0         0         0         0         0         0         0         0         0         0         0         0         0         0         0         0       
   0         0         0         0         0         0         0         0         0         0         0         0         0         0         0         0         0         0         0         0         0         0         0         0         0         0         0         0         0         0       
   0         0         0         0         0         0         0         0         0         0         0         0         0         0         0         0         0         0         0         0         0         0         0         0         0         0         0         0         0         0       
   0         0         0         0         0         0         0         0         0         0         0         0         0         0         0         0         0         0         0         0         0         0         0         0         0         0         0         0         0         0       
   0         0         0         0         0         0         0         0         0         0         0         0         0         0         0         0         0         0         0         0         0         0         0         0         0         0         0         0         0         0       
   0         0         0         0         0         0         0         0         0         0         0         0         0         0         0         0         0         0         0         0         0         0         0         0         0         0         0         0         0         0       
   0         0         0         0         0         0         0         0         0         0         0         0         0         0         0         0         0         0         0         0         0         0         0         0         0         0         0         0         0         0       
   0         0         0         0         0         0         0         0         0         0         0         0         0         0         0         0         0         0         0         0         0         0         0         0         0         0         0         0         0         0       
   0         0         0         0         0         0         0         0         0         0         0         0         0         0         0         0         0         0         0         0         0         0         0         0         0         0         0         0         0         0       
   0         0         0         0         0         0         0         0         0         0         0         0         0         0         0         0         0         0         0         0         0         0         0         0         0         0         0         0         0         0       
   0         0         0         0         0         0         0         0         0         0         0         0         0         0         0         0         0         0         0         0         0         0         0         0         0         0         0         0         0         0       
   0         0         0         0         0         0         0         0         0         0         0         0         0         0         0         0         0         0         0         0         0         0         0         0         0         0         0         0         0         0       
   0         0         0         0         0         0         0         0         0         0         0         0         0         0         0         0         0         0         0         0         0         0         0         0         0         0         0         0         0         0       
   0         0         0         0         0         0         0         0         0         0         0         0         0         0         0         0         0         0         0         0         0         0         0         0         0         0         0         0         0         0       
   0         0         0         0         0         0         0         0         0         0         0         0         0         0         0         0         0         0         0         0         0         0         0         0         0         0         0         0         0         0       
   0         0         0         0         0         0         0         0         0         0         0         0         0         0         0         0         0         0         0         0         0         0         0         0         0         0         0         0         0         0       

QLU
   0         0         0         0         0         0         0         0         0         0         0         0         0         0         0         0         0         0         0         0         0         0         0         0         0         0         0         0         0         0       
   0         0         0         0         0         0         0         0         0         0         0         0         0         0         0         0         0         0         0         0         0         0         0         0         0         0         0         0         0         0       
   0         0         0         0         0         0         0         0         0         0         0         0         0         0         0         0         0         0         0         0         0         0         0         0         0         0         0         0         0         0       
   0         0         0         0         0         0         0         0         0         0         0         0         0         0         0         0         0         0         0         0         0         0         0         0         0         0         0         0         0         0       
   0         0         0         0         0         0         0         0         0         0         0         0         0         0         0         0         0         0         0         0         0         0         0         0         0         0         0         0         0         0       
   0         0         0         0         0         0         0         0         0         0         0         0         0         0         0         0         0         0         0         0         0         0         0         0         0         0         0         0         0         0       
   0         0         0         0         0         0         0         0         0         0         0         0         0         0         0         0         0         0         0         0         0         0         0         0         0         0         0         0         0         0       
   0         0         0         0         0         0         0         0         0         0         0         0         0         0         0         0         0         0         0         0         0         0         0         0         0         0         0         0         0         0       
   0         0         0         0         0         0         0         0         0         0         0         0         0         0         0         0         0         0         0         0         0         0         0         0         0         0         0         0         0         0       
   0         0         0         0         0         0         0         0         0         0         0         0         0         0         0         0         0         0         0         0         0         0         0         0         0         0         0         0         0         0       
   0         0         0         0         0         0         0         0         0         0         0         0         0         0         0         0         0         0         0         0         0         0         0         0         0         0         0         0         0         0       
   0         0         0         0         0         0         0         0         0         0         0         0         0         0         0         0         0         0         0         0         0         0         0         0         0         0         0         0         0         0       
   0         0         0         0         0         0         0         0         0         0         0         0         0         0         0         0         0         0         0         0         0         0         0         0         0         0         0         0         0         0       
   0         0         0         0         0         0         0         0         0         0         0         0         0         0         0         0         0         0         0         0         0         0         0         0         0         0         0         0         0         0       
   0         0         0         0         0         0         0         0         0         0         0         0         0         0         0         0         0         0         0         0         0         0         0         0         0         0         0         0         0         0       
   0         0         0         0         0         0         0         0         0         0         0         0         0         0         0         0         0         0         0         0         0         0         0         0         0         0         0         0         0         0       
   0         0         0         0         0         0         0         0         0         0         0         0         0         0         0         0         0         0         0         0         0         0         0         0         0         0         0         0         0         0       
   0         0         0         0         0         0         0         0         0         0         0         0         0         0         0         0         0         0         0         0         0         0         0         0         0         0         0         0         0         0       
   0         0         0         0         0         0         0         0         0         0         0         0         0         0         0         0         0         0         0         0         0         0         0         0         0         0         0         0         0         0       
   0         0         0         0         0         0         0         0         0         0         0         0         0         0         0         0         0         0         0         0         0         0         0         0         0         0         0         0         0         0       
   0         0         0         0         0         0         0         0         0         0         0         0         0         0         0         0         0         0         0         0         0         0         0         0         0         0         0         0         0         0       
   0         0         0         0         0         0         0         0         0         0         0         0         0         0         0         0         0         0         0         0         0         0         0         0         0         0         0         0         0         0       
   0         0         0         0         0         0         0         0         0         0         0         0         0         0         0         0         0         0         0         0         0         0         0         0         0         0         0         0         0         0       
   0         0         0         0         0         0         0         0         0         0         0         0         0         0         0         0         0         0         0         0         0         0         0         0         0         0         0         0         0         0       
   0         0         0         0         0         0         0         0         0         0         0         0         0         0         0         0         0         0         0         0         0         0         0         0         0         0         0         0         0         0       
   0         0         0         0         0         0         0         0         0         0         0         0         0         0         0         0         0         0         0         0         0         0         0         0         0         0         0         0         0         0       
   0         0         0         0         0         0         0         0         0         0         0         0         0         0         0         0         0         0         0         0         0         0         0         0         0         0         0         0         0         0       
   0         0         0         0         0         0         0         0         0         0         0         0         0         0         0         0         0         0         0         0         0         0         0         0         0         0         0         0         0         0       
   0         0         0         0         0         0         0         0         0         0         0         0         0         0         0         0         0         0         0         0         0         0         0         0         0         0         0         0         0         0       
   0         0         0         0         0         0         0         0         0         0         0         0         0         0         0         0         0         0         0         0         0         0         0         0         0         0         0         0         0         0       

CONTACT
  0:
     dim           3
     geoms         floor : 8
     exclude       0
     efc_address   24
     solref         0.02      1       
     solimp         0.9       0.95      0.001     0.5       2       
     dist          -0.00039 
     includemargin  0       
     pos            0.47      0.12     -0.0002  
     frame          0         0         1         0         1         0        -1         0         0       
     friction       1         1         0.005     0.0001    0.0001  
     mu             1       
  1:
     dim           3
     geoms         floor : 12
     exclude       0
     efc_address   28
     solref         0.02      1       
     solimp         0.9       0.95      0.001     0.5       2       
     dist          -7.5e-05 
     includemargin  0       
     pos            0.16      0.075    -3.7e-05 
     frame          0         0         1         0         1         0        -1         0         0       
     friction       1         1         0.005     0.0001    0.0001  
     mu             1       
  2:
     dim           3
     geoms         floor : 12
     exclude       0
     efc_address   32
     solref         0.02      1       
     solimp         0.9       0.95      0.001     0.5       2       
     dist          -0.00019 
     includemargin  0       
     pos            0.16      0.17     -9.6e-05 
     frame          0         0         1         0         1         0        -1         0         0       
     friction       1         1         0.005     0.0001    0.0001  
     mu             1       
  3:
     dim           3
     geoms         floor : 18
     exclude       0
     efc_address   36
     solref         0.02      1       
     solimp         0.9       0.95      0.001     0.5       2       
     dist          -0.0004  
     includemargin  0       
     pos            0.47     -0.12     -0.0002  
     frame          0         0         1         0         1         0        -1         0         0       
     friction       1         1         0.005     0.0001    0.0001  
     mu             1       
  4:
     dim           3
     geoms         floor : 22
     exclude       0
     efc_address   40
     solref         0.02      1       
     solimp         0.9       0.95      0.001     0.5       2       
     dist          -0.00018 
     includemargin  0       
     pos            0.16     -0.17     -8.9e-05 
     frame          0         0         1         0         1         0        -1         0         0       
     friction       1         1         0.005     0.0001    0.0001  
     mu             1       
  5:
     dim           3
     geoms         floor : 22
     exclude       0
     efc_address   44
     solref         0.02      1       
     solimp         0.9       0.95      0.001     0.5       2       
     dist          -9.3e-05 
     includemargin  0       
     pos            0.16     -0.075    -4.6e-05 
     frame          0         0         1         0         1         0        -1         0         0       
     friction       1         1         0.005     0.0001    0.0001  
     mu             1       
  6:
     dim           3
     geoms         floor : 30
     exclude       0
     efc_address   48
     solref         0.02      1       
     solimp         0.9       0.95      0.001     0.5       2       
     dist          -1.3e-06 
     includemargin  0       
     pos            0.42      0.32     -6.3e-07 
     frame          0         0         1         0         1         0        -1         0         0       
     friction       1         1         0.005     0.0001    0.0001  
     mu             1       
  7:
     dim           3
     geoms         floor : 37
     exclude       0
     efc_address   52
     solref         0.02      1       
     solimp         0.9       0.95      0.001     0.5       2       
     dist          -1.5e-06 
     includemargin  0       
     pos            0.43     -0.32     -7.7e-07 
     frame          0         0         1         0         1         0        -1         0         0       
     friction       1         1         0.005     0.0001    0.0001  
     mu             1       
  8:
     dim           3
     geoms         floor : 39
     exclude       0
     efc_address   56
     solref         0.02      1       
     solimp         0.9       0.95      0.001     0.5       2       
     dist          -0.00047 
     includemargin  0       
     pos           -0.21     -0.0011   -0.00024 
     frame          0         0         1         0         1         0        -1         0         0       
     friction       1         1         0.005     0.0001    0.0001  
     mu             1       

EFC_TYPE
  1
  1
  1
  1
  1
  1
  1
  1
  1
  1
  1
  1
  1
  1
  1
  1
  1
  1
  1
  1
  1
  1
  1
  1
  6
  6
  6
  6
  6
  6
  6
  6
  6
  6
  6
  6
  6
  6
  6
  6
  6
  6
  6
  6
  6
  6
  6
  6
  6
  6
  6
  6
  6
  6
  6
  6
  6
  6
  6
  6

EFC_ID
  6
  7
  8
  9
  10
  11
  12
  13
  14
  15
  16
  17
  18
  19
  20
  21
  22
  23
  24
  25
  26
  27
  28
  29
  0
  0
  0
  0
  1
  1
  1
  1
  2
  2
  2
  2
  3
  3
  3
  3
  4
  4
  4
  4
  5
  5
  5
  5
  6
  6
  6
  6
  7
  7
  7
  7
  8
  8
  8
  8

EFC_J
   0         0         0         0         0         0         1         0         0         0         0         0         0         0         0         0         0         0         0         0         0         0         0         0         0         0         0         0         0         0       
   0         0         0         0         0         0         0         1         0         0         0         0         0         0         0         0         0         0         0         0         0         0         0         0         0         0         0         0         0         0       
   0         0         0         0         0         0         0         0         1         0         0         0         0         0         0         0         0         0         0         0         0         0         0         0         0         0         0         0         0         0       
   0         0         0         0         0         0         0         0         0         1         0         0         0         0         0         0         0         0         0         0         0         0         0         0         0         0         0         0         0         0       
   0         0         0         0         0         0         0         0         0         0         1         0         0         0         0         0         0         0         0         0         0         0         0         0         0         0         0         0         0         0       
   0         0         0         0         0         0         0         0         0         0         0         1         0         0         0         0         0         0         0         0         0         0         0         0         0         0         0         0         0         0       
   0         0         0         0         0         0         0         0         0         0         0         0         1         0         0         0         0         0         0         0         0         0         0         0         0         0         0         0         0         0       
   0         0         0         0         0         0         0         0         0         0         0         0         0         1         0         0         0         0         0         0         0         0         0         0         0         0         0         0         0         0       
   0         0         0         0         0         0         0         0         0         0         0         0         0         0         1         0         0         0         0         0         0         0         0         0         0         0         0         0         0         0       
   0         0         0         0         0         0         0         0         0         0         0         0         0         0         0         1         0         0         0         0         0         0         0         0         0         0         0         0         0         0       
   0         0         0         0         0         0         0         0         0         0         0         0         0         0         0         0         1         0         0         0         0         0         0         0         0         0         0         0         0         0       
   0         0         0         0         0         0         0         0         0         0         0         0         0         0         0         0         0         1         0         0         0         0         0         0         0         0         0         0         0         0       
   0         0         0         0         0         0         0         0         0         0         0         0         0         0         0         0         0         0         1         0         0         0         0         0         0         0         0         0         0         0       
   0         0         0         0         0         0         0         0         0         0         0         0         0         0         0         0         0         0         0         1         0         0         0         0         0         0         0         0         0         0       
   0         0         0         0         0         0         0         0         0         0         0         0         0         0         0         0         0         0         0         0         1         0         0         0         0         0         0         0         0         0       
   0         0         0         0         0         0         0         0         0         0         0         0         0         0         0         0         0         0         0         0         0         1         0         0         0         0         0         0         0         0       
   0         0         0         0         0         0         0         0         0         0         0         0         0         0         0         0         0         0         0         0         0         0         1         0         0         0         0         0         0         0       
   0         0         0         0         0         0         0         0         0         0         0         0         0         0         0         0         0         0         0         0         0         0         0         1         0         0         0         0         0         0       
   0         0         0         0         0         0         0         0         0         0         0         0         0         0         0         0         0         0         0         0         0         0         0         0         1         0         0         0         0         0       
   0         0         0         0         0         0         0         0         0         0         0         0         0         0         0         0         0         0         0         0         0         0         0         0         0         1         0         0         0         0       
   0         0         0         0         0         0         0         0         0         0         0         0         0         0         0         0         0         0         0         0         0         0         0         0         0         0         1         0         0         0       
   0         0         0         0         0         0         0         0         0         0         0         0         0         0         0         0         0         0         0         0         0         0         0         0         0         0         0         1         0         0       
   0         0         0         0         0         0         0         0         0         0         0         0         0         0         0         0         0         0         0         0         0         0         0         0         0         0         0         0         1         0       
   0         0         0         0         0         0         0         0         0         0         0         0         0         0         0         0         0         0         0         0         0         0         0         0         0         0         0         0         0         1       
   0         1         1         0.034    -0.23     -0.47     -0.07      0.4      -0.064     0.0011    0         0         0         0         0         0         0         0         0         0         0         0         0         0         0         0         0         0         0         0       
   0        -1         1        -0.14     -0.23      0.25     -0.26     -0.32      0.063     0.00052   0         0         0         0         0         0         0         0         0         0         0         0         0         0         0         0         0         0         0         0       
  -1         0         1         0.058     0.06     -0.16      0.16     -0.048    -0.00034   0.067     0         0         0         0         0         0         0         0         0         0         0         0         0         0         0         0         0         0         0         0       
   1         0         1        -0.16     -0.53     -0.057    -0.49      0.13     -8.4e-05  -0.065     0         0         0         0         0         0         0         0         0         0         0         0         0         0         0         0         0         0         0         0       
   0         1         1        -0.22      0.07     -0.3       0.18      0.13     -0.29      0.3      -0.045    -0.0023    0         0         0         0         0         0         0         0         0         0         0         0         0         0         0         0         0         0       
   0        -1         1         0.16      0.07      0.17      0.05     -0.27      0.34      0.31     -0.048    -0.041     0         0         0         0         0         0         0         0         0         0         0         0         0         0         0         0         0         0       
  -1         0         1         0.037     0.36     -0.1       0.44     -0.19     -0.014     0.37      0.12      0.021     0         0         0         0         0         0         0         0         0         0         0         0         0         0         0         0         0         0       
   1         0         1        -0.1      -0.22     -0.036    -0.21      0.04      0.062     0.24     -0.21     -0.065     0         0         0         0         0         0         0         0         0         0         0         0         0         0         0         0         0         0       
   0         1         1        -0.26      0.071    -0.39      0.2       0.2      -0.34      0.3      -0.044     0.042     0         0         0         0         0         0         0         0         0         0         0         0         0         0         0         0         0         0       
   0        -1         1         0.12      0.071     0.08      0.074    -0.2       0.29      0.31     -0.046     0.0011    0         0         0         0         0         0         0         0         0         0         0         0         0         0         0         0         0         0       
  -1         0         1         0.083     0.36     -0.23      0.47     -0.059     0.012     0.37      0.12     -0.02      0         0         0         0         0         0         0         0         0         0         0         0         0         0         0         0         0         0       
   1         0         1        -0.23     -0.22     -0.082    -0.19      0.064    -0.07      0.24     -0.21      0.064     0         0         0         0         0         0         0         0         0         0         0         0         0         0         0         0         0         0       
   0         1         1         0.14     -0.23     -0.25      0         0         0         0         0         0        -0.26      0.32     -0.063     0.00069   0         0         0         0         0         0         0         0         0         0         0         0         0         0       
   0        -1         1        -0.034    -0.23      0.47      0         0         0         0         0         0        -0.067    -0.4       0.064     0.00094   0         0         0         0         0         0         0         0         0         0         0         0         0         0       
  -1         0         1        -0.058     0.061     0.16      0         0         0         0         0         0         0.16      0.049     0.00035   0.067     0         0         0         0         0         0         0         0         0         0         0         0         0         0       
   1         0         1         0.16     -0.53      0.059     0         0         0         0         0         0        -0.49     -0.13     -4.5e-05  -0.065     0         0         0         0         0         0         0         0         0         0         0         0         0         0       
   0         1         1        -0.12      0.072    -0.081     0         0         0         0         0         0         0.074     0.2      -0.29      0.31     -0.046    -0.0012    0         0         0         0         0         0         0         0         0         0         0         0       
   0        -1         1         0.26      0.072     0.39      0         0         0         0         0         0         0.2      -0.2       0.34      0.3      -0.044    -0.042     0         0         0         0         0         0         0         0         0         0         0         0       
  -1         0         1        -0.081     0.37      0.23      0         0         0         0         0         0         0.47      0.062    -0.012     0.37      0.12      0.021     0         0         0         0         0         0         0         0         0         0         0         0       
   1         0         1         0.23     -0.22      0.082     0         0         0         0         0         0        -0.19     -0.065     0.069     0.24     -0.21     -0.064     0         0         0         0         0         0         0         0         0         0         0         0       
   0         1         1        -0.16      0.071    -0.17      0         0         0         0         0         0         0.051     0.28     -0.34      0.31     -0.047     0.041     0         0         0         0         0         0         0         0         0         0         0         0       
   0        -1         1         0.22      0.071     0.3       0         0         0         0         0         0         0.18     -0.13      0.29      0.3      -0.046     0.0022    0         0         0         0         0         0         0         0         0         0         0         0       
  -1         0         1        -0.035     0.36      0.098     0         0         0         0         0         0         0.44      0.19      0.014     0.37      0.12     -0.021     0         0         0         0         0         0         0         0         0         0         0         0       
   1         0         1         0.098    -0.22      0.036     0         0         0         0         0         0        -0.21     -0.04     -0.064     0.24     -0.21      0.065     0         0         0         0         0         0         0         0         0         0         0         0       
   0         1         1        -0.092    -0.19     -0.64      0         0         0         0         0         0         0         0         0         0         0         0        -0.65     -0.48      0.49      0.12     -0.33     -0.016     0         0         0         0         0         0       
   0        -1         1        -0.18     -0.19      0.054     0         0         0         0         0         0         0         0         0         0         0         0         0.066    -0.44     -0.4      -0.079    -0.27      0.074     0         0         0         0         0         0       
  -1         0         1         0.15      0.1      -0.43      0         0         0         0         0         0         0         0         0         0         0         0        -0.43     -0.31      0.16      0.038    -0.25      0.014     0         0         0         0         0         0       
   1         0         1        -0.43     -0.48     -0.15      0         0         0         0         0         0         0         0         0         0         0         0        -0.15     -0.61     -0.074    -0.00081  -0.34      0.043     0         0         0         0         0         0       
   0         1         1         0.19     -0.2      -0.061     0         0         0         0         0         0         0         0         0         0         0         0        -0.074     0         0         0         0         0        -0.44      0.42      0.068    -0.25     -0.073     0       
   0        -1         1         0.082    -0.19      0.63      0         0         0         0         0         0         0         0         0         0         0         0         0.65      0         0         0         0         0        -0.49     -0.48     -0.099    -0.34      0.015     0       
  -1         0         1        -0.15      0.098     0.42      0         0         0         0         0         0         0         0         0         0         0         0         0.42      0         0         0         0         0        -0.32     -0.15     -0.031    -0.25     -0.015     0       
   1         0         1         0.42     -0.49      0.15      0         0         0         0         0         0         0         0         0         0         0         0         0.15      0         0         0         0         0        -0.61      0.082     0.00021  -0.35     -0.043     0       
   0         1         1        -0.52      0.44     -0.077     0         0         0         0         0         0         0         0         0         0         0         0        -0.089     0         0         0         0         0         0         0         0         0         0        -0.071   
   0        -1         1         0.53      0.44      0.077     0         0         0         0         0         0         0         0         0         0         0         0         0.089     0         0         0         0         0         0         0         0         0         0         0.071   
  -1         0         1         0.0011    0.74     -0.00029   0         0         0         0         0         0         0         0         0         0         0         0        -0.00027   0         0         0         0         0         0         0         0         0         0        -6.8e-05 
   1         0         1         0.0011    0.15      7e-05     0         0         0         0         0         0         0         0         0         0         0         0         0.00011   0         0         0         0         0         0         0         0         0         0         0.00014 

EFC_POS
   0       
   0       
   0       
   0       
   0       
   0       
   0       
   0       
   0       
   0       
   0       
   0       
   0       
   0       
   0       
   0       
   0       
   0       
   0       
   0       
   0       
   0       
   0       
   0       
  -0.00039 
  -0.00039 
  -0.00039 
  -0.00039 
  -7.5e-05 
  -7.5e-05 
  -7.5e-05 
  -7.5e-05 
  -0.00019 
  -0.00019 
  -0.00019 
  -0.00019 
  -0.0004  
  -0.0004  
  -0.0004  
  -0.0004  
  -0.00018 
  -0.00018 
  -0.00018 
  -0.00018 
  -9.3e-05 
  -9.3e-05 
  -9.3e-05 
  -9.3e-05 
  -1.3e-06 
  -1.3e-06 
  -1.3e-06 
  -1.3e-06 
  -1.5e-06 
  -1.5e-06 
  -1.5e-06 
  -1.5e-06 
  -0.00047 
  -0.00047 
  -0.00047 
  -0.00047 

EFC_MARGIN
   0       
   0       
   0       
   0       
   0       
   0       
   0       
   0       
   0       
   0       
   0       
   0       
   0       
   0       
   0       
   0       
   0       
   0       
   0       
   0       
   0       
   0       
   0       
   0       
   0       
   0       
   0       
   0       
   0       
   0       
   0       
   0       
   0       
   0       
   0       
   0       
   0       
   0       
   0       
   0       
   0       
   0       
   0       
   0       
   0       
   0       
   0       
   0       
   0       
   0       
   0       
   0       
   0       
   0       
   0       
   0       
   0       
   0       
   0       
   0       

EFC_FRICTIONLOSS
   0.8     
   0.8     
   0.8     
   0.8     
   0.8     
   0.8     
   0.8     
   0.8     
   0.8     
   0.8     
   0.8     
   0.8     
   0.8     
   0.8     
   0.8     
   0.8     
   0.8     
   0.8     
   0.8     
   0.8     
   0.8     
   0.8     
   0.8     
   0.8     
   0       
   0       
   0       
   0       
   0       
   0       
   0       
   0       
   0       
   0       
   0       
   0       
   0       
   0       
   0       
   0       
   0       
   0       
   0       
   0       
   0       
   0       
   0       
   0       
   0       
   0       
   0       
   0       
   0       
   0       
   0       
   0       
   0       
   0       
   0       
   0       

EFC_DIAGAPPROX
   5       
   2       
   19      
   9.6     
   24      
   25      
   5       
   2       
   19      
   9.6     
   24      
   25      
   7.7     
   7.8     
   4.9     
   24      
   18      
   25      
   7.7     
   4.9     
   24      
   18      
   25      
   24      
   0.43    
   0.43    
   0.43    
   0.43    
   1.2     
   1.2     
   1.2     
   1.2     
   1.2     
   1.2     
   1.2     
   1.2     
   0.43    
   0.43    
   0.43    
   0.43    
   1.2     
   1.2     
   1.2     
   1.2     
   1.2     
   1.2     
   1.2     
   1.2     
   1.4     
   1.4     
   1.4     
   1.4     
   1.4     
   1.4     
   1.4     
   1.4     
   0.42    
   0.42    
   0.42    
   0.42    

EFC_KBIP
   0         1.1e+02   0.9       0       
   0         1.1e+02   0.9       0       
   0         1.1e+02   0.9       0       
   0         1.1e+02   0.9       0       
   0         1.1e+02   0.9       0       
   0         1.1e+02   0.9       0       
   0         1.1e+02   0.9       0       
   0         1.1e+02   0.9       0       
   0         1.1e+02   0.9       0       
   0         1.1e+02   0.9       0       
   0         1.1e+02   0.9       0       
   0         1.1e+02   0.9       0       
   0         1.1e+02   0.9       0       
   0         1.1e+02   0.9       0       
   0         1.1e+02   0.9       0       
   0         1.1e+02   0.9       0       
   0         1.1e+02   0.9       0       
   0         1.1e+02   0.9       0       
   0         1.1e+02   0.9       0       
   0         1.1e+02   0.9       0       
   0         1.1e+02   0.9       0       
   0         1.1e+02   0.9       0       
   0         1.1e+02   0.9       0       
   0         1.1e+02   0.9       0       
   2.8e+03   1.1e+02   0.92     -78      
   2.8e+03   1.1e+02   0.92     -78      
   2.8e+03   1.1e+02   0.92     -78      
   2.8e+03   1.1e+02   0.92     -78      
   2.8e+03   1.1e+02   0.9      -15      
   2.8e+03   1.1e+02   0.9      -15      
   2.8e+03   1.1e+02   0.9      -15      
   2.8e+03   1.1e+02   0.9      -15      
   2.8e+03   1.1e+02   0.9      -38      
   2.8e+03   1.1e+02   0.9      -38      
   2.8e+03   1.1e+02   0.9      -38      
   2.8e+03   1.1e+02   0.9      -38      
   2.8e+03   1.1e+02   0.92     -79      
   2.8e+03   1.1e+02   0.92     -79      
   2.8e+03   1.1e+02   0.92     -79      
   2.8e+03   1.1e+02   0.92     -79      
   2.8e+03   1.1e+02   0.9      -36      
   2.8e+03   1.1e+02   0.9      -36      
   2.8e+03   1.1e+02   0.9      -36      
   2.8e+03   1.1e+02   0.9      -36      
   2.8e+03   1.1e+02   0.9      -19      
   2.8e+03   1.1e+02   0.9      -19      
   2.8e+03   1.1e+02   0.9      -19      
   2.8e+03   1.1e+02   0.9      -19      
   2.8e+03   1.1e+02   0.9      -0.25    
   2.8e+03   1.1e+02   0.9      -0.25    
   2.8e+03   1.1e+02   0.9      -0.25    
   2.8e+03   1.1e+02   0.9      -0.25    
   2.8e+03   1.1e+02   0.9      -0.31    
   2.8e+03   1.1e+02   0.9      -0.31    
   2.8e+03   1.1e+02   0.9      -0.31    
   2.8e+03   1.1e+02   0.9      -0.31    
   2.8e+03   1.1e+02   0.92     -95      
   2.8e+03   1.1e+02   0.92     -95      
   2.8e+03   1.1e+02   0.92     -95      
   2.8e+03   1.1e+02   0.92     -95      

EFC_D
   1.8     
   4.5     
   0.46    
   0.94    
   0.38    
   0.36    
   1.8     
   4.5     
   0.46    
   0.94    
   0.38    
   0.36    
   1.2     
   1.2     
   1.8     
   0.37    
   0.49    
   0.36    
   1.2     
   1.8     
   0.37    
   0.49    
   0.36    
   0.38    
   25      
   25      
   25      
   25      
   7.7     
   7.7     
   7.7     
   7.7     
   8       
   8       
   8       
   8       
   25      
   25      
   25      
   25      
   7.9     
   7.9     
   7.9     
   7.9     
   7.7     
   7.7     
   7.7     
   7.7     
   6.4     
   6.4     
   6.4     
   6.4     
   6.4     
   6.4     
   6.4     
   6.4     
   29      
   29      
   29      
   29      

EFC_R
   0.55    
   0.22    
   2.2     
   1.1     
   2.6     
   2.8     
   0.55    
   0.22    
   2.2     
   1.1     
   2.6     
   2.8     
   0.85    
   0.86    
   0.54    
   2.7     
   2.1     
   2.8     
   0.86    
   0.54    
   2.7     
   2       
   2.8     
   2.6     
   0.04    
   0.04    
   0.04    
   0.04    
   0.13    
   0.13    
   0.13    
   0.13    
   0.12    
   0.12    
   0.12    
   0.12    
   0.04    
   0.04    
   0.04    
   0.04    
   0.13    
   0.13    
   0.13    
   0.13    
   0.13    
   0.13    
   0.13    
   0.13    
   0.16    
   0.16    
   0.16    
   0.16    
   0.16    
   0.16    
   0.16    
   0.16    
   0.035   
   0.035   
   0.035   
   0.035   

ACTUATOR_VELOCITY
  -0.037   
   0.01    
  -0.0026  
   0.03    
   0.0066  
   0.0031  
  -0.039   
  -0.008   
   0.002   
   0.03    
   0.0073  
  -0.0026  
  -0.0028  
   0.39    
  -0.059   
   0.0028  
  -0.63    
   0.008   
   0.44    
   0.068   
  -0.0026  
  -0.72    
  -0.0082  
   0.00045 

CVEL
   0         0         0         0         0         0       
   0.00041   0.0099   -0.0004   -0.0055   -0.00044  -0.0041  
  -0.0083   -0.026    -0.0044   -0.00013  -0.0015   -0.0064  
  -0.0002   -0.029     0.0011    0.00098  -0.00068  -0.0077  
   0.0013   -0.029    -0.0011    0.00072  -0.00019  -0.0079  
   0.0014    0.0009   -0.00085   0.004    -0.00027   7.3e-05 
   0.0014    0.0075   -0.0008    0.0041   -0.00027  -0.00047 
   0.0029    0.0076   -0.0036    0.0037   -0.00055  -0.00065 
   0.0029    0.0076   -0.0036    0.0037   -0.00055  -0.00065 
   0.0095   -0.027     0.0039    5.4e-05   0.00063  -0.0065  
   0.0031   -0.029    -0.00036   0.00093  -6.6e-07  -0.0075  
   0.002    -0.029     0.0013    0.00073  -0.00037  -0.0076  
   0.0019    0.0011    0.0011    0.0041   -0.00032   0.00053 
   0.0019    0.0084    0.0011    0.0042   -0.00032  -6.9e-05 
   0.00072   0.0084    0.0034    0.0039   -7.8e-05  -0.00021 
   0.00072   0.0084    0.0034    0.0039   -7.8e-05  -0.00021 
   0.0029    0.0099    0.00078  -0.0055   -0.00015  -0.0041  
  -0.021     0.4      -0.007     0.0016   -0.0014   -0.089   
  -0.05      0.39     -0.058    -0.0084   -0.011    -0.083   
  -0.053     0.39     -0.056    -0.0081   -0.011    -0.082   
   0.15     -0.21     -0.029    -0.073    -0.033    -0.094   
   0.14     -0.21     -0.029    -0.074    -0.032    -0.092   
   0.14     -0.21     -0.029    -0.074    -0.032    -0.092   
   0.026     0.45      0.015     0.0025    0.0026   -0.1     
   0.057     0.44      0.076    -0.0094    0.014    -0.093   
   0.059     0.44      0.075    -0.0092    0.014    -0.092   
  -0.17     -0.24      0.018    -0.074     0.037    -0.11    
  -0.16     -0.24      0.018    -0.075     0.035    -0.11    
  -0.16     -0.24      0.018    -0.075     0.035    -0.11    
   0.0025    0.0099    0.00059  -0.0055   -0.00019  -0.0041  

CDOF_DOT
   0         0         0         0         0         0       
   0         0         0         0         0         0       
   0         0         0         0         0         0       
   0        -0         0        -0.00044   0.0058   -0.00022 
  -0         0         0         0.0044   -7.4e-06  -0.0043  
   0         0         0         0.00021   0.0021   -0.00044 
   0.0015   -0.00014  -0.0019    0.0045   -0.00032  -0.0038  
  -0.015     0.00096   0.023     0.0012   -0.0066    0.0034  
  -0.024    -0.00043  -0.016    -0.0023    0.0036    0.0025  
   0.00086  -1.5e-05   0.0014    0.00016  -0.0005    0.0039  
   0.00086  -1.5e-05   0.0014   -0.00015   7.5e-05   0.004   
  -0.0067    0.0009   -0.0034   -0.00026   0.0036    0.00084 
  -0.00073   0.00014   0.0027    0.0046    0.00037  -0.004   
  -0.016    -0.002     0.024    -0.0017   -0.0069   -0.0027  
  -0.024    -0.0024   -0.016     0.0019    0.0037   -0.0035  
  -0.0011    9e-06     0.0019   -0.00024  -0.00037   0.004   
  -0.0011    9e-06     0.0019   -0.00062   0.00019   0.0041  
  -0.0075    0.0022   -0.0038    0.00085   0.0037   -0.00095 
  -0.0042    0.00054   0.009     0.00014   0.0013   -0.00043 
  -0.00098   1.1e-05   0.0035    0.0019    0.00079  -0.0057  
   0.34      0.015    -0.2      -0.039    -0.049    -0.071   
   0.18      0.073     0.34      0.071     0.079    -0.051   
   0.036     0.016     0.077     0.088     0.021    -0.053   
  -0.00079   0.033    -0.24     -0.079     0.048     0.00038 
  -0.00045  -5.7e-05   0.0024    0.0019    0.00063  -0.0057  
   0.4      -0.016    -0.21      0.039    -0.053     0.081   
   0.18     -0.091     0.39     -0.082     0.09      0.055   
  -0.036     0.019    -0.082     0.1      -0.023    -0.055   
   0.00049  -0.021    -0.28      0.092     0.059     0.0018  
  -0.0042    0.00054   0.009     0.00013   0.0013   -0.00038 

QFRC_BIAS
  -0.19    
   0.0057  
   4e+02   
   0.096   
   14      
   0.14    
  -3.2     
   0.63    
  -0.11    
   7.9     
   0.19    
  -0.00019 
  -3.2     
  -0.63    
   0.12    
   7.9     
   0.19    
   0.00019 
   0.18    
  -6.4     
   0.78    
   0.015   
  -2       
   0.025   
  -6.5     
  -0.62    
   0.0063  
  -2       
  -0.025   
  -0.0022  

QFRC_SPRING
   0       
   0       
   0       
   0       
   0       
   0       
   0       
   0       
   0       
   0       
   0       
   0       
   0       
   0       
   0       
   0       
   0       
   0       
   0       
   0       
   0       
   0       
   0       
   0       
   0       
   0       
   0       
   0       
   0       
   0       

QFRC_DAMPER
   0       
   0       
   0       
   0       
   0       
   0       
   0.022   
  -0.0061  
   0.0016  
  -0.018   
  -0.004   
  -0.0019  
   0.023   
   0.0048  
  -0.0012  
  -0.018   
  -0.0044  
   0.0016  
   0.0017  
  -0.23    
   0.035   
  -0.0017  
   0.38    
  -0.0048  
  -0.26    
  -0.041   
   0.0016  
   0.43    
   0.0049  
  -0.00027 

QFRC_GRAVCOMP
   0       
   0       
   0       
   0       
   0       
   0       
   0       
   0       
   0       
   0       
   0       
   0       
   0       
   0       
   0       
   0       
   0       
   0       
   0       
   0       
   0       
   0       
   0       
   0       
   0       
   0       
   0       
   0       
   0       
   0       

QFRC_FLUID
   0       
   0       
   0       
   0       
   0       
   0       
   0       
   0       
   0       
   0       
   0       
   0       
   0       
   0       
   0       
   0       
   0       
   0       
   0       
   0       
   0       
   0       
   0       
   0       
   0       
   0       
   0       
   0       
   0       
   0       

QFRC_PASSIVE
   0       
   0       
   0       
   0       
   0       
   0       
   0.022   
  -0.0061  
   0.0016  
  -0.018   
  -0.004   
  -0.0019  
   0.023   
   0.0048  
  -0.0012  
  -0.018   
  -0.0044  
   0.0016  
   0.0017  
  -0.23    
   0.035   
  -0.0017  
   0.38    
  -0.0048  
  -0.26    
  -0.041   
   0.0016  
   0.43    
   0.0049  
  -0.00027 

EFC_VEL
  -0.037   
   0.01    
  -0.0026  
   0.03    
   0.0066  
   0.0031  
  -0.039   
  -0.008   
   0.002   
   0.03    
   0.0073  
  -0.0026  
  -0.0028  
   0.39    
  -0.059   
   0.0028  
  -0.63    
   0.008   
   0.44    
   0.068   
  -0.0026  
  -0.72    
  -0.0082  
   0.00045 
  -0.00025 
   0.00026 
  -0.0039  
   0.0039  
  -9.4e-05 
  -0.00024 
  -0.0028  
   0.0025  
   0.00019 
   3.8e-05 
  -0.0029  
   0.0031  
   0.00032 
  -0.00031 
  -0.004   
   0.004   
  -0.0001  
   5.5e-05 
  -0.003   
   0.003   
  -3.8e-05 
   0.00011 
  -0.0026  
   0.0027  
  -0.013   
   0.015   
   0.029   
  -0.027   
   0.012   
  -0.012   
   0.027   
  -0.026   
   6.2e-06 
  -2.5e-05 
   0.0072  
  -0.0073  

EFC_AREF
   3.9     
  -1.1     
   0.27    
  -3.1     
  -0.7     
  -0.33    
   4.1     
   0.84    
  -0.21    
  -3.2     
  -0.77    
   0.28    
   0.29    
  -41      
   6.2     
  -0.3     
   67      
  -0.84    
  -46      
  -7.2     
   0.27    
   76      
   0.87    
  -0.047   
   1       
   0.97    
   1.4     
   0.58    
   0.2     
   0.21    
   0.48    
  -0.076   
   0.46    
   0.48    
   0.79    
   0.15    
   0.97    
   1       
   1.4     
   0.58    
   0.46    
   0.44    
   0.76    
   0.14    
   0.24    
   0.22    
   0.51    
  -0.052   
   1.3     
  -1.5     
  -3       
   2.8     
  -1.3     
   1.2     
  -2.8     
   2.8     
   1.2     
   1.2     
   0.45    
   2       

SUBTREE_LINVEL
   0         0         0       
   0         0         0       
   0         0         0       
   0         0         0       
   0         0         0       
   0         0         0       
   0         0         0       
   0         0         0       
   0         0         0       
   0         0         0       
   0         0         0       
   0         0         0       
   0         0         0       
   0         0         0       
   0         0         0       
   0         0         0       
   0         0         0       
   0         0         0       
   0         0         0       
   0         0         0       
   0         0         0       
   0         0         0       
   0         0         0       
   0         0         0       
   0         0         0       
   0         0         0       
   0         0         0       
   0         0         0       
   0         0         0       
   0         0         0       

SUBTREE_ANGMOM
   0         0         0       
   0         0         0       
   0         0         0       
   0         0         0       
   0         0         0       
   0         0         0       
   0         0         0       
   0         0         0       
   0         0         0       
   0         0         0       
   0         0         0       
   0         0         0       
   0         0         0       
   0         0         0       
   0         0         0       
   0         0         0       
   0         0         0       
   0         0         0       
   0         0         0       
   0         0         0       
   0         0         0       
   0         0         0       
   0         0         0       
   0         0         0       
   0         0         0       
   0         0         0       
   0         0         0       
   0         0         0       
   0         0         0       
   0         0         0       

ACTUATOR_FORCE
   0       
   0       
   0       
   0       
   0       
   0       
   0       
   0       
   0       
   0       
   0       
   0       
   0       
   0       
   0       
   0       
   0       
   0       
   0       
   0       
   0       
   0       
   0       
   0       

QFRC_ACTUATOR
   0       
   0       
   0       
   0       
   0       
   0       
   0       
   0       
   0       
   0       
   0       
   0       
   0       
   0       
   0       
   0       
   0       
   0       
   0       
   0       
   0       
   0       
   0       
   0       
   0       
   0       
   0       
   0       
   0       
   0       

QFRC_SMOOTH
   0.19    
  -0.0057  
  -4e+02   
  -0.096   
  -14      
  -0.14    
   3.2     
  -0.63    
   0.12    
  -7.9     
  -0.2     
  -0.0017  
   3.2     
   0.64    
  -0.12    
  -7.9     
  -0.2     
   0.0014  
  -0.17    
   6.2     
  -0.74    
  -0.016   
   2.4     
  -0.03    
   6.2     
   0.58    
  -0.0048  
   2.4     
   0.03    
   0.0019  

QACC_SMOOTH
  -0.052   
  -0.0013  
  -9.9     
  -0.01    
  -0.029   
  -0.017   
  -0.12    
   0.025   
   0.0045  
   0.13    
  -0.086   
  -0.046   
  -0.12    
  -0.041   
   0.0066  
   0.15    
  -0.095   
   0.039   
  -0.05    
  -3.7     
   0.41    
  -0.07    
   8.2     
  -0.08    
  -4.3     
  -0.63    
   0.049   
   9.3     
   0.08    
  -0.002   

EFC_B
  -4       
   1.1     
  -0.27    
   3.2     
   0.61    
   0.28    
  -4.2     
  -0.88    
   0.21    
   3.4     
   0.67    
  -0.24    
  -0.34    
   37      
  -5.8     
   0.23    
  -59      
   0.76    
   42      
   6.6     
  -0.23    
  -66      
  -0.79    
   0.045   
  -11      
  -11      
  -11      
  -10      
  -10      
  -10      
  -10      
  -9.8     
  -10      
  -10      
  -11      
  -10      
  -11      
  -11      
  -11      
  -10      
  -10      
  -10      
  -11      
  -10      
  -10      
  -10      
  -10      
  -9.8     
  -12      
  -9       
  -7.6     
  -13      
  -9.3     
  -12      
  -7.9     
  -13      
  -11      
  -11      
  -10      
  -12      

EFC_FORCE
   0.8     
  -0.8     
   0.12    
  -0.8     
  -0.27    
  -0.12    
   0.8     
   0.8     
  -0.099   
  -0.8     
  -0.3     
   0.1     
   0.27    
  -0.8     
   0.8     
  -0.12    
   0.8     
  -0.32    
  -0.8     
  -0.8     
   0.11    
   0.8     
   0.33    
  -0.015   
   26      
   24      
   35      
   15      
   1.5     
   1.7     
   3.8     
   0       
   3.7     
   3.8     
   6.3     
   1.2     
   25      
   26      
   36      
   15      
   3.6     
   3.5     
   6.1     
   1.1     
   1.8     
   1.7     
   3.9     
   0       
   1.2     
   0       
   0       
   8.7     
   0       
   1.1     
   0       
   8.9     
   35      
   35      
   13      
   57      

EFC_STATE
  2
  3
  1
  3
  1
  1
  2
  2
  1
  3
  1
  1
  1
  3
  2
  1
  2
  1
  3
  3
  1
  2
  1
  1
  1
  1
  1
  1
  1
  1
  1
  0
  1
  1
  1
  1
  1
  1
  1
  1
  1
  1
  1
  1
  1
  1
  1
  0
  1
  0
  0
  1
  0
  1
  0
  1
  1
  1
  1
  1

QFRC_CONSTRAINT
   1       
  -0.18    
   4e+02   
   0.06    
   14      
   0.15    
  -3.2     
   0.63    
  -0.11    
   7.9     
   0.2     
   0.0013  
  -3.2     
  -0.64    
   0.12    
   7.9     
   0.2     
  -0.0015  
   0.18    
  -6.7     
   0.75    
   0.016   
  -2.6     
   0.035   
  -6.8     
  -0.58    
   0.0067  
  -2.6     
  -0.034   
  -0.002   

QFRC_INVERSE
   0       
   0       
   0       
   0       
   0       
   0       
   0       
   0       
   0       
   0       
   0       
   0       
   0       
   0       
   0       
   0       
   0       
   0       
   0       
   0       
   0       
   0       
   0       
   0       
   0       
   0       
   0       
   0       
   0       
   0       

CACC
   0         0         0        -0        -0         9.8     
   0.022    -0.0089   -0.015     0.0032   -0.0056    9.8     
   0.027     0.014    -0.012    -0.00045  -0.0049    9.8     
   0.034     0.012    -0.0072    0.00052  -0.0043    9.8     
   0.031     0.012    -0.0024    0.0011   -0.0054    9.8     
   0.031    -7.2e-05  -0.0025   -0.00023  -0.0053    9.8     
   0.031     0.0063   -0.0024   -0.00017  -0.0053    9.8     
   0.027     0.0062    0.0042    0.00065  -0.0046    9.8     
   0.027     0.0062    0.0042    0.00065  -0.0046    9.8     
   0.023    -0.013    -0.014     0.0036   -0.0055    9.8     
   0.035    -0.0092   -0.0065    0.002    -0.0042    9.8     
   0.031    -0.0092   -0.0016    0.0014   -0.0053    9.8     
   0.031     0.0079   -0.0016    0.0033   -0.0053    9.8     
   0.031     0.012    -0.0016    0.0033   -0.0053    9.8     
   0.03      0.012     0.00022   0.0031   -0.0051    9.8     
   0.03      0.012     0.00022   0.0031   -0.0051    9.8     
  -0.034    -0.009    -0.041     0.0032   -0.012     9.8     
   0.092    -2.1       0.0016   -0.034    -0.0049    10      
   0.067    -2.1       0.0047   -0.033    -0.0037    10      
   0.049    -2.1       0.017    -0.031    -0.0005    10      
   0.22     -2.6      -0.0059   -0.15     -0.036     10      
   0.17     -2.7      -0.01     -0.15     -0.028     10      
   0.17     -2.7      -0.01     -0.15     -0.028     10      
  -0.13     -1.9      -0.1      -0.031    -0.024     10      
  -0.025    -1.9       0.04     -0.06      0.0022    10      
  -0.011    -1.9       0.031    -0.058    -0.00027   10      
  -0.15     -2.4       0.048    -0.18      0.033     10      
  -0.097    -2.5       0.052    -0.18      0.025     10      
  -0.097    -2.5       0.052    -0.18      0.025     10      
  -0.028    -0.009    -0.038     0.0032   -0.011     9.8     

CFRC_INT
   2.7e-15  -1.2e-14  -1.8e-15  -3.6e-15   2.9e-15  -3.9e-14 
   2.7e-15  -1.2e-14  -1.8e-15  -3.6e-15   2.9e-15  -3.9e-14 
  -4.3       8.8      -4.1       30       -1.2      -30      
  -6.2       10       -4.1       30       -1.1      -47      
  -7         11       -4.1       30       -1.1      -53      
  -9.2       15       -4.1       30       -1.1      -71      
  -2        -1.5      -1.2       8.8       0.25     -14      
  -2.2      -1.6      -1.2       8.8       0.25     -15      
  -3.1      -2.3      -1.2       8.8       0.25     -22      
   4.4       9.1       4.2       30        1.4      -33      
   6.4       11        4.2       30        1.4      -49      
   7.1       12        4.2       30        1.4      -55      
   9.3       15        4.2       30        1.4      -73      
   1.9      -1.5       1.1       8.9      -0.25     -14      
   2.1      -1.6       1.1       8.9      -0.25     -15      
   2.9      -2.4       1.1       8.9      -0.25     -22      
  -0.2      -16       -0.1      -60       -0.16      23      
   7.1       6.9       2.4      -8.1      -1.2       33      
   5.4       4.9       2.4      -8.2      -1.2       24      
   4.3       3.9       2.4      -8.2      -1.2       19      
   2.1       2.9       2.4      -8.3      -1.2       9.4     
  -1.8       2.9       2.5      -8.6      -1.2      -4.9     
  -3.4       3.7       2.5      -8.7      -1.2      -9.9     
  -7         6.8      -2.5      -8.5       1.1       33      
  -5.3       4.8      -2.5      -8.5       1.1       24      
  -4.3       3.9      -2.5      -8.5       1.1       18      
  -2.1       2.9      -2.5      -8.6       1.1       9.3     
   1.7       2.9      -2.5      -8.8       1.1      -4.9     
   3.3       3.8      -2.6      -8.9       1.1      -9.9     
   0.036    -46       -0.03     -43        0.054    -1.3e+02 

CFRC_EXT
   0         0         0         0         0         0       
   0         0         0         0         0         0       
   0         0         0         0         0         0       
   0         0         0         0         0         0       
   0         0         0         0         0         0       
   12       -23        2.9      -21        1.4       1e+02   
   0         0         0         0         0         0       
   0         0         0         0         0         0       
   3.1       2.3       1.2      -8.8      -0.25      22      
   0         0         0         0         0         0       
   0         0         0         0         0         0       
   0         0         0         0         0         0       
  -13       -23       -3        -21       -1.7       1e+02   
   0         0         0         0         0         0       
   0         0         0         0         0         0       
  -2.9       2.4      -1.1      -8.9       0.25      22      
   0         0         0         0         0         0       
   0         0         0         0         0         0       
   0         0         0         0         0         0       
   0         0         0         0         0         0       
   0         0         0         0         0         0       
   0         0         0         0         0         0       
   3.4      -3.7      -2.5       8.7       1.2       9.9     
   0         0         0         0         0         0       
   0         0         0         0         0         0       
   0         0         0         0         0         0       
   0         0         0         0         0         0       
   0         0         0         0         0         0       
  -3.3      -3.8       2.6       8.9      -1.1       9.9     
  -0.035     49        0.03      43       -0.053     1.4e+02 

