timestamp,perturbation_id,body_name,start_time,duration,elapsed_time,force_x,force_y,force_z,force_magnitude,torque_x,torque_y,torque_z,torque_magnitude,std_pose_x,std_pose_y,std_pose_z,world_force_x,world_force_y,world_force_z,world_force_magnitude
23.680000,1,"LINK_TORSO_YAW",23.679000,0.200000,0.001000,20.000000,0.000000,0.000000,20.000000,0.000000,0.000000,0.000000,0.000000,0.012160,0.000000,0.910900,14.988767,13.238581,0.277164,20.000000
23.681000,1,"LINK_TORSO_YAW",23.679000,0.200000,0.002000,20.000000,0.000000,0.000000,20.000000,0.000000,0.000000,0.000000,0.000000,0.012160,0.000000,0.910900,14.985608,13.242069,0.281354,20.000000
23.682000,1,"LINK_TORSO_YAW",23.679000,0.200000,0.003000,20.000000,0.000000,0.000000,20.000000,0.000000,0.000000,0.000000,0.000000,0.012160,0.000000,0.910900,14.982454,13.245552,0.285365,20.000000
23.683000,1,"LINK_TORSO_YAW",23.679000,0.200000,0.004000,20.000000,0.000000,0.000000,20.000000,0.000000,0.000000,0.000000,0.000000,0.012160,0.000000,0.910900,14.979331,13.249003,0.289082,20.000000
23.684000,1,"LINK_TORSO_YAW",23.679000,0.200000,0.005000,20.000000,0.000000,0.000000,20.000000,0.000000,0.000000,0.000000,0.000000,0.012160,0.000000,0.910900,14.976234,13.252429,0.292465,20.000000
23.685000,1,"LINK_TORSO_YAW",23.679000,0.200000,0.006000,20.000000,0.000000,0.000000,20.000000,0.000000,0.000000,0.000000,0.000000,0.012160,0.000000,0.910900,14.973160,13.255835,0.295458,20.000000
23.686000,1,"LINK_TORSO_YAW",23.679000,0.200000,0.007000,20.000000,0.000000,0.000000,20.000000,0.000000,0.000000,0.000000,0.000000,0.012160,0.000000,0.910900,14.970113,13.259220,0.298024,20.000000
23.687000,1,"LINK_TORSO_YAW",23.679000,0.200000,0.008000,20.000000,0.000000,0.000000,20.000000,0.000000,0.000000,0.000000,0.000000,0.012160,0.000000,0.910900,14.967085,13.262591,0.300115,20.000000
23.688000,1,"LINK_TORSO_YAW",23.679000,0.200000,0.009000,20.000000,0.000000,0.000000,20.000000,0.000000,0.000000,0.000000,0.000000,0.012160,0.000000,0.910900,14.964077,13.265949,0.301685,20.000000
23.689000,1,"LINK_TORSO_YAW",23.679000,0.200000,0.010000,20.000000,0.000000,0.000000,20.000000,0.000000,0.000000,0.000000,0.000000,0.012160,0.000000,0.910900,14.961111,13.269270,0.302726,20.000000
23.690000,1,"LINK_TORSO_YAW",23.679000,0.200000,0.011000,20.000000,0.000000,0.000000,20.000000,0.000000,0.000000,0.000000,0.000000,0.012160,0.000000,0.910900,14.958171,13.272573,0.303194,20.000000
23.691000,1,"LINK_TORSO_YAW",23.679000,0.200000,0.012000,20.000000,0.000000,0.000000,20.000000,0.000000,0.000000,0.000000,0.000000,0.012160,0.000000,0.910900,14.955262,13.275842,0.303553,20.000000
23.692000,1,"LINK_TORSO_YAW",23.679000,0.200000,0.013000,20.000000,0.000000,0.000000,20.000000,0.000000,0.000000,0.000000,0.000000,0.012160,0.000000,0.910900,14.952363,13.279103,0.303747,20.000000
23.693000,1,"LINK_TORSO_YAW",23.679000,0.200000,0.014000,20.000000,0.000000,0.000000,20.000000,0.000000,0.000000,0.000000,0.000000,0.012160,0.000000,0.910900,14.949500,13.282327,0.303721,20.000000
23.694000,1,"LINK_TORSO_YAW",23.679000,0.200000,0.015000,20.000000,0.000000,0.000000,20.000000,0.000000,0.000000,0.000000,0.000000,0.012160,0.000000,0.910900,14.946639,13.285553,0.303445,20.000000
23.695000,1,"LINK_TORSO_YAW",23.679000,0.200000,0.016000,20.000000,0.000000,0.000000,20.000000,0.000000,0.000000,0.000000,0.000000,0.012160,0.000000,0.910900,14.943792,13.288766,0.302946,20.000000
23.696000,1,"LINK_TORSO_YAW",23.679000,0.200000,0.017000,20.000000,0.000000,0.000000,20.000000,0.000000,0.000000,0.000000,0.000000,0.012160,0.000000,0.910900,14.940946,13.291984,0.302170,20.000000
23.697000,1,"LINK_TORSO_YAW",23.679000,0.200000,0.018000,20.000000,0.000000,0.000000,20.000000,0.000000,0.000000,0.000000,0.000000,0.012160,0.000000,0.910900,14.938147,13.295154,0.301076,20.000000
23.698000,1,"LINK_TORSO_YAW",23.679000,0.200000,0.019000,20.000000,0.000000,0.000000,20.000000,0.000000,0.000000,0.000000,0.000000,0.012160,0.000000,0.910900,14.935357,13.298321,0.299606,20.000000
23.699000,1,"LINK_TORSO_YAW",23.679000,0.200000,0.020000,20.000000,0.000000,0.000000,20.000000,0.000000,0.000000,0.000000,0.000000,0.012160,0.000000,0.910900,14.932583,13.301479,0.297712,20.000000
23.700000,1,"LINK_TORSO_YAW",23.679000,0.200000,0.021000,20.000000,0.000000,0.000000,20.000000,0.000000,0.000000,0.000000,0.000000,0.012160,0.000000,0.910900,14.929812,13.304642,0.295337,20.000000
23.701000,1,"LINK_TORSO_YAW",23.679000,0.200000,0.022000,20.000000,0.000000,0.000000,20.000000,0.000000,0.000000,0.000000,0.000000,0.012160,0.000000,0.910900,14.927012,13.307847,0.292435,20.000000
23.702000,1,"LINK_TORSO_YAW",23.679000,0.200000,0.023000,20.000000,0.000000,0.000000,20.000000,0.000000,0.000000,0.000000,0.000000,0.012160,0.000000,0.910900,14.924273,13.310980,0.289595,20.000000
23.703000,1,"LINK_TORSO_YAW",23.679000,0.200000,0.024000,20.000000,0.000000,0.000000,20.000000,0.000000,0.000000,0.000000,0.000000,0.012160,0.000000,0.910900,14.921563,13.314080,0.286766,20.000000
23.704000,1,"LINK_TORSO_YAW",23.679000,0.200000,0.025000,20.000000,0.000000,0.000000,20.000000,0.000000,0.000000,0.000000,0.000000,0.012160,0.000000,0.910900,14.918879,13.317149,0.283894,20.000000
23.705000,1,"LINK_TORSO_YAW",23.679000,0.200000,0.026000,20.000000,0.000000,0.000000,20.000000,0.000000,0.000000,0.000000,0.000000,0.012160,0.000000,0.910900,14.916242,13.320165,0.280924,20.000000
23.706000,1,"LINK_TORSO_YAW",23.679000,0.200000,0.027000,20.000000,0.000000,0.000000,20.000000,0.000000,0.000000,0.000000,0.000000,0.012160,0.000000,0.910900,14.913614,13.323173,0.277797,20.000000
23.707000,1,"LINK_TORSO_YAW",23.679000,0.200000,0.028000,20.000000,0.000000,0.000000,20.000000,0.000000,0.000000,0.000000,0.000000,0.012160,0.000000,0.910900,14.910980,13.326190,0.274450,20.000000
23.708000,1,"LINK_TORSO_YAW",23.679000,0.200000,0.029000,20.000000,0.000000,0.000000,20.000000,0.000000,0.000000,0.000000,0.000000,0.012160,0.000000,0.910900,14.908403,13.329147,0.270866,20.000000
23.709000,1,"LINK_TORSO_YAW",23.679000,0.200000,0.030000,20.000000,0.000000,0.000000,20.000000,0.000000,0.000000,0.000000,0.000000,0.012160,0.000000,0.910900,14.905863,13.332066,0.266984,20.000000
23.710000,1,"LINK_TORSO_YAW",23.679000,0.200000,0.031000,20.000000,0.000000,0.000000,20.000000,0.000000,0.000000,0.000000,0.000000,0.012160,0.000000,0.910900,14.903314,13.334999,0.262745,20.000000
23.711000,1,"LINK_TORSO_YAW",23.679000,0.200000,0.032000,20.000000,0.000000,0.000000,20.000000,0.000000,0.000000,0.000000,0.000000,0.012160,0.000000,0.910900,14.900844,13.337849,0.258108,20.000000
23.712000,1,"LINK_TORSO_YAW",23.679000,0.200000,0.033000,20.000000,0.000000,0.000000,20.000000,0.000000,0.000000,0.000000,0.000000,0.012160,0.000000,0.910900,14.898379,13.340689,0.253564,20.000000
23.713000,1,"LINK_TORSO_YAW",23.679000,0.200000,0.034000,20.000000,0.000000,0.000000,20.000000,0.000000,0.000000,0.000000,0.000000,0.012160,0.000000,0.910900,14.895949,13.343488,0.249062,20.000000
23.714000,1,"LINK_TORSO_YAW",23.679000,0.200000,0.035000,20.000000,0.000000,0.000000,20.000000,0.000000,0.000000,0.000000,0.000000,0.012160,0.000000,0.910900,14.893538,13.346262,0.244584,20.000000
23.715000,1,"LINK_TORSO_YAW",23.679000,0.200000,0.036000,20.000000,0.000000,0.000000,20.000000,0.000000,0.000000,0.000000,0.000000,0.012160,0.000000,0.910900,14.891161,13.348996,0.240082,20.000000
23.716000,1,"LINK_TORSO_YAW",23.679000,0.200000,0.037000,20.000000,0.000000,0.000000,20.000000,0.000000,0.000000,0.000000,0.000000,0.012160,0.000000,0.910900,14.888796,13.351715,0.235482,20.000000
23.717000,1,"LINK_TORSO_YAW",23.679000,0.200000,0.038000,20.000000,0.000000,0.000000,20.000000,0.000000,0.000000,0.000000,0.000000,0.012160,0.000000,0.910900,14.886473,13.354388,0.230741,20.000000
23.718000,1,"LINK_TORSO_YAW",23.679000,0.200000,0.039000,20.000000,0.000000,0.000000,20.000000,0.000000,0.000000,0.000000,0.000000,0.012160,0.000000,0.910900,14.884147,13.357065,0.225789,20.000000
23.719000,1,"LINK_TORSO_YAW",23.679000,0.200000,0.040000,20.000000,0.000000,0.000000,20.000000,0.000000,0.000000,0.000000,0.000000,0.012160,0.000000,0.910900,14.881869,13.359690,0.220583,20.000000
23.720000,1,"LINK_TORSO_YAW",23.679000,0.200000,0.041000,20.000000,0.000000,0.000000,20.000000,0.000000,0.000000,0.000000,0.000000,0.012160,0.000000,0.910900,14.879591,13.362317,0.215105,20.000000
23.721000,1,"LINK_TORSO_YAW",23.679000,0.200000,0.042000,20.000000,0.000000,0.000000,20.000000,0.000000,0.000000,0.000000,0.000000,0.012160,0.000000,0.910900,14.877386,13.364863,0.209310,20.000000
23.722000,1,"LINK_TORSO_YAW",23.679000,0.200000,0.043000,20.000000,0.000000,0.000000,20.000000,0.000000,0.000000,0.000000,0.000000,0.012160,0.000000,0.910900,14.875189,13.367396,0.203655,20.000000
23.723000,1,"LINK_TORSO_YAW",23.679000,0.200000,0.044000,20.000000,0.000000,0.000000,20.000000,0.000000,0.000000,0.000000,0.000000,0.012160,0.000000,0.910900,14.873044,13.369866,0.198083,20.000000
23.724000,1,"LINK_TORSO_YAW",23.679000,0.200000,0.045000,20.000000,0.000000,0.000000,20.000000,0.000000,0.000000,0.000000,0.000000,0.012160,0.000000,0.910900,14.870914,13.372316,0.192552,20.000000
23.725000,1,"LINK_TORSO_YAW",23.679000,0.200000,0.046000,20.000000,0.000000,0.000000,20.000000,0.000000,0.000000,0.000000,0.000000,0.012160,0.000000,0.910900,14.868836,13.374705,0.187007,20.000000
23.726000,1,"LINK_TORSO_YAW",23.679000,0.200000,0.047000,20.000000,0.000000,0.000000,20.000000,0.000000,0.000000,0.000000,0.000000,0.012160,0.000000,0.910900,14.866800,13.377046,0.181421,20.000000
23.727000,1,"LINK_TORSO_YAW",23.679000,0.200000,0.048000,20.000000,0.000000,0.000000,20.000000,0.000000,0.000000,0.000000,0.000000,0.012160,0.000000,0.910900,14.864825,13.379315,0.175741,20.000000
23.728000,1,"LINK_TORSO_YAW",23.679000,0.200000,0.049000,20.000000,0.000000,0.000000,20.000000,0.000000,0.000000,0.000000,0.000000,0.012160,0.000000,0.910900,14.862857,13.381577,0.169931,20.000000
23.729000,1,"LINK_TORSO_YAW",23.679000,0.200000,0.050000,20.000000,0.000000,0.000000,20.000000,0.000000,0.000000,0.000000,0.000000,0.012160,0.000000,0.910900,14.860953,13.383766,0.163948,20.000000
23.730000,1,"LINK_TORSO_YAW",23.679000,0.200000,0.051000,20.000000,0.000000,0.000000,20.000000,0.000000,0.000000,0.000000,0.000000,0.012160,0.000000,0.910900,14.859053,13.385951,0.157722,20.000000
23.731000,1,"LINK_TORSO_YAW",23.679000,0.200000,0.052000,20.000000,0.000000,0.000000,20.000000,0.000000,0.000000,0.000000,0.000000,0.012160,0.000000,0.910900,14.857158,13.388123,0.151716,20.000000
23.732000,1,"LINK_TORSO_YAW",23.679000,0.200000,0.053000,20.000000,0.000000,0.000000,20.000000,0.000000,0.000000,0.000000,0.000000,0.012160,0.000000,0.910900,14.855378,13.390163,0.145877,20.000000
23.733000,1,"LINK_TORSO_YAW",23.679000,0.200000,0.054000,20.000000,0.000000,0.000000,20.000000,0.000000,0.000000,0.000000,0.000000,0.012160,0.000000,0.910900,14.853663,13.392127,0.140138,20.000000
23.734000,1,"LINK_TORSO_YAW",23.679000,0.200000,0.055000,20.000000,0.000000,0.000000,20.000000,0.000000,0.000000,0.000000,0.000000,0.012160,0.000000,0.910900,14.852002,13.394027,0.134426,20.000000
23.735000,1,"LINK_TORSO_YAW",23.679000,0.200000,0.056000,20.000000,0.000000,0.000000,20.000000,0.000000,0.000000,0.000000,0.000000,0.012160,0.000000,0.910900,14.850359,13.395906,0.128683,20.000000
23.736000,1,"LINK_TORSO_YAW",23.679000,0.200000,0.057000,20.000000,0.000000,0.000000,20.000000,0.000000,0.000000,0.000000,0.000000,0.012160,0.000000,0.910900,14.848791,13.397698,0.122868,20.000000
23.737000,1,"LINK_TORSO_YAW",23.679000,0.200000,0.058000,20.000000,0.000000,0.000000,20.000000,0.000000,0.000000,0.000000,0.000000,0.012160,0.000000,0.910900,14.847241,13.399469,0.116943,20.000000
23.738000,1,"LINK_TORSO_YAW",23.679000,0.200000,0.059000,20.000000,0.000000,0.000000,20.000000,0.000000,0.000000,0.000000,0.000000,0.012160,0.000000,0.910900,14.845771,13.401148,0.110889,20.000000
23.739000,1,"LINK_TORSO_YAW",23.679000,0.200000,0.060000,20.000000,0.000000,0.000000,20.000000,0.000000,0.000000,0.000000,0.000000,0.012160,0.000000,0.910900,14.844318,13.402808,0.104647,20.000000
23.740000,1,"LINK_TORSO_YAW",23.679000,0.200000,0.061000,20.000000,0.000000,0.000000,20.000000,0.000000,0.000000,0.000000,0.000000,0.012160,0.000000,0.910900,14.842947,13.404376,0.098177,20.000000
23.741000,1,"LINK_TORSO_YAW",23.679000,0.200000,0.062000,20.000000,0.000000,0.000000,20.000000,0.000000,0.000000,0.000000,0.000000,0.012160,0.000000,0.910900,14.841575,13.405942,0.091443,20.000000
23.742000,1,"LINK_TORSO_YAW",23.679000,0.200000,0.063000,20.000000,0.000000,0.000000,20.000000,0.000000,0.000000,0.000000,0.000000,0.012160,0.000000,0.910900,14.840198,13.407510,0.084945,20.000000
23.743000,1,"LINK_TORSO_YAW",23.679000,0.200000,0.064000,20.000000,0.000000,0.000000,20.000000,0.000000,0.000000,0.000000,0.000000,0.012160,0.000000,0.910900,14.838925,13.408957,0.078626,20.000000
23.744000,1,"LINK_TORSO_YAW",23.679000,0.200000,0.065000,20.000000,0.000000,0.000000,20.000000,0.000000,0.000000,0.000000,0.000000,0.012160,0.000000,0.910900,14.837710,13.410335,0.072516,20.000000
23.745000,1,"LINK_TORSO_YAW",23.679000,0.200000,0.066000,20.000000,0.000000,0.000000,20.000000,0.000000,0.000000,0.000000,0.000000,0.012160,0.000000,0.910900,14.836527,13.411676,0.066549,20.000000
23.746000,1,"LINK_TORSO_YAW",23.679000,0.200000,0.067000,20.000000,0.000000,0.000000,20.000000,0.000000,0.000000,0.000000,0.000000,0.012160,0.000000,0.910900,14.835431,13.412915,0.060662,20.000000
23.747000,1,"LINK_TORSO_YAW",23.679000,0.200000,0.068000,20.000000,0.000000,0.000000,20.000000,0.000000,0.000000,0.000000,0.000000,0.012160,0.000000,0.910900,14.834369,13.414116,0.054787,20.000000
23.748000,1,"LINK_TORSO_YAW",23.679000,0.200000,0.069000,20.000000,0.000000,0.000000,20.000000,0.000000,0.000000,0.000000,0.000000,0.012160,0.000000,0.910900,14.833370,13.415243,0.048874,20.000000
23.749000,1,"LINK_TORSO_YAW",23.679000,0.200000,0.070000,20.000000,0.000000,0.000000,20.000000,0.000000,0.000000,0.000000,0.000000,0.012160,0.000000,0.910900,14.832419,13.416315,0.042849,20.000000
23.750000,1,"LINK_TORSO_YAW",23.679000,0.200000,0.071000,20.000000,0.000000,0.000000,20.000000,0.000000,0.000000,0.000000,0.000000,0.012160,0.000000,0.910900,14.831564,13.417278,0.036732,20.000000
23.751000,1,"LINK_TORSO_YAW",23.679000,0.200000,0.072000,20.000000,0.000000,0.000000,20.000000,0.000000,0.000000,0.000000,0.000000,0.012160,0.000000,0.910900,14.830723,13.418222,0.030952,20.000000
23.752000,1,"LINK_TORSO_YAW",23.679000,0.200000,0.073000,20.000000,0.000000,0.000000,20.000000,0.000000,0.000000,0.000000,0.000000,0.012160,0.000000,0.910900,14.829978,13.419057,0.025441,20.000000
23.753000,1,"LINK_TORSO_YAW",23.679000,0.200000,0.074000,20.000000,0.000000,0.000000,20.000000,0.000000,0.000000,0.000000,0.000000,0.012160,0.000000,0.910900,14.829258,13.419862,0.020130,20.000000
23.754000,1,"LINK_TORSO_YAW",23.679000,0.200000,0.075000,20.000000,0.000000,0.000000,20.000000,0.000000,0.000000,0.000000,0.000000,0.012160,0.000000,0.910900,14.828616,13.420579,0.014960,20.000000
23.755000,1,"LINK_TORSO_YAW",23.679000,0.200000,0.076000,20.000000,0.000000,0.000000,20.000000,0.000000,0.000000,0.000000,0.000000,0.012160,0.000000,0.910900,14.828030,13.421231,0.009916,20.000000
23.756000,1,"LINK_TORSO_YAW",23.679000,0.200000,0.077000,20.000000,0.000000,0.000000,20.000000,0.000000,0.000000,0.000000,0.000000,0.012160,0.000000,0.910900,14.827540,13.421775,0.004929,20.000000
23.757000,1,"LINK_TORSO_YAW",23.679000,0.200000,0.078000,20.000000,0.000000,0.000000,20.000000,0.000000,0.000000,0.000000,0.000000,0.012160,0.000000,0.910900,14.827084,13.422280,-0.000069,20.000000
23.758000,1,"LINK_TORSO_YAW",23.679000,0.200000,0.079000,20.000000,0.000000,0.000000,20.000000,0.000000,0.000000,0.000000,0.000000,0.012160,0.000000,0.910900,14.826728,13.422672,-0.005132,20.000000
23.759000,1,"LINK_TORSO_YAW",23.679000,0.200000,0.080000,20.000000,0.000000,0.000000,20.000000,0.000000,0.000000,0.000000,0.000000,0.012160,0.000000,0.910900,14.826403,13.423028,-0.010330,20.000000
23.760000,1,"LINK_TORSO_YAW",23.679000,0.200000,0.081000,20.000000,0.000000,0.000000,20.000000,0.000000,0.000000,0.000000,0.000000,0.012160,0.000000,0.910900,14.826153,13.423298,-0.015703,20.000000
23.761000,1,"LINK_TORSO_YAW",23.679000,0.200000,0.082000,20.000000,0.000000,0.000000,20.000000,0.000000,0.000000,0.000000,0.000000,0.012160,0.000000,0.910900,14.825944,13.423521,-0.021275,20.000000
23.762000,1,"LINK_TORSO_YAW",23.679000,0.200000,0.083000,20.000000,0.000000,0.000000,20.000000,0.000000,0.000000,0.000000,0.000000,0.012160,0.000000,0.910900,14.825809,13.423661,-0.026483,20.000000
23.763000,1,"LINK_TORSO_YAW",23.679000,0.200000,0.084000,20.000000,0.000000,0.000000,20.000000,0.000000,0.000000,0.000000,0.000000,0.012160,0.000000,0.910900,14.825718,13.423751,-0.031397,20.000000
23.764000,1,"LINK_TORSO_YAW",23.679000,0.200000,0.085000,20.000000,0.000000,0.000000,20.000000,0.000000,0.000000,0.000000,0.000000,0.012160,0.000000,0.910900,14.825649,13.423816,-0.036088,20.000000
23.765000,1,"LINK_TORSO_YAW",23.679000,0.200000,0.086000,20.000000,0.000000,0.000000,20.000000,0.000000,0.000000,0.000000,0.000000,0.012160,0.000000,0.910900,14.825653,13.423798,-0.040608,20.000000
23.766000,1,"LINK_TORSO_YAW",23.679000,0.200000,0.087000,20.000000,0.000000,0.000000,20.000000,0.000000,0.000000,0.000000,0.000000,0.012160,0.000000,0.910900,14.825738,13.423691,-0.045024,20.000000
23.767000,1,"LINK_TORSO_YAW",23.679000,0.200000,0.088000,20.000000,0.000000,0.000000,20.000000,0.000000,0.000000,0.000000,0.000000,0.012160,0.000000,0.910900,14.825847,13.423555,-0.049392,20.000000
23.768000,1,"LINK_TORSO_YAW",23.679000,0.200000,0.089000,20.000000,0.000000,0.000000,20.000000,0.000000,0.000000,0.000000,0.000000,0.012160,0.000000,0.910900,14.826061,13.423301,-0.053738,20.000000
23.769000,1,"LINK_TORSO_YAW",23.679000,0.200000,0.090000,20.000000,0.000000,0.000000,20.000000,0.000000,0.000000,0.000000,0.000000,0.012160,0.000000,0.910900,14.826344,13.422970,-0.058131,20.000000
23.770000,1,"LINK_TORSO_YAW",23.679000,0.200000,0.091000,20.000000,0.000000,0.000000,20.000000,0.000000,0.000000,0.000000,0.000000,0.012160,0.000000,0.910900,14.826683,13.422578,-0.062178,20.000000
23.771000,1,"LINK_TORSO_YAW",23.679000,0.200000,0.092000,20.000000,0.000000,0.000000,20.000000,0.000000,0.000000,0.000000,0.000000,0.012160,0.000000,0.910900,14.827143,13.422052,-0.065947,20.000000
23.772000,1,"LINK_TORSO_YAW",23.679000,0.200000,0.093000,20.000000,0.000000,0.000000,20.000000,0.000000,0.000000,0.000000,0.000000,0.012160,0.000000,0.910900,14.827662,13.421461,-0.069482,20.000000
23.773000,1,"LINK_TORSO_YAW",23.679000,0.200000,0.094000,20.000000,0.000000,0.000000,20.000000,0.000000,0.000000,0.000000,0.000000,0.012160,0.000000,0.910900,14.828212,13.420835,-0.072847,20.000000
23.774000,1,"LINK_TORSO_YAW",23.679000,0.200000,0.095000,20.000000,0.000000,0.000000,20.000000,0.000000,0.000000,0.000000,0.000000,0.012160,0.000000,0.910900,14.828847,13.420116,-0.076095,20.000000
23.775000,1,"LINK_TORSO_YAW",23.679000,0.200000,0.096000,20.000000,0.000000,0.000000,20.000000,0.000000,0.000000,0.000000,0.000000,0.012160,0.000000,0.910900,14.829578,13.419289,-0.079299,20.000000
23.776000,1,"LINK_TORSO_YAW",23.679000,0.200000,0.097000,20.000000,0.000000,0.000000,20.000000,0.000000,0.000000,0.000000,0.000000,0.012160,0.000000,0.910900,14.830373,13.418392,-0.082518,20.000000
23.777000,1,"LINK_TORSO_YAW",23.679000,0.200000,0.098000,20.000000,0.000000,0.000000,20.000000,0.000000,0.000000,0.000000,0.000000,0.012160,0.000000,0.910900,14.831200,13.417457,-0.085812,20.000000
23.778000,1,"LINK_TORSO_YAW",23.679000,0.200000,0.099000,20.000000,0.000000,0.000000,20.000000,0.000000,0.000000,0.000000,0.000000,0.012160,0.000000,0.910900,14.832119,13.416418,-0.089229,20.000000
23.779000,1,"LINK_TORSO_YAW",23.679000,0.200000,0.100000,20.000000,0.000000,0.000000,20.000000,0.000000,0.000000,0.000000,0.000000,0.012160,0.000000,0.910900,14.833113,13.415296,-0.092808,20.000000
23.780000,1,"LINK_TORSO_YAW",23.679000,0.200000,0.101000,20.000000,0.000000,0.000000,20.000000,0.000000,0.000000,0.000000,0.000000,0.012160,0.000000,0.910900,14.834129,13.414144,-0.096611,20.000000
23.781000,1,"LINK_TORSO_YAW",23.679000,0.200000,0.102000,20.000000,0.000000,0.000000,20.000000,0.000000,0.000000,0.000000,0.000000,0.012160,0.000000,0.910900,14.835241,13.412890,-0.100074,20.000000
23.782000,1,"LINK_TORSO_YAW",23.679000,0.200000,0.103000,20.000000,0.000000,0.000000,20.000000,0.000000,0.000000,0.000000,0.000000,0.012160,0.000000,0.910900,14.836405,13.411578,-0.103254,20.000000
23.783000,1,"LINK_TORSO_YAW",23.679000,0.200000,0.104000,20.000000,0.000000,0.000000,20.000000,0.000000,0.000000,0.000000,0.000000,0.012160,0.000000,0.910900,14.837655,13.410172,-0.106222,20.000000
23.784000,1,"LINK_TORSO_YAW",23.679000,0.200000,0.105000,20.000000,0.000000,0.000000,20.000000,0.000000,0.000000,0.000000,0.000000,0.012160,0.000000,0.910900,14.838935,13.408732,-0.109048,20.000000
23.785000,1,"LINK_TORSO_YAW",23.679000,0.200000,0.106000,20.000000,0.000000,0.000000,20.000000,0.000000,0.000000,0.000000,0.000000,0.012160,0.000000,0.910900,14.840308,13.407191,-0.111745,20.000000
23.786000,1,"LINK_TORSO_YAW",23.679000,0.200000,0.107000,20.000000,0.000000,0.000000,20.000000,0.000000,0.000000,0.000000,0.000000,0.012160,0.000000,0.910900,14.841710,13.405617,-0.114369,20.000000
23.787000,1,"LINK_TORSO_YAW",23.679000,0.200000,0.108000,20.000000,0.000000,0.000000,20.000000,0.000000,0.000000,0.000000,0.000000,0.012160,0.000000,0.910900,14.843186,13.403960,-0.116983,20.000000
23.788000,1,"LINK_TORSO_YAW",23.679000,0.200000,0.109000,20.000000,0.000000,0.000000,20.000000,0.000000,0.000000,0.000000,0.000000,0.012160,0.000000,0.910900,14.844704,13.402255,-0.119652,20.000000
23.789000,1,"LINK_TORSO_YAW",23.679000,0.200000,0.110000,20.000000,0.000000,0.000000,20.000000,0.000000,0.000000,0.000000,0.000000,0.012160,0.000000,0.910900,14.846244,13.400524,-0.122444,20.000000
23.790000,1,"LINK_TORSO_YAW",23.679000,0.200000,0.111000,20.000000,0.000000,0.000000,20.000000,0.000000,0.000000,0.000000,0.000000,0.012160,0.000000,0.910900,14.847785,13.398794,-0.124854,20.000000
23.791000,1,"LINK_TORSO_YAW",23.679000,0.200000,0.112000,20.000000,0.000000,0.000000,20.000000,0.000000,0.000000,0.000000,0.000000,0.012160,0.000000,0.910900,14.849358,13.397031,-0.126968,20.000000
23.792000,1,"LINK_TORSO_YAW",23.679000,0.200000,0.113000,20.000000,0.000000,0.000000,20.000000,0.000000,0.000000,0.000000,0.000000,0.012160,0.000000,0.910900,14.850918,13.395284,-0.128859,20.000000
23.793000,1,"LINK_TORSO_YAW",23.679000,0.200000,0.114000,20.000000,0.000000,0.000000,20.000000,0.000000,0.000000,0.000000,0.000000,0.012160,0.000000,0.910900,14.852474,13.393542,-0.130595,20.000000
23.794000,1,"LINK_TORSO_YAW",23.679000,0.200000,0.115000,20.000000,0.000000,0.000000,20.000000,0.000000,0.000000,0.000000,0.000000,0.012160,0.000000,0.910900,14.854026,13.391805,-0.132238,20.000000
23.795000,1,"LINK_TORSO_YAW",23.679000,0.200000,0.116000,20.000000,0.000000,0.000000,20.000000,0.000000,0.000000,0.000000,0.000000,0.012160,0.000000,0.910900,14.855548,13.390100,-0.133832,20.000000
23.796000,1,"LINK_TORSO_YAW",23.679000,0.200000,0.117000,20.000000,0.000000,0.000000,20.000000,0.000000,0.000000,0.000000,0.000000,0.012160,0.000000,0.910900,14.857057,13.388410,-0.135400,20.000000
23.797000,1,"LINK_TORSO_YAW",23.679000,0.200000,0.118000,20.000000,0.000000,0.000000,20.000000,0.000000,0.000000,0.000000,0.000000,0.012160,0.000000,0.910900,14.858510,13.386781,-0.137013,20.000000
23.798000,1,"LINK_TORSO_YAW",23.679000,0.200000,0.119000,20.000000,0.000000,0.000000,20.000000,0.000000,0.000000,0.000000,0.000000,0.012160,0.000000,0.910900,14.859908,13.385211,-0.138735,20.000000
23.799000,1,"LINK_TORSO_YAW",23.679000,0.200000,0.120000,20.000000,0.000000,0.000000,20.000000,0.000000,0.000000,0.000000,0.000000,0.012160,0.000000,0.910900,14.861232,13.383721,-0.140621,20.000000
23.800000,1,"LINK_TORSO_YAW",23.679000,0.200000,0.121000,20.000000,0.000000,0.000000,20.000000,0.000000,0.000000,0.000000,0.000000,0.012160,0.000000,0.910900,14.862550,13.382236,-0.142732,20.000000
23.801000,1,"LINK_TORSO_YAW",23.679000,0.200000,0.122000,20.000000,0.000000,0.000000,20.000000,0.000000,0.000000,0.000000,0.000000,0.012160,0.000000,0.910900,14.863831,13.380794,-0.144529,20.000000
23.802000,1,"LINK_TORSO_YAW",23.679000,0.200000,0.123000,20.000000,0.000000,0.000000,20.000000,0.000000,0.000000,0.000000,0.000000,0.012160,0.000000,0.910900,14.865033,13.379443,-0.145919,20.000000
23.803000,1,"LINK_TORSO_YAW",23.679000,0.200000,0.124000,20.000000,0.000000,0.000000,20.000000,0.000000,0.000000,0.000000,0.000000,0.012160,0.000000,0.910900,14.866130,13.378213,-0.146958,20.000000
23.804000,1,"LINK_TORSO_YAW",23.679000,0.200000,0.125000,20.000000,0.000000,0.000000,20.000000,0.000000,0.000000,0.000000,0.000000,0.012160,0.000000,0.910900,14.867160,13.377060,-0.147724,20.000000
23.805000,1,"LINK_TORSO_YAW",23.679000,0.200000,0.126000,20.000000,0.000000,0.000000,20.000000,0.000000,0.000000,0.000000,0.000000,0.012160,0.000000,0.910900,14.868108,13.376000,-0.148288,20.000000
23.806000,1,"LINK_TORSO_YAW",23.679000,0.200000,0.127000,20.000000,0.000000,0.000000,20.000000,0.000000,0.000000,0.000000,0.000000,0.012160,0.000000,0.910900,14.868981,13.375025,-0.148704,20.000000
23.807000,1,"LINK_TORSO_YAW",23.679000,0.200000,0.128000,20.000000,0.000000,0.000000,20.000000,0.000000,0.000000,0.000000,0.000000,0.012160,0.000000,0.910900,14.869774,13.374144,-0.148595,20.000000
23.808000,1,"LINK_TORSO_YAW",23.679000,0.200000,0.129000,20.000000,0.000000,0.000000,20.000000,0.000000,0.000000,0.000000,0.000000,0.012160,0.000000,0.910900,14.870512,13.373330,-0.148017,20.000000
23.809000,1,"LINK_TORSO_YAW",23.679000,0.200000,0.130000,20.000000,0.000000,0.000000,20.000000,0.000000,0.000000,0.000000,0.000000,0.012160,0.000000,0.910900,14.871154,13.372625,-0.147245,20.000000
23.810000,1,"LINK_TORSO_YAW",23.679000,0.200000,0.131000,20.000000,0.000000,0.000000,20.000000,0.000000,0.000000,0.000000,0.000000,0.012160,0.000000,0.910900,14.871776,13.371944,-0.146296,20.000000
23.811000,1,"LINK_TORSO_YAW",23.679000,0.200000,0.132000,20.000000,0.000000,0.000000,20.000000,0.000000,0.000000,0.000000,0.000000,0.012160,0.000000,0.910900,14.872320,13.371350,-0.145210,20.000000
23.813000,1,"LINK_TORSO_YAW",23.679000,0.200000,0.134000,20.000000,0.000000,0.000000,20.000000,0.000000,0.000000,0.000000,0.000000,0.012160,0.000000,0.910900,14.873358,13.370224,-0.142657,20.000000
23.815000,1,"LINK_TORSO_YAW",23.679000,0.200000,0.136000,20.000000,0.000000,0.000000,20.000000,0.000000,0.000000,0.000000,0.000000,0.012160,0.000000,0.910900,14.874201,13.369314,-0.139958,20.000000
23.816000,1,"LINK_TORSO_YAW",23.679000,0.200000,0.137000,20.000000,0.000000,0.000000,20.000000,0.000000,0.000000,0.000000,0.000000,0.012160,0.000000,0.910900,14.874533,13.368962,-0.138290,20.000000
23.817000,1,"LINK_TORSO_YAW",23.679000,0.200000,0.138000,20.000000,0.000000,0.000000,20.000000,0.000000,0.000000,0.000000,0.000000,0.012160,0.000000,0.910900,14.874787,13.368700,-0.136271,20.000000
23.818000,1,"LINK_TORSO_YAW",23.679000,0.200000,0.139000,20.000000,0.000000,0.000000,20.000000,0.000000,0.000000,0.000000,0.000000,0.012160,0.000000,0.910900,14.874967,13.368523,-0.133937,20.000000
23.820000,1,"LINK_TORSO_YAW",23.679000,0.200000,0.141000,20.000000,0.000000,0.000000,20.000000,0.000000,0.000000,0.000000,0.000000,0.012160,0.000000,0.910900,14.875199,13.368319,-0.128463,20.000000
23.821000,1,"LINK_TORSO_YAW",23.679000,0.200000,0.142000,20.000000,0.000000,0.000000,20.000000,0.000000,0.000000,0.000000,0.000000,0.012160,0.000000,0.910900,14.875247,13.368295,-0.125392,20.000000
23.823000,1,"LINK_TORSO_YAW",23.679000,0.200000,0.144000,20.000000,0.000000,0.000000,20.000000,0.000000,0.000000,0.000000,0.000000,0.012160,0.000000,0.910900,14.875057,13.368565,-0.118911,20.000000
23.824000,1,"LINK_TORSO_YAW",23.679000,0.200000,0.145000,20.000000,0.000000,0.000000,20.000000,0.000000,0.000000,0.000000,0.000000,0.012160,0.000000,0.910900,14.874890,13.368783,-0.115271,20.000000
23.825000,1,"LINK_TORSO_YAW",23.679000,0.200000,0.146000,20.000000,0.000000,0.000000,20.000000,0.000000,0.000000,0.000000,0.000000,0.012160,0.000000,0.910900,14.874614,13.369128,-0.110859,20.000000
23.826000,1,"LINK_TORSO_YAW",23.679000,0.200000,0.147000,20.000000,0.000000,0.000000,20.000000,0.000000,0.000000,0.000000,0.000000,0.012160,0.000000,0.910900,14.874220,13.369608,-0.105726,20.000000
23.827000,1,"LINK_TORSO_YAW",23.679000,0.200000,0.148000,20.000000,0.000000,0.000000,20.000000,0.000000,0.000000,0.000000,0.000000,0.012160,0.000000,0.910900,14.873667,13.370267,-0.100013,20.000000
23.828000,1,"LINK_TORSO_YAW",23.679000,0.200000,0.149000,20.000000,0.000000,0.000000,20.000000,0.000000,0.000000,0.000000,0.000000,0.012160,0.000000,0.910900,14.873064,13.370983,-0.093742,20.000000
23.829000,1,"LINK_TORSO_YAW",23.679000,0.200000,0.150000,20.000000,0.000000,0.000000,20.000000,0.000000,0.000000,0.000000,0.000000,0.012160,0.000000,0.910900,14.872423,13.371741,-0.087054,20.000000
23.830000,1,"LINK_TORSO_YAW",23.679000,0.200000,0.151000,20.000000,0.000000,0.000000,20.000000,0.000000,0.000000,0.000000,0.000000,0.012160,0.000000,0.910900,14.871758,13.372525,-0.079992,20.000000
23.831000,1,"LINK_TORSO_YAW",23.679000,0.200000,0.152000,20.000000,0.000000,0.000000,20.000000,0.000000,0.000000,0.000000,0.000000,0.012160,0.000000,0.910900,14.871050,13.373354,-0.072616,20.000000
23.832000,1,"LINK_TORSO_YAW",23.679000,0.200000,0.153000,20.000000,0.000000,0.000000,20.000000,0.000000,0.000000,0.000000,0.000000,0.012160,0.000000,0.910900,14.870315,13.374210,-0.064993,20.000000
23.833000,1,"LINK_TORSO_YAW",23.679000,0.200000,0.154000,20.000000,0.000000,0.000000,20.000000,0.000000,0.000000,0.000000,0.000000,0.012160,0.000000,0.910900,14.869506,13.375146,-0.057161,20.000000
23.834000,1,"LINK_TORSO_YAW",23.679000,0.200000,0.155000,20.000000,0.000000,0.000000,20.000000,0.000000,0.000000,0.000000,0.000000,0.012160,0.000000,0.910900,14.868653,13.376124,-0.049470,20.000000
23.835000,1,"LINK_TORSO_YAW",23.679000,0.200000,0.156000,20.000000,0.000000,0.000000,20.000000,0.000000,0.000000,0.000000,0.000000,0.012160,0.000000,0.910900,14.867726,13.377181,-0.041958,20.000000
23.836000,1,"LINK_TORSO_YAW",23.679000,0.200000,0.157000,20.000000,0.000000,0.000000,20.000000,0.000000,0.000000,0.000000,0.000000,0.012160,0.000000,0.910900,14.866783,13.378250,-0.034684,20.000000
23.837000,1,"LINK_TORSO_YAW",23.679000,0.200000,0.158000,20.000000,0.000000,0.000000,20.000000,0.000000,0.000000,0.000000,0.000000,0.012160,0.000000,0.910900,14.865815,13.379343,-0.027032,20.000000
23.838000,1,"LINK_TORSO_YAW",23.679000,0.200000,0.159000,20.000000,0.000000,0.000000,20.000000,0.000000,0.000000,0.000000,0.000000,0.012160,0.000000,0.910900,14.864833,13.380447,-0.019066,20.000000
23.839000,1,"LINK_TORSO_YAW",23.679000,0.200000,0.160000,20.000000,0.000000,0.000000,20.000000,0.000000,0.000000,0.000000,0.000000,0.012160,0.000000,0.910900,14.863867,13.381530,-0.010862,20.000000
23.840000,1,"LINK_TORSO_YAW",23.679000,0.200000,0.161000,20.000000,0.000000,0.000000,20.000000,0.000000,0.000000,0.000000,0.000000,0.012160,0.000000,0.910900,14.862850,13.382663,-0.002706,20.000000
23.841000,1,"LINK_TORSO_YAW",23.679000,0.200000,0.162000,20.000000,0.000000,0.000000,20.000000,0.000000,0.000000,0.000000,0.000000,0.012160,0.000000,0.910900,14.861844,13.383780,0.005326,20.000000
23.842000,1,"LINK_TORSO_YAW",23.679000,0.200000,0.163000,20.000000,0.000000,0.000000,20.000000,0.000000,0.000000,0.000000,0.000000,0.012160,0.000000,0.910900,14.860852,13.384875,0.013180,20.000000
23.843000,1,"LINK_TORSO_YAW",23.679000,0.200000,0.164000,20.000000,0.000000,0.000000,20.000000,0.000000,0.000000,0.000000,0.000000,0.012160,0.000000,0.910900,14.859842,13.385987,0.020817,20.000000
23.844000,1,"LINK_TORSO_YAW",23.679000,0.200000,0.165000,20.000000,0.000000,0.000000,20.000000,0.000000,0.000000,0.000000,0.000000,0.012160,0.000000,0.910900,14.858763,13.387172,0.028190,20.000000
23.845000,1,"LINK_TORSO_YAW",23.679000,0.200000,0.166000,20.000000,0.000000,0.000000,20.000000,0.000000,0.000000,0.000000,0.000000,0.012160,0.000000,0.910900,14.857690,13.388347,0.035061,20.000000
23.846000,1,"LINK_TORSO_YAW",23.679000,0.200000,0.167000,20.000000,0.000000,0.000000,20.000000,0.000000,0.000000,0.000000,0.000000,0.012160,0.000000,0.910900,14.856629,13.389504,0.041886,20.000000
23.847000,1,"LINK_TORSO_YAW",23.679000,0.200000,0.168000,20.000000,0.000000,0.000000,20.000000,0.000000,0.000000,0.000000,0.000000,0.012160,0.000000,0.910900,14.855513,13.390719,0.048641,20.000000
23.848000,1,"LINK_TORSO_YAW",23.679000,0.200000,0.169000,20.000000,0.000000,0.000000,20.000000,0.000000,0.000000,0.000000,0.000000,0.012160,0.000000,0.910900,14.854429,13.391896,0.055243,20.000000
23.849000,1,"LINK_TORSO_YAW",23.679000,0.200000,0.170000,20.000000,0.000000,0.000000,20.000000,0.000000,0.000000,0.000000,0.000000,0.012160,0.000000,0.910900,14.853379,13.393033,0.061642,20.000000
23.850000,1,"LINK_TORSO_YAW",23.679000,0.200000,0.171000,20.000000,0.000000,0.000000,20.000000,0.000000,0.000000,0.000000,0.000000,0.012160,0.000000,0.910900,14.852291,13.394209,0.067817,20.000000
23.851000,1,"LINK_TORSO_YAW",23.679000,0.200000,0.172000,20.000000,0.000000,0.000000,20.000000,0.000000,0.000000,0.000000,0.000000,0.012160,0.000000,0.910900,14.851255,13.395327,0.073684,20.000000
23.852000,1,"LINK_TORSO_YAW",23.679000,0.200000,0.173000,20.000000,0.000000,0.000000,20.000000,0.000000,0.000000,0.000000,0.000000,0.012160,0.000000,0.910900,14.850225,13.396438,0.079081,20.000000
23.853000,1,"LINK_TORSO_YAW",23.679000,0.200000,0.174000,20.000000,0.000000,0.000000,20.000000,0.000000,0.000000,0.000000,0.000000,0.012160,0.000000,0.910900,14.849210,13.397534,0.083961,20.000000
23.854000,1,"LINK_TORSO_YAW",23.679000,0.200000,0.175000,20.000000,0.000000,0.000000,20.000000,0.000000,0.000000,0.000000,0.000000,0.012160,0.000000,0.910900,14.848248,13.398573,0.088271,20.000000
23.855000,1,"LINK_TORSO_YAW",23.679000,0.200000,0.176000,20.000000,0.000000,0.000000,20.000000,0.000000,0.000000,0.000000,0.000000,0.012160,0.000000,0.910900,14.847240,13.399665,0.091986,20.000000
23.856000,1,"LINK_TORSO_YAW",23.679000,0.200000,0.177000,20.000000,0.000000,0.000000,20.000000,0.000000,0.000000,0.000000,0.000000,0.012160,0.000000,0.910900,14.846257,13.400732,0.095048,20.000000
23.857000,1,"LINK_TORSO_YAW",23.679000,0.200000,0.178000,20.000000,0.000000,0.000000,20.000000,0.000000,0.000000,0.000000,0.000000,0.012160,0.000000,0.910900,14.845268,13.401806,0.098033,20.000000
23.858000,1,"LINK_TORSO_YAW",23.679000,0.200000,0.179000,20.000000,0.000000,0.000000,20.000000,0.000000,0.000000,0.000000,0.000000,0.012160,0.000000,0.910900,14.844320,13.402835,0.100880,20.000000
23.859000,1,"LINK_TORSO_YAW",23.679000,0.200000,0.180000,20.000000,0.000000,0.000000,20.000000,0.000000,0.000000,0.000000,0.000000,0.012160,0.000000,0.910900,14.843443,13.403786,0.103493,20.000000
23.860000,1,"LINK_TORSO_YAW",23.679000,0.200000,0.181000,20.000000,0.000000,0.000000,20.000000,0.000000,0.000000,0.000000,0.000000,0.012160,0.000000,0.910900,14.842571,13.404733,0.105844,20.000000
23.861000,1,"LINK_TORSO_YAW",23.679000,0.200000,0.182000,20.000000,0.000000,0.000000,20.000000,0.000000,0.000000,0.000000,0.000000,0.012160,0.000000,0.910900,14.841745,13.405632,0.107867,20.000000
23.862000,1,"LINK_TORSO_YAW",23.679000,0.200000,0.183000,20.000000,0.000000,0.000000,20.000000,0.000000,0.000000,0.000000,0.000000,0.012160,0.000000,0.910900,14.840983,13.406463,0.109505,20.000000
23.863000,1,"LINK_TORSO_YAW",23.679000,0.200000,0.184000,20.000000,0.000000,0.000000,20.000000,0.000000,0.000000,0.000000,0.000000,0.012160,0.000000,0.910900,14.840214,13.407303,0.110731,20.000000
23.864000,1,"LINK_TORSO_YAW",23.679000,0.200000,0.185000,20.000000,0.000000,0.000000,20.000000,0.000000,0.000000,0.000000,0.000000,0.012160,0.000000,0.910900,14.839547,13.408035,0.111466,20.000000
23.865000,1,"LINK_TORSO_YAW",23.679000,0.200000,0.186000,20.000000,0.000000,0.000000,20.000000,0.000000,0.000000,0.000000,0.000000,0.012160,0.000000,0.910900,14.838914,13.408734,0.111696,20.000000
23.866000,1,"LINK_TORSO_YAW",23.679000,0.200000,0.187000,20.000000,0.000000,0.000000,20.000000,0.000000,0.000000,0.000000,0.000000,0.012160,0.000000,0.910900,14.838377,13.409327,0.111861,20.000000
23.867000,1,"LINK_TORSO_YAW",23.679000,0.200000,0.188000,20.000000,0.000000,0.000000,20.000000,0.000000,0.000000,0.000000,0.000000,0.012160,0.000000,0.910900,14.837884,13.409872,0.111920,20.000000
23.868000,1,"LINK_TORSO_YAW",23.679000,0.200000,0.189000,20.000000,0.000000,0.000000,20.000000,0.000000,0.000000,0.000000,0.000000,0.012160,0.000000,0.910900,14.837457,13.410345,0.111804,20.000000
23.869000,1,"LINK_TORSO_YAW",23.679000,0.200000,0.190000,20.000000,0.000000,0.000000,20.000000,0.000000,0.000000,0.000000,0.000000,0.012160,0.000000,0.910900,14.837093,13.410751,0.111491,20.000000
23.870000,1,"LINK_TORSO_YAW",23.679000,0.200000,0.191000,20.000000,0.000000,0.000000,20.000000,0.000000,0.000000,0.000000,0.000000,0.012160,0.000000,0.910900,14.836803,13.411077,0.110926,20.000000
23.871000,1,"LINK_TORSO_YAW",23.679000,0.200000,0.192000,20.000000,0.000000,0.000000,20.000000,0.000000,0.000000,0.000000,0.000000,0.012160,0.000000,0.910900,14.836617,13.411290,0.110043,20.000000
23.872000,1,"LINK_TORSO_YAW",23.679000,0.200000,0.193000,20.000000,0.000000,0.000000,20.000000,0.000000,0.000000,0.000000,0.000000,0.012160,0.000000,0.910900,14.836468,13.411464,0.108805,20.000000
23.873000,1,"LINK_TORSO_YAW",23.679000,0.200000,0.194000,20.000000,0.000000,0.000000,20.000000,0.000000,0.000000,0.000000,0.000000,0.012160,0.000000,0.910900,14.836342,13.411617,0.107153,20.000000
23.874000,1,"LINK_TORSO_YAW",23.679000,0.200000,0.195000,20.000000,0.000000,0.000000,20.000000,0.000000,0.000000,0.000000,0.000000,0.012160,0.000000,0.910900,14.836341,13.411635,0.105019,20.000000
23.875000,1,"LINK_TORSO_YAW",23.679000,0.200000,0.196000,20.000000,0.000000,0.000000,20.000000,0.000000,0.000000,0.000000,0.000000,0.012160,0.000000,0.910900,14.836396,13.411595,0.102383,20.000000
23.876000,1,"LINK_TORSO_YAW",23.679000,0.200000,0.197000,20.000000,0.000000,0.000000,20.000000,0.000000,0.000000,0.000000,0.000000,0.012160,0.000000,0.910900,14.836556,13.411438,0.099746,20.000000
23.877000,1,"LINK_TORSO_YAW",23.679000,0.200000,0.198000,20.000000,0.000000,0.000000,20.000000,0.000000,0.000000,0.000000,0.000000,0.012160,0.000000,0.910900,14.836776,13.411214,0.097051,20.000000
23.878000,1,"LINK_TORSO_YAW",23.679000,0.200000,0.199000,20.000000,0.000000,0.000000,20.000000,0.000000,0.000000,0.000000,0.000000,0.012160,0.000000,0.910900,14.837131,13.410841,0.094227,20.000000
23.879000,1,"LINK_TORSO_YAW",23.679000,0.200000,0.200000,20.000000,0.000000,0.000000,20.000000,0.000000,0.000000,0.000000,0.000000,0.012160,0.000000,0.910900,14.837548,13.410400,0.091235,20.000000
23.880000,2,"LINK_TORSO_YAW",23.879000,0.200000,0.001000,20.000000,0.000000,0.000000,20.000000,0.000000,0.000000,0.000000,0.000000,0.012160,0.000000,0.910900,14.838067,13.409847,0.088007,20.000000
23.881000,2,"LINK_TORSO_YAW",23.879000,0.200000,0.002000,20.000000,0.000000,0.000000,20.000000,0.000000,0.000000,0.000000,0.000000,0.012160,0.000000,0.910900,14.838628,13.409250,0.084490,20.000000
23.882000,2,"LINK_TORSO_YAW",23.879000,0.200000,0.003000,20.000000,0.000000,0.000000,20.000000,0.000000,0.000000,0.000000,0.000000,0.012160,0.000000,0.910900,14.839298,13.408532,0.080636,20.000000
23.883000,2,"LINK_TORSO_YAW",23.879000,0.200000,0.004000,20.000000,0.000000,0.000000,20.000000,0.000000,0.000000,0.000000,0.000000,0.012160,0.000000,0.910900,14.840079,13.407693,0.076387,20.000000
23.884000,2,"LINK_TORSO_YAW",23.879000,0.200000,0.005000,20.000000,0.000000,0.000000,20.000000,0.000000,0.000000,0.000000,0.000000,0.012160,0.000000,0.910900,14.841019,13.406678,0.071683,20.000000
23.885000,2,"LINK_TORSO_YAW",23.879000,0.200000,0.006000,20.000000,0.000000,0.000000,20.000000,0.000000,0.000000,0.000000,0.000000,0.012160,0.000000,0.910900,14.841987,13.405634,0.066485,20.000000
23.886000,2,"LINK_TORSO_YAW",23.879000,0.200000,0.007000,20.000000,0.000000,0.000000,20.000000,0.000000,0.000000,0.000000,0.000000,0.012160,0.000000,0.910900,14.843081,13.404449,0.060727,20.000000
23.887000,2,"LINK_TORSO_YAW",23.879000,0.200000,0.008000,20.000000,0.000000,0.000000,20.000000,0.000000,0.000000,0.000000,0.000000,0.012160,0.000000,0.910900,14.844317,13.403105,0.054974,20.000000
23.888000,2,"LINK_TORSO_YAW",23.879000,0.200000,0.009000,20.000000,0.000000,0.000000,20.000000,0.000000,0.000000,0.000000,0.000000,0.012160,0.000000,0.910900,14.845695,13.401602,0.049164,20.000000
23.889000,2,"LINK_TORSO_YAW",23.879000,0.200000,0.010000,20.000000,0.000000,0.000000,20.000000,0.000000,0.000000,0.000000,0.000000,0.012160,0.000000,0.910900,14.847176,13.399981,0.043298,20.000000
23.890000,2,"LINK_TORSO_YAW",23.879000,0.200000,0.011000,20.000000,0.000000,0.000000,20.000000,0.000000,0.000000,0.000000,0.000000,0.012160,0.000000,0.910900,14.848796,13.398204,0.037314,20.000000
23.891000,2,"LINK_TORSO_YAW",23.879000,0.200000,0.012000,20.000000,0.000000,0.000000,20.000000,0.000000,0.000000,0.000000,0.000000,0.012160,0.000000,0.910900,14.850566,13.396258,0.031151,20.000000
23.892000,2,"LINK_TORSO_YAW",23.879000,0.200000,0.013000,20.000000,0.000000,0.000000,20.000000,0.000000,0.000000,0.000000,0.000000,0.012160,0.000000,0.910900,14.852479,13.394150,0.024747,20.000000
23.893000,2,"LINK_TORSO_YAW",23.879000,0.200000,0.014000,20.000000,0.000000,0.000000,20.000000,0.000000,0.000000,0.000000,0.000000,0.012160,0.000000,0.910900,14.854531,13.391885,0.018047,20.000000
23.894000,2,"LINK_TORSO_YAW",23.879000,0.200000,0.015000,20.000000,0.000000,0.000000,20.000000,0.000000,0.000000,0.000000,0.000000,0.012160,0.000000,0.910900,14.856663,13.389527,0.010994,20.000000
23.895000,2,"LINK_TORSO_YAW",23.879000,0.200000,0.016000,20.000000,0.000000,0.000000,20.000000,0.000000,0.000000,0.000000,0.000000,0.012160,0.000000,0.910900,14.858989,13.386950,0.003525,20.000000
23.896000,2,"LINK_TORSO_YAW",23.879000,0.200000,0.017000,20.000000,0.000000,0.000000,20.000000,0.000000,0.000000,0.000000,0.000000,0.012160,0.000000,0.910900,14.861416,13.384256,-0.004367,20.000000
23.897000,2,"LINK_TORSO_YAW",23.879000,0.200000,0.018000,20.000000,0.000000,0.000000,20.000000,0.000000,0.000000,0.000000,0.000000,0.012160,0.000000,0.910900,14.863990,13.381392,-0.012746,20.000000
23.898000,2,"LINK_TORSO_YAW",23.879000,0.200000,0.019000,20.000000,0.000000,0.000000,20.000000,0.000000,0.000000,0.000000,0.000000,0.012160,0.000000,0.910900,14.866693,13.378377,-0.021664,20.000000
23.899000,2,"LINK_TORSO_YAW",23.879000,0.200000,0.020000,20.000000,0.000000,0.000000,20.000000,0.000000,0.000000,0.000000,0.000000,0.012160,0.000000,0.910900,14.869575,13.375156,-0.030509,20.000000
23.900000,2,"LINK_TORSO_YAW",23.879000,0.200000,0.021000,20.000000,0.000000,0.000000,20.000000,0.000000,0.000000,0.000000,0.000000,0.012160,0.000000,0.910900,14.872636,13.371730,-0.039344,20.000000
23.901000,2,"LINK_TORSO_YAW",23.879000,0.200000,0.022000,20.000000,0.000000,0.000000,20.000000,0.000000,0.000000,0.000000,0.000000,0.012160,0.000000,0.910900,14.875779,13.368204,-0.048228,20.000000
23.902000,2,"LINK_TORSO_YAW",23.879000,0.200000,0.023000,20.000000,0.000000,0.000000,20.000000,0.000000,0.000000,0.000000,0.000000,0.012160,0.000000,0.910900,14.879094,13.364479,-0.057169,20.000000
23.903000,2,"LINK_TORSO_YAW",23.879000,0.200000,0.024000,20.000000,0.000000,0.000000,20.000000,0.000000,0.000000,0.000000,0.000000,0.012160,0.000000,0.910900,14.882598,13.360534,-0.066228,20.000000
23.904000,2,"LINK_TORSO_YAW",23.879000,0.200000,0.025000,20.000000,0.000000,0.000000,20.000000,0.000000,0.000000,0.000000,0.000000,0.012160,0.000000,0.910900,14.886201,13.356471,-0.075453,20.000000
23.905000,2,"LINK_TORSO_YAW",23.879000,0.200000,0.026000,20.000000,0.000000,0.000000,20.000000,0.000000,0.000000,0.000000,0.000000,0.012160,0.000000,0.910900,14.889848,13.352349,-0.084901,20.000000
23.906000,2,"LINK_TORSO_YAW",23.879000,0.200000,0.027000,20.000000,0.000000,0.000000,20.000000,0.000000,0.000000,0.000000,0.000000,0.012160,0.000000,0.910900,14.893600,13.348098,-0.094629,20.000000
23.907000,2,"LINK_TORSO_YAW",23.879000,0.200000,0.028000,20.000000,0.000000,0.000000,20.000000,0.000000,0.000000,0.000000,0.000000,0.012160,0.000000,0.910900,14.897449,13.343728,-0.104696,20.000000
23.908000,2,"LINK_TORSO_YAW",23.879000,0.200000,0.029000,20.000000,0.000000,0.000000,20.000000,0.000000,0.000000,0.000000,0.000000,0.012160,0.000000,0.910900,14.901395,13.339235,-0.115093,20.000000
23.909000,2,"LINK_TORSO_YAW",23.879000,0.200000,0.030000,20.000000,0.000000,0.000000,20.000000,0.000000,0.000000,0.000000,0.000000,0.012160,0.000000,0.910900,14.905448,13.334608,-0.125889,20.000000
23.910000,2,"LINK_TORSO_YAW",23.879000,0.200000,0.031000,20.000000,0.000000,0.000000,20.000000,0.000000,0.000000,0.000000,0.000000,0.012160,0.000000,0.910900,14.909578,13.329886,-0.136508,20.000000
23.911000,2,"LINK_TORSO_YAW",23.879000,0.200000,0.032000,20.000000,0.000000,0.000000,20.000000,0.000000,0.000000,0.000000,0.000000,0.012160,0.000000,0.910900,14.913819,13.325029,-0.147020,20.000000
23.912000,2,"LINK_TORSO_YAW",23.879000,0.200000,0.033000,20.000000,0.000000,0.000000,20.000000,0.000000,0.000000,0.000000,0.000000,0.012160,0.000000,0.910900,14.918127,13.320086,-0.157486,20.000000
23.913000,2,"LINK_TORSO_YAW",23.879000,0.200000,0.034000,20.000000,0.000000,0.000000,20.000000,0.000000,0.000000,0.000000,0.000000,0.012160,0.000000,0.910900,14.922520,13.315037,-0.167880,20.000000
23.914000,2,"LINK_TORSO_YAW",23.879000,0.200000,0.035000,20.000000,0.000000,0.000000,20.000000,0.000000,0.000000,0.000000,0.000000,0.012160,0.000000,0.910900,14.927027,13.309850,-0.178272,20.000000
23.915000,2,"LINK_TORSO_YAW",23.879000,0.200000,0.036000,20.000000,0.000000,0.000000,20.000000,0.000000,0.000000,0.000000,0.000000,0.012160,0.000000,0.910900,14.931557,13.304623,-0.188707,20.000000
23.916000,2,"LINK_TORSO_YAW",23.879000,0.200000,0.037000,20.000000,0.000000,0.000000,20.000000,0.000000,0.000000,0.000000,0.000000,0.012160,0.000000,0.910900,14.936144,13.299319,-0.199254,20.000000
23.917000,2,"LINK_TORSO_YAW",23.879000,0.200000,0.038000,20.000000,0.000000,0.000000,20.000000,0.000000,0.000000,0.000000,0.000000,0.012160,0.000000,0.910900,14.940783,13.293943,-0.209960,20.000000
23.918000,2,"LINK_TORSO_YAW",23.879000,0.200000,0.039000,20.000000,0.000000,0.000000,20.000000,0.000000,0.000000,0.000000,0.000000,0.012160,0.000000,0.910900,14.945553,13.288411,-0.220450,20.000000
23.919000,2,"LINK_TORSO_YAW",23.879000,0.200000,0.040000,20.000000,0.000000,0.000000,20.000000,0.000000,0.000000,0.000000,0.000000,0.012160,0.000000,0.910900,14.950366,13.282820,-0.230779,20.000000
23.920000,2,"LINK_TORSO_YAW",23.879000,0.200000,0.041000,20.000000,0.000000,0.000000,20.000000,0.000000,0.000000,0.000000,0.000000,0.012160,0.000000,0.910900,14.955223,13.277170,-0.240937,20.000000
23.921000,2,"LINK_TORSO_YAW",23.879000,0.200000,0.042000,20.000000,0.000000,0.000000,20.000000,0.000000,0.000000,0.000000,0.000000,0.012160,0.000000,0.910900,14.960126,13.271459,-0.250980,20.000000
23.922000,2,"LINK_TORSO_YAW",23.879000,0.200000,0.043000,20.000000,0.000000,0.000000,20.000000,0.000000,0.000000,0.000000,0.000000,0.012160,0.000000,0.910900,14.965089,13.265670,-0.260970,20.000000
23.923000,2,"LINK_TORSO_YAW",23.879000,0.200000,0.044000,20.000000,0.000000,0.000000,20.000000,0.000000,0.000000,0.000000,0.000000,0.012160,0.000000,0.910900,14.970037,13.259886,-0.270957,20.000000
23.924000,2,"LINK_TORSO_YAW",23.879000,0.200000,0.045000,20.000000,0.000000,0.000000,20.000000,0.000000,0.000000,0.000000,0.000000,0.012160,0.000000,0.910900,14.975023,13.254045,-0.281011,20.000000
23.925000,2,"LINK_TORSO_YAW",23.879000,0.200000,0.046000,20.000000,0.000000,0.000000,20.000000,0.000000,0.000000,0.000000,0.000000,0.012160,0.000000,0.910900,14.980016,13.248182,-0.291182,20.000000
23.926000,2,"LINK_TORSO_YAW",23.879000,0.200000,0.047000,20.000000,0.000000,0.000000,20.000000,0.000000,0.000000,0.000000,0.000000,0.012160,0.000000,0.910900,14.985075,13.242229,-0.301480,20.000000
23.927000,2,"LINK_TORSO_YAW",23.879000,0.200000,0.048000,20.000000,0.000000,0.000000,20.000000,0.000000,0.000000,0.000000,0.000000,0.012160,0.000000,0.910900,14.990100,13.236298,-0.311935,20.000000
23.928000,2,"LINK_TORSO_YAW",23.879000,0.200000,0.049000,20.000000,0.000000,0.000000,20.000000,0.000000,0.000000,0.000000,0.000000,0.012160,0.000000,0.910900,14.995115,13.230361,-0.322616,20.000000
23.929000,2,"LINK_TORSO_YAW",23.879000,0.200000,0.050000,20.000000,0.000000,0.000000,20.000000,0.000000,0.000000,0.000000,0.000000,0.012160,0.000000,0.910900,15.000155,13.224390,-0.332968,20.000000
23.930000,2,"LINK_TORSO_YAW",23.879000,0.200000,0.051000,20.000000,0.000000,0.000000,20.000000,0.000000,0.000000,0.000000,0.000000,0.012160,0.000000,0.910900,15.005240,13.218361,-0.343059,20.000000
23.931000,2,"LINK_TORSO_YAW",23.879000,0.200000,0.052000,20.000000,0.000000,0.000000,20.000000,0.000000,0.000000,0.000000,0.000000,0.012160,0.000000,0.910900,15.010305,13.212349,-0.352937,20.000000
23.932000,2,"LINK_TORSO_YAW",23.879000,0.200000,0.053000,20.000000,0.000000,0.000000,20.000000,0.000000,0.000000,0.000000,0.000000,0.012160,0.000000,0.910900,15.015392,13.206306,-0.362615,20.000000
23.933000,2,"LINK_TORSO_YAW",23.879000,0.200000,0.054000,20.000000,0.000000,0.000000,20.000000,0.000000,0.000000,0.000000,0.000000,0.012160,0.000000,0.910900,15.020467,13.200268,-0.372148,20.000000
23.934000,2,"LINK_TORSO_YAW",23.879000,0.200000,0.055000,20.000000,0.000000,0.000000,20.000000,0.000000,0.000000,0.000000,0.000000,0.012160,0.000000,0.910900,15.025518,13.194249,-0.381596,20.000000
23.935000,2,"LINK_TORSO_YAW",23.879000,0.200000,0.056000,20.000000,0.000000,0.000000,20.000000,0.000000,0.000000,0.000000,0.000000,0.012160,0.000000,0.910900,15.030606,13.188177,-0.391017,20.000000
23.936000,2,"LINK_TORSO_YAW",23.879000,0.200000,0.057000,20.000000,0.000000,0.000000,20.000000,0.000000,0.000000,0.000000,0.000000,0.012160,0.000000,0.910900,15.035631,13.182163,-0.400459,20.000000
23.937000,2,"LINK_TORSO_YAW",23.879000,0.200000,0.058000,20.000000,0.000000,0.000000,20.000000,0.000000,0.000000,0.000000,0.000000,0.012160,0.000000,0.910900,15.040622,13.176176,-0.409987,20.000000
23.938000,2,"LINK_TORSO_YAW",23.879000,0.200000,0.059000,20.000000,0.000000,0.000000,20.000000,0.000000,0.000000,0.000000,0.000000,0.012160,0.000000,0.910900,15.045600,13.170188,-0.419606,20.000000
23.939000,2,"LINK_TORSO_YAW",23.879000,0.200000,0.060000,20.000000,0.000000,0.000000,20.000000,0.000000,0.000000,0.000000,0.000000,0.012160,0.000000,0.910900,15.050560,13.164223,-0.428814,20.000000
23.940000,2,"LINK_TORSO_YAW",23.879000,0.200000,0.061000,20.000000,0.000000,0.000000,20.000000,0.000000,0.000000,0.000000,0.000000,0.012160,0.000000,0.910900,15.055511,13.158268,-0.437681,20.000000
23.941000,2,"LINK_TORSO_YAW",23.879000,0.200000,0.062000,20.000000,0.000000,0.000000,20.000000,0.000000,0.000000,0.000000,0.000000,0.012160,0.000000,0.910900,15.060431,13.152348,-0.446264,20.000000
23.942000,2,"LINK_TORSO_YAW",23.879000,0.200000,0.063000,20.000000,0.000000,0.000000,20.000000,0.000000,0.000000,0.000000,0.000000,0.012160,0.000000,0.910900,15.065333,13.146446,-0.454633,20.000000
23.943000,2,"LINK_TORSO_YAW",23.879000,0.200000,0.064000,20.000000,0.000000,0.000000,20.000000,0.000000,0.000000,0.000000,0.000000,0.012160,0.000000,0.910900,15.070179,13.140605,-0.462835,20.000000
23.944000,2,"LINK_TORSO_YAW",23.879000,0.200000,0.065000,20.000000,0.000000,0.000000,20.000000,0.000000,0.000000,0.000000,0.000000,0.012160,0.000000,0.910900,15.074980,13.134808,-0.470936,20.000000
23.945000,2,"LINK_TORSO_YAW",23.879000,0.200000,0.066000,20.000000,0.000000,0.000000,20.000000,0.000000,0.000000,0.000000,0.000000,0.012160,0.000000,0.910900,15.079755,13.129036,-0.478970,20.000000
23.946000,2,"LINK_TORSO_YAW",23.879000,0.200000,0.067000,20.000000,0.000000,0.000000,20.000000,0.000000,0.000000,0.000000,0.000000,0.012160,0.000000,0.910900,15.084483,13.123309,-0.486991,20.000000
23.947000,2,"LINK_TORSO_YAW",23.879000,0.200000,0.068000,20.000000,0.000000,0.000000,20.000000,0.000000,0.000000,0.000000,0.000000,0.012160,0.000000,0.910900,15.089143,13.117648,-0.495053,20.000000
23.948000,2,"LINK_TORSO_YAW",23.879000,0.200000,0.069000,20.000000,0.000000,0.000000,20.000000,0.000000,0.000000,0.000000,0.000000,0.012160,0.000000,0.910900,15.093812,13.111965,-0.503210,20.000000
23.949000,2,"LINK_TORSO_YAW",23.879000,0.200000,0.070000,20.000000,0.000000,0.000000,20.000000,0.000000,0.000000,0.000000,0.000000,0.012160,0.000000,0.910900,15.098362,13.106426,-0.510942,20.000000
23.950000,2,"LINK_TORSO_YAW",23.879000,0.200000,0.071000,20.000000,0.000000,0.000000,20.000000,0.000000,0.000000,0.000000,0.000000,0.012160,0.000000,0.910900,15.102875,13.100936,-0.518316,20.000000
23.951000,2,"LINK_TORSO_YAW",23.879000,0.200000,0.072000,20.000000,0.000000,0.000000,20.000000,0.000000,0.000000,0.000000,0.000000,0.012160,0.000000,0.910900,15.107266,13.095592,-0.525331,20.000000
23.952000,2,"LINK_TORSO_YAW",23.879000,0.200000,0.073000,20.000000,0.000000,0.000000,20.000000,0.000000,0.000000,0.000000,0.000000,0.012160,0.000000,0.910900,15.111576,13.090345,-0.532103,20.000000
23.953000,2,"LINK_TORSO_YAW",23.879000,0.200000,0.074000,20.000000,0.000000,0.000000,20.000000,0.000000,0.000000,0.000000,0.000000,0.012160,0.000000,0.910900,15.115864,13.085124,-0.538688,20.000000
23.954000,2,"LINK_TORSO_YAW",23.879000,0.200000,0.075000,20.000000,0.000000,0.000000,20.000000,0.000000,0.000000,0.000000,0.000000,0.012160,0.000000,0.910900,15.120029,13.080044,-0.545137,20.000000
23.955000,2,"LINK_TORSO_YAW",23.879000,0.200000,0.076000,20.000000,0.000000,0.000000,20.000000,0.000000,0.000000,0.000000,0.000000,0.012160,0.000000,0.910900,15.124126,13.075038,-0.551515,20.000000
23.956000,2,"LINK_TORSO_YAW",23.879000,0.200000,0.077000,20.000000,0.000000,0.000000,20.000000,0.000000,0.000000,0.000000,0.000000,0.012160,0.000000,0.910900,15.128123,13.070145,-0.557874,20.000000
23.957000,2,"LINK_TORSO_YAW",23.879000,0.200000,0.078000,20.000000,0.000000,0.000000,20.000000,0.000000,0.000000,0.000000,0.000000,0.012160,0.000000,0.910900,15.132062,13.065309,-0.564279,20.000000
23.958000,2,"LINK_TORSO_YAW",23.879000,0.200000,0.079000,20.000000,0.000000,0.000000,20.000000,0.000000,0.000000,0.000000,0.000000,0.012160,0.000000,0.910900,15.135795,13.060702,-0.570763,20.000000
23.959000,2,"LINK_TORSO_YAW",23.879000,0.200000,0.080000,20.000000,0.000000,0.000000,20.000000,0.000000,0.000000,0.000000,0.000000,0.012160,0.000000,0.910900,15.139437,13.056189,-0.577384,20.000000
23.960000,2,"LINK_TORSO_YAW",23.879000,0.200000,0.081000,20.000000,0.000000,0.000000,20.000000,0.000000,0.000000,0.000000,0.000000,0.012160,0.000000,0.910900,15.142989,13.051793,-0.583589,20.000000
23.961000,2,"LINK_TORSO_YAW",23.879000,0.200000,0.082000,20.000000,0.000000,0.000000,20.000000,0.000000,0.000000,0.000000,0.000000,0.012160,0.000000,0.910900,15.146408,13.047563,-0.589429,20.000000
23.962000,2,"LINK_TORSO_YAW",23.879000,0.200000,0.083000,20.000000,0.000000,0.000000,20.000000,0.000000,0.000000,0.000000,0.000000,0.012160,0.000000,0.910900,15.149711,13.043476,-0.594971,20.000000
23.963000,2,"LINK_TORSO_YAW",23.879000,0.200000,0.084000,20.000000,0.000000,0.000000,20.000000,0.000000,0.000000,0.000000,0.000000,0.012160,0.000000,0.910900,15.152934,13.039489,-0.600279,20.000000
23.964000,2,"LINK_TORSO_YAW",23.879000,0.200000,0.085000,20.000000,0.000000,0.000000,20.000000,0.000000,0.000000,0.000000,0.000000,0.012160,0.000000,0.910900,15.155979,13.035712,-0.605401,20.000000
23.965000,2,"LINK_TORSO_YAW",23.879000,0.200000,0.086000,20.000000,0.000000,0.000000,20.000000,0.000000,0.000000,0.000000,0.000000,0.012160,0.000000,0.910900,15.158898,13.032085,-0.610402,20.000000
23.966000,2,"LINK_TORSO_YAW",23.879000,0.200000,0.087000,20.000000,0.000000,0.000000,20.000000,0.000000,0.000000,0.000000,0.000000,0.012160,0.000000,0.910900,15.161627,13.028679,-0.615297,20.000000
23.967000,2,"LINK_TORSO_YAW",23.879000,0.200000,0.088000,20.000000,0.000000,0.000000,20.000000,0.000000,0.000000,0.000000,0.000000,0.012160,0.000000,0.910900,15.164156,13.025504,-0.620171,20.000000
23.968000,2,"LINK_TORSO_YAW",23.879000,0.200000,0.089000,20.000000,0.000000,0.000000,20.000000,0.000000,0.000000,0.000000,0.000000,0.012160,0.000000,0.910900,15.166613,13.022408,-0.625083,20.000000
23.969000,2,"LINK_TORSO_YAW",23.879000,0.200000,0.090000,20.000000,0.000000,0.000000,20.000000,0.000000,0.000000,0.000000,0.000000,0.012160,0.000000,0.910900,15.168817,13.019601,-0.630069,20.000000
23.970000,2,"LINK_TORSO_YAW",23.879000,0.200000,0.091000,20.000000,0.000000,0.000000,20.000000,0.000000,0.000000,0.000000,0.000000,0.012160,0.000000,0.910900,15.170925,13.016895,-0.635194,20.000000
23.971000,2,"LINK_TORSO_YAW",23.879000,0.200000,0.092000,20.000000,0.000000,0.000000,20.000000,0.000000,0.000000,0.000000,0.000000,0.012160,0.000000,0.910900,15.172855,13.014415,-0.639904,20.000000
23.972000,2,"LINK_TORSO_YAW",23.879000,0.200000,0.093000,20.000000,0.000000,0.000000,20.000000,0.000000,0.000000,0.000000,0.000000,0.012160,0.000000,0.910900,15.174647,13.012111,-0.644237,20.000000
23.973000,2,"LINK_TORSO_YAW",23.879000,0.200000,0.094000,20.000000,0.000000,0.000000,20.000000,0.000000,0.000000,0.000000,0.000000,0.012160,0.000000,0.910900,15.176244,13.010049,-0.648278,20.000000
23.974000,2,"LINK_TORSO_YAW",23.879000,0.200000,0.095000,20.000000,0.000000,0.000000,20.000000,0.000000,0.000000,0.000000,0.000000,0.012160,0.000000,0.910900,15.177712,13.008144,-0.652111,20.000000
23.975000,2,"LINK_TORSO_YAW",23.879000,0.200000,0.096000,20.000000,0.000000,0.000000,20.000000,0.000000,0.000000,0.000000,0.000000,0.012160,0.000000,0.910900,15.178956,13.006510,-0.655749,20.000000
23.976000,2,"LINK_TORSO_YAW",23.879000,0.200000,0.097000,20.000000,0.000000,0.000000,20.000000,0.000000,0.000000,0.000000,0.000000,0.012160,0.000000,0.910900,15.180040,13.005065,-0.659293,20.000000
23.977000,2,"LINK_TORSO_YAW",23.879000,0.200000,0.098000,20.000000,0.000000,0.000000,20.000000,0.000000,0.000000,0.000000,0.000000,0.012160,0.000000,0.910900,15.180859,13.003932,-0.662779,20.000000
23.978000,2,"LINK_TORSO_YAW",23.879000,0.200000,0.099000,20.000000,0.000000,0.000000,20.000000,0.000000,0.000000,0.000000,0.000000,0.012160,0.000000,0.910900,15.181491,13.003016,-0.666272,20.000000
23.979000,2,"LINK_TORSO_YAW",23.879000,0.200000,0.100000,20.000000,0.000000,0.000000,20.000000,0.000000,0.000000,0.000000,0.000000,0.012160,0.000000,0.910900,15.181863,13.002400,-0.669794,20.000000
23.980000,2,"LINK_TORSO_YAW",23.879000,0.200000,0.101000,20.000000,0.000000,0.000000,20.000000,0.000000,0.000000,0.000000,0.000000,0.012160,0.000000,0.910900,15.181851,13.002229,-0.673373,20.000000
23.981000,2,"LINK_TORSO_YAW",23.879000,0.200000,0.102000,20.000000,0.000000,0.000000,20.000000,0.000000,0.000000,0.000000,0.000000,0.012160,0.000000,0.910900,15.181579,13.002353,-0.677108,20.000000
23.982000,2,"LINK_TORSO_YAW",23.879000,0.200000,0.103000,20.000000,0.000000,0.000000,20.000000,0.000000,0.000000,0.000000,0.000000,0.012160,0.000000,0.910900,15.181262,13.002550,-0.680431,20.000000
23.983000,2,"LINK_TORSO_YAW",23.879000,0.200000,0.104000,20.000000,0.000000,0.000000,20.000000,0.000000,0.000000,0.000000,0.000000,0.012160,0.000000,0.910900,15.180713,13.003033,-0.683441,20.000000
23.984000,2,"LINK_TORSO_YAW",23.879000,0.200000,0.105000,20.000000,0.000000,0.000000,20.000000,0.000000,0.000000,0.000000,0.000000,0.012160,0.000000,0.910900,15.180010,13.003708,-0.686205,20.000000
23.985000,2,"LINK_TORSO_YAW",23.879000,0.200000,0.106000,20.000000,0.000000,0.000000,20.000000,0.000000,0.000000,0.000000,0.000000,0.012160,0.000000,0.910900,15.179129,13.004600,-0.688779,20.000000
23.986000,2,"LINK_TORSO_YAW",23.879000,0.200000,0.107000,20.000000,0.000000,0.000000,20.000000,0.000000,0.000000,0.000000,0.000000,0.012160,0.000000,0.910900,15.177930,13.005871,-0.691190,20.000000
23.987000,2,"LINK_TORSO_YAW",23.879000,0.200000,0.108000,20.000000,0.000000,0.000000,20.000000,0.000000,0.000000,0.000000,0.000000,0.012160,0.000000,0.910900,15.176520,13.007394,-0.693504,20.000000
23.988000,2,"LINK_TORSO_YAW",23.879000,0.200000,0.109000,20.000000,0.000000,0.000000,20.000000,0.000000,0.000000,0.000000,0.000000,0.012160,0.000000,0.910900,15.174898,13.009165,-0.695779,20.000000
23.989000,2,"LINK_TORSO_YAW",23.879000,0.200000,0.110000,20.000000,0.000000,0.000000,20.000000,0.000000,0.000000,0.000000,0.000000,0.012160,0.000000,0.910900,15.173002,13.011252,-0.698105,20.000000
23.990000,2,"LINK_TORSO_YAW",23.879000,0.200000,0.111000,20.000000,0.000000,0.000000,20.000000,0.000000,0.000000,0.000000,0.000000,0.012160,0.000000,0.910900,15.170696,13.013811,-0.700507,20.000000
23.991000,2,"LINK_TORSO_YAW",23.879000,0.200000,0.112000,20.000000,0.000000,0.000000,20.000000,0.000000,0.000000,0.000000,0.000000,0.012160,0.000000,0.910900,15.168130,13.016691,-0.702568,20.000000
23.992000,2,"LINK_TORSO_YAW",23.879000,0.200000,0.113000,20.000000,0.000000,0.000000,20.000000,0.000000,0.000000,0.000000,0.000000,0.012160,0.000000,0.910900,15.165426,13.019745,-0.704339,20.000000
23.993000,2,"LINK_TORSO_YAW",23.879000,0.200000,0.114000,20.000000,0.000000,0.000000,20.000000,0.000000,0.000000,0.000000,0.000000,0.012160,0.000000,0.910900,15.162505,13.023063,-0.705888,20.000000
23.994000,2,"LINK_TORSO_YAW",23.879000,0.200000,0.115000,20.000000,0.000000,0.000000,20.000000,0.000000,0.000000,0.000000,0.000000,0.012160,0.000000,0.910900,15.159251,13.026774,-0.707284,20.000000
23.995000,2,"LINK_TORSO_YAW",23.879000,0.200000,0.116000,20.000000,0.000000,0.000000,20.000000,0.000000,0.000000,0.000000,0.000000,0.012160,0.000000,0.910900,15.155777,13.030745,-0.708591,20.000000
23.996000,2,"LINK_TORSO_YAW",23.879000,0.200000,0.117000,20.000000,0.000000,0.000000,20.000000,0.000000,0.000000,0.000000,0.000000,0.012160,0.000000,0.910900,15.152061,13.034996,-0.709867,20.000000
23.997000,2,"LINK_TORSO_YAW",23.879000,0.200000,0.118000,20.000000,0.000000,0.000000,20.000000,0.000000,0.000000,0.000000,0.000000,0.012160,0.000000,0.910900,15.148086,13.039545,-0.711164,20.000000
23.998000,2,"LINK_TORSO_YAW",23.879000,0.200000,0.119000,20.000000,0.000000,0.000000,20.000000,0.000000,0.000000,0.000000,0.000000,0.012160,0.000000,0.910900,15.143738,13.044522,-0.712499,20.000000
24.000000,2,"LINK_TORSO_YAW",23.879000,0.200000,0.121000,20.000000,0.000000,0.000000,20.000000,0.000000,0.000000,0.000000,0.000000,0.012160,0.000000,0.910900,15.134123,13.055494,-0.715812,20.000000
24.001000,2,"LINK_TORSO_YAW",23.879000,0.200000,0.122000,20.000000,0.000000,0.000000,20.000000,0.000000,0.000000,0.000000,0.000000,0.012160,0.000000,0.910900,15.128731,13.061630,-0.717859,20.000000
24.002000,2,"LINK_TORSO_YAW",23.879000,0.200000,0.123000,20.000000,0.000000,0.000000,20.000000,0.000000,0.000000,0.000000,0.000000,0.012160,0.000000,0.910900,15.123139,13.068010,-0.719568,20.000000
24.003000,2,"LINK_TORSO_YAW",23.879000,0.200000,0.124000,20.000000,0.000000,0.000000,20.000000,0.000000,0.000000,0.000000,0.000000,0.012160,0.000000,0.910900,15.117295,13.074691,-0.721003,20.000000
24.004000,2,"LINK_TORSO_YAW",23.879000,0.200000,0.125000,20.000000,0.000000,0.000000,20.000000,0.000000,0.000000,0.000000,0.000000,0.012160,0.000000,0.910900,15.111108,13.081775,-0.722201,20.000000
24.005000,2,"LINK_TORSO_YAW",23.879000,0.200000,0.126000,20.000000,0.000000,0.000000,20.000000,0.000000,0.000000,0.000000,0.000000,0.012160,0.000000,0.910900,15.104651,13.089173,-0.723233,20.000000
24.006000,2,"LINK_TORSO_YAW",23.879000,0.200000,0.127000,20.000000,0.000000,0.000000,20.000000,0.000000,0.000000,0.000000,0.000000,0.012160,0.000000,0.910900,15.097907,13.096900,-0.724161,20.000000
24.007000,2,"LINK_TORSO_YAW",23.879000,0.200000,0.128000,20.000000,0.000000,0.000000,20.000000,0.000000,0.000000,0.000000,0.000000,0.012160,0.000000,0.910900,15.090867,13.104963,-0.725035,20.000000
24.008000,2,"LINK_TORSO_YAW",23.879000,0.200000,0.129000,20.000000,0.000000,0.000000,20.000000,0.000000,0.000000,0.000000,0.000000,0.012160,0.000000,0.910900,15.083434,13.113468,-0.725931,20.000000
24.009000,2,"LINK_TORSO_YAW",23.879000,0.200000,0.130000,20.000000,0.000000,0.000000,20.000000,0.000000,0.000000,0.000000,0.000000,0.012160,0.000000,0.910900,15.075676,13.122331,-0.726930,20.000000
24.010000,2,"LINK_TORSO_YAW",23.879000,0.200000,0.131000,20.000000,0.000000,0.000000,20.000000,0.000000,0.000000,0.000000,0.000000,0.012160,0.000000,0.910900,15.067569,13.131574,-0.728086,20.000000
24.011000,2,"LINK_TORSO_YAW",23.879000,0.200000,0.132000,20.000000,0.000000,0.000000,20.000000,0.000000,0.000000,0.000000,0.000000,0.012160,0.000000,0.910900,15.059005,13.141320,-0.729431,20.000000
24.012000,2,"LINK_TORSO_YAW",23.879000,0.200000,0.133000,20.000000,0.000000,0.000000,20.000000,0.000000,0.000000,0.000000,0.000000,0.012160,0.000000,0.910900,15.050125,13.151430,-0.730494,20.000000
24.013000,2,"LINK_TORSO_YAW",23.879000,0.200000,0.134000,20.000000,0.000000,0.000000,20.000000,0.000000,0.000000,0.000000,0.000000,0.012160,0.000000,0.910900,15.041093,13.161715,-0.731290,20.000000
24.014000,2,"LINK_TORSO_YAW",23.879000,0.200000,0.135000,20.000000,0.000000,0.000000,20.000000,0.000000,0.000000,0.000000,0.000000,0.012160,0.000000,0.910900,15.031793,13.172302,-0.731886,20.000000
24.015000,2,"LINK_TORSO_YAW",23.879000,0.200000,0.136000,20.000000,0.000000,0.000000,20.000000,0.000000,0.000000,0.000000,0.000000,0.012160,0.000000,0.910900,15.022176,13.183245,-0.732322,20.000000
24.016000,2,"LINK_TORSO_YAW",23.879000,0.200000,0.137000,20.000000,0.000000,0.000000,20.000000,0.000000,0.000000,0.000000,0.000000,0.012160,0.000000,0.910900,15.012253,13.194523,-0.732676,20.000000
24.017000,2,"LINK_TORSO_YAW",23.879000,0.200000,0.138000,20.000000,0.000000,0.000000,20.000000,0.000000,0.000000,0.000000,0.000000,0.012160,0.000000,0.910900,15.002060,13.206093,-0.733008,20.000000
24.018000,2,"LINK_TORSO_YAW",23.879000,0.200000,0.139000,20.000000,0.000000,0.000000,20.000000,0.000000,0.000000,0.000000,0.000000,0.012160,0.000000,0.910900,14.991475,13.218086,-0.733399,20.000000
24.019000,2,"LINK_TORSO_YAW",23.879000,0.200000,0.140000,20.000000,0.000000,0.000000,20.000000,0.000000,0.000000,0.000000,0.000000,0.012160,0.000000,0.910900,14.980544,13.230445,-0.733914,20.000000
24.020000,2,"LINK_TORSO_YAW",23.879000,0.200000,0.141000,20.000000,0.000000,0.000000,20.000000,0.000000,0.000000,0.000000,0.000000,0.012160,0.000000,0.910900,14.969274,13.243159,-0.734565,20.000000
24.021000,2,"LINK_TORSO_YAW",23.879000,0.200000,0.142000,20.000000,0.000000,0.000000,20.000000,0.000000,0.000000,0.000000,0.000000,0.012160,0.000000,0.910900,14.957676,13.256210,-0.735423,20.000000
24.022000,2,"LINK_TORSO_YAW",23.879000,0.200000,0.143000,20.000000,0.000000,0.000000,20.000000,0.000000,0.000000,0.000000,0.000000,0.012160,0.000000,0.910900,14.945684,13.269666,-0.736538,20.000000
24.023000,2,"LINK_TORSO_YAW",23.879000,0.200000,0.144000,20.000000,0.000000,0.000000,20.000000,0.000000,0.000000,0.000000,0.000000,0.012160,0.000000,0.910900,14.933467,13.283371,-0.737306,20.000000
24.024000,2,"LINK_TORSO_YAW",23.879000,0.200000,0.145000,20.000000,0.000000,0.000000,20.000000,0.000000,0.000000,0.000000,0.000000,0.012160,0.000000,0.910900,14.920966,13.297384,-0.737795,20.000000
24.025000,2,"LINK_TORSO_YAW",23.879000,0.200000,0.146000,20.000000,0.000000,0.000000,20.000000,0.000000,0.000000,0.000000,0.000000,0.012160,0.000000,0.910900,14.908219,13.311659,-0.738074,20.000000
24.026000,2,"LINK_TORSO_YAW",23.879000,0.200000,0.147000,20.000000,0.000000,0.000000,20.000000,0.000000,0.000000,0.000000,0.000000,0.012160,0.000000,0.910900,14.895149,13.326270,-0.738269,20.000000
24.027000,2,"LINK_TORSO_YAW",23.879000,0.200000,0.148000,20.000000,0.000000,0.000000,20.000000,0.000000,0.000000,0.000000,0.000000,0.012160,0.000000,0.910900,14.881821,13.341150,-0.738317,20.000000
24.028000,2,"LINK_TORSO_YAW",23.879000,0.200000,0.149000,20.000000,0.000000,0.000000,20.000000,0.000000,0.000000,0.000000,0.000000,0.012160,0.000000,0.910900,14.868228,13.356299,-0.738293,20.000000
24.029000,2,"LINK_TORSO_YAW",23.879000,0.200000,0.150000,20.000000,0.000000,0.000000,20.000000,0.000000,0.000000,0.000000,0.000000,0.012160,0.000000,0.910900,14.854352,13.371731,-0.738268,20.000000
24.030000,2,"LINK_TORSO_YAW",23.879000,0.200000,0.151000,20.000000,0.000000,0.000000,20.000000,0.000000,0.000000,0.000000,0.000000,0.012160,0.000000,0.910900,14.840253,13.387359,-0.738594,20.000000
24.031000,2,"LINK_TORSO_YAW",23.879000,0.200000,0.152000,20.000000,0.000000,0.000000,20.000000,0.000000,0.000000,0.000000,0.000000,0.012160,0.000000,0.910900,14.825901,13.403232,-0.738947,20.000000
24.032000,2,"LINK_TORSO_YAW",23.879000,0.200000,0.153000,20.000000,0.000000,0.000000,20.000000,0.000000,0.000000,0.000000,0.000000,0.012160,0.000000,0.910900,14.811241,13.419405,-0.739389,20.000000
24.033000,2,"LINK_TORSO_YAW",23.879000,0.200000,0.154000,20.000000,0.000000,0.000000,20.000000,0.000000,0.000000,0.000000,0.000000,0.012160,0.000000,0.910900,14.796362,13.435806,-0.739446,20.000000
24.034000,2,"LINK_TORSO_YAW",23.879000,0.200000,0.155000,20.000000,0.000000,0.000000,20.000000,0.000000,0.000000,0.000000,0.000000,0.012160,0.000000,0.910900,14.781324,13.452372,-0.739018,20.000000
24.035000,2,"LINK_TORSO_YAW",23.879000,0.200000,0.156000,20.000000,0.000000,0.000000,20.000000,0.000000,0.000000,0.000000,0.000000,0.012160,0.000000,0.910900,14.766101,13.469123,-0.738238,20.000000
24.036000,2,"LINK_TORSO_YAW",23.879000,0.200000,0.157000,20.000000,0.000000,0.000000,20.000000,0.000000,0.000000,0.000000,0.000000,0.012160,0.000000,0.910900,14.750707,13.486037,-0.737202,20.000000
24.037000,2,"LINK_TORSO_YAW",23.879000,0.200000,0.158000,20.000000,0.000000,0.000000,20.000000,0.000000,0.000000,0.000000,0.000000,0.012160,0.000000,0.910900,14.735041,13.503219,-0.735968,20.000000
24.038000,2,"LINK_TORSO_YAW",23.879000,0.200000,0.159000,20.000000,0.000000,0.000000,20.000000,0.000000,0.000000,0.000000,0.000000,0.012160,0.000000,0.910900,14.719123,13.520641,-0.734627,20.000000
24.039000,2,"LINK_TORSO_YAW",23.879000,0.200000,0.160000,20.000000,0.000000,0.000000,20.000000,0.000000,0.000000,0.000000,0.000000,0.012160,0.000000,0.910900,14.703123,13.538129,-0.732955,20.000000
24.040000,2,"LINK_TORSO_YAW",23.879000,0.200000,0.161000,20.000000,0.000000,0.000000,20.000000,0.000000,0.000000,0.000000,0.000000,0.012160,0.000000,0.910900,14.686895,13.555837,-0.731029,20.000000
24.041000,2,"LINK_TORSO_YAW",23.879000,0.200000,0.162000,20.000000,0.000000,0.000000,20.000000,0.000000,0.000000,0.000000,0.000000,0.012160,0.000000,0.910900,14.670450,13.573744,-0.728954,20.000000
24.042000,2,"LINK_TORSO_YAW",23.879000,0.200000,0.163000,20.000000,0.000000,0.000000,20.000000,0.000000,0.000000,0.000000,0.000000,0.012160,0.000000,0.910900,14.653788,13.591843,-0.726829,20.000000
24.044000,2,"LINK_TORSO_YAW",23.879000,0.200000,0.165000,20.000000,0.000000,0.000000,20.000000,0.000000,0.000000,0.000000,0.000000,0.012160,0.000000,0.910900,14.620080,13.628331,-0.722387,20.000000
24.045000,2,"LINK_TORSO_YAW",23.879000,0.200000,0.166000,20.000000,0.000000,0.000000,20.000000,0.000000,0.000000,0.000000,0.000000,0.012160,0.000000,0.910900,14.603003,13.646786,-0.719393,20.000000
24.046000,2,"LINK_TORSO_YAW",23.879000,0.200000,0.167000,20.000000,0.000000,0.000000,20.000000,0.000000,0.000000,0.000000,0.000000,0.012160,0.000000,0.910900,14.585801,13.665364,-0.715706,20.000000
24.047000,2,"LINK_TORSO_YAW",23.879000,0.200000,0.168000,20.000000,0.000000,0.000000,20.000000,0.000000,0.000000,0.000000,0.000000,0.012160,0.000000,0.910900,14.568463,13.684069,-0.711436,20.000000
24.048000,2,"LINK_TORSO_YAW",23.879000,0.200000,0.169000,20.000000,0.000000,0.000000,20.000000,0.000000,0.000000,0.000000,0.000000,0.012160,0.000000,0.910900,14.550969,13.702916,-0.706668,20.000000
24.049000,2,"LINK_TORSO_YAW",23.879000,0.200000,0.170000,20.000000,0.000000,0.000000,20.000000,0.000000,0.000000,0.000000,0.000000,0.012160,0.000000,0.910900,14.533287,13.721933,-0.701518,20.000000
24.051000,2,"LINK_TORSO_YAW",23.879000,0.200000,0.172000,20.000000,0.000000,0.000000,20.000000,0.000000,0.000000,0.000000,0.000000,0.012160,0.000000,0.910900,14.497480,13.760294,-0.690927,20.000000
24.053000,2,"LINK_TORSO_YAW",23.879000,0.200000,0.174000,20.000000,0.000000,0.000000,20.000000,0.000000,0.000000,0.000000,0.000000,0.012160,0.000000,0.910900,14.460883,13.799251,-0.680834,20.000000
24.056000,2,"LINK_TORSO_YAW",23.879000,0.200000,0.177000,20.000000,0.000000,0.000000,20.000000,0.000000,0.000000,0.000000,0.000000,0.012160,0.000000,0.910900,14.404859,13.858481,-0.665239,20.000000
24.057000,2,"LINK_TORSO_YAW",23.879000,0.200000,0.178000,20.000000,0.000000,0.000000,20.000000,0.000000,0.000000,0.000000,0.000000,0.012160,0.000000,0.910900,14.385913,13.878392,-0.660102,20.000000
24.060000,2,"LINK_TORSO_YAW",23.879000,0.200000,0.181000,20.000000,0.000000,0.000000,20.000000,0.000000,0.000000,0.000000,0.000000,0.012160,0.000000,0.910900,14.328500,13.938351,-0.645337,20.000000
24.063000,2,"LINK_TORSO_YAW",23.879000,0.200000,0.184000,20.000000,0.000000,0.000000,20.000000,0.000000,0.000000,0.000000,0.000000,0.012160,0.000000,0.910900,14.270133,13.998683,-0.632609,20.000000
24.064000,2,"LINK_TORSO_YAW",23.879000,0.200000,0.185000,20.000000,0.000000,0.000000,20.000000,0.000000,0.000000,0.000000,0.000000,0.012160,0.000000,0.910900,14.250641,14.018702,-0.628656,20.000000
24.065000,2,"LINK_TORSO_YAW",23.879000,0.200000,0.186000,20.000000,0.000000,0.000000,20.000000,0.000000,0.000000,0.000000,0.000000,0.012160,0.000000,0.910900,14.231030,14.038784,-0.624764,20.000000
24.068000,2,"LINK_TORSO_YAW",23.879000,0.200000,0.189000,20.000000,0.000000,0.000000,20.000000,0.000000,0.000000,0.000000,0.000000,0.012160,0.000000,0.910900,14.172298,14.098546,-0.613959,20.000000
24.069000,2,"LINK_TORSO_YAW",23.879000,0.200000,0.190000,20.000000,0.000000,0.000000,20.000000,0.000000,0.000000,0.000000,0.000000,0.012160,0.000000,0.910900,14.152696,14.118347,-0.611117,20.000000
24.072000,2,"LINK_TORSO_YAW",23.879000,0.200000,0.193000,20.000000,0.000000,0.000000,20.000000,0.000000,0.000000,0.000000,0.000000,0.012160,0.000000,0.910900,14.093612,14.177538,-0.606243,20.000000
24.076000,2,"LINK_TORSO_YAW",23.879000,0.200000,0.197000,20.000000,0.000000,0.000000,20.000000,0.000000,0.000000,0.000000,0.000000,0.012160,0.000000,0.910900,14.015741,14.254470,-0.607513,20.000000
24.077000,2,"LINK_TORSO_YAW",23.879000,0.200000,0.198000,20.000000,0.000000,0.000000,20.000000,0.000000,0.000000,0.000000,0.000000,0.012160,0.000000,0.910900,13.997069,14.272773,-0.608278,20.000000
24.078000,2,"LINK_TORSO_YAW",23.879000,0.200000,0.199000,20.000000,0.000000,0.000000,20.000000,0.000000,0.000000,0.000000,0.000000,0.012160,0.000000,0.910900,13.978484,14.290943,-0.609032,20.000000
24.079000,2,"LINK_TORSO_YAW",23.879000,0.200000,0.200000,20.000000,0.000000,0.000000,20.000000,0.000000,0.000000,0.000000,0.000000,0.012160,0.000000,0.910900,13.960384,14.308588,-0.609905,20.000000
24.080000,3,"LINK_TORSO_YAW",24.079000,0.200000,0.001000,20.000000,0.000000,0.000000,20.000000,0.000000,0.000000,0.000000,0.000000,0.012160,0.000000,0.910900,13.942263,14.326206,-0.610854,20.000000
24.081000,3,"LINK_TORSO_YAW",24.079000,0.200000,0.002000,20.000000,0.000000,0.000000,20.000000,0.000000,0.000000,0.000000,0.000000,0.012160,0.000000,0.910900,13.924517,14.343403,-0.612050,20.000000
24.082000,3,"LINK_TORSO_YAW",24.079000,0.200000,0.003000,20.000000,0.000000,0.000000,20.000000,0.000000,0.000000,0.000000,0.000000,0.012160,0.000000,0.910900,13.907144,14.360185,-0.613541,20.000000
24.083000,3,"LINK_TORSO_YAW",24.079000,0.200000,0.004000,20.000000,0.000000,0.000000,20.000000,0.000000,0.000000,0.000000,0.000000,0.012160,0.000000,0.910900,13.890138,14.376553,-0.615445,20.000000
24.084000,3,"LINK_TORSO_YAW",24.079000,0.200000,0.005000,20.000000,0.000000,0.000000,20.000000,0.000000,0.000000,0.000000,0.000000,0.012160,0.000000,0.910900,13.873504,14.392505,-0.617808,20.000000
24.085000,3,"LINK_TORSO_YAW",24.079000,0.200000,0.006000,20.000000,0.000000,0.000000,20.000000,0.000000,0.000000,0.000000,0.000000,0.012160,0.000000,0.910900,13.857241,14.408040,-0.620683,20.000000
24.086000,3,"LINK_TORSO_YAW",24.079000,0.200000,0.007000,20.000000,0.000000,0.000000,20.000000,0.000000,0.000000,0.000000,0.000000,0.012160,0.000000,0.910900,13.841410,14.423127,-0.623516,20.000000
24.087000,3,"LINK_TORSO_YAW",24.079000,0.200000,0.008000,20.000000,0.000000,0.000000,20.000000,0.000000,0.000000,0.000000,0.000000,0.012160,0.000000,0.910900,13.826008,14.437768,-0.626371,20.000000
24.088000,3,"LINK_TORSO_YAW",24.079000,0.200000,0.009000,20.000000,0.000000,0.000000,20.000000,0.000000,0.000000,0.000000,0.000000,0.012160,0.000000,0.910900,13.811034,14.451965,-0.629310,20.000000
24.089000,3,"LINK_TORSO_YAW",24.079000,0.200000,0.010000,20.000000,0.000000,0.000000,20.000000,0.000000,0.000000,0.000000,0.000000,0.012160,0.000000,0.910900,13.796505,14.465699,-0.632445,20.000000
24.090000,3,"LINK_TORSO_YAW",24.079000,0.200000,0.011000,20.000000,0.000000,0.000000,20.000000,0.000000,0.000000,0.000000,0.000000,0.012160,0.000000,0.910900,13.782417,14.478974,-0.635834,20.000000
24.091000,3,"LINK_TORSO_YAW",24.079000,0.200000,0.012000,20.000000,0.000000,0.000000,20.000000,0.000000,0.000000,0.000000,0.000000,0.012160,0.000000,0.910900,13.768035,14.492495,-0.639379,20.000000
24.092000,3,"LINK_TORSO_YAW",24.079000,0.200000,0.013000,20.000000,0.000000,0.000000,20.000000,0.000000,0.000000,0.000000,0.000000,0.012160,0.000000,0.910900,13.754080,14.505566,-0.643296,20.000000
24.093000,3,"LINK_TORSO_YAW",24.079000,0.200000,0.014000,20.000000,0.000000,0.000000,20.000000,0.000000,0.000000,0.000000,0.000000,0.012160,0.000000,0.910900,13.740551,14.518189,-0.647644,20.000000
24.094000,3,"LINK_TORSO_YAW",24.079000,0.200000,0.015000,20.000000,0.000000,0.000000,20.000000,0.000000,0.000000,0.000000,0.000000,0.012160,0.000000,0.910900,13.726734,14.531042,-0.652372,20.000000
24.095000,3,"LINK_TORSO_YAW",24.079000,0.200000,0.016000,20.000000,0.000000,0.000000,20.000000,0.000000,0.000000,0.000000,0.000000,0.012160,0.000000,0.910900,13.713341,14.543445,-0.657642,20.000000
24.096000,3,"LINK_TORSO_YAW",24.079000,0.200000,0.017000,20.000000,0.000000,0.000000,20.000000,0.000000,0.000000,0.000000,0.000000,0.012160,0.000000,0.910900,13.700388,14.555383,-0.663456,20.000000
24.097000,3,"LINK_TORSO_YAW",24.079000,0.200000,0.018000,20.000000,0.000000,0.000000,20.000000,0.000000,0.000000,0.000000,0.000000,0.012160,0.000000,0.910900,13.687932,14.566833,-0.669261,20.000000
24.098000,3,"LINK_TORSO_YAW",24.079000,0.200000,0.019000,20.000000,0.000000,0.000000,20.000000,0.000000,0.000000,0.000000,0.000000,0.012160,0.000000,0.910900,13.675965,14.577798,-0.675118,20.000000
24.099000,3,"LINK_TORSO_YAW",24.079000,0.200000,0.020000,20.000000,0.000000,0.000000,20.000000,0.000000,0.000000,0.000000,0.000000,0.012160,0.000000,0.910900,13.664484,14.588283,-0.681086,20.000000
24.100000,3,"LINK_TORSO_YAW",24.079000,0.200000,0.021000,20.000000,0.000000,0.000000,20.000000,0.000000,0.000000,0.000000,0.000000,0.012160,0.000000,0.910900,13.653482,14.598293,-0.687222,20.000000
24.101000,3,"LINK_TORSO_YAW",24.079000,0.200000,0.022000,20.000000,0.000000,0.000000,20.000000,0.000000,0.000000,0.000000,0.000000,0.012160,0.000000,0.910900,13.642971,14.607820,-0.693489,20.000000
24.102000,3,"LINK_TORSO_YAW",24.079000,0.200000,0.023000,20.000000,0.000000,0.000000,20.000000,0.000000,0.000000,0.000000,0.000000,0.012160,0.000000,0.910900,13.632945,14.616870,-0.699944,20.000000
24.103000,3,"LINK_TORSO_YAW",24.079000,0.200000,0.024000,20.000000,0.000000,0.000000,20.000000,0.000000,0.000000,0.000000,0.000000,0.012160,0.000000,0.910900,13.623396,14.625448,-0.706645,20.000000
24.104000,3,"LINK_TORSO_YAW",24.079000,0.200000,0.025000,20.000000,0.000000,0.000000,20.000000,0.000000,0.000000,0.000000,0.000000,0.012160,0.000000,0.910900,13.614315,14.633562,-0.713647,20.000000
24.105000,3,"LINK_TORSO_YAW",24.079000,0.200000,0.026000,20.000000,0.000000,0.000000,20.000000,0.000000,0.000000,0.000000,0.000000,0.012160,0.000000,0.910900,13.605282,14.641603,-0.720944,20.000000
24.106000,3,"LINK_TORSO_YAW",24.079000,0.200000,0.027000,20.000000,0.000000,0.000000,20.000000,0.000000,0.000000,0.000000,0.000000,0.012160,0.000000,0.910900,13.596693,14.649198,-0.728647,20.000000
24.107000,3,"LINK_TORSO_YAW",24.079000,0.200000,0.028000,20.000000,0.000000,0.000000,20.000000,0.000000,0.000000,0.000000,0.000000,0.012160,0.000000,0.910900,13.587717,14.657152,-0.736085,20.000000
24.108000,3,"LINK_TORSO_YAW",24.079000,0.200000,0.029000,20.000000,0.000000,0.000000,20.000000,0.000000,0.000000,0.000000,0.000000,0.012160,0.000000,0.910900,13.579246,14.664632,-0.743400,20.000000
24.109000,3,"LINK_TORSO_YAW",24.079000,0.200000,0.030000,20.000000,0.000000,0.000000,20.000000,0.000000,0.000000,0.000000,0.000000,0.012160,0.000000,0.910900,13.571119,14.671785,-0.750635,20.000000
24.110000,3,"LINK_TORSO_YAW",24.079000,0.200000,0.031000,20.000000,0.000000,0.000000,20.000000,0.000000,0.000000,0.000000,0.000000,0.012160,0.000000,0.910900,13.563476,14.678479,-0.757876,20.000000
24.111000,3,"LINK_TORSO_YAW",24.079000,0.200000,0.032000,20.000000,0.000000,0.000000,20.000000,0.000000,0.000000,0.000000,0.000000,0.012160,0.000000,0.910900,13.556309,14.684719,-0.765184,20.000000
24.112000,3,"LINK_TORSO_YAW",24.079000,0.200000,0.033000,20.000000,0.000000,0.000000,20.000000,0.000000,0.000000,0.000000,0.000000,0.012160,0.000000,0.910900,13.549608,14.690513,-0.772615,20.000000
24.113000,3,"LINK_TORSO_YAW",24.079000,0.200000,0.034000,20.000000,0.000000,0.000000,20.000000,0.000000,0.000000,0.000000,0.000000,0.012160,0.000000,0.910900,13.543366,14.695866,-0.780226,20.000000
24.114000,3,"LINK_TORSO_YAW",24.079000,0.200000,0.035000,20.000000,0.000000,0.000000,20.000000,0.000000,0.000000,0.000000,0.000000,0.012160,0.000000,0.910900,13.537591,14.700770,-0.788029,20.000000
24.115000,3,"LINK_TORSO_YAW",24.079000,0.200000,0.036000,20.000000,0.000000,0.000000,20.000000,0.000000,0.000000,0.000000,0.000000,0.012160,0.000000,0.910900,13.532263,14.705241,-0.796080,20.000000
24.116000,3,"LINK_TORSO_YAW",24.079000,0.200000,0.037000,20.000000,0.000000,0.000000,20.000000,0.000000,0.000000,0.000000,0.000000,0.012160,0.000000,0.910900,13.527433,14.709257,-0.803940,20.000000
24.117000,3,"LINK_TORSO_YAW",24.079000,0.200000,0.038000,20.000000,0.000000,0.000000,20.000000,0.000000,0.000000,0.000000,0.000000,0.012160,0.000000,0.910900,13.523120,14.712798,-0.811669,20.000000
24.118000,3,"LINK_TORSO_YAW",24.079000,0.200000,0.039000,20.000000,0.000000,0.000000,20.000000,0.000000,0.000000,0.000000,0.000000,0.012160,0.000000,0.910900,13.519281,14.715901,-0.819327,20.000000
24.119000,3,"LINK_TORSO_YAW",24.079000,0.200000,0.040000,20.000000,0.000000,0.000000,20.000000,0.000000,0.000000,0.000000,0.000000,0.012160,0.000000,0.910900,13.515932,14.718553,-0.826911,20.000000
24.120000,3,"LINK_TORSO_YAW",24.079000,0.200000,0.041000,20.000000,0.000000,0.000000,20.000000,0.000000,0.000000,0.000000,0.000000,0.012160,0.000000,0.910900,13.513048,14.720773,-0.834484,20.000000
24.121000,3,"LINK_TORSO_YAW",24.079000,0.200000,0.042000,20.000000,0.000000,0.000000,20.000000,0.000000,0.000000,0.000000,0.000000,0.012160,0.000000,0.910900,13.510563,14.722621,-0.842102,20.000000
24.122000,3,"LINK_TORSO_YAW",24.079000,0.200000,0.043000,20.000000,0.000000,0.000000,20.000000,0.000000,0.000000,0.000000,0.000000,0.012160,0.000000,0.910900,13.508481,14.724088,-0.849819,20.000000
24.123000,3,"LINK_TORSO_YAW",24.079000,0.200000,0.044000,20.000000,0.000000,0.000000,20.000000,0.000000,0.000000,0.000000,0.000000,0.012160,0.000000,0.910900,13.505890,14.726017,-0.857539,20.000000
24.124000,3,"LINK_TORSO_YAW",24.079000,0.200000,0.045000,20.000000,0.000000,0.000000,20.000000,0.000000,0.000000,0.000000,0.000000,0.012160,0.000000,0.910900,13.503643,14.727613,-0.865467,20.000000
24.125000,3,"LINK_TORSO_YAW",24.079000,0.200000,0.046000,20.000000,0.000000,0.000000,20.000000,0.000000,0.000000,0.000000,0.000000,0.012160,0.000000,0.910900,13.501716,14.728896,-0.873664,20.000000
24.126000,3,"LINK_TORSO_YAW",24.079000,0.200000,0.047000,20.000000,0.000000,0.000000,20.000000,0.000000,0.000000,0.000000,0.000000,0.012160,0.000000,0.910900,13.500099,14.729869,-0.882208,20.000000
24.127000,3,"LINK_TORSO_YAW",24.079000,0.200000,0.048000,20.000000,0.000000,0.000000,20.000000,0.000000,0.000000,0.000000,0.000000,0.012160,0.000000,0.910900,13.498854,14.730509,-0.890539,20.000000
24.128000,3,"LINK_TORSO_YAW",24.079000,0.200000,0.049000,20.000000,0.000000,0.000000,20.000000,0.000000,0.000000,0.000000,0.000000,0.012160,0.000000,0.910900,13.497979,14.730814,-0.898723,20.000000
24.129000,3,"LINK_TORSO_YAW",24.079000,0.200000,0.050000,20.000000,0.000000,0.000000,20.000000,0.000000,0.000000,0.000000,0.000000,0.012160,0.000000,0.910900,13.497441,14.730811,-0.906814,20.000000
24.130000,3,"LINK_TORSO_YAW",24.079000,0.200000,0.051000,20.000000,0.000000,0.000000,20.000000,0.000000,0.000000,0.000000,0.000000,0.012160,0.000000,0.910900,13.497245,14.730493,-0.914859,20.000000
24.131000,3,"LINK_TORSO_YAW",24.079000,0.200000,0.052000,20.000000,0.000000,0.000000,20.000000,0.000000,0.000000,0.000000,0.000000,0.012160,0.000000,0.910900,13.497366,14.729879,-0.922921,20.000000
24.132000,3,"LINK_TORSO_YAW",24.079000,0.200000,0.053000,20.000000,0.000000,0.000000,20.000000,0.000000,0.000000,0.000000,0.000000,0.012160,0.000000,0.910900,13.497781,14.728986,-0.931056,20.000000
24.133000,3,"LINK_TORSO_YAW",24.079000,0.200000,0.054000,20.000000,0.000000,0.000000,20.000000,0.000000,0.000000,0.000000,0.000000,0.012160,0.000000,0.910900,13.498512,14.727786,-0.939407,20.000000
24.134000,3,"LINK_TORSO_YAW",24.079000,0.200000,0.055000,20.000000,0.000000,0.000000,20.000000,0.000000,0.000000,0.000000,0.000000,0.012160,0.000000,0.910900,13.499097,14.726703,-0.947939,20.000000
24.135000,3,"LINK_TORSO_YAW",24.079000,0.200000,0.056000,20.000000,0.000000,0.000000,20.000000,0.000000,0.000000,0.000000,0.000000,0.012160,0.000000,0.910900,13.499979,14.725323,-0.956781,20.000000
24.136000,3,"LINK_TORSO_YAW",24.079000,0.200000,0.057000,20.000000,0.000000,0.000000,20.000000,0.000000,0.000000,0.000000,0.000000,0.012160,0.000000,0.910900,13.501133,14.723664,-0.965983,20.000000
24.137000,3,"LINK_TORSO_YAW",24.079000,0.200000,0.058000,20.000000,0.000000,0.000000,20.000000,0.000000,0.000000,0.000000,0.000000,0.012160,0.000000,0.910900,13.502544,14.721737,-0.975592,20.000000
24.138000,3,"LINK_TORSO_YAW",24.079000,0.200000,0.059000,20.000000,0.000000,0.000000,20.000000,0.000000,0.000000,0.000000,0.000000,0.012160,0.000000,0.910900,13.504280,14.719515,-0.985041,20.000000
24.139000,3,"LINK_TORSO_YAW",24.079000,0.200000,0.060000,20.000000,0.000000,0.000000,20.000000,0.000000,0.000000,0.000000,0.000000,0.012160,0.000000,0.910900,13.506304,14.717029,-0.994393,20.000000
24.140000,3,"LINK_TORSO_YAW",24.079000,0.200000,0.061000,20.000000,0.000000,0.000000,20.000000,0.000000,0.000000,0.000000,0.000000,0.012160,0.000000,0.910900,13.508639,14.714253,-1.003707,20.000000
24.141000,3,"LINK_TORSO_YAW",24.079000,0.200000,0.062000,20.000000,0.000000,0.000000,20.000000,0.000000,0.000000,0.000000,0.000000,0.012160,0.000000,0.910900,13.511374,14.711100,-1.013076,20.000000
24.142000,3,"LINK_TORSO_YAW",24.079000,0.200000,0.063000,20.000000,0.000000,0.000000,20.000000,0.000000,0.000000,0.000000,0.000000,0.012160,0.000000,0.910900,13.514512,14.707561,-1.022555,20.000000
24.143000,3,"LINK_TORSO_YAW",24.079000,0.200000,0.064000,20.000000,0.000000,0.000000,20.000000,0.000000,0.000000,0.000000,0.000000,0.012160,0.000000,0.910900,13.517931,14.703745,-1.032195,20.000000
24.144000,3,"LINK_TORSO_YAW",24.079000,0.200000,0.065000,20.000000,0.000000,0.000000,20.000000,0.000000,0.000000,0.000000,0.000000,0.012160,0.000000,0.910900,13.521689,14.699596,-1.042021,20.000000
24.145000,3,"LINK_TORSO_YAW",24.079000,0.200000,0.066000,20.000000,0.000000,0.000000,20.000000,0.000000,0.000000,0.000000,0.000000,0.012160,0.000000,0.910900,13.525781,14.695112,-1.052101,20.000000
24.146000,3,"LINK_TORSO_YAW",24.079000,0.200000,0.067000,20.000000,0.000000,0.000000,20.000000,0.000000,0.000000,0.000000,0.000000,0.012160,0.000000,0.910900,13.530116,14.690374,-1.062485,20.000000
24.147000,3,"LINK_TORSO_YAW",24.079000,0.200000,0.068000,20.000000,0.000000,0.000000,20.000000,0.000000,0.000000,0.000000,0.000000,0.012160,0.000000,0.910900,13.534770,14.685299,-1.073313,20.000000
24.148000,3,"LINK_TORSO_YAW",24.079000,0.200000,0.069000,20.000000,0.000000,0.000000,20.000000,0.000000,0.000000,0.000000,0.000000,0.012160,0.000000,0.910900,13.539712,14.679911,-1.084615,20.000000
24.149000,3,"LINK_TORSO_YAW",24.079000,0.200000,0.070000,20.000000,0.000000,0.000000,20.000000,0.000000,0.000000,0.000000,0.000000,0.012160,0.000000,0.910900,13.545104,14.674062,-1.096386,20.000000
24.150000,3,"LINK_TORSO_YAW",24.079000,0.200000,0.071000,20.000000,0.000000,0.000000,20.000000,0.000000,0.000000,0.000000,0.000000,0.012160,0.000000,0.910900,13.550778,14.667946,-1.108053,20.000000
24.151000,3,"LINK_TORSO_YAW",24.079000,0.200000,0.072000,20.000000,0.000000,0.000000,20.000000,0.000000,0.000000,0.000000,0.000000,0.012160,0.000000,0.910900,13.556716,14.661575,-1.119667,20.000000
24.152000,3,"LINK_TORSO_YAW",24.079000,0.200000,0.073000,20.000000,0.000000,0.000000,20.000000,0.000000,0.000000,0.000000,0.000000,0.012160,0.000000,0.910900,13.562964,14.654905,-1.131276,20.000000
24.153000,3,"LINK_TORSO_YAW",24.079000,0.200000,0.074000,20.000000,0.000000,0.000000,20.000000,0.000000,0.000000,0.000000,0.000000,0.012160,0.000000,0.910900,13.569512,14.647931,-1.143009,20.000000
24.154000,3,"LINK_TORSO_YAW",24.079000,0.200000,0.075000,20.000000,0.000000,0.000000,20.000000,0.000000,0.000000,0.000000,0.000000,0.012160,0.000000,0.910900,13.576482,14.640541,-1.154864,20.000000
24.155000,3,"LINK_TORSO_YAW",24.079000,0.200000,0.076000,20.000000,0.000000,0.000000,20.000000,0.000000,0.000000,0.000000,0.000000,0.012160,0.000000,0.910900,13.583730,14.632848,-1.167069,20.000000
24.156000,3,"LINK_TORSO_YAW",24.079000,0.200000,0.077000,20.000000,0.000000,0.000000,20.000000,0.000000,0.000000,0.000000,0.000000,0.012160,0.000000,0.910900,13.591223,14.624890,-1.179513,20.000000
24.157000,3,"LINK_TORSO_YAW",24.079000,0.200000,0.078000,20.000000,0.000000,0.000000,20.000000,0.000000,0.000000,0.000000,0.000000,0.012160,0.000000,0.910900,13.598936,14.616686,-1.192237,20.000000
24.158000,3,"LINK_TORSO_YAW",24.079000,0.200000,0.079000,20.000000,0.000000,0.000000,20.000000,0.000000,0.000000,0.000000,0.000000,0.012160,0.000000,0.910900,13.606882,14.608219,-1.205284,20.000000
24.159000,3,"LINK_TORSO_YAW",24.079000,0.200000,0.080000,20.000000,0.000000,0.000000,20.000000,0.000000,0.000000,0.000000,0.000000,0.012160,0.000000,0.910900,13.615166,14.599388,-1.218649,20.000000
24.160000,3,"LINK_TORSO_YAW",24.079000,0.200000,0.081000,20.000000,0.000000,0.000000,20.000000,0.000000,0.000000,0.000000,0.000000,0.012160,0.000000,0.910900,13.623642,14.590319,-1.232460,20.000000
24.161000,3,"LINK_TORSO_YAW",24.079000,0.200000,0.082000,20.000000,0.000000,0.000000,20.000000,0.000000,0.000000,0.000000,0.000000,0.012160,0.000000,0.910900,13.632383,14.580989,-1.246148,20.000000
24.162000,3,"LINK_TORSO_YAW",24.079000,0.200000,0.083000,20.000000,0.000000,0.000000,20.000000,0.000000,0.000000,0.000000,0.000000,0.012160,0.000000,0.910900,13.641325,14.571453,-1.259764,20.000000
24.163000,3,"LINK_TORSO_YAW",24.079000,0.200000,0.084000,20.000000,0.000000,0.000000,20.000000,0.000000,0.000000,0.000000,0.000000,0.012160,0.000000,0.910900,13.650453,14.561721,-1.273354,20.000000
24.164000,3,"LINK_TORSO_YAW",24.079000,0.200000,0.085000,20.000000,0.000000,0.000000,20.000000,0.000000,0.000000,0.000000,0.000000,0.012160,0.000000,0.910900,13.659953,14.551616,-1.286910,20.000000
24.165000,3,"LINK_TORSO_YAW",24.079000,0.200000,0.086000,20.000000,0.000000,0.000000,20.000000,0.000000,0.000000,0.000000,0.000000,0.012160,0.000000,0.910900,13.669599,14.541344,-1.300531,20.000000
24.166000,3,"LINK_TORSO_YAW",24.079000,0.200000,0.087000,20.000000,0.000000,0.000000,20.000000,0.000000,0.000000,0.000000,0.000000,0.012160,0.000000,0.910900,13.679436,14.530853,-1.314287,20.000000
24.167000,3,"LINK_TORSO_YAW",24.079000,0.200000,0.088000,20.000000,0.000000,0.000000,20.000000,0.000000,0.000000,0.000000,0.000000,0.012160,0.000000,0.910900,13.689568,14.520040,-1.328219,20.000000
24.168000,3,"LINK_TORSO_YAW",24.079000,0.200000,0.089000,20.000000,0.000000,0.000000,20.000000,0.000000,0.000000,0.000000,0.000000,0.012160,0.000000,0.910900,13.699864,14.509024,-1.342371,20.000000
24.169000,3,"LINK_TORSO_YAW",24.079000,0.200000,0.090000,20.000000,0.000000,0.000000,20.000000,0.000000,0.000000,0.000000,0.000000,0.012160,0.000000,0.910900,13.710312,14.497810,-1.356783,20.000000
24.170000,3,"LINK_TORSO_YAW",24.079000,0.200000,0.091000,20.000000,0.000000,0.000000,20.000000,0.000000,0.000000,0.000000,0.000000,0.012160,0.000000,0.910900,13.721169,14.486155,-1.371434,20.000000
24.171000,3,"LINK_TORSO_YAW",24.079000,0.200000,0.092000,20.000000,0.000000,0.000000,20.000000,0.000000,0.000000,0.000000,0.000000,0.012160,0.000000,0.910900,13.732201,14.474322,-1.385879,20.000000
24.172000,3,"LINK_TORSO_YAW",24.079000,0.200000,0.093000,20.000000,0.000000,0.000000,20.000000,0.000000,0.000000,0.000000,0.000000,0.012160,0.000000,0.910900,13.743424,14.462285,-1.400215,20.000000
24.173000,3,"LINK_TORSO_YAW",24.079000,0.200000,0.094000,20.000000,0.000000,0.000000,20.000000,0.000000,0.000000,0.000000,0.000000,0.012160,0.000000,0.910900,13.755004,14.449882,-1.414488,20.000000
24.175000,3,"LINK_TORSO_YAW",24.079000,0.200000,0.096000,20.000000,0.000000,0.000000,20.000000,0.000000,0.000000,0.000000,0.000000,0.012160,0.000000,0.910900,13.778718,14.424422,-1.443259,20.000000
24.176000,3,"LINK_TORSO_YAW",24.079000,0.200000,0.097000,20.000000,0.000000,0.000000,20.000000,0.000000,0.000000,0.000000,0.000000,0.012160,0.000000,0.910900,13.791117,14.411107,-1.457770,20.000000
24.177000,3,"LINK_TORSO_YAW",24.079000,0.200000,0.098000,20.000000,0.000000,0.000000,20.000000,0.000000,0.000000,0.000000,0.000000,0.012160,0.000000,0.910900,13.803830,14.397444,-1.472378,20.000000
24.178000,3,"LINK_TORSO_YAW",24.079000,0.200000,0.099000,20.000000,0.000000,0.000000,20.000000,0.000000,0.000000,0.000000,0.000000,0.012160,0.000000,0.910900,13.816693,14.383582,-1.487132,20.000000
24.179000,3,"LINK_TORSO_YAW",24.079000,0.200000,0.100000,20.000000,0.000000,0.000000,20.000000,0.000000,0.000000,0.000000,0.000000,0.012160,0.000000,0.910900,13.829677,14.369537,-1.502151,20.000000
24.180000,3,"LINK_TORSO_YAW",24.079000,0.200000,0.101000,20.000000,0.000000,0.000000,20.000000,0.000000,0.000000,0.000000,0.000000,0.012160,0.000000,0.910900,13.842769,14.355313,-1.517478,20.000000
24.181000,3,"LINK_TORSO_YAW",24.079000,0.200000,0.102000,20.000000,0.000000,0.000000,20.000000,0.000000,0.000000,0.000000,0.000000,0.012160,0.000000,0.910900,13.856197,14.340743,-1.532608,20.000000
24.182000,3,"LINK_TORSO_YAW",24.079000,0.200000,0.103000,20.000000,0.000000,0.000000,20.000000,0.000000,0.000000,0.000000,0.000000,0.012160,0.000000,0.910900,13.869772,14.326004,-1.547590,20.000000
24.183000,3,"LINK_TORSO_YAW",24.079000,0.200000,0.104000,20.000000,0.000000,0.000000,20.000000,0.000000,0.000000,0.000000,0.000000,0.012160,0.000000,0.910900,13.884083,14.310522,-1.562436,20.000000
24.184000,3,"LINK_TORSO_YAW",24.079000,0.200000,0.105000,20.000000,0.000000,0.000000,20.000000,0.000000,0.000000,0.000000,0.000000,0.012160,0.000000,0.910900,13.898693,14.294708,-1.577228,20.000000
24.185000,3,"LINK_TORSO_YAW",24.079000,0.200000,0.106000,20.000000,0.000000,0.000000,20.000000,0.000000,0.000000,0.000000,0.000000,0.012160,0.000000,0.910900,13.913431,14.278716,-1.592071,20.000000
24.186000,3,"LINK_TORSO_YAW",24.079000,0.200000,0.107000,20.000000,0.000000,0.000000,20.000000,0.000000,0.000000,0.000000,0.000000,0.012160,0.000000,0.910900,13.928287,14.262550,-1.607008,20.000000
24.188000,3,"LINK_TORSO_YAW",24.079000,0.200000,0.109000,20.000000,0.000000,0.000000,20.000000,0.000000,0.000000,0.000000,0.000000,0.012160,0.000000,0.910900,13.958689,14.229302,-1.637670,20.000000
24.189000,3,"LINK_TORSO_YAW",24.079000,0.200000,0.110000,20.000000,0.000000,0.000000,20.000000,0.000000,0.000000,0.000000,0.000000,0.012160,0.000000,0.910900,13.974168,14.212273,-1.653455,20.000000
24.190000,3,"LINK_TORSO_YAW",24.079000,0.200000,0.111000,20.000000,0.000000,0.000000,20.000000,0.000000,0.000000,0.000000,0.000000,0.012160,0.000000,0.910900,13.989724,14.195087,-1.669468,20.000000
24.191000,3,"LINK_TORSO_YAW",24.079000,0.200000,0.112000,20.000000,0.000000,0.000000,20.000000,0.000000,0.000000,0.000000,0.000000,0.012160,0.000000,0.910900,14.006076,14.177028,-1.685742,20.000000
24.192000,3,"LINK_TORSO_YAW",24.079000,0.200000,0.113000,20.000000,0.000000,0.000000,20.000000,0.000000,0.000000,0.000000,0.000000,0.012160,0.000000,0.910900,14.022615,14.158679,-1.702378,20.000000
24.193000,3,"LINK_TORSO_YAW",24.079000,0.200000,0.114000,20.000000,0.000000,0.000000,20.000000,0.000000,0.000000,0.000000,0.000000,0.012160,0.000000,0.910900,14.039363,14.140090,-1.718766,20.000000
24.194000,3,"LINK_TORSO_YAW",24.079000,0.200000,0.115000,20.000000,0.000000,0.000000,20.000000,0.000000,0.000000,0.000000,0.000000,0.012160,0.000000,0.910900,14.056325,14.121248,-1.734958,20.000000
24.195000,3,"LINK_TORSO_YAW",24.079000,0.200000,0.116000,20.000000,0.000000,0.000000,20.000000,0.000000,0.000000,0.000000,0.000000,0.012160,0.000000,0.910900,14.073399,14.102248,-1.751006,20.000000
24.196000,3,"LINK_TORSO_YAW",24.079000,0.200000,0.117000,20.000000,0.000000,0.000000,20.000000,0.000000,0.000000,0.000000,0.000000,0.012160,0.000000,0.910900,14.090708,14.082924,-1.767264,20.000000
24.197000,3,"LINK_TORSO_YAW",24.079000,0.200000,0.118000,20.000000,0.000000,0.000000,20.000000,0.000000,0.000000,0.000000,0.000000,0.012160,0.000000,0.910900,14.108145,14.063406,-1.783493,20.000000
24.198000,3,"LINK_TORSO_YAW",24.079000,0.200000,0.119000,20.000000,0.000000,0.000000,20.000000,0.000000,0.000000,0.000000,0.000000,0.012160,0.000000,0.910900,14.125701,14.043699,-1.799749,20.000000
24.199000,3,"LINK_TORSO_YAW",24.079000,0.200000,0.120000,20.000000,0.000000,0.000000,20.000000,0.000000,0.000000,0.000000,0.000000,0.012160,0.000000,0.910900,14.143534,14.023638,-1.816049,20.000000
24.200000,3,"LINK_TORSO_YAW",24.079000,0.200000,0.121000,20.000000,0.000000,0.000000,20.000000,0.000000,0.000000,0.000000,0.000000,0.012160,0.000000,0.910900,14.162287,14.002567,-1.832416,20.000000
24.201000,3,"LINK_TORSO_YAW",24.079000,0.200000,0.122000,20.000000,0.000000,0.000000,20.000000,0.000000,0.000000,0.000000,0.000000,0.012160,0.000000,0.910900,14.181199,13.981230,-1.849004,20.000000
24.203000,3,"LINK_TORSO_YAW",24.079000,0.200000,0.124000,20.000000,0.000000,0.000000,20.000000,0.000000,0.000000,0.000000,0.000000,0.012160,0.000000,0.910900,14.219250,13.938011,-1.882753,20.000000
24.204000,3,"LINK_TORSO_YAW",24.079000,0.200000,0.125000,20.000000,0.000000,0.000000,20.000000,0.000000,0.000000,0.000000,0.000000,0.012160,0.000000,0.910900,14.238662,13.915916,-1.899414,20.000000
24.205000,3,"LINK_TORSO_YAW",24.079000,0.200000,0.126000,20.000000,0.000000,0.000000,20.000000,0.000000,0.000000,0.000000,0.000000,0.012160,0.000000,0.910900,14.258288,13.893553,-1.915837,20.000000
24.206000,3,"LINK_TORSO_YAW",24.079000,0.200000,0.127000,20.000000,0.000000,0.000000,20.000000,0.000000,0.000000,0.000000,0.000000,0.012160,0.000000,0.910900,14.278035,13.871006,-1.932080,20.000000
24.207000,3,"LINK_TORSO_YAW",24.079000,0.200000,0.128000,20.000000,0.000000,0.000000,20.000000,0.000000,0.000000,0.000000,0.000000,0.012160,0.000000,0.910900,14.297894,13.848275,-1.948204,20.000000
24.208000,3,"LINK_TORSO_YAW",24.079000,0.200000,0.129000,20.000000,0.000000,0.000000,20.000000,0.000000,0.000000,0.000000,0.000000,0.012160,0.000000,0.910900,14.318033,13.825123,-1.964666,20.000000
24.209000,3,"LINK_TORSO_YAW",24.079000,0.200000,0.130000,20.000000,0.000000,0.000000,20.000000,0.000000,0.000000,0.000000,0.000000,0.012160,0.000000,0.910900,14.338332,13.801710,-1.981176,20.000000
24.210000,3,"LINK_TORSO_YAW",24.079000,0.200000,0.131000,20.000000,0.000000,0.000000,20.000000,0.000000,0.000000,0.000000,0.000000,0.012160,0.000000,0.910900,14.358751,13.778065,-1.997791,20.000000
24.211000,3,"LINK_TORSO_YAW",24.079000,0.200000,0.132000,20.000000,0.000000,0.000000,20.000000,0.000000,0.000000,0.000000,0.000000,0.012160,0.000000,0.910900,14.379303,13.754165,-2.014591,20.000000
24.212000,3,"LINK_TORSO_YAW",24.079000,0.200000,0.133000,20.000000,0.000000,0.000000,20.000000,0.000000,0.000000,0.000000,0.000000,0.012160,0.000000,0.910900,14.400874,13.729019,-2.031959,20.000000
24.213000,3,"LINK_TORSO_YAW",24.079000,0.200000,0.134000,20.000000,0.000000,0.000000,20.000000,0.000000,0.000000,0.000000,0.000000,0.012160,0.000000,0.910900,14.422667,13.703446,-2.049938,20.000000
24.214000,3,"LINK_TORSO_YAW",24.079000,0.200000,0.135000,20.000000,0.000000,0.000000,20.000000,0.000000,0.000000,0.000000,0.000000,0.012160,0.000000,0.910900,14.444586,13.677594,-2.068175,20.000000
24.216000,3,"LINK_TORSO_YAW",24.079000,0.200000,0.137000,20.000000,0.000000,0.000000,20.000000,0.000000,0.000000,0.000000,0.000000,0.012160,0.000000,0.910900,14.488841,13.625209,-2.104084,20.000000
24.220000,3,"LINK_TORSO_YAW",24.079000,0.200000,0.141000,20.000000,0.000000,0.000000,20.000000,0.000000,0.000000,0.000000,0.000000,0.012160,0.000000,0.910900,14.578774,13.517181,-2.178341,20.000000
24.226000,3,"LINK_TORSO_YAW",24.079000,0.200000,0.147000,20.000000,0.000000,0.000000,20.000000,0.000000,0.000000,0.000000,0.000000,0.012160,0.000000,0.910900,14.716179,13.346781,-2.301635,20.000000
24.228000,3,"LINK_TORSO_YAW",24.079000,0.200000,0.149000,20.000000,0.000000,0.000000,20.000000,0.000000,0.000000,0.000000,0.000000,0.012160,0.000000,0.910900,14.763169,13.287270,-2.344637,20.000000
24.230000,3,"LINK_TORSO_YAW",24.079000,0.200000,0.151000,20.000000,0.000000,0.000000,20.000000,0.000000,0.000000,0.000000,0.000000,0.012160,0.000000,0.910900,14.812165,13.224815,-2.388315,20.000000
24.231000,3,"LINK_TORSO_YAW",24.079000,0.200000,0.152000,20.000000,0.000000,0.000000,20.000000,0.000000,0.000000,0.000000,0.000000,0.012160,0.000000,0.910900,14.836993,13.193014,-2.409982,20.000000
24.232000,3,"LINK_TORSO_YAW",24.079000,0.200000,0.153000,20.000000,0.000000,0.000000,20.000000,0.000000,0.000000,0.000000,0.000000,0.012160,0.000000,0.910900,14.861929,13.160914,-2.431755,20.000000
24.233000,3,"LINK_TORSO_YAW",24.079000,0.200000,0.154000,20.000000,0.000000,0.000000,20.000000,0.000000,0.000000,0.000000,0.000000,0.012160,0.000000,0.910900,14.886913,13.128578,-2.453624,20.000000
24.234000,3,"LINK_TORSO_YAW",24.079000,0.200000,0.155000,20.000000,0.000000,0.000000,20.000000,0.000000,0.000000,0.000000,0.000000,0.012160,0.000000,0.910900,14.911942,13.095973,-2.475779,20.000000
24.235000,3,"LINK_TORSO_YAW",24.079000,0.200000,0.156000,20.000000,0.000000,0.000000,20.000000,0.000000,0.000000,0.000000,0.000000,0.012160,0.000000,0.910900,14.937003,13.063097,-2.498289,20.000000
24.236000,3,"LINK_TORSO_YAW",24.079000,0.200000,0.157000,20.000000,0.000000,0.000000,20.000000,0.000000,0.000000,0.000000,0.000000,0.012160,0.000000,0.910900,14.962082,13.029949,-2.521216,20.000000
24.237000,3,"LINK_TORSO_YAW",24.079000,0.200000,0.158000,20.000000,0.000000,0.000000,20.000000,0.000000,0.000000,0.000000,0.000000,0.012160,0.000000,0.910900,14.987764,12.995838,-2.544623,20.000000
24.238000,3,"LINK_TORSO_YAW",24.079000,0.200000,0.159000,20.000000,0.000000,0.000000,20.000000,0.000000,0.000000,0.000000,0.000000,0.012160,0.000000,0.910900,15.013511,12.961495,-2.567903,20.000000
24.239000,3,"LINK_TORSO_YAW",24.079000,0.200000,0.160000,20.000000,0.000000,0.000000,20.000000,0.000000,0.000000,0.000000,0.000000,0.012160,0.000000,0.910900,15.039328,12.926870,-2.591262,20.000000
24.240000,3,"LINK_TORSO_YAW",24.079000,0.200000,0.161000,20.000000,0.000000,0.000000,20.000000,0.000000,0.000000,0.000000,0.000000,0.012160,0.000000,0.910900,15.065209,12.891957,-2.614747,20.000000
24.241000,3,"LINK_TORSO_YAW",24.079000,0.200000,0.162000,20.000000,0.000000,0.000000,20.000000,0.000000,0.000000,0.000000,0.000000,0.012160,0.000000,0.910900,15.091123,12.856779,-2.638414,20.000000
24.242000,3,"LINK_TORSO_YAW",24.079000,0.200000,0.163000,20.000000,0.000000,0.000000,20.000000,0.000000,0.000000,0.000000,0.000000,0.012160,0.000000,0.910900,15.117042,12.821355,-2.662312,20.000000
24.243000,3,"LINK_TORSO_YAW",24.079000,0.200000,0.164000,20.000000,0.000000,0.000000,20.000000,0.000000,0.000000,0.000000,0.000000,0.012160,0.000000,0.910900,15.143014,12.785619,-2.686459,20.000000
24.244000,3,"LINK_TORSO_YAW",24.079000,0.200000,0.165000,20.000000,0.000000,0.000000,20.000000,0.000000,0.000000,0.000000,0.000000,0.012160,0.000000,0.910900,15.168958,12.749650,-2.710927,20.000000
24.245000,3,"LINK_TORSO_YAW",24.079000,0.200000,0.166000,20.000000,0.000000,0.000000,20.000000,0.000000,0.000000,0.000000,0.000000,0.012160,0.000000,0.910900,15.194818,12.713493,-2.735801,20.000000
24.246000,3,"LINK_TORSO_YAW",24.079000,0.200000,0.167000,20.000000,0.000000,0.000000,20.000000,0.000000,0.000000,0.000000,0.000000,0.012160,0.000000,0.910900,15.220579,12.677154,-2.761112,20.000000
24.247000,3,"LINK_TORSO_YAW",24.079000,0.200000,0.168000,20.000000,0.000000,0.000000,20.000000,0.000000,0.000000,0.000000,0.000000,0.012160,0.000000,0.910900,15.246321,12.640633,-2.786412,20.000000
24.248000,3,"LINK_TORSO_YAW",24.079000,0.200000,0.169000,20.000000,0.000000,0.000000,20.000000,0.000000,0.000000,0.000000,0.000000,0.012160,0.000000,0.910900,15.272054,12.603910,-2.811732,20.000000
24.249000,3,"LINK_TORSO_YAW",24.079000,0.200000,0.170000,20.000000,0.000000,0.000000,20.000000,0.000000,0.000000,0.000000,0.000000,0.012160,0.000000,0.910900,15.297704,12.567117,-2.836869,20.000000
24.250000,3,"LINK_TORSO_YAW",24.079000,0.200000,0.171000,20.000000,0.000000,0.000000,20.000000,0.000000,0.000000,0.000000,0.000000,0.012160,0.000000,0.910900,15.323282,12.530235,-2.861860,20.000000
24.251000,3,"LINK_TORSO_YAW",24.079000,0.200000,0.172000,20.000000,0.000000,0.000000,20.000000,0.000000,0.000000,0.000000,0.000000,0.012160,0.000000,0.910900,15.348774,12.493270,-2.886752,20.000000
24.252000,3,"LINK_TORSO_YAW",24.079000,0.200000,0.173000,20.000000,0.000000,0.000000,20.000000,0.000000,0.000000,0.000000,0.000000,0.012160,0.000000,0.910900,15.374187,12.456205,-2.911584,20.000000
24.253000,3,"LINK_TORSO_YAW",24.079000,0.200000,0.174000,20.000000,0.000000,0.000000,20.000000,0.000000,0.000000,0.000000,0.000000,0.012160,0.000000,0.910900,15.399506,12.419047,-2.936405,20.000000
24.254000,3,"LINK_TORSO_YAW",24.079000,0.200000,0.175000,20.000000,0.000000,0.000000,20.000000,0.000000,0.000000,0.000000,0.000000,0.012160,0.000000,0.910900,15.424733,12.381784,-2.961256,20.000000
24.255000,3,"LINK_TORSO_YAW",24.079000,0.200000,0.176000,20.000000,0.000000,0.000000,20.000000,0.000000,0.000000,0.000000,0.000000,0.012160,0.000000,0.910900,15.449813,12.344555,-2.985838,20.000000
24.256000,3,"LINK_TORSO_YAW",24.079000,0.200000,0.177000,20.000000,0.000000,0.000000,20.000000,0.000000,0.000000,0.000000,0.000000,0.012160,0.000000,0.910900,15.474739,12.307362,-3.010200,20.000000
24.257000,3,"LINK_TORSO_YAW",24.079000,0.200000,0.178000,20.000000,0.000000,0.000000,20.000000,0.000000,0.000000,0.000000,0.000000,0.012160,0.000000,0.910900,15.499620,12.270193,-3.033835,20.000000
24.258000,3,"LINK_TORSO_YAW",24.079000,0.200000,0.179000,20.000000,0.000000,0.000000,20.000000,0.000000,0.000000,0.000000,0.000000,0.012160,0.000000,0.910900,15.524452,12.233042,-3.056806,20.000000
24.259000,3,"LINK_TORSO_YAW",24.079000,0.200000,0.180000,20.000000,0.000000,0.000000,20.000000,0.000000,0.000000,0.000000,0.000000,0.012160,0.000000,0.910900,15.549225,12.195913,-3.079172,20.000000
24.260000,3,"LINK_TORSO_YAW",24.079000,0.200000,0.181000,20.000000,0.000000,0.000000,20.000000,0.000000,0.000000,0.000000,0.000000,0.012160,0.000000,0.910900,15.570004,12.162639,-3.105671,20.000000
24.261000,3,"LINK_TORSO_YAW",24.079000,0.200000,0.182000,20.000000,0.000000,0.000000,20.000000,0.000000,0.000000,0.000000,0.000000,0.012160,0.000000,0.910900,15.589994,12.130117,-3.132470,20.000000
24.262000,3,"LINK_TORSO_YAW",24.079000,0.200000,0.183000,20.000000,0.000000,0.000000,20.000000,0.000000,0.000000,0.000000,0.000000,0.012160,0.000000,0.910900,15.609632,12.098011,-3.158721,20.000000
24.263000,3,"LINK_TORSO_YAW",24.079000,0.200000,0.184000,20.000000,0.000000,0.000000,20.000000,0.000000,0.000000,0.000000,0.000000,0.012160,0.000000,0.910900,15.629002,12.066275,-3.184226,20.000000
24.264000,3,"LINK_TORSO_YAW",24.079000,0.200000,0.185000,20.000000,0.000000,0.000000,20.000000,0.000000,0.000000,0.000000,0.000000,0.012160,0.000000,0.910900,15.648137,12.034913,-3.208843,20.000000
24.265000,3,"LINK_TORSO_YAW",24.079000,0.200000,0.186000,20.000000,0.000000,0.000000,20.000000,0.000000,0.000000,0.000000,0.000000,0.012160,0.000000,0.910900,15.667130,12.003943,-3.232088,20.000000
24.266000,3,"LINK_TORSO_YAW",24.079000,0.200000,0.187000,20.000000,0.000000,0.000000,20.000000,0.000000,0.000000,0.000000,0.000000,0.012160,0.000000,0.910900,15.685904,11.973553,-3.253679,20.000000
24.267000,3,"LINK_TORSO_YAW",24.079000,0.200000,0.188000,20.000000,0.000000,0.000000,20.000000,0.000000,0.000000,0.000000,0.000000,0.012160,0.000000,0.910900,15.704471,11.943738,-3.273638,20.000000
24.268000,3,"LINK_TORSO_YAW",24.079000,0.200000,0.189000,20.000000,0.000000,0.000000,20.000000,0.000000,0.000000,0.000000,0.000000,0.012160,0.000000,0.910900,15.722821,11.914504,-3.292031,20.000000
24.269000,3,"LINK_TORSO_YAW",24.079000,0.200000,0.190000,20.000000,0.000000,0.000000,20.000000,0.000000,0.000000,0.000000,0.000000,0.012160,0.000000,0.910900,15.740944,11.885859,-3.308936,20.000000
24.270000,3,"LINK_TORSO_YAW",24.079000,0.200000,0.191000,20.000000,0.000000,0.000000,20.000000,0.000000,0.000000,0.000000,0.000000,0.012160,0.000000,0.910900,15.758824,11.857808,-3.324434,20.000000
24.271000,3,"LINK_TORSO_YAW",24.079000,0.200000,0.192000,20.000000,0.000000,0.000000,20.000000,0.000000,0.000000,0.000000,0.000000,0.012160,0.000000,0.910900,15.776446,11.830361,-3.338610,20.000000
24.274000,3,"LINK_TORSO_YAW",24.079000,0.200000,0.195000,20.000000,0.000000,0.000000,20.000000,0.000000,0.000000,0.000000,0.000000,0.012160,0.000000,0.910900,15.826943,11.752446,-3.374594,20.000000
24.275000,3,"LINK_TORSO_YAW",24.079000,0.200000,0.196000,20.000000,0.000000,0.000000,20.000000,0.000000,0.000000,0.000000,0.000000,0.012160,0.000000,0.910900,15.844488,11.726055,-3.384054,20.000000
24.276000,3,"LINK_TORSO_YAW",24.079000,0.200000,0.197000,20.000000,0.000000,0.000000,20.000000,0.000000,0.000000,0.000000,0.000000,0.012160,0.000000,0.910900,15.861634,11.700634,-3.391712,20.000000
24.277000,3,"LINK_TORSO_YAW",24.079000,0.200000,0.198000,20.000000,0.000000,0.000000,20.000000,0.000000,0.000000,0.000000,0.000000,0.012160,0.000000,0.910900,15.878502,11.675962,-3.397807,20.000000
24.278000,3,"LINK_TORSO_YAW",24.079000,0.200000,0.199000,20.000000,0.000000,0.000000,20.000000,0.000000,0.000000,0.000000,0.000000,0.012160,0.000000,0.910900,15.895007,11.652067,-3.402656,20.000000
24.279000,3,"LINK_TORSO_YAW",24.079000,0.200000,0.200000,20.000000,0.000000,0.000000,20.000000,0.000000,0.000000,0.000000,0.000000,0.012160,0.000000,0.910900,15.911132,11.628936,-3.406426,20.000000
24.280000,4,"LINK_TORSO_YAW",24.279000,0.200000,0.001000,20.000000,0.000000,0.000000,20.000000,0.000000,0.000000,0.000000,0.000000,0.012160,0.000000,0.910900,15.926856,11.606561,-3.409251,20.000000
24.281000,4,"LINK_TORSO_YAW",24.279000,0.200000,0.002000,20.000000,0.000000,0.000000,20.000000,0.000000,0.000000,0.000000,0.000000,0.012160,0.000000,0.910900,15.942162,11.584940,-3.411253,20.000000
24.282000,4,"LINK_TORSO_YAW",24.279000,0.200000,0.003000,20.000000,0.000000,0.000000,20.000000,0.000000,0.000000,0.000000,0.000000,0.012160,0.000000,0.910900,15.957031,11.564070,-3.412545,20.000000
24.283000,4,"LINK_TORSO_YAW",24.279000,0.200000,0.004000,20.000000,0.000000,0.000000,20.000000,0.000000,0.000000,0.000000,0.000000,0.012160,0.000000,0.910900,15.971444,11.543952,-3.413233,20.000000
24.284000,4,"LINK_TORSO_YAW",24.279000,0.200000,0.005000,20.000000,0.000000,0.000000,20.000000,0.000000,0.000000,0.000000,0.000000,0.012160,0.000000,0.910900,15.985346,11.524615,-3.413497,20.000000
24.285000,4,"LINK_TORSO_YAW",24.279000,0.200000,0.006000,20.000000,0.000000,0.000000,20.000000,0.000000,0.000000,0.000000,0.000000,0.012160,0.000000,0.910900,15.998841,11.506065,-3.412853,20.000000
24.286000,4,"LINK_TORSO_YAW",24.279000,0.200000,0.007000,20.000000,0.000000,0.000000,20.000000,0.000000,0.000000,0.000000,0.000000,0.012160,0.000000,0.910900,16.011910,11.488306,-3.411386,20.000000
24.287000,4,"LINK_TORSO_YAW",24.279000,0.200000,0.008000,20.000000,0.000000,0.000000,20.000000,0.000000,0.000000,0.000000,0.000000,0.012160,0.000000,0.910900,16.024539,11.471342,-3.409177,20.000000
24.288000,4,"LINK_TORSO_YAW",24.279000,0.200000,0.009000,20.000000,0.000000,0.000000,20.000000,0.000000,0.000000,0.000000,0.000000,0.012160,0.000000,0.910900,16.036708,11.455176,-3.406307,20.000000
24.289000,4,"LINK_TORSO_YAW",24.279000,0.200000,0.010000,20.000000,0.000000,0.000000,20.000000,0.000000,0.000000,0.000000,0.000000,0.012160,0.000000,0.910900,16.048413,11.439707,-3.403167,20.000000
24.290000,4,"LINK_TORSO_YAW",24.279000,0.200000,0.011000,20.000000,0.000000,0.000000,20.000000,0.000000,0.000000,0.000000,0.000000,0.012160,0.000000,0.910900,16.059644,11.424892,-3.399954,20.000000
24.291000,4,"LINK_TORSO_YAW",24.279000,0.200000,0.012000,20.000000,0.000000,0.000000,20.000000,0.000000,0.000000,0.000000,0.000000,0.012160,0.000000,0.910900,16.070388,11.410755,-3.396661,20.000000
24.292000,4,"LINK_TORSO_YAW",24.279000,0.200000,0.013000,20.000000,0.000000,0.000000,20.000000,0.000000,0.000000,0.000000,0.000000,0.012160,0.000000,0.910900,16.080633,11.397315,-3.393294,20.000000
24.293000,4,"LINK_TORSO_YAW",24.279000,0.200000,0.014000,20.000000,0.000000,0.000000,20.000000,0.000000,0.000000,0.000000,0.000000,0.012160,0.000000,0.910900,16.090366,11.384590,-3.389872,20.000000
24.294000,4,"LINK_TORSO_YAW",24.279000,0.200000,0.015000,20.000000,0.000000,0.000000,20.000000,0.000000,0.000000,0.000000,0.000000,0.012160,0.000000,0.910900,16.099574,11.372591,-3.386424,20.000000
24.295000,4,"LINK_TORSO_YAW",24.279000,0.200000,0.016000,20.000000,0.000000,0.000000,20.000000,0.000000,0.000000,0.000000,0.000000,0.012160,0.000000,0.910900,16.108247,11.361328,-3.382988,20.000000
24.296000,4,"LINK_TORSO_YAW",24.279000,0.200000,0.017000,20.000000,0.000000,0.000000,20.000000,0.000000,0.000000,0.000000,0.000000,0.012160,0.000000,0.910900,16.116509,11.350794,-3.378996,20.000000
24.297000,4,"LINK_TORSO_YAW",24.279000,0.200000,0.018000,20.000000,0.000000,0.000000,20.000000,0.000000,0.000000,0.000000,0.000000,0.012160,0.000000,0.910900,16.124334,11.340946,-3.374732,20.000000
24.298000,4,"LINK_TORSO_YAW",24.279000,0.200000,0.019000,20.000000,0.000000,0.000000,20.000000,0.000000,0.000000,0.000000,0.000000,0.012160,0.000000,0.910900,16.131711,11.331787,-3.370238,20.000000
24.299000,4,"LINK_TORSO_YAW",24.279000,0.200000,0.020000,20.000000,0.000000,0.000000,20.000000,0.000000,0.000000,0.000000,0.000000,0.012160,0.000000,0.910900,16.138630,11.323322,-3.365563,20.000000
24.300000,4,"LINK_TORSO_YAW",24.279000,0.200000,0.021000,20.000000,0.000000,0.000000,20.000000,0.000000,0.000000,0.000000,0.000000,0.012160,0.000000,0.910900,16.145080,11.315550,-3.360760,20.000000
24.301000,4,"LINK_TORSO_YAW",24.279000,0.200000,0.022000,20.000000,0.000000,0.000000,20.000000,0.000000,0.000000,0.000000,0.000000,0.012160,0.000000,0.910900,16.151042,11.308490,-3.355873,20.000000
24.302000,4,"LINK_TORSO_YAW",24.279000,0.200000,0.023000,20.000000,0.000000,0.000000,20.000000,0.000000,0.000000,0.000000,0.000000,0.012160,0.000000,0.910900,16.156504,11.302144,-3.350957,20.000000
24.303000,4,"LINK_TORSO_YAW",24.279000,0.200000,0.024000,20.000000,0.000000,0.000000,20.000000,0.000000,0.000000,0.000000,0.000000,0.012160,0.000000,0.910900,16.161454,11.296514,-3.346066,20.000000
24.304000,4,"LINK_TORSO_YAW",24.279000,0.200000,0.025000,20.000000,0.000000,0.000000,20.000000,0.000000,0.000000,0.000000,0.000000,0.012160,0.000000,0.910900,16.165845,11.291586,-3.341488,20.000000
24.305000,4,"LINK_TORSO_YAW",24.279000,0.200000,0.026000,20.000000,0.000000,0.000000,20.000000,0.000000,0.000000,0.000000,0.000000,0.012160,0.000000,0.910900,16.169670,11.287357,-3.337266,20.000000
24.306000,4,"LINK_TORSO_YAW",24.279000,0.200000,0.027000,20.000000,0.000000,0.000000,20.000000,0.000000,0.000000,0.000000,0.000000,0.012160,0.000000,0.910900,16.172923,11.283825,-3.333444,20.000000
24.307000,4,"LINK_TORSO_YAW",24.279000,0.200000,0.028000,20.000000,0.000000,0.000000,20.000000,0.000000,0.000000,0.000000,0.000000,0.012160,0.000000,0.910900,16.175736,11.280968,-3.329464,20.000000
24.308000,4,"LINK_TORSO_YAW",24.279000,0.200000,0.029000,20.000000,0.000000,0.000000,20.000000,0.000000,0.000000,0.000000,0.000000,0.012160,0.000000,0.910900,16.178101,11.278780,-3.325384,20.000000
24.309000,4,"LINK_TORSO_YAW",24.279000,0.200000,0.030000,20.000000,0.000000,0.000000,20.000000,0.000000,0.000000,0.000000,0.000000,0.012160,0.000000,0.910900,16.179958,11.277296,-3.321380,20.000000
24.310000,4,"LINK_TORSO_YAW",24.279000,0.200000,0.031000,20.000000,0.000000,0.000000,20.000000,0.000000,0.000000,0.000000,0.000000,0.012160,0.000000,0.910900,16.183240,11.273221,-3.319222,20.000000
24.311000,4,"LINK_TORSO_YAW",24.279000,0.200000,0.032000,20.000000,0.000000,0.000000,20.000000,0.000000,0.000000,0.000000,0.000000,0.012160,0.000000,0.910900,16.185980,11.269895,-3.317157,20.000000
24.312000,4,"LINK_TORSO_YAW",24.279000,0.200000,0.033000,20.000000,0.000000,0.000000,20.000000,0.000000,0.000000,0.000000,0.000000,0.012160,0.000000,0.910900,16.188172,11.267312,-3.315233,20.000000
24.313000,4,"LINK_TORSO_YAW",24.279000,0.200000,0.034000,20.000000,0.000000,0.000000,20.000000,0.000000,0.000000,0.000000,0.000000,0.012160,0.000000,0.910900,16.189811,11.265466,-3.313502,20.000000
24.314000,4,"LINK_TORSO_YAW",24.279000,0.200000,0.035000,20.000000,0.000000,0.000000,20.000000,0.000000,0.000000,0.000000,0.000000,0.012160,0.000000,0.910900,16.190890,11.264354,-3.312012,20.000000
0.956000,5,"LINK_TORSO_YAW",0.955000,0.200000,0.001000,-20.000000,0.000000,0.000000,20.000000,0.000000,0.000000,0.000000,0.000000,0.012160,0.000000,0.910900,-19.994613,-0.239768,-0.397437,20.000000
0.957000,5,"LINK_TORSO_YAW",0.955000,0.200000,0.002000,-20.000000,0.000000,0.000000,20.000000,0.000000,0.000000,0.000000,0.000000,0.012160,0.000000,0.910900,-19.994546,-0.244188,-0.398108,20.000000
0.958000,5,"LINK_TORSO_YAW",0.955000,0.200000,0.003000,-20.000000,0.000000,0.000000,20.000000,0.000000,0.000000,0.000000,0.000000,0.012160,0.000000,0.910900,-19.994476,-0.248594,-0.398892,20.000000
0.959000,5,"LINK_TORSO_YAW",0.955000,0.200000,0.004000,-20.000000,0.000000,0.000000,20.000000,0.000000,0.000000,0.000000,0.000000,0.012160,0.000000,0.910900,-19.994402,-0.253068,-0.399807,20.000000
0.960000,5,"LINK_TORSO_YAW",0.955000,0.200000,0.005000,-20.000000,0.000000,0.000000,20.000000,0.000000,0.000000,0.000000,0.000000,0.012160,0.000000,0.910900,-19.994324,-0.257454,-0.400899,20.000000
0.961000,5,"LINK_TORSO_YAW",0.955000,0.200000,0.006000,-20.000000,0.000000,0.000000,20.000000,0.000000,0.000000,0.000000,0.000000,0.012160,0.000000,0.910900,-19.994239,-0.261932,-0.402231,20.000000
0.962000,5,"LINK_TORSO_YAW",0.955000,0.200000,0.007000,-20.000000,0.000000,0.000000,20.000000,0.000000,0.000000,0.000000,0.000000,0.012160,0.000000,0.910900,-19.994146,-0.266514,-0.403857,20.000000
0.963000,5,"LINK_TORSO_YAW",0.955000,0.200000,0.008000,-20.000000,0.000000,0.000000,20.000000,0.000000,0.000000,0.000000,0.000000,0.012160,0.000000,0.910900,-19.994047,-0.270917,-0.405840,20.000000
0.964000,5,"LINK_TORSO_YAW",0.955000,0.200000,0.009000,-20.000000,0.000000,0.000000,20.000000,0.000000,0.000000,0.000000,0.000000,0.012160,0.000000,0.910900,-19.993936,-0.275441,-0.408212,20.000000
0.965000,5,"LINK_TORSO_YAW",0.955000,0.200000,0.010000,-20.000000,0.000000,0.000000,20.000000,0.000000,0.000000,0.000000,0.000000,0.012160,0.000000,0.910900,-19.993815,-0.280084,-0.411003,20.000000
0.966000,5,"LINK_TORSO_YAW",0.955000,0.200000,0.011000,-20.000000,0.000000,0.000000,20.000000,0.000000,0.000000,0.000000,0.000000,0.012160,0.000000,0.910900,-19.993685,-0.284563,-0.414241,20.000000
0.967000,5,"LINK_TORSO_YAW",0.955000,0.200000,0.012000,-20.000000,0.000000,0.000000,20.000000,0.000000,0.000000,0.000000,0.000000,0.012160,0.000000,0.910900,-19.993541,-0.289152,-0.417988,20.000000
0.968000,5,"LINK_TORSO_YAW",0.955000,0.200000,0.013000,-20.000000,0.000000,0.000000,20.000000,0.000000,0.000000,0.000000,0.000000,0.012160,0.000000,0.910900,-19.993396,-0.293753,-0.421715,20.000000
0.969000,5,"LINK_TORSO_YAW",0.955000,0.200000,0.014000,-20.000000,0.000000,0.000000,20.000000,0.000000,0.000000,0.000000,0.000000,0.012160,0.000000,0.910900,-19.993250,-0.298255,-0.425430,20.000000
0.970000,5,"LINK_TORSO_YAW",0.955000,0.200000,0.015000,-20.000000,0.000000,0.000000,20.000000,0.000000,0.000000,0.000000,0.000000,0.012160,0.000000,0.910900,-19.993100,-0.302867,-0.429202,20.000000
0.971000,5,"LINK_TORSO_YAW",0.955000,0.200000,0.016000,-20.000000,0.000000,0.000000,20.000000,0.000000,0.000000,0.000000,0.000000,0.012160,0.000000,0.910900,-19.992946,-0.307610,-0.433001,20.000000
0.972000,5,"LINK_TORSO_YAW",0.955000,0.200000,0.017000,-20.000000,0.000000,0.000000,20.000000,0.000000,0.000000,0.000000,0.000000,0.012160,0.000000,0.910900,-19.992790,-0.312252,-0.436862,20.000000
0.973000,5,"LINK_TORSO_YAW",0.955000,0.200000,0.018000,-20.000000,0.000000,0.000000,20.000000,0.000000,0.000000,0.000000,0.000000,0.012160,0.000000,0.910900,-19.992629,-0.316875,-0.440880,20.000000
0.974000,5,"LINK_TORSO_YAW",0.955000,0.200000,0.019000,-20.000000,0.000000,0.000000,20.000000,0.000000,0.000000,0.000000,0.000000,0.012160,0.000000,0.910900,-19.992460,-0.321623,-0.445086,20.000000
0.975000,5,"LINK_TORSO_YAW",0.955000,0.200000,0.020000,-20.000000,0.000000,0.000000,20.000000,0.000000,0.000000,0.000000,0.000000,0.012160,0.000000,0.910900,-19.992287,-0.326232,-0.449461,20.000000
0.976000,5,"LINK_TORSO_YAW",0.955000,0.200000,0.021000,-20.000000,0.000000,0.000000,20.000000,0.000000,0.000000,0.000000,0.000000,0.012160,0.000000,0.910900,-19.992106,-0.330956,-0.454077,20.000000
0.977000,5,"LINK_TORSO_YAW",0.955000,0.200000,0.022000,-20.000000,0.000000,0.000000,20.000000,0.000000,0.000000,0.000000,0.000000,0.012160,0.000000,0.910900,-19.991924,-0.335820,-0.458491,20.000000
0.978000,5,"LINK_TORSO_YAW",0.955000,0.200000,0.023000,-20.000000,0.000000,0.000000,20.000000,0.000000,0.000000,0.000000,0.000000,0.012160,0.000000,0.910900,-19.991746,-0.340492,-0.462768,20.000000
0.979000,5,"LINK_TORSO_YAW",0.955000,0.200000,0.024000,-20.000000,0.000000,0.000000,20.000000,0.000000,0.000000,0.000000,0.000000,0.012160,0.000000,0.910900,-19.991566,-0.345297,-0.466960,20.000000
0.980000,5,"LINK_TORSO_YAW",0.955000,0.200000,0.025000,-20.000000,0.000000,0.000000,20.000000,0.000000,0.000000,0.000000,0.000000,0.012160,0.000000,0.910900,-19.991383,-0.350231,-0.471125,20.000000
0.981000,5,"LINK_TORSO_YAW",0.955000,0.200000,0.026000,-20.000000,0.000000,0.000000,20.000000,0.000000,0.000000,0.000000,0.000000,0.012160,0.000000,0.910900,-19.991199,-0.355059,-0.475301,20.000000
0.982000,5,"LINK_TORSO_YAW",0.955000,0.200000,0.027000,-20.000000,0.000000,0.000000,20.000000,0.000000,0.000000,0.000000,0.000000,0.012160,0.000000,0.910900,-19.991009,-0.359978,-0.479537,20.000000
0.983000,5,"LINK_TORSO_YAW",0.955000,0.200000,0.028000,-20.000000,0.000000,0.000000,20.000000,0.000000,0.000000,0.000000,0.000000,0.012160,0.000000,0.910900,-19.990816,-0.364851,-0.483914,20.000000
0.984000,5,"LINK_TORSO_YAW",0.955000,0.200000,0.029000,-20.000000,0.000000,0.000000,20.000000,0.000000,0.000000,0.000000,0.000000,0.012160,0.000000,0.910900,-19.990619,-0.369550,-0.488440,20.000000
0.985000,5,"LINK_TORSO_YAW",0.955000,0.200000,0.030000,-20.000000,0.000000,0.000000,20.000000,0.000000,0.000000,0.000000,0.000000,0.012160,0.000000,0.910900,-19.990413,-0.374347,-0.493189,20.000000
0.986000,5,"LINK_TORSO_YAW",0.955000,0.200000,0.031000,-20.000000,0.000000,0.000000,20.000000,0.000000,0.000000,0.000000,0.000000,0.012160,0.000000,0.910900,-19.990197,-0.379236,-0.498213,20.000000
0.987000,5,"LINK_TORSO_YAW",0.955000,0.200000,0.032000,-20.000000,0.000000,0.000000,20.000000,0.000000,0.000000,0.000000,0.000000,0.012160,0.000000,0.910900,-19.989974,-0.383890,-0.503541,20.000000
0.988000,5,"LINK_TORSO_YAW",0.955000,0.200000,0.033000,-20.000000,0.000000,0.000000,20.000000,0.000000,0.000000,0.000000,0.000000,0.012160,0.000000,0.910900,-19.989755,-0.388514,-0.508667,20.000000
0.989000,5,"LINK_TORSO_YAW",0.955000,0.200000,0.034000,-20.000000,0.000000,0.000000,20.000000,0.000000,0.000000,0.000000,0.000000,0.012160,0.000000,0.910900,-19.989538,-0.393254,-0.513546,20.000000
0.990000,5,"LINK_TORSO_YAW",0.955000,0.200000,0.035000,-20.000000,0.000000,0.000000,20.000000,0.000000,0.000000,0.000000,0.000000,0.012160,0.000000,0.910900,-19.989326,-0.397865,-0.518219,20.000000
0.991000,5,"LINK_TORSO_YAW",0.955000,0.200000,0.036000,-20.000000,0.000000,0.000000,20.000000,0.000000,0.000000,0.000000,0.000000,0.012160,0.000000,0.910900,-19.989113,-0.402567,-0.522763,20.000000
0.992000,5,"LINK_TORSO_YAW",0.955000,0.200000,0.037000,-20.000000,0.000000,0.000000,20.000000,0.000000,0.000000,0.000000,0.000000,0.012160,0.000000,0.910900,-19.988899,-0.407357,-0.527239,20.000000
0.993000,5,"LINK_TORSO_YAW",0.955000,0.200000,0.038000,-20.000000,0.000000,0.000000,20.000000,0.000000,0.000000,0.000000,0.000000,0.012160,0.000000,0.910900,-19.988687,-0.411935,-0.531705,20.000000
0.994000,5,"LINK_TORSO_YAW",0.955000,0.200000,0.039000,-20.000000,0.000000,0.000000,20.000000,0.000000,0.000000,0.000000,0.000000,0.012160,0.000000,0.910900,-19.988469,-0.416606,-0.536218,20.000000
0.995000,5,"LINK_TORSO_YAW",0.955000,0.200000,0.040000,-20.000000,0.000000,0.000000,20.000000,0.000000,0.000000,0.000000,0.000000,0.012160,0.000000,0.910900,-19.988247,-0.421346,-0.540770,20.000000
0.996000,5,"LINK_TORSO_YAW",0.955000,0.200000,0.041000,-20.000000,0.000000,0.000000,20.000000,0.000000,0.000000,0.000000,0.000000,0.012160,0.000000,0.910900,-19.988026,-0.425862,-0.545399,20.000000
0.997000,5,"LINK_TORSO_YAW",0.955000,0.200000,0.042000,-20.000000,0.000000,0.000000,20.000000,0.000000,0.000000,0.000000,0.000000,0.012160,0.000000,0.910900,-19.987811,-0.430358,-0.549725,20.000000
0.998000,5,"LINK_TORSO_YAW",0.955000,0.200000,0.043000,-20.000000,0.000000,0.000000,20.000000,0.000000,0.000000,0.000000,0.000000,0.012160,0.000000,0.910900,-19.987600,-0.434947,-0.553773,20.000000
0.999000,5,"LINK_TORSO_YAW",0.955000,0.200000,0.044000,-20.000000,0.000000,0.000000,20.000000,0.000000,0.000000,0.000000,0.000000,0.012160,0.000000,0.910900,-19.987396,-0.439435,-0.557592,20.000000
1.000000,5,"LINK_TORSO_YAW",0.955000,0.200000,0.045000,-20.000000,0.000000,0.000000,20.000000,0.000000,0.000000,0.000000,0.000000,0.012160,0.000000,0.910900,-19.987194,-0.443964,-0.561217,20.000000
1.001000,5,"LINK_TORSO_YAW",0.955000,0.200000,0.046000,-20.000000,0.000000,0.000000,20.000000,0.000000,0.000000,0.000000,0.000000,0.012160,0.000000,0.910900,-19.986995,-0.448448,-0.564741,20.000000
1.002000,5,"LINK_TORSO_YAW",0.955000,0.200000,0.047000,-20.000000,0.000000,0.000000,20.000000,0.000000,0.000000,0.000000,0.000000,0.012160,0.000000,0.910900,-19.986800,-0.452801,-0.568160,20.000000
1.003000,5,"LINK_TORSO_YAW",0.955000,0.200000,0.048000,-20.000000,0.000000,0.000000,20.000000,0.000000,0.000000,0.000000,0.000000,0.012160,0.000000,0.910900,-19.986603,-0.457203,-0.571552,20.000000
1.004000,5,"LINK_TORSO_YAW",0.955000,0.200000,0.049000,-20.000000,0.000000,0.000000,20.000000,0.000000,0.000000,0.000000,0.000000,0.012160,0.000000,0.910900,-19.986403,-0.461652,-0.574969,20.000000
1.005000,5,"LINK_TORSO_YAW",0.955000,0.200000,0.050000,-20.000000,0.000000,0.000000,20.000000,0.000000,0.000000,0.000000,0.000000,0.012160,0.000000,0.910900,-19.986203,-0.465894,-0.578479,20.000000
1.006000,5,"LINK_TORSO_YAW",0.955000,0.200000,0.051000,-20.000000,0.000000,0.000000,20.000000,0.000000,0.000000,0.000000,0.000000,0.012160,0.000000,0.910900,-19.985996,-0.470188,-0.582126,20.000000
1.007000,5,"LINK_TORSO_YAW",0.955000,0.200000,0.052000,-20.000000,0.000000,0.000000,20.000000,0.000000,0.000000,0.000000,0.000000,0.012160,0.000000,0.910900,-19.985783,-0.474518,-0.585937,20.000000
1.008000,5,"LINK_TORSO_YAW",0.955000,0.200000,0.053000,-20.000000,0.000000,0.000000,20.000000,0.000000,0.000000,0.000000,0.000000,0.012160,0.000000,0.910900,-19.985582,-0.478708,-0.589360,20.000000
1.009000,5,"LINK_TORSO_YAW",0.955000,0.200000,0.054000,-20.000000,0.000000,0.000000,20.000000,0.000000,0.000000,0.000000,0.000000,0.012160,0.000000,0.910900,-19.985389,-0.482873,-0.592495,20.000000
1.010000,5,"LINK_TORSO_YAW",0.955000,0.200000,0.055000,-20.000000,0.000000,0.000000,20.000000,0.000000,0.000000,0.000000,0.000000,0.012160,0.000000,0.910900,-19.985202,-0.487045,-0.595379,20.000000
1.011000,5,"LINK_TORSO_YAW",0.955000,0.200000,0.056000,-20.000000,0.000000,0.000000,20.000000,0.000000,0.000000,0.000000,0.000000,0.012160,0.000000,0.910900,-19.985018,-0.491264,-0.598087,20.000000
1.012000,5,"LINK_TORSO_YAW",0.955000,0.200000,0.057000,-20.000000,0.000000,0.000000,20.000000,0.000000,0.000000,0.000000,0.000000,0.012160,0.000000,0.910900,-19.984835,-0.495522,-0.600680,20.000000
1.013000,5,"LINK_TORSO_YAW",0.955000,0.200000,0.058000,-20.000000,0.000000,0.000000,20.000000,0.000000,0.000000,0.000000,0.000000,0.012160,0.000000,0.910900,-19.984658,-0.499635,-0.603181,20.000000
1.014000,5,"LINK_TORSO_YAW",0.955000,0.200000,0.059000,-20.000000,0.000000,0.000000,20.000000,0.000000,0.000000,0.000000,0.000000,0.012160,0.000000,0.910900,-19.984478,-0.503813,-0.605641,20.000000
1.015000,5,"LINK_TORSO_YAW",0.955000,0.200000,0.060000,-20.000000,0.000000,0.000000,20.000000,0.000000,0.000000,0.000000,0.000000,0.012160,0.000000,0.910900,-19.984296,-0.508048,-0.608121,20.000000
1.016000,5,"LINK_TORSO_YAW",0.955000,0.200000,0.061000,-20.000000,0.000000,0.000000,20.000000,0.000000,0.000000,0.000000,0.000000,0.012160,0.000000,0.910900,-19.984113,-0.512160,-0.610668,20.000000
1.017000,5,"LINK_TORSO_YAW",0.955000,0.200000,0.062000,-20.000000,0.000000,0.000000,20.000000,0.000000,0.000000,0.000000,0.000000,0.012160,0.000000,0.910900,-19.983940,-0.516247,-0.612879,20.000000
1.018000,5,"LINK_TORSO_YAW",0.955000,0.200000,0.063000,-20.000000,0.000000,0.000000,20.000000,0.000000,0.000000,0.000000,0.000000,0.012160,0.000000,0.910900,-19.983774,-0.520426,-0.614762,20.000000
1.019000,5,"LINK_TORSO_YAW",0.955000,0.200000,0.064000,-20.000000,0.000000,0.000000,20.000000,0.000000,0.000000,0.000000,0.000000,0.012160,0.000000,0.910900,-19.983613,-0.524672,-0.616376,20.000000
1.020000,5,"LINK_TORSO_YAW",0.955000,0.200000,0.065000,-20.000000,0.000000,0.000000,20.000000,0.000000,0.000000,0.000000,0.000000,0.012160,0.000000,0.910900,-19.983458,-0.528907,-0.617777,20.000000
1.021000,5,"LINK_TORSO_YAW",0.955000,0.200000,0.066000,-20.000000,0.000000,0.000000,20.000000,0.000000,0.000000,0.000000,0.000000,0.012160,0.000000,0.910900,-19.983306,-0.533162,-0.619038,20.000000
1.022000,5,"LINK_TORSO_YAW",0.955000,0.200000,0.067000,-20.000000,0.000000,0.000000,20.000000,0.000000,0.000000,0.000000,0.000000,0.012160,0.000000,0.910900,-19.983156,-0.537370,-0.620246,20.000000
1.023000,5,"LINK_TORSO_YAW",0.955000,0.200000,0.068000,-20.000000,0.000000,0.000000,20.000000,0.000000,0.000000,0.000000,0.000000,0.012160,0.000000,0.910900,-19.983003,-0.541679,-0.621426,20.000000
1.024000,5,"LINK_TORSO_YAW",0.955000,0.200000,0.069000,-20.000000,0.000000,0.000000,20.000000,0.000000,0.000000,0.000000,0.000000,0.012160,0.000000,0.910900,-19.982850,-0.545941,-0.622618,20.000000
1.025000,5,"LINK_TORSO_YAW",0.955000,0.200000,0.070000,-20.000000,0.000000,0.000000,20.000000,0.000000,0.000000,0.000000,0.000000,0.012160,0.000000,0.910900,-19.982693,-0.550205,-0.623893,20.000000
1.026000,5,"LINK_TORSO_YAW",0.955000,0.200000,0.071000,-20.000000,0.000000,0.000000,20.000000,0.000000,0.000000,0.000000,0.000000,0.012160,0.000000,0.910900,-19.982546,-0.554490,-0.624831,20.000000
1.027000,5,"LINK_TORSO_YAW",0.955000,0.200000,0.072000,-20.000000,0.000000,0.000000,20.000000,0.000000,0.000000,0.000000,0.000000,0.012160,0.000000,0.910900,-19.982404,-0.558827,-0.625483,20.000000
1.028000,5,"LINK_TORSO_YAW",0.955000,0.200000,0.073000,-20.000000,0.000000,0.000000,20.000000,0.000000,0.000000,0.000000,0.000000,0.012160,0.000000,0.910900,-19.982267,-0.563231,-0.625907,20.000000
1.029000,5,"LINK_TORSO_YAW",0.955000,0.200000,0.074000,-20.000000,0.000000,0.000000,20.000000,0.000000,0.000000,0.000000,0.000000,0.012160,0.000000,0.910900,-19.982133,-0.567684,-0.626172,20.000000
1.030000,5,"LINK_TORSO_YAW",0.955000,0.200000,0.075000,-20.000000,0.000000,0.000000,20.000000,0.000000,0.000000,0.000000,0.000000,0.012160,0.000000,0.910900,-19.982001,-0.572176,-0.626310,20.000000
1.031000,5,"LINK_TORSO_YAW",0.955000,0.200000,0.076000,-20.000000,0.000000,0.000000,20.000000,0.000000,0.000000,0.000000,0.000000,0.012160,0.000000,0.910900,-19.981868,-0.576713,-0.626386,20.000000
1.032000,5,"LINK_TORSO_YAW",0.955000,0.200000,0.077000,-20.000000,0.000000,0.000000,20.000000,0.000000,0.000000,0.000000,0.000000,0.012160,0.000000,0.910900,-19.981733,-0.581310,-0.626450,20.000000
1.033000,5,"LINK_TORSO_YAW",0.955000,0.200000,0.078000,-20.000000,0.000000,0.000000,20.000000,0.000000,0.000000,0.000000,0.000000,0.012160,0.000000,0.910900,-19.981597,-0.585897,-0.626519,20.000000
1.034000,5,"LINK_TORSO_YAW",0.955000,0.200000,0.079000,-20.000000,0.000000,0.000000,20.000000,0.000000,0.000000,0.000000,0.000000,0.012160,0.000000,0.910900,-19.981466,-0.590617,-0.626240,20.000000
1.035000,5,"LINK_TORSO_YAW",0.955000,0.200000,0.080000,-20.000000,0.000000,0.000000,20.000000,0.000000,0.000000,0.000000,0.000000,0.012160,0.000000,0.910900,-19.981344,-0.595378,-0.625644,20.000000
1.036000,5,"LINK_TORSO_YAW",0.955000,0.200000,0.081000,-20.000000,0.000000,0.000000,20.000000,0.000000,0.000000,0.000000,0.000000,0.012160,0.000000,0.910900,-19.981225,-0.600227,-0.624800,20.000000
1.037000,5,"LINK_TORSO_YAW",0.955000,0.200000,0.082000,-20.000000,0.000000,0.000000,20.000000,0.000000,0.000000,0.000000,0.000000,0.012160,0.000000,0.910900,-19.981109,-0.605139,-0.623759,20.000000
1.038000,5,"LINK_TORSO_YAW",0.955000,0.200000,0.083000,-20.000000,0.000000,0.000000,20.000000,0.000000,0.000000,0.000000,0.000000,0.012160,0.000000,0.910900,-19.980996,-0.610060,-0.622597,20.000000
1.039000,5,"LINK_TORSO_YAW",0.955000,0.200000,0.084000,-20.000000,0.000000,0.000000,20.000000,0.000000,0.000000,0.000000,0.000000,0.012160,0.000000,0.910900,-19.980884,-0.614988,-0.621351,20.000000
1.040000,5,"LINK_TORSO_YAW",0.955000,0.200000,0.085000,-20.000000,0.000000,0.000000,20.000000,0.000000,0.000000,0.000000,0.000000,0.012160,0.000000,0.910900,-19.980765,-0.620060,-0.620109,20.000000
1.041000,5,"LINK_TORSO_YAW",0.955000,0.200000,0.086000,-20.000000,0.000000,0.000000,20.000000,0.000000,0.000000,0.000000,0.000000,0.012160,0.000000,0.910900,-19.980642,-0.625187,-0.618942,20.000000
1.042000,5,"LINK_TORSO_YAW",0.955000,0.200000,0.087000,-20.000000,0.000000,0.000000,20.000000,0.000000,0.000000,0.000000,0.000000,0.012160,0.000000,0.910900,-19.980514,-0.630312,-0.617873,20.000000
1.043000,5,"LINK_TORSO_YAW",0.955000,0.200000,0.088000,-20.000000,0.000000,0.000000,20.000000,0.000000,0.000000,0.000000,0.000000,0.012160,0.000000,0.910900,-19.980378,-0.635503,-0.616946,20.000000
1.044000,5,"LINK_TORSO_YAW",0.955000,0.200000,0.089000,-20.000000,0.000000,0.000000,20.000000,0.000000,0.000000,0.000000,0.000000,0.012160,0.000000,0.910900,-19.980248,-0.640820,-0.615652,20.000000
1.045000,5,"LINK_TORSO_YAW",0.955000,0.200000,0.090000,-20.000000,0.000000,0.000000,20.000000,0.000000,0.000000,0.000000,0.000000,0.012160,0.000000,0.910900,-19.980125,-0.646154,-0.614091,20.000000
1.046000,5,"LINK_TORSO_YAW",0.955000,0.200000,0.091000,-20.000000,0.000000,0.000000,20.000000,0.000000,0.000000,0.000000,0.000000,0.012160,0.000000,0.910900,-19.980002,-0.651648,-0.612286,20.000000
1.047000,5,"LINK_TORSO_YAW",0.955000,0.200000,0.092000,-20.000000,0.000000,0.000000,20.000000,0.000000,0.000000,0.000000,0.000000,0.012160,0.000000,0.910900,-19.979878,-0.657280,-0.610283,20.000000
1.048000,5,"LINK_TORSO_YAW",0.955000,0.200000,0.093000,-20.000000,0.000000,0.000000,20.000000,0.000000,0.000000,0.000000,0.000000,0.012160,0.000000,0.910900,-19.979753,-0.663080,-0.608113,20.000000
1.049000,5,"LINK_TORSO_YAW",0.955000,0.200000,0.094000,-20.000000,0.000000,0.000000,20.000000,0.000000,0.000000,0.000000,0.000000,0.012160,0.000000,0.910900,-19.979627,-0.668942,-0.605823,20.000000
1.050000,5,"LINK_TORSO_YAW",0.955000,0.200000,0.095000,-20.000000,0.000000,0.000000,20.000000,0.000000,0.000000,0.000000,0.000000,0.012160,0.000000,0.910900,-19.979495,-0.674993,-0.603458,20.000000
1.051000,5,"LINK_TORSO_YAW",0.955000,0.200000,0.096000,-20.000000,0.000000,0.000000,20.000000,0.000000,0.000000,0.000000,0.000000,0.012160,0.000000,0.910900,-19.979359,-0.681130,-0.601051,20.000000
1.052000,5,"LINK_TORSO_YAW",0.955000,0.200000,0.097000,-20.000000,0.000000,0.000000,20.000000,0.000000,0.000000,0.000000,0.000000,0.012160,0.000000,0.910900,-19.979216,-0.687429,-0.598629,20.000000
1.053000,5,"LINK_TORSO_YAW",0.955000,0.200000,0.098000,-20.000000,0.000000,0.000000,20.000000,0.000000,0.000000,0.000000,0.000000,0.012160,0.000000,0.910900,-19.979067,-0.693824,-0.596218,20.000000
1.054000,5,"LINK_TORSO_YAW",0.955000,0.200000,0.099000,-20.000000,0.000000,0.000000,20.000000,0.000000,0.000000,0.000000,0.000000,0.012160,0.000000,0.910900,-19.978908,-0.700399,-0.593853,20.000000
1.055000,5,"LINK_TORSO_YAW",0.955000,0.200000,0.100000,-20.000000,0.000000,0.000000,20.000000,0.000000,0.000000,0.000000,0.000000,0.012160,0.000000,0.910900,-19.978762,-0.707080,-0.590863,20.000000
1.056000,5,"LINK_TORSO_YAW",0.955000,0.200000,0.101000,-20.000000,0.000000,0.000000,20.000000,0.000000,0.000000,0.000000,0.000000,0.012160,0.000000,0.910900,-19.978624,-0.713933,-0.587266,20.000000
1.057000,5,"LINK_TORSO_YAW",0.955000,0.200000,0.102000,-20.000000,0.000000,0.000000,20.000000,0.000000,0.000000,0.000000,0.000000,0.012160,0.000000,0.910900,-19.978496,-0.720896,-0.583107,20.000000
1.058000,5,"LINK_TORSO_YAW",0.955000,0.200000,0.103000,-20.000000,0.000000,0.000000,20.000000,0.000000,0.000000,0.000000,0.000000,0.012160,0.000000,0.910900,-19.978376,-0.727970,-0.578417,20.000000
1.059000,5,"LINK_TORSO_YAW",0.955000,0.200000,0.104000,-20.000000,0.000000,0.000000,20.000000,0.000000,0.000000,0.000000,0.000000,0.012160,0.000000,0.910900,-19.978262,-0.735157,-0.573240,20.000000
1.060000,5,"LINK_TORSO_YAW",0.955000,0.200000,0.105000,-20.000000,0.000000,0.000000,20.000000,0.000000,0.000000,0.000000,0.000000,0.012160,0.000000,0.910900,-19.978155,-0.742389,-0.567609,20.000000
1.061000,5,"LINK_TORSO_YAW",0.955000,0.200000,0.106000,-20.000000,0.000000,0.000000,20.000000,0.000000,0.000000,0.000000,0.000000,0.012160,0.000000,0.910900,-19.978055,-0.749644,-0.561572,20.000000
1.062000,5,"LINK_TORSO_YAW",0.955000,0.200000,0.107000,-20.000000,0.000000,0.000000,20.000000,0.000000,0.000000,0.000000,0.000000,0.012160,0.000000,0.910900,-19.977954,-0.757120,-0.555071,20.000000
1.063000,5,"LINK_TORSO_YAW",0.955000,0.200000,0.108000,-20.000000,0.000000,0.000000,20.000000,0.000000,0.000000,0.000000,0.000000,0.012160,0.000000,0.910900,-19.977854,-0.764798,-0.548134,20.000000
1.064000,5,"LINK_TORSO_YAW",0.955000,0.200000,0.109000,-20.000000,0.000000,0.000000,20.000000,0.000000,0.000000,0.000000,0.000000,0.012160,0.000000,0.910900,-19.977773,-0.772439,-0.540317,20.000000
1.065000,5,"LINK_TORSO_YAW",0.955000,0.200000,0.110000,-20.000000,0.000000,0.000000,20.000000,0.000000,0.000000,0.000000,0.000000,0.012160,0.000000,0.910900,-19.977699,-0.780294,-0.531676,20.000000
1.066000,5,"LINK_TORSO_YAW",0.955000,0.200000,0.111000,-20.000000,0.000000,0.000000,20.000000,0.000000,0.000000,0.000000,0.000000,0.012160,0.000000,0.910900,-19.977635,-0.788254,-0.522262,20.000000
1.067000,5,"LINK_TORSO_YAW",0.955000,0.200000,0.112000,-20.000000,0.000000,0.000000,20.000000,0.000000,0.000000,0.000000,0.000000,0.012160,0.000000,0.910900,-19.977582,-0.796194,-0.512137,20.000000
1.068000,5,"LINK_TORSO_YAW",0.955000,0.200000,0.113000,-20.000000,0.000000,0.000000,20.000000,0.000000,0.000000,0.000000,0.000000,0.012160,0.000000,0.910900,-19.977528,-0.804356,-0.501366,20.000000
1.069000,5,"LINK_TORSO_YAW",0.955000,0.200000,0.114000,-20.000000,0.000000,0.000000,20.000000,0.000000,0.000000,0.000000,0.000000,0.012160,0.000000,0.910900,-19.977476,-0.812507,-0.490184,20.000000
1.070000,5,"LINK_TORSO_YAW",0.955000,0.200000,0.115000,-20.000000,0.000000,0.000000,20.000000,0.000000,0.000000,0.000000,0.000000,0.012160,0.000000,0.910900,-19.977419,-0.820727,-0.478687,20.000000
1.071000,5,"LINK_TORSO_YAW",0.955000,0.200000,0.116000,-20.000000,0.000000,0.000000,20.000000,0.000000,0.000000,0.000000,0.000000,0.012160,0.000000,0.910900,-19.977360,-0.828887,-0.466931,20.000000
1.072000,5,"LINK_TORSO_YAW",0.955000,0.200000,0.117000,-20.000000,0.000000,0.000000,20.000000,0.000000,0.000000,0.000000,0.000000,0.012160,0.000000,0.910900,-19.977291,-0.837123,-0.455032,20.000000
1.073000,5,"LINK_TORSO_YAW",0.955000,0.200000,0.118000,-20.000000,0.000000,0.000000,20.000000,0.000000,0.000000,0.000000,0.000000,0.012160,0.000000,0.910900,-19.977228,-0.845321,-0.442485,20.000000
1.074000,5,"LINK_TORSO_YAW",0.955000,0.200000,0.119000,-20.000000,0.000000,0.000000,20.000000,0.000000,0.000000,0.000000,0.000000,0.012160,0.000000,0.910900,-19.977161,-0.853475,-0.429668,20.000000
1.075000,5,"LINK_TORSO_YAW",0.955000,0.200000,0.120000,-20.000000,0.000000,0.000000,20.000000,0.000000,0.000000,0.000000,0.000000,0.012160,0.000000,0.910900,-19.977088,-0.861591,-0.416664,20.000000
1.077000,5,"LINK_TORSO_YAW",0.955000,0.200000,0.122000,-20.000000,0.000000,0.000000,20.000000,0.000000,0.000000,0.000000,0.000000,0.012160,0.000000,0.910900,-19.976930,-0.877357,-0.390534,20.000000
1.078000,5,"LINK_TORSO_YAW",0.955000,0.200000,0.123000,-20.000000,0.000000,0.000000,20.000000,0.000000,0.000000,0.000000,0.000000,0.012160,0.000000,0.910900,-19.976835,-0.885181,-0.377501,20.000000
1.079000,5,"LINK_TORSO_YAW",0.955000,0.200000,0.124000,-20.000000,0.000000,0.000000,20.000000,0.000000,0.000000,0.000000,0.000000,0.012160,0.000000,0.910900,-19.976736,-0.892824,-0.364538,20.000000
1.080000,5,"LINK_TORSO_YAW",0.955000,0.200000,0.125000,-20.000000,0.000000,0.000000,20.000000,0.000000,0.000000,0.000000,0.000000,0.012160,0.000000,0.910900,-19.976623,-0.900055,-0.352776,20.000000
1.081000,5,"LINK_TORSO_YAW",0.955000,0.200000,0.126000,-20.000000,0.000000,0.000000,20.000000,0.000000,0.000000,0.000000,0.000000,0.012160,0.000000,0.910900,-19.976470,-0.907342,-0.342577,20.000000
1.082000,5,"LINK_TORSO_YAW",0.955000,0.200000,0.127000,-20.000000,0.000000,0.000000,20.000000,0.000000,0.000000,0.000000,0.000000,0.012160,0.000000,0.910900,-19.976288,-0.914537,-0.333976,20.000000
1.083000,5,"LINK_TORSO_YAW",0.955000,0.200000,0.128000,-20.000000,0.000000,0.000000,20.000000,0.000000,0.000000,0.000000,0.000000,0.012160,0.000000,0.910900,-19.976091,-0.921335,-0.327017,20.000000
1.084000,5,"LINK_TORSO_YAW",0.955000,0.200000,0.129000,-20.000000,0.000000,0.000000,20.000000,0.000000,0.000000,0.000000,0.000000,0.012160,0.000000,0.910900,-19.975863,-0.928160,-0.321609,20.000000
1.085000,5,"LINK_TORSO_YAW",0.955000,0.200000,0.130000,-20.000000,0.000000,0.000000,20.000000,0.000000,0.000000,0.000000,0.000000,0.012160,0.000000,0.910900,-19.975618,-0.934907,-0.317208,20.000000
1.086000,5,"LINK_TORSO_YAW",0.955000,0.200000,0.131000,-20.000000,0.000000,0.000000,20.000000,0.000000,0.000000,0.000000,0.000000,0.012160,0.000000,0.910900,-19.975370,-0.941314,-0.313852,20.000000
1.087000,5,"LINK_TORSO_YAW",0.955000,0.200000,0.132000,-20.000000,0.000000,0.000000,20.000000,0.000000,0.000000,0.000000,0.000000,0.012160,0.000000,0.910900,-19.975116,-0.947493,-0.311416,20.000000
1.088000,5,"LINK_TORSO_YAW",0.955000,0.200000,0.133000,-20.000000,0.000000,0.000000,20.000000,0.000000,0.000000,0.000000,0.000000,0.012160,0.000000,0.910900,-19.974845,-0.953671,-0.309945,20.000000
1.089000,5,"LINK_TORSO_YAW",0.955000,0.200000,0.134000,-20.000000,0.000000,0.000000,20.000000,0.000000,0.000000,0.000000,0.000000,0.012160,0.000000,0.910900,-19.974578,-0.959406,-0.309465,20.000000
1.090000,5,"LINK_TORSO_YAW",0.955000,0.200000,0.135000,-20.000000,0.000000,0.000000,20.000000,0.000000,0.000000,0.000000,0.000000,0.012160,0.000000,0.910900,-19.974307,-0.964914,-0.309835,20.000000
1.091000,5,"LINK_TORSO_YAW",0.955000,0.200000,0.136000,-20.000000,0.000000,0.000000,20.000000,0.000000,0.000000,0.000000,0.000000,0.012160,0.000000,0.910900,-19.974006,-0.970598,-0.311494,20.000000
1.092000,5,"LINK_TORSO_YAW",0.955000,0.200000,0.137000,-20.000000,0.000000,0.000000,20.000000,0.000000,0.000000,0.000000,0.000000,0.012160,0.000000,0.910900,-19.973700,-0.975925,-0.314452,20.000000
1.093000,5,"LINK_TORSO_YAW",0.955000,0.200000,0.138000,-20.000000,0.000000,0.000000,20.000000,0.000000,0.000000,0.000000,0.000000,0.012160,0.000000,0.910900,-19.973366,-0.981350,-0.318758,20.000000
1.094000,5,"LINK_TORSO_YAW",0.955000,0.200000,0.139000,-20.000000,0.000000,0.000000,20.000000,0.000000,0.000000,0.000000,0.000000,0.012160,0.000000,0.910900,-19.973014,-0.986810,-0.323921,20.000000
1.095000,5,"LINK_TORSO_YAW",0.955000,0.200000,0.140000,-20.000000,0.000000,0.000000,20.000000,0.000000,0.000000,0.000000,0.000000,0.012160,0.000000,0.910900,-19.972638,-0.992402,-0.329985,20.000000
1.096000,5,"LINK_TORSO_YAW",0.955000,0.200000,0.141000,-20.000000,0.000000,0.000000,20.000000,0.000000,0.000000,0.000000,0.000000,0.012160,0.000000,0.910900,-19.972270,-0.997435,-0.336979,20.000000
1.097000,5,"LINK_TORSO_YAW",0.955000,0.200000,0.142000,-20.000000,0.000000,0.000000,20.000000,0.000000,0.000000,0.000000,0.000000,0.012160,0.000000,0.910900,-19.971882,-1.002471,-0.344913,20.000000
1.098000,5,"LINK_TORSO_YAW",0.955000,0.200000,0.143000,-20.000000,0.000000,0.000000,20.000000,0.000000,0.000000,0.000000,0.000000,0.012160,0.000000,0.910900,-19.971466,-1.007644,-0.353839,20.000000
1.099000,5,"LINK_TORSO_YAW",0.955000,0.200000,0.144000,-20.000000,0.000000,0.000000,20.000000,0.000000,0.000000,0.000000,0.000000,0.012160,0.000000,0.910900,-19.971040,-1.012672,-0.363393,20.000000
1.100000,5,"LINK_TORSO_YAW",0.955000,0.200000,0.145000,-20.000000,0.000000,0.000000,20.000000,0.000000,0.000000,0.000000,0.000000,0.012160,0.000000,0.910900,-19.970603,-1.017556,-0.373600,20.000000
1.101000,5,"LINK_TORSO_YAW",0.955000,0.200000,0.146000,-20.000000,0.000000,0.000000,20.000000,0.000000,0.000000,0.000000,0.000000,0.012160,0.000000,0.910900,-19.970167,-1.022036,-0.384529,20.000000
1.102000,5,"LINK_TORSO_YAW",0.955000,0.200000,0.147000,-20.000000,0.000000,0.000000,20.000000,0.000000,0.000000,0.000000,0.000000,0.012160,0.000000,0.910900,-19.969718,-1.026378,-0.396114,20.000000
1.103000,5,"LINK_TORSO_YAW",0.955000,0.200000,0.148000,-20.000000,0.000000,0.000000,20.000000,0.000000,0.000000,0.000000,0.000000,0.012160,0.000000,0.910900,-19.969254,-1.030587,-0.408381,20.000000
1.104000,5,"LINK_TORSO_YAW",0.955000,0.200000,0.149000,-20.000000,0.000000,0.000000,20.000000,0.000000,0.000000,0.000000,0.000000,0.012160,0.000000,0.910900,-19.968774,-1.034666,-0.421354,20.000000
1.105000,5,"LINK_TORSO_YAW",0.955000,0.200000,0.150000,-20.000000,0.000000,0.000000,20.000000,0.000000,0.000000,0.000000,0.000000,0.012160,0.000000,0.910900,-19.968269,-1.038976,-0.434482,20.000000
1.106000,5,"LINK_TORSO_YAW",0.955000,0.200000,0.151000,-20.000000,0.000000,0.000000,20.000000,0.000000,0.000000,0.000000,0.000000,0.012160,0.000000,0.910900,-19.967763,-1.043152,-0.447523,20.000000
1.107000,5,"LINK_TORSO_YAW",0.955000,0.200000,0.152000,-20.000000,0.000000,0.000000,20.000000,0.000000,0.000000,0.000000,0.000000,0.012160,0.000000,0.910900,-19.967259,-1.047147,-0.460512,20.000000
1.108000,5,"LINK_TORSO_YAW",0.955000,0.200000,0.153000,-20.000000,0.000000,0.000000,20.000000,0.000000,0.000000,0.000000,0.000000,0.012160,0.000000,0.910900,-19.966754,-1.050966,-0.473489,20.000000
1.109000,5,"LINK_TORSO_YAW",0.955000,0.200000,0.154000,-20.000000,0.000000,0.000000,20.000000,0.000000,0.000000,0.000000,0.000000,0.012160,0.000000,0.910900,-19.966232,-1.054933,-0.486527,20.000000
1.110000,5,"LINK_TORSO_YAW",0.955000,0.200000,0.155000,-20.000000,0.000000,0.000000,20.000000,0.000000,0.000000,0.000000,0.000000,0.012160,0.000000,0.910900,-19.965709,-1.058690,-0.499634,20.000000
1.111000,5,"LINK_TORSO_YAW",0.955000,0.200000,0.156000,-20.000000,0.000000,0.000000,20.000000,0.000000,0.000000,0.000000,0.000000,0.012160,0.000000,0.910900,-19.965186,-1.062235,-0.512852,20.000000
1.112000,5,"LINK_TORSO_YAW",0.955000,0.200000,0.157000,-20.000000,0.000000,0.000000,20.000000,0.000000,0.000000,0.000000,0.000000,0.012160,0.000000,0.910900,-19.964647,-1.065873,-0.526110,20.000000
1.113000,5,"LINK_TORSO_YAW",0.955000,0.200000,0.158000,-20.000000,0.000000,0.000000,20.000000,0.000000,0.000000,0.000000,0.000000,0.012160,0.000000,0.910900,-19.964110,-1.069281,-0.539414,20.000000
1.114000,5,"LINK_TORSO_YAW",0.955000,0.200000,0.159000,-20.000000,0.000000,0.000000,20.000000,0.000000,0.000000,0.000000,0.000000,0.012160,0.000000,0.910900,-19.963575,-1.072408,-0.552820,20.000000
1.115000,5,"LINK_TORSO_YAW",0.955000,0.200000,0.160000,-20.000000,0.000000,0.000000,20.000000,0.000000,0.000000,0.000000,0.000000,0.012160,0.000000,0.910900,-19.963036,-1.075641,-0.565850,20.000000
1.116000,5,"LINK_TORSO_YAW",0.955000,0.200000,0.161000,-20.000000,0.000000,0.000000,20.000000,0.000000,0.000000,0.000000,0.000000,0.012160,0.000000,0.910900,-19.962506,-1.078723,-0.578537,20.000000
1.117000,5,"LINK_TORSO_YAW",0.955000,0.200000,0.162000,-20.000000,0.000000,0.000000,20.000000,0.000000,0.000000,0.000000,0.000000,0.012160,0.000000,0.910900,-19.961986,-1.081674,-0.590836,20.000000
1.118000,5,"LINK_TORSO_YAW",0.955000,0.200000,0.163000,-20.000000,0.000000,0.000000,20.000000,0.000000,0.000000,0.000000,0.000000,0.012160,0.000000,0.910900,-19.961464,-1.084687,-0.602837,20.000000
1.119000,5,"LINK_TORSO_YAW",0.955000,0.200000,0.164000,-20.000000,0.000000,0.000000,20.000000,0.000000,0.000000,0.000000,0.000000,0.012160,0.000000,0.910900,-19.960955,-1.087459,-0.614583,20.000000
1.120000,5,"LINK_TORSO_YAW",0.955000,0.200000,0.165000,-20.000000,0.000000,0.000000,20.000000,0.000000,0.000000,0.000000,0.000000,0.012160,0.000000,0.910900,-19.960442,-1.090270,-0.626152,20.000000
1.121000,5,"LINK_TORSO_YAW",0.955000,0.200000,0.166000,-20.000000,0.000000,0.000000,20.000000,0.000000,0.000000,0.000000,0.000000,0.012160,0.000000,0.910900,-19.959931,-1.093006,-0.637581,20.000000
1.122000,5,"LINK_TORSO_YAW",0.955000,0.200000,0.167000,-20.000000,0.000000,0.000000,20.000000,0.000000,0.000000,0.000000,0.000000,0.012160,0.000000,0.910900,-19.959430,-1.095463,-0.648927,20.000000
1.123000,5,"LINK_TORSO_YAW",0.955000,0.200000,0.168000,-20.000000,0.000000,0.000000,20.000000,0.000000,0.000000,0.000000,0.000000,0.012160,0.000000,0.910900,-19.958923,-1.097918,-0.660271,20.000000
1.124000,5,"LINK_TORSO_YAW",0.955000,0.200000,0.169000,-20.000000,0.000000,0.000000,20.000000,0.000000,0.000000,0.000000,0.000000,0.012160,0.000000,0.910900,-19.958419,-1.100201,-0.671620,20.000000
1.125000,5,"LINK_TORSO_YAW",0.955000,0.200000,0.170000,-20.000000,0.000000,0.000000,20.000000,0.000000,0.000000,0.000000,0.000000,0.012160,0.000000,0.910900,-19.957913,-1.102360,-0.683026,20.000000
1.126000,5,"LINK_TORSO_YAW",0.955000,0.200000,0.171000,-20.000000,0.000000,0.000000,20.000000,0.000000,0.000000,0.000000,0.000000,0.012160,0.000000,0.910900,-19.957424,-1.104385,-0.693941,20.000000
1.127000,5,"LINK_TORSO_YAW",0.955000,0.200000,0.172000,-20.000000,0.000000,0.000000,20.000000,0.000000,0.000000,0.000000,0.000000,0.012160,0.000000,0.910900,-19.956953,-1.106264,-0.704430,20.000000
1.128000,5,"LINK_TORSO_YAW",0.955000,0.200000,0.173000,-20.000000,0.000000,0.000000,20.000000,0.000000,0.000000,0.000000,0.000000,0.012160,0.000000,0.910900,-19.956497,-1.107984,-0.714558,20.000000
1.129000,5,"LINK_TORSO_YAW",0.955000,0.200000,0.174000,-20.000000,0.000000,0.000000,20.000000,0.000000,0.000000,0.000000,0.000000,0.012160,0.000000,0.910900,-19.956054,-1.109589,-0.724377,20.000000
1.130000,5,"LINK_TORSO_YAW",0.955000,0.200000,0.175000,-20.000000,0.000000,0.000000,20.000000,0.000000,0.000000,0.000000,0.000000,0.012160,0.000000,0.910900,-19.955632,-1.110939,-0.733877,20.000000
1.131000,5,"LINK_TORSO_YAW",0.955000,0.200000,0.176000,-20.000000,0.000000,0.000000,20.000000,0.000000,0.000000,0.000000,0.000000,0.012160,0.000000,0.910900,-19.955217,-1.112233,-0.743138,20.000000
1.132000,5,"LINK_TORSO_YAW",0.955000,0.200000,0.177000,-20.000000,0.000000,0.000000,20.000000,0.000000,0.000000,0.000000,0.000000,0.012160,0.000000,0.910900,-19.954816,-1.113333,-0.752215,20.000000
1.133000,5,"LINK_TORSO_YAW",0.955000,0.200000,0.178000,-20.000000,0.000000,0.000000,20.000000,0.000000,0.000000,0.000000,0.000000,0.012160,0.000000,0.910900,-19.954423,-1.114290,-0.761161,20.000000
1.134000,5,"LINK_TORSO_YAW",0.955000,0.200000,0.179000,-20.000000,0.000000,0.000000,20.000000,0.000000,0.000000,0.000000,0.000000,0.012160,0.000000,0.910900,-19.954040,-1.115033,-0.770045,20.000000
1.135000,5,"LINK_TORSO_YAW",0.955000,0.200000,0.180000,-20.000000,0.000000,0.000000,20.000000,0.000000,0.000000,0.000000,0.000000,0.012160,0.000000,0.910900,-19.953686,-1.115540,-0.778463,20.000000
1.136000,5,"LINK_TORSO_YAW",0.955000,0.200000,0.181000,-20.000000,0.000000,0.000000,20.000000,0.000000,0.000000,0.000000,0.000000,0.012160,0.000000,0.910900,-19.953343,-1.116037,-0.786494,20.000000
1.137000,5,"LINK_TORSO_YAW",0.955000,0.200000,0.182000,-20.000000,0.000000,0.000000,20.000000,0.000000,0.000000,0.000000,0.000000,0.012160,0.000000,0.910900,-19.953017,-1.116422,-0.794187,20.000000
1.138000,5,"LINK_TORSO_YAW",0.955000,0.200000,0.183000,-20.000000,0.000000,0.000000,20.000000,0.000000,0.000000,0.000000,0.000000,0.012160,0.000000,0.910900,-19.952707,-1.116650,-0.801604,20.000000
1.139000,5,"LINK_TORSO_YAW",0.955000,0.200000,0.184000,-20.000000,0.000000,0.000000,20.000000,0.000000,0.000000,0.000000,0.000000,0.012160,0.000000,0.910900,-19.952419,-1.116612,-0.808798,20.000000
1.140000,5,"LINK_TORSO_YAW",0.955000,0.200000,0.185000,-20.000000,0.000000,0.000000,20.000000,0.000000,0.000000,0.000000,0.000000,0.012160,0.000000,0.910900,-19.952139,-1.116510,-0.815820,20.000000
1.141000,5,"LINK_TORSO_YAW",0.955000,0.200000,0.186000,-20.000000,0.000000,0.000000,20.000000,0.000000,0.000000,0.000000,0.000000,0.012160,0.000000,0.910900,-19.951873,-1.116196,-0.822715,20.000000
1.142000,5,"LINK_TORSO_YAW",0.955000,0.200000,0.187000,-20.000000,0.000000,0.000000,20.000000,0.000000,0.000000,0.000000,0.000000,0.012160,0.000000,0.910900,-19.951616,-1.115711,-0.829590,20.000000
1.143000,5,"LINK_TORSO_YAW",0.955000,0.200000,0.188000,-20.000000,0.000000,0.000000,20.000000,0.000000,0.000000,0.000000,0.000000,0.012160,0.000000,0.910900,-19.951359,-1.115135,-0.836519,20.000000
1.144000,5,"LINK_TORSO_YAW",0.955000,0.200000,0.189000,-20.000000,0.000000,0.000000,20.000000,0.000000,0.000000,0.000000,0.000000,0.012160,0.000000,0.910900,-19.951109,-1.114303,-0.843549,20.000000
1.145000,5,"LINK_TORSO_YAW",0.955000,0.200000,0.190000,-20.000000,0.000000,0.000000,20.000000,0.000000,0.000000,0.000000,0.000000,0.012160,0.000000,0.910900,-19.950868,-1.113155,-0.850727,20.000000
1.146000,5,"LINK_TORSO_YAW",0.955000,0.200000,0.191000,-20.000000,0.000000,0.000000,20.000000,0.000000,0.000000,0.000000,0.000000,0.012160,0.000000,0.910900,-19.950638,-1.112047,-0.857553,20.000000
1.147000,5,"LINK_TORSO_YAW",0.955000,0.200000,0.192000,-20.000000,0.000000,0.000000,20.000000,0.000000,0.000000,0.000000,0.000000,0.012160,0.000000,0.910900,-19.950428,-1.110766,-0.864078,20.000000
1.148000,5,"LINK_TORSO_YAW",0.955000,0.200000,0.193000,-20.000000,0.000000,0.000000,20.000000,0.000000,0.000000,0.000000,0.000000,0.012160,0.000000,0.910900,-19.950242,-1.109194,-0.870353,20.000000
1.149000,5,"LINK_TORSO_YAW",0.955000,0.200000,0.194000,-20.000000,0.000000,0.000000,20.000000,0.000000,0.000000,0.000000,0.000000,0.012160,0.000000,0.910900,-19.950066,-1.107582,-0.876428,20.000000
1.150000,5,"LINK_TORSO_YAW",0.955000,0.200000,0.195000,-20.000000,0.000000,0.000000,20.000000,0.000000,0.000000,0.000000,0.000000,0.012160,0.000000,0.910900,-19.949906,-1.105762,-0.882358,20.000000
1.151000,5,"LINK_TORSO_YAW",0.955000,0.200000,0.196000,-20.000000,0.000000,0.000000,20.000000,0.000000,0.000000,0.000000,0.000000,0.012160,0.000000,0.910900,-19.949751,-1.103879,-0.888198,20.000000
1.152000,5,"LINK_TORSO_YAW",0.955000,0.200000,0.197000,-20.000000,0.000000,0.000000,20.000000,0.000000,0.000000,0.000000,0.000000,0.012160,0.000000,0.910900,-19.949613,-1.101686,-0.893986,20.000000
1.153000,5,"LINK_TORSO_YAW",0.955000,0.200000,0.198000,-20.000000,0.000000,0.000000,20.000000,0.000000,0.000000,0.000000,0.000000,0.012160,0.000000,0.910900,-19.949476,-1.099383,-0.899858,20.000000
1.154000,5,"LINK_TORSO_YAW",0.955000,0.200000,0.199000,-20.000000,0.000000,0.000000,20.000000,0.000000,0.000000,0.000000,0.000000,0.012160,0.000000,0.910900,-19.949360,-1.096897,-0.905449,20.000000
1.155000,5,"LINK_TORSO_YAW",0.955000,0.200000,0.200000,-20.000000,0.000000,0.000000,20.000000,0.000000,0.000000,0.000000,0.000000,0.012160,0.000000,0.910900,-19.949255,-1.094378,-0.910802,20.000000
1.156000,5,"LINK_TORSO_YAW",0.955000,0.200000,0.201000,-20.000000,0.000000,0.000000,20.000000,0.000000,0.000000,0.000000,0.000000,0.012160,0.000000,0.910900,-19.949171,-1.091602,-0.915959,20.000000
1.157000,6,"LINK_TORSO_YAW",1.156000,0.200000,0.001000,-20.000000,0.000000,0.000000,20.000000,0.000000,0.000000,0.000000,0.000000,0.012160,0.000000,0.910900,-19.949095,-1.088767,-0.920979,20.000000
1.158000,6,"LINK_TORSO_YAW",1.156000,0.200000,0.002000,-20.000000,0.000000,0.000000,20.000000,0.000000,0.000000,0.000000,0.000000,0.012160,0.000000,0.910900,-19.949035,-1.085676,-0.925903,20.000000
1.159000,6,"LINK_TORSO_YAW",1.156000,0.200000,0.003000,-20.000000,0.000000,0.000000,20.000000,0.000000,0.000000,0.000000,0.000000,0.012160,0.000000,0.910900,-19.948976,-1.082551,-0.930831,20.000000
1.160000,6,"LINK_TORSO_YAW",1.156000,0.200000,0.004000,-20.000000,0.000000,0.000000,20.000000,0.000000,0.000000,0.000000,0.000000,0.012160,0.000000,0.910900,-19.948926,-1.079189,-0.935789,20.000000
1.161000,6,"LINK_TORSO_YAW",1.156000,0.200000,0.005000,-20.000000,0.000000,0.000000,20.000000,0.000000,0.000000,0.000000,0.000000,0.012160,0.000000,0.910900,-19.948873,-1.075760,-0.940851,20.000000
1.162000,6,"LINK_TORSO_YAW",1.156000,0.200000,0.006000,-20.000000,0.000000,0.000000,20.000000,0.000000,0.000000,0.000000,0.000000,0.012160,0.000000,0.910900,-19.948826,-1.072067,-0.946053,20.000000
1.163000,6,"LINK_TORSO_YAW",1.156000,0.200000,0.007000,-20.000000,0.000000,0.000000,20.000000,0.000000,0.000000,0.000000,0.000000,0.012160,0.000000,0.910900,-19.948770,-1.068325,-0.951444,20.000000
1.164000,6,"LINK_TORSO_YAW",1.156000,0.200000,0.008000,-20.000000,0.000000,0.000000,20.000000,0.000000,0.000000,0.000000,0.000000,0.012160,0.000000,0.910900,-19.948716,-1.064311,-0.957074,20.000000
1.165000,6,"LINK_TORSO_YAW",1.156000,0.200000,0.009000,-20.000000,0.000000,0.000000,20.000000,0.000000,0.000000,0.000000,0.000000,0.012160,0.000000,0.910900,-19.948670,-1.060318,-0.962435,20.000000
1.166000,6,"LINK_TORSO_YAW",1.156000,0.200000,0.010000,-20.000000,0.000000,0.000000,20.000000,0.000000,0.000000,0.000000,0.000000,0.012160,0.000000,0.910900,-19.948644,-1.056149,-0.967555,20.000000
1.167000,6,"LINK_TORSO_YAW",1.156000,0.200000,0.011000,-20.000000,0.000000,0.000000,20.000000,0.000000,0.000000,0.000000,0.000000,0.012160,0.000000,0.910900,-19.948621,-1.052031,-0.972503,20.000000
1.168000,6,"LINK_TORSO_YAW",1.156000,0.200000,0.012000,-20.000000,0.000000,0.000000,20.000000,0.000000,0.000000,0.000000,0.000000,0.012160,0.000000,0.910900,-19.948613,-1.047715,-0.977314,20.000000
1.169000,6,"LINK_TORSO_YAW",1.156000,0.200000,0.013000,-20.000000,0.000000,0.000000,20.000000,0.000000,0.000000,0.000000,0.000000,0.012160,0.000000,0.910900,-19.948608,-1.043377,-0.982050,20.000000
1.170000,6,"LINK_TORSO_YAW",1.156000,0.200000,0.014000,-20.000000,0.000000,0.000000,20.000000,0.000000,0.000000,0.000000,0.000000,0.012160,0.000000,0.910900,-19.948614,-1.038815,-0.986735,20.000000
1.171000,6,"LINK_TORSO_YAW",1.156000,0.200000,0.015000,-20.000000,0.000000,0.000000,20.000000,0.000000,0.000000,0.000000,0.000000,0.012160,0.000000,0.910900,-19.948628,-1.034038,-0.991457,20.000000
1.172000,6,"LINK_TORSO_YAW",1.156000,0.200000,0.016000,-20.000000,0.000000,0.000000,20.000000,0.000000,0.000000,0.000000,0.000000,0.012160,0.000000,0.910900,-19.948635,-1.029280,-0.996267,20.000000
1.173000,6,"LINK_TORSO_YAW",1.156000,0.200000,0.017000,-20.000000,0.000000,0.000000,20.000000,0.000000,0.000000,0.000000,0.000000,0.012160,0.000000,0.910900,-19.948641,-1.024347,-1.001219,20.000000
1.174000,6,"LINK_TORSO_YAW",1.156000,0.200000,0.018000,-20.000000,0.000000,0.000000,20.000000,0.000000,0.000000,0.000000,0.000000,0.012160,0.000000,0.910900,-19.948663,-1.019315,-1.005906,20.000000
1.175000,6,"LINK_TORSO_YAW",1.156000,0.200000,0.019000,-20.000000,0.000000,0.000000,20.000000,0.000000,0.000000,0.000000,0.000000,0.012160,0.000000,0.910900,-19.948693,-1.014280,-1.010391,20.000000
1.176000,6,"LINK_TORSO_YAW",1.156000,0.200000,0.020000,-20.000000,0.000000,0.000000,20.000000,0.000000,0.000000,0.000000,0.000000,0.012160,0.000000,0.910900,-19.948734,-1.009130,-1.014722,20.000000
1.177000,6,"LINK_TORSO_YAW",1.156000,0.200000,0.021000,-20.000000,0.000000,0.000000,20.000000,0.000000,0.000000,0.000000,0.000000,0.012160,0.000000,0.910900,-19.948778,-1.003978,-1.018958,20.000000
1.178000,6,"LINK_TORSO_YAW",1.156000,0.200000,0.022000,-20.000000,0.000000,0.000000,20.000000,0.000000,0.000000,0.000000,0.000000,0.012160,0.000000,0.910900,-19.948831,-0.998668,-1.023140,20.000000
1.179000,6,"LINK_TORSO_YAW",1.156000,0.200000,0.023000,-20.000000,0.000000,0.000000,20.000000,0.000000,0.000000,0.000000,0.000000,0.012160,0.000000,0.910900,-19.948883,-0.993325,-1.027307,20.000000
1.180000,6,"LINK_TORSO_YAW",1.156000,0.200000,0.024000,-20.000000,0.000000,0.000000,20.000000,0.000000,0.000000,0.000000,0.000000,0.012160,0.000000,0.910900,-19.948941,-0.987820,-1.031494,20.000000
1.181000,6,"LINK_TORSO_YAW",1.156000,0.200000,0.025000,-20.000000,0.000000,0.000000,20.000000,0.000000,0.000000,0.000000,0.000000,0.012160,0.000000,0.910900,-19.948999,-0.982163,-1.035750,20.000000
1.182000,6,"LINK_TORSO_YAW",1.156000,0.200000,0.026000,-20.000000,0.000000,0.000000,20.000000,0.000000,0.000000,0.000000,0.000000,0.012160,0.000000,0.910900,-19.949049,-0.976498,-1.040142,20.000000
1.183000,6,"LINK_TORSO_YAW",1.156000,0.200000,0.027000,-20.000000,0.000000,0.000000,20.000000,0.000000,0.000000,0.000000,0.000000,0.012160,0.000000,0.910900,-19.949093,-0.970685,-1.044737,20.000000
1.184000,6,"LINK_TORSO_YAW",1.156000,0.200000,0.028000,-20.000000,0.000000,0.000000,20.000000,0.000000,0.000000,0.000000,0.000000,0.012160,0.000000,0.910900,-19.949128,-0.964720,-1.049580,20.000000
1.185000,6,"LINK_TORSO_YAW",1.156000,0.200000,0.029000,-20.000000,0.000000,0.000000,20.000000,0.000000,0.000000,0.000000,0.000000,0.012160,0.000000,0.910900,-19.949172,-0.958790,-1.054165,20.000000
1.186000,6,"LINK_TORSO_YAW",1.156000,0.200000,0.030000,-20.000000,0.000000,0.000000,20.000000,0.000000,0.000000,0.000000,0.000000,0.012160,0.000000,0.910900,-19.949228,-0.952778,-1.058541,20.000000
1.187000,6,"LINK_TORSO_YAW",1.156000,0.200000,0.031000,-20.000000,0.000000,0.000000,20.000000,0.000000,0.000000,0.000000,0.000000,0.012160,0.000000,0.910900,-19.949297,-0.946640,-1.062751,20.000000
1.188000,6,"LINK_TORSO_YAW",1.156000,0.200000,0.032000,-20.000000,0.000000,0.000000,20.000000,0.000000,0.000000,0.000000,0.000000,0.012160,0.000000,0.910900,-19.949362,-0.940612,-1.066875,20.000000
1.189000,6,"LINK_TORSO_YAW",1.156000,0.200000,0.033000,-20.000000,0.000000,0.000000,20.000000,0.000000,0.000000,0.000000,0.000000,0.012160,0.000000,0.910900,-19.949429,-0.934534,-1.070947,20.000000
1.190000,6,"LINK_TORSO_YAW",1.156000,0.200000,0.034000,-20.000000,0.000000,0.000000,20.000000,0.000000,0.000000,0.000000,0.000000,0.012160,0.000000,0.910900,-19.949499,-0.928337,-1.075016,20.000000
1.191000,6,"LINK_TORSO_YAW",1.156000,0.200000,0.035000,-20.000000,0.000000,0.000000,20.000000,0.000000,0.000000,0.000000,0.000000,0.012160,0.000000,0.910900,-19.949565,-0.922150,-1.079123,20.000000
1.192000,6,"LINK_TORSO_YAW",1.156000,0.200000,0.036000,-20.000000,0.000000,0.000000,20.000000,0.000000,0.000000,0.000000,0.000000,0.012160,0.000000,0.910900,-19.949628,-0.915857,-1.083301,20.000000
1.193000,6,"LINK_TORSO_YAW",1.156000,0.200000,0.037000,-20.000000,0.000000,0.000000,20.000000,0.000000,0.000000,0.000000,0.000000,0.012160,0.000000,0.910900,-19.949687,-0.909471,-1.087598,20.000000
1.194000,6,"LINK_TORSO_YAW",1.156000,0.200000,0.038000,-20.000000,0.000000,0.000000,20.000000,0.000000,0.000000,0.000000,0.000000,0.012160,0.000000,0.910900,-19.949733,-0.903093,-1.092048,20.000000
1.195000,6,"LINK_TORSO_YAW",1.156000,0.200000,0.039000,-20.000000,0.000000,0.000000,20.000000,0.000000,0.000000,0.000000,0.000000,0.012160,0.000000,0.910900,-19.949772,-0.896597,-1.096679,20.000000
1.196000,6,"LINK_TORSO_YAW",1.156000,0.200000,0.040000,-20.000000,0.000000,0.000000,20.000000,0.000000,0.000000,0.000000,0.000000,0.012160,0.000000,0.910900,-19.949833,-0.889982,-1.100954,20.000000
1.197000,6,"LINK_TORSO_YAW",1.156000,0.200000,0.041000,-20.000000,0.000000,0.000000,20.000000,0.000000,0.000000,0.000000,0.000000,0.012160,0.000000,0.910900,-19.949906,-0.883318,-1.104985,20.000000
1.198000,6,"LINK_TORSO_YAW",1.156000,0.200000,0.042000,-20.000000,0.000000,0.000000,20.000000,0.000000,0.000000,0.000000,0.000000,0.012160,0.000000,0.910900,-19.949980,-0.876807,-1.108838,20.000000
1.199000,6,"LINK_TORSO_YAW",1.156000,0.200000,0.043000,-20.000000,0.000000,0.000000,20.000000,0.000000,0.000000,0.000000,0.000000,0.012160,0.000000,0.910900,-19.950061,-0.870245,-1.112545,20.000000
1.200000,6,"LINK_TORSO_YAW",1.156000,0.200000,0.044000,-20.000000,0.000000,0.000000,20.000000,0.000000,0.000000,0.000000,0.000000,0.012160,0.000000,0.910900,-19.950146,-0.863636,-1.116156,20.000000
1.201000,6,"LINK_TORSO_YAW",1.156000,0.200000,0.045000,-20.000000,0.000000,0.000000,20.000000,0.000000,0.000000,0.000000,0.000000,0.012160,0.000000,0.910900,-19.950234,-0.856981,-1.119708,20.000000
1.202000,6,"LINK_TORSO_YAW",1.156000,0.200000,0.046000,-20.000000,0.000000,0.000000,20.000000,0.000000,0.000000,0.000000,0.000000,0.012160,0.000000,0.910900,-19.950318,-0.850389,-1.123238,20.000000
1.203000,6,"LINK_TORSO_YAW",1.156000,0.200000,0.047000,-20.000000,0.000000,0.000000,20.000000,0.000000,0.000000,0.000000,0.000000,0.012160,0.000000,0.910900,-19.950399,-0.843748,-1.126804,20.000000
1.204000,6,"LINK_TORSO_YAW",1.156000,0.200000,0.048000,-20.000000,0.000000,0.000000,20.000000,0.000000,0.000000,0.000000,0.000000,0.012160,0.000000,0.910900,-19.950472,-0.837052,-1.130494,20.000000
1.205000,6,"LINK_TORSO_YAW",1.156000,0.200000,0.049000,-20.000000,0.000000,0.000000,20.000000,0.000000,0.000000,0.000000,0.000000,0.012160,0.000000,0.910900,-19.950531,-0.830395,-1.134360,20.000000
1.206000,6,"LINK_TORSO_YAW",1.156000,0.200000,0.050000,-20.000000,0.000000,0.000000,20.000000,0.000000,0.000000,0.000000,0.000000,0.012160,0.000000,0.910900,-19.950577,-0.823661,-1.138439,20.000000
1.207000,6,"LINK_TORSO_YAW",1.156000,0.200000,0.051000,-20.000000,0.000000,0.000000,20.000000,0.000000,0.000000,0.000000,0.000000,0.012160,0.000000,0.910900,-19.950639,-0.816933,-1.142203,20.000000
1.208000,6,"LINK_TORSO_YAW",1.156000,0.200000,0.052000,-20.000000,0.000000,0.000000,20.000000,0.000000,0.000000,0.000000,0.000000,0.012160,0.000000,0.910900,-19.950710,-0.810286,-1.145688,20.000000
1.209000,6,"LINK_TORSO_YAW",1.156000,0.200000,0.053000,-20.000000,0.000000,0.000000,20.000000,0.000000,0.000000,0.000000,0.000000,0.012160,0.000000,0.910900,-19.950791,-0.803647,-1.148952,20.000000
1.210000,6,"LINK_TORSO_YAW",1.156000,0.200000,0.054000,-20.000000,0.000000,0.000000,20.000000,0.000000,0.000000,0.000000,0.000000,0.012160,0.000000,0.910900,-19.950877,-0.797020,-1.152072,20.000000
1.211000,6,"LINK_TORSO_YAW",1.156000,0.200000,0.055000,-20.000000,0.000000,0.000000,20.000000,0.000000,0.000000,0.000000,0.000000,0.012160,0.000000,0.910900,-19.950962,-0.790467,-1.155101,20.000000
1.212000,6,"LINK_TORSO_YAW",1.156000,0.200000,0.056000,-20.000000,0.000000,0.000000,20.000000,0.000000,0.000000,0.000000,0.000000,0.012160,0.000000,0.910900,-19.951047,-0.783926,-1.158093,20.000000
1.213000,6,"LINK_TORSO_YAW",1.156000,0.200000,0.057000,-20.000000,0.000000,0.000000,20.000000,0.000000,0.000000,0.000000,0.000000,0.012160,0.000000,0.910900,-19.951128,-0.777398,-1.161100,20.000000
1.214000,6,"LINK_TORSO_YAW",1.156000,0.200000,0.058000,-20.000000,0.000000,0.000000,20.000000,0.000000,0.000000,0.000000,0.000000,0.012160,0.000000,0.910900,-19.951201,-0.770898,-1.164176,20.000000
1.215000,6,"LINK_TORSO_YAW",1.156000,0.200000,0.059000,-20.000000,0.000000,0.000000,20.000000,0.000000,0.000000,0.000000,0.000000,0.012160,0.000000,0.910900,-19.951264,-0.764400,-1.167370,20.000000
1.216000,6,"LINK_TORSO_YAW",1.156000,0.200000,0.060000,-20.000000,0.000000,0.000000,20.000000,0.000000,0.000000,0.000000,0.000000,0.012160,0.000000,0.910900,-19.951316,-0.757879,-1.170730,20.000000
1.217000,6,"LINK_TORSO_YAW",1.156000,0.200000,0.061000,-20.000000,0.000000,0.000000,20.000000,0.000000,0.000000,0.000000,0.000000,0.012160,0.000000,0.910900,-19.951348,-0.751389,-1.174358,20.000000
1.218000,6,"LINK_TORSO_YAW",1.156000,0.200000,0.062000,-20.000000,0.000000,0.000000,20.000000,0.000000,0.000000,0.000000,0.000000,0.012160,0.000000,0.910900,-19.951394,-0.744931,-1.177692,20.000000
1.219000,6,"LINK_TORSO_YAW",1.156000,0.200000,0.063000,-20.000000,0.000000,0.000000,20.000000,0.000000,0.000000,0.000000,0.000000,0.012160,0.000000,0.910900,-19.951449,-0.738525,-1.180790,20.000000
1.220000,6,"LINK_TORSO_YAW",1.156000,0.200000,0.064000,-20.000000,0.000000,0.000000,20.000000,0.000000,0.000000,0.000000,0.000000,0.012160,0.000000,0.910900,-19.951508,-0.732235,-1.183699,20.000000
1.221000,6,"LINK_TORSO_YAW",1.156000,0.200000,0.065000,-20.000000,0.000000,0.000000,20.000000,0.000000,0.000000,0.000000,0.000000,0.012160,0.000000,0.910900,-19.951575,-0.725907,-1.186478,20.000000
1.222000,6,"LINK_TORSO_YAW",1.156000,0.200000,0.066000,-20.000000,0.000000,0.000000,20.000000,0.000000,0.000000,0.000000,0.000000,0.012160,0.000000,0.910900,-19.951641,-0.719615,-1.189185,20.000000
1.223000,6,"LINK_TORSO_YAW",1.156000,0.200000,0.067000,-20.000000,0.000000,0.000000,20.000000,0.000000,0.000000,0.000000,0.000000,0.012160,0.000000,0.910900,-19.951700,-0.713454,-1.191907,20.000000
1.224000,6,"LINK_TORSO_YAW",1.156000,0.200000,0.068000,-20.000000,0.000000,0.000000,20.000000,0.000000,0.000000,0.000000,0.000000,0.012160,0.000000,0.910900,-19.951751,-0.707350,-1.194691,20.000000
1.225000,6,"LINK_TORSO_YAW",1.156000,0.200000,0.069000,-20.000000,0.000000,0.000000,20.000000,0.000000,0.000000,0.000000,0.000000,0.012160,0.000000,0.910900,-19.951793,-0.701239,-1.197585,20.000000
1.226000,6,"LINK_TORSO_YAW",1.156000,0.200000,0.070000,-20.000000,0.000000,0.000000,20.000000,0.000000,0.000000,0.000000,0.000000,0.012160,0.000000,0.910900,-19.951821,-0.695199,-1.200642,20.000000
1.227000,6,"LINK_TORSO_YAW",1.156000,0.200000,0.071000,-20.000000,0.000000,0.000000,20.000000,0.000000,0.000000,0.000000,0.000000,0.012160,0.000000,0.910900,-19.951832,-0.689203,-1.203913,20.000000
1.228000,6,"LINK_TORSO_YAW",1.156000,0.200000,0.072000,-20.000000,0.000000,0.000000,20.000000,0.000000,0.000000,0.000000,0.000000,0.012160,0.000000,0.910900,-19.951856,-0.683284,-1.206890,20.000000
1.229000,6,"LINK_TORSO_YAW",1.156000,0.200000,0.073000,-20.000000,0.000000,0.000000,20.000000,0.000000,0.000000,0.000000,0.000000,0.012160,0.000000,0.910900,-19.951888,-0.677393,-1.209666,20.000000
1.230000,6,"LINK_TORSO_YAW",1.156000,0.200000,0.074000,-20.000000,0.000000,0.000000,20.000000,0.000000,0.000000,0.000000,0.000000,0.012160,0.000000,0.910900,-19.951925,-0.671591,-1.212293,20.000000
1.231000,6,"LINK_TORSO_YAW",1.156000,0.200000,0.075000,-20.000000,0.000000,0.000000,20.000000,0.000000,0.000000,0.000000,0.000000,0.012160,0.000000,0.910900,-19.951964,-0.665865,-1.214815,20.000000
1.232000,6,"LINK_TORSO_YAW",1.156000,0.200000,0.076000,-20.000000,0.000000,0.000000,20.000000,0.000000,0.000000,0.000000,0.000000,0.012160,0.000000,0.910900,-19.952002,-0.660188,-1.217282,20.000000
1.233000,6,"LINK_TORSO_YAW",1.156000,0.200000,0.077000,-20.000000,0.000000,0.000000,20.000000,0.000000,0.000000,0.000000,0.000000,0.012160,0.000000,0.910900,-19.952034,-0.654614,-1.219756,20.000000
1.234000,6,"LINK_TORSO_YAW",1.156000,0.200000,0.078000,-20.000000,0.000000,0.000000,20.000000,0.000000,0.000000,0.000000,0.000000,0.012160,0.000000,0.910900,-19.952058,-0.649142,-1.222290,20.000000
1.235000,6,"LINK_TORSO_YAW",1.156000,0.200000,0.079000,-20.000000,0.000000,0.000000,20.000000,0.000000,0.000000,0.000000,0.000000,0.012160,0.000000,0.910900,-19.952070,-0.643675,-1.224988,20.000000
1.236000,6,"LINK_TORSO_YAW",1.156000,0.200000,0.080000,-20.000000,0.000000,0.000000,20.000000,0.000000,0.000000,0.000000,0.000000,0.012160,0.000000,0.910900,-19.952063,-0.638307,-1.227900,20.000000
1.237000,6,"LINK_TORSO_YAW",1.156000,0.200000,0.081000,-20.000000,0.000000,0.000000,20.000000,0.000000,0.000000,0.000000,0.000000,0.012160,0.000000,0.910900,-19.952036,-0.633027,-1.231076,20.000000
1.238000,6,"LINK_TORSO_YAW",1.156000,0.200000,0.082000,-20.000000,0.000000,0.000000,20.000000,0.000000,0.000000,0.000000,0.000000,0.012160,0.000000,0.910900,-19.952024,-0.627727,-1.233984,20.000000
1.239000,6,"LINK_TORSO_YAW",1.156000,0.200000,0.083000,-20.000000,0.000000,0.000000,20.000000,0.000000,0.000000,0.000000,0.000000,0.012160,0.000000,0.910900,-19.952018,-0.622541,-1.236699,20.000000
1.240000,6,"LINK_TORSO_YAW",1.156000,0.200000,0.084000,-20.000000,0.000000,0.000000,20.000000,0.000000,0.000000,0.000000,0.000000,0.012160,0.000000,0.910900,-19.952015,-0.617477,-1.239278,20.000000
1.241000,6,"LINK_TORSO_YAW",1.156000,0.200000,0.085000,-20.000000,0.000000,0.000000,20.000000,0.000000,0.000000,0.000000,0.000000,0.012160,0.000000,0.910900,-19.952013,-0.612424,-1.241817,20.000000
1.242000,6,"LINK_TORSO_YAW",1.156000,0.200000,0.086000,-20.000000,0.000000,0.000000,20.000000,0.000000,0.000000,0.000000,0.000000,0.012160,0.000000,0.910900,-19.952005,-0.607507,-1.244363,20.000000
1.243000,6,"LINK_TORSO_YAW",1.156000,0.200000,0.087000,-20.000000,0.000000,0.000000,20.000000,0.000000,0.000000,0.000000,0.000000,0.012160,0.000000,0.910900,-19.951990,-0.602627,-1.246966,20.000000
1.244000,6,"LINK_TORSO_YAW",1.156000,0.200000,0.088000,-20.000000,0.000000,0.000000,20.000000,0.000000,0.000000,0.000000,0.000000,0.012160,0.000000,0.910900,-19.951964,-0.597889,-1.249670,20.000000
1.245000,6,"LINK_TORSO_YAW",1.156000,0.200000,0.089000,-20.000000,0.000000,0.000000,20.000000,0.000000,0.000000,0.000000,0.000000,0.012160,0.000000,0.910900,-19.951922,-0.593281,-1.252525,20.000000
1.246000,6,"LINK_TORSO_YAW",1.156000,0.200000,0.090000,-20.000000,0.000000,0.000000,20.000000,0.000000,0.000000,0.000000,0.000000,0.012160,0.000000,0.910900,-19.951868,-0.588656,-1.255560,20.000000
1.247000,6,"LINK_TORSO_YAW",1.156000,0.200000,0.091000,-20.000000,0.000000,0.000000,20.000000,0.000000,0.000000,0.000000,0.000000,0.012160,0.000000,0.910900,-19.951793,-0.584181,-1.258847,20.000000
1.248000,6,"LINK_TORSO_YAW",1.156000,0.200000,0.092000,-20.000000,0.000000,0.000000,20.000000,0.000000,0.000000,0.000000,0.000000,0.012160,0.000000,0.910900,-19.951690,-0.579836,-1.262475,20.000000
1.249000,6,"LINK_TORSO_YAW",1.156000,0.200000,0.093000,-20.000000,0.000000,0.000000,20.000000,0.000000,0.000000,0.000000,0.000000,0.012160,0.000000,0.910900,-19.951603,-0.575454,-1.265862,20.000000
1.250000,6,"LINK_TORSO_YAW",1.156000,0.200000,0.094000,-20.000000,0.000000,0.000000,20.000000,0.000000,0.000000,0.000000,0.000000,0.012160,0.000000,0.910900,-19.951520,-0.571227,-1.269081,20.000000
1.251000,6,"LINK_TORSO_YAW",1.156000,0.200000,0.095000,-20.000000,0.000000,0.000000,20.000000,0.000000,0.000000,0.000000,0.000000,0.012160,0.000000,0.910900,-19.951438,-0.567162,-1.272186,20.000000
1.252000,6,"LINK_TORSO_YAW",1.156000,0.200000,0.096000,-20.000000,0.000000,0.000000,20.000000,0.000000,0.000000,0.000000,0.000000,0.012160,0.000000,0.910900,-19.951357,-0.563158,-1.275229,20.000000
1.253000,6,"LINK_TORSO_YAW",1.156000,0.200000,0.097000,-20.000000,0.000000,0.000000,20.000000,0.000000,0.000000,0.000000,0.000000,0.012160,0.000000,0.910900,-19.951274,-0.559244,-1.278253,20.000000
1.254000,6,"LINK_TORSO_YAW",1.156000,0.200000,0.098000,-20.000000,0.000000,0.000000,20.000000,0.000000,0.000000,0.000000,0.000000,0.012160,0.000000,0.910900,-19.951182,-0.555437,-1.281343,20.000000
1.255000,6,"LINK_TORSO_YAW",1.156000,0.200000,0.099000,-20.000000,0.000000,0.000000,20.000000,0.000000,0.000000,0.000000,0.000000,0.012160,0.000000,0.910900,-19.951076,-0.551820,-1.284545,20.000000
1.256000,6,"LINK_TORSO_YAW",1.156000,0.200000,0.100000,-20.000000,0.000000,0.000000,20.000000,0.000000,0.000000,0.000000,0.000000,0.012160,0.000000,0.910900,-19.950953,-0.548402,-1.287915,20.000000
1.257000,6,"LINK_TORSO_YAW",1.156000,0.200000,0.101000,-20.000000,0.000000,0.000000,20.000000,0.000000,0.000000,0.000000,0.000000,0.012160,0.000000,0.910900,-19.950816,-0.544993,-1.291479,20.000000
1.258000,6,"LINK_TORSO_YAW",1.156000,0.200000,0.102000,-20.000000,0.000000,0.000000,20.000000,0.000000,0.000000,0.000000,0.000000,0.012160,0.000000,0.910900,-19.950657,-0.541761,-1.295297,20.000000
1.259000,6,"LINK_TORSO_YAW",1.156000,0.200000,0.103000,-20.000000,0.000000,0.000000,20.000000,0.000000,0.000000,0.000000,0.000000,0.012160,0.000000,0.910900,-19.950472,-0.538691,-1.299415,20.000000
1.260000,6,"LINK_TORSO_YAW",1.156000,0.200000,0.104000,-20.000000,0.000000,0.000000,20.000000,0.000000,0.000000,0.000000,0.000000,0.012160,0.000000,0.910900,-19.950298,-0.535799,-1.303276,20.000000
1.261000,6,"LINK_TORSO_YAW",1.156000,0.200000,0.105000,-20.000000,0.000000,0.000000,20.000000,0.000000,0.000000,0.000000,0.000000,0.012160,0.000000,0.910900,-19.950134,-0.532951,-1.306946,20.000000
1.262000,6,"LINK_TORSO_YAW",1.156000,0.200000,0.106000,-20.000000,0.000000,0.000000,20.000000,0.000000,0.000000,0.000000,0.000000,0.012160,0.000000,0.910900,-19.949976,-0.530175,-1.310490,20.000000
1.263000,6,"LINK_TORSO_YAW",1.156000,0.200000,0.107000,-20.000000,0.000000,0.000000,20.000000,0.000000,0.000000,0.000000,0.000000,0.012160,0.000000,0.910900,-19.949817,-0.527581,-1.313953,20.000000
1.264000,6,"LINK_TORSO_YAW",1.156000,0.200000,0.108000,-20.000000,0.000000,0.000000,20.000000,0.000000,0.000000,0.000000,0.000000,0.012160,0.000000,0.910900,-19.949654,-0.525180,-1.317386,20.000000
1.265000,6,"LINK_TORSO_YAW",1.156000,0.200000,0.109000,-20.000000,0.000000,0.000000,20.000000,0.000000,0.000000,0.000000,0.000000,0.012160,0.000000,0.910900,-19.949486,-0.522915,-1.320828,20.000000
1.266000,6,"LINK_TORSO_YAW",1.156000,0.200000,0.110000,-20.000000,0.000000,0.000000,20.000000,0.000000,0.000000,0.000000,0.000000,0.012160,0.000000,0.910900,-19.949312,-0.520696,-1.324325,20.000000
1.267000,6,"LINK_TORSO_YAW",1.156000,0.200000,0.111000,-20.000000,0.000000,0.000000,20.000000,0.000000,0.000000,0.000000,0.000000,0.012160,0.000000,0.910900,-19.949121,-0.518692,-1.327975,20.000000
1.268000,6,"LINK_TORSO_YAW",1.156000,0.200000,0.112000,-20.000000,0.000000,0.000000,20.000000,0.000000,0.000000,0.000000,0.000000,0.012160,0.000000,0.910900,-19.948910,-0.516906,-1.331837,20.000000
1.269000,6,"LINK_TORSO_YAW",1.156000,0.200000,0.113000,-20.000000,0.000000,0.000000,20.000000,0.000000,0.000000,0.000000,0.000000,0.012160,0.000000,0.910900,-19.948678,-0.515264,-1.335949,20.000000
1.270000,6,"LINK_TORSO_YAW",1.156000,0.200000,0.114000,-20.000000,0.000000,0.000000,20.000000,0.000000,0.000000,0.000000,0.000000,0.012160,0.000000,0.910900,-19.948423,-0.513696,-1.340351,20.000000
1.271000,6,"LINK_TORSO_YAW",1.156000,0.200000,0.115000,-20.000000,0.000000,0.000000,20.000000,0.000000,0.000000,0.000000,0.000000,0.012160,0.000000,0.910900,-19.948181,-0.512306,-1.344480,20.000000
1.272000,6,"LINK_TORSO_YAW",1.156000,0.200000,0.116000,-20.000000,0.000000,0.000000,20.000000,0.000000,0.000000,0.000000,0.000000,0.012160,0.000000,0.910900,-19.947948,-0.511097,-1.348390,20.000000
1.273000,6,"LINK_TORSO_YAW",1.156000,0.200000,0.117000,-20.000000,0.000000,0.000000,20.000000,0.000000,0.000000,0.000000,0.000000,0.012160,0.000000,0.910900,-19.947722,-0.510050,-1.352129,20.000000
1.274000,6,"LINK_TORSO_YAW",1.156000,0.200000,0.118000,-20.000000,0.000000,0.000000,20.000000,0.000000,0.000000,0.000000,0.000000,0.012160,0.000000,0.910900,-19.947499,-0.509086,-1.355772,20.000000
1.275000,6,"LINK_TORSO_YAW",1.156000,0.200000,0.119000,-20.000000,0.000000,0.000000,20.000000,0.000000,0.000000,0.000000,0.000000,0.012160,0.000000,0.910900,-19.947273,-0.508341,-1.359376,20.000000
1.276000,6,"LINK_TORSO_YAW",1.156000,0.200000,0.120000,-20.000000,0.000000,0.000000,20.000000,0.000000,0.000000,0.000000,0.000000,0.012160,0.000000,0.910900,-19.947040,-0.507794,-1.362989,20.000000
1.277000,6,"LINK_TORSO_YAW",1.156000,0.200000,0.121000,-20.000000,0.000000,0.000000,20.000000,0.000000,0.000000,0.000000,0.000000,0.012160,0.000000,0.910900,-19.946800,-0.507378,-1.366649,20.000000
1.278000,6,"LINK_TORSO_YAW",1.156000,0.200000,0.122000,-20.000000,0.000000,0.000000,20.000000,0.000000,0.000000,0.000000,0.000000,0.012160,0.000000,0.910900,-19.946548,-0.507125,-1.370416,20.000000
1.279000,6,"LINK_TORSO_YAW",1.156000,0.200000,0.123000,-20.000000,0.000000,0.000000,20.000000,0.000000,0.000000,0.000000,0.000000,0.012160,0.000000,0.910900,-19.946283,-0.506854,-1.374371,20.000000
1.280000,6,"LINK_TORSO_YAW",1.156000,0.200000,0.124000,-20.000000,0.000000,0.000000,20.000000,0.000000,0.000000,0.000000,0.000000,0.012160,0.000000,0.910900,-19.945997,-0.506764,-1.378544,20.000000
1.281000,6,"LINK_TORSO_YAW",1.156000,0.200000,0.125000,-20.000000,0.000000,0.000000,20.000000,0.000000,0.000000,0.000000,0.000000,0.012160,0.000000,0.910900,-19.945727,-0.506815,-1.382435,20.000000
1.282000,6,"LINK_TORSO_YAW",1.156000,0.200000,0.126000,-20.000000,0.000000,0.000000,20.000000,0.000000,0.000000,0.000000,0.000000,0.012160,0.000000,0.910900,-19.945467,-0.507029,-1.386093,20.000000
1.283000,6,"LINK_TORSO_YAW",1.156000,0.200000,0.127000,-20.000000,0.000000,0.000000,20.000000,0.000000,0.000000,0.000000,0.000000,0.012160,0.000000,0.910900,-19.945216,-0.507391,-1.389574,20.000000
1.284000,6,"LINK_TORSO_YAW",1.156000,0.200000,0.128000,-20.000000,0.000000,0.000000,20.000000,0.000000,0.000000,0.000000,0.000000,0.012160,0.000000,0.910900,-19.944969,-0.507900,-1.392925,20.000000
1.285000,6,"LINK_TORSO_YAW",1.156000,0.200000,0.129000,-20.000000,0.000000,0.000000,20.000000,0.000000,0.000000,0.000000,0.000000,0.012160,0.000000,0.910900,-19.944728,-0.508374,-1.396199,20.000000
1.286000,6,"LINK_TORSO_YAW",1.156000,0.200000,0.130000,-20.000000,0.000000,0.000000,20.000000,0.000000,0.000000,0.000000,0.000000,0.012160,0.000000,0.910900,-19.944481,-0.509009,-1.399491,20.000000
1.287000,6,"LINK_TORSO_YAW",1.156000,0.200000,0.131000,-20.000000,0.000000,0.000000,20.000000,0.000000,0.000000,0.000000,0.000000,0.012160,0.000000,0.910900,-19.944224,-0.509840,-1.402858,20.000000
1.288000,6,"LINK_TORSO_YAW",1.156000,0.200000,0.132000,-20.000000,0.000000,0.000000,20.000000,0.000000,0.000000,0.000000,0.000000,0.012160,0.000000,0.910900,-19.943954,-0.510786,-1.406336,20.000000
1.289000,6,"LINK_TORSO_YAW",1.156000,0.200000,0.133000,-20.000000,0.000000,0.000000,20.000000,0.000000,0.000000,0.000000,0.000000,0.012160,0.000000,0.910900,-19.943669,-0.511859,-1.409983,20.000000
1.290000,6,"LINK_TORSO_YAW",1.156000,0.200000,0.134000,-20.000000,0.000000,0.000000,20.000000,0.000000,0.000000,0.000000,0.000000,0.012160,0.000000,0.910900,-19.943374,-0.512764,-1.413828,20.000000
1.291000,6,"LINK_TORSO_YAW",1.156000,0.200000,0.135000,-20.000000,0.000000,0.000000,20.000000,0.000000,0.000000,0.000000,0.000000,0.012160,0.000000,0.910900,-19.943056,-0.513797,-1.417931,20.000000
1.292000,6,"LINK_TORSO_YAW",1.156000,0.200000,0.136000,-20.000000,0.000000,0.000000,20.000000,0.000000,0.000000,0.000000,0.000000,0.012160,0.000000,0.910900,-19.942712,-0.514974,-1.422331,20.000000
1.293000,6,"LINK_TORSO_YAW",1.156000,0.200000,0.137000,-20.000000,0.000000,0.000000,20.000000,0.000000,0.000000,0.000000,0.000000,0.012160,0.000000,0.910900,-19.942387,-0.516252,-1.426419,20.000000
1.294000,6,"LINK_TORSO_YAW",1.156000,0.200000,0.138000,-20.000000,0.000000,0.000000,20.000000,0.000000,0.000000,0.000000,0.000000,0.012160,0.000000,0.910900,-19.942077,-0.517644,-1.430248,20.000000
1.295000,6,"LINK_TORSO_YAW",1.156000,0.200000,0.139000,-20.000000,0.000000,0.000000,20.000000,0.000000,0.000000,0.000000,0.000000,0.012160,0.000000,0.910900,-19.941777,-0.519193,-1.433858,20.000000
1.296000,6,"LINK_TORSO_YAW",1.156000,0.200000,0.140000,-20.000000,0.000000,0.000000,20.000000,0.000000,0.000000,0.000000,0.000000,0.012160,0.000000,0.910900,-19.941495,-0.520508,-1.437301,20.000000
1.297000,6,"LINK_TORSO_YAW",1.156000,0.200000,0.141000,-20.000000,0.000000,0.000000,20.000000,0.000000,0.000000,0.000000,0.000000,0.012160,0.000000,0.910900,-19.941218,-0.521939,-1.440629,20.000000
1.298000,6,"LINK_TORSO_YAW",1.156000,0.200000,0.142000,-20.000000,0.000000,0.000000,20.000000,0.000000,0.000000,0.000000,0.000000,0.012160,0.000000,0.910900,-19.940940,-0.523522,-1.443903,20.000000
1.299000,6,"LINK_TORSO_YAW",1.156000,0.200000,0.143000,-20.000000,0.000000,0.000000,20.000000,0.000000,0.000000,0.000000,0.000000,0.012160,0.000000,0.910900,-19.940658,-0.525235,-1.447162,20.000000
1.300000,6,"LINK_TORSO_YAW",1.156000,0.200000,0.144000,-20.000000,0.000000,0.000000,20.000000,0.000000,0.000000,0.000000,0.000000,0.012160,0.000000,0.910900,-19.940367,-0.527056,-1.450507,20.000000
1.301000,6,"LINK_TORSO_YAW",1.156000,0.200000,0.145000,-20.000000,0.000000,0.000000,20.000000,0.000000,0.000000,0.000000,0.000000,0.012160,0.000000,0.910900,-19.940065,-0.528944,-1.453971,20.000000
1.302000,6,"LINK_TORSO_YAW",1.156000,0.200000,0.146000,-20.000000,0.000000,0.000000,20.000000,0.000000,0.000000,0.000000,0.000000,0.012160,0.000000,0.910900,-19.939793,-0.530570,-1.457102,20.000000
1.303000,6,"LINK_TORSO_YAW",1.156000,0.200000,0.147000,-20.000000,0.000000,0.000000,20.000000,0.000000,0.000000,0.000000,0.000000,0.012160,0.000000,0.910900,-19.939539,-0.532294,-1.459943,20.000000
1.304000,6,"LINK_TORSO_YAW",1.156000,0.200000,0.148000,-20.000000,0.000000,0.000000,20.000000,0.000000,0.000000,0.000000,0.000000,0.012160,0.000000,0.910900,-19.939303,-0.534098,-1.462511,20.000000
1.305000,6,"LINK_TORSO_YAW",1.156000,0.200000,0.149000,-20.000000,0.000000,0.000000,20.000000,0.000000,0.000000,0.000000,0.000000,0.012160,0.000000,0.910900,-19.939077,-0.536005,-1.464893,20.000000
1.306000,6,"LINK_TORSO_YAW",1.156000,0.200000,0.150000,-20.000000,0.000000,0.000000,20.000000,0.000000,0.000000,0.000000,0.000000,0.012160,0.000000,0.910900,-19.938856,-0.538029,-1.467151,20.000000
1.307000,6,"LINK_TORSO_YAW",1.156000,0.200000,0.151000,-20.000000,0.000000,0.000000,20.000000,0.000000,0.000000,0.000000,0.000000,0.012160,0.000000,0.910900,-19.938639,-0.540157,-1.469319,20.000000
1.308000,6,"LINK_TORSO_YAW",1.156000,0.200000,0.152000,-20.000000,0.000000,0.000000,20.000000,0.000000,0.000000,0.000000,0.000000,0.012160,0.000000,0.910900,-19.938431,-0.542027,-1.471455,20.000000
1.309000,6,"LINK_TORSO_YAW",1.156000,0.200000,0.153000,-20.000000,0.000000,0.000000,20.000000,0.000000,0.000000,0.000000,0.000000,0.012160,0.000000,0.910900,-19.938217,-0.544045,-1.473611,20.000000
1.310000,6,"LINK_TORSO_YAW",1.156000,0.200000,0.154000,-20.000000,0.000000,0.000000,20.000000,0.000000,0.000000,0.000000,0.000000,0.012160,0.000000,0.910900,-19.937995,-0.546170,-1.475822,20.000000
1.311000,6,"LINK_TORSO_YAW",1.156000,0.200000,0.155000,-20.000000,0.000000,0.000000,20.000000,0.000000,0.000000,0.000000,0.000000,0.012160,0.000000,0.910900,-19.937762,-0.548395,-1.478149,20.000000
1.312000,6,"LINK_TORSO_YAW",1.156000,0.200000,0.156000,-20.000000,0.000000,0.000000,20.000000,0.000000,0.000000,0.000000,0.000000,0.012160,0.000000,0.910900,-19.937514,-0.550688,-1.480630,20.000000
1.313000,6,"LINK_TORSO_YAW",1.156000,0.200000,0.157000,-20.000000,0.000000,0.000000,20.000000,0.000000,0.000000,0.000000,0.000000,0.012160,0.000000,0.910900,-19.937250,-0.553020,-1.483317,20.000000
1.314000,6,"LINK_TORSO_YAW",1.156000,0.200000,0.158000,-20.000000,0.000000,0.000000,20.000000,0.000000,0.000000,0.000000,0.000000,0.012160,0.000000,0.910900,-19.937029,-0.554987,-1.485558,20.000000
1.315000,6,"LINK_TORSO_YAW",1.156000,0.200000,0.159000,-20.000000,0.000000,0.000000,20.000000,0.000000,0.000000,0.000000,0.000000,0.012160,0.000000,0.910900,-19.936832,-0.557074,-1.487414,20.000000
1.316000,6,"LINK_TORSO_YAW",1.156000,0.200000,0.160000,-20.000000,0.000000,0.000000,20.000000,0.000000,0.000000,0.000000,0.000000,0.012160,0.000000,0.910900,-19.936655,-0.559309,-1.488944,20.000000
1.317000,6,"LINK_TORSO_YAW",1.156000,0.200000,0.161000,-20.000000,0.000000,0.000000,20.000000,0.000000,0.000000,0.000000,0.000000,0.012160,0.000000,0.910900,-19.936495,-0.561649,-1.490203,20.000000
1.318000,6,"LINK_TORSO_YAW",1.156000,0.200000,0.162000,-20.000000,0.000000,0.000000,20.000000,0.000000,0.000000,0.000000,0.000000,0.012160,0.000000,0.910900,-19.936347,-0.564156,-1.491244,20.000000
1.319000,6,"LINK_TORSO_YAW",1.156000,0.200000,0.163000,-20.000000,0.000000,0.000000,20.000000,0.000000,0.000000,0.000000,0.000000,0.012160,0.000000,0.910900,-19.936212,-0.566721,-1.492077,20.000000
1.320000,6,"LINK_TORSO_YAW",1.156000,0.200000,0.164000,-20.000000,0.000000,0.000000,20.000000,0.000000,0.000000,0.000000,0.000000,0.012160,0.000000,0.910900,-19.936086,-0.569371,-1.492749,20.000000
1.321000,6,"LINK_TORSO_YAW",1.156000,0.200000,0.165000,-20.000000,0.000000,0.000000,20.000000,0.000000,0.000000,0.000000,0.000000,0.012160,0.000000,0.910900,-19.935967,-0.572065,-1.493308,20.000000
1.322000,6,"LINK_TORSO_YAW",1.156000,0.200000,0.166000,-20.000000,0.000000,0.000000,20.000000,0.000000,0.000000,0.000000,0.000000,0.012160,0.000000,0.910900,-19.935865,-0.574297,-1.493806,20.000000
1.323000,6,"LINK_TORSO_YAW",1.156000,0.200000,0.167000,-20.000000,0.000000,0.000000,20.000000,0.000000,0.000000,0.000000,0.000000,0.012160,0.000000,0.910900,-19.935762,-0.576664,-1.494277,20.000000
1.324000,6,"LINK_TORSO_YAW",1.156000,0.200000,0.168000,-20.000000,0.000000,0.000000,20.000000,0.000000,0.000000,0.000000,0.000000,0.012160,0.000000,0.910900,-19.935699,-0.579129,-1.494157,20.000000
1.325000,6,"LINK_TORSO_YAW",1.156000,0.200000,0.169000,-20.000000,0.000000,0.000000,20.000000,0.000000,0.000000,0.000000,0.000000,0.012160,0.000000,0.910900,-19.935677,-0.581615,-1.493493,20.000000
1.326000,6,"LINK_TORSO_YAW",1.156000,0.200000,0.170000,-20.000000,0.000000,0.000000,20.000000,0.000000,0.000000,0.000000,0.000000,0.012160,0.000000,0.910900,-19.935687,-0.584217,-1.492337,20.000000
1.327000,6,"LINK_TORSO_YAW",1.156000,0.200000,0.171000,-20.000000,0.000000,0.000000,20.000000,0.000000,0.000000,0.000000,0.000000,0.012160,0.000000,0.910900,-19.935732,-0.586853,-1.490703,20.000000
1.328000,6,"LINK_TORSO_YAW",1.156000,0.200000,0.172000,-20.000000,0.000000,0.000000,20.000000,0.000000,0.000000,0.000000,0.000000,0.012160,0.000000,0.910900,-19.935803,-0.589575,-1.488675,20.000000
1.329000,6,"LINK_TORSO_YAW",1.156000,0.200000,0.173000,-20.000000,0.000000,0.000000,20.000000,0.000000,0.000000,0.000000,0.000000,0.012160,0.000000,0.910900,-19.935899,-0.592298,-1.486306,20.000000
1.330000,6,"LINK_TORSO_YAW",1.156000,0.200000,0.174000,-20.000000,0.000000,0.000000,20.000000,0.000000,0.000000,0.000000,0.000000,0.012160,0.000000,0.910900,-19.936015,-0.595071,-1.483647,20.000000
1.331000,6,"LINK_TORSO_YAW",1.156000,0.200000,0.175000,-20.000000,0.000000,0.000000,20.000000,0.000000,0.000000,0.000000,0.000000,0.012160,0.000000,0.910900,-19.936157,-0.597713,-1.480671,20.000000
1.332000,6,"LINK_TORSO_YAW",1.156000,0.200000,0.176000,-20.000000,0.000000,0.000000,20.000000,0.000000,0.000000,0.000000,0.000000,0.012160,0.000000,0.910900,-19.936339,-0.599646,-1.477434,20.000000
1.333000,6,"LINK_TORSO_YAW",1.156000,0.200000,0.177000,-20.000000,0.000000,0.000000,20.000000,0.000000,0.000000,0.000000,0.000000,0.012160,0.000000,0.910900,-19.936539,-0.601553,-1.473962,20.000000
1.334000,6,"LINK_TORSO_YAW",1.156000,0.200000,0.178000,-20.000000,0.000000,0.000000,20.000000,0.000000,0.000000,0.000000,0.000000,0.012160,0.000000,0.910900,-19.936791,-0.603539,-1.469736,20.000000
1.335000,6,"LINK_TORSO_YAW",1.156000,0.200000,0.179000,-20.000000,0.000000,0.000000,20.000000,0.000000,0.000000,0.000000,0.000000,0.012160,0.000000,0.910900,-19.937094,-0.605509,-1.464807,20.000000
1.336000,6,"LINK_TORSO_YAW",1.156000,0.200000,0.180000,-20.000000,0.000000,0.000000,20.000000,0.000000,0.000000,0.000000,0.000000,0.012160,0.000000,0.910900,-19.937440,-0.607551,-1.459232,20.000000
1.337000,6,"LINK_TORSO_YAW",1.156000,0.200000,0.181000,-20.000000,0.000000,0.000000,20.000000,0.000000,0.000000,0.000000,0.000000,0.012160,0.000000,0.910900,-19.937845,-0.609519,-1.452865,20.000000
1.338000,6,"LINK_TORSO_YAW",1.156000,0.200000,0.182000,-20.000000,0.000000,0.000000,20.000000,0.000000,0.000000,0.000000,0.000000,0.012160,0.000000,0.910900,-19.938309,-0.611247,-1.445756,20.000000
1.339000,6,"LINK_TORSO_YAW",1.156000,0.200000,0.183000,-20.000000,0.000000,0.000000,20.000000,0.000000,0.000000,0.000000,0.000000,0.012160,0.000000,0.910900,-19.938823,-0.612880,-1.437962,20.000000
1.340000,6,"LINK_TORSO_YAW",1.156000,0.200000,0.184000,-20.000000,0.000000,0.000000,20.000000,0.000000,0.000000,0.000000,0.000000,0.012160,0.000000,0.910900,-19.939380,-0.614431,-1.429545,20.000000
1.341000,6,"LINK_TORSO_YAW",1.156000,0.200000,0.185000,-20.000000,0.000000,0.000000,20.000000,0.000000,0.000000,0.000000,0.000000,0.012160,0.000000,0.910900,-19.939978,-0.615910,-1.420545,20.000000
1.342000,6,"LINK_TORSO_YAW",1.156000,0.200000,0.186000,-20.000000,0.000000,0.000000,20.000000,0.000000,0.000000,0.000000,0.000000,0.012160,0.000000,0.910900,-19.940617,-0.617104,-1.411014,20.000000
1.343000,6,"LINK_TORSO_YAW",1.156000,0.200000,0.187000,-20.000000,0.000000,0.000000,20.000000,0.000000,0.000000,0.000000,0.000000,0.012160,0.000000,0.910900,-19.941307,-0.618246,-1.400735,20.000000
1.344000,6,"LINK_TORSO_YAW",1.156000,0.200000,0.188000,-20.000000,0.000000,0.000000,20.000000,0.000000,0.000000,0.000000,0.000000,0.012160,0.000000,0.910900,-19.942073,-0.619425,-1.389260,20.000000
1.345000,6,"LINK_TORSO_YAW",1.156000,0.200000,0.189000,-20.000000,0.000000,0.000000,20.000000,0.000000,0.000000,0.000000,0.000000,0.012160,0.000000,0.910900,-19.942935,-0.619718,-1.376696,20.000000
1.346000,6,"LINK_TORSO_YAW",1.156000,0.200000,0.190000,-20.000000,0.000000,0.000000,20.000000,0.000000,0.000000,0.000000,0.000000,0.012160,0.000000,0.910900,-19.943858,-0.620085,-1.363098,20.000000
1.347000,6,"LINK_TORSO_YAW",1.156000,0.200000,0.191000,-20.000000,0.000000,0.000000,20.000000,0.000000,0.000000,0.000000,0.000000,0.012160,0.000000,0.910900,-19.944844,-0.620194,-1.348541,20.000000
1.348000,6,"LINK_TORSO_YAW",1.156000,0.200000,0.192000,-20.000000,0.000000,0.000000,20.000000,0.000000,0.000000,0.000000,0.000000,0.012160,0.000000,0.910900,-19.945874,-0.620412,-1.333111,20.000000
1.359000,7,"LINK_TORSO_YAW",1.357000,0.200000,0.002000,-20.000000,0.000000,0.000000,20.000000,0.000000,0.000000,0.000000,0.000000,0.012160,0.000000,0.910900,-19.957894,-0.647928,-1.123679,20.000000
1.367000,7,"LINK_TORSO_YAW",1.357000,0.200000,0.010000,-20.000000,0.000000,0.000000,20.000000,0.000000,0.000000,0.000000,0.000000,0.012160,0.000000,0.910900,-19.964742,-0.696664,-0.961106,20.000000
1.368000,7,"LINK_TORSO_YAW",1.357000,0.200000,0.011000,-20.000000,0.000000,0.000000,20.000000,0.000000,0.000000,0.000000,0.000000,0.012160,0.000000,0.910900,-19.964921,-0.707867,-0.949144,20.000000
1.374000,7,"LINK_TORSO_YAW",1.357000,0.200000,0.017000,-20.000000,0.000000,0.000000,20.000000,0.000000,0.000000,0.000000,0.000000,0.012160,0.000000,0.910900,-19.964236,-0.792320,-0.895279,20.000000
1.380000,7,"LINK_TORSO_YAW",1.357000,0.200000,0.023000,-20.000000,0.000000,0.000000,20.000000,0.000000,0.000000,0.000000,0.000000,0.012160,0.000000,0.910900,-19.961637,-0.890436,-0.860342,20.000000
1.381000,7,"LINK_TORSO_YAW",1.357000,0.200000,0.024000,-20.000000,0.000000,0.000000,20.000000,0.000000,0.000000,0.000000,0.000000,0.012160,0.000000,0.910900,-19.960936,-0.908335,-0.857891,20.000000
1.382000,7,"LINK_TORSO_YAW",1.357000,0.200000,0.025000,-20.000000,0.000000,0.000000,20.000000,0.000000,0.000000,0.000000,0.000000,0.012160,0.000000,0.910900,-19.960133,-0.925926,-0.857769,20.000000
1.383000,7,"LINK_TORSO_YAW",1.357000,0.200000,0.026000,-20.000000,0.000000,0.000000,20.000000,0.000000,0.000000,0.000000,0.000000,0.012160,0.000000,0.910900,-19.959227,-0.943272,-0.859933,20.000000
1.384000,7,"LINK_TORSO_YAW",1.357000,0.200000,0.027000,-20.000000,0.000000,0.000000,20.000000,0.000000,0.000000,0.000000,0.000000,0.012160,0.000000,0.910900,-19.958214,-0.960119,-0.864789,20.000000
1.385000,7,"LINK_TORSO_YAW",1.357000,0.200000,0.028000,-20.000000,0.000000,0.000000,20.000000,0.000000,0.000000,0.000000,0.000000,0.012160,0.000000,0.910900,-19.957092,-0.976502,-0.872316,20.000000
1.386000,7,"LINK_TORSO_YAW",1.357000,0.200000,0.029000,-20.000000,0.000000,0.000000,20.000000,0.000000,0.000000,0.000000,0.000000,0.012160,0.000000,0.910900,-19.955857,-0.992465,-0.882483,20.000000
1.387000,7,"LINK_TORSO_YAW",1.357000,0.200000,0.030000,-20.000000,0.000000,0.000000,20.000000,0.000000,0.000000,0.000000,0.000000,0.012160,0.000000,0.910900,-19.954538,-1.008109,-0.894492,20.000000
1.388000,7,"LINK_TORSO_YAW",1.357000,0.200000,0.031000,-20.000000,0.000000,0.000000,20.000000,0.000000,0.000000,0.000000,0.000000,0.012160,0.000000,0.910900,-19.953132,-1.023466,-0.908311,20.000000
1.389000,7,"LINK_TORSO_YAW",1.357000,0.200000,0.032000,-20.000000,0.000000,0.000000,20.000000,0.000000,0.000000,0.000000,0.000000,0.012160,0.000000,0.910900,-19.951638,-1.038577,-0.923852,20.000000
1.390000,7,"LINK_TORSO_YAW",1.357000,0.200000,0.033000,-20.000000,0.000000,0.000000,20.000000,0.000000,0.000000,0.000000,0.000000,0.012160,0.000000,0.910900,-19.950052,-1.053464,-0.941080,20.000000
1.391000,7,"LINK_TORSO_YAW",1.357000,0.200000,0.034000,-20.000000,0.000000,0.000000,20.000000,0.000000,0.000000,0.000000,0.000000,0.012160,0.000000,0.910900,-19.948372,-1.068144,-0.959958,20.000000
1.392000,7,"LINK_TORSO_YAW",1.357000,0.200000,0.035000,-20.000000,0.000000,0.000000,20.000000,0.000000,0.000000,0.000000,0.000000,0.012160,0.000000,0.910900,-19.946595,-1.082627,-0.980449,20.000000
1.393000,7,"LINK_TORSO_YAW",1.357000,0.200000,0.036000,-20.000000,0.000000,0.000000,20.000000,0.000000,0.000000,0.000000,0.000000,0.012160,0.000000,0.910900,-19.944717,-1.096923,-1.002517,20.000000
1.394000,7,"LINK_TORSO_YAW",1.357000,0.200000,0.037000,-20.000000,0.000000,0.000000,20.000000,0.000000,0.000000,0.000000,0.000000,0.012160,0.000000,0.910900,-19.942745,-1.111151,-1.025798,20.000000
1.395000,7,"LINK_TORSO_YAW",1.357000,0.200000,0.038000,-20.000000,0.000000,0.000000,20.000000,0.000000,0.000000,0.000000,0.000000,0.012160,0.000000,0.910900,-19.940677,-1.125310,-1.050267,20.000000
1.396000,7,"LINK_TORSO_YAW",1.357000,0.200000,0.039000,-20.000000,0.000000,0.000000,20.000000,0.000000,0.000000,0.000000,0.000000,0.012160,0.000000,0.910900,-19.938511,-1.139399,-1.075899,20.000000
1.397000,7,"LINK_TORSO_YAW",1.357000,0.200000,0.040000,-20.000000,0.000000,0.000000,20.000000,0.000000,0.000000,0.000000,0.000000,0.012160,0.000000,0.910900,-19.936272,-1.153434,-1.102105,20.000000
1.398000,7,"LINK_TORSO_YAW",1.357000,0.200000,0.041000,-20.000000,0.000000,0.000000,20.000000,0.000000,0.000000,0.000000,0.000000,0.012160,0.000000,0.910900,-19.933961,-1.167411,-1.128873,20.000000
1.399000,7,"LINK_TORSO_YAW",1.357000,0.200000,0.042000,-20.000000,0.000000,0.000000,20.000000,0.000000,0.000000,0.000000,0.000000,0.012160,0.000000,0.910900,-19.931575,-1.181321,-1.156193,20.000000
1.400000,7,"LINK_TORSO_YAW",1.357000,0.200000,0.043000,-20.000000,0.000000,0.000000,20.000000,0.000000,0.000000,0.000000,0.000000,0.012160,0.000000,0.910900,-19.928973,-1.197958,-1.183613,20.000000
1.401000,7,"LINK_TORSO_YAW",1.357000,0.200000,0.044000,-20.000000,0.000000,0.000000,20.000000,0.000000,0.000000,0.000000,0.000000,0.012160,0.000000,0.910900,-19.926310,-1.214737,-1.211030,20.000000
1.402000,7,"LINK_TORSO_YAW",1.357000,0.200000,0.045000,-20.000000,0.000000,0.000000,20.000000,0.000000,0.000000,0.000000,0.000000,0.012160,0.000000,0.910900,-19.923586,-1.231636,-1.238463,20.000000
1.403000,7,"LINK_TORSO_YAW",1.357000,0.200000,0.046000,-20.000000,0.000000,0.000000,20.000000,0.000000,0.000000,0.000000,0.000000,0.012160,0.000000,0.910900,-19.920802,-1.248631,-1.265930,20.000000
1.404000,7,"LINK_TORSO_YAW",1.357000,0.200000,0.047000,-20.000000,0.000000,0.000000,20.000000,0.000000,0.000000,0.000000,0.000000,0.012160,0.000000,0.910900,-19.917957,-1.265707,-1.293442,20.000000
1.405000,7,"LINK_TORSO_YAW",1.357000,0.200000,0.048000,-20.000000,0.000000,0.000000,20.000000,0.000000,0.000000,0.000000,0.000000,0.012160,0.000000,0.910900,-19.915058,-1.283023,-1.320725,20.000000
1.406000,7,"LINK_TORSO_YAW",1.357000,0.200000,0.049000,-20.000000,0.000000,0.000000,20.000000,0.000000,0.000000,0.000000,0.000000,0.012160,0.000000,0.910900,-19.912106,-1.300556,-1.347810,20.000000
1.407000,7,"LINK_TORSO_YAW",1.357000,0.200000,0.050000,-20.000000,0.000000,0.000000,20.000000,0.000000,0.000000,0.000000,0.000000,0.012160,0.000000,0.910900,-19.909137,-1.318308,-1.374166,20.000000
1.408000,7,"LINK_TORSO_YAW",1.357000,0.200000,0.051000,-20.000000,0.000000,0.000000,20.000000,0.000000,0.000000,0.000000,0.000000,0.012160,0.000000,0.910900,-19.906152,-1.336255,-1.399838,20.000000
1.409000,7,"LINK_TORSO_YAW",1.357000,0.200000,0.052000,-20.000000,0.000000,0.000000,20.000000,0.000000,0.000000,0.000000,0.000000,0.012160,0.000000,0.910900,-19.903151,-1.354370,-1.424876,20.000000
1.410000,7,"LINK_TORSO_YAW",1.357000,0.200000,0.053000,-20.000000,0.000000,0.000000,20.000000,0.000000,0.000000,0.000000,0.000000,0.012160,0.000000,0.910900,-19.900136,-1.372655,-1.449279,20.000000
1.411000,7,"LINK_TORSO_YAW",1.357000,0.200000,0.054000,-20.000000,0.000000,0.000000,20.000000,0.000000,0.000000,0.000000,0.000000,0.012160,0.000000,0.910900,-19.896960,-1.392402,-1.473843,20.000000
1.412000,7,"LINK_TORSO_YAW",1.357000,0.200000,0.055000,-20.000000,0.000000,0.000000,20.000000,0.000000,0.000000,0.000000,0.000000,0.012160,0.000000,0.910900,-19.893754,-1.412347,-1.497937,20.000000
1.413000,7,"LINK_TORSO_YAW",1.357000,0.200000,0.056000,-20.000000,0.000000,0.000000,20.000000,0.000000,0.000000,0.000000,0.000000,0.012160,0.000000,0.910900,-19.890520,-1.432440,-1.521618,20.000000
1.414000,7,"LINK_TORSO_YAW",1.357000,0.200000,0.057000,-20.000000,0.000000,0.000000,20.000000,0.000000,0.000000,0.000000,0.000000,0.012160,0.000000,0.910900,-19.887257,-1.452652,-1.544931,20.000000
1.415000,7,"LINK_TORSO_YAW",1.357000,0.200000,0.058000,-20.000000,0.000000,0.000000,20.000000,0.000000,0.000000,0.000000,0.000000,0.012160,0.000000,0.910900,-19.883991,-1.472914,-1.567617,20.000000
1.416000,7,"LINK_TORSO_YAW",1.357000,0.200000,0.059000,-20.000000,0.000000,0.000000,20.000000,0.000000,0.000000,0.000000,0.000000,0.012160,0.000000,0.910900,-19.880722,-1.493196,-1.589733,20.000000
1.417000,7,"LINK_TORSO_YAW",1.357000,0.200000,0.060000,-20.000000,0.000000,0.000000,20.000000,0.000000,0.000000,0.000000,0.000000,0.012160,0.000000,0.910900,-19.877449,-1.513482,-1.611332,20.000000
1.418000,7,"LINK_TORSO_YAW",1.357000,0.200000,0.061000,-20.000000,0.000000,0.000000,20.000000,0.000000,0.000000,0.000000,0.000000,0.012160,0.000000,0.910900,-19.874169,-1.533791,-1.632448,20.000000
1.419000,7,"LINK_TORSO_YAW",1.357000,0.200000,0.062000,-20.000000,0.000000,0.000000,20.000000,0.000000,0.000000,0.000000,0.000000,0.012160,0.000000,0.910900,-19.870881,-1.554110,-1.653128,20.000000
1.420000,7,"LINK_TORSO_YAW",1.357000,0.200000,0.063000,-20.000000,0.000000,0.000000,20.000000,0.000000,0.000000,0.000000,0.000000,0.012160,0.000000,0.910900,-19.867583,-1.574428,-1.673422,20.000000
1.421000,7,"LINK_TORSO_YAW",1.357000,0.200000,0.064000,-20.000000,0.000000,0.000000,20.000000,0.000000,0.000000,0.000000,0.000000,0.012160,0.000000,0.910900,-19.864269,-1.594765,-1.693379,20.000000
1.422000,7,"LINK_TORSO_YAW",1.357000,0.200000,0.065000,-20.000000,0.000000,0.000000,20.000000,0.000000,0.000000,0.000000,0.000000,0.012160,0.000000,0.910900,-19.860936,-1.615012,-1.713167,20.000000
1.423000,7,"LINK_TORSO_YAW",1.357000,0.200000,0.066000,-20.000000,0.000000,0.000000,20.000000,0.000000,0.000000,0.000000,0.000000,0.012160,0.000000,0.910900,-19.857581,-1.635161,-1.732837,20.000000
1.424000,7,"LINK_TORSO_YAW",1.357000,0.200000,0.067000,-20.000000,0.000000,0.000000,20.000000,0.000000,0.000000,0.000000,0.000000,0.012160,0.000000,0.910900,-19.854197,-1.655243,-1.752440,20.000000
1.425000,7,"LINK_TORSO_YAW",1.357000,0.200000,0.068000,-20.000000,0.000000,0.000000,20.000000,0.000000,0.000000,0.000000,0.000000,0.012160,0.000000,0.910900,-19.850822,-1.675319,-1.771490,20.000000
1.426000,7,"LINK_TORSO_YAW",1.357000,0.200000,0.069000,-20.000000,0.000000,0.000000,20.000000,0.000000,0.000000,0.000000,0.000000,0.012160,0.000000,0.910900,-19.847453,-1.695407,-1.790027,20.000000
1.427000,7,"LINK_TORSO_YAW",1.357000,0.200000,0.070000,-20.000000,0.000000,0.000000,20.000000,0.000000,0.000000,0.000000,0.000000,0.012160,0.000000,0.910900,-19.844100,-1.715362,-1.808105,20.000000
1.428000,7,"LINK_TORSO_YAW",1.357000,0.200000,0.071000,-20.000000,0.000000,0.000000,20.000000,0.000000,0.000000,0.000000,0.000000,0.012160,0.000000,0.910900,-19.840754,-1.735218,-1.825785,20.000000
1.429000,7,"LINK_TORSO_YAW",1.357000,0.200000,0.072000,-20.000000,0.000000,0.000000,20.000000,0.000000,0.000000,0.000000,0.000000,0.012160,0.000000,0.910900,-19.837410,-1.755007,-1.843126,20.000000
1.430000,7,"LINK_TORSO_YAW",1.357000,0.200000,0.073000,-20.000000,0.000000,0.000000,20.000000,0.000000,0.000000,0.000000,0.000000,0.012160,0.000000,0.910900,-19.834060,-1.774768,-1.860178,20.000000
1.431000,7,"LINK_TORSO_YAW",1.357000,0.200000,0.074000,-20.000000,0.000000,0.000000,20.000000,0.000000,0.000000,0.000000,0.000000,0.012160,0.000000,0.910900,-19.830696,-1.794535,-1.876999,20.000000
1.432000,7,"LINK_TORSO_YAW",1.357000,0.200000,0.075000,-20.000000,0.000000,0.000000,20.000000,0.000000,0.000000,0.000000,0.000000,0.012160,0.000000,0.910900,-19.827328,-1.814122,-1.893676,20.000000
1.433000,7,"LINK_TORSO_YAW",1.357000,0.200000,0.076000,-20.000000,0.000000,0.000000,20.000000,0.000000,0.000000,0.000000,0.000000,0.012160,0.000000,0.910900,-19.823953,-1.833440,-1.910332,20.000000
1.434000,7,"LINK_TORSO_YAW",1.357000,0.200000,0.077000,-20.000000,0.000000,0.000000,20.000000,0.000000,0.000000,0.000000,0.000000,0.012160,0.000000,0.910900,-19.820567,-1.852490,-1.927020,20.000000
1.435000,7,"LINK_TORSO_YAW",1.357000,0.200000,0.078000,-20.000000,0.000000,0.000000,20.000000,0.000000,0.000000,0.000000,0.000000,0.012160,0.000000,0.910900,-19.817165,-1.871267,-1.943793,20.000000
1.436000,7,"LINK_TORSO_YAW",1.357000,0.200000,0.079000,-20.000000,0.000000,0.000000,20.000000,0.000000,0.000000,0.000000,0.000000,0.012160,0.000000,0.910900,-19.813798,-1.889785,-1.960128,20.000000
1.437000,7,"LINK_TORSO_YAW",1.357000,0.200000,0.080000,-20.000000,0.000000,0.000000,20.000000,0.000000,0.000000,0.000000,0.000000,0.012160,0.000000,0.910900,-19.810463,-1.908038,-1.976091,20.000000
1.438000,7,"LINK_TORSO_YAW",1.357000,0.200000,0.081000,-20.000000,0.000000,0.000000,20.000000,0.000000,0.000000,0.000000,0.000000,0.012160,0.000000,0.910900,-19.807154,-1.926006,-1.991773,20.000000
1.439000,7,"LINK_TORSO_YAW",1.357000,0.200000,0.082000,-20.000000,0.000000,0.000000,20.000000,0.000000,0.000000,0.000000,0.000000,0.012160,0.000000,0.910900,-19.803843,-1.943801,-2.007343,20.000000
1.440000,7,"LINK_TORSO_YAW",1.357000,0.200000,0.083000,-20.000000,0.000000,0.000000,20.000000,0.000000,0.000000,0.000000,0.000000,0.012160,0.000000,0.910900,-19.800551,-1.961305,-2.022734,20.000000
1.441000,7,"LINK_TORSO_YAW",1.357000,0.200000,0.084000,-20.000000,0.000000,0.000000,20.000000,0.000000,0.000000,0.000000,0.000000,0.012160,0.000000,0.910900,-19.797273,-1.978511,-2.038005,20.000000
1.442000,7,"LINK_TORSO_YAW",1.357000,0.200000,0.085000,-20.000000,0.000000,0.000000,20.000000,0.000000,0.000000,0.000000,0.000000,0.012160,0.000000,0.910900,-19.794008,-1.995416,-2.053183,20.000000
1.443000,7,"LINK_TORSO_YAW",1.357000,0.200000,0.086000,-20.000000,0.000000,0.000000,20.000000,0.000000,0.000000,0.000000,0.000000,0.012160,0.000000,0.910900,-19.790737,-2.012143,-2.068334,20.000000
1.444000,7,"LINK_TORSO_YAW",1.357000,0.200000,0.087000,-20.000000,0.000000,0.000000,20.000000,0.000000,0.000000,0.000000,0.000000,0.012160,0.000000,0.910900,-19.787516,-2.028612,-2.083018,20.000000
1.445000,7,"LINK_TORSO_YAW",1.357000,0.200000,0.088000,-20.000000,0.000000,0.000000,20.000000,0.000000,0.000000,0.000000,0.000000,0.012160,0.000000,0.910900,-19.784339,-2.044811,-2.097298,20.000000
1.446000,7,"LINK_TORSO_YAW",1.357000,0.200000,0.089000,-20.000000,0.000000,0.000000,20.000000,0.000000,0.000000,0.000000,0.000000,0.012160,0.000000,0.910900,-19.781193,-2.060945,-2.111136,20.000000
1.447000,7,"LINK_TORSO_YAW",1.357000,0.200000,0.090000,-20.000000,0.000000,0.000000,20.000000,0.000000,0.000000,0.000000,0.000000,0.012160,0.000000,0.910900,-19.778073,-2.076926,-2.124670,20.000000
1.448000,7,"LINK_TORSO_YAW",1.357000,0.200000,0.091000,-20.000000,0.000000,0.000000,20.000000,0.000000,0.000000,0.000000,0.000000,0.012160,0.000000,0.910900,-19.774937,-2.093040,-2.138000,20.000000
1.449000,7,"LINK_TORSO_YAW",1.357000,0.200000,0.092000,-20.000000,0.000000,0.000000,20.000000,0.000000,0.000000,0.000000,0.000000,0.012160,0.000000,0.910900,-19.771805,-2.109111,-2.151136,20.000000
1.450000,7,"LINK_TORSO_YAW",1.357000,0.200000,0.093000,-20.000000,0.000000,0.000000,20.000000,0.000000,0.000000,0.000000,0.000000,0.012160,0.000000,0.910900,-19.768691,-2.125025,-2.164056,20.000000
1.451000,7,"LINK_TORSO_YAW",1.357000,0.200000,0.094000,-20.000000,0.000000,0.000000,20.000000,0.000000,0.000000,0.000000,0.000000,0.012160,0.000000,0.910900,-19.765590,-2.140778,-2.176816,20.000000
1.452000,7,"LINK_TORSO_YAW",1.357000,0.200000,0.095000,-20.000000,0.000000,0.000000,20.000000,0.000000,0.000000,0.000000,0.000000,0.012160,0.000000,0.910900,-19.762497,-2.156369,-2.189473,20.000000
1.453000,7,"LINK_TORSO_YAW",1.357000,0.200000,0.096000,-20.000000,0.000000,0.000000,20.000000,0.000000,0.000000,0.000000,0.000000,0.012160,0.000000,0.910900,-19.759406,-2.171798,-2.202082,20.000000
1.454000,7,"LINK_TORSO_YAW",1.357000,0.200000,0.097000,-20.000000,0.000000,0.000000,20.000000,0.000000,0.000000,0.000000,0.000000,0.012160,0.000000,0.910900,-19.756306,-2.187566,-2.214252,20.000000
1.455000,7,"LINK_TORSO_YAW",1.357000,0.200000,0.098000,-20.000000,0.000000,0.000000,20.000000,0.000000,0.000000,0.000000,0.000000,0.012160,0.000000,0.910900,-19.753257,-2.203204,-2.225921,20.000000
1.456000,7,"LINK_TORSO_YAW",1.357000,0.200000,0.099000,-20.000000,0.000000,0.000000,20.000000,0.000000,0.000000,0.000000,0.000000,0.012160,0.000000,0.910900,-19.750252,-2.218697,-2.237167,20.000000
1.457000,7,"LINK_TORSO_YAW",1.357000,0.200000,0.100000,-20.000000,0.000000,0.000000,20.000000,0.000000,0.000000,0.000000,0.000000,0.012160,0.000000,0.910900,-19.747287,-2.234043,-2.248047,20.000000
1.458000,7,"LINK_TORSO_YAW",1.357000,0.200000,0.101000,-20.000000,0.000000,0.000000,20.000000,0.000000,0.000000,0.000000,0.000000,0.012160,0.000000,0.910900,-19.744368,-2.249113,-2.258631,20.000000
1.459000,7,"LINK_TORSO_YAW",1.357000,0.200000,0.102000,-20.000000,0.000000,0.000000,20.000000,0.000000,0.000000,0.000000,0.000000,0.012160,0.000000,0.910900,-19.741475,-2.264019,-2.269001,20.000000
1.460000,7,"LINK_TORSO_YAW",1.357000,0.200000,0.103000,-20.000000,0.000000,0.000000,20.000000,0.000000,0.000000,0.000000,0.000000,0.012160,0.000000,0.910900,-19.738619,-2.278644,-2.279191,20.000000
1.461000,7,"LINK_TORSO_YAW",1.357000,0.200000,0.104000,-20.000000,0.000000,0.000000,20.000000,0.000000,0.000000,0.000000,0.000000,0.012160,0.000000,0.910900,-19.735781,-2.293098,-2.289246,20.000000
1.462000,7,"LINK_TORSO_YAW",1.357000,0.200000,0.105000,-20.000000,0.000000,0.000000,20.000000,0.000000,0.000000,0.000000,0.000000,0.012160,0.000000,0.910900,-19.732874,-2.307847,-2.299458,20.000000
1.463000,7,"LINK_TORSO_YAW",1.357000,0.200000,0.106000,-20.000000,0.000000,0.000000,20.000000,0.000000,0.000000,0.000000,0.000000,0.012160,0.000000,0.910900,-19.729966,-2.322401,-2.309738,20.000000
1.464000,7,"LINK_TORSO_YAW",1.357000,0.200000,0.107000,-20.000000,0.000000,0.000000,20.000000,0.000000,0.000000,0.000000,0.000000,0.012160,0.000000,0.910900,-19.727102,-2.336850,-2.319605,20.000000
1.465000,7,"LINK_TORSO_YAW",1.357000,0.200000,0.108000,-20.000000,0.000000,0.000000,20.000000,0.000000,0.000000,0.000000,0.000000,0.012160,0.000000,0.910900,-19.724288,-2.351117,-2.329103,20.000000
1.466000,7,"LINK_TORSO_YAW",1.357000,0.200000,0.109000,-20.000000,0.000000,0.000000,20.000000,0.000000,0.000000,0.000000,0.000000,0.012160,0.000000,0.910900,-19.721517,-2.365199,-2.338293,20.000000
1.467000,7,"LINK_TORSO_YAW",1.357000,0.200000,0.110000,-20.000000,0.000000,0.000000,20.000000,0.000000,0.000000,0.000000,0.000000,0.012160,0.000000,0.910900,-19.718783,-2.379099,-2.347231,20.000000
1.468000,7,"LINK_TORSO_YAW",1.357000,0.200000,0.111000,-20.000000,0.000000,0.000000,20.000000,0.000000,0.000000,0.000000,0.000000,0.012160,0.000000,0.910900,-19.716080,-2.392817,-2.355975,20.000000
1.469000,7,"LINK_TORSO_YAW",1.357000,0.200000,0.112000,-20.000000,0.000000,0.000000,20.000000,0.000000,0.000000,0.000000,0.000000,0.012160,0.000000,0.910900,-19.713388,-2.406325,-2.364730,20.000000
1.470000,7,"LINK_TORSO_YAW",1.357000,0.200000,0.113000,-20.000000,0.000000,0.000000,20.000000,0.000000,0.000000,0.000000,0.000000,0.012160,0.000000,0.910900,-19.710683,-2.419730,-2.373579,20.000000
1.471000,7,"LINK_TORSO_YAW",1.357000,0.200000,0.114000,-20.000000,0.000000,0.000000,20.000000,0.000000,0.000000,0.000000,0.000000,0.012160,0.000000,0.910900,-19.707979,-2.432917,-2.382540,20.000000
1.472000,7,"LINK_TORSO_YAW",1.357000,0.200000,0.115000,-20.000000,0.000000,0.000000,20.000000,0.000000,0.000000,0.000000,0.000000,0.012160,0.000000,0.910900,-19.705265,-2.445980,-2.391589,20.000000
1.473000,7,"LINK_TORSO_YAW",1.357000,0.200000,0.116000,-20.000000,0.000000,0.000000,20.000000,0.000000,0.000000,0.000000,0.000000,0.012160,0.000000,0.910900,-19.702435,-2.459514,-2.401014,20.000000
1.474000,7,"LINK_TORSO_YAW",1.357000,0.200000,0.117000,-20.000000,0.000000,0.000000,20.000000,0.000000,0.000000,0.000000,0.000000,0.012160,0.000000,0.910900,-19.699583,-2.472858,-2.410688,20.000000
1.475000,7,"LINK_TORSO_YAW",1.357000,0.200000,0.118000,-20.000000,0.000000,0.000000,20.000000,0.000000,0.000000,0.000000,0.000000,0.012160,0.000000,0.910900,-19.696691,-2.486094,-2.420684,20.000000
1.476000,7,"LINK_TORSO_YAW",1.357000,0.200000,0.119000,-20.000000,0.000000,0.000000,20.000000,0.000000,0.000000,0.000000,0.000000,0.012160,0.000000,0.910900,-19.693832,-2.499159,-2.430468,20.000000
1.477000,7,"LINK_TORSO_YAW",1.357000,0.200000,0.120000,-20.000000,0.000000,0.000000,20.000000,0.000000,0.000000,0.000000,0.000000,0.012160,0.000000,0.910900,-19.691001,-2.512061,-2.440090,20.000000
1.478000,7,"LINK_TORSO_YAW",1.357000,0.200000,0.121000,-20.000000,0.000000,0.000000,20.000000,0.000000,0.000000,0.000000,0.000000,0.012160,0.000000,0.910900,-19.688190,-2.524806,-2.449600,20.000000
1.479000,7,"LINK_TORSO_YAW",1.357000,0.200000,0.122000,-20.000000,0.000000,0.000000,20.000000,0.000000,0.000000,0.000000,0.000000,0.012160,0.000000,0.910900,-19.685393,-2.537399,-2.459046,20.000000
1.480000,7,"LINK_TORSO_YAW",1.357000,0.200000,0.123000,-20.000000,0.000000,0.000000,20.000000,0.000000,0.000000,0.000000,0.000000,0.012160,0.000000,0.910900,-19.682581,-2.550008,-2.468498,20.000000
1.481000,7,"LINK_TORSO_YAW",1.357000,0.200000,0.124000,-20.000000,0.000000,0.000000,20.000000,0.000000,0.000000,0.000000,0.000000,0.012160,0.000000,0.910900,-19.679771,-2.562467,-2.477981,20.000000
1.482000,7,"LINK_TORSO_YAW",1.357000,0.200000,0.125000,-20.000000,0.000000,0.000000,20.000000,0.000000,0.000000,0.000000,0.000000,0.012160,0.000000,0.910900,-19.676955,-2.574783,-2.487553,20.000000
1.483000,7,"LINK_TORSO_YAW",1.357000,0.200000,0.126000,-20.000000,0.000000,0.000000,20.000000,0.000000,0.000000,0.000000,0.000000,0.012160,0.000000,0.910900,-19.674128,-2.586959,-2.497264,20.000000
1.484000,7,"LINK_TORSO_YAW",1.357000,0.200000,0.127000,-20.000000,0.000000,0.000000,20.000000,0.000000,0.000000,0.000000,0.000000,0.012160,0.000000,0.910900,-19.671129,-2.600123,-2.507195,20.000000
1.485000,7,"LINK_TORSO_YAW",1.357000,0.200000,0.128000,-20.000000,0.000000,0.000000,20.000000,0.000000,0.000000,0.000000,0.000000,0.012160,0.000000,0.910900,-19.668142,-2.613340,-2.516875,20.000000
1.486000,7,"LINK_TORSO_YAW",1.357000,0.200000,0.129000,-20.000000,0.000000,0.000000,20.000000,0.000000,0.000000,0.000000,0.000000,0.012160,0.000000,0.910900,-19.665183,-2.626443,-2.526338,20.000000
1.487000,7,"LINK_TORSO_YAW",1.357000,0.200000,0.130000,-20.000000,0.000000,0.000000,20.000000,0.000000,0.000000,0.000000,0.000000,0.012160,0.000000,0.910900,-19.662246,-2.639437,-2.535635,20.000000
1.488000,7,"LINK_TORSO_YAW",1.357000,0.200000,0.131000,-20.000000,0.000000,0.000000,20.000000,0.000000,0.000000,0.000000,0.000000,0.012160,0.000000,0.910900,-19.659326,-2.652318,-2.544823,20.000000
1.489000,7,"LINK_TORSO_YAW",1.357000,0.200000,0.132000,-20.000000,0.000000,0.000000,20.000000,0.000000,0.000000,0.000000,0.000000,0.012160,0.000000,0.910900,-19.656414,-2.665089,-2.553956,20.000000
1.490000,7,"LINK_TORSO_YAW",1.357000,0.200000,0.133000,-20.000000,0.000000,0.000000,20.000000,0.000000,0.000000,0.000000,0.000000,0.012160,0.000000,0.910900,-19.653505,-2.677753,-2.563082,20.000000
1.491000,7,"LINK_TORSO_YAW",1.357000,0.200000,0.134000,-20.000000,0.000000,0.000000,20.000000,0.000000,0.000000,0.000000,0.000000,0.012160,0.000000,0.910900,-19.650558,-2.690520,-2.572288,20.000000
1.492000,7,"LINK_TORSO_YAW",1.357000,0.200000,0.135000,-20.000000,0.000000,0.000000,20.000000,0.000000,0.000000,0.000000,0.000000,0.012160,0.000000,0.910900,-19.647601,-2.703180,-2.581586,20.000000
1.494000,7,"LINK_TORSO_YAW",1.357000,0.200000,0.137000,-20.000000,0.000000,0.000000,20.000000,0.000000,0.000000,0.000000,0.000000,0.012160,0.000000,0.910900,-19.641636,-2.728234,-2.600550,20.000000
1.495000,7,"LINK_TORSO_YAW",1.357000,0.200000,0.138000,-20.000000,0.000000,0.000000,20.000000,0.000000,0.000000,0.000000,0.000000,0.012160,0.000000,0.910900,-19.638611,-2.740620,-2.610353,20.000000
1.496000,7,"LINK_TORSO_YAW",1.357000,0.200000,0.139000,-20.000000,0.000000,0.000000,20.000000,0.000000,0.000000,0.000000,0.000000,0.012160,0.000000,0.910900,-19.635546,-2.752896,-2.620480,20.000000
1.497000,7,"LINK_TORSO_YAW",1.357000,0.200000,0.140000,-20.000000,0.000000,0.000000,20.000000,0.000000,0.000000,0.000000,0.000000,0.012160,0.000000,0.910900,-19.632490,-2.765246,-2.630350,20.000000
1.498000,7,"LINK_TORSO_YAW",1.357000,0.200000,0.141000,-20.000000,0.000000,0.000000,20.000000,0.000000,0.000000,0.000000,0.000000,0.012160,0.000000,0.910900,-19.629466,-2.777505,-2.639987,20.000000
1.499000,7,"LINK_TORSO_YAW",1.357000,0.200000,0.142000,-20.000000,0.000000,0.000000,20.000000,0.000000,0.000000,0.000000,0.000000,0.012160,0.000000,0.910900,-19.626465,-2.789671,-2.649453,20.000000
1.500000,7,"LINK_TORSO_YAW",1.357000,0.200000,0.143000,-20.000000,0.000000,0.000000,20.000000,0.000000,0.000000,0.000000,0.000000,0.012160,0.000000,0.910900,-19.623481,-2.801738,-2.658809,20.000000
1.501000,7,"LINK_TORSO_YAW",1.357000,0.200000,0.144000,-20.000000,0.000000,0.000000,20.000000,0.000000,0.000000,0.000000,0.000000,0.012160,0.000000,0.910900,-19.620336,-2.814852,-2.668152,20.000000
1.502000,7,"LINK_TORSO_YAW",1.357000,0.200000,0.145000,-20.000000,0.000000,0.000000,20.000000,0.000000,0.000000,0.000000,0.000000,0.012160,0.000000,0.910900,-19.617192,-2.827847,-2.677508,20.000000
1.503000,7,"LINK_TORSO_YAW",1.357000,0.200000,0.146000,-20.000000,0.000000,0.000000,20.000000,0.000000,0.000000,0.000000,0.000000,0.012160,0.000000,0.910900,-19.614018,-2.840867,-2.686961,20.000000
1.504000,7,"LINK_TORSO_YAW",1.357000,0.200000,0.147000,-20.000000,0.000000,0.000000,20.000000,0.000000,0.000000,0.000000,0.000000,0.012160,0.000000,0.910900,-19.610834,-2.853763,-2.696524,20.000000
1.505000,7,"LINK_TORSO_YAW",1.357000,0.200000,0.148000,-20.000000,0.000000,0.000000,20.000000,0.000000,0.000000,0.000000,0.000000,0.012160,0.000000,0.910900,-19.607631,-2.866535,-2.706247,20.000000
1.506000,7,"LINK_TORSO_YAW",1.357000,0.200000,0.149000,-20.000000,0.000000,0.000000,20.000000,0.000000,0.000000,0.000000,0.000000,0.012160,0.000000,0.910900,-19.604405,-2.879182,-2.716177,20.000000
1.507000,7,"LINK_TORSO_YAW",1.357000,0.200000,0.150000,-20.000000,0.000000,0.000000,20.000000,0.000000,0.000000,0.000000,0.000000,0.012160,0.000000,0.910900,-19.601212,-2.891785,-2.725816,20.000000
1.508000,7,"LINK_TORSO_YAW",1.357000,0.200000,0.151000,-20.000000,0.000000,0.000000,20.000000,0.000000,0.000000,0.000000,0.000000,0.012160,0.000000,0.910900,-19.598046,-2.904334,-2.735219,20.000000
1.509000,7,"LINK_TORSO_YAW",1.357000,0.200000,0.152000,-20.000000,0.000000,0.000000,20.000000,0.000000,0.000000,0.000000,0.000000,0.012160,0.000000,0.910900,-19.594860,-2.917095,-2.744456,20.000000
1.510000,7,"LINK_TORSO_YAW",1.357000,0.200000,0.153000,-20.000000,0.000000,0.000000,20.000000,0.000000,0.000000,0.000000,0.000000,0.012160,0.000000,0.910900,-19.591689,-2.929793,-2.753553,20.000000
1.511000,7,"LINK_TORSO_YAW",1.357000,0.200000,0.154000,-20.000000,0.000000,0.000000,20.000000,0.000000,0.000000,0.000000,0.000000,0.012160,0.000000,0.910900,-19.588529,-2.942417,-2.762557,20.000000
1.512000,7,"LINK_TORSO_YAW",1.357000,0.200000,0.155000,-20.000000,0.000000,0.000000,20.000000,0.000000,0.000000,0.000000,0.000000,0.012160,0.000000,0.910900,-19.585376,-2.954955,-2.771517,20.000000
1.513000,7,"LINK_TORSO_YAW",1.357000,0.200000,0.156000,-20.000000,0.000000,0.000000,20.000000,0.000000,0.000000,0.000000,0.000000,0.012160,0.000000,0.910900,-19.582221,-2.967399,-2.780499,20.000000
1.514000,7,"LINK_TORSO_YAW",1.357000,0.200000,0.157000,-20.000000,0.000000,0.000000,20.000000,0.000000,0.000000,0.000000,0.000000,0.012160,0.000000,0.910900,-19.579020,-2.979984,-2.789567,20.000000
1.515000,7,"LINK_TORSO_YAW",1.357000,0.200000,0.158000,-20.000000,0.000000,0.000000,20.000000,0.000000,0.000000,0.000000,0.000000,0.012160,0.000000,0.910900,-19.575807,-2.992459,-2.798742,20.000000
1.517000,7,"LINK_TORSO_YAW",1.357000,0.200000,0.160000,-20.000000,0.000000,0.000000,20.000000,0.000000,0.000000,0.000000,0.000000,0.012160,0.000000,0.910900,-19.568988,-3.019384,-2.817451,20.000000
1.518000,7,"LINK_TORSO_YAW",1.357000,0.200000,0.161000,-20.000000,0.000000,0.000000,20.000000,0.000000,0.000000,0.000000,0.000000,0.012160,0.000000,0.910900,-19.565613,-3.032797,-2.826468,20.000000
1.519000,7,"LINK_TORSO_YAW",1.357000,0.200000,0.162000,-20.000000,0.000000,0.000000,20.000000,0.000000,0.000000,0.000000,0.000000,0.012160,0.000000,0.910900,-19.562288,-3.046107,-2.835159,20.000000
1.520000,7,"LINK_TORSO_YAW",1.357000,0.200000,0.163000,-20.000000,0.000000,0.000000,20.000000,0.000000,0.000000,0.000000,0.000000,0.012160,0.000000,0.910900,-19.559005,-3.059311,-2.843581,20.000000
1.521000,7,"LINK_TORSO_YAW",1.357000,0.200000,0.164000,-20.000000,0.000000,0.000000,20.000000,0.000000,0.000000,0.000000,0.000000,0.012160,0.000000,0.910900,-19.555757,-3.072403,-2.851789,20.000000
1.522000,7,"LINK_TORSO_YAW",1.357000,0.200000,0.165000,-20.000000,0.000000,0.000000,20.000000,0.000000,0.000000,0.000000,0.000000,0.012160,0.000000,0.910900,-19.552541,-3.085368,-2.859837,20.000000
1.523000,7,"LINK_TORSO_YAW",1.357000,0.200000,0.166000,-20.000000,0.000000,0.000000,20.000000,0.000000,0.000000,0.000000,0.000000,0.012160,0.000000,0.910900,-19.549280,-3.098621,-2.867784,20.000000
1.524000,7,"LINK_TORSO_YAW",1.357000,0.200000,0.167000,-20.000000,0.000000,0.000000,20.000000,0.000000,0.000000,0.000000,0.000000,0.012160,0.000000,0.910900,-19.546036,-3.111746,-2.875677,20.000000
1.525000,7,"LINK_TORSO_YAW",1.357000,0.200000,0.168000,-20.000000,0.000000,0.000000,20.000000,0.000000,0.000000,0.000000,0.000000,0.012160,0.000000,0.910900,-19.542810,-3.124680,-2.883568,20.000000
1.526000,7,"LINK_TORSO_YAW",1.357000,0.200000,0.169000,-20.000000,0.000000,0.000000,20.000000,0.000000,0.000000,0.000000,0.000000,0.012160,0.000000,0.910900,-19.539595,-3.137438,-2.891491,20.000000
1.527000,7,"LINK_TORSO_YAW",1.357000,0.200000,0.170000,-20.000000,0.000000,0.000000,20.000000,0.000000,0.000000,0.000000,0.000000,0.012160,0.000000,0.910900,-19.536386,-3.150009,-2.899493,20.000000
1.528000,7,"LINK_TORSO_YAW",1.357000,0.200000,0.171000,-20.000000,0.000000,0.000000,20.000000,0.000000,0.000000,0.000000,0.000000,0.012160,0.000000,0.910900,-19.533199,-3.162769,-2.907064,20.000000
1.529000,7,"LINK_TORSO_YAW",1.357000,0.200000,0.172000,-20.000000,0.000000,0.000000,20.000000,0.000000,0.000000,0.000000,0.000000,0.012160,0.000000,0.910900,-19.530086,-3.175353,-2.914253,20.000000
1.530000,7,"LINK_TORSO_YAW",1.357000,0.200000,0.173000,-20.000000,0.000000,0.000000,20.000000,0.000000,0.000000,0.000000,0.000000,0.012160,0.000000,0.910900,-19.527040,-3.187754,-2.921117,20.000000
1.531000,7,"LINK_TORSO_YAW",1.357000,0.200000,0.174000,-20.000000,0.000000,0.000000,20.000000,0.000000,0.000000,0.000000,0.000000,0.012160,0.000000,0.910900,-19.523859,-3.201157,-2.927714,20.000000
1.533000,7,"LINK_TORSO_YAW",1.357000,0.200000,0.176000,-20.000000,0.000000,0.000000,20.000000,0.000000,0.000000,0.000000,0.000000,0.012160,0.000000,0.910900,-19.517565,-3.228089,-2.940086,20.000000
1.534000,7,"LINK_TORSO_YAW",1.357000,0.200000,0.177000,-20.000000,0.000000,0.000000,20.000000,0.000000,0.000000,0.000000,0.000000,0.012160,0.000000,0.910900,-19.514479,-3.241364,-2.945955,20.000000
1.535000,7,"LINK_TORSO_YAW",1.357000,0.200000,0.178000,-20.000000,0.000000,0.000000,20.000000,0.000000,0.000000,0.000000,0.000000,0.012160,0.000000,0.910900,-19.511427,-3.254465,-2.951722,20.000000
1.536000,7,"LINK_TORSO_YAW",1.357000,0.200000,0.179000,-20.000000,0.000000,0.000000,20.000000,0.000000,0.000000,0.000000,0.000000,0.012160,0.000000,0.910900,-19.508348,-3.267703,-2.957442,20.000000
1.537000,7,"LINK_TORSO_YAW",1.357000,0.200000,0.180000,-20.000000,0.000000,0.000000,20.000000,0.000000,0.000000,0.000000,0.000000,0.012160,0.000000,0.910900,-19.505282,-3.280801,-2.963160,20.000000
1.538000,7,"LINK_TORSO_YAW",1.357000,0.200000,0.181000,-20.000000,0.000000,0.000000,20.000000,0.000000,0.000000,0.000000,0.000000,0.012160,0.000000,0.910900,-19.502232,-3.293695,-2.968923,20.000000
1.539000,7,"LINK_TORSO_YAW",1.357000,0.200000,0.182000,-20.000000,0.000000,0.000000,20.000000,0.000000,0.000000,0.000000,0.000000,0.012160,0.000000,0.910900,-19.499281,-3.306408,-2.974171,20.000000
1.540000,7,"LINK_TORSO_YAW",1.357000,0.200000,0.183000,-20.000000,0.000000,0.000000,20.000000,0.000000,0.000000,0.000000,0.000000,0.012160,0.000000,0.910900,-19.496379,-3.319190,-2.978956,20.000000
1.541000,7,"LINK_TORSO_YAW",1.357000,0.200000,0.184000,-20.000000,0.000000,0.000000,20.000000,0.000000,0.000000,0.000000,0.000000,0.012160,0.000000,0.910900,-19.493556,-3.331819,-2.983327,20.000000
1.542000,7,"LINK_TORSO_YAW",1.357000,0.200000,0.185000,-20.000000,0.000000,0.000000,20.000000,0.000000,0.000000,0.000000,0.000000,0.012160,0.000000,0.910900,-19.490806,-3.344300,-2.987328,20.000000
1.543000,7,"LINK_TORSO_YAW",1.357000,0.200000,0.186000,-20.000000,0.000000,0.000000,20.000000,0.000000,0.000000,0.000000,0.000000,0.012160,0.000000,0.910900,-19.487900,-3.357923,-2.991003,20.000000
1.544000,7,"LINK_TORSO_YAW",1.357000,0.200000,0.187000,-20.000000,0.000000,0.000000,20.000000,0.000000,0.000000,0.000000,0.000000,0.012160,0.000000,0.910900,-19.485058,-3.371369,-2.994396,20.000000
1.545000,7,"LINK_TORSO_YAW",1.357000,0.200000,0.188000,-20.000000,0.000000,0.000000,20.000000,0.000000,0.000000,0.000000,0.000000,0.012160,0.000000,0.910900,-19.482270,-3.384649,-2.997551,20.000000
1.546000,7,"LINK_TORSO_YAW",1.357000,0.200000,0.189000,-20.000000,0.000000,0.000000,20.000000,0.000000,0.000000,0.000000,0.000000,0.012160,0.000000,0.910900,-19.479488,-3.398054,-3.000461,20.000000
1.547000,7,"LINK_TORSO_YAW",1.357000,0.200000,0.190000,-20.000000,0.000000,0.000000,20.000000,0.000000,0.000000,0.000000,0.000000,0.012160,0.000000,0.910900,-19.476741,-3.411360,-3.003195,20.000000
1.548000,7,"LINK_TORSO_YAW",1.357000,0.200000,0.191000,-20.000000,0.000000,0.000000,20.000000,0.000000,0.000000,0.000000,0.000000,0.012160,0.000000,0.910900,-19.474038,-3.424475,-3.005798,20.000000
1.549000,7,"LINK_TORSO_YAW",1.357000,0.200000,0.192000,-20.000000,0.000000,0.000000,20.000000,0.000000,0.000000,0.000000,0.000000,0.012160,0.000000,0.910900,-19.471333,-3.437618,-3.008316,20.000000
1.550000,7,"LINK_TORSO_YAW",1.357000,0.200000,0.193000,-20.000000,0.000000,0.000000,20.000000,0.000000,0.000000,0.000000,0.000000,0.012160,0.000000,0.910900,-19.468744,-3.450656,-3.010146,20.000000
1.551000,7,"LINK_TORSO_YAW",1.357000,0.200000,0.194000,-20.000000,0.000000,0.000000,20.000000,0.000000,0.000000,0.000000,0.000000,0.012160,0.000000,0.910900,-19.466234,-3.463727,-3.011369,20.000000
1.552000,7,"LINK_TORSO_YAW",1.357000,0.200000,0.195000,-20.000000,0.000000,0.000000,20.000000,0.000000,0.000000,0.000000,0.000000,0.012160,0.000000,0.910900,-19.463682,-3.477519,-3.011964,20.000000
1.553000,7,"LINK_TORSO_YAW",1.357000,0.200000,0.196000,-20.000000,0.000000,0.000000,20.000000,0.000000,0.000000,0.000000,0.000000,0.012160,0.000000,0.910900,-19.461251,-3.491095,-3.011969,20.000000
1.554000,7,"LINK_TORSO_YAW",1.357000,0.200000,0.197000,-20.000000,0.000000,0.000000,20.000000,0.000000,0.000000,0.000000,0.000000,0.012160,0.000000,0.910900,-19.458901,-3.504644,-3.011419,20.000000
1.555000,7,"LINK_TORSO_YAW",1.357000,0.200000,0.198000,-20.000000,0.000000,0.000000,20.000000,0.000000,0.000000,0.000000,0.000000,0.012160,0.000000,0.910900,-19.456652,-3.518125,-3.010228,20.000000
1.556000,7,"LINK_TORSO_YAW",1.357000,0.200000,0.199000,-20.000000,0.000000,0.000000,20.000000,0.000000,0.000000,0.000000,0.000000,0.012160,0.000000,0.910900,-19.454507,-3.531408,-3.008542,20.000000
1.557000,7,"LINK_TORSO_YAW",1.357000,0.200000,0.200000,-20.000000,0.000000,0.000000,20.000000,0.000000,0.000000,0.000000,0.000000,0.012160,0.000000,0.910900,-19.452417,-3.544710,-3.006409,20.000000
1.558000,7,"LINK_TORSO_YAW",1.357000,0.200000,0.201000,-20.000000,0.000000,0.000000,20.000000,0.000000,0.000000,0.000000,0.000000,0.012160,0.000000,0.910900,-19.450399,-3.557905,-3.003880,20.000000
1.559000,8,"LINK_TORSO_YAW",1.558000,0.200000,0.001000,-20.000000,0.000000,0.000000,20.000000,0.000000,0.000000,0.000000,0.000000,0.012160,0.000000,0.910900,-19.448484,-3.570911,-3.000842,20.000000
1.560000,8,"LINK_TORSO_YAW",1.558000,0.200000,0.002000,-20.000000,0.000000,0.000000,20.000000,0.000000,0.000000,0.000000,0.000000,0.012160,0.000000,0.910900,-19.446630,-3.583941,-2.997322,20.000000
1.561000,8,"LINK_TORSO_YAW",1.558000,0.200000,0.003000,-20.000000,0.000000,0.000000,20.000000,0.000000,0.000000,0.000000,0.000000,0.012160,0.000000,0.910900,-19.444811,-3.597612,-2.992743,20.000000
1.562000,8,"LINK_TORSO_YAW",1.558000,0.200000,0.004000,-20.000000,0.000000,0.000000,20.000000,0.000000,0.000000,0.000000,0.000000,0.012160,0.000000,0.910900,-19.443161,-3.611190,-2.987107,20.000000
1.563000,8,"LINK_TORSO_YAW",1.558000,0.200000,0.005000,-20.000000,0.000000,0.000000,20.000000,0.000000,0.000000,0.000000,0.000000,0.012160,0.000000,0.910900,-19.441679,-3.624638,-2.980457,20.000000
1.564000,8,"LINK_TORSO_YAW",1.558000,0.200000,0.006000,-20.000000,0.000000,0.000000,20.000000,0.000000,0.000000,0.000000,0.000000,0.012160,0.000000,0.910900,-19.440361,-3.637956,-2.972815,20.000000
1.565000,8,"LINK_TORSO_YAW",1.558000,0.200000,0.007000,-20.000000,0.000000,0.000000,20.000000,0.000000,0.000000,0.000000,0.000000,0.012160,0.000000,0.910900,-19.439212,-3.651244,-2.964029,20.000000
1.566000,8,"LINK_TORSO_YAW",1.558000,0.200000,0.008000,-20.000000,0.000000,0.000000,20.000000,0.000000,0.000000,0.000000,0.000000,0.012160,0.000000,0.910900,-19.438216,-3.664540,-2.954136,20.000000
1.567000,8,"LINK_TORSO_YAW",1.558000,0.200000,0.009000,-20.000000,0.000000,0.000000,20.000000,0.000000,0.000000,0.000000,0.000000,0.012160,0.000000,0.910900,-19.437391,-3.677715,-2.943167,20.000000
1.568000,8,"LINK_TORSO_YAW",1.558000,0.200000,0.010000,-20.000000,0.000000,0.000000,20.000000,0.000000,0.000000,0.000000,0.000000,0.012160,0.000000,0.910900,-19.436735,-3.690758,-2.931151,20.000000
1.569000,8,"LINK_TORSO_YAW",1.558000,0.200000,0.011000,-20.000000,0.000000,0.000000,20.000000,0.000000,0.000000,0.000000,0.000000,0.012160,0.000000,0.910900,-19.436178,-3.703982,-2.918130,20.000000
1.571000,8,"LINK_TORSO_YAW",1.558000,0.200000,0.013000,-20.000000,0.000000,0.000000,20.000000,0.000000,0.000000,0.000000,0.000000,0.012160,0.000000,0.910900,-19.435300,-3.732612,-2.887340,20.000000
1.572000,8,"LINK_TORSO_YAW",1.558000,0.200000,0.014000,-20.000000,0.000000,0.000000,20.000000,0.000000,0.000000,0.000000,0.000000,0.012160,0.000000,0.910900,-19.435147,-3.747042,-2.869626,20.000000
1.573000,8,"LINK_TORSO_YAW",1.558000,0.200000,0.015000,-20.000000,0.000000,0.000000,20.000000,0.000000,0.000000,0.000000,0.000000,0.012160,0.000000,0.910900,-19.435190,-3.761418,-2.850462,20.000000
1.574000,8,"LINK_TORSO_YAW",1.558000,0.200000,0.016000,-20.000000,0.000000,0.000000,20.000000,0.000000,0.000000,0.000000,0.000000,0.012160,0.000000,0.910900,-19.435420,-3.775728,-2.829897,20.000000
1.575000,8,"LINK_TORSO_YAW",1.558000,0.200000,0.017000,-20.000000,0.000000,0.000000,20.000000,0.000000,0.000000,0.000000,0.000000,0.012160,0.000000,0.910900,-19.435828,-3.789959,-2.807986,20.000000
1.576000,8,"LINK_TORSO_YAW",1.558000,0.200000,0.018000,-20.000000,0.000000,0.000000,20.000000,0.000000,0.000000,0.000000,0.000000,0.012160,0.000000,0.910900,-19.436300,-3.804427,-2.785061,20.000000
1.582000,8,"LINK_TORSO_YAW",1.558000,0.200000,0.024000,-20.000000,0.000000,0.000000,20.000000,0.000000,0.000000,0.000000,0.000000,0.012160,0.000000,0.910900,-19.440336,-3.892253,-2.631296,20.000000
1.588000,8,"LINK_TORSO_YAW",1.558000,0.200000,0.030000,-20.000000,0.000000,0.000000,20.000000,0.000000,0.000000,0.000000,0.000000,0.012160,0.000000,0.910900,-19.446866,-3.969519,-2.462180,20.000000
1.596000,8,"LINK_TORSO_YAW",1.558000,0.200000,0.038000,-20.000000,0.000000,0.000000,20.000000,0.000000,0.000000,0.000000,0.000000,0.012160,0.000000,0.910900,-19.456226,-4.038218,-2.268931,20.000000
1.599000,8,"LINK_TORSO_YAW",1.558000,0.200000,0.041000,-20.000000,0.000000,0.000000,20.000000,0.000000,0.000000,0.000000,0.000000,0.012160,0.000000,0.910900,-19.459474,-4.054275,-2.211729,20.000000
1.602000,8,"LINK_TORSO_YAW",1.558000,0.200000,0.044000,-20.000000,0.000000,0.000000,20.000000,0.000000,0.000000,0.000000,0.000000,0.012160,0.000000,0.910900,-19.462668,-4.064709,-2.163949,20.000000
1.603000,8,"LINK_TORSO_YAW",1.558000,0.200000,0.045000,-20.000000,0.000000,0.000000,20.000000,0.000000,0.000000,0.000000,0.000000,0.012160,0.000000,0.910900,-19.463534,-4.067017,-2.151795,20.000000
1.604000,8,"LINK_TORSO_YAW",1.558000,0.200000,0.046000,-20.000000,0.000000,0.000000,20.000000,0.000000,0.000000,0.000000,0.000000,0.012160,0.000000,0.910900,-19.463895,-4.069527,-2.143764,20.000000
1.605000,8,"LINK_TORSO_YAW",1.558000,0.200000,0.047000,-20.000000,0.000000,0.000000,20.000000,0.000000,0.000000,0.000000,0.000000,0.012160,0.000000,0.910900,-19.463780,-4.072126,-2.139869,20.000000
1.606000,8,"LINK_TORSO_YAW",1.558000,0.200000,0.048000,-20.000000,0.000000,0.000000,20.000000,0.000000,0.000000,0.000000,0.000000,0.012160,0.000000,0.910900,-19.463175,-4.074948,-2.140005,20.000000
1.607000,8,"LINK_TORSO_YAW",1.558000,0.200000,0.049000,-20.000000,0.000000,0.000000,20.000000,0.000000,0.000000,0.000000,0.000000,0.012160,0.000000,0.910900,-19.462096,-4.077968,-2.144065,20.000000
1.608000,8,"LINK_TORSO_YAW",1.558000,0.200000,0.050000,-20.000000,0.000000,0.000000,20.000000,0.000000,0.000000,0.000000,0.000000,0.012160,0.000000,0.910900,-19.460559,-4.081142,-2.151953,20.000000
1.609000,8,"LINK_TORSO_YAW",1.558000,0.200000,0.051000,-20.000000,0.000000,0.000000,20.000000,0.000000,0.000000,0.000000,0.000000,0.012160,0.000000,0.910900,-19.458656,-4.084874,-2.162058,20.000000
1.610000,8,"LINK_TORSO_YAW",1.558000,0.200000,0.052000,-20.000000,0.000000,0.000000,20.000000,0.000000,0.000000,0.000000,0.000000,0.012160,0.000000,0.910900,-19.456382,-4.088726,-2.175202,20.000000
1.611000,8,"LINK_TORSO_YAW",1.558000,0.200000,0.053000,-20.000000,0.000000,0.000000,20.000000,0.000000,0.000000,0.000000,0.000000,0.012160,0.000000,0.910900,-19.453754,-4.092641,-2.191288,20.000000
1.612000,8,"LINK_TORSO_YAW",1.558000,0.200000,0.054000,-20.000000,0.000000,0.000000,20.000000,0.000000,0.000000,0.000000,0.000000,0.012160,0.000000,0.910900,-19.450780,-4.096587,-2.210230,20.000000
1.613000,8,"LINK_TORSO_YAW",1.558000,0.200000,0.055000,-20.000000,0.000000,0.000000,20.000000,0.000000,0.000000,0.000000,0.000000,0.012160,0.000000,0.910900,-19.447595,-4.100524,-2.230867,20.000000
1.614000,8,"LINK_TORSO_YAW",1.558000,0.200000,0.056000,-20.000000,0.000000,0.000000,20.000000,0.000000,0.000000,0.000000,0.000000,0.012160,0.000000,0.910900,-19.444204,-4.104429,-2.253134,20.000000
1.615000,8,"LINK_TORSO_YAW",1.558000,0.200000,0.057000,-20.000000,0.000000,0.000000,20.000000,0.000000,0.000000,0.000000,0.000000,0.012160,0.000000,0.910900,-19.440615,-4.108288,-2.276938,20.000000
1.616000,8,"LINK_TORSO_YAW",1.558000,0.200000,0.058000,-20.000000,0.000000,0.000000,20.000000,0.000000,0.000000,0.000000,0.000000,0.012160,0.000000,0.910900,-19.436836,-4.112089,-2.302201,20.000000
1.617000,8,"LINK_TORSO_YAW",1.558000,0.200000,0.059000,-20.000000,0.000000,0.000000,20.000000,0.000000,0.000000,0.000000,0.000000,0.012160,0.000000,0.910900,-19.432870,-4.115819,-2.328866,20.000000
1.618000,8,"LINK_TORSO_YAW",1.558000,0.200000,0.060000,-20.000000,0.000000,0.000000,20.000000,0.000000,0.000000,0.000000,0.000000,0.012160,0.000000,0.910900,-19.428761,-4.119358,-2.356725,20.000000
1.619000,8,"LINK_TORSO_YAW",1.558000,0.200000,0.061000,-20.000000,0.000000,0.000000,20.000000,0.000000,0.000000,0.000000,0.000000,0.012160,0.000000,0.910900,-19.424510,-4.122702,-2.385733,20.000000
1.620000,8,"LINK_TORSO_YAW",1.558000,0.200000,0.062000,-20.000000,0.000000,0.000000,20.000000,0.000000,0.000000,0.000000,0.000000,0.012160,0.000000,0.910900,-19.420119,-4.125854,-2.415845,20.000000
1.621000,8,"LINK_TORSO_YAW",1.558000,0.200000,0.063000,-20.000000,0.000000,0.000000,20.000000,0.000000,0.000000,0.000000,0.000000,0.012160,0.000000,0.910900,-19.415634,-4.128854,-2.446574,20.000000
1.622000,8,"LINK_TORSO_YAW",1.558000,0.200000,0.064000,-20.000000,0.000000,0.000000,20.000000,0.000000,0.000000,0.000000,0.000000,0.012160,0.000000,0.910900,-19.411059,-4.131694,-2.477883,20.000000
1.623000,8,"LINK_TORSO_YAW",1.558000,0.200000,0.065000,-20.000000,0.000000,0.000000,20.000000,0.000000,0.000000,0.000000,0.000000,0.012160,0.000000,0.910900,-19.406393,-4.134376,-2.509748,20.000000
1.624000,8,"LINK_TORSO_YAW",1.558000,0.200000,0.066000,-20.000000,0.000000,0.000000,20.000000,0.000000,0.000000,0.000000,0.000000,0.012160,0.000000,0.910900,-19.401637,-4.136904,-2.542150,20.000000
1.625000,8,"LINK_TORSO_YAW",1.558000,0.200000,0.067000,-20.000000,0.000000,0.000000,20.000000,0.000000,0.000000,0.000000,0.000000,0.012160,0.000000,0.910900,-19.396834,-4.139239,-2.574786,20.000000
1.626000,8,"LINK_TORSO_YAW",1.558000,0.200000,0.068000,-20.000000,0.000000,0.000000,20.000000,0.000000,0.000000,0.000000,0.000000,0.012160,0.000000,0.910900,-19.391983,-4.141388,-2.607661,20.000000
1.627000,8,"LINK_TORSO_YAW",1.558000,0.200000,0.069000,-20.000000,0.000000,0.000000,20.000000,0.000000,0.000000,0.000000,0.000000,0.012160,0.000000,0.910900,-19.387080,-4.143356,-2.640780,20.000000
1.628000,8,"LINK_TORSO_YAW",1.558000,0.200000,0.070000,-20.000000,0.000000,0.000000,20.000000,0.000000,0.000000,0.000000,0.000000,0.012160,0.000000,0.910900,-19.382122,-4.145150,-2.674152,20.000000
1.629000,8,"LINK_TORSO_YAW",1.558000,0.200000,0.071000,-20.000000,0.000000,0.000000,20.000000,0.000000,0.000000,0.000000,0.000000,0.012160,0.000000,0.910900,-19.377103,-4.146779,-2.707785,20.000000
1.630000,8,"LINK_TORSO_YAW",1.558000,0.200000,0.072000,-20.000000,0.000000,0.000000,20.000000,0.000000,0.000000,0.000000,0.000000,0.012160,0.000000,0.910900,-19.372019,-4.148252,-2.741692,20.000000
1.631000,8,"LINK_TORSO_YAW",1.558000,0.200000,0.073000,-20.000000,0.000000,0.000000,20.000000,0.000000,0.000000,0.000000,0.000000,0.012160,0.000000,0.910900,-19.366960,-4.149567,-2.775236,20.000000
1.632000,8,"LINK_TORSO_YAW",1.558000,0.200000,0.074000,-20.000000,0.000000,0.000000,20.000000,0.000000,0.000000,0.000000,0.000000,0.012160,0.000000,0.910900,-19.361924,-4.150741,-2.808428,20.000000
1.633000,8,"LINK_TORSO_YAW",1.558000,0.200000,0.075000,-20.000000,0.000000,0.000000,20.000000,0.000000,0.000000,0.000000,0.000000,0.012160,0.000000,0.910900,-19.356902,-4.151783,-2.841310,20.000000
1.634000,8,"LINK_TORSO_YAW",1.558000,0.200000,0.076000,-20.000000,0.000000,0.000000,20.000000,0.000000,0.000000,0.000000,0.000000,0.012160,0.000000,0.910900,-19.351888,-4.152706,-2.873927,20.000000
1.635000,8,"LINK_TORSO_YAW",1.558000,0.200000,0.077000,-20.000000,0.000000,0.000000,20.000000,0.000000,0.000000,0.000000,0.000000,0.012160,0.000000,0.910900,-19.346876,-4.153520,-2.906314,20.000000
1.636000,8,"LINK_TORSO_YAW",1.558000,0.200000,0.078000,-20.000000,0.000000,0.000000,20.000000,0.000000,0.000000,0.000000,0.000000,0.012160,0.000000,0.910900,-19.341859,-4.154235,-2.938507,20.000000
1.637000,8,"LINK_TORSO_YAW",1.558000,0.200000,0.079000,-20.000000,0.000000,0.000000,20.000000,0.000000,0.000000,0.000000,0.000000,0.012160,0.000000,0.910900,-19.336886,-4.154633,-2.970501,20.000000
1.638000,8,"LINK_TORSO_YAW",1.558000,0.200000,0.080000,-20.000000,0.000000,0.000000,20.000000,0.000000,0.000000,0.000000,0.000000,0.012160,0.000000,0.910900,-19.331918,-4.154929,-3.002251,20.000000
1.639000,8,"LINK_TORSO_YAW",1.558000,0.200000,0.081000,-20.000000,0.000000,0.000000,20.000000,0.000000,0.000000,0.000000,0.000000,0.012160,0.000000,0.910900,-19.326944,-4.155153,-3.033799,20.000000
1.640000,8,"LINK_TORSO_YAW",1.558000,0.200000,0.082000,-20.000000,0.000000,0.000000,20.000000,0.000000,0.000000,0.000000,0.000000,0.012160,0.000000,0.910900,-19.321946,-4.155361,-3.065190,20.000000
1.641000,8,"LINK_TORSO_YAW",1.558000,0.200000,0.083000,-20.000000,0.000000,0.000000,20.000000,0.000000,0.000000,0.000000,0.000000,0.012160,0.000000,0.910900,-19.317009,-4.155545,-3.095904,20.000000
1.642000,8,"LINK_TORSO_YAW",1.558000,0.200000,0.084000,-20.000000,0.000000,0.000000,20.000000,0.000000,0.000000,0.000000,0.000000,0.012160,0.000000,0.910900,-19.312117,-4.155755,-3.125993,20.000000
1.643000,8,"LINK_TORSO_YAW",1.558000,0.200000,0.085000,-20.000000,0.000000,0.000000,20.000000,0.000000,0.000000,0.000000,0.000000,0.012160,0.000000,0.910900,-19.307256,-4.156033,-3.155509,20.000000
1.644000,8,"LINK_TORSO_YAW",1.558000,0.200000,0.086000,-20.000000,0.000000,0.000000,20.000000,0.000000,0.000000,0.000000,0.000000,0.012160,0.000000,0.910900,-19.302454,-4.156366,-3.184322,20.000000
1.645000,8,"LINK_TORSO_YAW",1.558000,0.200000,0.087000,-20.000000,0.000000,0.000000,20.000000,0.000000,0.000000,0.000000,0.000000,0.012160,0.000000,0.910900,-19.297701,-4.156763,-3.212485,20.000000
1.646000,8,"LINK_TORSO_YAW",1.558000,0.200000,0.088000,-20.000000,0.000000,0.000000,20.000000,0.000000,0.000000,0.000000,0.000000,0.012160,0.000000,0.910900,-19.292991,-4.157230,-3.240054,20.000000
1.647000,8,"LINK_TORSO_YAW",1.558000,0.200000,0.089000,-20.000000,0.000000,0.000000,20.000000,0.000000,0.000000,0.000000,0.000000,0.012160,0.000000,0.910900,-19.288315,-4.157773,-3.267081,20.000000
1.648000,8,"LINK_TORSO_YAW",1.558000,0.200000,0.090000,-20.000000,0.000000,0.000000,20.000000,0.000000,0.000000,0.000000,0.000000,0.012160,0.000000,0.910900,-19.283678,-4.158346,-3.293619,20.000000
1.649000,8,"LINK_TORSO_YAW",1.558000,0.200000,0.091000,-20.000000,0.000000,0.000000,20.000000,0.000000,0.000000,0.000000,0.000000,0.012160,0.000000,0.910900,-19.279077,-4.158919,-3.319724,20.000000
1.650000,8,"LINK_TORSO_YAW",1.558000,0.200000,0.092000,-20.000000,0.000000,0.000000,20.000000,0.000000,0.000000,0.000000,0.000000,0.012160,0.000000,0.910900,-19.274514,-4.159498,-3.345397,20.000000
1.651000,8,"LINK_TORSO_YAW",1.558000,0.200000,0.093000,-20.000000,0.000000,0.000000,20.000000,0.000000,0.000000,0.000000,0.000000,0.012160,0.000000,0.910900,-19.269997,-4.160054,-3.370631,20.000000
1.652000,8,"LINK_TORSO_YAW",1.558000,0.200000,0.094000,-20.000000,0.000000,0.000000,20.000000,0.000000,0.000000,0.000000,0.000000,0.012160,0.000000,0.910900,-19.265615,-4.160648,-3.394860,20.000000
1.653000,8,"LINK_TORSO_YAW",1.558000,0.200000,0.095000,-20.000000,0.000000,0.000000,20.000000,0.000000,0.000000,0.000000,0.000000,0.012160,0.000000,0.910900,-19.261344,-4.161315,-3.418201,20.000000
1.654000,8,"LINK_TORSO_YAW",1.558000,0.200000,0.096000,-20.000000,0.000000,0.000000,20.000000,0.000000,0.000000,0.000000,0.000000,0.012160,0.000000,0.910900,-19.257174,-4.162058,-3.440715,20.000000
1.655000,8,"LINK_TORSO_YAW",1.558000,0.200000,0.097000,-20.000000,0.000000,0.000000,20.000000,0.000000,0.000000,0.000000,0.000000,0.012160,0.000000,0.910900,-19.252973,-4.163431,-3.462495,20.000000
1.656000,8,"LINK_TORSO_YAW",1.558000,0.200000,0.098000,-20.000000,0.000000,0.000000,20.000000,0.000000,0.000000,0.000000,0.000000,0.012160,0.000000,0.910900,-19.248847,-4.164872,-3.483634,20.000000
1.657000,8,"LINK_TORSO_YAW",1.558000,0.200000,0.099000,-20.000000,0.000000,0.000000,20.000000,0.000000,0.000000,0.000000,0.000000,0.012160,0.000000,0.910900,-19.244759,-4.166536,-3.504173,20.000000
1.658000,8,"LINK_TORSO_YAW",1.558000,0.200000,0.100000,-20.000000,0.000000,0.000000,20.000000,0.000000,0.000000,0.000000,0.000000,0.012160,0.000000,0.910900,-19.240700,-4.168426,-3.524159,20.000000
1.659000,8,"LINK_TORSO_YAW",1.558000,0.200000,0.101000,-20.000000,0.000000,0.000000,20.000000,0.000000,0.000000,0.000000,0.000000,0.012160,0.000000,0.910900,-19.236662,-4.170544,-3.543644,20.000000
1.660000,8,"LINK_TORSO_YAW",1.558000,0.200000,0.102000,-20.000000,0.000000,0.000000,20.000000,0.000000,0.000000,0.000000,0.000000,0.012160,0.000000,0.910900,-19.232642,-4.172889,-3.562648,20.000000
1.661000,8,"LINK_TORSO_YAW",1.558000,0.200000,0.103000,-20.000000,0.000000,0.000000,20.000000,0.000000,0.000000,0.000000,0.000000,0.012160,0.000000,0.910900,-19.228633,-4.175455,-3.581234,20.000000
1.662000,8,"LINK_TORSO_YAW",1.558000,0.200000,0.104000,-20.000000,0.000000,0.000000,20.000000,0.000000,0.000000,0.000000,0.000000,0.012160,0.000000,0.910900,-19.224752,-4.178010,-3.599046,20.000000
1.663000,8,"LINK_TORSO_YAW",1.558000,0.200000,0.105000,-20.000000,0.000000,0.000000,20.000000,0.000000,0.000000,0.000000,0.000000,0.012160,0.000000,0.910900,-19.220909,-4.180934,-3.616139,20.000000
1.664000,8,"LINK_TORSO_YAW",1.558000,0.200000,0.106000,-20.000000,0.000000,0.000000,20.000000,0.000000,0.000000,0.000000,0.000000,0.012160,0.000000,0.910900,-19.217130,-4.184059,-3.632569,20.000000
1.665000,8,"LINK_TORSO_YAW",1.558000,0.200000,0.107000,-20.000000,0.000000,0.000000,20.000000,0.000000,0.000000,0.000000,0.000000,0.012160,0.000000,0.910900,-19.213460,-4.187152,-3.648384,20.000000
1.666000,8,"LINK_TORSO_YAW",1.558000,0.200000,0.108000,-20.000000,0.000000,0.000000,20.000000,0.000000,0.000000,0.000000,0.000000,0.012160,0.000000,0.910900,-19.209865,-4.190620,-3.663301,20.000000
1.667000,8,"LINK_TORSO_YAW",1.558000,0.200000,0.109000,-20.000000,0.000000,0.000000,20.000000,0.000000,0.000000,0.000000,0.000000,0.012160,0.000000,0.910900,-19.206318,-4.194249,-3.677722,20.000000
1.668000,8,"LINK_TORSO_YAW",1.558000,0.200000,0.110000,-20.000000,0.000000,0.000000,20.000000,0.000000,0.000000,0.000000,0.000000,0.012160,0.000000,0.910900,-19.202857,-4.197809,-3.691706,20.000000
1.669000,8,"LINK_TORSO_YAW",1.558000,0.200000,0.111000,-20.000000,0.000000,0.000000,20.000000,0.000000,0.000000,0.000000,0.000000,0.012160,0.000000,0.910900,-19.199347,-4.201719,-3.705488,20.000000
1.670000,8,"LINK_TORSO_YAW",1.558000,0.200000,0.112000,-20.000000,0.000000,0.000000,20.000000,0.000000,0.000000,0.000000,0.000000,0.012160,0.000000,0.910900,-19.195874,-4.205540,-3.719118,20.000000
1.671000,8,"LINK_TORSO_YAW",1.558000,0.200000,0.113000,-20.000000,0.000000,0.000000,20.000000,0.000000,0.000000,0.000000,0.000000,0.012160,0.000000,0.910900,-19.192338,-4.209706,-3.732632,20.000000
1.672000,8,"LINK_TORSO_YAW",1.558000,0.200000,0.114000,-20.000000,0.000000,0.000000,20.000000,0.000000,0.000000,0.000000,0.000000,0.012160,0.000000,0.910900,-19.188926,-4.213806,-3.745527,20.000000
1.673000,8,"LINK_TORSO_YAW",1.558000,0.200000,0.115000,-20.000000,0.000000,0.000000,20.000000,0.000000,0.000000,0.000000,0.000000,0.012160,0.000000,0.910900,-19.185558,-4.218173,-3.757843,20.000000
1.674000,8,"LINK_TORSO_YAW",1.558000,0.200000,0.116000,-20.000000,0.000000,0.000000,20.000000,0.000000,0.000000,0.000000,0.000000,0.012160,0.000000,0.910900,-19.182271,-4.222469,-3.769779,20.000000
1.675000,8,"LINK_TORSO_YAW",1.558000,0.200000,0.117000,-20.000000,0.000000,0.000000,20.000000,0.000000,0.000000,0.000000,0.000000,0.012160,0.000000,0.910900,-19.178986,-4.227025,-3.781371,20.000000
1.676000,8,"LINK_TORSO_YAW",1.558000,0.200000,0.118000,-20.000000,0.000000,0.000000,20.000000,0.000000,0.000000,0.000000,0.000000,0.012160,0.000000,0.910900,-19.175772,-4.231476,-3.792675,20.000000
1.677000,8,"LINK_TORSO_YAW",1.558000,0.200000,0.119000,-20.000000,0.000000,0.000000,20.000000,0.000000,0.000000,0.000000,0.000000,0.012160,0.000000,0.910900,-19.172545,-4.236177,-3.803723,20.000000
1.678000,8,"LINK_TORSO_YAW",1.558000,0.200000,0.120000,-20.000000,0.000000,0.000000,20.000000,0.000000,0.000000,0.000000,0.000000,0.012160,0.000000,0.910900,-19.169382,-4.240735,-3.814572,20.000000
1.679000,8,"LINK_TORSO_YAW",1.558000,0.200000,0.121000,-20.000000,0.000000,0.000000,20.000000,0.000000,0.000000,0.000000,0.000000,0.012160,0.000000,0.910900,-19.166191,-4.245533,-3.825254,20.000000
1.680000,8,"LINK_TORSO_YAW",1.558000,0.200000,0.122000,-20.000000,0.000000,0.000000,20.000000,0.000000,0.000000,0.000000,0.000000,0.012160,0.000000,0.910900,-19.163055,-4.250149,-3.835825,20.000000
1.681000,8,"LINK_TORSO_YAW",1.558000,0.200000,0.123000,-20.000000,0.000000,0.000000,20.000000,0.000000,0.000000,0.000000,0.000000,0.012160,0.000000,0.910900,-19.159855,-4.255019,-3.846395,20.000000
1.682000,8,"LINK_TORSO_YAW",1.558000,0.200000,0.124000,-20.000000,0.000000,0.000000,20.000000,0.000000,0.000000,0.000000,0.000000,0.012160,0.000000,0.910900,-19.156679,-4.259706,-3.857016,20.000000
1.684000,8,"LINK_TORSO_YAW",1.558000,0.200000,0.126000,-20.000000,0.000000,0.000000,20.000000,0.000000,0.000000,0.000000,0.000000,0.012160,0.000000,0.910900,-19.150632,-4.269239,-3.876454,20.000000
1.685000,8,"LINK_TORSO_YAW",1.558000,0.200000,0.127000,-20.000000,0.000000,0.000000,20.000000,0.000000,0.000000,0.000000,0.000000,0.012160,0.000000,0.910900,-19.147727,-4.274131,-3.885402,20.000000
1.686000,8,"LINK_TORSO_YAW",1.558000,0.200000,0.128000,-20.000000,0.000000,0.000000,20.000000,0.000000,0.000000,0.000000,0.000000,0.012160,0.000000,0.910900,-19.144889,-4.279013,-3.894004,20.000000
1.687000,8,"LINK_TORSO_YAW",1.558000,0.200000,0.129000,-20.000000,0.000000,0.000000,20.000000,0.000000,0.000000,0.000000,0.000000,0.012160,0.000000,0.910900,-19.142354,-4.282390,-3.902747,20.000000
1.688000,8,"LINK_TORSO_YAW",1.558000,0.200000,0.130000,-20.000000,0.000000,0.000000,20.000000,0.000000,0.000000,0.000000,0.000000,0.012160,0.000000,0.910900,-19.139815,-4.285936,-3.911296,20.000000
1.689000,8,"LINK_TORSO_YAW",1.558000,0.200000,0.131000,-20.000000,0.000000,0.000000,20.000000,0.000000,0.000000,0.000000,0.000000,0.012160,0.000000,0.910900,-19.137310,-4.289448,-3.919697,20.000000
1.690000,8,"LINK_TORSO_YAW",1.558000,0.200000,0.132000,-20.000000,0.000000,0.000000,20.000000,0.000000,0.000000,0.000000,0.000000,0.012160,0.000000,0.910900,-19.134878,-4.292693,-3.928006,20.000000
1.691000,8,"LINK_TORSO_YAW",1.558000,0.200000,0.133000,-20.000000,0.000000,0.000000,20.000000,0.000000,0.000000,0.000000,0.000000,0.012160,0.000000,0.910900,-19.132430,-4.296046,-3.936256,20.000000
1.692000,8,"LINK_TORSO_YAW",1.558000,0.200000,0.134000,-20.000000,0.000000,0.000000,20.000000,0.000000,0.000000,0.000000,0.000000,0.012160,0.000000,0.910900,-19.129993,-4.299342,-3.944495,20.000000
1.693000,8,"LINK_TORSO_YAW",1.558000,0.200000,0.135000,-20.000000,0.000000,0.000000,20.000000,0.000000,0.000000,0.000000,0.000000,0.012160,0.000000,0.910900,-19.127614,-4.302319,-3.952776,20.000000
1.694000,8,"LINK_TORSO_YAW",1.558000,0.200000,0.136000,-20.000000,0.000000,0.000000,20.000000,0.000000,0.000000,0.000000,0.000000,0.012160,0.000000,0.910900,-19.125288,-4.305449,-3.960617,20.000000
1.695000,8,"LINK_TORSO_YAW",1.558000,0.200000,0.137000,-20.000000,0.000000,0.000000,20.000000,0.000000,0.000000,0.000000,0.000000,0.012160,0.000000,0.910900,-19.123057,-4.308491,-3.968074,20.000000
1.696000,8,"LINK_TORSO_YAW",1.558000,0.200000,0.138000,-20.000000,0.000000,0.000000,20.000000,0.000000,0.000000,0.000000,0.000000,0.012160,0.000000,0.910900,-19.120956,-4.311251,-3.975193,20.000000
1.697000,8,"LINK_TORSO_YAW",1.558000,0.200000,0.139000,-20.000000,0.000000,0.000000,20.000000,0.000000,0.000000,0.000000,0.000000,0.012160,0.000000,0.910900,-19.118950,-4.314088,-3.981757,20.000000
1.698000,8,"LINK_TORSO_YAW",1.558000,0.200000,0.140000,-20.000000,0.000000,0.000000,20.000000,0.000000,0.000000,0.000000,0.000000,0.012160,0.000000,0.910900,-19.117023,-4.316772,-3.988095,20.000000
1.699000,8,"LINK_TORSO_YAW",1.558000,0.200000,0.141000,-20.000000,0.000000,0.000000,20.000000,0.000000,0.000000,0.000000,0.000000,0.012160,0.000000,0.910900,-19.115207,-4.319122,-3.994253,20.000000
1.700000,8,"LINK_TORSO_YAW",1.558000,0.200000,0.142000,-20.000000,0.000000,0.000000,20.000000,0.000000,0.000000,0.000000,0.000000,0.012160,0.000000,0.910900,-19.113411,-4.321504,-4.000263,20.000000
1.701000,8,"LINK_TORSO_YAW",1.558000,0.200000,0.143000,-20.000000,0.000000,0.000000,20.000000,0.000000,0.000000,0.000000,0.000000,0.012160,0.000000,0.910900,-19.111654,-4.323727,-4.006251,20.000000
1.702000,8,"LINK_TORSO_YAW",1.558000,0.200000,0.144000,-20.000000,0.000000,0.000000,20.000000,0.000000,0.000000,0.000000,0.000000,0.012160,0.000000,0.910900,-19.109977,-4.325571,-4.012257,20.000000
1.703000,8,"LINK_TORSO_YAW",1.558000,0.200000,0.145000,-20.000000,0.000000,0.000000,20.000000,0.000000,0.000000,0.000000,0.000000,0.012160,0.000000,0.910900,-19.108279,-4.327459,-4.018306,20.000000
1.704000,8,"LINK_TORSO_YAW",1.558000,0.200000,0.146000,-20.000000,0.000000,0.000000,20.000000,0.000000,0.000000,0.000000,0.000000,0.012160,0.000000,0.910900,-19.106602,-4.329159,-4.024444,20.000000
1.705000,8,"LINK_TORSO_YAW",1.558000,0.200000,0.147000,-20.000000,0.000000,0.000000,20.000000,0.000000,0.000000,0.000000,0.000000,0.012160,0.000000,0.910900,-19.105069,-4.330660,-4.030102,20.000000
1.706000,8,"LINK_TORSO_YAW",1.558000,0.200000,0.148000,-20.000000,0.000000,0.000000,20.000000,0.000000,0.000000,0.000000,0.000000,0.012160,0.000000,0.910900,-19.103716,-4.331765,-4.035325,20.000000
1.707000,8,"LINK_TORSO_YAW",1.558000,0.200000,0.149000,-20.000000,0.000000,0.000000,20.000000,0.000000,0.000000,0.000000,0.000000,0.012160,0.000000,0.910900,-19.102433,-4.332890,-4.040185,20.000000
1.708000,8,"LINK_TORSO_YAW",1.558000,0.200000,0.150000,-20.000000,0.000000,0.000000,20.000000,0.000000,0.000000,0.000000,0.000000,0.012160,0.000000,0.910900,-19.101264,-4.333796,-4.044741,20.000000
1.709000,8,"LINK_TORSO_YAW",1.558000,0.200000,0.151000,-20.000000,0.000000,0.000000,20.000000,0.000000,0.000000,0.000000,0.000000,0.012160,0.000000,0.910900,-19.100258,-4.334445,-4.048796,20.000000
1.710000,8,"LINK_TORSO_YAW",1.558000,0.200000,0.152000,-20.000000,0.000000,0.000000,20.000000,0.000000,0.000000,0.000000,0.000000,0.012160,0.000000,0.910900,-19.099389,-4.334671,-4.052649,20.000000
1.711000,8,"LINK_TORSO_YAW",1.558000,0.200000,0.153000,-20.000000,0.000000,0.000000,20.000000,0.000000,0.000000,0.000000,0.000000,0.012160,0.000000,0.910900,-19.098555,-4.334900,-4.056332,20.000000
1.712000,8,"LINK_TORSO_YAW",1.558000,0.200000,0.154000,-20.000000,0.000000,0.000000,20.000000,0.000000,0.000000,0.000000,0.000000,0.012160,0.000000,0.910900,-19.097842,-4.334702,-4.059900,20.000000
1.713000,8,"LINK_TORSO_YAW",1.558000,0.200000,0.155000,-20.000000,0.000000,0.000000,20.000000,0.000000,0.000000,0.000000,0.000000,0.012160,0.000000,0.910900,-19.097128,-4.334502,-4.063469,20.000000
1.714000,8,"LINK_TORSO_YAW",1.558000,0.200000,0.156000,-20.000000,0.000000,0.000000,20.000000,0.000000,0.000000,0.000000,0.000000,0.012160,0.000000,0.910900,-19.096458,-4.334054,-4.067094,20.000000
1.715000,8,"LINK_TORSO_YAW",1.558000,0.200000,0.157000,-20.000000,0.000000,0.000000,20.000000,0.000000,0.000000,0.000000,0.000000,0.012160,0.000000,0.910900,-19.095970,-4.333164,-4.070336,20.000000
1.716000,8,"LINK_TORSO_YAW",1.558000,0.200000,0.158000,-20.000000,0.000000,0.000000,20.000000,0.000000,0.000000,0.000000,0.000000,0.012160,0.000000,0.910900,-19.095563,-4.332232,-4.073236,20.000000
1.717000,8,"LINK_TORSO_YAW",1.558000,0.200000,0.159000,-20.000000,0.000000,0.000000,20.000000,0.000000,0.000000,0.000000,0.000000,0.012160,0.000000,0.910900,-19.095275,-4.331034,-4.075857,20.000000
1.718000,8,"LINK_TORSO_YAW",1.558000,0.200000,0.160000,-20.000000,0.000000,0.000000,20.000000,0.000000,0.000000,0.000000,0.000000,0.012160,0.000000,0.910900,-19.095133,-4.329409,-4.078248,20.000000
1.719000,8,"LINK_TORSO_YAW",1.558000,0.200000,0.161000,-20.000000,0.000000,0.000000,20.000000,0.000000,0.000000,0.000000,0.000000,0.012160,0.000000,0.910900,-19.095081,-4.327620,-4.080392,20.000000
1.720000,8,"LINK_TORSO_YAW",1.558000,0.200000,0.162000,-20.000000,0.000000,0.000000,20.000000,0.000000,0.000000,0.000000,0.000000,0.012160,0.000000,0.910900,-19.095152,-4.325465,-4.082341,20.000000
1.721000,8,"LINK_TORSO_YAW",1.558000,0.200000,0.163000,-20.000000,0.000000,0.000000,20.000000,0.000000,0.000000,0.000000,0.000000,0.012160,0.000000,0.910900,-19.095350,-4.322841,-4.084197,20.000000
1.722000,8,"LINK_TORSO_YAW",1.558000,0.200000,0.164000,-20.000000,0.000000,0.000000,20.000000,0.000000,0.000000,0.000000,0.000000,0.012160,0.000000,0.910900,-19.095561,-4.320105,-4.086105,20.000000
1.723000,8,"LINK_TORSO_YAW",1.558000,0.200000,0.165000,-20.000000,0.000000,0.000000,20.000000,0.000000,0.000000,0.000000,0.000000,0.012160,0.000000,0.910900,-19.095949,-4.316903,-4.087673,20.000000
1.724000,8,"LINK_TORSO_YAW",1.558000,0.200000,0.166000,-20.000000,0.000000,0.000000,20.000000,0.000000,0.000000,0.000000,0.000000,0.012160,0.000000,0.910900,-19.096429,-4.313582,-4.088935,20.000000
1.725000,8,"LINK_TORSO_YAW",1.558000,0.200000,0.167000,-20.000000,0.000000,0.000000,20.000000,0.000000,0.000000,0.000000,0.000000,0.012160,0.000000,0.910900,-19.097072,-4.309779,-4.089945,20.000000
1.726000,8,"LINK_TORSO_YAW",1.558000,0.200000,0.168000,-20.000000,0.000000,0.000000,20.000000,0.000000,0.000000,0.000000,0.000000,0.012160,0.000000,0.910900,-19.097810,-4.305884,-4.090603,20.000000
1.727000,8,"LINK_TORSO_YAW",1.558000,0.200000,0.169000,-20.000000,0.000000,0.000000,20.000000,0.000000,0.000000,0.000000,0.000000,0.012160,0.000000,0.910900,-19.098694,-4.301487,-4.091102,20.000000
1.728000,8,"LINK_TORSO_YAW",1.558000,0.200000,0.170000,-20.000000,0.000000,0.000000,20.000000,0.000000,0.000000,0.000000,0.000000,0.012160,0.000000,0.910900,-19.099636,-4.296944,-4.091477,20.000000
1.729000,8,"LINK_TORSO_YAW",1.558000,0.200000,0.171000,-20.000000,0.000000,0.000000,20.000000,0.000000,0.000000,0.000000,0.000000,0.012160,0.000000,0.910900,-19.101394,-4.291106,-4.089397,20.000000
1.730000,8,"LINK_TORSO_YAW",1.558000,0.200000,0.172000,-20.000000,0.000000,0.000000,20.000000,0.000000,0.000000,0.000000,0.000000,0.012160,0.000000,0.910900,-19.103409,-4.285542,-4.085815,20.000000
1.731000,8,"LINK_TORSO_YAW",1.558000,0.200000,0.173000,-20.000000,0.000000,0.000000,20.000000,0.000000,0.000000,0.000000,0.000000,0.012160,0.000000,0.910900,-19.105655,-4.279638,-4.081499,20.000000
1.733000,8,"LINK_TORSO_YAW",1.558000,0.200000,0.175000,-20.000000,0.000000,0.000000,20.000000,0.000000,0.000000,0.000000,0.000000,0.012160,0.000000,0.910900,-19.110197,-4.266520,-4.073965,20.000000
1.734000,8,"LINK_TORSO_YAW",1.558000,0.200000,0.176000,-20.000000,0.000000,0.000000,20.000000,0.000000,0.000000,0.000000,0.000000,0.012160,0.000000,0.910900,-19.112627,-4.259229,-4.070191,20.000000
1.735000,8,"LINK_TORSO_YAW",1.558000,0.200000,0.177000,-20.000000,0.000000,0.000000,20.000000,0.000000,0.000000,0.000000,0.000000,0.012160,0.000000,0.910900,-19.115088,-4.251911,-4.066285,20.000000
1.737000,8,"LINK_TORSO_YAW",1.558000,0.200000,0.179000,-20.000000,0.000000,0.000000,20.000000,0.000000,0.000000,0.000000,0.000000,0.012160,0.000000,0.910900,-19.120286,-4.235776,-4.058677,20.000000
1.738000,8,"LINK_TORSO_YAW",1.558000,0.200000,0.180000,-20.000000,0.000000,0.000000,20.000000,0.000000,0.000000,0.000000,0.000000,0.012160,0.000000,0.910900,-19.122914,-4.227408,-4.055019,20.000000
1.739000,8,"LINK_TORSO_YAW",1.558000,0.200000,0.181000,-20.000000,0.000000,0.000000,20.000000,0.000000,0.000000,0.000000,0.000000,0.012160,0.000000,0.910900,-19.125612,-4.218540,-4.051528,20.000000
1.740000,8,"LINK_TORSO_YAW",1.558000,0.200000,0.182000,-20.000000,0.000000,0.000000,20.000000,0.000000,0.000000,0.000000,0.000000,0.012160,0.000000,0.910900,-19.128370,-4.209173,-4.048247,20.000000
1.741000,8,"LINK_TORSO_YAW",1.558000,0.200000,0.183000,-20.000000,0.000000,0.000000,20.000000,0.000000,0.000000,0.000000,0.000000,0.012160,0.000000,0.910900,-19.131178,-4.199311,-4.045220,20.000000
1.742000,8,"LINK_TORSO_YAW",1.558000,0.200000,0.184000,-20.000000,0.000000,0.000000,20.000000,0.000000,0.000000,0.000000,0.000000,0.012160,0.000000,0.910900,-19.133903,-4.189526,-4.042478,20.000000
1.744000,8,"LINK_TORSO_YAW",1.558000,0.200000,0.186000,-20.000000,0.000000,0.000000,20.000000,0.000000,0.000000,0.000000,0.000000,0.012160,0.000000,0.910900,-19.139408,-4.168250,-4.038408,20.000000
1.745000,8,"LINK_TORSO_YAW",1.558000,0.200000,0.187000,-20.000000,0.000000,0.000000,20.000000,0.000000,0.000000,0.000000,0.000000,0.012160,0.000000,0.910900,-19.142159,-4.157452,-4.036502,20.000000
1.746000,8,"LINK_TORSO_YAW",1.558000,0.200000,0.188000,-20.000000,0.000000,0.000000,20.000000,0.000000,0.000000,0.000000,0.000000,0.012160,0.000000,0.910900,-19.145018,-4.146165,-4.034551,20.000000
1.747000,8,"LINK_TORSO_YAW",1.558000,0.200000,0.189000,-20.000000,0.000000,0.000000,20.000000,0.000000,0.000000,0.000000,0.000000,0.012160,0.000000,0.910900,-19.147973,-4.134399,-4.032602,20.000000
1.748000,8,"LINK_TORSO_YAW",1.558000,0.200000,0.190000,-20.000000,0.000000,0.000000,20.000000,0.000000,0.000000,0.000000,0.000000,0.012160,0.000000,0.910900,-19.151010,-4.122149,-4.030720,20.000000
1.749000,8,"LINK_TORSO_YAW",1.558000,0.200000,0.191000,-20.000000,0.000000,0.000000,20.000000,0.000000,0.000000,0.000000,0.000000,0.012160,0.000000,0.910900,-19.154119,-4.109421,-4.028941,20.000000
1.750000,8,"LINK_TORSO_YAW",1.558000,0.200000,0.192000,-20.000000,0.000000,0.000000,20.000000,0.000000,0.000000,0.000000,0.000000,0.012160,0.000000,0.910900,-19.157131,-4.096852,-4.027422,20.000000
1.751000,8,"LINK_TORSO_YAW",1.558000,0.200000,0.193000,-20.000000,0.000000,0.000000,20.000000,0.000000,0.000000,0.000000,0.000000,0.012160,0.000000,0.910900,-19.160175,-4.083796,-4.026204,20.000000
1.753000,8,"LINK_TORSO_YAW",1.558000,0.200000,0.195000,-20.000000,0.000000,0.000000,20.000000,0.000000,0.000000,0.000000,0.000000,0.012160,0.000000,0.910900,-19.166318,-4.056283,-4.024774,20.000000
1.754000,8,"LINK_TORSO_YAW",1.558000,0.200000,0.196000,-20.000000,0.000000,0.000000,20.000000,0.000000,0.000000,0.000000,0.000000,0.012160,0.000000,0.910900,-19.169260,-4.042538,-4.024595,20.000000
1.755000,8,"LINK_TORSO_YAW",1.558000,0.200000,0.197000,-20.000000,0.000000,0.000000,20.000000,0.000000,0.000000,0.000000,0.000000,0.012160,0.000000,0.910900,-19.172209,-4.028311,-4.024812,20.000000
1.756000,8,"LINK_TORSO_YAW",1.558000,0.200000,0.198000,-20.000000,0.000000,0.000000,20.000000,0.000000,0.000000,0.000000,0.000000,0.012160,0.000000,0.910900,-19.175858,-4.013742,-4.021984,20.000000
1.757000,8,"LINK_TORSO_YAW",1.558000,0.200000,0.199000,-20.000000,0.000000,0.000000,20.000000,0.000000,0.000000,0.000000,0.000000,0.012160,0.000000,0.910900,-19.179453,-3.999276,-4.019252,20.000000
1.758000,8,"LINK_TORSO_YAW",1.558000,0.200000,0.200000,-20.000000,0.000000,0.000000,20.000000,0.000000,0.000000,0.000000,0.000000,0.012160,0.000000,0.910900,-19.183102,-3.984408,-4.016602,20.000000
1.759000,8,"LINK_TORSO_YAW",1.558000,0.200000,0.201000,-20.000000,0.000000,0.000000,20.000000,0.000000,0.000000,0.000000,0.000000,0.012160,0.000000,0.910900,-19.186803,-3.969106,-4.014073,20.000000
1.760000,9,"LINK_TORSO_YAW",1.759000,0.200000,0.001000,-20.000000,0.000000,0.000000,20.000000,0.000000,0.000000,0.000000,0.000000,0.012160,0.000000,0.910900,-19.190544,-3.953386,-4.011702,20.000000
1.761000,9,"LINK_TORSO_YAW",1.759000,0.200000,0.002000,-20.000000,0.000000,0.000000,20.000000,0.000000,0.000000,0.000000,0.000000,0.012160,0.000000,0.910900,-19.194312,-3.937263,-4.009530,20.000000
1.762000,9,"LINK_TORSO_YAW",1.759000,0.200000,0.003000,-20.000000,0.000000,0.000000,20.000000,0.000000,0.000000,0.000000,0.000000,0.012160,0.000000,0.910900,-19.197910,-3.921463,-4.007790,20.000000
1.763000,9,"LINK_TORSO_YAW",1.759000,0.200000,0.004000,-20.000000,0.000000,0.000000,20.000000,0.000000,0.000000,0.000000,0.000000,0.012160,0.000000,0.910900,-19.201480,-3.905299,-4.006473,20.000000
1.767000,9,"LINK_TORSO_YAW",1.759000,0.200000,0.008000,-20.000000,0.000000,0.000000,20.000000,0.000000,0.000000,0.000000,0.000000,0.012160,0.000000,0.910900,-19.215269,-3.837735,-4.005649,20.000000
1.768000,9,"LINK_TORSO_YAW",1.759000,0.200000,0.009000,-20.000000,0.000000,0.000000,20.000000,0.000000,0.000000,0.000000,0.000000,0.012160,0.000000,0.910900,-19.218602,-3.820912,-4.005741,20.000000
1.771000,9,"LINK_TORSO_YAW",1.759000,0.200000,0.012000,-20.000000,0.000000,0.000000,20.000000,0.000000,0.000000,0.000000,0.000000,0.012160,0.000000,0.910900,-19.228556,-3.769749,-4.006448,20.000000
1.773000,9,"LINK_TORSO_YAW",1.759000,0.200000,0.014000,-20.000000,0.000000,0.000000,20.000000,0.000000,0.000000,0.000000,0.000000,0.012160,0.000000,0.910900,-19.235135,-3.734859,-4.007544,20.000000
1.777000,9,"LINK_TORSO_YAW",1.759000,0.200000,0.018000,-20.000000,0.000000,0.000000,20.000000,0.000000,0.000000,0.000000,0.000000,0.012160,0.000000,0.910900,-19.247293,-3.665571,-4.013142,20.000000
1.781000,9,"LINK_TORSO_YAW",1.759000,0.200000,0.022000,-20.000000,0.000000,0.000000,20.000000,0.000000,0.000000,0.000000,0.000000,0.012160,0.000000,0.910900,-19.258918,-3.596919,-4.019484,20.000000
1.784000,9,"LINK_TORSO_YAW",1.759000,0.200000,0.025000,-20.000000,0.000000,0.000000,20.000000,0.000000,0.000000,0.000000,0.000000,0.012160,0.000000,0.910900,-19.267356,-3.546210,-4.024101,20.000000
1.786000,9,"LINK_TORSO_YAW",1.759000,0.200000,0.027000,-20.000000,0.000000,0.000000,20.000000,0.000000,0.000000,0.000000,0.000000,0.012160,0.000000,0.910900,-19.272705,-3.512745,-4.027838,20.000000
1.788000,9,"LINK_TORSO_YAW",1.759000,0.200000,0.029000,-20.000000,0.000000,0.000000,20.000000,0.000000,0.000000,0.000000,0.000000,0.012160,0.000000,0.910900,-19.277732,-3.479550,-4.032588,20.000000
1.789000,9,"LINK_TORSO_YAW",1.759000,0.200000,0.030000,-20.000000,0.000000,0.000000,20.000000,0.000000,0.000000,0.000000,0.000000,0.012160,0.000000,0.910900,-19.280094,-3.463091,-4.035466,20.000000
1.791000,9,"LINK_TORSO_YAW",1.759000,0.200000,0.032000,-20.000000,0.000000,0.000000,20.000000,0.000000,0.000000,0.000000,0.000000,0.012160,0.000000,0.910900,-19.285471,-3.427170,-4.040436,20.000000
1.793000,9,"LINK_TORSO_YAW",1.759000,0.200000,0.034000,-20.000000,0.000000,0.000000,20.000000,0.000000,0.000000,0.000000,0.000000,0.012160,0.000000,0.910900,-19.290873,-3.391781,-4.044510,20.000000
1.795000,9,"LINK_TORSO_YAW",1.759000,0.200000,0.036000,-20.000000,0.000000,0.000000,20.000000,0.000000,0.000000,0.000000,0.000000,0.012160,0.000000,0.910900,-19.296171,-3.357074,-4.048187,20.000000
1.797000,9,"LINK_TORSO_YAW",1.759000,0.200000,0.038000,-20.000000,0.000000,0.000000,20.000000,0.000000,0.000000,0.000000,0.000000,0.012160,0.000000,0.910900,-19.301310,-3.323100,-4.051719,20.000000
1.800000,9,"LINK_TORSO_YAW",1.759000,0.200000,0.041000,-20.000000,0.000000,0.000000,20.000000,0.000000,0.000000,0.000000,0.000000,0.012160,0.000000,0.910900,-19.308778,-3.273370,-4.056617,20.000000
1.801000,9,"LINK_TORSO_YAW",1.759000,0.200000,0.042000,-20.000000,0.000000,0.000000,20.000000,0.000000,0.000000,0.000000,0.000000,0.012160,0.000000,0.910900,-19.311254,-3.257228,-4.057823,20.000000
1.807000,9,"LINK_TORSO_YAW",1.759000,0.200000,0.048000,-20.000000,0.000000,0.000000,20.000000,0.000000,0.000000,0.000000,0.000000,0.012160,0.000000,0.910900,-19.327736,-3.163097,-4.053820,20.000000
1.820000,9,"LINK_TORSO_YAW",1.759000,0.200000,0.061000,-20.000000,0.000000,0.000000,20.000000,0.000000,0.000000,0.000000,0.000000,0.012160,0.000000,0.910900,-19.368703,-2.981319,-3.995633,20.000000
1.826000,9,"LINK_TORSO_YAW",1.759000,0.200000,0.067000,-20.000000,0.000000,0.000000,20.000000,0.000000,0.000000,0.000000,0.000000,0.012160,0.000000,0.910900,-19.386280,-2.917916,-3.957010,20.000000
1.827000,9,"LINK_TORSO_YAW",1.759000,0.200000,0.068000,-20.000000,0.000000,0.000000,20.000000,0.000000,0.000000,0.000000,0.000000,0.012160,0.000000,0.910900,-19.388910,-2.909909,-3.950011,20.000000
1.828000,9,"LINK_TORSO_YAW",1.759000,0.200000,0.069000,-20.000000,0.000000,0.000000,20.000000,0.000000,0.000000,0.000000,0.000000,0.012160,0.000000,0.910900,-19.391375,-2.902638,-3.943255,20.000000
1.829000,9,"LINK_TORSO_YAW",1.759000,0.200000,0.070000,-20.000000,0.000000,0.000000,20.000000,0.000000,0.000000,0.000000,0.000000,0.012160,0.000000,0.910900,-19.393654,-2.896090,-3.936857,20.000000
1.830000,9,"LINK_TORSO_YAW",1.759000,0.200000,0.071000,-20.000000,0.000000,0.000000,20.000000,0.000000,0.000000,0.000000,0.000000,0.012160,0.000000,0.910900,-19.395789,-2.889866,-3.930911,20.000000
1.831000,9,"LINK_TORSO_YAW",1.759000,0.200000,0.072000,-20.000000,0.000000,0.000000,20.000000,0.000000,0.000000,0.000000,0.000000,0.012160,0.000000,0.910900,-19.397715,-2.884293,-3.925493,20.000000
1.832000,9,"LINK_TORSO_YAW",1.759000,0.200000,0.073000,-20.000000,0.000000,0.000000,20.000000,0.000000,0.000000,0.000000,0.000000,0.012160,0.000000,0.910900,-19.399427,-2.879360,-3.920655,20.000000
1.833000,9,"LINK_TORSO_YAW",1.759000,0.200000,0.074000,-20.000000,0.000000,0.000000,20.000000,0.000000,0.000000,0.000000,0.000000,0.012160,0.000000,0.910900,-19.400918,-2.875056,-3.916432,20.000000
1.834000,9,"LINK_TORSO_YAW",1.759000,0.200000,0.075000,-20.000000,0.000000,0.000000,20.000000,0.000000,0.000000,0.000000,0.000000,0.012160,0.000000,0.910900,-19.402278,-2.871442,-3.912344,20.000000
1.835000,9,"LINK_TORSO_YAW",1.759000,0.200000,0.076000,-20.000000,0.000000,0.000000,20.000000,0.000000,0.000000,0.000000,0.000000,0.012160,0.000000,0.910900,-19.403502,-2.868506,-3.908424,20.000000
1.836000,9,"LINK_TORSO_YAW",1.759000,0.200000,0.077000,-20.000000,0.000000,0.000000,20.000000,0.000000,0.000000,0.000000,0.000000,0.012160,0.000000,0.910900,-19.404582,-2.866209,-3.904744,20.000000
1.837000,9,"LINK_TORSO_YAW",1.759000,0.200000,0.078000,-20.000000,0.000000,0.000000,20.000000,0.000000,0.000000,0.000000,0.000000,0.012160,0.000000,0.910900,-19.405516,-2.864548,-3.901322,20.000000
1.838000,9,"LINK_TORSO_YAW",1.759000,0.200000,0.079000,-20.000000,0.000000,0.000000,20.000000,0.000000,0.000000,0.000000,0.000000,0.012160,0.000000,0.910900,-19.406300,-2.863522,-3.898175,20.000000
1.839000,9,"LINK_TORSO_YAW",1.759000,0.200000,0.080000,-20.000000,0.000000,0.000000,20.000000,0.000000,0.000000,0.000000,0.000000,0.012160,0.000000,0.910900,-19.406931,-2.863132,-3.895316,20.000000
1.840000,9,"LINK_TORSO_YAW",1.759000,0.200000,0.081000,-20.000000,0.000000,0.000000,20.000000,0.000000,0.000000,0.000000,0.000000,0.012160,0.000000,0.910900,-19.407405,-2.863402,-3.892759,20.000000
1.841000,9,"LINK_TORSO_YAW",1.759000,0.200000,0.082000,-20.000000,0.000000,0.000000,20.000000,0.000000,0.000000,0.000000,0.000000,0.012160,0.000000,0.910900,-19.407272,-2.863276,-3.893512,20.000000
1.842000,9,"LINK_TORSO_YAW",1.759000,0.200000,0.083000,-20.000000,0.000000,0.000000,20.000000,0.000000,0.000000,0.000000,0.000000,0.012160,0.000000,0.910900,-19.406527,-2.862751,-3.897609,20.000000
1.843000,9,"LINK_TORSO_YAW",1.759000,0.200000,0.084000,-20.000000,0.000000,0.000000,20.000000,0.000000,0.000000,0.000000,0.000000,0.012160,0.000000,0.910900,-19.405127,-2.861776,-3.905289,20.000000
1.844000,9,"LINK_TORSO_YAW",1.759000,0.200000,0.085000,-20.000000,0.000000,0.000000,20.000000,0.000000,0.000000,0.000000,0.000000,0.012160,0.000000,0.910900,-19.402736,-2.862569,-3.916571,20.000000
1.845000,9,"LINK_TORSO_YAW",1.759000,0.200000,0.086000,-20.000000,0.000000,0.000000,20.000000,0.000000,0.000000,0.000000,0.000000,0.012160,0.000000,0.910900,-19.399698,-2.862932,-3.931330,20.000000
1.846000,9,"LINK_TORSO_YAW",1.759000,0.200000,0.087000,-20.000000,0.000000,0.000000,20.000000,0.000000,0.000000,0.000000,0.000000,0.012160,0.000000,0.910900,-19.396149,-2.862901,-3.948823,20.000000
1.847000,9,"LINK_TORSO_YAW",1.759000,0.200000,0.088000,-20.000000,0.000000,0.000000,20.000000,0.000000,0.000000,0.000000,0.000000,0.012160,0.000000,0.910900,-19.392094,-2.862486,-3.968986,20.000000
1.848000,9,"LINK_TORSO_YAW",1.759000,0.200000,0.089000,-20.000000,0.000000,0.000000,20.000000,0.000000,0.000000,0.000000,0.000000,0.012160,0.000000,0.910900,-19.387540,-2.861690,-3.991746,20.000000
1.849000,9,"LINK_TORSO_YAW",1.759000,0.200000,0.090000,-20.000000,0.000000,0.000000,20.000000,0.000000,0.000000,0.000000,0.000000,0.012160,0.000000,0.910900,-19.382558,-2.860631,-4.016621,20.000000
1.850000,9,"LINK_TORSO_YAW",1.759000,0.200000,0.091000,-20.000000,0.000000,0.000000,20.000000,0.000000,0.000000,0.000000,0.000000,0.012160,0.000000,0.910900,-19.377156,-2.859316,-4.043532,20.000000
1.851000,9,"LINK_TORSO_YAW",1.759000,0.200000,0.092000,-20.000000,0.000000,0.000000,20.000000,0.000000,0.000000,0.000000,0.000000,0.012160,0.000000,0.910900,-19.371345,-2.857747,-4.072381,20.000000
1.852000,9,"LINK_TORSO_YAW",1.759000,0.200000,0.093000,-20.000000,0.000000,0.000000,20.000000,0.000000,0.000000,0.000000,0.000000,0.012160,0.000000,0.910900,-19.365136,-2.855923,-4.103072,20.000000
1.853000,9,"LINK_TORSO_YAW",1.759000,0.200000,0.094000,-20.000000,0.000000,0.000000,20.000000,0.000000,0.000000,0.000000,0.000000,0.012160,0.000000,0.910900,-19.358536,-2.853841,-4.135538,20.000000
1.854000,9,"LINK_TORSO_YAW",1.759000,0.200000,0.095000,-20.000000,0.000000,0.000000,20.000000,0.000000,0.000000,0.000000,0.000000,0.012160,0.000000,0.910900,-19.351549,-2.851497,-4.169716,20.000000
1.855000,9,"LINK_TORSO_YAW",1.759000,0.200000,0.096000,-20.000000,0.000000,0.000000,20.000000,0.000000,0.000000,0.000000,0.000000,0.012160,0.000000,0.910900,-19.344179,-2.848881,-4.205548,20.000000
1.856000,9,"LINK_TORSO_YAW",1.759000,0.200000,0.097000,-20.000000,0.000000,0.000000,20.000000,0.000000,0.000000,0.000000,0.000000,0.012160,0.000000,0.910900,-19.336627,-2.846280,-4.241878,20.000000
1.857000,9,"LINK_TORSO_YAW",1.759000,0.200000,0.098000,-20.000000,0.000000,0.000000,20.000000,0.000000,0.000000,0.000000,0.000000,0.012160,0.000000,0.910900,-19.328908,-2.843722,-4.278618,20.000000
1.858000,9,"LINK_TORSO_YAW",1.759000,0.200000,0.099000,-20.000000,0.000000,0.000000,20.000000,0.000000,0.000000,0.000000,0.000000,0.012160,0.000000,0.910900,-19.321023,-2.841197,-4.315747,20.000000
1.859000,9,"LINK_TORSO_YAW",1.759000,0.200000,0.100000,-20.000000,0.000000,0.000000,20.000000,0.000000,0.000000,0.000000,0.000000,0.012160,0.000000,0.910900,-19.312978,-2.838700,-4.353238,20.000000
1.860000,9,"LINK_TORSO_YAW",1.759000,0.200000,0.101000,-20.000000,0.000000,0.000000,20.000000,0.000000,0.000000,0.000000,0.000000,0.012160,0.000000,0.910900,-19.304756,-2.836152,-4.391201,20.000000
1.861000,9,"LINK_TORSO_YAW",1.759000,0.200000,0.102000,-20.000000,0.000000,0.000000,20.000000,0.000000,0.000000,0.000000,0.000000,0.012160,0.000000,0.910900,-19.296358,-2.833537,-4.429631,20.000000
1.862000,9,"LINK_TORSO_YAW",1.759000,0.200000,0.103000,-20.000000,0.000000,0.000000,20.000000,0.000000,0.000000,0.000000,0.000000,0.012160,0.000000,0.910900,-19.287786,-2.830837,-4.468522,20.000000
1.863000,9,"LINK_TORSO_YAW",1.759000,0.200000,0.104000,-20.000000,0.000000,0.000000,20.000000,0.000000,0.000000,0.000000,0.000000,0.012160,0.000000,0.910900,-19.279092,-2.828275,-4.507493,20.000000
1.864000,9,"LINK_TORSO_YAW",1.759000,0.200000,0.105000,-20.000000,0.000000,0.000000,20.000000,0.000000,0.000000,0.000000,0.000000,0.012160,0.000000,0.910900,-19.270274,-2.825829,-4.546562,20.000000
1.865000,9,"LINK_TORSO_YAW",1.759000,0.200000,0.106000,-20.000000,0.000000,0.000000,20.000000,0.000000,0.000000,0.000000,0.000000,0.012160,0.000000,0.910900,-19.261331,-2.823480,-4.585750,20.000000
1.866000,9,"LINK_TORSO_YAW",1.759000,0.200000,0.107000,-20.000000,0.000000,0.000000,20.000000,0.000000,0.000000,0.000000,0.000000,0.012160,0.000000,0.910900,-19.252258,-2.821207,-4.625078,20.000000
1.867000,9,"LINK_TORSO_YAW",1.759000,0.200000,0.108000,-20.000000,0.000000,0.000000,20.000000,0.000000,0.000000,0.000000,0.000000,0.012160,0.000000,0.910900,-19.243194,-2.819035,-4.663961,20.000000
1.868000,9,"LINK_TORSO_YAW",1.759000,0.200000,0.109000,-20.000000,0.000000,0.000000,20.000000,0.000000,0.000000,0.000000,0.000000,0.012160,0.000000,0.910900,-19.234135,-2.816944,-4.702432,20.000000
1.869000,9,"LINK_TORSO_YAW",1.759000,0.200000,0.110000,-20.000000,0.000000,0.000000,20.000000,0.000000,0.000000,0.000000,0.000000,0.012160,0.000000,0.910900,-19.225108,-2.815019,-4.740345,20.000000
1.870000,9,"LINK_TORSO_YAW",1.759000,0.200000,0.111000,-20.000000,0.000000,0.000000,20.000000,0.000000,0.000000,0.000000,0.000000,0.012160,0.000000,0.910900,-19.216109,-2.813225,-4.777752,20.000000
1.871000,9,"LINK_TORSO_YAW",1.759000,0.200000,0.112000,-20.000000,0.000000,0.000000,20.000000,0.000000,0.000000,0.000000,0.000000,0.012160,0.000000,0.910900,-19.207133,-2.811538,-4.814697,20.000000
1.872000,9,"LINK_TORSO_YAW",1.759000,0.200000,0.113000,-20.000000,0.000000,0.000000,20.000000,0.000000,0.000000,0.000000,0.000000,0.012160,0.000000,0.910900,-19.198186,-2.809993,-4.851145,20.000000
1.873000,9,"LINK_TORSO_YAW",1.759000,0.200000,0.114000,-20.000000,0.000000,0.000000,20.000000,0.000000,0.000000,0.000000,0.000000,0.012160,0.000000,0.910900,-19.189264,-2.808581,-4.887127,20.000000
1.874000,9,"LINK_TORSO_YAW",1.759000,0.200000,0.115000,-20.000000,0.000000,0.000000,20.000000,0.000000,0.000000,0.000000,0.000000,0.012160,0.000000,0.910900,-19.180348,-2.807227,-4.922777,20.000000
1.875000,9,"LINK_TORSO_YAW",1.759000,0.200000,0.116000,-20.000000,0.000000,0.000000,20.000000,0.000000,0.000000,0.000000,0.000000,0.012160,0.000000,0.910900,-19.171431,-2.805904,-4.958137,20.000000
1.876000,9,"LINK_TORSO_YAW",1.759000,0.200000,0.117000,-20.000000,0.000000,0.000000,20.000000,0.000000,0.000000,0.000000,0.000000,0.012160,0.000000,0.910900,-19.162507,-2.804596,-4.993251,20.000000
1.877000,9,"LINK_TORSO_YAW",1.759000,0.200000,0.118000,-20.000000,0.000000,0.000000,20.000000,0.000000,0.000000,0.000000,0.000000,0.012160,0.000000,0.910900,-19.153568,-2.803287,-5.028163,20.000000
1.878000,9,"LINK_TORSO_YAW",1.759000,0.200000,0.119000,-20.000000,0.000000,0.000000,20.000000,0.000000,0.000000,0.000000,0.000000,0.012160,0.000000,0.910900,-19.144758,-2.802003,-5.062314,20.000000
1.879000,9,"LINK_TORSO_YAW",1.759000,0.200000,0.120000,-20.000000,0.000000,0.000000,20.000000,0.000000,0.000000,0.000000,0.000000,0.012160,0.000000,0.910900,-19.136070,-2.800731,-5.095758,20.000000
1.880000,9,"LINK_TORSO_YAW",1.759000,0.200000,0.121000,-20.000000,0.000000,0.000000,20.000000,0.000000,0.000000,0.000000,0.000000,0.012160,0.000000,0.910900,-19.127494,-2.799465,-5.128545,20.000000
1.881000,9,"LINK_TORSO_YAW",1.759000,0.200000,0.122000,-20.000000,0.000000,0.000000,20.000000,0.000000,0.000000,0.000000,0.000000,0.012160,0.000000,0.910900,-19.119017,-2.798234,-5.160724,20.000000
1.882000,9,"LINK_TORSO_YAW",1.759000,0.200000,0.123000,-20.000000,0.000000,0.000000,20.000000,0.000000,0.000000,0.000000,0.000000,0.012160,0.000000,0.910900,-19.110614,-2.796898,-5.192476,20.000000
1.883000,9,"LINK_TORSO_YAW",1.759000,0.200000,0.124000,-20.000000,0.000000,0.000000,20.000000,0.000000,0.000000,0.000000,0.000000,0.012160,0.000000,0.910900,-19.102275,-2.795447,-5.223844,20.000000
1.884000,9,"LINK_TORSO_YAW",1.759000,0.200000,0.125000,-20.000000,0.000000,0.000000,20.000000,0.000000,0.000000,0.000000,0.000000,0.012160,0.000000,0.910900,-19.093990,-2.794010,-5.254813,20.000000
1.885000,9,"LINK_TORSO_YAW",1.759000,0.200000,0.126000,-20.000000,0.000000,0.000000,20.000000,0.000000,0.000000,0.000000,0.000000,0.012160,0.000000,0.910900,-19.085750,-2.792585,-5.285414,20.000000
1.886000,9,"LINK_TORSO_YAW",1.759000,0.200000,0.127000,-20.000000,0.000000,0.000000,20.000000,0.000000,0.000000,0.000000,0.000000,0.012160,0.000000,0.910900,-19.077539,-2.791118,-5.315749,20.000000
1.887000,9,"LINK_TORSO_YAW",1.759000,0.200000,0.128000,-20.000000,0.000000,0.000000,20.000000,0.000000,0.000000,0.000000,0.000000,0.012160,0.000000,0.910900,-19.069349,-2.789565,-5.345863,20.000000
1.888000,9,"LINK_TORSO_YAW",1.759000,0.200000,0.129000,-20.000000,0.000000,0.000000,20.000000,0.000000,0.000000,0.000000,0.000000,0.012160,0.000000,0.910900,-19.061155,-2.787873,-5.375885,20.000000
1.889000,9,"LINK_TORSO_YAW",1.759000,0.200000,0.130000,-20.000000,0.000000,0.000000,20.000000,0.000000,0.000000,0.000000,0.000000,0.012160,0.000000,0.910900,-19.053108,-2.786109,-5.405246,20.000000
1.890000,9,"LINK_TORSO_YAW",1.759000,0.200000,0.131000,-20.000000,0.000000,0.000000,20.000000,0.000000,0.000000,0.000000,0.000000,0.012160,0.000000,0.910900,-19.045199,-2.784267,-5.433991,20.000000
1.891000,9,"LINK_TORSO_YAW",1.759000,0.200000,0.132000,-20.000000,0.000000,0.000000,20.000000,0.000000,0.000000,0.000000,0.000000,0.012160,0.000000,0.910900,-19.037426,-2.782317,-5.462155,20.000000
1.892000,9,"LINK_TORSO_YAW",1.759000,0.200000,0.133000,-20.000000,0.000000,0.000000,20.000000,0.000000,0.000000,0.000000,0.000000,0.012160,0.000000,0.910900,-19.029821,-2.780319,-5.489603,20.000000
1.893000,9,"LINK_TORSO_YAW",1.759000,0.200000,0.134000,-20.000000,0.000000,0.000000,20.000000,0.000000,0.000000,0.000000,0.000000,0.012160,0.000000,0.910900,-19.022315,-2.778255,-5.516595,20.000000
1.894000,9,"LINK_TORSO_YAW",1.759000,0.200000,0.135000,-20.000000,0.000000,0.000000,20.000000,0.000000,0.000000,0.000000,0.000000,0.012160,0.000000,0.910900,-19.014899,-2.776149,-5.543161,20.000000
1.895000,9,"LINK_TORSO_YAW",1.759000,0.200000,0.136000,-20.000000,0.000000,0.000000,20.000000,0.000000,0.000000,0.000000,0.000000,0.012160,0.000000,0.910900,-19.007564,-2.774006,-5.569328,20.000000
1.896000,9,"LINK_TORSO_YAW",1.759000,0.200000,0.137000,-20.000000,0.000000,0.000000,20.000000,0.000000,0.000000,0.000000,0.000000,0.012160,0.000000,0.910900,-19.000304,-2.771832,-5.595124,20.000000
1.897000,9,"LINK_TORSO_YAW",1.759000,0.200000,0.138000,-20.000000,0.000000,0.000000,20.000000,0.000000,0.000000,0.000000,0.000000,0.012160,0.000000,0.910900,-18.993224,-2.769610,-5.620204,20.000000
1.898000,9,"LINK_TORSO_YAW",1.759000,0.200000,0.139000,-20.000000,0.000000,0.000000,20.000000,0.000000,0.000000,0.000000,0.000000,0.012160,0.000000,0.910900,-18.986314,-2.767331,-5.644622,20.000000
1.899000,9,"LINK_TORSO_YAW",1.759000,0.200000,0.140000,-20.000000,0.000000,0.000000,20.000000,0.000000,0.000000,0.000000,0.000000,0.012160,0.000000,0.910900,-18.979521,-2.764975,-5.668570,20.000000
1.900000,9,"LINK_TORSO_YAW",1.759000,0.200000,0.141000,-20.000000,0.000000,0.000000,20.000000,0.000000,0.000000,0.000000,0.000000,0.012160,0.000000,0.910900,-18.972900,-2.762583,-5.691854,20.000000
1.901000,9,"LINK_TORSO_YAW",1.759000,0.200000,0.142000,-20.000000,0.000000,0.000000,20.000000,0.000000,0.000000,0.000000,0.000000,0.012160,0.000000,0.910900,-18.966367,-2.760101,-5.714786,20.000000
1.902000,9,"LINK_TORSO_YAW",1.759000,0.200000,0.143000,-20.000000,0.000000,0.000000,20.000000,0.000000,0.000000,0.000000,0.000000,0.012160,0.000000,0.910900,-18.959910,-2.757528,-5.737407,20.000000
1.903000,9,"LINK_TORSO_YAW",1.759000,0.200000,0.144000,-20.000000,0.000000,0.000000,20.000000,0.000000,0.000000,0.000000,0.000000,0.012160,0.000000,0.910900,-18.953525,-2.754892,-5.759729,20.000000
1.904000,9,"LINK_TORSO_YAW",1.759000,0.200000,0.145000,-20.000000,0.000000,0.000000,20.000000,0.000000,0.000000,0.000000,0.000000,0.012160,0.000000,0.910900,-18.947202,-2.752199,-5.781777,20.000000
1.905000,9,"LINK_TORSO_YAW",1.759000,0.200000,0.146000,-20.000000,0.000000,0.000000,20.000000,0.000000,0.000000,0.000000,0.000000,0.012160,0.000000,0.910900,-18.940922,-2.749466,-5.803613,20.000000
1.906000,9,"LINK_TORSO_YAW",1.759000,0.200000,0.147000,-20.000000,0.000000,0.000000,20.000000,0.000000,0.000000,0.000000,0.000000,0.012160,0.000000,0.910900,-18.934676,-2.746698,-5.825264,20.000000
1.907000,9,"LINK_TORSO_YAW",1.759000,0.200000,0.148000,-20.000000,0.000000,0.000000,20.000000,0.000000,0.000000,0.000000,0.000000,0.012160,0.000000,0.910900,-18.928451,-2.743881,-5.846783,20.000000
1.908000,9,"LINK_TORSO_YAW",1.759000,0.200000,0.149000,-20.000000,0.000000,0.000000,20.000000,0.000000,0.000000,0.000000,0.000000,0.012160,0.000000,0.910900,-18.922412,-2.741043,-5.867624,20.000000
1.909000,9,"LINK_TORSO_YAW",1.759000,0.200000,0.150000,-20.000000,0.000000,0.000000,20.000000,0.000000,0.000000,0.000000,0.000000,0.012160,0.000000,0.910900,-18.916549,-2.738187,-5.887827,20.000000
1.910000,9,"LINK_TORSO_YAW",1.759000,0.200000,0.151000,-20.000000,0.000000,0.000000,20.000000,0.000000,0.000000,0.000000,0.000000,0.012160,0.000000,0.910900,-18.910908,-2.735342,-5.907237,20.000000
1.911000,9,"LINK_TORSO_YAW",1.759000,0.200000,0.152000,-20.000000,0.000000,0.000000,20.000000,0.000000,0.000000,0.000000,0.000000,0.012160,0.000000,0.910900,-18.905417,-2.732489,-5.926105,20.000000
1.912000,9,"LINK_TORSO_YAW",1.759000,0.200000,0.153000,-20.000000,0.000000,0.000000,20.000000,0.000000,0.000000,0.000000,0.000000,0.012160,0.000000,0.910900,-18.900061,-2.729640,-5.944473,20.000000
1.913000,9,"LINK_TORSO_YAW",1.759000,0.200000,0.154000,-20.000000,0.000000,0.000000,20.000000,0.000000,0.000000,0.000000,0.000000,0.012160,0.000000,0.910900,-18.894830,-2.726803,-5.962376,20.000000
1.914000,9,"LINK_TORSO_YAW",1.759000,0.200000,0.155000,-20.000000,0.000000,0.000000,20.000000,0.000000,0.000000,0.000000,0.000000,0.012160,0.000000,0.910900,-18.889713,-2.723984,-5.979854,20.000000
1.915000,9,"LINK_TORSO_YAW",1.759000,0.200000,0.156000,-20.000000,0.000000,0.000000,20.000000,0.000000,0.000000,0.000000,0.000000,0.012160,0.000000,0.910900,-18.884697,-2.721193,-5.996943,20.000000
1.917000,9,"LINK_TORSO_YAW",1.759000,0.200000,0.158000,-20.000000,0.000000,0.000000,20.000000,0.000000,0.000000,0.000000,0.000000,0.012160,0.000000,0.910900,-18.875001,-2.715772,-6.029835,20.000000
1.918000,9,"LINK_TORSO_YAW",1.759000,0.200000,0.159000,-20.000000,0.000000,0.000000,20.000000,0.000000,0.000000,0.000000,0.000000,0.012160,0.000000,0.910900,-18.870546,-2.713446,-6.044809,20.000000
1.919000,9,"LINK_TORSO_YAW",1.759000,0.200000,0.160000,-20.000000,0.000000,0.000000,20.000000,0.000000,0.000000,0.000000,0.000000,0.012160,0.000000,0.910900,-18.866615,-2.711235,-6.058057,20.000000
1.920000,9,"LINK_TORSO_YAW",1.759000,0.200000,0.161000,-20.000000,0.000000,0.000000,20.000000,0.000000,0.000000,0.000000,0.000000,0.012160,0.000000,0.910900,-18.863059,-2.709100,-6.070071,20.000000
1.921000,9,"LINK_TORSO_YAW",1.759000,0.200000,0.162000,-20.000000,0.000000,0.000000,20.000000,0.000000,0.000000,0.000000,0.000000,0.012160,0.000000,0.910900,-18.859666,-2.706990,-6.081547,20.000000
1.922000,9,"LINK_TORSO_YAW",1.759000,0.200000,0.163000,-20.000000,0.000000,0.000000,20.000000,0.000000,0.000000,0.000000,0.000000,0.012160,0.000000,0.910900,-18.856419,-2.704925,-6.092522,20.000000
1.923000,9,"LINK_TORSO_YAW",1.759000,0.200000,0.164000,-20.000000,0.000000,0.000000,20.000000,0.000000,0.000000,0.000000,0.000000,0.012160,0.000000,0.910900,-18.853305,-2.702925,-6.103038,20.000000
1.926000,9,"LINK_TORSO_YAW",1.759000,0.200000,0.167000,-20.000000,0.000000,0.000000,20.000000,0.000000,0.000000,0.000000,0.000000,0.012160,0.000000,0.910900,-18.844559,-2.697576,-6.132347,20.000000
1.927000,9,"LINK_TORSO_YAW",1.759000,0.200000,0.168000,-20.000000,0.000000,0.000000,20.000000,0.000000,0.000000,0.000000,0.000000,0.012160,0.000000,0.910900,-18.841752,-2.695619,-6.141825,20.000000
1.928000,9,"LINK_TORSO_YAW",1.759000,0.200000,0.169000,-20.000000,0.000000,0.000000,20.000000,0.000000,0.000000,0.000000,0.000000,0.012160,0.000000,0.910900,-18.838918,-2.693796,-6.151310,20.000000
1.929000,9,"LINK_TORSO_YAW",1.759000,0.200000,0.170000,-20.000000,0.000000,0.000000,20.000000,0.000000,0.000000,0.000000,0.000000,0.012160,0.000000,0.910900,-18.836379,-2.692242,-6.159761,20.000000
1.930000,9,"LINK_TORSO_YAW",1.759000,0.200000,0.171000,-20.000000,0.000000,0.000000,20.000000,0.000000,0.000000,0.000000,0.000000,0.012160,0.000000,0.910900,-18.834186,-2.690914,-6.167044,20.000000
1.931000,9,"LINK_TORSO_YAW",1.759000,0.200000,0.172000,-20.000000,0.000000,0.000000,20.000000,0.000000,0.000000,0.000000,0.000000,0.012160,0.000000,0.910900,-18.832068,-2.689555,-6.174099,20.000000
1.932000,9,"LINK_TORSO_YAW",1.759000,0.200000,0.173000,-20.000000,0.000000,0.000000,20.000000,0.000000,0.000000,0.000000,0.000000,0.012160,0.000000,0.910900,-18.829991,-2.688386,-6.180939,20.000000
1.933000,9,"LINK_TORSO_YAW",1.759000,0.200000,0.174000,-20.000000,0.000000,0.000000,20.000000,0.000000,0.000000,0.000000,0.000000,0.012160,0.000000,0.910900,-18.827941,-2.687422,-6.187599,20.000000
1.934000,9,"LINK_TORSO_YAW",1.759000,0.200000,0.175000,-20.000000,0.000000,0.000000,20.000000,0.000000,0.000000,0.000000,0.000000,0.012160,0.000000,0.910900,-18.825906,-2.686677,-6.194114,20.000000
1.936000,9,"LINK_TORSO_YAW",1.759000,0.200000,0.177000,-20.000000,0.000000,0.000000,20.000000,0.000000,0.000000,0.000000,0.000000,0.012160,0.000000,0.910900,-18.821807,-2.685902,-6.206893,20.000000
1.937000,9,"LINK_TORSO_YAW",1.759000,0.200000,0.178000,-20.000000,0.000000,0.000000,20.000000,0.000000,0.000000,0.000000,0.000000,0.012160,0.000000,0.910900,-18.819773,-2.685260,-6.213334,20.000000
2.161000,10,"LINK_TORSO_YAW",2.160000,0.200000,0.001000,0.000000,20.000000,0.000000,20.000000,0.000000,0.000000,0.000000,0.000000,0.012160,0.000000,0.910900,-5.084259,19.342477,0.137455,20.000000
2.162000,10,"LINK_TORSO_YAW",2.160000,0.200000,0.002000,0.000000,20.000000,0.000000,20.000000,0.000000,0.000000,0.000000,0.000000,0.012160,0.000000,0.910900,-5.083342,19.342708,0.138913,20.000000
2.163000,10,"LINK_TORSO_YAW",2.160000,0.200000,0.003000,0.000000,20.000000,0.000000,20.000000,0.000000,0.000000,0.000000,0.000000,0.012160,0.000000,0.910900,-5.082462,19.342929,0.140337,20.000000
2.164000,10,"LINK_TORSO_YAW",2.160000,0.200000,0.004000,0.000000,20.000000,0.000000,20.000000,0.000000,0.000000,0.000000,0.000000,0.012160,0.000000,0.910900,-5.081614,19.343141,0.141700,20.000000
2.165000,10,"LINK_TORSO_YAW",2.160000,0.200000,0.005000,0.000000,20.000000,0.000000,20.000000,0.000000,0.000000,0.000000,0.000000,0.012160,0.000000,0.910900,-5.080797,19.343347,0.142970,20.000000
2.166000,10,"LINK_TORSO_YAW",2.160000,0.200000,0.006000,0.000000,20.000000,0.000000,20.000000,0.000000,0.000000,0.000000,0.000000,0.012160,0.000000,0.910900,-5.079983,19.343552,0.144128,20.000000
2.167000,10,"LINK_TORSO_YAW",2.160000,0.200000,0.007000,0.000000,20.000000,0.000000,20.000000,0.000000,0.000000,0.000000,0.000000,0.012160,0.000000,0.910900,-5.079216,19.343746,0.145134,20.000000
2.168000,10,"LINK_TORSO_YAW",2.160000,0.200000,0.008000,0.000000,20.000000,0.000000,20.000000,0.000000,0.000000,0.000000,0.000000,0.012160,0.000000,0.910900,-5.078475,19.343934,0.145968,20.000000
2.169000,10,"LINK_TORSO_YAW",2.160000,0.200000,0.009000,0.000000,20.000000,0.000000,20.000000,0.000000,0.000000,0.000000,0.000000,0.012160,0.000000,0.910900,-5.077759,19.344117,0.146609,20.000000
2.170000,10,"LINK_TORSO_YAW",2.160000,0.200000,0.010000,0.000000,20.000000,0.000000,20.000000,0.000000,0.000000,0.000000,0.000000,0.012160,0.000000,0.910900,-5.077068,19.344295,0.147038,20.000000
2.171000,10,"LINK_TORSO_YAW",2.160000,0.200000,0.011000,0.000000,20.000000,0.000000,20.000000,0.000000,0.000000,0.000000,0.000000,0.012160,0.000000,0.910900,-5.076376,19.344475,0.147240,20.000000
2.172000,10,"LINK_TORSO_YAW",2.160000,0.200000,0.012000,0.000000,20.000000,0.000000,20.000000,0.000000,0.000000,0.000000,0.000000,0.012160,0.000000,0.910900,-5.075679,19.344659,0.147186,20.000000
2.173000,10,"LINK_TORSO_YAW",2.160000,0.200000,0.013000,0.000000,20.000000,0.000000,20.000000,0.000000,0.000000,0.000000,0.000000,0.012160,0.000000,0.910900,-5.074981,19.344842,0.147146,20.000000
2.174000,10,"LINK_TORSO_YAW",2.160000,0.200000,0.014000,0.000000,20.000000,0.000000,20.000000,0.000000,0.000000,0.000000,0.000000,0.012160,0.000000,0.910900,-5.074281,19.345026,0.147084,20.000000
2.175000,10,"LINK_TORSO_YAW",2.160000,0.200000,0.015000,0.000000,20.000000,0.000000,20.000000,0.000000,0.000000,0.000000,0.000000,0.012160,0.000000,0.910900,-5.073526,19.345225,0.146990,20.000000
2.176000,10,"LINK_TORSO_YAW",2.160000,0.200000,0.016000,0.000000,20.000000,0.000000,20.000000,0.000000,0.000000,0.000000,0.000000,0.012160,0.000000,0.910900,-5.072818,19.345412,0.146810,20.000000
2.177000,10,"LINK_TORSO_YAW",2.160000,0.200000,0.017000,0.000000,20.000000,0.000000,20.000000,0.000000,0.000000,0.000000,0.000000,0.012160,0.000000,0.910900,-5.072081,19.345607,0.146570,20.000000
2.178000,10,"LINK_TORSO_YAW",2.160000,0.200000,0.018000,0.000000,20.000000,0.000000,20.000000,0.000000,0.000000,0.000000,0.000000,0.012160,0.000000,0.910900,-5.071319,19.345809,0.146233,20.000000
2.179000,10,"LINK_TORSO_YAW",2.160000,0.200000,0.019000,0.000000,20.000000,0.000000,20.000000,0.000000,0.000000,0.000000,0.000000,0.012160,0.000000,0.910900,-5.070535,19.346018,0.145767,20.000000
2.180000,10,"LINK_TORSO_YAW",2.160000,0.200000,0.020000,0.000000,20.000000,0.000000,20.000000,0.000000,0.000000,0.000000,0.000000,0.012160,0.000000,0.910900,-5.069730,19.346234,0.145143,20.000000
2.181000,10,"LINK_TORSO_YAW",2.160000,0.200000,0.021000,0.000000,20.000000,0.000000,20.000000,0.000000,0.000000,0.000000,0.000000,0.012160,0.000000,0.910900,-5.068909,19.346455,0.144339,20.000000
2.182000,10,"LINK_TORSO_YAW",2.160000,0.200000,0.022000,0.000000,20.000000,0.000000,20.000000,0.000000,0.000000,0.000000,0.000000,0.012160,0.000000,0.910900,-5.068076,19.346681,0.143334,20.000000
2.183000,10,"LINK_TORSO_YAW",2.160000,0.200000,0.023000,0.000000,20.000000,0.000000,20.000000,0.000000,0.000000,0.000000,0.000000,0.012160,0.000000,0.910900,-5.067232,19.346909,0.142373,20.000000
2.184000,10,"LINK_TORSO_YAW",2.160000,0.200000,0.024000,0.000000,20.000000,0.000000,20.000000,0.000000,0.000000,0.000000,0.000000,0.012160,0.000000,0.910900,-5.066335,19.347150,0.141487,20.000000
2.185000,10,"LINK_TORSO_YAW",2.160000,0.200000,0.025000,0.000000,20.000000,0.000000,20.000000,0.000000,0.000000,0.000000,0.000000,0.012160,0.000000,0.910900,-5.065362,19.347411,0.140666,20.000000
2.186000,10,"LINK_TORSO_YAW",2.160000,0.200000,0.026000,0.000000,20.000000,0.000000,20.000000,0.000000,0.000000,0.000000,0.000000,0.012160,0.000000,0.910900,-5.064389,19.347672,0.139844,20.000000
2.187000,10,"LINK_TORSO_YAW",2.160000,0.200000,0.027000,0.000000,20.000000,0.000000,20.000000,0.000000,0.000000,0.000000,0.000000,0.012160,0.000000,0.910900,-5.063375,19.347943,0.138996,20.000000
2.188000,10,"LINK_TORSO_YAW",2.160000,0.200000,0.028000,0.000000,20.000000,0.000000,20.000000,0.000000,0.000000,0.000000,0.000000,0.012160,0.000000,0.910900,-5.062326,19.348224,0.138111,20.000000
2.189000,10,"LINK_TORSO_YAW",2.160000,0.200000,0.029000,0.000000,20.000000,0.000000,20.000000,0.000000,0.000000,0.000000,0.000000,0.012160,0.000000,0.910900,-5.061247,19.348513,0.137153,20.000000
2.190000,10,"LINK_TORSO_YAW",2.160000,0.200000,0.030000,0.000000,20.000000,0.000000,20.000000,0.000000,0.000000,0.000000,0.000000,0.012160,0.000000,0.910900,-5.060145,19.348809,0.136090,20.000000
2.191000,10,"LINK_TORSO_YAW",2.160000,0.200000,0.031000,0.000000,20.000000,0.000000,20.000000,0.000000,0.000000,0.000000,0.000000,0.012160,0.000000,0.910900,-5.059001,19.349117,0.134893,20.000000
2.192000,10,"LINK_TORSO_YAW",2.160000,0.200000,0.032000,0.000000,20.000000,0.000000,20.000000,0.000000,0.000000,0.000000,0.000000,0.012160,0.000000,0.910900,-5.057850,19.349425,0.133815,20.000000
2.193000,10,"LINK_TORSO_YAW",2.160000,0.200000,0.033000,0.000000,20.000000,0.000000,20.000000,0.000000,0.000000,0.000000,0.000000,0.012160,0.000000,0.910900,-5.056705,19.349731,0.132792,20.000000
2.194000,10,"LINK_TORSO_YAW",2.160000,0.200000,0.034000,0.000000,20.000000,0.000000,20.000000,0.000000,0.000000,0.000000,0.000000,0.012160,0.000000,0.910900,-5.055536,19.350043,0.131836,20.000000
2.195000,10,"LINK_TORSO_YAW",2.160000,0.200000,0.035000,0.000000,20.000000,0.000000,20.000000,0.000000,0.000000,0.000000,0.000000,0.012160,0.000000,0.910900,-5.054322,19.350367,0.130923,20.000000
2.196000,10,"LINK_TORSO_YAW",2.160000,0.200000,0.036000,0.000000,20.000000,0.000000,20.000000,0.000000,0.000000,0.000000,0.000000,0.012160,0.000000,0.910900,-5.053115,19.350688,0.130010,20.000000
2.197000,10,"LINK_TORSO_YAW",2.160000,0.200000,0.037000,0.000000,20.000000,0.000000,20.000000,0.000000,0.000000,0.000000,0.000000,0.012160,0.000000,0.910900,-5.051899,19.351012,0.129080,20.000000
2.198000,10,"LINK_TORSO_YAW",2.160000,0.200000,0.038000,0.000000,20.000000,0.000000,20.000000,0.000000,0.000000,0.000000,0.000000,0.012160,0.000000,0.910900,-5.050706,19.351330,0.128067,20.000000
2.199000,10,"LINK_TORSO_YAW",2.160000,0.200000,0.039000,0.000000,20.000000,0.000000,20.000000,0.000000,0.000000,0.000000,0.000000,0.012160,0.000000,0.910900,-5.049480,19.351657,0.126960,20.000000
2.200000,10,"LINK_TORSO_YAW",2.160000,0.200000,0.040000,0.000000,20.000000,0.000000,20.000000,0.000000,0.000000,0.000000,0.000000,0.012160,0.000000,0.910900,-5.048284,19.351977,0.125722,20.000000
2.201000,10,"LINK_TORSO_YAW",2.160000,0.200000,0.041000,0.000000,20.000000,0.000000,20.000000,0.000000,0.000000,0.000000,0.000000,0.012160,0.000000,0.910900,-5.047074,19.352302,0.124352,20.000000
2.202000,10,"LINK_TORSO_YAW",2.160000,0.200000,0.042000,0.000000,20.000000,0.000000,20.000000,0.000000,0.000000,0.000000,0.000000,0.012160,0.000000,0.910900,-5.045828,19.352634,0.123144,20.000000
2.203000,10,"LINK_TORSO_YAW",2.160000,0.200000,0.043000,0.000000,20.000000,0.000000,20.000000,0.000000,0.000000,0.000000,0.000000,0.012160,0.000000,0.910900,-5.044605,19.352960,0.122028,20.000000
2.204000,10,"LINK_TORSO_YAW",2.160000,0.200000,0.044000,0.000000,20.000000,0.000000,20.000000,0.000000,0.000000,0.000000,0.000000,0.012160,0.000000,0.910900,-5.043377,19.353287,0.120977,20.000000
2.205000,10,"LINK_TORSO_YAW",2.160000,0.200000,0.045000,0.000000,20.000000,0.000000,20.000000,0.000000,0.000000,0.000000,0.000000,0.012160,0.000000,0.910900,-5.042127,19.353619,0.119965,20.000000
2.206000,10,"LINK_TORSO_YAW",2.160000,0.200000,0.046000,0.000000,20.000000,0.000000,20.000000,0.000000,0.000000,0.000000,0.000000,0.012160,0.000000,0.910900,-5.040888,19.353948,0.118968,20.000000
2.207000,10,"LINK_TORSO_YAW",2.160000,0.200000,0.047000,0.000000,20.000000,0.000000,20.000000,0.000000,0.000000,0.000000,0.000000,0.012160,0.000000,0.910900,-5.039642,19.354278,0.117949,20.000000
2.208000,10,"LINK_TORSO_YAW",2.160000,0.200000,0.048000,0.000000,20.000000,0.000000,20.000000,0.000000,0.000000,0.000000,0.000000,0.012160,0.000000,0.910900,-5.038350,19.354621,0.116895,20.000000
2.209000,10,"LINK_TORSO_YAW",2.160000,0.200000,0.049000,0.000000,20.000000,0.000000,20.000000,0.000000,0.000000,0.000000,0.000000,0.012160,0.000000,0.910900,-5.037077,19.354959,0.115766,20.000000
2.210000,10,"LINK_TORSO_YAW",2.160000,0.200000,0.050000,0.000000,20.000000,0.000000,20.000000,0.000000,0.000000,0.000000,0.000000,0.012160,0.000000,0.910900,-5.035786,19.355302,0.114550,20.000000
2.211000,10,"LINK_TORSO_YAW",2.160000,0.200000,0.051000,0.000000,20.000000,0.000000,20.000000,0.000000,0.000000,0.000000,0.000000,0.012160,0.000000,0.910900,-5.034546,19.355633,0.113177,20.000000
2.212000,10,"LINK_TORSO_YAW",2.160000,0.200000,0.052000,0.000000,20.000000,0.000000,20.000000,0.000000,0.000000,0.000000,0.000000,0.012160,0.000000,0.910900,-5.033282,19.355971,0.111635,20.000000
2.213000,10,"LINK_TORSO_YAW",2.160000,0.200000,0.053000,0.000000,20.000000,0.000000,20.000000,0.000000,0.000000,0.000000,0.000000,0.012160,0.000000,0.910900,-5.032011,19.356309,0.110225,20.000000
2.214000,10,"LINK_TORSO_YAW",2.160000,0.200000,0.054000,0.000000,20.000000,0.000000,20.000000,0.000000,0.000000,0.000000,0.000000,0.012160,0.000000,0.910900,-5.030779,19.356637,0.108954,20.000000
2.215000,10,"LINK_TORSO_YAW",2.160000,0.200000,0.055000,0.000000,20.000000,0.000000,20.000000,0.000000,0.000000,0.000000,0.000000,0.012160,0.000000,0.910900,-5.029543,19.356965,0.107754,20.000000
2.216000,10,"LINK_TORSO_YAW",2.160000,0.200000,0.056000,0.000000,20.000000,0.000000,20.000000,0.000000,0.000000,0.000000,0.000000,0.012160,0.000000,0.910900,-5.028309,19.357292,0.106604,20.000000
2.217000,10,"LINK_TORSO_YAW",2.160000,0.200000,0.057000,0.000000,20.000000,0.000000,20.000000,0.000000,0.000000,0.000000,0.000000,0.012160,0.000000,0.910900,-5.027087,19.357615,0.105491,20.000000
2.218000,10,"LINK_TORSO_YAW",2.160000,0.200000,0.058000,0.000000,20.000000,0.000000,20.000000,0.000000,0.000000,0.000000,0.000000,0.012160,0.000000,0.910900,-5.025914,19.357926,0.104346,20.000000
2.219000,10,"LINK_TORSO_YAW",2.160000,0.200000,0.059000,0.000000,20.000000,0.000000,20.000000,0.000000,0.000000,0.000000,0.000000,0.012160,0.000000,0.910900,-5.024740,19.358237,0.103154,20.000000
2.220000,10,"LINK_TORSO_YAW",2.160000,0.200000,0.060000,0.000000,20.000000,0.000000,20.000000,0.000000,0.000000,0.000000,0.000000,0.012160,0.000000,0.910900,-5.023527,19.358559,0.101908,20.000000
2.221000,10,"LINK_TORSO_YAW",2.160000,0.200000,0.061000,0.000000,20.000000,0.000000,20.000000,0.000000,0.000000,0.000000,0.000000,0.012160,0.000000,0.910900,-5.022379,19.358863,0.100587,20.000000
2.222000,10,"LINK_TORSO_YAW",2.160000,0.200000,0.062000,0.000000,20.000000,0.000000,20.000000,0.000000,0.000000,0.000000,0.000000,0.012160,0.000000,0.910900,-5.021244,19.359165,0.099122,20.000000
2.223000,10,"LINK_TORSO_YAW",2.160000,0.200000,0.063000,0.000000,20.000000,0.000000,20.000000,0.000000,0.000000,0.000000,0.000000,0.012160,0.000000,0.910900,-5.020089,19.359473,0.097500,20.000000
2.224000,10,"LINK_TORSO_YAW",2.160000,0.200000,0.064000,0.000000,20.000000,0.000000,20.000000,0.000000,0.000000,0.000000,0.000000,0.012160,0.000000,0.910900,-5.018941,19.359778,0.096024,20.000000
2.225000,10,"LINK_TORSO_YAW",2.160000,0.200000,0.065000,0.000000,20.000000,0.000000,20.000000,0.000000,0.000000,0.000000,0.000000,0.012160,0.000000,0.910900,-5.017852,19.360067,0.094665,20.000000
2.226000,10,"LINK_TORSO_YAW",2.160000,0.200000,0.066000,0.000000,20.000000,0.000000,20.000000,0.000000,0.000000,0.000000,0.000000,0.012160,0.000000,0.910900,-5.016742,19.360361,0.093401,20.000000
2.227000,10,"LINK_TORSO_YAW",2.160000,0.200000,0.067000,0.000000,20.000000,0.000000,20.000000,0.000000,0.000000,0.000000,0.000000,0.012160,0.000000,0.910900,-5.015618,19.360658,0.092219,20.000000
2.228000,10,"LINK_TORSO_YAW",2.160000,0.200000,0.068000,0.000000,20.000000,0.000000,20.000000,0.000000,0.000000,0.000000,0.000000,0.012160,0.000000,0.910900,-5.014535,19.360944,0.091090,20.000000
2.229000,10,"LINK_TORSO_YAW",2.160000,0.200000,0.069000,0.000000,20.000000,0.000000,20.000000,0.000000,0.000000,0.000000,0.000000,0.012160,0.000000,0.910900,-5.013434,19.361234,0.089955,20.000000
2.230000,10,"LINK_TORSO_YAW",2.160000,0.200000,0.070000,0.000000,20.000000,0.000000,20.000000,0.000000,0.000000,0.000000,0.000000,0.012160,0.000000,0.910900,-5.012278,19.361539,0.088825,20.000000
2.231000,10,"LINK_TORSO_YAW",2.160000,0.200000,0.071000,0.000000,20.000000,0.000000,20.000000,0.000000,0.000000,0.000000,0.000000,0.012160,0.000000,0.910900,-5.011141,19.361837,0.087865,20.000000
2.232000,10,"LINK_TORSO_YAW",2.160000,0.200000,0.072000,0.000000,20.000000,0.000000,20.000000,0.000000,0.000000,0.000000,0.000000,0.012160,0.000000,0.910900,-5.010058,19.362121,0.087053,20.000000
2.233000,10,"LINK_TORSO_YAW",2.160000,0.200000,0.073000,0.000000,20.000000,0.000000,20.000000,0.000000,0.000000,0.000000,0.000000,0.012160,0.000000,0.910900,-5.008934,19.362415,0.086329,20.000000
2.234000,10,"LINK_TORSO_YAW",2.160000,0.200000,0.074000,0.000000,20.000000,0.000000,20.000000,0.000000,0.000000,0.000000,0.000000,0.012160,0.000000,0.910900,-5.007833,19.362703,0.085660,20.000000
2.235000,10,"LINK_TORSO_YAW",2.160000,0.200000,0.075000,0.000000,20.000000,0.000000,20.000000,0.000000,0.000000,0.000000,0.000000,0.012160,0.000000,0.910900,-5.006776,19.362979,0.085014,20.000000
2.236000,10,"LINK_TORSO_YAW",2.160000,0.200000,0.076000,0.000000,20.000000,0.000000,20.000000,0.000000,0.000000,0.000000,0.000000,0.012160,0.000000,0.910900,-5.005727,19.363253,0.084425,20.000000
2.237000,10,"LINK_TORSO_YAW",2.160000,0.200000,0.077000,0.000000,20.000000,0.000000,20.000000,0.000000,0.000000,0.000000,0.000000,0.012160,0.000000,0.910900,-5.004652,19.363534,0.083788,20.000000
2.238000,10,"LINK_TORSO_YAW",2.160000,0.200000,0.078000,0.000000,20.000000,0.000000,20.000000,0.000000,0.000000,0.000000,0.000000,0.012160,0.000000,0.910900,-5.003578,19.363814,0.083111,20.000000
2.239000,10,"LINK_TORSO_YAW",2.160000,0.200000,0.079000,0.000000,20.000000,0.000000,20.000000,0.000000,0.000000,0.000000,0.000000,0.012160,0.000000,0.910900,-5.002521,19.364090,0.082354,20.000000
2.240000,10,"LINK_TORSO_YAW",2.160000,0.200000,0.080000,0.000000,20.000000,0.000000,20.000000,0.000000,0.000000,0.000000,0.000000,0.012160,0.000000,0.910900,-5.001564,19.364341,0.081483,20.000000
2.241000,10,"LINK_TORSO_YAW",2.160000,0.200000,0.081000,0.000000,20.000000,0.000000,20.000000,0.000000,0.000000,0.000000,0.000000,0.012160,0.000000,0.910900,-5.000586,19.364598,0.080419,20.000000
2.242000,10,"LINK_TORSO_YAW",2.160000,0.200000,0.082000,0.000000,20.000000,0.000000,20.000000,0.000000,0.000000,0.000000,0.000000,0.012160,0.000000,0.910900,-4.999595,19.364858,0.079575,20.000000
2.243000,10,"LINK_TORSO_YAW",2.160000,0.200000,0.083000,0.000000,20.000000,0.000000,20.000000,0.000000,0.000000,0.000000,0.000000,0.012160,0.000000,0.910900,-4.998598,19.365118,0.078900,20.000000
2.244000,10,"LINK_TORSO_YAW",2.160000,0.200000,0.084000,0.000000,20.000000,0.000000,20.000000,0.000000,0.000000,0.000000,0.000000,0.012160,0.000000,0.910900,-4.997692,19.365354,0.078370,20.000000
2.245000,10,"LINK_TORSO_YAW",2.160000,0.200000,0.085000,0.000000,20.000000,0.000000,20.000000,0.000000,0.000000,0.000000,0.000000,0.012160,0.000000,0.910900,-4.996731,19.365604,0.077930,20.000000
2.246000,10,"LINK_TORSO_YAW",2.160000,0.200000,0.086000,0.000000,20.000000,0.000000,20.000000,0.000000,0.000000,0.000000,0.000000,0.012160,0.000000,0.910900,-4.995766,19.365854,0.077528,20.000000
2.247000,10,"LINK_TORSO_YAW",2.160000,0.200000,0.087000,0.000000,20.000000,0.000000,20.000000,0.000000,0.000000,0.000000,0.000000,0.012160,0.000000,0.910900,-4.994928,19.366072,0.077144,20.000000
2.248000,10,"LINK_TORSO_YAW",2.160000,0.200000,0.088000,0.000000,20.000000,0.000000,20.000000,0.000000,0.000000,0.000000,0.000000,0.012160,0.000000,0.910900,-4.994101,19.366287,0.076709,20.000000
2.249000,10,"LINK_TORSO_YAW",2.160000,0.200000,0.089000,0.000000,20.000000,0.000000,20.000000,0.000000,0.000000,0.000000,0.000000,0.012160,0.000000,0.910900,-4.993178,19.366527,0.076240,20.000000
2.250000,10,"LINK_TORSO_YAW",2.160000,0.200000,0.090000,0.000000,20.000000,0.000000,20.000000,0.000000,0.000000,0.000000,0.000000,0.012160,0.000000,0.910900,-4.992164,19.366790,0.075704,20.000000
2.251000,10,"LINK_TORSO_YAW",2.160000,0.200000,0.091000,0.000000,20.000000,0.000000,20.000000,0.000000,0.000000,0.000000,0.000000,0.012160,0.000000,0.910900,-4.991165,19.367050,0.075059,20.000000
2.252000,10,"LINK_TORSO_YAW",2.160000,0.200000,0.092000,0.000000,20.000000,0.000000,20.000000,0.000000,0.000000,0.000000,0.000000,0.012160,0.000000,0.910900,-4.990039,19.367344,0.074247,20.000000
2.253000,10,"LINK_TORSO_YAW",2.160000,0.200000,0.093000,0.000000,20.000000,0.000000,20.000000,0.000000,0.000000,0.000000,0.000000,0.012160,0.000000,0.910900,-4.988931,19.367632,0.073573,20.000000
2.254000,10,"LINK_TORSO_YAW",2.160000,0.200000,0.094000,0.000000,20.000000,0.000000,20.000000,0.000000,0.000000,0.000000,0.000000,0.012160,0.000000,0.910900,-4.987948,19.367887,0.073008,20.000000
2.255000,10,"LINK_TORSO_YAW",2.160000,0.200000,0.095000,0.000000,20.000000,0.000000,20.000000,0.000000,0.000000,0.000000,0.000000,0.012160,0.000000,0.910900,-4.986727,19.368203,0.072560,20.000000
2.256000,10,"LINK_TORSO_YAW",2.160000,0.200000,0.096000,0.000000,20.000000,0.000000,20.000000,0.000000,0.000000,0.000000,0.000000,0.012160,0.000000,0.910900,-4.985337,19.368562,0.072161,20.000000
2.257000,10,"LINK_TORSO_YAW",2.160000,0.200000,0.097000,0.000000,20.000000,0.000000,20.000000,0.000000,0.000000,0.000000,0.000000,0.012160,0.000000,0.910900,-4.983935,19.368924,0.071772,20.000000
2.258000,10,"LINK_TORSO_YAW",2.160000,0.200000,0.098000,0.000000,20.000000,0.000000,20.000000,0.000000,0.000000,0.000000,0.000000,0.012160,0.000000,0.910900,-4.982341,19.369336,0.071338,20.000000
2.259000,10,"LINK_TORSO_YAW",2.160000,0.200000,0.099000,0.000000,20.000000,0.000000,20.000000,0.000000,0.000000,0.000000,0.000000,0.012160,0.000000,0.910900,-4.980671,19.369768,0.070795,20.000000
2.260000,10,"LINK_TORSO_YAW",2.160000,0.200000,0.100000,0.000000,20.000000,0.000000,20.000000,0.000000,0.000000,0.000000,0.000000,0.012160,0.000000,0.910900,-4.979049,19.370187,0.070109,20.000000
2.261000,10,"LINK_TORSO_YAW",2.160000,0.200000,0.101000,0.000000,20.000000,0.000000,20.000000,0.000000,0.000000,0.000000,0.000000,0.012160,0.000000,0.910900,-4.977291,19.370642,0.069225,20.000000
2.262000,10,"LINK_TORSO_YAW",2.160000,0.200000,0.102000,0.000000,20.000000,0.000000,20.000000,0.000000,0.000000,0.000000,0.000000,0.012160,0.000000,0.910900,-4.975373,19.371139,0.068123,20.000000
2.263000,10,"LINK_TORSO_YAW",2.160000,0.200000,0.103000,0.000000,20.000000,0.000000,20.000000,0.000000,0.000000,0.000000,0.000000,0.012160,0.000000,0.910900,-4.973375,19.371656,0.067048,20.000000
2.264000,10,"LINK_TORSO_YAW",2.160000,0.200000,0.104000,0.000000,20.000000,0.000000,20.000000,0.000000,0.000000,0.000000,0.000000,0.012160,0.000000,0.910900,-4.971124,19.372237,0.065963,20.000000
2.265000,10,"LINK_TORSO_YAW",2.160000,0.200000,0.105000,0.000000,20.000000,0.000000,20.000000,0.000000,0.000000,0.000000,0.000000,0.012160,0.000000,0.910900,-4.968896,19.372813,0.064796,20.000000
2.266000,10,"LINK_TORSO_YAW",2.160000,0.200000,0.106000,0.000000,20.000000,0.000000,20.000000,0.000000,0.000000,0.000000,0.000000,0.012160,0.000000,0.910900,-4.966282,19.373488,0.063387,20.000000
2.267000,10,"LINK_TORSO_YAW",2.160000,0.200000,0.107000,0.000000,20.000000,0.000000,20.000000,0.000000,0.000000,0.000000,0.000000,0.012160,0.000000,0.910900,-4.963636,19.374171,0.061667,20.000000
2.268000,10,"LINK_TORSO_YAW",2.160000,0.200000,0.108000,0.000000,20.000000,0.000000,20.000000,0.000000,0.000000,0.000000,0.000000,0.012160,0.000000,0.910900,-4.960706,19.374928,0.059604,20.000000
2.269000,10,"LINK_TORSO_YAW",2.160000,0.200000,0.109000,0.000000,20.000000,0.000000,20.000000,0.000000,0.000000,0.000000,0.000000,0.012160,0.000000,0.910900,-4.957712,19.375702,0.057091,20.000000
2.270000,10,"LINK_TORSO_YAW",2.160000,0.200000,0.110000,0.000000,20.000000,0.000000,20.000000,0.000000,0.000000,0.000000,0.000000,0.012160,0.000000,0.910900,-4.954754,19.376467,0.054089,20.000000
2.271000,10,"LINK_TORSO_YAW",2.160000,0.200000,0.111000,0.000000,20.000000,0.000000,20.000000,0.000000,0.000000,0.000000,0.000000,0.012160,0.000000,0.910900,-4.951459,19.377319,0.050560,20.000000
2.272000,10,"LINK_TORSO_YAW",2.160000,0.200000,0.112000,0.000000,20.000000,0.000000,20.000000,0.000000,0.000000,0.000000,0.000000,0.012160,0.000000,0.910900,-4.948129,19.378179,0.046717,20.000000
2.273000,10,"LINK_TORSO_YAW",2.160000,0.200000,0.113000,0.000000,20.000000,0.000000,20.000000,0.000000,0.000000,0.000000,0.000000,0.012160,0.000000,0.910900,-4.945100,19.378963,0.042061,20.000000
2.274000,10,"LINK_TORSO_YAW",2.160000,0.200000,0.114000,0.000000,20.000000,0.000000,20.000000,0.000000,0.000000,0.000000,0.000000,0.012160,0.000000,0.910900,-4.942486,19.379641,0.036597,20.000000
2.275000,10,"LINK_TORSO_YAW",2.160000,0.200000,0.115000,0.000000,20.000000,0.000000,20.000000,0.000000,0.000000,0.000000,0.000000,0.012160,0.000000,0.910900,-4.940304,19.380208,0.030300,20.000000
2.276000,10,"LINK_TORSO_YAW",2.160000,0.200000,0.116000,0.000000,20.000000,0.000000,20.000000,0.000000,0.000000,0.000000,0.000000,0.012160,0.000000,0.910900,-4.938157,19.380765,0.023176,20.000000
2.277000,10,"LINK_TORSO_YAW",2.160000,0.200000,0.117000,0.000000,20.000000,0.000000,20.000000,0.000000,0.000000,0.000000,0.000000,0.012160,0.000000,0.910900,-4.936288,19.381249,0.015146,20.000000
2.279000,10,"LINK_TORSO_YAW",2.160000,0.200000,0.119000,0.000000,20.000000,0.000000,20.000000,0.000000,0.000000,0.000000,0.000000,0.012160,0.000000,0.910900,-4.933914,19.381860,-0.003802,20.000000
2.280000,10,"LINK_TORSO_YAW",2.160000,0.200000,0.120000,0.000000,20.000000,0.000000,20.000000,0.000000,0.000000,0.000000,0.000000,0.012160,0.000000,0.910900,-4.933218,19.382031,-0.014874,20.000000
2.283000,10,"LINK_TORSO_YAW",2.160000,0.200000,0.123000,0.000000,20.000000,0.000000,20.000000,0.000000,0.000000,0.000000,0.000000,0.012160,0.000000,0.910900,-4.932906,19.382040,-0.054296,20.000000
2.287000,10,"LINK_TORSO_YAW",2.160000,0.200000,0.127000,0.000000,20.000000,0.000000,20.000000,0.000000,0.000000,0.000000,0.000000,0.012160,0.000000,0.910900,-4.936569,19.380832,-0.116845,20.000000
2.288000,10,"LINK_TORSO_YAW",2.160000,0.200000,0.128000,0.000000,20.000000,0.000000,20.000000,0.000000,0.000000,0.000000,0.000000,0.012160,0.000000,0.910900,-4.937943,19.380371,-0.133939,20.000000
2.290000,10,"LINK_TORSO_YAW",2.160000,0.200000,0.130000,0.000000,20.000000,0.000000,20.000000,0.000000,0.000000,0.000000,0.000000,0.012160,0.000000,0.910900,-4.941960,19.379063,-0.170095,20.000000
2.291000,10,"LINK_TORSO_YAW",2.160000,0.200000,0.131000,0.000000,20.000000,0.000000,20.000000,0.000000,0.000000,0.000000,0.000000,0.012160,0.000000,0.910900,-4.944328,19.378294,-0.188051,20.000000
2.292000,10,"LINK_TORSO_YAW",2.160000,0.200000,0.132000,0.000000,20.000000,0.000000,20.000000,0.000000,0.000000,0.000000,0.000000,0.012160,0.000000,0.910900,-4.946331,19.377610,-0.205042,20.000000
2.293000,10,"LINK_TORSO_YAW",2.160000,0.200000,0.133000,0.000000,20.000000,0.000000,20.000000,0.000000,0.000000,0.000000,0.000000,0.012160,0.000000,0.910900,-4.948186,19.376962,-0.220889,20.000000
2.294000,10,"LINK_TORSO_YAW",2.160000,0.200000,0.134000,0.000000,20.000000,0.000000,20.000000,0.000000,0.000000,0.000000,0.000000,0.012160,0.000000,0.910900,-4.950198,19.376273,-0.235747,20.000000
2.295000,10,"LINK_TORSO_YAW",2.160000,0.200000,0.135000,0.000000,20.000000,0.000000,20.000000,0.000000,0.000000,0.000000,0.000000,0.012160,0.000000,0.910900,-4.951991,19.375648,-0.249129,20.000000
2.296000,10,"LINK_TORSO_YAW",2.160000,0.200000,0.136000,0.000000,20.000000,0.000000,20.000000,0.000000,0.000000,0.000000,0.000000,0.012160,0.000000,0.910900,-4.953631,19.375069,-0.261188,20.000000
2.297000,10,"LINK_TORSO_YAW",2.160000,0.200000,0.137000,0.000000,20.000000,0.000000,20.000000,0.000000,0.000000,0.000000,0.000000,0.012160,0.000000,0.910900,-4.955154,19.374531,-0.272030,20.000000
2.298000,10,"LINK_TORSO_YAW",2.160000,0.200000,0.138000,0.000000,20.000000,0.000000,20.000000,0.000000,0.000000,0.000000,0.000000,0.012160,0.000000,0.910900,-4.956979,19.373924,-0.281813,20.000000
2.299000,10,"LINK_TORSO_YAW",2.160000,0.200000,0.139000,0.000000,20.000000,0.000000,20.000000,0.000000,0.000000,0.000000,0.000000,0.012160,0.000000,0.910900,-4.958669,19.373362,-0.290635,20.000000
2.300000,10,"LINK_TORSO_YAW",2.160000,0.200000,0.140000,0.000000,20.000000,0.000000,20.000000,0.000000,0.000000,0.000000,0.000000,0.012160,0.000000,0.910900,-4.960276,19.372828,-0.298636,20.000000
2.301000,10,"LINK_TORSO_YAW",2.160000,0.200000,0.141000,0.000000,20.000000,0.000000,20.000000,0.000000,0.000000,0.000000,0.000000,0.012160,0.000000,0.910900,-4.961813,19.372321,-0.305935,20.000000
2.302000,10,"LINK_TORSO_YAW",2.160000,0.200000,0.142000,0.000000,20.000000,0.000000,20.000000,0.000000,0.000000,0.000000,0.000000,0.012160,0.000000,0.910900,-4.963299,19.371833,-0.312626,20.000000
2.303000,10,"LINK_TORSO_YAW",2.160000,0.200000,0.143000,0.000000,20.000000,0.000000,20.000000,0.000000,0.000000,0.000000,0.000000,0.012160,0.000000,0.910900,-4.964787,19.371355,-0.318605,20.000000
2.304000,10,"LINK_TORSO_YAW",2.160000,0.200000,0.144000,0.000000,20.000000,0.000000,20.000000,0.000000,0.000000,0.000000,0.000000,0.012160,0.000000,0.910900,-4.966807,19.370748,-0.323973,20.000000
2.305000,10,"LINK_TORSO_YAW",2.160000,0.200000,0.145000,0.000000,20.000000,0.000000,20.000000,0.000000,0.000000,0.000000,0.000000,0.012160,0.000000,0.910900,-4.968762,19.370165,-0.328799,20.000000
2.306000,10,"LINK_TORSO_YAW",2.160000,0.200000,0.146000,0.000000,20.000000,0.000000,20.000000,0.000000,0.000000,0.000000,0.000000,0.012160,0.000000,0.910900,-4.970679,19.369599,-0.333153,20.000000
2.307000,10,"LINK_TORSO_YAW",2.160000,0.200000,0.147000,0.000000,20.000000,0.000000,20.000000,0.000000,0.000000,0.000000,0.000000,0.012160,0.000000,0.910900,-4.972575,19.369044,-0.337096,20.000000
2.308000,10,"LINK_TORSO_YAW",2.160000,0.200000,0.148000,0.000000,20.000000,0.000000,20.000000,0.000000,0.000000,0.000000,0.000000,0.012160,0.000000,0.910900,-4.974489,19.368488,-0.340769,20.000000
2.309000,10,"LINK_TORSO_YAW",2.160000,0.200000,0.149000,0.000000,20.000000,0.000000,20.000000,0.000000,0.000000,0.000000,0.000000,0.012160,0.000000,0.910900,-4.976406,19.367935,-0.344214,20.000000
2.310000,10,"LINK_TORSO_YAW",2.160000,0.200000,0.150000,0.000000,20.000000,0.000000,20.000000,0.000000,0.000000,0.000000,0.000000,0.012160,0.000000,0.910900,-4.978530,19.367329,-0.347553,20.000000
2.311000,10,"LINK_TORSO_YAW",2.160000,0.200000,0.151000,0.000000,20.000000,0.000000,20.000000,0.000000,0.000000,0.000000,0.000000,0.012160,0.000000,0.910900,-4.980650,19.366725,-0.350811,20.000000
2.312000,10,"LINK_TORSO_YAW",2.160000,0.200000,0.152000,0.000000,20.000000,0.000000,20.000000,0.000000,0.000000,0.000000,0.000000,0.012160,0.000000,0.910900,-4.982741,19.366134,-0.353751,20.000000
2.313000,10,"LINK_TORSO_YAW",2.160000,0.200000,0.153000,0.000000,20.000000,0.000000,20.000000,0.000000,0.000000,0.000000,0.000000,0.012160,0.000000,0.910900,-4.984823,19.365549,-0.356417,20.000000
2.314000,10,"LINK_TORSO_YAW",2.160000,0.200000,0.154000,0.000000,20.000000,0.000000,20.000000,0.000000,0.000000,0.000000,0.000000,0.012160,0.000000,0.910900,-4.986884,19.364973,-0.358877,20.000000
2.315000,10,"LINK_TORSO_YAW",2.160000,0.200000,0.155000,0.000000,20.000000,0.000000,20.000000,0.000000,0.000000,0.000000,0.000000,0.012160,0.000000,0.910900,-4.988864,19.364419,-0.361251,20.000000
2.316000,10,"LINK_TORSO_YAW",2.160000,0.200000,0.156000,0.000000,20.000000,0.000000,20.000000,0.000000,0.000000,0.000000,0.000000,0.012160,0.000000,0.910900,-4.990823,19.363871,-0.363547,20.000000
2.317000,10,"LINK_TORSO_YAW",2.160000,0.200000,0.157000,0.000000,20.000000,0.000000,20.000000,0.000000,0.000000,0.000000,0.000000,0.012160,0.000000,0.910900,-4.992787,19.363323,-0.365774,20.000000
2.318000,10,"LINK_TORSO_YAW",2.160000,0.200000,0.158000,0.000000,20.000000,0.000000,20.000000,0.000000,0.000000,0.000000,0.000000,0.012160,0.000000,0.910900,-4.994753,19.362775,-0.367973,20.000000
2.319000,10,"LINK_TORSO_YAW",2.160000,0.200000,0.159000,0.000000,20.000000,0.000000,20.000000,0.000000,0.000000,0.000000,0.000000,0.012160,0.000000,0.910900,-4.996721,19.362224,-0.370210,20.000000
2.320000,10,"LINK_TORSO_YAW",2.160000,0.200000,0.160000,0.000000,20.000000,0.000000,20.000000,0.000000,0.000000,0.000000,0.000000,0.012160,0.000000,0.910900,-4.998578,19.361699,-0.372577,20.000000
2.321000,10,"LINK_TORSO_YAW",2.160000,0.200000,0.161000,0.000000,20.000000,0.000000,20.000000,0.000000,0.000000,0.000000,0.000000,0.012160,0.000000,0.910900,-5.000416,19.361177,-0.375050,20.000000
2.322000,10,"LINK_TORSO_YAW",2.160000,0.200000,0.162000,0.000000,20.000000,0.000000,20.000000,0.000000,0.000000,0.000000,0.000000,0.012160,0.000000,0.910900,-5.002259,19.360650,-0.377654,20.000000
2.323000,10,"LINK_TORSO_YAW",2.160000,0.200000,0.163000,0.000000,20.000000,0.000000,20.000000,0.000000,0.000000,0.000000,0.000000,0.012160,0.000000,0.910900,-5.004137,19.360117,-0.380117,20.000000
2.324000,10,"LINK_TORSO_YAW",2.160000,0.200000,0.164000,0.000000,20.000000,0.000000,20.000000,0.000000,0.000000,0.000000,0.000000,0.012160,0.000000,0.910900,-5.005932,19.359606,-0.382509,20.000000
2.325000,10,"LINK_TORSO_YAW",2.160000,0.200000,0.165000,0.000000,20.000000,0.000000,20.000000,0.000000,0.000000,0.000000,0.000000,0.012160,0.000000,0.910900,-5.007729,19.359095,-0.384824,20.000000
2.326000,10,"LINK_TORSO_YAW",2.160000,0.200000,0.166000,0.000000,20.000000,0.000000,20.000000,0.000000,0.000000,0.000000,0.000000,0.012160,0.000000,0.910900,-5.009560,19.358576,-0.387118,20.000000
2.327000,10,"LINK_TORSO_YAW",2.160000,0.200000,0.167000,0.000000,20.000000,0.000000,20.000000,0.000000,0.000000,0.000000,0.000000,0.012160,0.000000,0.910900,-5.011378,19.358060,-0.389384,20.000000
2.328000,10,"LINK_TORSO_YAW",2.160000,0.200000,0.168000,0.000000,20.000000,0.000000,20.000000,0.000000,0.000000,0.000000,0.000000,0.012160,0.000000,0.910900,-5.013053,19.357578,-0.391734,20.000000
2.329000,10,"LINK_TORSO_YAW",2.160000,0.200000,0.169000,0.000000,20.000000,0.000000,20.000000,0.000000,0.000000,0.000000,0.000000,0.012160,0.000000,0.910900,-5.014722,19.357098,-0.394122,20.000000
2.330000,10,"LINK_TORSO_YAW",2.160000,0.200000,0.170000,0.000000,20.000000,0.000000,20.000000,0.000000,0.000000,0.000000,0.000000,0.012160,0.000000,0.910900,-5.016382,19.356617,-0.396603,20.000000
2.331000,10,"LINK_TORSO_YAW",2.160000,0.200000,0.171000,0.000000,20.000000,0.000000,20.000000,0.000000,0.000000,0.000000,0.000000,0.012160,0.000000,0.910900,-5.018037,19.356135,-0.399196,20.000000
2.332000,10,"LINK_TORSO_YAW",2.160000,0.200000,0.172000,0.000000,20.000000,0.000000,20.000000,0.000000,0.000000,0.000000,0.000000,0.012160,0.000000,0.910900,-5.019560,19.355682,-0.401980,20.000000
2.333000,10,"LINK_TORSO_YAW",2.160000,0.200000,0.173000,0.000000,20.000000,0.000000,20.000000,0.000000,0.000000,0.000000,0.000000,0.012160,0.000000,0.910900,-5.021073,19.355234,-0.404664,20.000000
2.334000,10,"LINK_TORSO_YAW",2.160000,0.200000,0.174000,0.000000,20.000000,0.000000,20.000000,0.000000,0.000000,0.000000,0.000000,0.012160,0.000000,0.910900,-5.022527,19.354802,-0.407291,20.000000
2.335000,10,"LINK_TORSO_YAW",2.160000,0.200000,0.175000,0.000000,20.000000,0.000000,20.000000,0.000000,0.000000,0.000000,0.000000,0.012160,0.000000,0.910900,-5.023956,19.354376,-0.409882,20.000000
2.336000,10,"LINK_TORSO_YAW",2.160000,0.200000,0.176000,0.000000,20.000000,0.000000,20.000000,0.000000,0.000000,0.000000,0.000000,0.012160,0.000000,0.910900,-5.025147,19.354011,-0.412521,20.000000
2.337000,10,"LINK_TORSO_YAW",2.160000,0.200000,0.177000,0.000000,20.000000,0.000000,20.000000,0.000000,0.000000,0.000000,0.000000,0.012160,0.000000,0.910900,-5.026323,19.353648,-0.415187,20.000000
2.338000,10,"LINK_TORSO_YAW",2.160000,0.200000,0.178000,0.000000,20.000000,0.000000,20.000000,0.000000,0.000000,0.000000,0.000000,0.012160,0.000000,0.910900,-5.027477,19.353289,-0.417934,20.000000
2.339000,10,"LINK_TORSO_YAW",2.160000,0.200000,0.179000,0.000000,20.000000,0.000000,20.000000,0.000000,0.000000,0.000000,0.000000,0.012160,0.000000,0.910900,-5.028618,19.352931,-0.420773,20.000000
2.340000,10,"LINK_TORSO_YAW",2.160000,0.200000,0.180000,0.000000,20.000000,0.000000,20.000000,0.000000,0.000000,0.000000,0.000000,0.012160,0.000000,0.910900,-5.029538,19.352627,-0.423789,20.000000
2.341000,10,"LINK_TORSO_YAW",2.160000,0.200000,0.181000,0.000000,20.000000,0.000000,20.000000,0.000000,0.000000,0.000000,0.000000,0.012160,0.000000,0.910900,-5.030435,19.352324,-0.426945,20.000000
2.342000,10,"LINK_TORSO_YAW",2.160000,0.200000,0.182000,0.000000,20.000000,0.000000,20.000000,0.000000,0.000000,0.000000,0.000000,0.012160,0.000000,0.910900,-5.031289,19.352028,-0.430290,20.000000
2.343000,10,"LINK_TORSO_YAW",2.160000,0.200000,0.183000,0.000000,20.000000,0.000000,20.000000,0.000000,0.000000,0.000000,0.000000,0.012160,0.000000,0.910900,-5.032125,19.351731,-0.433840,20.000000
2.344000,10,"LINK_TORSO_YAW",2.160000,0.200000,0.184000,0.000000,20.000000,0.000000,20.000000,0.000000,0.000000,0.000000,0.000000,0.012160,0.000000,0.910900,-5.032729,19.351488,-0.437689,20.000000
2.345000,10,"LINK_TORSO_YAW",2.160000,0.200000,0.185000,0.000000,20.000000,0.000000,20.000000,0.000000,0.000000,0.000000,0.000000,0.012160,0.000000,0.910900,-5.033334,19.351245,-0.441433,20.000000
2.346000,10,"LINK_TORSO_YAW",2.160000,0.200000,0.186000,0.000000,20.000000,0.000000,20.000000,0.000000,0.000000,0.000000,0.000000,0.012160,0.000000,0.910900,-5.033903,19.351012,-0.445129,20.000000
2.347000,10,"LINK_TORSO_YAW",2.160000,0.200000,0.187000,0.000000,20.000000,0.000000,20.000000,0.000000,0.000000,0.000000,0.000000,0.012160,0.000000,0.910900,-5.034436,19.350789,-0.448802,20.000000
2.348000,10,"LINK_TORSO_YAW",2.160000,0.200000,0.188000,0.000000,20.000000,0.000000,20.000000,0.000000,0.000000,0.000000,0.000000,0.012160,0.000000,0.910900,-5.034955,19.350568,-0.452474,20.000000
2.349000,10,"LINK_TORSO_YAW",2.160000,0.200000,0.189000,0.000000,20.000000,0.000000,20.000000,0.000000,0.000000,0.000000,0.000000,0.012160,0.000000,0.910900,-5.035213,19.350413,-0.456230,20.000000
2.350000,10,"LINK_TORSO_YAW",2.160000,0.200000,0.190000,0.000000,20.000000,0.000000,20.000000,0.000000,0.000000,0.000000,0.000000,0.012160,0.000000,0.910900,-5.035447,19.350262,-0.460061,20.000000
2.351000,10,"LINK_TORSO_YAW",2.160000,0.200000,0.191000,0.000000,20.000000,0.000000,20.000000,0.000000,0.000000,0.000000,0.000000,0.012160,0.000000,0.910900,-5.035651,19.350115,-0.463990,20.000000
2.352000,10,"LINK_TORSO_YAW",2.160000,0.200000,0.192000,0.000000,20.000000,0.000000,20.000000,0.000000,0.000000,0.000000,0.000000,0.012160,0.000000,0.910900,-5.035821,19.349972,-0.468071,20.000000
2.353000,10,"LINK_TORSO_YAW",2.160000,0.200000,0.193000,0.000000,20.000000,0.000000,20.000000,0.000000,0.000000,0.000000,0.000000,0.012160,0.000000,0.910900,-5.035804,19.349879,-0.472095,20.000000
2.354000,10,"LINK_TORSO_YAW",2.160000,0.200000,0.194000,0.000000,20.000000,0.000000,20.000000,0.000000,0.000000,0.000000,0.000000,0.012160,0.000000,0.910900,-5.035737,19.349798,-0.476096,20.000000
2.355000,10,"LINK_TORSO_YAW",2.160000,0.200000,0.195000,0.000000,20.000000,0.000000,20.000000,0.000000,0.000000,0.000000,0.000000,0.012160,0.000000,0.910900,-5.035651,19.349722,-0.480098,20.000000
2.356000,10,"LINK_TORSO_YAW",2.160000,0.200000,0.196000,0.000000,20.000000,0.000000,20.000000,0.000000,0.000000,0.000000,0.000000,0.012160,0.000000,0.910900,-5.035549,19.349648,-0.484118,20.000000
2.357000,10,"LINK_TORSO_YAW",2.160000,0.200000,0.197000,0.000000,20.000000,0.000000,20.000000,0.000000,0.000000,0.000000,0.000000,0.012160,0.000000,0.910900,-5.035402,19.349583,-0.488215,20.000000
2.358000,10,"LINK_TORSO_YAW",2.160000,0.200000,0.198000,0.000000,20.000000,0.000000,20.000000,0.000000,0.000000,0.000000,0.000000,0.012160,0.000000,0.910900,-5.035051,19.349569,-0.492397,20.000000
2.359000,10,"LINK_TORSO_YAW",2.160000,0.200000,0.199000,0.000000,20.000000,0.000000,20.000000,0.000000,0.000000,0.000000,0.000000,0.012160,0.000000,0.910900,-5.034744,19.349540,-0.496650,20.000000
2.360000,10,"LINK_TORSO_YAW",2.160000,0.200000,0.200000,0.000000,20.000000,0.000000,20.000000,0.000000,0.000000,0.000000,0.000000,0.012160,0.000000,0.910900,-5.034421,19.349511,-0.501030,20.000000
2.361000,10,"LINK_TORSO_YAW",2.160000,0.200000,0.201000,0.000000,20.000000,0.000000,20.000000,0.000000,0.000000,0.000000,0.000000,0.012160,0.000000,0.910900,-5.034106,19.349475,-0.505561,20.000000
2.362000,11,"LINK_TORSO_YAW",2.361000,0.200000,0.001000,0.000000,20.000000,0.000000,20.000000,0.000000,0.000000,0.000000,0.000000,0.012160,0.000000,0.910900,-5.033667,19.349465,-0.510288,20.000000
2.363000,11,"LINK_TORSO_YAW",2.361000,0.200000,0.002000,0.000000,20.000000,0.000000,20.000000,0.000000,0.000000,0.000000,0.000000,0.012160,0.000000,0.910900,-5.033219,19.349450,-0.515236,20.000000
2.364000,11,"LINK_TORSO_YAW",2.361000,0.200000,0.003000,0.000000,20.000000,0.000000,20.000000,0.000000,0.000000,0.000000,0.000000,0.012160,0.000000,0.910900,-5.032772,19.349438,-0.520048,20.000000
2.365000,11,"LINK_TORSO_YAW",2.361000,0.200000,0.004000,0.000000,20.000000,0.000000,20.000000,0.000000,0.000000,0.000000,0.000000,0.012160,0.000000,0.910900,-5.032365,19.349417,-0.524741,20.000000
2.366000,11,"LINK_TORSO_YAW",2.361000,0.200000,0.005000,0.000000,20.000000,0.000000,20.000000,0.000000,0.000000,0.000000,0.000000,0.012160,0.000000,0.910900,-5.031766,19.349446,-0.529397,20.000000
2.367000,11,"LINK_TORSO_YAW",2.361000,0.200000,0.006000,0.000000,20.000000,0.000000,20.000000,0.000000,0.000000,0.000000,0.000000,0.012160,0.000000,0.910900,-5.031172,19.349474,-0.534015,20.000000
2.368000,11,"LINK_TORSO_YAW",2.361000,0.200000,0.007000,0.000000,20.000000,0.000000,20.000000,0.000000,0.000000,0.000000,0.000000,0.012160,0.000000,0.910900,-5.030624,19.349489,-0.538613,20.000000
2.369000,11,"LINK_TORSO_YAW",2.361000,0.200000,0.008000,0.000000,20.000000,0.000000,20.000000,0.000000,0.000000,0.000000,0.000000,0.012160,0.000000,0.910900,-5.030055,19.349508,-0.543237,20.000000
2.370000,11,"LINK_TORSO_YAW",2.361000,0.200000,0.009000,0.000000,20.000000,0.000000,20.000000,0.000000,0.000000,0.000000,0.000000,0.012160,0.000000,0.910900,-5.029492,19.349522,-0.547921,20.000000
2.371000,11,"LINK_TORSO_YAW",2.361000,0.200000,0.010000,0.000000,20.000000,0.000000,20.000000,0.000000,0.000000,0.000000,0.000000,0.012160,0.000000,0.910900,-5.028774,19.349572,-0.552712,20.000000
2.372000,11,"LINK_TORSO_YAW",2.361000,0.200000,0.011000,0.000000,20.000000,0.000000,20.000000,0.000000,0.000000,0.000000,0.000000,0.012160,0.000000,0.910900,-5.028008,19.349630,-0.557638,20.000000
2.373000,11,"LINK_TORSO_YAW",2.361000,0.200000,0.012000,0.000000,20.000000,0.000000,20.000000,0.000000,0.000000,0.000000,0.000000,0.012160,0.000000,0.910900,-5.027244,19.349689,-0.562441,20.000000
2.374000,11,"LINK_TORSO_YAW",2.361000,0.200000,0.013000,0.000000,20.000000,0.000000,20.000000,0.000000,0.000000,0.000000,0.000000,0.012160,0.000000,0.910900,-5.026525,19.349739,-0.567134,20.000000
2.375000,11,"LINK_TORSO_YAW",2.361000,0.200000,0.014000,0.000000,20.000000,0.000000,20.000000,0.000000,0.000000,0.000000,0.000000,0.012160,0.000000,0.910900,-5.025787,19.349794,-0.571782,20.000000
2.376000,11,"LINK_TORSO_YAW",2.361000,0.200000,0.015000,0.000000,20.000000,0.000000,20.000000,0.000000,0.000000,0.000000,0.000000,0.012160,0.000000,0.910900,-5.025050,19.349849,-0.576396,20.000000
2.377000,11,"LINK_TORSO_YAW",2.361000,0.200000,0.016000,0.000000,20.000000,0.000000,20.000000,0.000000,0.000000,0.000000,0.000000,0.012160,0.000000,0.910900,-5.024147,19.349945,-0.581009,20.000000
2.378000,11,"LINK_TORSO_YAW",2.361000,0.200000,0.017000,0.000000,20.000000,0.000000,20.000000,0.000000,0.000000,0.000000,0.000000,0.012160,0.000000,0.910900,-5.023207,19.350049,-0.585660,20.000000
2.379000,11,"LINK_TORSO_YAW",2.361000,0.200000,0.018000,0.000000,20.000000,0.000000,20.000000,0.000000,0.000000,0.000000,0.000000,0.012160,0.000000,0.910900,-5.022280,19.350146,-0.590375,20.000000
2.380000,11,"LINK_TORSO_YAW",2.361000,0.200000,0.019000,0.000000,20.000000,0.000000,20.000000,0.000000,0.000000,0.000000,0.000000,0.012160,0.000000,0.910900,-5.021406,19.350227,-0.595158,20.000000
2.381000,11,"LINK_TORSO_YAW",2.361000,0.200000,0.020000,0.000000,20.000000,0.000000,20.000000,0.000000,0.000000,0.000000,0.000000,0.012160,0.000000,0.910900,-5.020520,19.350305,-0.600066,20.000000
2.382000,11,"LINK_TORSO_YAW",2.361000,0.200000,0.021000,0.000000,20.000000,0.000000,20.000000,0.000000,0.000000,0.000000,0.000000,0.012160,0.000000,0.910900,-5.019449,19.350424,-0.605152,20.000000
2.383000,11,"LINK_TORSO_YAW",2.361000,0.200000,0.022000,0.000000,20.000000,0.000000,20.000000,0.000000,0.000000,0.000000,0.000000,0.012160,0.000000,0.910900,-5.018425,19.350525,-0.610398,20.000000
2.384000,11,"LINK_TORSO_YAW",2.361000,0.200000,0.023000,0.000000,20.000000,0.000000,20.000000,0.000000,0.000000,0.000000,0.000000,0.012160,0.000000,0.910900,-5.017367,19.350637,-0.615518,20.000000
2.385000,11,"LINK_TORSO_YAW",2.361000,0.200000,0.024000,0.000000,20.000000,0.000000,20.000000,0.000000,0.000000,0.000000,0.000000,0.012160,0.000000,0.910900,-5.016304,19.350753,-0.620538,20.000000
2.386000,11,"LINK_TORSO_YAW",2.361000,0.200000,0.025000,0.000000,20.000000,0.000000,20.000000,0.000000,0.000000,0.000000,0.000000,0.012160,0.000000,0.910900,-5.015293,19.350856,-0.625473,20.000000
2.387000,11,"LINK_TORSO_YAW",2.361000,0.200000,0.026000,0.000000,20.000000,0.000000,20.000000,0.000000,0.000000,0.000000,0.000000,0.012160,0.000000,0.910900,-5.014041,19.351020,-0.630395,20.000000
2.388000,11,"LINK_TORSO_YAW",2.361000,0.200000,0.027000,0.000000,20.000000,0.000000,20.000000,0.000000,0.000000,0.000000,0.000000,0.012160,0.000000,0.910900,-5.012792,19.351183,-0.635315,20.000000
2.389000,11,"LINK_TORSO_YAW",2.361000,0.200000,0.028000,0.000000,20.000000,0.000000,20.000000,0.000000,0.000000,0.000000,0.000000,0.012160,0.000000,0.910900,-5.011606,19.351328,-0.640248,20.000000
2.390000,11,"LINK_TORSO_YAW",2.361000,0.200000,0.029000,0.000000,20.000000,0.000000,20.000000,0.000000,0.000000,0.000000,0.000000,0.012160,0.000000,0.910900,-5.010379,19.351479,-0.645248,20.000000
2.391000,11,"LINK_TORSO_YAW",2.361000,0.200000,0.030000,0.000000,20.000000,0.000000,20.000000,0.000000,0.000000,0.000000,0.000000,0.012160,0.000000,0.910900,-5.009165,19.351623,-0.650344,20.000000
2.392000,11,"LINK_TORSO_YAW",2.361000,0.200000,0.031000,0.000000,20.000000,0.000000,20.000000,0.000000,0.000000,0.000000,0.000000,0.012160,0.000000,0.910900,-5.007784,19.351804,-0.655585,20.000000
2.393000,11,"LINK_TORSO_YAW",2.361000,0.200000,0.032000,0.000000,20.000000,0.000000,20.000000,0.000000,0.000000,0.000000,0.000000,0.012160,0.000000,0.910900,-5.006486,19.351957,-0.660967,20.000000
2.394000,11,"LINK_TORSO_YAW",2.361000,0.200000,0.033000,0.000000,20.000000,0.000000,20.000000,0.000000,0.000000,0.000000,0.000000,0.012160,0.000000,0.910900,-5.005145,19.352123,-0.666230,20.000000
2.395000,11,"LINK_TORSO_YAW",2.361000,0.200000,0.034000,0.000000,20.000000,0.000000,20.000000,0.000000,0.000000,0.000000,0.000000,0.012160,0.000000,0.910900,-5.003819,19.352287,-0.671396,20.000000
2.396000,11,"LINK_TORSO_YAW",2.361000,0.200000,0.035000,0.000000,20.000000,0.000000,20.000000,0.000000,0.000000,0.000000,0.000000,0.012160,0.000000,0.910900,-5.002581,19.352430,-0.676486,20.000000
2.397000,11,"LINK_TORSO_YAW",2.361000,0.200000,0.036000,0.000000,20.000000,0.000000,20.000000,0.000000,0.000000,0.000000,0.000000,0.012160,0.000000,0.910900,-5.001298,19.352584,-0.681550,20.000000
2.398000,11,"LINK_TORSO_YAW",2.361000,0.200000,0.037000,0.000000,20.000000,0.000000,20.000000,0.000000,0.000000,0.000000,0.000000,0.012160,0.000000,0.910900,-4.999831,19.352784,-0.686628,20.000000
2.399000,11,"LINK_TORSO_YAW",2.361000,0.200000,0.038000,0.000000,20.000000,0.000000,20.000000,0.000000,0.000000,0.000000,0.000000,0.012160,0.000000,0.910900,-4.998405,19.352970,-0.691739,20.000000
2.400000,11,"LINK_TORSO_YAW",2.361000,0.200000,0.039000,0.000000,20.000000,0.000000,20.000000,0.000000,0.000000,0.000000,0.000000,0.012160,0.000000,0.910900,-4.997084,19.353126,-0.696901,20.000000
2.401000,11,"LINK_TORSO_YAW",2.361000,0.200000,0.040000,0.000000,20.000000,0.000000,20.000000,0.000000,0.000000,0.000000,0.000000,0.012160,0.000000,0.910900,-4.995753,19.353280,-0.702141,20.000000
2.402000,11,"LINK_TORSO_YAW",2.361000,0.200000,0.041000,0.000000,20.000000,0.000000,20.000000,0.000000,0.000000,0.000000,0.000000,0.012160,0.000000,0.910900,-4.994484,19.353413,-0.707477,20.000000
2.403000,11,"LINK_TORSO_YAW",2.361000,0.200000,0.042000,0.000000,20.000000,0.000000,20.000000,0.000000,0.000000,0.000000,0.000000,0.012160,0.000000,0.910900,-4.993276,19.353524,-0.712950,20.000000
2.404000,11,"LINK_TORSO_YAW",2.361000,0.200000,0.043000,0.000000,20.000000,0.000000,20.000000,0.000000,0.000000,0.000000,0.000000,0.012160,0.000000,0.910900,-4.991903,19.353669,-0.718608,20.000000
2.405000,11,"LINK_TORSO_YAW",2.361000,0.200000,0.044000,0.000000,20.000000,0.000000,20.000000,0.000000,0.000000,0.000000,0.000000,0.012160,0.000000,0.910900,-4.990537,19.353803,-0.724469,20.000000
2.406000,11,"LINK_TORSO_YAW",2.361000,0.200000,0.045000,0.000000,20.000000,0.000000,20.000000,0.000000,0.000000,0.000000,0.000000,0.012160,0.000000,0.910900,-4.989227,19.353926,-0.730178,20.000000
2.407000,11,"LINK_TORSO_YAW",2.361000,0.200000,0.046000,0.000000,20.000000,0.000000,20.000000,0.000000,0.000000,0.000000,0.000000,0.012160,0.000000,0.910900,-4.987978,19.354036,-0.735774,20.000000
2.408000,11,"LINK_TORSO_YAW",2.361000,0.200000,0.047000,0.000000,20.000000,0.000000,20.000000,0.000000,0.000000,0.000000,0.000000,0.012160,0.000000,0.910900,-4.986786,19.354135,-0.741235,20.000000
2.409000,11,"LINK_TORSO_YAW",2.361000,0.200000,0.048000,0.000000,20.000000,0.000000,20.000000,0.000000,0.000000,0.000000,0.000000,0.012160,0.000000,0.910900,-4.985715,19.354205,-0.746583,20.000000
2.410000,11,"LINK_TORSO_YAW",2.361000,0.200000,0.049000,0.000000,20.000000,0.000000,20.000000,0.000000,0.000000,0.000000,0.000000,0.012160,0.000000,0.910900,-4.984643,19.354277,-0.751866,20.000000
2.411000,11,"LINK_TORSO_YAW",2.361000,0.200000,0.050000,0.000000,20.000000,0.000000,20.000000,0.000000,0.000000,0.000000,0.000000,0.012160,0.000000,0.910900,-4.983370,19.354400,-0.757121,20.000000
2.412000,11,"LINK_TORSO_YAW",2.361000,0.200000,0.051000,0.000000,20.000000,0.000000,20.000000,0.000000,0.000000,0.000000,0.000000,0.012160,0.000000,0.910900,-4.982163,19.354506,-0.762327,20.000000
2.413000,11,"LINK_TORSO_YAW",2.361000,0.200000,0.052000,0.000000,20.000000,0.000000,20.000000,0.000000,0.000000,0.000000,0.000000,0.012160,0.000000,0.910900,-4.980998,19.354610,-0.767298,20.000000
2.414000,11,"LINK_TORSO_YAW",2.361000,0.200000,0.053000,0.000000,20.000000,0.000000,20.000000,0.000000,0.000000,0.000000,0.000000,0.012160,0.000000,0.910900,-4.979946,19.354691,-0.772057,20.000000
2.415000,11,"LINK_TORSO_YAW",2.361000,0.200000,0.054000,0.000000,20.000000,0.000000,20.000000,0.000000,0.000000,0.000000,0.000000,0.012160,0.000000,0.910900,-4.978880,19.354781,-0.776652,20.000000
2.416000,11,"LINK_TORSO_YAW",2.361000,0.200000,0.055000,0.000000,20.000000,0.000000,20.000000,0.000000,0.000000,0.000000,0.000000,0.012160,0.000000,0.910900,-4.977878,19.354860,-0.781114,20.000000
2.417000,11,"LINK_TORSO_YAW",2.361000,0.200000,0.056000,0.000000,20.000000,0.000000,20.000000,0.000000,0.000000,0.000000,0.000000,0.012160,0.000000,0.910900,-4.976937,19.354925,-0.785478,20.000000
2.418000,11,"LINK_TORSO_YAW",2.361000,0.200000,0.057000,0.000000,20.000000,0.000000,20.000000,0.000000,0.000000,0.000000,0.000000,0.012160,0.000000,0.910900,-4.976079,19.354973,-0.789726,20.000000
2.419000,11,"LINK_TORSO_YAW",2.361000,0.200000,0.058000,0.000000,20.000000,0.000000,20.000000,0.000000,0.000000,0.000000,0.000000,0.012160,0.000000,0.910900,-4.975219,19.355023,-0.793905,20.000000
2.420000,11,"LINK_TORSO_YAW",2.361000,0.200000,0.059000,0.000000,20.000000,0.000000,20.000000,0.000000,0.000000,0.000000,0.000000,0.012160,0.000000,0.910900,-4.974033,19.355157,-0.798047,20.000000
2.421000,11,"LINK_TORSO_YAW",2.361000,0.200000,0.060000,0.000000,20.000000,0.000000,20.000000,0.000000,0.000000,0.000000,0.000000,0.012160,0.000000,0.910900,-4.972924,19.355271,-0.802186,20.000000
2.422000,11,"LINK_TORSO_YAW",2.361000,0.200000,0.061000,0.000000,20.000000,0.000000,20.000000,0.000000,0.000000,0.000000,0.000000,0.012160,0.000000,0.910900,-4.971904,19.355360,-0.806347,20.000000
2.423000,11,"LINK_TORSO_YAW",2.361000,0.200000,0.062000,0.000000,20.000000,0.000000,20.000000,0.000000,0.000000,0.000000,0.000000,0.012160,0.000000,0.910900,-4.970916,19.355438,-0.810574,20.000000
2.424000,11,"LINK_TORSO_YAW",2.361000,0.200000,0.063000,0.000000,20.000000,0.000000,20.000000,0.000000,0.000000,0.000000,0.000000,0.012160,0.000000,0.910900,-4.970004,19.355490,-0.814900,20.000000
2.425000,11,"LINK_TORSO_YAW",2.361000,0.200000,0.064000,0.000000,20.000000,0.000000,20.000000,0.000000,0.000000,0.000000,0.000000,0.012160,0.000000,0.910900,-4.969163,19.355536,-0.818922,20.000000
2.426000,11,"LINK_TORSO_YAW",2.361000,0.200000,0.065000,0.000000,20.000000,0.000000,20.000000,0.000000,0.000000,0.000000,0.000000,0.012160,0.000000,0.910900,-4.968292,19.355600,-0.822688,20.000000
2.427000,11,"LINK_TORSO_YAW",2.361000,0.200000,0.066000,0.000000,20.000000,0.000000,20.000000,0.000000,0.000000,0.000000,0.000000,0.012160,0.000000,0.910900,-4.967468,19.355661,-0.826232,20.000000
2.428000,11,"LINK_TORSO_YAW",2.361000,0.200000,0.067000,0.000000,20.000000,0.000000,20.000000,0.000000,0.000000,0.000000,0.000000,0.012160,0.000000,0.910900,-4.966372,19.355798,-0.829589,20.000000
2.429000,11,"LINK_TORSO_YAW",2.361000,0.200000,0.068000,0.000000,20.000000,0.000000,20.000000,0.000000,0.000000,0.000000,0.000000,0.012160,0.000000,0.910900,-4.965277,19.355942,-0.832801,20.000000
2.430000,11,"LINK_TORSO_YAW",2.361000,0.200000,0.069000,0.000000,20.000000,0.000000,20.000000,0.000000,0.000000,0.000000,0.000000,0.012160,0.000000,0.910900,-4.964252,19.356071,-0.835896,20.000000
2.431000,11,"LINK_TORSO_YAW",2.361000,0.200000,0.070000,0.000000,20.000000,0.000000,20.000000,0.000000,0.000000,0.000000,0.000000,0.012160,0.000000,0.910900,-4.963331,19.356177,-0.838902,20.000000
2.432000,11,"LINK_TORSO_YAW",2.361000,0.200000,0.071000,0.000000,20.000000,0.000000,20.000000,0.000000,0.000000,0.000000,0.000000,0.012160,0.000000,0.910900,-4.962404,19.356288,-0.841815,20.000000
2.433000,11,"LINK_TORSO_YAW",2.361000,0.200000,0.072000,0.000000,20.000000,0.000000,20.000000,0.000000,0.000000,0.000000,0.000000,0.012160,0.000000,0.910900,-4.961536,19.356387,-0.844663,20.000000
2.434000,11,"LINK_TORSO_YAW",2.361000,0.200000,0.073000,0.000000,20.000000,0.000000,20.000000,0.000000,0.000000,0.000000,0.000000,0.012160,0.000000,0.910900,-4.960681,19.356482,-0.847490,20.000000
2.435000,11,"LINK_TORSO_YAW",2.361000,0.200000,0.074000,0.000000,20.000000,0.000000,20.000000,0.000000,0.000000,0.000000,0.000000,0.012160,0.000000,0.910900,-4.959893,19.356560,-0.850322,20.000000
2.436000,11,"LINK_TORSO_YAW",2.361000,0.200000,0.075000,0.000000,20.000000,0.000000,20.000000,0.000000,0.000000,0.000000,0.000000,0.012160,0.000000,0.910900,-4.959094,19.356653,-0.852859,20.000000
2.437000,11,"LINK_TORSO_YAW",2.361000,0.200000,0.076000,0.000000,20.000000,0.000000,20.000000,0.000000,0.000000,0.000000,0.000000,0.012160,0.000000,0.910900,-4.957995,19.356834,-0.855140,20.000000
2.438000,11,"LINK_TORSO_YAW",2.361000,0.200000,0.077000,0.000000,20.000000,0.000000,20.000000,0.000000,0.000000,0.000000,0.000000,0.012160,0.000000,0.910900,-4.956887,19.357027,-0.857202,20.000000
2.439000,11,"LINK_TORSO_YAW",2.361000,0.200000,0.078000,0.000000,20.000000,0.000000,20.000000,0.000000,0.000000,0.000000,0.000000,0.012160,0.000000,0.910900,-4.955839,19.357214,-0.859034,20.000000
2.440000,11,"LINK_TORSO_YAW",2.361000,0.200000,0.079000,0.000000,20.000000,0.000000,20.000000,0.000000,0.000000,0.000000,0.000000,0.012160,0.000000,0.910900,-4.954374,19.357076,-0.870503,20.000000
2.441000,11,"LINK_TORSO_YAW",2.361000,0.200000,0.080000,0.000000,20.000000,0.000000,20.000000,0.000000,0.000000,0.000000,0.000000,0.012160,0.000000,0.910900,-4.952785,19.356850,-0.884466,20.000000
2.442000,11,"LINK_TORSO_YAW",2.361000,0.200000,0.081000,0.000000,20.000000,0.000000,20.000000,0.000000,0.000000,0.000000,0.000000,0.012160,0.000000,0.910900,-4.951164,19.356578,-0.899367,20.000000
2.443000,11,"LINK_TORSO_YAW",2.361000,0.200000,0.082000,0.000000,20.000000,0.000000,20.000000,0.000000,0.000000,0.000000,0.000000,0.012160,0.000000,0.910900,-4.949567,19.356266,-0.914729,20.000000
2.444000,11,"LINK_TORSO_YAW",2.361000,0.200000,0.083000,0.000000,20.000000,0.000000,20.000000,0.000000,0.000000,0.000000,0.000000,0.012160,0.000000,0.910900,-4.947927,19.355945,-0.930280,20.000000
2.445000,11,"LINK_TORSO_YAW",2.361000,0.200000,0.084000,0.000000,20.000000,0.000000,20.000000,0.000000,0.000000,0.000000,0.000000,0.012160,0.000000,0.910900,-4.946229,19.355608,-0.946180,20.000000
2.446000,11,"LINK_TORSO_YAW",2.361000,0.200000,0.085000,0.000000,20.000000,0.000000,20.000000,0.000000,0.000000,0.000000,0.000000,0.012160,0.000000,0.910900,-4.944420,19.355275,-0.962307,20.000000
2.447000,11,"LINK_TORSO_YAW",2.361000,0.200000,0.086000,0.000000,20.000000,0.000000,20.000000,0.000000,0.000000,0.000000,0.000000,0.012160,0.000000,0.910900,-4.942490,19.354944,-0.978749,20.000000
2.448000,11,"LINK_TORSO_YAW",2.361000,0.200000,0.087000,0.000000,20.000000,0.000000,20.000000,0.000000,0.000000,0.000000,0.000000,0.012160,0.000000,0.910900,-4.940384,19.354639,-0.995259,20.000000
2.449000,11,"LINK_TORSO_YAW",2.361000,0.200000,0.088000,0.000000,20.000000,0.000000,20.000000,0.000000,0.000000,0.000000,0.000000,0.012160,0.000000,0.910900,-4.938135,19.354352,-1.011871,20.000000
2.450000,11,"LINK_TORSO_YAW",2.361000,0.200000,0.089000,0.000000,20.000000,0.000000,20.000000,0.000000,0.000000,0.000000,0.000000,0.012160,0.000000,0.910900,-4.935743,19.354081,-1.028594,20.000000
2.451000,11,"LINK_TORSO_YAW",2.361000,0.200000,0.090000,0.000000,20.000000,0.000000,20.000000,0.000000,0.000000,0.000000,0.000000,0.012160,0.000000,0.910900,-4.933144,19.353839,-1.045463,20.000000
2.452000,11,"LINK_TORSO_YAW",2.361000,0.200000,0.091000,0.000000,20.000000,0.000000,20.000000,0.000000,0.000000,0.000000,0.000000,0.012160,0.000000,0.910900,-4.930328,19.353637,-1.062358,20.000000
2.453000,11,"LINK_TORSO_YAW",2.361000,0.200000,0.092000,0.000000,20.000000,0.000000,20.000000,0.000000,0.000000,0.000000,0.000000,0.012160,0.000000,0.910900,-4.927312,19.353466,-1.079327,20.000000
2.454000,11,"LINK_TORSO_YAW",2.361000,0.200000,0.093000,0.000000,20.000000,0.000000,20.000000,0.000000,0.000000,0.000000,0.000000,0.012160,0.000000,0.910900,-4.924100,19.353324,-1.096397,20.000000
2.455000,11,"LINK_TORSO_YAW",2.361000,0.200000,0.094000,0.000000,20.000000,0.000000,20.000000,0.000000,0.000000,0.000000,0.000000,0.012160,0.000000,0.910900,-4.920607,19.353229,-1.113614,20.000000
2.456000,11,"LINK_TORSO_YAW",2.361000,0.200000,0.095000,0.000000,20.000000,0.000000,20.000000,0.000000,0.000000,0.000000,0.000000,0.012160,0.000000,0.910900,-4.916922,19.353159,-1.130986,20.000000
2.457000,11,"LINK_TORSO_YAW",2.361000,0.200000,0.096000,0.000000,20.000000,0.000000,20.000000,0.000000,0.000000,0.000000,0.000000,0.012160,0.000000,0.910900,-4.913044,19.353110,-1.148531,20.000000
2.458000,11,"LINK_TORSO_YAW",2.361000,0.200000,0.097000,0.000000,20.000000,0.000000,20.000000,0.000000,0.000000,0.000000,0.000000,0.012160,0.000000,0.910900,-4.908820,19.353141,-1.165939,20.000000
2.459000,11,"LINK_TORSO_YAW",2.361000,0.200000,0.098000,0.000000,20.000000,0.000000,20.000000,0.000000,0.000000,0.000000,0.000000,0.012160,0.000000,0.910900,-4.904347,19.353223,-1.183280,20.000000
2.460000,11,"LINK_TORSO_YAW",2.361000,0.200000,0.099000,0.000000,20.000000,0.000000,20.000000,0.000000,0.000000,0.000000,0.000000,0.012160,0.000000,0.910900,-4.899531,19.353375,-1.200609,20.000000
2.461000,11,"LINK_TORSO_YAW",2.361000,0.200000,0.100000,0.000000,20.000000,0.000000,20.000000,0.000000,0.000000,0.000000,0.000000,0.012160,0.000000,0.910900,-4.894473,19.353572,-1.217945,20.000000
2.462000,11,"LINK_TORSO_YAW",2.361000,0.200000,0.101000,0.000000,20.000000,0.000000,20.000000,0.000000,0.000000,0.000000,0.000000,0.012160,0.000000,0.910900,-4.889082,19.353832,-1.235335,20.000000
2.463000,11,"LINK_TORSO_YAW",2.361000,0.200000,0.102000,0.000000,20.000000,0.000000,20.000000,0.000000,0.000000,0.000000,0.000000,0.012160,0.000000,0.910900,-4.883455,19.354131,-1.252794,20.000000
2.464000,11,"LINK_TORSO_YAW",2.361000,0.200000,0.103000,0.000000,20.000000,0.000000,20.000000,0.000000,0.000000,0.000000,0.000000,0.012160,0.000000,0.910900,-4.877507,19.354485,-1.270364,20.000000
2.465000,11,"LINK_TORSO_YAW",2.361000,0.200000,0.104000,0.000000,20.000000,0.000000,20.000000,0.000000,0.000000,0.000000,0.000000,0.012160,0.000000,0.910900,-4.871293,19.354886,-1.287985,20.000000
2.466000,11,"LINK_TORSO_YAW",2.361000,0.200000,0.105000,0.000000,20.000000,0.000000,20.000000,0.000000,0.000000,0.000000,0.000000,0.012160,0.000000,0.910900,-4.864733,19.355347,-1.305722,20.000000
2.467000,11,"LINK_TORSO_YAW",2.361000,0.200000,0.106000,0.000000,20.000000,0.000000,20.000000,0.000000,0.000000,0.000000,0.000000,0.012160,0.000000,0.910900,-4.857914,19.355845,-1.323600,20.000000
2.468000,11,"LINK_TORSO_YAW",2.361000,0.200000,0.107000,0.000000,20.000000,0.000000,20.000000,0.000000,0.000000,0.000000,0.000000,0.012160,0.000000,0.910900,-4.850278,19.356521,-1.341608,20.000000
2.469000,11,"LINK_TORSO_YAW",2.361000,0.200000,0.108000,0.000000,20.000000,0.000000,20.000000,0.000000,0.000000,0.000000,0.000000,0.012160,0.000000,0.910900,-4.842381,19.357248,-1.359520,20.000000
2.470000,11,"LINK_TORSO_YAW",2.361000,0.200000,0.109000,0.000000,20.000000,0.000000,20.000000,0.000000,0.000000,0.000000,0.000000,0.012160,0.000000,0.910900,-4.834113,19.358049,-1.377416,20.000000
2.471000,11,"LINK_TORSO_YAW",2.361000,0.200000,0.110000,0.000000,20.000000,0.000000,20.000000,0.000000,0.000000,0.000000,0.000000,0.012160,0.000000,0.910900,-4.825515,19.358916,-1.395271,20.000000
2.472000,11,"LINK_TORSO_YAW",2.361000,0.200000,0.111000,0.000000,20.000000,0.000000,20.000000,0.000000,0.000000,0.000000,0.000000,0.012160,0.000000,0.910900,-4.816591,19.359841,-1.413150,20.000000
2.473000,11,"LINK_TORSO_YAW",2.361000,0.200000,0.112000,0.000000,20.000000,0.000000,20.000000,0.000000,0.000000,0.000000,0.000000,0.012160,0.000000,0.910900,-4.807397,19.360809,-1.431081,20.000000
2.474000,11,"LINK_TORSO_YAW",2.361000,0.200000,0.113000,0.000000,20.000000,0.000000,20.000000,0.000000,0.000000,0.000000,0.000000,0.012160,0.000000,0.910900,-4.797833,19.361840,-1.449128,20.000000
2.475000,11,"LINK_TORSO_YAW",2.361000,0.200000,0.114000,0.000000,20.000000,0.000000,20.000000,0.000000,0.000000,0.000000,0.000000,0.012160,0.000000,0.910900,-4.787974,19.362911,-1.467307,20.000000
2.476000,11,"LINK_TORSO_YAW",2.361000,0.200000,0.115000,0.000000,20.000000,0.000000,20.000000,0.000000,0.000000,0.000000,0.000000,0.012160,0.000000,0.910900,-4.777822,19.364020,-1.485648,20.000000
2.477000,11,"LINK_TORSO_YAW",2.361000,0.200000,0.116000,0.000000,20.000000,0.000000,20.000000,0.000000,0.000000,0.000000,0.000000,0.012160,0.000000,0.910900,-4.767410,19.365158,-1.504150,20.000000
2.478000,11,"LINK_TORSO_YAW",2.361000,0.200000,0.117000,0.000000,20.000000,0.000000,20.000000,0.000000,0.000000,0.000000,0.000000,0.012160,0.000000,0.910900,-4.756616,19.366367,-1.522645,20.000000
2.479000,11,"LINK_TORSO_YAW",2.361000,0.200000,0.118000,0.000000,20.000000,0.000000,20.000000,0.000000,0.000000,0.000000,0.000000,0.012160,0.000000,0.910900,-4.745507,19.367626,-1.541177,20.000000
2.480000,11,"LINK_TORSO_YAW",2.361000,0.200000,0.119000,0.000000,20.000000,0.000000,20.000000,0.000000,0.000000,0.000000,0.000000,0.012160,0.000000,0.910900,-4.734085,19.368932,-1.559783,20.000000
2.481000,11,"LINK_TORSO_YAW",2.361000,0.200000,0.120000,0.000000,20.000000,0.000000,20.000000,0.000000,0.000000,0.000000,0.000000,0.012160,0.000000,0.910900,-4.722403,19.370270,-1.578461,20.000000
2.482000,11,"LINK_TORSO_YAW",2.361000,0.200000,0.121000,0.000000,20.000000,0.000000,20.000000,0.000000,0.000000,0.000000,0.000000,0.012160,0.000000,0.910900,-4.710145,19.371715,-1.597242,20.000000
2.483000,11,"LINK_TORSO_YAW",2.361000,0.200000,0.122000,0.000000,20.000000,0.000000,20.000000,0.000000,0.000000,0.000000,0.000000,0.012160,0.000000,0.910900,-4.697599,19.373192,-1.616168,20.000000
2.484000,11,"LINK_TORSO_YAW",2.361000,0.200000,0.123000,0.000000,20.000000,0.000000,20.000000,0.000000,0.000000,0.000000,0.000000,0.012160,0.000000,0.910900,-4.684764,19.374697,-1.635271,20.000000
2.485000,11,"LINK_TORSO_YAW",2.361000,0.200000,0.124000,0.000000,20.000000,0.000000,20.000000,0.000000,0.000000,0.000000,0.000000,0.012160,0.000000,0.910900,-4.671701,19.376212,-1.654572,20.000000
2.486000,11,"LINK_TORSO_YAW",2.361000,0.200000,0.125000,0.000000,20.000000,0.000000,20.000000,0.000000,0.000000,0.000000,0.000000,0.012160,0.000000,0.910900,-4.658292,19.377761,-1.674123,20.000000
2.487000,11,"LINK_TORSO_YAW",2.361000,0.200000,0.126000,0.000000,20.000000,0.000000,20.000000,0.000000,0.000000,0.000000,0.000000,0.012160,0.000000,0.910900,-4.644625,19.379320,-1.693932,20.000000
2.488000,11,"LINK_TORSO_YAW",2.361000,0.200000,0.127000,0.000000,20.000000,0.000000,20.000000,0.000000,0.000000,0.000000,0.000000,0.012160,0.000000,0.910900,-4.630745,19.380877,-1.714000,20.000000
2.489000,11,"LINK_TORSO_YAW",2.361000,0.200000,0.128000,0.000000,20.000000,0.000000,20.000000,0.000000,0.000000,0.000000,0.000000,0.012160,0.000000,0.910900,-4.616363,19.382520,-1.734098,20.000000
2.490000,11,"LINK_TORSO_YAW",2.361000,0.200000,0.129000,0.000000,20.000000,0.000000,20.000000,0.000000,0.000000,0.000000,0.000000,0.012160,0.000000,0.910900,-4.601733,19.384183,-1.754277,20.000000
2.491000,11,"LINK_TORSO_YAW",2.361000,0.200000,0.130000,0.000000,20.000000,0.000000,20.000000,0.000000,0.000000,0.000000,0.000000,0.012160,0.000000,0.910900,-4.586929,19.385845,-1.774565,20.000000
2.492000,11,"LINK_TORSO_YAW",2.361000,0.200000,0.131000,0.000000,20.000000,0.000000,20.000000,0.000000,0.000000,0.000000,0.000000,0.012160,0.000000,0.910900,-4.571861,19.387522,-1.795013,20.000000
2.493000,11,"LINK_TORSO_YAW",2.361000,0.200000,0.132000,0.000000,20.000000,0.000000,20.000000,0.000000,0.000000,0.000000,0.000000,0.012160,0.000000,0.910900,-4.556686,19.389175,-1.815627,20.000000
2.494000,11,"LINK_TORSO_YAW",2.361000,0.200000,0.133000,0.000000,20.000000,0.000000,20.000000,0.000000,0.000000,0.000000,0.000000,0.012160,0.000000,0.910900,-4.541273,19.390830,-1.836450,20.000000
2.495000,11,"LINK_TORSO_YAW",2.361000,0.200000,0.134000,0.000000,20.000000,0.000000,20.000000,0.000000,0.000000,0.000000,0.000000,0.012160,0.000000,0.910900,-4.525785,19.392449,-1.857473,20.000000
2.496000,11,"LINK_TORSO_YAW",2.361000,0.200000,0.135000,0.000000,20.000000,0.000000,20.000000,0.000000,0.000000,0.000000,0.000000,0.012160,0.000000,0.910900,-4.510079,19.394058,-1.878748,20.000000
2.497000,11,"LINK_TORSO_YAW",2.361000,0.200000,0.136000,0.000000,20.000000,0.000000,20.000000,0.000000,0.000000,0.000000,0.000000,0.012160,0.000000,0.910900,-4.494319,19.395619,-1.900279,20.000000
2.498000,11,"LINK_TORSO_YAW",2.361000,0.200000,0.137000,0.000000,20.000000,0.000000,20.000000,0.000000,0.000000,0.000000,0.000000,0.012160,0.000000,0.910900,-4.478321,19.397193,-1.921856,20.000000
2.499000,11,"LINK_TORSO_YAW",2.361000,0.200000,0.138000,0.000000,20.000000,0.000000,20.000000,0.000000,0.000000,0.000000,0.000000,0.012160,0.000000,0.910900,-4.462051,19.398779,-1.943568,20.000000
2.500000,11,"LINK_TORSO_YAW",2.361000,0.200000,0.139000,0.000000,20.000000,0.000000,20.000000,0.000000,0.000000,0.000000,0.000000,0.012160,0.000000,0.910900,-4.445656,19.400342,-1.965421,20.000000
2.501000,11,"LINK_TORSO_YAW",2.361000,0.200000,0.140000,0.000000,20.000000,0.000000,20.000000,0.000000,0.000000,0.000000,0.000000,0.012160,0.000000,0.910900,-4.429237,19.401852,-1.987456,20.000000
2.502000,11,"LINK_TORSO_YAW",2.361000,0.200000,0.141000,0.000000,20.000000,0.000000,20.000000,0.000000,0.000000,0.000000,0.000000,0.012160,0.000000,0.910900,-4.412807,19.403305,-2.009699,20.000000
2.503000,11,"LINK_TORSO_YAW",2.361000,0.200000,0.142000,0.000000,20.000000,0.000000,20.000000,0.000000,0.000000,0.000000,0.000000,0.012160,0.000000,0.910900,-4.396121,19.404748,-2.032205,20.000000
2.504000,11,"LINK_TORSO_YAW",2.361000,0.200000,0.143000,0.000000,20.000000,0.000000,20.000000,0.000000,0.000000,0.000000,0.000000,0.012160,0.000000,0.910900,-4.379370,19.406138,-2.054972,20.000000
2.505000,11,"LINK_TORSO_YAW",2.361000,0.200000,0.144000,0.000000,20.000000,0.000000,20.000000,0.000000,0.000000,0.000000,0.000000,0.012160,0.000000,0.910900,-4.362638,19.407453,-2.078016,20.000000
2.506000,11,"LINK_TORSO_YAW",2.361000,0.200000,0.145000,0.000000,20.000000,0.000000,20.000000,0.000000,0.000000,0.000000,0.000000,0.012160,0.000000,0.910900,-4.345932,19.408688,-2.101355,20.000000
2.507000,11,"LINK_TORSO_YAW",2.361000,0.200000,0.146000,0.000000,20.000000,0.000000,20.000000,0.000000,0.000000,0.000000,0.000000,0.012160,0.000000,0.910900,-4.329270,19.409833,-2.125043,20.000000
2.508000,11,"LINK_TORSO_YAW",2.361000,0.200000,0.147000,0.000000,20.000000,0.000000,20.000000,0.000000,0.000000,0.000000,0.000000,0.012160,0.000000,0.910900,-4.312050,19.411020,-2.149072,20.000000
2.509000,11,"LINK_TORSO_YAW",2.361000,0.200000,0.148000,0.000000,20.000000,0.000000,20.000000,0.000000,0.000000,0.000000,0.000000,0.012160,0.000000,0.910900,-4.294865,19.412114,-2.173472,20.000000
2.510000,11,"LINK_TORSO_YAW",2.361000,0.200000,0.149000,0.000000,20.000000,0.000000,20.000000,0.000000,0.000000,0.000000,0.000000,0.012160,0.000000,0.910900,-4.277730,19.413140,-2.197958,20.000000
2.511000,11,"LINK_TORSO_YAW",2.361000,0.200000,0.150000,0.000000,20.000000,0.000000,20.000000,0.000000,0.000000,0.000000,0.000000,0.012160,0.000000,0.910900,-4.260652,19.414093,-2.222573,20.000000
2.512000,11,"LINK_TORSO_YAW",2.361000,0.200000,0.151000,0.000000,20.000000,0.000000,20.000000,0.000000,0.000000,0.000000,0.000000,0.012160,0.000000,0.910900,-4.243641,19.414968,-2.247343,20.000000
2.513000,11,"LINK_TORSO_YAW",2.361000,0.200000,0.152000,0.000000,20.000000,0.000000,20.000000,0.000000,0.000000,0.000000,0.000000,0.012160,0.000000,0.910900,-4.226308,19.415841,-2.272320,20.000000
2.514000,11,"LINK_TORSO_YAW",2.361000,0.200000,0.153000,0.000000,20.000000,0.000000,20.000000,0.000000,0.000000,0.000000,0.000000,0.012160,0.000000,0.910900,-4.209071,19.416618,-2.297536,20.000000
2.515000,11,"LINK_TORSO_YAW",2.361000,0.200000,0.154000,0.000000,20.000000,0.000000,20.000000,0.000000,0.000000,0.000000,0.000000,0.012160,0.000000,0.910900,-4.191939,19.417296,-2.322990,20.000000
2.516000,11,"LINK_TORSO_YAW",2.361000,0.200000,0.155000,0.000000,20.000000,0.000000,20.000000,0.000000,0.000000,0.000000,0.000000,0.012160,0.000000,0.910900,-4.174921,19.417870,-2.348692,20.000000
2.517000,11,"LINK_TORSO_YAW",2.361000,0.200000,0.156000,0.000000,20.000000,0.000000,20.000000,0.000000,0.000000,0.000000,0.000000,0.012160,0.000000,0.910900,-4.157837,19.418381,-2.374633,20.000000
2.518000,11,"LINK_TORSO_YAW",2.361000,0.200000,0.157000,0.000000,20.000000,0.000000,20.000000,0.000000,0.000000,0.000000,0.000000,0.012160,0.000000,0.910900,-4.140478,19.418864,-2.400866,20.000000
2.519000,11,"LINK_TORSO_YAW",2.361000,0.200000,0.158000,0.000000,20.000000,0.000000,20.000000,0.000000,0.000000,0.000000,0.000000,0.012160,0.000000,0.910900,-4.123260,19.419230,-2.427388,20.000000
2.520000,11,"LINK_TORSO_YAW",2.361000,0.200000,0.159000,0.000000,20.000000,0.000000,20.000000,0.000000,0.000000,0.000000,0.000000,0.012160,0.000000,0.910900,-4.106173,19.419510,-2.453972,20.000000
2.521000,11,"LINK_TORSO_YAW",2.361000,0.200000,0.160000,0.000000,20.000000,0.000000,20.000000,0.000000,0.000000,0.000000,0.000000,0.012160,0.000000,0.910900,-4.089214,19.419700,-2.480642,20.000000
2.522000,11,"LINK_TORSO_YAW",2.361000,0.200000,0.161000,0.000000,20.000000,0.000000,20.000000,0.000000,0.000000,0.000000,0.000000,0.012160,0.000000,0.910900,-4.072371,19.419800,-2.507418,20.000000
2.523000,11,"LINK_TORSO_YAW",2.361000,0.200000,0.162000,0.000000,20.000000,0.000000,20.000000,0.000000,0.000000,0.000000,0.000000,0.012160,0.000000,0.910900,-4.055637,19.419810,-2.534322,20.000000
2.524000,11,"LINK_TORSO_YAW",2.361000,0.200000,0.163000,0.000000,20.000000,0.000000,20.000000,0.000000,0.000000,0.000000,0.000000,0.012160,0.000000,0.910900,-4.038577,19.419811,-2.561417,20.000000
2.525000,11,"LINK_TORSO_YAW",2.361000,0.200000,0.164000,0.000000,20.000000,0.000000,20.000000,0.000000,0.000000,0.000000,0.000000,0.012160,0.000000,0.910900,-4.021653,19.419706,-2.588691,20.000000
2.526000,11,"LINK_TORSO_YAW",2.361000,0.200000,0.165000,0.000000,20.000000,0.000000,20.000000,0.000000,0.000000,0.000000,0.000000,0.012160,0.000000,0.910900,-4.004856,19.419497,-2.616156,20.000000
2.527000,11,"LINK_TORSO_YAW",2.361000,0.200000,0.166000,0.000000,20.000000,0.000000,20.000000,0.000000,0.000000,0.000000,0.000000,0.012160,0.000000,0.910900,-3.988177,19.419178,-2.643855,20.000000
2.528000,11,"LINK_TORSO_YAW",2.361000,0.200000,0.167000,0.000000,20.000000,0.000000,20.000000,0.000000,0.000000,0.000000,0.000000,0.012160,0.000000,0.910900,-3.971354,19.418806,-2.671761,20.000000
2.529000,11,"LINK_TORSO_YAW",2.361000,0.200000,0.168000,0.000000,20.000000,0.000000,20.000000,0.000000,0.000000,0.000000,0.000000,0.012160,0.000000,0.910900,-3.954703,19.418315,-2.699882,20.000000
2.530000,11,"LINK_TORSO_YAW",2.361000,0.200000,0.169000,0.000000,20.000000,0.000000,20.000000,0.000000,0.000000,0.000000,0.000000,0.012160,0.000000,0.910900,-3.938223,19.417701,-2.728238,20.000000
2.531000,11,"LINK_TORSO_YAW",2.361000,0.200000,0.170000,0.000000,20.000000,0.000000,20.000000,0.000000,0.000000,0.000000,0.000000,0.012160,0.000000,0.910900,-3.921878,19.417009,-2.756561,20.000000
2.532000,11,"LINK_TORSO_YAW",2.361000,0.200000,0.171000,0.000000,20.000000,0.000000,20.000000,0.000000,0.000000,0.000000,0.000000,0.012160,0.000000,0.910900,-3.905670,19.416232,-2.784904,20.000000
2.533000,11,"LINK_TORSO_YAW",2.361000,0.200000,0.172000,0.000000,20.000000,0.000000,20.000000,0.000000,0.000000,0.000000,0.000000,0.012160,0.000000,0.910900,-3.888994,19.415472,-2.813392,20.000000
2.534000,11,"LINK_TORSO_YAW",2.361000,0.200000,0.173000,0.000000,20.000000,0.000000,20.000000,0.000000,0.000000,0.000000,0.000000,0.012160,0.000000,0.910900,-3.872497,19.414605,-2.841986,20.000000
2.535000,11,"LINK_TORSO_YAW",2.361000,0.200000,0.174000,0.000000,20.000000,0.000000,20.000000,0.000000,0.000000,0.000000,0.000000,0.012160,0.000000,0.910900,-3.856178,19.413630,-2.870687,20.000000
2.536000,11,"LINK_TORSO_YAW",2.361000,0.200000,0.175000,0.000000,20.000000,0.000000,20.000000,0.000000,0.000000,0.000000,0.000000,0.012160,0.000000,0.910900,-3.840036,19.412547,-2.899504,20.000000
2.537000,11,"LINK_TORSO_YAW",2.361000,0.200000,0.176000,0.000000,20.000000,0.000000,20.000000,0.000000,0.000000,0.000000,0.000000,0.012160,0.000000,0.910900,-3.824078,19.411352,-2.928453,20.000000
2.538000,11,"LINK_TORSO_YAW",2.361000,0.200000,0.177000,0.000000,20.000000,0.000000,20.000000,0.000000,0.000000,0.000000,0.000000,0.012160,0.000000,0.910900,-3.808308,19.410041,-2.957551,20.000000
2.539000,11,"LINK_TORSO_YAW",2.361000,0.200000,0.178000,0.000000,20.000000,0.000000,20.000000,0.000000,0.000000,0.000000,0.000000,0.012160,0.000000,0.910900,-3.792740,19.408606,-2.986825,20.000000
2.540000,11,"LINK_TORSO_YAW",2.361000,0.200000,0.179000,0.000000,20.000000,0.000000,20.000000,0.000000,0.000000,0.000000,0.000000,0.012160,0.000000,0.910900,-3.777089,19.407108,-3.016251,20.000000
2.541000,11,"LINK_TORSO_YAW",2.361000,0.200000,0.180000,0.000000,20.000000,0.000000,20.000000,0.000000,0.000000,0.000000,0.000000,0.012160,0.000000,0.910900,-3.761693,19.405476,-3.045845,20.000000
2.542000,11,"LINK_TORSO_YAW",2.361000,0.200000,0.181000,0.000000,20.000000,0.000000,20.000000,0.000000,0.000000,0.000000,0.000000,0.012160,0.000000,0.910900,-3.746515,19.403758,-3.075354,20.000000
2.543000,11,"LINK_TORSO_YAW",2.361000,0.200000,0.182000,0.000000,20.000000,0.000000,20.000000,0.000000,0.000000,0.000000,0.000000,0.012160,0.000000,0.910900,-3.731552,19.401946,-3.104835,20.000000
2.544000,11,"LINK_TORSO_YAW",2.361000,0.200000,0.183000,0.000000,20.000000,0.000000,20.000000,0.000000,0.000000,0.000000,0.000000,0.012160,0.000000,0.910900,-3.716799,19.400037,-3.134323,20.000000
2.545000,11,"LINK_TORSO_YAW",2.361000,0.200000,0.184000,0.000000,20.000000,0.000000,20.000000,0.000000,0.000000,0.000000,0.000000,0.012160,0.000000,0.910900,-3.701350,19.398186,-3.163921,20.000000
2.546000,11,"LINK_TORSO_YAW",2.361000,0.200000,0.185000,0.000000,20.000000,0.000000,20.000000,0.000000,0.000000,0.000000,0.000000,0.012160,0.000000,0.910900,-3.686126,19.396220,-3.193604,20.000000
2.547000,11,"LINK_TORSO_YAW",2.361000,0.200000,0.186000,0.000000,20.000000,0.000000,20.000000,0.000000,0.000000,0.000000,0.000000,0.012160,0.000000,0.910900,-3.671153,19.394130,-3.223405,20.000000
2.548000,11,"LINK_TORSO_YAW",2.361000,0.200000,0.187000,0.000000,20.000000,0.000000,20.000000,0.000000,0.000000,0.000000,0.000000,0.012160,0.000000,0.910900,-3.656431,19.391919,-3.253307,20.000000
2.549000,11,"LINK_TORSO_YAW",2.361000,0.200000,0.188000,0.000000,20.000000,0.000000,20.000000,0.000000,0.000000,0.000000,0.000000,0.012160,0.000000,0.910900,-3.641956,19.389587,-3.283305,20.000000
2.550000,11,"LINK_TORSO_YAW",2.361000,0.200000,0.189000,0.000000,20.000000,0.000000,20.000000,0.000000,0.000000,0.000000,0.000000,0.012160,0.000000,0.910900,-3.627728,19.387131,-3.313420,20.000000
2.551000,11,"LINK_TORSO_YAW",2.361000,0.200000,0.190000,0.000000,20.000000,0.000000,20.000000,0.000000,0.000000,0.000000,0.000000,0.012160,0.000000,0.910900,-3.613466,19.384596,-3.343695,20.000000
2.552000,11,"LINK_TORSO_YAW",2.361000,0.200000,0.191000,0.000000,20.000000,0.000000,20.000000,0.000000,0.000000,0.000000,0.000000,0.012160,0.000000,0.910900,-3.599490,19.381922,-3.374134,20.000000
2.553000,11,"LINK_TORSO_YAW",2.361000,0.200000,0.192000,0.000000,20.000000,0.000000,20.000000,0.000000,0.000000,0.000000,0.000000,0.012160,0.000000,0.910900,-3.585783,19.379156,-3.404480,20.000000
2.554000,11,"LINK_TORSO_YAW",2.361000,0.200000,0.193000,0.000000,20.000000,0.000000,20.000000,0.000000,0.000000,0.000000,0.000000,0.012160,0.000000,0.910900,-3.572342,19.376294,-3.434762,20.000000
2.555000,11,"LINK_TORSO_YAW",2.361000,0.200000,0.194000,0.000000,20.000000,0.000000,20.000000,0.000000,0.000000,0.000000,0.000000,0.012160,0.000000,0.910900,-3.559160,19.373335,-3.465008,20.000000
2.556000,11,"LINK_TORSO_YAW",2.361000,0.200000,0.195000,0.000000,20.000000,0.000000,20.000000,0.000000,0.000000,0.000000,0.000000,0.012160,0.000000,0.910900,-3.546232,19.370273,-3.495249,20.000000
2.557000,11,"LINK_TORSO_YAW",2.361000,0.200000,0.196000,0.000000,20.000000,0.000000,20.000000,0.000000,0.000000,0.000000,0.000000,0.012160,0.000000,0.910900,-3.533556,19.367105,-3.525512,20.000000
2.558000,11,"LINK_TORSO_YAW",2.361000,0.200000,0.197000,0.000000,20.000000,0.000000,20.000000,0.000000,0.000000,0.000000,0.000000,0.012160,0.000000,0.910900,-3.521150,19.363820,-3.555836,20.000000
2.559000,11,"LINK_TORSO_YAW",2.361000,0.200000,0.198000,0.000000,20.000000,0.000000,20.000000,0.000000,0.000000,0.000000,0.000000,0.012160,0.000000,0.910900,-3.509010,19.360416,-3.586242,20.000000
2.560000,11,"LINK_TORSO_YAW",2.361000,0.200000,0.199000,0.000000,20.000000,0.000000,20.000000,0.000000,0.000000,0.000000,0.000000,0.012160,0.000000,0.910900,-3.497134,19.356889,-3.616753,20.000000
2.561000,11,"LINK_TORSO_YAW",2.361000,0.200000,0.200000,0.000000,20.000000,0.000000,20.000000,0.000000,0.000000,0.000000,0.000000,0.012160,0.000000,0.910900,-3.485520,19.353234,-3.647392,20.000000
2.562000,11,"LINK_TORSO_YAW",2.361000,0.200000,0.201000,0.000000,20.000000,0.000000,20.000000,0.000000,0.000000,0.000000,0.000000,0.012160,0.000000,0.910900,-3.473905,19.349491,-3.678204,20.000000
2.563000,12,"LINK_TORSO_YAW",2.562000,0.200000,0.001000,0.000000,20.000000,0.000000,20.000000,0.000000,0.000000,0.000000,0.000000,0.012160,0.000000,0.910900,-3.462539,19.345663,-3.708928,20.000000
2.564000,12,"LINK_TORSO_YAW",2.562000,0.200000,0.002000,0.000000,20.000000,0.000000,20.000000,0.000000,0.000000,0.000000,0.000000,0.012160,0.000000,0.910900,-3.450502,19.341876,-3.739767,20.000000
2.565000,12,"LINK_TORSO_YAW",2.562000,0.200000,0.003000,0.000000,20.000000,0.000000,20.000000,0.000000,0.000000,0.000000,0.000000,0.012160,0.000000,0.910900,-3.438747,19.337975,-3.770644,20.000000
2.566000,12,"LINK_TORSO_YAW",2.562000,0.200000,0.004000,0.000000,20.000000,0.000000,20.000000,0.000000,0.000000,0.000000,0.000000,0.012160,0.000000,0.910900,-3.427268,19.333959,-3.801560,20.000000
2.567000,12,"LINK_TORSO_YAW",2.562000,0.200000,0.005000,0.000000,20.000000,0.000000,20.000000,0.000000,0.000000,0.000000,0.000000,0.012160,0.000000,0.910900,-3.416056,19.329829,-3.832530,20.000000
2.568000,12,"LINK_TORSO_YAW",2.562000,0.200000,0.006000,0.000000,20.000000,0.000000,20.000000,0.000000,0.000000,0.000000,0.000000,0.012160,0.000000,0.910900,-3.405108,19.325580,-3.863574,20.000000
2.569000,12,"LINK_TORSO_YAW",2.562000,0.200000,0.007000,0.000000,20.000000,0.000000,20.000000,0.000000,0.000000,0.000000,0.000000,0.012160,0.000000,0.910900,-3.394420,19.321209,-3.894714,20.000000
2.570000,12,"LINK_TORSO_YAW",2.562000,0.200000,0.008000,0.000000,20.000000,0.000000,20.000000,0.000000,0.000000,0.000000,0.000000,0.012160,0.000000,0.910900,-3.383991,19.316712,-3.925973,20.000000
2.571000,12,"LINK_TORSO_YAW",2.562000,0.200000,0.009000,0.000000,20.000000,0.000000,20.000000,0.000000,0.000000,0.000000,0.000000,0.012160,0.000000,0.910900,-3.373815,19.312084,-3.957372,20.000000
2.572000,12,"LINK_TORSO_YAW",2.562000,0.200000,0.010000,0.000000,20.000000,0.000000,20.000000,0.000000,0.000000,0.000000,0.000000,0.012160,0.000000,0.910900,-3.363662,19.307351,-3.988980,20.000000
2.573000,12,"LINK_TORSO_YAW",2.562000,0.200000,0.011000,0.000000,20.000000,0.000000,20.000000,0.000000,0.000000,0.000000,0.000000,0.012160,0.000000,0.910900,-3.353758,19.302530,-4.020530,20.000000
2.574000,12,"LINK_TORSO_YAW",2.562000,0.200000,0.012000,0.000000,20.000000,0.000000,20.000000,0.000000,0.000000,0.000000,0.000000,0.012160,0.000000,0.910900,-3.344098,19.297613,-4.052055,20.000000
2.575000,12,"LINK_TORSO_YAW",2.562000,0.200000,0.013000,0.000000,20.000000,0.000000,20.000000,0.000000,0.000000,0.000000,0.000000,0.012160,0.000000,0.910900,-3.334679,19.292596,-4.083584,20.000000
2.576000,12,"LINK_TORSO_YAW",2.562000,0.200000,0.014000,0.000000,20.000000,0.000000,20.000000,0.000000,0.000000,0.000000,0.000000,0.012160,0.000000,0.910900,-3.325497,19.287475,-4.115141,20.000000
2.577000,12,"LINK_TORSO_YAW",2.562000,0.200000,0.015000,0.000000,20.000000,0.000000,20.000000,0.000000,0.000000,0.000000,0.000000,0.012160,0.000000,0.910900,-3.316564,19.282240,-4.146761,20.000000
2.578000,12,"LINK_TORSO_YAW",2.562000,0.200000,0.016000,0.000000,20.000000,0.000000,20.000000,0.000000,0.000000,0.000000,0.000000,0.012160,0.000000,0.910900,-3.307875,19.276887,-4.178466,20.000000
2.579000,12,"LINK_TORSO_YAW",2.562000,0.200000,0.017000,0.000000,20.000000,0.000000,20.000000,0.000000,0.000000,0.000000,0.000000,0.012160,0.000000,0.910900,-3.299426,19.271412,-4.210280,20.000000
2.580000,12,"LINK_TORSO_YAW",2.562000,0.200000,0.018000,0.000000,20.000000,0.000000,20.000000,0.000000,0.000000,0.000000,0.000000,0.012160,0.000000,0.910900,-3.291213,19.265810,-4.242226,20.000000
2.581000,12,"LINK_TORSO_YAW",2.562000,0.200000,0.019000,0.000000,20.000000,0.000000,20.000000,0.000000,0.000000,0.000000,0.000000,0.012160,0.000000,0.910900,-3.283233,19.260075,-4.274330,20.000000
2.582000,12,"LINK_TORSO_YAW",2.562000,0.200000,0.020000,0.000000,20.000000,0.000000,20.000000,0.000000,0.000000,0.000000,0.000000,0.012160,0.000000,0.910900,-3.275481,19.254202,-4.306615,20.000000
2.583000,12,"LINK_TORSO_YAW",2.562000,0.200000,0.021000,0.000000,20.000000,0.000000,20.000000,0.000000,0.000000,0.000000,0.000000,0.012160,0.000000,0.910900,-3.267730,19.248269,-4.338905,20.000000
2.584000,12,"LINK_TORSO_YAW",2.562000,0.200000,0.022000,0.000000,20.000000,0.000000,20.000000,0.000000,0.000000,0.000000,0.000000,0.012160,0.000000,0.910900,-3.260188,19.242240,-4.371197,20.000000
2.585000,12,"LINK_TORSO_YAW",2.562000,0.200000,0.023000,0.000000,20.000000,0.000000,20.000000,0.000000,0.000000,0.000000,0.000000,0.012160,0.000000,0.910900,-3.252854,19.236111,-4.403517,20.000000
2.586000,12,"LINK_TORSO_YAW",2.562000,0.200000,0.024000,0.000000,20.000000,0.000000,20.000000,0.000000,0.000000,0.000000,0.000000,0.012160,0.000000,0.910900,-3.245725,19.229876,-4.435892,20.000000
2.587000,12,"LINK_TORSO_YAW",2.562000,0.200000,0.025000,0.000000,20.000000,0.000000,20.000000,0.000000,0.000000,0.000000,0.000000,0.012160,0.000000,0.910900,-3.238797,19.223530,-4.468345,20.000000
2.588000,12,"LINK_TORSO_YAW",2.562000,0.200000,0.026000,0.000000,20.000000,0.000000,20.000000,0.000000,0.000000,0.000000,0.000000,0.012160,0.000000,0.910900,-3.232066,19.217066,-4.500902,20.000000
2.589000,12,"LINK_TORSO_YAW",2.562000,0.200000,0.027000,0.000000,20.000000,0.000000,20.000000,0.000000,0.000000,0.000000,0.000000,0.012160,0.000000,0.910900,-3.225539,19.210472,-4.533616,20.000000
2.590000,12,"LINK_TORSO_YAW",2.562000,0.200000,0.028000,0.000000,20.000000,0.000000,20.000000,0.000000,0.000000,0.000000,0.000000,0.012160,0.000000,0.910900,-3.219211,19.203741,-4.566510,20.000000
2.591000,12,"LINK_TORSO_YAW",2.562000,0.200000,0.029000,0.000000,20.000000,0.000000,20.000000,0.000000,0.000000,0.000000,0.000000,0.012160,0.000000,0.910900,-3.213078,19.196868,-4.599607,20.000000
2.592000,12,"LINK_TORSO_YAW",2.562000,0.200000,0.030000,0.000000,20.000000,0.000000,20.000000,0.000000,0.000000,0.000000,0.000000,0.012160,0.000000,0.910900,-3.207134,19.189848,-4.632930,20.000000
2.593000,12,"LINK_TORSO_YAW",2.562000,0.200000,0.031000,0.000000,20.000000,0.000000,20.000000,0.000000,0.000000,0.000000,0.000000,0.012160,0.000000,0.910900,-3.200969,19.182767,-4.666394,20.000000
2.594000,12,"LINK_TORSO_YAW",2.562000,0.200000,0.032000,0.000000,20.000000,0.000000,20.000000,0.000000,0.000000,0.000000,0.000000,0.012160,0.000000,0.910900,-3.194692,19.175615,-4.699973,20.000000
2.595000,12,"LINK_TORSO_YAW",2.562000,0.200000,0.033000,0.000000,20.000000,0.000000,20.000000,0.000000,0.000000,0.000000,0.000000,0.012160,0.000000,0.910900,-3.188579,19.168346,-4.733654,20.000000
2.596000,12,"LINK_TORSO_YAW",2.562000,0.200000,0.034000,0.000000,20.000000,0.000000,20.000000,0.000000,0.000000,0.000000,0.000000,0.012160,0.000000,0.910900,-3.182630,19.160959,-4.767443,20.000000
2.597000,12,"LINK_TORSO_YAW",2.562000,0.200000,0.035000,0.000000,20.000000,0.000000,20.000000,0.000000,0.000000,0.000000,0.000000,0.012160,0.000000,0.910900,-3.176841,19.153450,-4.801359,20.000000
2.598000,12,"LINK_TORSO_YAW",2.562000,0.200000,0.036000,0.000000,20.000000,0.000000,20.000000,0.000000,0.000000,0.000000,0.000000,0.012160,0.000000,0.910900,-3.171210,19.145812,-4.835424,20.000000
2.599000,12,"LINK_TORSO_YAW",2.562000,0.200000,0.037000,0.000000,20.000000,0.000000,20.000000,0.000000,0.000000,0.000000,0.000000,0.012160,0.000000,0.910900,-3.165735,19.138039,-4.869660,20.000000
2.600000,12,"LINK_TORSO_YAW",2.562000,0.200000,0.038000,0.000000,20.000000,0.000000,20.000000,0.000000,0.000000,0.000000,0.000000,0.012160,0.000000,0.910900,-3.160413,19.130117,-4.904123,20.000000
2.601000,12,"LINK_TORSO_YAW",2.562000,0.200000,0.039000,0.000000,20.000000,0.000000,20.000000,0.000000,0.000000,0.000000,0.000000,0.012160,0.000000,0.910900,-3.155240,19.122040,-4.938831,20.000000
2.602000,12,"LINK_TORSO_YAW",2.562000,0.200000,0.040000,0.000000,20.000000,0.000000,20.000000,0.000000,0.000000,0.000000,0.000000,0.012160,0.000000,0.910900,-3.150214,19.113802,-4.973802,20.000000
2.603000,12,"LINK_TORSO_YAW",2.562000,0.200000,0.041000,0.000000,20.000000,0.000000,20.000000,0.000000,0.000000,0.000000,0.000000,0.012160,0.000000,0.910900,-3.145300,19.105471,-5.008800,20.000000
2.604000,12,"LINK_TORSO_YAW",2.562000,0.200000,0.042000,0.000000,20.000000,0.000000,20.000000,0.000000,0.000000,0.000000,0.000000,0.012160,0.000000,0.910900,-3.140316,19.097058,-5.043888,20.000000
2.605000,12,"LINK_TORSO_YAW",2.562000,0.200000,0.043000,0.000000,20.000000,0.000000,20.000000,0.000000,0.000000,0.000000,0.000000,0.012160,0.000000,0.910900,-3.135441,19.088536,-5.079056,20.000000
2.606000,12,"LINK_TORSO_YAW",2.562000,0.200000,0.044000,0.000000,20.000000,0.000000,20.000000,0.000000,0.000000,0.000000,0.000000,0.012160,0.000000,0.910900,-3.130672,19.079898,-5.114332,20.000000
2.607000,12,"LINK_TORSO_YAW",2.562000,0.200000,0.045000,0.000000,20.000000,0.000000,20.000000,0.000000,0.000000,0.000000,0.000000,0.012160,0.000000,0.910900,-3.126007,19.071123,-5.149792,20.000000
2.608000,12,"LINK_TORSO_YAW",2.562000,0.200000,0.046000,0.000000,20.000000,0.000000,20.000000,0.000000,0.000000,0.000000,0.000000,0.012160,0.000000,0.910900,-3.121445,19.062204,-5.185457,20.000000
2.609000,12,"LINK_TORSO_YAW",2.562000,0.200000,0.047000,0.000000,20.000000,0.000000,20.000000,0.000000,0.000000,0.000000,0.000000,0.012160,0.000000,0.910900,-3.116801,19.053328,-5.220752,20.000000
2.610000,12,"LINK_TORSO_YAW",2.562000,0.200000,0.048000,0.000000,20.000000,0.000000,20.000000,0.000000,0.000000,0.000000,0.000000,0.012160,0.000000,0.910900,-3.112344,19.044145,-5.256793,20.000000
2.611000,12,"LINK_TORSO_YAW",2.562000,0.200000,0.049000,0.000000,20.000000,0.000000,20.000000,0.000000,0.000000,0.000000,0.000000,0.012160,0.000000,0.910900,-3.108015,19.034750,-5.293253,20.000000
2.612000,12,"LINK_TORSO_YAW",2.562000,0.200000,0.050000,0.000000,20.000000,0.000000,20.000000,0.000000,0.000000,0.000000,0.000000,0.012160,0.000000,0.910900,-3.103791,19.025169,-5.330048,20.000000
2.613000,12,"LINK_TORSO_YAW",2.562000,0.200000,0.051000,0.000000,20.000000,0.000000,20.000000,0.000000,0.000000,0.000000,0.000000,0.012160,0.000000,0.910900,-3.099463,19.015597,-5.366601,20.000000
2.614000,12,"LINK_TORSO_YAW",2.562000,0.200000,0.052000,0.000000,20.000000,0.000000,20.000000,0.000000,0.000000,0.000000,0.000000,0.012160,0.000000,0.910900,-3.094993,19.005834,-5.403636,20.000000
2.615000,12,"LINK_TORSO_YAW",2.562000,0.200000,0.053000,0.000000,20.000000,0.000000,20.000000,0.000000,0.000000,0.000000,0.000000,0.012160,0.000000,0.910900,-3.090598,18.995907,-5.440929,20.000000
2.616000,12,"LINK_TORSO_YAW",2.562000,0.200000,0.054000,0.000000,20.000000,0.000000,20.000000,0.000000,0.000000,0.000000,0.000000,0.012160,0.000000,0.910900,-3.086088,18.986040,-5.477804,20.000000
2.617000,12,"LINK_TORSO_YAW",2.562000,0.200000,0.055000,0.000000,20.000000,0.000000,20.000000,0.000000,0.000000,0.000000,0.000000,0.012160,0.000000,0.910900,-3.081462,18.976221,-5.514311,20.000000
2.618000,12,"LINK_TORSO_YAW",2.562000,0.200000,0.056000,0.000000,20.000000,0.000000,20.000000,0.000000,0.000000,0.000000,0.000000,0.012160,0.000000,0.910900,-3.077036,18.965980,-5.551887,20.000000
2.619000,12,"LINK_TORSO_YAW",2.562000,0.200000,0.057000,0.000000,20.000000,0.000000,20.000000,0.000000,0.000000,0.000000,0.000000,0.012160,0.000000,0.910900,-3.072709,18.955474,-5.590031,20.000000
2.620000,12,"LINK_TORSO_YAW",2.562000,0.200000,0.058000,0.000000,20.000000,0.000000,20.000000,0.000000,0.000000,0.000000,0.000000,0.012160,0.000000,0.910900,-3.068249,18.944974,-5.627948,20.000000
2.621000,12,"LINK_TORSO_YAW",2.562000,0.200000,0.059000,0.000000,20.000000,0.000000,20.000000,0.000000,0.000000,0.000000,0.000000,0.012160,0.000000,0.910900,-3.063658,18.934466,-5.665685,20.000000
2.622000,12,"LINK_TORSO_YAW",2.562000,0.200000,0.060000,0.000000,20.000000,0.000000,20.000000,0.000000,0.000000,0.000000,0.000000,0.012160,0.000000,0.910900,-3.059217,18.923616,-5.704204,20.000000
2.623000,12,"LINK_TORSO_YAW",2.562000,0.200000,0.061000,0.000000,20.000000,0.000000,20.000000,0.000000,0.000000,0.000000,0.000000,0.012160,0.000000,0.910900,-3.054610,18.912814,-5.742372,20.000000
2.624000,12,"LINK_TORSO_YAW",2.562000,0.200000,0.062000,0.000000,20.000000,0.000000,20.000000,0.000000,0.000000,0.000000,0.000000,0.012160,0.000000,0.910900,-3.049832,18.902032,-5.780288,20.000000
2.625000,12,"LINK_TORSO_YAW",2.562000,0.200000,0.063000,0.000000,20.000000,0.000000,20.000000,0.000000,0.000000,0.000000,0.000000,0.012160,0.000000,0.910900,-3.045608,18.890750,-5.819265,20.000000
2.626000,12,"LINK_TORSO_YAW",2.562000,0.200000,0.064000,0.000000,20.000000,0.000000,20.000000,0.000000,0.000000,0.000000,0.000000,0.012160,0.000000,0.910900,-3.040926,18.879505,-5.858078,20.000000
2.627000,12,"LINK_TORSO_YAW",2.562000,0.200000,0.065000,0.000000,20.000000,0.000000,20.000000,0.000000,0.000000,0.000000,0.000000,0.012160,0.000000,0.910900,-3.036129,18.868239,-5.896735,20.000000
2.628000,12,"LINK_TORSO_YAW",2.562000,0.200000,0.066000,0.000000,20.000000,0.000000,20.000000,0.000000,0.000000,0.000000,0.000000,0.012160,0.000000,0.910900,-3.031214,18.856939,-5.935282,20.000000
2.629000,12,"LINK_TORSO_YAW",2.562000,0.200000,0.067000,0.000000,20.000000,0.000000,20.000000,0.000000,0.000000,0.000000,0.000000,0.012160,0.000000,0.910900,-3.026576,18.845059,-5.975249,20.000000
2.630000,12,"LINK_TORSO_YAW",2.562000,0.200000,0.068000,0.000000,20.000000,0.000000,20.000000,0.000000,0.000000,0.000000,0.000000,0.012160,0.000000,0.910900,-3.021806,18.833126,-6.015153,20.000000
2.631000,12,"LINK_TORSO_YAW",2.562000,0.200000,0.069000,0.000000,20.000000,0.000000,20.000000,0.000000,0.000000,0.000000,0.000000,0.012160,0.000000,0.910900,-3.016894,18.821116,-6.055077,20.000000
2.632000,12,"LINK_TORSO_YAW",2.562000,0.200000,0.070000,0.000000,20.000000,0.000000,20.000000,0.000000,0.000000,0.000000,0.000000,0.012160,0.000000,0.910900,-3.011842,18.809014,-6.095062,20.000000
2.633000,12,"LINK_TORSO_YAW",2.562000,0.200000,0.071000,0.000000,20.000000,0.000000,20.000000,0.000000,0.000000,0.000000,0.000000,0.012160,0.000000,0.910900,-3.006614,18.796917,-6.134833,20.000000
2.634000,12,"LINK_TORSO_YAW",2.562000,0.200000,0.072000,0.000000,20.000000,0.000000,20.000000,0.000000,0.000000,0.000000,0.000000,0.012160,0.000000,0.910900,-3.001210,18.784811,-6.174433,20.000000
2.635000,12,"LINK_TORSO_YAW",2.562000,0.200000,0.073000,0.000000,20.000000,0.000000,20.000000,0.000000,0.000000,0.000000,0.000000,0.012160,0.000000,0.910900,-2.996162,18.772072,-6.215492,20.000000
2.636000,12,"LINK_TORSO_YAW",2.562000,0.200000,0.074000,0.000000,20.000000,0.000000,20.000000,0.000000,0.000000,0.000000,0.000000,0.012160,0.000000,0.910900,-2.990941,18.759304,-6.256418,20.000000
2.637000,12,"LINK_TORSO_YAW",2.562000,0.200000,0.075000,0.000000,20.000000,0.000000,20.000000,0.000000,0.000000,0.000000,0.000000,0.012160,0.000000,0.910900,-2.985571,18.746484,-6.297278,20.000000
2.638000,12,"LINK_TORSO_YAW",2.562000,0.200000,0.076000,0.000000,20.000000,0.000000,20.000000,0.000000,0.000000,0.000000,0.000000,0.012160,0.000000,0.910900,-2.979802,18.733627,-6.338140,20.000000
2.639000,12,"LINK_TORSO_YAW",2.562000,0.200000,0.077000,0.000000,20.000000,0.000000,20.000000,0.000000,0.000000,0.000000,0.000000,0.012160,0.000000,0.910900,-2.973966,18.720679,-6.379005,20.000000
2.640000,12,"LINK_TORSO_YAW",2.562000,0.200000,0.078000,0.000000,20.000000,0.000000,20.000000,0.000000,0.000000,0.000000,0.000000,0.012160,0.000000,0.910900,-2.968061,18.707628,-6.419913,20.000000
2.641000,12,"LINK_TORSO_YAW",2.562000,0.200000,0.079000,0.000000,20.000000,0.000000,20.000000,0.000000,0.000000,0.000000,0.000000,0.012160,0.000000,0.910900,-2.962088,18.694458,-6.460902,20.000000
2.642000,12,"LINK_TORSO_YAW",2.562000,0.200000,0.080000,0.000000,20.000000,0.000000,20.000000,0.000000,0.000000,0.000000,0.000000,0.012160,0.000000,0.910900,-2.956046,18.681158,-6.502009,20.000000
2.643000,12,"LINK_TORSO_YAW",2.562000,0.200000,0.081000,0.000000,20.000000,0.000000,20.000000,0.000000,0.000000,0.000000,0.000000,0.012160,0.000000,0.910900,-2.949877,18.667821,-6.542989,20.000000
2.645000,12,"LINK_TORSO_YAW",2.562000,0.200000,0.083000,0.000000,20.000000,0.000000,20.000000,0.000000,0.000000,0.000000,0.000000,0.012160,0.000000,0.910900,-2.937793,18.640788,-6.624983,20.000000
2.646000,12,"LINK_TORSO_YAW",2.562000,0.200000,0.084000,0.000000,20.000000,0.000000,20.000000,0.000000,0.000000,0.000000,0.000000,0.012160,0.000000,0.910900,-2.931594,18.627119,-6.666048,20.000000
2.647000,12,"LINK_TORSO_YAW",2.562000,0.200000,0.085000,0.000000,20.000000,0.000000,20.000000,0.000000,0.000000,0.000000,0.000000,0.012160,0.000000,0.910900,-2.925276,18.613384,-6.707064,20.000000
2.648000,12,"LINK_TORSO_YAW",2.562000,0.200000,0.086000,0.000000,20.000000,0.000000,20.000000,0.000000,0.000000,0.000000,0.000000,0.012160,0.000000,0.910900,-2.918843,18.599565,-6.748076,20.000000
2.649000,12,"LINK_TORSO_YAW",2.562000,0.200000,0.087000,0.000000,20.000000,0.000000,20.000000,0.000000,0.000000,0.000000,0.000000,0.012160,0.000000,0.910900,-2.912298,18.585648,-6.789124,20.000000
2.650000,12,"LINK_TORSO_YAW",2.562000,0.200000,0.088000,0.000000,20.000000,0.000000,20.000000,0.000000,0.000000,0.000000,0.000000,0.012160,0.000000,0.910900,-2.905387,18.571646,-6.830277,20.000000
2.651000,12,"LINK_TORSO_YAW",2.562000,0.200000,0.089000,0.000000,20.000000,0.000000,20.000000,0.000000,0.000000,0.000000,0.000000,0.012160,0.000000,0.910900,-2.898395,18.557520,-6.871518,20.000000
2.652000,12,"LINK_TORSO_YAW",2.562000,0.200000,0.090000,0.000000,20.000000,0.000000,20.000000,0.000000,0.000000,0.000000,0.000000,0.012160,0.000000,0.910900,-2.891322,18.543254,-6.912885,20.000000
2.653000,12,"LINK_TORSO_YAW",2.562000,0.200000,0.091000,0.000000,20.000000,0.000000,20.000000,0.000000,0.000000,0.000000,0.000000,0.012160,0.000000,0.910900,-2.884578,18.528768,-6.954420,20.000000
2.654000,12,"LINK_TORSO_YAW",2.562000,0.200000,0.092000,0.000000,20.000000,0.000000,20.000000,0.000000,0.000000,0.000000,0.000000,0.012160,0.000000,0.910900,-2.877769,18.514107,-6.996163,20.000000
2.655000,12,"LINK_TORSO_YAW",2.562000,0.200000,0.093000,0.000000,20.000000,0.000000,20.000000,0.000000,0.000000,0.000000,0.000000,0.012160,0.000000,0.910900,-2.870828,18.499398,-7.037798,20.000000
2.656000,12,"LINK_TORSO_YAW",2.562000,0.200000,0.094000,0.000000,20.000000,0.000000,20.000000,0.000000,0.000000,0.000000,0.000000,0.012160,0.000000,0.910900,-2.863760,18.484628,-7.079364,20.000000
2.657000,12,"LINK_TORSO_YAW",2.562000,0.200000,0.095000,0.000000,20.000000,0.000000,20.000000,0.000000,0.000000,0.000000,0.000000,0.012160,0.000000,0.910900,-2.856556,18.469789,-7.120884,20.000000
2.658000,12,"LINK_TORSO_YAW",2.562000,0.200000,0.096000,0.000000,20.000000,0.000000,20.000000,0.000000,0.000000,0.000000,0.000000,0.012160,0.000000,0.910900,-2.849042,18.454883,-7.162418,20.000000
2.659000,12,"LINK_TORSO_YAW",2.562000,0.200000,0.097000,0.000000,20.000000,0.000000,20.000000,0.000000,0.000000,0.000000,0.000000,0.012160,0.000000,0.910900,-2.841818,18.439663,-7.204367,20.000000
2.660000,12,"LINK_TORSO_YAW",2.562000,0.200000,0.098000,0.000000,20.000000,0.000000,20.000000,0.000000,0.000000,0.000000,0.000000,0.012160,0.000000,0.910900,-2.834488,18.424351,-7.246307,20.000000
2.661000,12,"LINK_TORSO_YAW",2.562000,0.200000,0.099000,0.000000,20.000000,0.000000,20.000000,0.000000,0.000000,0.000000,0.000000,0.012160,0.000000,0.910900,-2.827053,18.408932,-7.288279,20.000000
2.662000,12,"LINK_TORSO_YAW",2.562000,0.200000,0.100000,0.000000,20.000000,0.000000,20.000000,0.000000,0.000000,0.000000,0.000000,0.012160,0.000000,0.910900,-2.819508,18.393397,-7.330301,20.000000
2.663000,12,"LINK_TORSO_YAW",2.562000,0.200000,0.101000,0.000000,20.000000,0.000000,20.000000,0.000000,0.000000,0.000000,0.000000,0.012160,0.000000,0.910900,-2.811856,18.377731,-7.372414,20.000000
2.664000,12,"LINK_TORSO_YAW",2.562000,0.200000,0.102000,0.000000,20.000000,0.000000,20.000000,0.000000,0.000000,0.000000,0.000000,0.012160,0.000000,0.910900,-2.804408,18.361869,-7.414653,20.000000
2.665000,12,"LINK_TORSO_YAW",2.562000,0.200000,0.103000,0.000000,20.000000,0.000000,20.000000,0.000000,0.000000,0.000000,0.000000,0.012160,0.000000,0.910900,-2.796816,18.345964,-7.456770,20.000000
2.667000,12,"LINK_TORSO_YAW",2.562000,0.200000,0.105000,0.000000,20.000000,0.000000,20.000000,0.000000,0.000000,0.000000,0.000000,0.012160,0.000000,0.910900,-2.780957,18.313828,-7.541219,20.000000
2.668000,12,"LINK_TORSO_YAW",2.562000,0.200000,0.106000,0.000000,20.000000,0.000000,20.000000,0.000000,0.000000,0.000000,0.000000,0.012160,0.000000,0.910900,-2.773209,18.297528,-7.583521,20.000000
2.669000,12,"LINK_TORSO_YAW",2.562000,0.200000,0.107000,0.000000,20.000000,0.000000,20.000000,0.000000,0.000000,0.000000,0.000000,0.012160,0.000000,0.910900,-2.765335,18.281154,-7.625766,20.000000
2.670000,12,"LINK_TORSO_YAW",2.562000,0.200000,0.108000,0.000000,20.000000,0.000000,20.000000,0.000000,0.000000,0.000000,0.000000,0.012160,0.000000,0.910900,-2.757343,18.264690,-7.667995,20.000000
2.671000,12,"LINK_TORSO_YAW",2.562000,0.200000,0.109000,0.000000,20.000000,0.000000,20.000000,0.000000,0.000000,0.000000,0.000000,0.012160,0.000000,0.910900,-2.749240,18.248117,-7.710247,20.000000
2.672000,12,"LINK_TORSO_YAW",2.562000,0.200000,0.110000,0.000000,20.000000,0.000000,20.000000,0.000000,0.000000,0.000000,0.000000,0.012160,0.000000,0.910900,-2.741339,18.231373,-7.752555,20.000000
2.674000,12,"LINK_TORSO_YAW",2.562000,0.200000,0.112000,0.000000,20.000000,0.000000,20.000000,0.000000,0.000000,0.000000,0.000000,0.012160,0.000000,0.910900,-2.725360,18.197245,-7.837900,20.000000
2.675000,12,"LINK_TORSO_YAW",2.562000,0.200000,0.113000,0.000000,20.000000,0.000000,20.000000,0.000000,0.000000,0.000000,0.000000,0.012160,0.000000,0.910900,-2.717042,18.179877,-7.880974,20.000000
2.676000,12,"LINK_TORSO_YAW",2.562000,0.200000,0.114000,0.000000,20.000000,0.000000,20.000000,0.000000,0.000000,0.000000,0.000000,0.012160,0.000000,0.910900,-2.708920,18.162305,-7.924166,20.000000
2.677000,12,"LINK_TORSO_YAW",2.562000,0.200000,0.115000,0.000000,20.000000,0.000000,20.000000,0.000000,0.000000,0.000000,0.000000,0.012160,0.000000,0.910900,-2.700661,18.144708,-7.967182,20.000000
2.678000,12,"LINK_TORSO_YAW",2.562000,0.200000,0.116000,0.000000,20.000000,0.000000,20.000000,0.000000,0.000000,0.000000,0.000000,0.012160,0.000000,0.910900,-2.692274,18.127066,-8.010064,20.000000
2.679000,12,"LINK_TORSO_YAW",2.562000,0.200000,0.117000,0.000000,20.000000,0.000000,20.000000,0.000000,0.000000,0.000000,0.000000,0.012160,0.000000,0.910900,-2.684129,18.109138,-8.053235,20.000000
2.680000,12,"LINK_TORSO_YAW",2.562000,0.200000,0.118000,0.000000,20.000000,0.000000,20.000000,0.000000,0.000000,0.000000,0.000000,0.012160,0.000000,0.910900,-2.675872,18.091155,-8.096285,20.000000
2.681000,12,"LINK_TORSO_YAW",2.562000,0.200000,0.119000,0.000000,20.000000,0.000000,20.000000,0.000000,0.000000,0.000000,0.000000,0.012160,0.000000,0.910900,-2.667511,18.073098,-8.139258,20.000000
2.682000,12,"LINK_TORSO_YAW",2.562000,0.200000,0.120000,0.000000,20.000000,0.000000,20.000000,0.000000,0.000000,0.000000,0.000000,0.012160,0.000000,0.910900,-2.659327,18.054909,-8.182191,20.000000
2.683000,12,"LINK_TORSO_YAW",2.562000,0.200000,0.121000,0.000000,20.000000,0.000000,20.000000,0.000000,0.000000,0.000000,0.000000,0.012160,0.000000,0.910900,-2.650877,18.036618,-8.225160,20.000000
2.685000,12,"LINK_TORSO_YAW",2.562000,0.200000,0.123000,0.000000,20.000000,0.000000,20.000000,0.000000,0.000000,0.000000,0.000000,0.012160,0.000000,0.910900,-2.633786,17.999460,-8.311594,20.000000
2.686000,12,"LINK_TORSO_YAW",2.562000,0.200000,0.124000,0.000000,20.000000,0.000000,20.000000,0.000000,0.000000,0.000000,0.000000,0.012160,0.000000,0.910900,-2.625480,17.980546,-8.355048,20.000000
2.687000,12,"LINK_TORSO_YAW",2.562000,0.200000,0.125000,0.000000,20.000000,0.000000,20.000000,0.000000,0.000000,0.000000,0.000000,0.012160,0.000000,0.910900,-2.617169,17.961466,-8.398581,20.000000
2.688000,12,"LINK_TORSO_YAW",2.562000,0.200000,0.126000,0.000000,20.000000,0.000000,20.000000,0.000000,0.000000,0.000000,0.000000,0.012160,0.000000,0.910900,-2.608753,17.942371,-8.441902,20.000000
2.689000,12,"LINK_TORSO_YAW",2.562000,0.200000,0.127000,0.000000,20.000000,0.000000,20.000000,0.000000,0.000000,0.000000,0.000000,0.012160,0.000000,0.910900,-2.600536,17.923021,-8.485431,20.000000
2.690000,12,"LINK_TORSO_YAW",2.562000,0.200000,0.128000,0.000000,20.000000,0.000000,20.000000,0.000000,0.000000,0.000000,0.000000,0.012160,0.000000,0.910900,-2.592226,17.903643,-8.528770,20.000000
2.691000,12,"LINK_TORSO_YAW",2.562000,0.200000,0.129000,0.000000,20.000000,0.000000,20.000000,0.000000,0.000000,0.000000,0.000000,0.012160,0.000000,0.910900,-2.583766,17.884204,-8.572013,20.000000
2.692000,12,"LINK_TORSO_YAW",2.562000,0.200000,0.130000,0.000000,20.000000,0.000000,20.000000,0.000000,0.000000,0.000000,0.000000,0.012160,0.000000,0.910900,-2.575226,17.864697,-8.615150,20.000000
2.695000,12,"LINK_TORSO_YAW",2.562000,0.200000,0.133000,0.000000,20.000000,0.000000,20.000000,0.000000,0.000000,0.000000,0.000000,0.012160,0.000000,0.910900,-2.550140,17.804896,-8.745425,20.000000
2.696000,12,"LINK_TORSO_YAW",2.562000,0.200000,0.134000,0.000000,20.000000,0.000000,20.000000,0.000000,0.000000,0.000000,0.000000,0.012160,0.000000,0.910900,-2.542067,17.784528,-8.789111,20.000000
2.697000,12,"LINK_TORSO_YAW",2.562000,0.200000,0.135000,0.000000,20.000000,0.000000,20.000000,0.000000,0.000000,0.000000,0.000000,0.012160,0.000000,0.910900,-2.534035,17.764033,-8.832769,20.000000
2.698000,12,"LINK_TORSO_YAW",2.562000,0.200000,0.136000,0.000000,20.000000,0.000000,20.000000,0.000000,0.000000,0.000000,0.000000,0.012160,0.000000,0.910900,-2.525944,17.743540,-8.876170,20.000000
2.699000,12,"LINK_TORSO_YAW",2.562000,0.200000,0.137000,0.000000,20.000000,0.000000,20.000000,0.000000,0.000000,0.000000,0.000000,0.012160,0.000000,0.910900,-2.517704,17.723014,-8.919415,20.000000
2.700000,12,"LINK_TORSO_YAW",2.562000,0.200000,0.138000,0.000000,20.000000,0.000000,20.000000,0.000000,0.000000,0.000000,0.000000,0.012160,0.000000,0.910900,-2.509511,17.702434,-8.962488,20.000000
2.701000,12,"LINK_TORSO_YAW",2.562000,0.200000,0.139000,0.000000,20.000000,0.000000,20.000000,0.000000,0.000000,0.000000,0.000000,0.012160,0.000000,0.910900,-2.501278,17.681792,-9.005434,20.000000
2.703000,12,"LINK_TORSO_YAW",2.562000,0.200000,0.141000,0.000000,20.000000,0.000000,20.000000,0.000000,0.000000,0.000000,0.000000,0.012160,0.000000,0.910900,-2.485315,17.639629,-9.092123,20.000000
2.704000,12,"LINK_TORSO_YAW",2.562000,0.200000,0.142000,0.000000,20.000000,0.000000,20.000000,0.000000,0.000000,0.000000,0.000000,0.012160,0.000000,0.910900,-2.477491,17.618315,-9.135480,20.000000
2.705000,12,"LINK_TORSO_YAW",2.562000,0.200000,0.143000,0.000000,20.000000,0.000000,20.000000,0.000000,0.000000,0.000000,0.000000,0.012160,0.000000,0.910900,-2.469651,17.596908,-9.178761,20.000000
2.706000,12,"LINK_TORSO_YAW",2.562000,0.200000,0.144000,0.000000,20.000000,0.000000,20.000000,0.000000,0.000000,0.000000,0.000000,0.012160,0.000000,0.910900,-2.461961,17.575361,-9.222008,20.000000
2.707000,12,"LINK_TORSO_YAW",2.562000,0.200000,0.145000,0.000000,20.000000,0.000000,20.000000,0.000000,0.000000,0.000000,0.000000,0.012160,0.000000,0.910900,-2.454411,17.553594,-9.265377,20.000000
2.708000,12,"LINK_TORSO_YAW",2.562000,0.200000,0.146000,0.000000,20.000000,0.000000,20.000000,0.000000,0.000000,0.000000,0.000000,0.012160,0.000000,0.910900,-2.446607,17.531617,-9.308949,20.000000
2.709000,12,"LINK_TORSO_YAW",2.562000,0.200000,0.147000,0.000000,20.000000,0.000000,20.000000,0.000000,0.000000,0.000000,0.000000,0.012160,0.000000,0.910900,-2.438887,17.509626,-9.352263,20.000000
2.710000,12,"LINK_TORSO_YAW",2.562000,0.200000,0.148000,0.000000,20.000000,0.000000,20.000000,0.000000,0.000000,0.000000,0.000000,0.012160,0.000000,0.910900,-2.431216,17.487601,-9.395370,20.000000
2.711000,12,"LINK_TORSO_YAW",2.562000,0.200000,0.149000,0.000000,20.000000,0.000000,20.000000,0.000000,0.000000,0.000000,0.000000,0.012160,0.000000,0.910900,-2.423531,17.465525,-9.438323,20.000000
2.712000,12,"LINK_TORSO_YAW",2.562000,0.200000,0.150000,0.000000,20.000000,0.000000,20.000000,0.000000,0.000000,0.000000,0.000000,0.012160,0.000000,0.910900,-2.416053,17.443138,-9.481541,20.000000
2.713000,12,"LINK_TORSO_YAW",2.562000,0.200000,0.151000,0.000000,20.000000,0.000000,20.000000,0.000000,0.000000,0.000000,0.000000,0.012160,0.000000,0.910900,-2.408740,17.420436,-9.525040,20.000000
2.714000,12,"LINK_TORSO_YAW",2.562000,0.200000,0.152000,0.000000,20.000000,0.000000,20.000000,0.000000,0.000000,0.000000,0.000000,0.012160,0.000000,0.910900,-2.401488,17.397653,-9.568413,20.000000
2.715000,12,"LINK_TORSO_YAW",2.562000,0.200000,0.153000,0.000000,20.000000,0.000000,20.000000,0.000000,0.000000,0.000000,0.000000,0.012160,0.000000,0.910900,-2.394233,17.374770,-9.611712,20.000000
2.716000,12,"LINK_TORSO_YAW",2.562000,0.200000,0.154000,0.000000,20.000000,0.000000,20.000000,0.000000,0.000000,0.000000,0.000000,0.012160,0.000000,0.910900,-2.387128,17.351739,-9.654986,20.000000
2.717000,12,"LINK_TORSO_YAW",2.562000,0.200000,0.155000,0.000000,20.000000,0.000000,20.000000,0.000000,0.000000,0.000000,0.000000,0.012160,0.000000,0.910900,-2.379858,17.328349,-9.698691,20.000000
2.718000,12,"LINK_TORSO_YAW",2.562000,0.200000,0.156000,0.000000,20.000000,0.000000,20.000000,0.000000,0.000000,0.000000,0.000000,0.012160,0.000000,0.910900,-2.372730,17.304742,-9.742488,20.000000
2.720000,12,"LINK_TORSO_YAW",2.562000,0.200000,0.158000,0.000000,20.000000,0.000000,20.000000,0.000000,0.000000,0.000000,0.000000,0.012160,0.000000,0.910900,-2.358861,17.256841,-9.830423,20.000000
2.721000,12,"LINK_TORSO_YAW",2.562000,0.200000,0.159000,0.000000,20.000000,0.000000,20.000000,0.000000,0.000000,0.000000,0.000000,0.012160,0.000000,0.910900,-2.352117,17.232651,-9.874375,20.000000
2.722000,12,"LINK_TORSO_YAW",2.562000,0.200000,0.160000,0.000000,20.000000,0.000000,20.000000,0.000000,0.000000,0.000000,0.000000,0.012160,0.000000,0.910900,-2.345489,17.208306,-9.918311,20.000000
2.723000,12,"LINK_TORSO_YAW",2.562000,0.200000,0.161000,0.000000,20.000000,0.000000,20.000000,0.000000,0.000000,0.000000,0.000000,0.012160,0.000000,0.910900,-2.339008,17.183770,-9.962284,20.000000
2.724000,12,"LINK_TORSO_YAW",2.562000,0.200000,0.162000,0.000000,20.000000,0.000000,20.000000,0.000000,0.000000,0.000000,0.000000,0.012160,0.000000,0.910900,-2.332708,17.158934,-10.006471,20.000000
2.725000,12,"LINK_TORSO_YAW",2.562000,0.200000,0.163000,0.000000,20.000000,0.000000,20.000000,0.000000,0.000000,0.000000,0.000000,0.012160,0.000000,0.910900,-2.326594,17.133781,-10.050897,20.000000
2.726000,12,"LINK_TORSO_YAW",2.562000,0.200000,0.164000,0.000000,20.000000,0.000000,20.000000,0.000000,0.000000,0.000000,0.000000,0.012160,0.000000,0.910900,-2.320683,17.108292,-10.095581,20.000000
2.727000,12,"LINK_TORSO_YAW",2.562000,0.200000,0.165000,0.000000,20.000000,0.000000,20.000000,0.000000,0.000000,0.000000,0.000000,0.012160,0.000000,0.910900,-2.314868,17.082548,-10.140411,20.000000
2.728000,12,"LINK_TORSO_YAW",2.562000,0.200000,0.166000,0.000000,20.000000,0.000000,20.000000,0.000000,0.000000,0.000000,0.000000,0.012160,0.000000,0.910900,-2.309297,17.056514,-10.185404,20.000000
2.729000,12,"LINK_TORSO_YAW",2.562000,0.200000,0.167000,0.000000,20.000000,0.000000,20.000000,0.000000,0.000000,0.000000,0.000000,0.012160,0.000000,0.910900,-2.303840,17.030345,-10.230330,20.000000
2.730000,12,"LINK_TORSO_YAW",2.562000,0.200000,0.168000,0.000000,20.000000,0.000000,20.000000,0.000000,0.000000,0.000000,0.000000,0.012160,0.000000,0.910900,-2.298099,17.004040,-10.275279,20.000000
2.732000,12,"LINK_TORSO_YAW",2.562000,0.200000,0.170000,0.000000,20.000000,0.000000,20.000000,0.000000,0.000000,0.000000,0.000000,0.012160,0.000000,0.910900,-2.286956,16.950729,-10.365452,20.000000
2.733000,12,"LINK_TORSO_YAW",2.562000,0.200000,0.171000,0.000000,20.000000,0.000000,20.000000,0.000000,0.000000,0.000000,0.000000,0.012160,0.000000,0.910900,-2.281626,16.923683,-10.410722,20.000000
2.734000,12,"LINK_TORSO_YAW",2.562000,0.200000,0.172000,0.000000,20.000000,0.000000,20.000000,0.000000,0.000000,0.000000,0.000000,0.012160,0.000000,0.910900,-2.276439,16.896431,-10.456024,20.000000
2.735000,12,"LINK_TORSO_YAW",2.562000,0.200000,0.173000,0.000000,20.000000,0.000000,20.000000,0.000000,0.000000,0.000000,0.000000,0.012160,0.000000,0.910900,-2.271336,16.868954,-10.501401,20.000000
2.736000,12,"LINK_TORSO_YAW",2.562000,0.200000,0.174000,0.000000,20.000000,0.000000,20.000000,0.000000,0.000000,0.000000,0.000000,0.012160,0.000000,0.910900,-2.266445,16.841226,-10.546863,20.000000
2.738000,12,"LINK_TORSO_YAW",2.562000,0.200000,0.176000,0.000000,20.000000,0.000000,20.000000,0.000000,0.000000,0.000000,0.000000,0.012160,0.000000,0.910900,-2.256984,16.785031,-10.638081,20.000000
2.739000,12,"LINK_TORSO_YAW",2.562000,0.200000,0.177000,0.000000,20.000000,0.000000,20.000000,0.000000,0.000000,0.000000,0.000000,0.012160,0.000000,0.910900,-2.252444,16.756606,-10.683757,20.000000
2.740000,12,"LINK_TORSO_YAW",2.562000,0.200000,0.178000,0.000000,20.000000,0.000000,20.000000,0.000000,0.000000,0.000000,0.000000,0.012160,0.000000,0.910900,-2.248014,16.727939,-10.729515,20.000000
2.741000,12,"LINK_TORSO_YAW",2.562000,0.200000,0.179000,0.000000,20.000000,0.000000,20.000000,0.000000,0.000000,0.000000,0.000000,0.012160,0.000000,0.910900,-2.243635,16.699100,-10.775257,20.000000
2.743000,12,"LINK_TORSO_YAW",2.562000,0.200000,0.181000,0.000000,20.000000,0.000000,20.000000,0.000000,0.000000,0.000000,0.000000,0.012160,0.000000,0.910900,-2.235272,16.640725,-10.866915,20.000000
2.745000,12,"LINK_TORSO_YAW",2.562000,0.200000,0.183000,0.000000,20.000000,0.000000,20.000000,0.000000,0.000000,0.000000,0.000000,0.012160,0.000000,0.910900,-2.227356,16.581260,-10.959047,20.000000
2.746000,12,"LINK_TORSO_YAW",2.562000,0.200000,0.184000,0.000000,20.000000,0.000000,20.000000,0.000000,0.000000,0.000000,0.000000,0.012160,0.000000,0.910900,-2.223132,16.551009,-11.005534,20.000000
2.748000,12,"LINK_TORSO_YAW",2.562000,0.200000,0.186000,0.000000,20.000000,0.000000,20.000000,0.000000,0.000000,0.000000,0.000000,0.012160,0.000000,0.910900,-2.214816,16.489576,-11.099030,20.000000
2.749000,12,"LINK_TORSO_YAW",2.562000,0.200000,0.187000,0.000000,20.000000,0.000000,20.000000,0.000000,0.000000,0.000000,0.000000,0.012160,0.000000,0.910900,-2.210923,16.458463,-11.145887,20.000000
2.750000,12,"LINK_TORSO_YAW",2.562000,0.200000,0.188000,0.000000,20.000000,0.000000,20.000000,0.000000,0.000000,0.000000,0.000000,0.012160,0.000000,0.910900,-2.207069,16.427230,-11.192630,20.000000
2.752000,12,"LINK_TORSO_YAW",2.562000,0.200000,0.190000,0.000000,20.000000,0.000000,20.000000,0.000000,0.000000,0.000000,0.000000,0.012160,0.000000,0.910900,-2.199341,16.364205,-11.286085,20.000000
2.753000,12,"LINK_TORSO_YAW",2.562000,0.200000,0.191000,0.000000,20.000000,0.000000,20.000000,0.000000,0.000000,0.000000,0.000000,0.012160,0.000000,0.910900,-2.195722,16.332283,-11.332931,20.000000
2.756000,12,"LINK_TORSO_YAW",2.562000,0.200000,0.194000,0.000000,20.000000,0.000000,20.000000,0.000000,0.000000,0.000000,0.000000,0.012160,0.000000,0.910900,-2.185179,16.234651,-11.474367,20.000000
2.758000,12,"LINK_TORSO_YAW",2.562000,0.200000,0.196000,0.000000,20.000000,0.000000,20.000000,0.000000,0.000000,0.000000,0.000000,0.012160,0.000000,0.910900,-2.178683,16.167842,-11.569538,20.000000
2.759000,12,"LINK_TORSO_YAW",2.562000,0.200000,0.197000,0.000000,20.000000,0.000000,20.000000,0.000000,0.000000,0.000000,0.000000,0.012160,0.000000,0.910900,-2.175402,16.134167,-11.617068,20.000000
2.760000,12,"LINK_TORSO_YAW",2.562000,0.200000,0.198000,0.000000,20.000000,0.000000,20.000000,0.000000,0.000000,0.000000,0.000000,0.012160,0.000000,0.910900,-2.172296,16.100380,-11.664429,20.000000
2.761000,12,"LINK_TORSO_YAW",2.562000,0.200000,0.199000,0.000000,20.000000,0.000000,20.000000,0.000000,0.000000,0.000000,0.000000,0.012160,0.000000,0.910900,-2.168777,16.066340,-11.711922,20.000000
2.764000,13,"LINK_TORSO_YAW",2.763000,0.200000,0.001000,0.000000,20.000000,0.000000,20.000000,0.000000,0.000000,0.000000,0.000000,0.012160,0.000000,0.910900,-2.158588,15.962633,-11.854739,20.000000
2.768000,13,"LINK_TORSO_YAW",2.763000,0.200000,0.005000,0.000000,20.000000,0.000000,20.000000,0.000000,0.000000,0.000000,0.000000,0.012160,0.000000,0.910900,-2.145787,15.819909,-12.046829,20.000000
2.771000,13,"LINK_TORSO_YAW",2.763000,0.200000,0.008000,0.000000,20.000000,0.000000,20.000000,0.000000,0.000000,0.000000,0.000000,0.012160,0.000000,0.910900,-2.136811,15.710081,-12.191284,20.000000
2.773000,13,"LINK_TORSO_YAW",2.763000,0.200000,0.010000,0.000000,20.000000,0.000000,20.000000,0.000000,0.000000,0.000000,0.000000,0.012160,0.000000,0.910900,-2.131118,15.635655,-12.287580,20.000000
2.775000,13,"LINK_TORSO_YAW",2.763000,0.200000,0.012000,0.000000,20.000000,0.000000,20.000000,0.000000,0.000000,0.000000,0.000000,0.012160,0.000000,0.910900,-2.124722,15.560041,-12.384292,20.000000
2.776000,13,"LINK_TORSO_YAW",2.763000,0.200000,0.013000,0.000000,20.000000,0.000000,20.000000,0.000000,0.000000,0.000000,0.000000,0.012160,0.000000,0.910900,-2.121823,15.521769,-12.432721,20.000000
2.781000,13,"LINK_TORSO_YAW",2.763000,0.200000,0.018000,0.000000,20.000000,0.000000,20.000000,0.000000,0.000000,0.000000,0.000000,0.012160,0.000000,0.910900,-2.107397,15.325447,-12.676338,20.000000
2.782000,13,"LINK_TORSO_YAW",2.763000,0.200000,0.019000,0.000000,20.000000,0.000000,20.000000,0.000000,0.000000,0.000000,0.000000,0.012160,0.000000,0.910900,-2.104791,15.285465,-12.724953,20.000000
2.783000,13,"LINK_TORSO_YAW",2.763000,0.200000,0.020000,0.000000,20.000000,0.000000,20.000000,0.000000,0.000000,0.000000,0.000000,0.012160,0.000000,0.910900,-2.102181,15.245242,-12.773544,20.000000
2.784000,13,"LINK_TORSO_YAW",2.763000,0.200000,0.021000,0.000000,20.000000,0.000000,20.000000,0.000000,0.000000,0.000000,0.000000,0.012160,0.000000,0.910900,-2.099315,15.204745,-12.822192,20.000000
2.789000,13,"LINK_TORSO_YAW",2.763000,0.200000,0.026000,0.000000,20.000000,0.000000,20.000000,0.000000,0.000000,0.000000,0.000000,0.012160,0.000000,0.910900,-2.085808,14.997882,-13.065716,20.000000
2.792000,13,"LINK_TORSO_YAW",2.763000,0.200000,0.029000,0.000000,20.000000,0.000000,20.000000,0.000000,0.000000,0.000000,0.000000,0.012160,0.000000,0.910900,-2.078362,14.871003,-13.211120,20.000000
2.794000,13,"LINK_TORSO_YAW",2.763000,0.200000,0.031000,0.000000,20.000000,0.000000,20.000000,0.000000,0.000000,0.000000,0.000000,0.012160,0.000000,0.910900,-2.072949,14.785141,-13.307985,20.000000
2.799000,13,"LINK_TORSO_YAW",2.763000,0.200000,0.036000,0.000000,20.000000,0.000000,20.000000,0.000000,0.000000,0.000000,0.000000,0.012160,0.000000,0.910900,-2.062873,14.565428,-13.549644,20.000000
2.802000,13,"LINK_TORSO_YAW",2.763000,0.200000,0.039000,0.000000,20.000000,0.000000,20.000000,0.000000,0.000000,0.000000,0.000000,0.012160,0.000000,0.910900,-2.057649,14.429894,-13.694679,20.000000
2.804000,13,"LINK_TORSO_YAW",2.763000,0.200000,0.041000,0.000000,20.000000,0.000000,20.000000,0.000000,0.000000,0.000000,0.000000,0.012160,0.000000,0.910900,-2.055306,14.338614,-13.790572,20.000000
2.807000,13,"LINK_TORSO_YAW",2.763000,0.200000,0.044000,0.000000,20.000000,0.000000,20.000000,0.000000,0.000000,0.000000,0.000000,0.012160,0.000000,0.910900,-2.051859,14.199749,-13.934023,20.000000
2.808000,13,"LINK_TORSO_YAW",2.763000,0.200000,0.045000,0.000000,20.000000,0.000000,20.000000,0.000000,0.000000,0.000000,0.000000,0.012160,0.000000,0.910900,-2.050730,14.152860,-13.981812,20.000000
2.809000,13,"LINK_TORSO_YAW",2.763000,0.200000,0.046000,0.000000,20.000000,0.000000,20.000000,0.000000,0.000000,0.000000,0.000000,0.012160,0.000000,0.910900,-2.049615,14.105625,-14.029627,20.000000
2.810000,13,"LINK_TORSO_YAW",2.763000,0.200000,0.047000,0.000000,20.000000,0.000000,20.000000,0.000000,0.000000,0.000000,0.000000,0.012160,0.000000,0.910900,-2.048524,14.058016,-14.077490,20.000000
2.811000,13,"LINK_TORSO_YAW",2.763000,0.200000,0.048000,0.000000,20.000000,0.000000,20.000000,0.000000,0.000000,0.000000,0.000000,0.012160,0.000000,0.910900,-2.047465,14.010008,-14.125423,20.000000
2.812000,13,"LINK_TORSO_YAW",2.763000,0.200000,0.049000,0.000000,20.000000,0.000000,20.000000,0.000000,0.000000,0.000000,0.000000,0.012160,0.000000,0.910900,-2.046363,13.961827,-14.173206,20.000000
2.813000,13,"LINK_TORSO_YAW",2.763000,0.200000,0.050000,0.000000,20.000000,0.000000,20.000000,0.000000,0.000000,0.000000,0.000000,0.012160,0.000000,0.910900,-2.045217,13.913449,-14.220866,20.000000
2.815000,13,"LINK_TORSO_YAW",2.763000,0.200000,0.052000,0.000000,20.000000,0.000000,20.000000,0.000000,0.000000,0.000000,0.000000,0.012160,0.000000,0.910900,-2.043810,13.816150,-14.315615,20.000000
2.816000,13,"LINK_TORSO_YAW",2.763000,0.200000,0.053000,0.000000,20.000000,0.000000,20.000000,0.000000,0.000000,0.000000,0.000000,0.012160,0.000000,0.910900,-2.043061,13.767138,-14.362862,20.000000
2.817000,13,"LINK_TORSO_YAW",2.763000,0.200000,0.054000,0.000000,20.000000,0.000000,20.000000,0.000000,0.000000,0.000000,0.000000,0.012160,0.000000,0.910900,-2.042298,13.717847,-14.410055,20.000000
2.819000,13,"LINK_TORSO_YAW",2.763000,0.200000,0.056000,0.000000,20.000000,0.000000,20.000000,0.000000,0.000000,0.000000,0.000000,0.012160,0.000000,0.910900,-2.040750,13.618326,-14.504362,20.000000
2.820000,13,"LINK_TORSO_YAW",2.763000,0.200000,0.057000,0.000000,20.000000,0.000000,20.000000,0.000000,0.000000,0.000000,0.000000,0.012160,0.000000,0.910900,-2.039997,13.568058,-14.551502,20.000000
2.821000,13,"LINK_TORSO_YAW",2.763000,0.200000,0.058000,0.000000,20.000000,0.000000,20.000000,0.000000,0.000000,0.000000,0.000000,0.012160,0.000000,0.910900,-2.039268,13.517418,-14.598657,20.000000
2.823000,13,"LINK_TORSO_YAW",2.763000,0.200000,0.060000,0.000000,20.000000,0.000000,20.000000,0.000000,0.000000,0.000000,0.000000,0.012160,0.000000,0.910900,-2.037806,13.415186,-14.692860,20.000000
2.825000,13,"LINK_TORSO_YAW",2.763000,0.200000,0.062000,0.000000,20.000000,0.000000,20.000000,0.000000,0.000000,0.000000,0.000000,0.012160,0.000000,0.910900,-2.036159,13.312233,-14.786430,20.000000
2.827000,13,"LINK_TORSO_YAW",2.763000,0.200000,0.064000,0.000000,20.000000,0.000000,20.000000,0.000000,0.000000,0.000000,0.000000,0.012160,0.000000,0.910900,-2.034405,13.208374,-14.879518,20.000000
2.829000,13,"LINK_TORSO_YAW",2.763000,0.200000,0.066000,0.000000,20.000000,0.000000,20.000000,0.000000,0.000000,0.000000,0.000000,0.012160,0.000000,0.910900,-2.032618,13.103463,-14.972231,20.000000
2.831000,13,"LINK_TORSO_YAW",2.763000,0.200000,0.068000,0.000000,20.000000,0.000000,20.000000,0.000000,0.000000,0.000000,0.000000,0.012160,0.000000,0.910900,-2.032085,12.997404,-15.064465,20.000000
2.833000,13,"LINK_TORSO_YAW",2.763000,0.200000,0.070000,0.000000,20.000000,0.000000,20.000000,0.000000,0.000000,0.000000,0.000000,0.012160,0.000000,0.910900,-2.031662,12.889847,-15.156655,20.000000
2.836000,13,"LINK_TORSO_YAW",2.763000,0.200000,0.073000,0.000000,20.000000,0.000000,20.000000,0.000000,0.000000,0.000000,0.000000,0.012160,0.000000,0.910900,-2.030816,12.726982,-15.293780,20.000000
2.839000,13,"LINK_TORSO_YAW",2.763000,0.200000,0.076000,0.000000,20.000000,0.000000,20.000000,0.000000,0.000000,0.000000,0.000000,0.012160,0.000000,0.910900,-2.029771,12.562115,-15.429624,20.000000
2.842000,13,"LINK_TORSO_YAW",2.763000,0.200000,0.079000,0.000000,20.000000,0.000000,20.000000,0.000000,0.000000,0.000000,0.000000,0.012160,0.000000,0.910900,-2.028801,12.394537,-15.564685,20.000000
2.844000,13,"LINK_TORSO_YAW",2.763000,0.200000,0.081000,0.000000,20.000000,0.000000,20.000000,0.000000,0.000000,0.000000,0.000000,0.012160,0.000000,0.910900,-2.028328,12.280982,-15.654500,20.000000
2.849000,13,"LINK_TORSO_YAW",2.763000,0.200000,0.086000,0.000000,20.000000,0.000000,20.000000,0.000000,0.000000,0.000000,0.000000,0.012160,0.000000,0.910900,-2.027127,11.992254,-15.876920,20.000000
2.851000,13,"LINK_TORSO_YAW",2.763000,0.200000,0.088000,0.000000,20.000000,0.000000,20.000000,0.000000,0.000000,0.000000,0.000000,0.012160,0.000000,0.910900,-2.026601,11.875239,-15.964698,20.000000
2.853000,13,"LINK_TORSO_YAW",2.763000,0.200000,0.090000,0.000000,20.000000,0.000000,20.000000,0.000000,0.000000,0.000000,0.000000,0.012160,0.000000,0.910900,-2.027336,11.757182,-16.051747,20.000000
2.857000,13,"LINK_TORSO_YAW",2.763000,0.200000,0.094000,0.000000,20.000000,0.000000,20.000000,0.000000,0.000000,0.000000,0.000000,0.012160,0.000000,0.910900,-2.029001,11.516948,-16.224767,20.000000
2.864000,13,"LINK_TORSO_YAW",2.763000,0.200000,0.101000,0.000000,20.000000,0.000000,20.000000,0.000000,0.000000,0.000000,0.000000,0.012160,0.000000,0.910900,-2.031321,11.087566,-16.520884,20.000000
2.871000,13,"LINK_TORSO_YAW",2.763000,0.200000,0.108000,0.000000,20.000000,0.000000,20.000000,0.000000,0.000000,0.000000,0.000000,0.012160,0.000000,0.910900,-2.033867,10.643635,-16.810009,20.000000
2.878000,13,"LINK_TORSO_YAW",2.763000,0.200000,0.115000,0.000000,20.000000,0.000000,20.000000,0.000000,0.000000,0.000000,0.000000,0.012160,0.000000,0.910900,-2.036179,10.186776,-17.090453,20.000000
2.880000,13,"LINK_TORSO_YAW",2.763000,0.200000,0.117000,0.000000,20.000000,0.000000,20.000000,0.000000,0.000000,0.000000,0.000000,0.012160,0.000000,0.910900,-2.036951,10.053583,-17.169050,20.000000
2.889000,13,"LINK_TORSO_YAW",2.763000,0.200000,0.126000,0.000000,20.000000,0.000000,20.000000,0.000000,0.000000,0.000000,0.000000,0.012160,0.000000,0.910900,-2.045654,9.442414,-17.511600,20.000000
2.907000,13,"LINK_TORSO_YAW",2.763000,0.200000,0.144000,0.000000,20.000000,0.000000,20.000000,0.000000,0.000000,0.000000,0.000000,0.012160,0.000000,0.910900,-2.060995,8.149854,-18.147512,20.000000
2.908000,13,"LINK_TORSO_YAW",2.763000,0.200000,0.145000,0.000000,20.000000,0.000000,20.000000,0.000000,0.000000,0.000000,0.000000,0.012160,0.000000,0.910900,-2.063296,8.068304,-18.183654,20.000000
2.909000,13,"LINK_TORSO_YAW",2.763000,0.200000,0.146000,0.000000,20.000000,0.000000,20.000000,0.000000,0.000000,0.000000,0.000000,0.012160,0.000000,0.910900,-2.065799,7.985442,-18.219912,20.000000
2.910000,13,"LINK_TORSO_YAW",2.763000,0.200000,0.147000,0.000000,20.000000,0.000000,20.000000,0.000000,0.000000,0.000000,0.000000,0.012160,0.000000,0.910900,-2.068289,7.902130,-18.255917,20.000000
2.911000,13,"LINK_TORSO_YAW",2.763000,0.200000,0.148000,0.000000,20.000000,0.000000,20.000000,0.000000,0.000000,0.000000,0.000000,0.012160,0.000000,0.910900,-2.070741,7.818472,-18.291625,20.000000
0.804000,14,"LINK_TORSO_YAW",0.803000,0.200000,0.001000,0.000000,-20.000000,0.000000,20.000000,0.000000,0.000000,0.000000,0.000000,0.012160,0.000000,0.910900,-5.529996,-19.213155,-0.523289,20.000000
0.805000,14,"LINK_TORSO_YAW",0.803000,0.200000,0.002000,0.000000,-20.000000,0.000000,20.000000,0.000000,0.000000,0.000000,0.000000,0.012160,0.000000,0.910900,-5.553577,-19.206238,-0.527445,20.000000
0.806000,14,"LINK_TORSO_YAW",0.803000,0.200000,0.003000,0.000000,-20.000000,0.000000,20.000000,0.000000,0.000000,0.000000,0.000000,0.012160,0.000000,0.910900,-5.577062,-19.199312,-0.531795,20.000000
0.807000,14,"LINK_TORSO_YAW",0.803000,0.200000,0.004000,0.000000,-20.000000,0.000000,20.000000,0.000000,0.000000,0.000000,0.000000,0.012160,0.000000,0.910900,-5.600504,-19.192360,-0.536365,20.000000
0.808000,14,"LINK_TORSO_YAW",0.803000,0.200000,0.005000,0.000000,-20.000000,0.000000,20.000000,0.000000,0.000000,0.000000,0.000000,0.012160,0.000000,0.910900,-5.623841,-19.185398,-0.541212,20.000000
0.809000,14,"LINK_TORSO_YAW",0.803000,0.200000,0.006000,0.000000,-20.000000,0.000000,20.000000,0.000000,0.000000,0.000000,0.000000,0.012160,0.000000,0.910900,-5.647101,-19.178419,-0.546364,20.000000
0.810000,14,"LINK_TORSO_YAW",0.803000,0.200000,0.007000,0.000000,-20.000000,0.000000,20.000000,0.000000,0.000000,0.000000,0.000000,0.012160,0.000000,0.910900,-5.670831,-19.171256,-0.551918,20.000000
0.811000,14,"LINK_TORSO_YAW",0.803000,0.200000,0.008000,0.000000,-20.000000,0.000000,20.000000,0.000000,0.000000,0.000000,0.000000,0.012160,0.000000,0.910900,-5.694403,-19.164098,-0.557773,20.000000
0.812000,14,"LINK_TORSO_YAW",0.803000,0.200000,0.009000,0.000000,-20.000000,0.000000,20.000000,0.000000,0.000000,0.000000,0.000000,0.012160,0.000000,0.910900,-5.717855,-19.156933,-0.563961,20.000000
0.813000,14,"LINK_TORSO_YAW",0.803000,0.200000,0.010000,0.000000,-20.000000,0.000000,20.000000,0.000000,0.000000,0.000000,0.000000,0.012160,0.000000,0.910900,-5.741211,-19.149752,-0.570529,20.000000
0.814000,14,"LINK_TORSO_YAW",0.803000,0.200000,0.011000,0.000000,-20.000000,0.000000,20.000000,0.000000,0.000000,0.000000,0.000000,0.012160,0.000000,0.910900,-5.764464,-19.142555,-0.577533,20.000000
0.815000,14,"LINK_TORSO_YAW",0.803000,0.200000,0.012000,0.000000,-20.000000,0.000000,20.000000,0.000000,0.000000,0.000000,0.000000,0.012160,0.000000,0.910900,-5.788111,-19.135190,-0.585041,20.000000
0.816000,14,"LINK_TORSO_YAW",0.803000,0.200000,0.013000,0.000000,-20.000000,0.000000,20.000000,0.000000,0.000000,0.000000,0.000000,0.012160,0.000000,0.910900,-5.811636,-19.127821,-0.592746,20.000000
0.817000,14,"LINK_TORSO_YAW",0.803000,0.200000,0.014000,0.000000,-20.000000,0.000000,20.000000,0.000000,0.000000,0.000000,0.000000,0.012160,0.000000,0.910900,-5.835009,-19.120456,-0.600691,20.000000
0.818000,14,"LINK_TORSO_YAW",0.803000,0.200000,0.015000,0.000000,-20.000000,0.000000,20.000000,0.000000,0.000000,0.000000,0.000000,0.012160,0.000000,0.910900,-5.858191,-19.113111,-0.608755,20.000000
0.819000,14,"LINK_TORSO_YAW",0.803000,0.200000,0.016000,0.000000,-20.000000,0.000000,20.000000,0.000000,0.000000,0.000000,0.000000,0.012160,0.000000,0.910900,-5.881196,-19.105780,-0.616998,20.000000
0.820000,14,"LINK_TORSO_YAW",0.803000,0.200000,0.017000,0.000000,-20.000000,0.000000,20.000000,0.000000,0.000000,0.000000,0.000000,0.012160,0.000000,0.910900,-5.904431,-19.098336,-0.625507,20.000000
0.821000,14,"LINK_TORSO_YAW",0.803000,0.200000,0.018000,0.000000,-20.000000,0.000000,20.000000,0.000000,0.000000,0.000000,0.000000,0.012160,0.000000,0.910900,-5.927479,-19.090906,-0.634284,20.000000
0.822000,14,"LINK_TORSO_YAW",0.803000,0.200000,0.019000,0.000000,-20.000000,0.000000,20.000000,0.000000,0.000000,0.000000,0.000000,0.012160,0.000000,0.910900,-5.950344,-19.083487,-0.643369,20.000000
0.823000,14,"LINK_TORSO_YAW",0.803000,0.200000,0.020000,0.000000,-20.000000,0.000000,20.000000,0.000000,0.000000,0.000000,0.000000,0.012160,0.000000,0.910900,-5.973034,-19.076077,-0.652814,20.000000
0.824000,14,"LINK_TORSO_YAW",0.803000,0.200000,0.021000,0.000000,-20.000000,0.000000,20.000000,0.000000,0.000000,0.000000,0.000000,0.012160,0.000000,0.910900,-5.995543,-19.068674,-0.662670,20.000000
0.825000,14,"LINK_TORSO_YAW",0.803000,0.200000,0.022000,0.000000,-20.000000,0.000000,20.000000,0.000000,0.000000,0.000000,0.000000,0.012160,0.000000,0.910900,-6.018370,-19.061127,-0.672811,20.000000
0.826000,14,"LINK_TORSO_YAW",0.803000,0.200000,0.023000,0.000000,-20.000000,0.000000,20.000000,0.000000,0.000000,0.000000,0.000000,0.012160,0.000000,0.910900,-6.040984,-19.053601,-0.683218,20.000000
0.827000,14,"LINK_TORSO_YAW",0.803000,0.200000,0.024000,0.000000,-20.000000,0.000000,20.000000,0.000000,0.000000,0.000000,0.000000,0.012160,0.000000,0.910900,-6.063273,-19.046144,-0.693637,20.000000
0.828000,14,"LINK_TORSO_YAW",0.803000,0.200000,0.025000,0.000000,-20.000000,0.000000,20.000000,0.000000,0.000000,0.000000,0.000000,0.012160,0.000000,0.910900,-6.085288,-19.038737,-0.704111,20.000000
0.829000,14,"LINK_TORSO_YAW",0.803000,0.200000,0.026000,0.000000,-20.000000,0.000000,20.000000,0.000000,0.000000,0.000000,0.000000,0.012160,0.000000,0.910900,-6.106993,-19.031391,-0.714688,20.000000
0.830000,14,"LINK_TORSO_YAW",0.803000,0.200000,0.027000,0.000000,-20.000000,0.000000,20.000000,0.000000,0.000000,0.000000,0.000000,0.012160,0.000000,0.910900,-6.128291,-19.024142,-0.725302,20.000000
0.831000,14,"LINK_TORSO_YAW",0.803000,0.200000,0.028000,0.000000,-20.000000,0.000000,20.000000,0.000000,0.000000,0.000000,0.000000,0.012160,0.000000,0.910900,-6.149828,-19.016777,-0.736069,20.000000
0.832000,14,"LINK_TORSO_YAW",0.803000,0.200000,0.029000,0.000000,-20.000000,0.000000,20.000000,0.000000,0.000000,0.000000,0.000000,0.012160,0.000000,0.910900,-6.170988,-19.009497,-0.746960,20.000000
0.833000,14,"LINK_TORSO_YAW",0.803000,0.200000,0.030000,0.000000,-20.000000,0.000000,20.000000,0.000000,0.000000,0.000000,0.000000,0.012160,0.000000,0.910900,-6.191727,-19.002313,-0.758040,20.000000
0.834000,14,"LINK_TORSO_YAW",0.803000,0.200000,0.031000,0.000000,-20.000000,0.000000,20.000000,0.000000,0.000000,0.000000,0.000000,0.012160,0.000000,0.910900,-6.212159,-18.995188,-0.769369,20.000000
0.835000,14,"LINK_TORSO_YAW",0.803000,0.200000,0.032000,0.000000,-20.000000,0.000000,20.000000,0.000000,0.000000,0.000000,0.000000,0.012160,0.000000,0.910900,-6.232550,-18.988030,-0.781038,20.000000
0.836000,14,"LINK_TORSO_YAW",0.803000,0.200000,0.033000,0.000000,-20.000000,0.000000,20.000000,0.000000,0.000000,0.000000,0.000000,0.012160,0.000000,0.910900,-6.252500,-18.980972,-0.793056,20.000000
0.837000,14,"LINK_TORSO_YAW",0.803000,0.200000,0.034000,0.000000,-20.000000,0.000000,20.000000,0.000000,0.000000,0.000000,0.000000,0.012160,0.000000,0.910900,-6.272119,-18.973987,-0.805198,20.000000
0.838000,14,"LINK_TORSO_YAW",0.803000,0.200000,0.035000,0.000000,-20.000000,0.000000,20.000000,0.000000,0.000000,0.000000,0.000000,0.012160,0.000000,0.910900,-6.291342,-18.967095,-0.817504,20.000000
0.839000,14,"LINK_TORSO_YAW",0.803000,0.200000,0.036000,0.000000,-20.000000,0.000000,20.000000,0.000000,0.000000,0.000000,0.000000,0.012160,0.000000,0.910900,-6.310510,-18.960180,-0.830077,20.000000
0.840000,14,"LINK_TORSO_YAW",0.803000,0.200000,0.037000,0.000000,-20.000000,0.000000,20.000000,0.000000,0.000000,0.000000,0.000000,0.012160,0.000000,0.910900,-6.329301,-18.953349,-0.842910,20.000000
0.841000,14,"LINK_TORSO_YAW",0.803000,0.200000,0.038000,0.000000,-20.000000,0.000000,20.000000,0.000000,0.000000,0.000000,0.000000,0.012160,0.000000,0.910900,-6.347682,-18.946613,-0.856034,20.000000
0.842000,14,"LINK_TORSO_YAW",0.803000,0.200000,0.039000,0.000000,-20.000000,0.000000,20.000000,0.000000,0.000000,0.000000,0.000000,0.012160,0.000000,0.910900,-6.365602,-18.939987,-0.869495,20.000000
0.843000,14,"LINK_TORSO_YAW",0.803000,0.200000,0.040000,0.000000,-20.000000,0.000000,20.000000,0.000000,0.000000,0.000000,0.000000,0.012160,0.000000,0.910900,-6.383718,-18.933262,-0.883018,20.000000
0.844000,14,"LINK_TORSO_YAW",0.803000,0.200000,0.041000,0.000000,-20.000000,0.000000,20.000000,0.000000,0.000000,0.000000,0.000000,0.012160,0.000000,0.910900,-6.401520,-18.926634,-0.896130,20.000000
0.845000,14,"LINK_TORSO_YAW",0.803000,0.200000,0.042000,0.000000,-20.000000,0.000000,20.000000,0.000000,0.000000,0.000000,0.000000,0.012160,0.000000,0.910900,-6.418993,-18.920107,-0.908887,20.000000
0.846000,14,"LINK_TORSO_YAW",0.803000,0.200000,0.043000,0.000000,-20.000000,0.000000,20.000000,0.000000,0.000000,0.000000,0.000000,0.012160,0.000000,0.910900,-6.436009,-18.913724,-0.921330,20.000000
0.847000,14,"LINK_TORSO_YAW",0.803000,0.200000,0.044000,0.000000,-20.000000,0.000000,20.000000,0.000000,0.000000,0.000000,0.000000,0.012160,0.000000,0.910900,-6.452558,-18.907484,-0.933557,20.000000
0.848000,14,"LINK_TORSO_YAW",0.803000,0.200000,0.045000,0.000000,-20.000000,0.000000,20.000000,0.000000,0.000000,0.000000,0.000000,0.012160,0.000000,0.910900,-6.469003,-18.901278,-0.945350,20.000000
0.849000,14,"LINK_TORSO_YAW",0.803000,0.200000,0.046000,0.000000,-20.000000,0.000000,20.000000,0.000000,0.000000,0.000000,0.000000,0.012160,0.000000,0.910900,-6.484938,-18.895243,-0.956750,20.000000
0.850000,14,"LINK_TORSO_YAW",0.803000,0.200000,0.047000,0.000000,-20.000000,0.000000,20.000000,0.000000,0.000000,0.000000,0.000000,0.012160,0.000000,0.910900,-6.500272,-18.889409,-0.967825,20.000000
0.851000,14,"LINK_TORSO_YAW",0.803000,0.200000,0.048000,0.000000,-20.000000,0.000000,20.000000,0.000000,0.000000,0.000000,0.000000,0.012160,0.000000,0.910900,-6.515101,-18.883741,-0.978660,20.000000
0.852000,14,"LINK_TORSO_YAW",0.803000,0.200000,0.049000,0.000000,-20.000000,0.000000,20.000000,0.000000,0.000000,0.000000,0.000000,0.012160,0.000000,0.910900,-6.529870,-18.878082,-0.989360,20.000000
0.853000,14,"LINK_TORSO_YAW",0.803000,0.200000,0.050000,0.000000,-20.000000,0.000000,20.000000,0.000000,0.000000,0.000000,0.000000,0.012160,0.000000,0.910900,-6.544207,-18.872556,-0.999984,20.000000
0.854000,14,"LINK_TORSO_YAW",0.803000,0.200000,0.051000,0.000000,-20.000000,0.000000,20.000000,0.000000,0.000000,0.000000,0.000000,0.012160,0.000000,0.910900,-6.558032,-18.867191,-1.010595,20.000000
0.855000,14,"LINK_TORSO_YAW",0.803000,0.200000,0.052000,0.000000,-20.000000,0.000000,20.000000,0.000000,0.000000,0.000000,0.000000,0.012160,0.000000,0.910900,-6.571362,-18.861979,-1.021246,20.000000
0.856000,14,"LINK_TORSO_YAW",0.803000,0.200000,0.053000,0.000000,-20.000000,0.000000,20.000000,0.000000,0.000000,0.000000,0.000000,0.012160,0.000000,0.910900,-6.584597,-18.856775,-1.032046,20.000000
0.857000,14,"LINK_TORSO_YAW",0.803000,0.200000,0.054000,0.000000,-20.000000,0.000000,20.000000,0.000000,0.000000,0.000000,0.000000,0.012160,0.000000,0.910900,-6.597310,-18.851730,-1.042973,20.000000
0.858000,14,"LINK_TORSO_YAW",0.803000,0.200000,0.055000,0.000000,-20.000000,0.000000,20.000000,0.000000,0.000000,0.000000,0.000000,0.012160,0.000000,0.910900,-6.609550,-18.846824,-1.054078,20.000000
0.859000,14,"LINK_TORSO_YAW",0.803000,0.200000,0.056000,0.000000,-20.000000,0.000000,20.000000,0.000000,0.000000,0.000000,0.000000,0.012160,0.000000,0.910900,-6.621513,-18.842002,-1.065136,20.000000
0.860000,14,"LINK_TORSO_YAW",0.803000,0.200000,0.057000,0.000000,-20.000000,0.000000,20.000000,0.000000,0.000000,0.000000,0.000000,0.012160,0.000000,0.910900,-6.632979,-18.837503,-1.073336,20.000000
0.861000,14,"LINK_TORSO_YAW",0.803000,0.200000,0.058000,0.000000,-20.000000,0.000000,20.000000,0.000000,0.000000,0.000000,0.000000,0.012160,0.000000,0.910900,-6.643728,-18.833390,-1.079024,20.000000
0.862000,14,"LINK_TORSO_YAW",0.803000,0.200000,0.059000,0.000000,-20.000000,0.000000,20.000000,0.000000,0.000000,0.000000,0.000000,0.012160,0.000000,0.910900,-6.653763,-18.829649,-1.082471,20.000000
0.863000,14,"LINK_TORSO_YAW",0.803000,0.200000,0.060000,0.000000,-20.000000,0.000000,20.000000,0.000000,0.000000,0.000000,0.000000,0.012160,0.000000,0.910900,-6.663090,-18.826268,-1.083906,20.000000
0.864000,14,"LINK_TORSO_YAW",0.803000,0.200000,0.061000,0.000000,-20.000000,0.000000,20.000000,0.000000,0.000000,0.000000,0.000000,0.012160,0.000000,0.910900,-6.672444,-18.822972,-1.083616,20.000000
0.865000,14,"LINK_TORSO_YAW",0.803000,0.200000,0.062000,0.000000,-20.000000,0.000000,20.000000,0.000000,0.000000,0.000000,0.000000,0.012160,0.000000,0.910900,-6.681075,-18.820016,-1.081780,20.000000
0.866000,14,"LINK_TORSO_YAW",0.803000,0.200000,0.063000,0.000000,-20.000000,0.000000,20.000000,0.000000,0.000000,0.000000,0.000000,0.012160,0.000000,0.910900,-6.689103,-18.817348,-1.078572,20.000000
0.867000,14,"LINK_TORSO_YAW",0.803000,0.200000,0.064000,0.000000,-20.000000,0.000000,20.000000,0.000000,0.000000,0.000000,0.000000,0.012160,0.000000,0.910900,-6.696510,-18.814963,-1.074205,20.000000
0.868000,14,"LINK_TORSO_YAW",0.803000,0.200000,0.065000,0.000000,-20.000000,0.000000,20.000000,0.000000,0.000000,0.000000,0.000000,0.012160,0.000000,0.910900,-6.703355,-18.812848,-1.068542,20.000000
0.869000,14,"LINK_TORSO_YAW",0.803000,0.200000,0.066000,0.000000,-20.000000,0.000000,20.000000,0.000000,0.000000,0.000000,0.000000,0.012160,0.000000,0.910900,-6.709622,-18.810988,-1.061932,20.000000
0.870000,14,"LINK_TORSO_YAW",0.803000,0.200000,0.067000,0.000000,-20.000000,0.000000,20.000000,0.000000,0.000000,0.000000,0.000000,0.012160,0.000000,0.910900,-6.715393,-18.809348,-1.054484,20.000000
0.871000,14,"LINK_TORSO_YAW",0.803000,0.200000,0.068000,0.000000,-20.000000,0.000000,20.000000,0.000000,0.000000,0.000000,0.000000,0.012160,0.000000,0.910900,-6.721296,-18.807688,-1.046455,20.000000
0.872000,14,"LINK_TORSO_YAW",0.803000,0.200000,0.069000,0.000000,-20.000000,0.000000,20.000000,0.000000,0.000000,0.000000,0.000000,0.012160,0.000000,0.910900,-6.726742,-18.806220,-1.037804,20.000000
0.873000,14,"LINK_TORSO_YAW",0.803000,0.200000,0.070000,0.000000,-20.000000,0.000000,20.000000,0.000000,0.000000,0.000000,0.000000,0.012160,0.000000,0.910900,-6.731789,-18.804904,-1.028886,20.000000
0.874000,14,"LINK_TORSO_YAW",0.803000,0.200000,0.071000,0.000000,-20.000000,0.000000,20.000000,0.000000,0.000000,0.000000,0.000000,0.012160,0.000000,0.910900,-6.736369,-18.803757,-1.019838,20.000000
0.875000,14,"LINK_TORSO_YAW",0.803000,0.200000,0.072000,0.000000,-20.000000,0.000000,20.000000,0.000000,0.000000,0.000000,0.000000,0.012160,0.000000,0.910900,-6.740574,-18.802744,-1.010691,20.000000
0.876000,14,"LINK_TORSO_YAW",0.803000,0.200000,0.073000,0.000000,-20.000000,0.000000,20.000000,0.000000,0.000000,0.000000,0.000000,0.012160,0.000000,0.910900,-6.744442,-18.801848,-1.001518,20.000000
0.877000,14,"LINK_TORSO_YAW",0.803000,0.200000,0.074000,0.000000,-20.000000,0.000000,20.000000,0.000000,0.000000,0.000000,0.000000,0.012160,0.000000,0.910900,-6.747988,-18.801074,-0.992108,20.000000
0.878000,14,"LINK_TORSO_YAW",0.803000,0.200000,0.075000,0.000000,-20.000000,0.000000,20.000000,0.000000,0.000000,0.000000,0.000000,0.012160,0.000000,0.910900,-6.751201,-18.800422,-0.982552,20.000000
0.879000,14,"LINK_TORSO_YAW",0.803000,0.200000,0.076000,0.000000,-20.000000,0.000000,20.000000,0.000000,0.000000,0.000000,0.000000,0.012160,0.000000,0.910900,-6.754132,-18.799872,-0.972883,20.000000
0.880000,14,"LINK_TORSO_YAW",0.803000,0.200000,0.077000,0.000000,-20.000000,0.000000,20.000000,0.000000,0.000000,0.000000,0.000000,0.012160,0.000000,0.910900,-6.757376,-18.799190,-0.963497,20.000000
0.881000,14,"LINK_TORSO_YAW",0.803000,0.200000,0.078000,0.000000,-20.000000,0.000000,20.000000,0.000000,0.000000,0.000000,0.000000,0.012160,0.000000,0.910900,-6.760370,-18.798583,-0.954302,20.000000
0.882000,14,"LINK_TORSO_YAW",0.803000,0.200000,0.079000,0.000000,-20.000000,0.000000,20.000000,0.000000,0.000000,0.000000,0.000000,0.012160,0.000000,0.910900,-6.763148,-18.798036,-0.945340,20.000000
0.883000,14,"LINK_TORSO_YAW",0.803000,0.200000,0.080000,0.000000,-20.000000,0.000000,20.000000,0.000000,0.000000,0.000000,0.000000,0.012160,0.000000,0.910900,-6.765725,-18.797544,-0.936638,20.000000
0.884000,14,"LINK_TORSO_YAW",0.803000,0.200000,0.081000,0.000000,-20.000000,0.000000,20.000000,0.000000,0.000000,0.000000,0.000000,0.012160,0.000000,0.910900,-6.768077,-18.797114,-0.928249,20.000000
0.885000,14,"LINK_TORSO_YAW",0.803000,0.200000,0.082000,0.000000,-20.000000,0.000000,20.000000,0.000000,0.000000,0.000000,0.000000,0.012160,0.000000,0.910900,-6.770234,-18.796734,-0.920188,20.000000
0.886000,14,"LINK_TORSO_YAW",0.803000,0.200000,0.083000,0.000000,-20.000000,0.000000,20.000000,0.000000,0.000000,0.000000,0.000000,0.012160,0.000000,0.910900,-6.772212,-18.796391,-0.912590,20.000000
0.887000,14,"LINK_TORSO_YAW",0.803000,0.200000,0.084000,0.000000,-20.000000,0.000000,20.000000,0.000000,0.000000,0.000000,0.000000,0.012160,0.000000,0.910900,-6.774286,-18.795983,-0.905574,20.000000
0.888000,14,"LINK_TORSO_YAW",0.803000,0.200000,0.085000,0.000000,-20.000000,0.000000,20.000000,0.000000,0.000000,0.000000,0.000000,0.012160,0.000000,0.910900,-6.776211,-18.795616,-0.898763,20.000000
0.889000,14,"LINK_TORSO_YAW",0.803000,0.200000,0.086000,0.000000,-20.000000,0.000000,20.000000,0.000000,0.000000,0.000000,0.000000,0.012160,0.000000,0.910900,-6.778018,-18.795276,-0.892223,20.000000
0.890000,14,"LINK_TORSO_YAW",0.803000,0.200000,0.087000,0.000000,-20.000000,0.000000,20.000000,0.000000,0.000000,0.000000,0.000000,0.012160,0.000000,0.910900,-6.779672,-18.794978,-0.885910,20.000000
0.891000,14,"LINK_TORSO_YAW",0.803000,0.200000,0.088000,0.000000,-20.000000,0.000000,20.000000,0.000000,0.000000,0.000000,0.000000,0.012160,0.000000,0.910900,-6.781204,-18.794708,-0.879906,20.000000
0.892000,14,"LINK_TORSO_YAW",0.803000,0.200000,0.089000,0.000000,-20.000000,0.000000,20.000000,0.000000,0.000000,0.000000,0.000000,0.012160,0.000000,0.910900,-6.782626,-18.794459,-0.874239,20.000000
0.893000,14,"LINK_TORSO_YAW",0.803000,0.200000,0.090000,0.000000,-20.000000,0.000000,20.000000,0.000000,0.000000,0.000000,0.000000,0.012160,0.000000,0.910900,-6.783939,-18.794226,-0.869048,20.000000
0.894000,14,"LINK_TORSO_YAW",0.803000,0.200000,0.091000,0.000000,-20.000000,0.000000,20.000000,0.000000,0.000000,0.000000,0.000000,0.012160,0.000000,0.910900,-6.785145,-18.794014,-0.864204,20.000000
0.895000,14,"LINK_TORSO_YAW",0.803000,0.200000,0.092000,0.000000,-20.000000,0.000000,20.000000,0.000000,0.000000,0.000000,0.000000,0.012160,0.000000,0.910900,-6.786302,-18.793798,-0.859809,20.000000
0.896000,14,"LINK_TORSO_YAW",0.803000,0.200000,0.093000,0.000000,-20.000000,0.000000,20.000000,0.000000,0.000000,0.000000,0.000000,0.012160,0.000000,0.910900,-6.787378,-18.793591,-0.855825,20.000000
0.897000,14,"LINK_TORSO_YAW",0.803000,0.200000,0.094000,0.000000,-20.000000,0.000000,20.000000,0.000000,0.000000,0.000000,0.000000,0.012160,0.000000,0.910900,-6.788396,-18.793379,-0.852399,20.000000
0.898000,14,"LINK_TORSO_YAW",0.803000,0.200000,0.095000,0.000000,-20.000000,0.000000,20.000000,0.000000,0.000000,0.000000,0.000000,0.012160,0.000000,0.910900,-6.789355,-18.793180,-0.849136,20.000000
0.899000,14,"LINK_TORSO_YAW",0.803000,0.200000,0.096000,0.000000,-20.000000,0.000000,20.000000,0.000000,0.000000,0.000000,0.000000,0.012160,0.000000,0.910900,-6.790311,-18.792970,-0.846130,20.000000
0.900000,14,"LINK_TORSO_YAW",0.803000,0.200000,0.097000,0.000000,-20.000000,0.000000,20.000000,0.000000,0.000000,0.000000,0.000000,0.012160,0.000000,0.910900,-6.791234,-18.792762,-0.843340,20.000000
0.901000,14,"LINK_TORSO_YAW",0.803000,0.200000,0.098000,0.000000,-20.000000,0.000000,20.000000,0.000000,0.000000,0.000000,0.000000,0.012160,0.000000,0.910900,-6.792173,-18.792534,-0.840862,20.000000
0.902000,14,"LINK_TORSO_YAW",0.803000,0.200000,0.099000,0.000000,-20.000000,0.000000,20.000000,0.000000,0.000000,0.000000,0.000000,0.012160,0.000000,0.910900,-6.792971,-18.792338,-0.838799,20.000000
0.903000,14,"LINK_TORSO_YAW",0.803000,0.200000,0.100000,0.000000,-20.000000,0.000000,20.000000,0.000000,0.000000,0.000000,0.000000,0.012160,0.000000,0.910900,-6.793708,-18.792152,-0.836989,20.000000
0.904000,14,"LINK_TORSO_YAW",0.803000,0.200000,0.101000,0.000000,-20.000000,0.000000,20.000000,0.000000,0.000000,0.000000,0.000000,0.012160,0.000000,0.910900,-6.794466,-18.791945,-0.835490,20.000000
0.905000,14,"LINK_TORSO_YAW",0.803000,0.200000,0.102000,0.000000,-20.000000,0.000000,20.000000,0.000000,0.000000,0.000000,0.000000,0.012160,0.000000,0.910900,-6.795264,-18.791707,-0.834349,20.000000
0.906000,14,"LINK_TORSO_YAW",0.803000,0.200000,0.103000,0.000000,-20.000000,0.000000,20.000000,0.000000,0.000000,0.000000,0.000000,0.012160,0.000000,0.910900,-6.796109,-18.791435,-0.833594,20.000000
0.907000,14,"LINK_TORSO_YAW",0.803000,0.200000,0.104000,0.000000,-20.000000,0.000000,20.000000,0.000000,0.000000,0.000000,0.000000,0.012160,0.000000,0.910900,-6.796833,-18.791189,-0.833226,20.000000
0.908000,14,"LINK_TORSO_YAW",0.803000,0.200000,0.105000,0.000000,-20.000000,0.000000,20.000000,0.000000,0.000000,0.000000,0.000000,0.012160,0.000000,0.910900,-6.797621,-18.790915,-0.832993,20.000000
0.909000,14,"LINK_TORSO_YAW",0.803000,0.200000,0.106000,0.000000,-20.000000,0.000000,20.000000,0.000000,0.000000,0.000000,0.000000,0.012160,0.000000,0.910900,-6.798476,-18.790613,-0.832831,20.000000
0.910000,14,"LINK_TORSO_YAW",0.803000,0.200000,0.107000,0.000000,-20.000000,0.000000,20.000000,0.000000,0.000000,0.000000,0.000000,0.012160,0.000000,0.910900,-6.799365,-18.790298,-0.832675,20.000000
0.911000,14,"LINK_TORSO_YAW",0.803000,0.200000,0.108000,0.000000,-20.000000,0.000000,20.000000,0.000000,0.000000,0.000000,0.000000,0.012160,0.000000,0.910900,-6.800108,-18.790027,-0.832713,20.000000
0.912000,14,"LINK_TORSO_YAW",0.803000,0.200000,0.109000,0.000000,-20.000000,0.000000,20.000000,0.000000,0.000000,0.000000,0.000000,0.012160,0.000000,0.910900,-6.800941,-18.789717,-0.832914,20.000000
0.913000,14,"LINK_TORSO_YAW",0.803000,0.200000,0.110000,0.000000,-20.000000,0.000000,20.000000,0.000000,0.000000,0.000000,0.000000,0.012160,0.000000,0.910900,-6.801834,-18.789380,-0.833215,20.000000
0.914000,14,"LINK_TORSO_YAW",0.803000,0.200000,0.111000,0.000000,-20.000000,0.000000,20.000000,0.000000,0.000000,0.000000,0.000000,0.012160,0.000000,0.910900,-6.802834,-18.788995,-0.833739,20.000000
0.915000,14,"LINK_TORSO_YAW",0.803000,0.200000,0.112000,0.000000,-20.000000,0.000000,20.000000,0.000000,0.000000,0.000000,0.000000,0.012160,0.000000,0.910900,-6.803660,-18.788658,-0.834589,20.000000
0.916000,14,"LINK_TORSO_YAW",0.803000,0.200000,0.113000,0.000000,-20.000000,0.000000,20.000000,0.000000,0.000000,0.000000,0.000000,0.012160,0.000000,0.910900,-6.804534,-18.788297,-0.835582,20.000000
0.917000,14,"LINK_TORSO_YAW",0.803000,0.200000,0.114000,0.000000,-20.000000,0.000000,20.000000,0.000000,0.000000,0.000000,0.000000,0.012160,0.000000,0.910900,-6.805563,-18.787870,-0.836820,20.000000
0.918000,14,"LINK_TORSO_YAW",0.803000,0.200000,0.115000,0.000000,-20.000000,0.000000,20.000000,0.000000,0.000000,0.000000,0.000000,0.012160,0.000000,0.910900,-6.806738,-18.787390,-0.838031,20.000000
0.919000,14,"LINK_TORSO_YAW",0.803000,0.200000,0.116000,0.000000,-20.000000,0.000000,20.000000,0.000000,0.000000,0.000000,0.000000,0.012160,0.000000,0.910900,-6.807826,-18.786943,-0.839207,20.000000
0.920000,14,"LINK_TORSO_YAW",0.803000,0.200000,0.117000,0.000000,-20.000000,0.000000,20.000000,0.000000,0.000000,0.000000,0.000000,0.012160,0.000000,0.910900,-6.809077,-18.786436,-0.840419,20.000000
0.921000,14,"LINK_TORSO_YAW",0.803000,0.200000,0.118000,0.000000,-20.000000,0.000000,20.000000,0.000000,0.000000,0.000000,0.000000,0.012160,0.000000,0.910900,-6.810474,-18.785872,-0.841695,20.000000
0.922000,14,"LINK_TORSO_YAW",0.803000,0.200000,0.119000,0.000000,-20.000000,0.000000,20.000000,0.000000,0.000000,0.000000,0.000000,0.012160,0.000000,0.910900,-6.811981,-18.785271,-0.842919,20.000000
0.923000,14,"LINK_TORSO_YAW",0.803000,0.200000,0.120000,0.000000,-20.000000,0.000000,20.000000,0.000000,0.000000,0.000000,0.000000,0.012160,0.000000,0.910900,-6.813427,-18.784685,-0.844290,20.000000
0.924000,14,"LINK_TORSO_YAW",0.803000,0.200000,0.121000,0.000000,-20.000000,0.000000,20.000000,0.000000,0.000000,0.000000,0.000000,0.012160,0.000000,0.910900,-6.815056,-18.784027,-0.845776,20.000000
0.925000,14,"LINK_TORSO_YAW",0.803000,0.200000,0.122000,0.000000,-20.000000,0.000000,20.000000,0.000000,0.000000,0.000000,0.000000,0.012160,0.000000,0.910900,-6.816813,-18.783321,-0.847300,20.000000
0.926000,14,"LINK_TORSO_YAW",0.803000,0.200000,0.123000,0.000000,-20.000000,0.000000,20.000000,0.000000,0.000000,0.000000,0.000000,0.012160,0.000000,0.910900,-6.818741,-18.782545,-0.848983,20.000000
0.927000,14,"LINK_TORSO_YAW",0.803000,0.200000,0.124000,0.000000,-20.000000,0.000000,20.000000,0.000000,0.000000,0.000000,0.000000,0.012160,0.000000,0.910900,-6.820683,-18.781753,-0.850911,20.000000
0.928000,14,"LINK_TORSO_YAW",0.803000,0.200000,0.125000,0.000000,-20.000000,0.000000,20.000000,0.000000,0.000000,0.000000,0.000000,0.012160,0.000000,0.910900,-6.822759,-18.780905,-0.852972,20.000000
0.929000,14,"LINK_TORSO_YAW",0.803000,0.200000,0.126000,0.000000,-20.000000,0.000000,20.000000,0.000000,0.000000,0.000000,0.000000,0.012160,0.000000,0.910900,-6.825025,-18.779993,-0.854922,20.000000
0.930000,14,"LINK_TORSO_YAW",0.803000,0.200000,0.127000,0.000000,-20.000000,0.000000,20.000000,0.000000,0.000000,0.000000,0.000000,0.012160,0.000000,0.910900,-6.827357,-18.779058,-0.856846,20.000000
0.931000,14,"LINK_TORSO_YAW",0.803000,0.200000,0.128000,0.000000,-20.000000,0.000000,20.000000,0.000000,0.000000,0.000000,0.000000,0.012160,0.000000,0.910900,-6.829812,-18.778084,-0.858621,20.000000
0.932000,14,"LINK_TORSO_YAW",0.803000,0.200000,0.129000,0.000000,-20.000000,0.000000,20.000000,0.000000,0.000000,0.000000,0.000000,0.012160,0.000000,0.910900,-6.832473,-18.777035,-0.860377,20.000000
0.933000,14,"LINK_TORSO_YAW",0.803000,0.200000,0.130000,0.000000,-20.000000,0.000000,20.000000,0.000000,0.000000,0.000000,0.000000,0.012160,0.000000,0.910900,-6.835344,-18.775910,-0.862143,20.000000
0.934000,14,"LINK_TORSO_YAW",0.803000,0.200000,0.131000,0.000000,-20.000000,0.000000,20.000000,0.000000,0.000000,0.000000,0.000000,0.012160,0.000000,0.910900,-6.838163,-18.774800,-0.863941,20.000000
0.935000,14,"LINK_TORSO_YAW",0.803000,0.200000,0.132000,0.000000,-20.000000,0.000000,20.000000,0.000000,0.000000,0.000000,0.000000,0.012160,0.000000,0.910900,-6.841200,-18.773608,-0.865805,20.000000
0.936000,14,"LINK_TORSO_YAW",0.803000,0.200000,0.133000,0.000000,-20.000000,0.000000,20.000000,0.000000,0.000000,0.000000,0.000000,0.012160,0.000000,0.910900,-6.844458,-18.772330,-0.867766,20.000000
0.937000,14,"LINK_TORSO_YAW",0.803000,0.200000,0.134000,0.000000,-20.000000,0.000000,20.000000,0.000000,0.000000,0.000000,0.000000,0.012160,0.000000,0.910900,-6.847872,-18.770992,-0.869775,20.000000
0.938000,14,"LINK_TORSO_YAW",0.803000,0.200000,0.135000,0.000000,-20.000000,0.000000,20.000000,0.000000,0.000000,0.000000,0.000000,0.012160,0.000000,0.910900,-6.851302,-18.769633,-0.872090,20.000000
0.939000,14,"LINK_TORSO_YAW",0.803000,0.200000,0.136000,0.000000,-20.000000,0.000000,20.000000,0.000000,0.000000,0.000000,0.000000,0.012160,0.000000,0.910900,-6.854965,-18.768194,-0.874272,20.000000
0.940000,14,"LINK_TORSO_YAW",0.803000,0.200000,0.137000,0.000000,-20.000000,0.000000,20.000000,0.000000,0.000000,0.000000,0.000000,0.012160,0.000000,0.910900,-6.858767,-18.766712,-0.876270,20.000000
0.941000,14,"LINK_TORSO_YAW",0.803000,0.200000,0.138000,0.000000,-20.000000,0.000000,20.000000,0.000000,0.000000,0.000000,0.000000,0.012160,0.000000,0.910900,-6.862804,-18.765146,-0.878185,20.000000
0.942000,14,"LINK_TORSO_YAW",0.803000,0.200000,0.139000,0.000000,-20.000000,0.000000,20.000000,0.000000,0.000000,0.000000,0.000000,0.012160,0.000000,0.910900,-6.866928,-18.763547,-0.880108,20.000000
0.943000,14,"LINK_TORSO_YAW",0.803000,0.200000,0.140000,0.000000,-20.000000,0.000000,20.000000,0.000000,0.000000,0.000000,0.000000,0.012160,0.000000,0.910900,-6.871156,-18.761914,-0.881935,20.000000
0.944000,14,"LINK_TORSO_YAW",0.803000,0.200000,0.141000,0.000000,-20.000000,0.000000,20.000000,0.000000,0.000000,0.000000,0.000000,0.012160,0.000000,0.910900,-6.875633,-18.760187,-0.883778,20.000000
0.945000,14,"LINK_TORSO_YAW",0.803000,0.200000,0.142000,0.000000,-20.000000,0.000000,20.000000,0.000000,0.000000,0.000000,0.000000,0.012160,0.000000,0.910900,-6.880360,-18.758364,-0.885670,20.000000
0.946000,14,"LINK_TORSO_YAW",0.803000,0.200000,0.143000,0.000000,-20.000000,0.000000,20.000000,0.000000,0.000000,0.000000,0.000000,0.012160,0.000000,0.910900,-6.884948,-18.756588,-0.887637,20.000000
0.947000,14,"LINK_TORSO_YAW",0.803000,0.200000,0.144000,0.000000,-20.000000,0.000000,20.000000,0.000000,0.000000,0.000000,0.000000,0.012160,0.000000,0.910900,-6.889797,-18.754709,-0.889717,20.000000
0.948000,14,"LINK_TORSO_YAW",0.803000,0.200000,0.145000,0.000000,-20.000000,0.000000,20.000000,0.000000,0.000000,0.000000,0.000000,0.012160,0.000000,0.910900,-6.894903,-18.752727,-0.891930,20.000000
0.949000,14,"LINK_TORSO_YAW",0.803000,0.200000,0.146000,0.000000,-20.000000,0.000000,20.000000,0.000000,0.000000,0.000000,0.000000,0.012160,0.000000,0.910900,-6.900140,-18.750690,-0.894247,20.000000
0.950000,14,"LINK_TORSO_YAW",0.803000,0.200000,0.147000,0.000000,-20.000000,0.000000,20.000000,0.000000,0.000000,0.000000,0.000000,0.012160,0.000000,0.910900,-6.905358,-18.748663,-0.896470,20.000000
0.951000,14,"LINK_TORSO_YAW",0.803000,0.200000,0.148000,0.000000,-20.000000,0.000000,20.000000,0.000000,0.000000,0.000000,0.000000,0.012160,0.000000,0.910900,-6.910847,-18.746539,-0.898600,20.000000
0.952000,14,"LINK_TORSO_YAW",0.803000,0.200000,0.149000,0.000000,-20.000000,0.000000,20.000000,0.000000,0.000000,0.000000,0.000000,0.012160,0.000000,0.910900,-6.916429,-18.744384,-0.900591,20.000000
0.953000,14,"LINK_TORSO_YAW",0.803000,0.200000,0.150000,0.000000,-20.000000,0.000000,20.000000,0.000000,0.000000,0.000000,0.000000,0.012160,0.000000,0.910900,-6.922265,-18.742138,-0.902508,20.000000
0.954000,14,"LINK_TORSO_YAW",0.803000,0.200000,0.151000,0.000000,-20.000000,0.000000,20.000000,0.000000,0.000000,0.000000,0.000000,0.012160,0.000000,0.910900,-6.928368,-18.739791,-0.904402,20.000000
0.955000,14,"LINK_TORSO_YAW",0.803000,0.200000,0.152000,0.000000,-20.000000,0.000000,20.000000,0.000000,0.000000,0.000000,0.000000,0.012160,0.000000,0.910900,-6.934320,-18.737496,-0.906328,20.000000
0.956000,14,"LINK_TORSO_YAW",0.803000,0.200000,0.153000,0.000000,-20.000000,0.000000,20.000000,0.000000,0.000000,0.000000,0.000000,0.012160,0.000000,0.910900,-6.940368,-18.735165,-0.908228,20.000000
0.957000,14,"LINK_TORSO_YAW",0.803000,0.200000,0.154000,0.000000,-20.000000,0.000000,20.000000,0.000000,0.000000,0.000000,0.000000,0.012160,0.000000,0.910900,-6.946685,-18.732729,-0.910189,20.000000
0.958000,14,"LINK_TORSO_YAW",0.803000,0.200000,0.155000,0.000000,-20.000000,0.000000,20.000000,0.000000,0.000000,0.000000,0.000000,0.012160,0.000000,0.910900,-6.953260,-18.730189,-0.912259,20.000000
0.959000,14,"LINK_TORSO_YAW",0.803000,0.200000,0.156000,0.000000,-20.000000,0.000000,20.000000,0.000000,0.000000,0.000000,0.000000,0.012160,0.000000,0.910900,-6.960078,-18.727548,-0.914469,20.000000
0.960000,14,"LINK_TORSO_YAW",0.803000,0.200000,0.157000,0.000000,-20.000000,0.000000,20.000000,0.000000,0.000000,0.000000,0.000000,0.012160,0.000000,0.910900,-6.966624,-18.725015,-0.916490,20.000000
0.961000,14,"LINK_TORSO_YAW",0.803000,0.200000,0.158000,0.000000,-20.000000,0.000000,20.000000,0.000000,0.000000,0.000000,0.000000,0.012160,0.000000,0.910900,-6.973463,-18.722377,-0.918379,20.000000
0.962000,14,"LINK_TORSO_YAW",0.803000,0.200000,0.159000,0.000000,-20.000000,0.000000,20.000000,0.000000,0.000000,0.000000,0.000000,0.012160,0.000000,0.910900,-6.980466,-18.719681,-0.920134,20.000000
0.963000,14,"LINK_TORSO_YAW",0.803000,0.200000,0.160000,0.000000,-20.000000,0.000000,20.000000,0.000000,0.000000,0.000000,0.000000,0.012160,0.000000,0.910900,-6.987749,-18.716880,-0.921824,20.000000
0.964000,14,"LINK_TORSO_YAW",0.803000,0.200000,0.161000,0.000000,-20.000000,0.000000,20.000000,0.000000,0.000000,0.000000,0.000000,0.012160,0.000000,0.910900,-6.995297,-18.713979,-0.923481,20.000000
0.965000,14,"LINK_TORSO_YAW",0.803000,0.200000,0.162000,0.000000,-20.000000,0.000000,20.000000,0.000000,0.000000,0.000000,0.000000,0.012160,0.000000,0.910900,-7.002924,-18.711047,-0.925076,20.000000
0.966000,14,"LINK_TORSO_YAW",0.803000,0.200000,0.163000,0.000000,-20.000000,0.000000,20.000000,0.000000,0.000000,0.000000,0.000000,0.012160,0.000000,0.910900,-7.010321,-18.708196,-0.926709,20.000000
0.967000,14,"LINK_TORSO_YAW",0.803000,0.200000,0.164000,0.000000,-20.000000,0.000000,20.000000,0.000000,0.000000,0.000000,0.000000,0.012160,0.000000,0.910900,-7.017977,-18.705243,-0.928385,20.000000
0.968000,14,"LINK_TORSO_YAW",0.803000,0.200000,0.165000,0.000000,-20.000000,0.000000,20.000000,0.000000,0.000000,0.000000,0.000000,0.012160,0.000000,0.910900,-7.025878,-18.702189,-0.930134,20.000000
0.969000,14,"LINK_TORSO_YAW",0.803000,0.200000,0.166000,0.000000,-20.000000,0.000000,20.000000,0.000000,0.000000,0.000000,0.000000,0.012160,0.000000,0.910900,-7.033873,-18.699094,-0.931936,20.000000
0.970000,14,"LINK_TORSO_YAW",0.803000,0.200000,0.167000,0.000000,-20.000000,0.000000,20.000000,0.000000,0.000000,0.000000,0.000000,0.012160,0.000000,0.910900,-7.042091,-18.695905,-0.933864,20.000000
0.971000,14,"LINK_TORSO_YAW",0.803000,0.200000,0.168000,0.000000,-20.000000,0.000000,20.000000,0.000000,0.000000,0.000000,0.000000,0.012160,0.000000,0.910900,-7.050168,-18.692754,-0.935992,20.000000
0.972000,14,"LINK_TORSO_YAW",0.803000,0.200000,0.169000,0.000000,-20.000000,0.000000,20.000000,0.000000,0.000000,0.000000,0.000000,0.012160,0.000000,0.910900,-7.058492,-18.689515,-0.937940,20.000000
0.973000,14,"LINK_TORSO_YAW",0.803000,0.200000,0.170000,0.000000,-20.000000,0.000000,20.000000,0.000000,0.000000,0.000000,0.000000,0.012160,0.000000,0.910900,-7.066899,-18.686250,-0.939679,20.000000
0.974000,14,"LINK_TORSO_YAW",0.803000,0.200000,0.171000,0.000000,-20.000000,0.000000,20.000000,0.000000,0.000000,0.000000,0.000000,0.012160,0.000000,0.910900,-7.075522,-18.682907,-0.941263,20.000000
0.975000,14,"LINK_TORSO_YAW",0.803000,0.200000,0.172000,0.000000,-20.000000,0.000000,20.000000,0.000000,0.000000,0.000000,0.000000,0.012160,0.000000,0.910900,-7.084373,-18.679478,-0.942740,20.000000
0.976000,14,"LINK_TORSO_YAW",0.803000,0.200000,0.173000,0.000000,-20.000000,0.000000,20.000000,0.000000,0.000000,0.000000,0.000000,0.012160,0.000000,0.910900,-7.093353,-18.676001,-0.944113,20.000000
0.977000,14,"LINK_TORSO_YAW",0.803000,0.200000,0.174000,0.000000,-20.000000,0.000000,20.000000,0.000000,0.000000,0.000000,0.000000,0.012160,0.000000,0.910900,-7.102101,-18.672608,-0.945458,20.000000
0.978000,14,"LINK_TORSO_YAW",0.803000,0.200000,0.175000,0.000000,-20.000000,0.000000,20.000000,0.000000,0.000000,0.000000,0.000000,0.012160,0.000000,0.910900,-7.111002,-18.669153,-0.946763,20.000000
0.979000,14,"LINK_TORSO_YAW",0.803000,0.200000,0.176000,0.000000,-20.000000,0.000000,20.000000,0.000000,0.000000,0.000000,0.000000,0.012160,0.000000,0.910900,-7.120119,-18.665611,-0.948095,20.000000
0.980000,14,"LINK_TORSO_YAW",0.803000,0.200000,0.177000,0.000000,-20.000000,0.000000,20.000000,0.000000,0.000000,0.000000,0.000000,0.012160,0.000000,0.910900,-7.129448,-18.661979,-0.949487,20.000000
0.981000,14,"LINK_TORSO_YAW",0.803000,0.200000,0.178000,0.000000,-20.000000,0.000000,20.000000,0.000000,0.000000,0.000000,0.000000,0.012160,0.000000,0.910900,-7.138836,-18.658317,-0.950919,20.000000
0.982000,14,"LINK_TORSO_YAW",0.803000,0.200000,0.179000,0.000000,-20.000000,0.000000,20.000000,0.000000,0.000000,0.000000,0.000000,0.012160,0.000000,0.910900,-7.148400,-18.654576,-0.952465,20.000000
0.983000,14,"LINK_TORSO_YAW",0.803000,0.200000,0.180000,0.000000,-20.000000,0.000000,20.000000,0.000000,0.000000,0.000000,0.000000,0.012160,0.000000,0.910900,-7.157766,-18.650895,-0.954192,20.000000
0.984000,14,"LINK_TORSO_YAW",0.803000,0.200000,0.181000,0.000000,-20.000000,0.000000,20.000000,0.000000,0.000000,0.000000,0.000000,0.012160,0.000000,0.910900,-7.167250,-18.647176,-0.955692,20.000000
0.985000,14,"LINK_TORSO_YAW",0.803000,0.200000,0.182000,0.000000,-20.000000,0.000000,20.000000,0.000000,0.000000,0.000000,0.000000,0.012160,0.000000,0.910900,-7.176939,-18.643381,-0.957032,20.000000
0.986000,14,"LINK_TORSO_YAW",0.803000,0.200000,0.183000,0.000000,-20.000000,0.000000,20.000000,0.000000,0.000000,0.000000,0.000000,0.012160,0.000000,0.910900,-7.186716,-18.639553,-0.958214,20.000000
0.987000,14,"LINK_TORSO_YAW",0.803000,0.200000,0.184000,0.000000,-20.000000,0.000000,20.000000,0.000000,0.000000,0.000000,0.000000,0.012160,0.000000,0.910900,-7.196698,-18.635645,-0.959304,20.000000
0.988000,14,"LINK_TORSO_YAW",0.803000,0.200000,0.185000,0.000000,-20.000000,0.000000,20.000000,0.000000,0.000000,0.000000,0.000000,0.012160,0.000000,0.910900,-7.206735,-18.631715,-0.960298,20.000000
0.989000,14,"LINK_TORSO_YAW",0.803000,0.200000,0.186000,0.000000,-20.000000,0.000000,20.000000,0.000000,0.000000,0.000000,0.000000,0.012160,0.000000,0.910900,-7.216966,-18.627705,-0.961258,20.000000
0.990000,14,"LINK_TORSO_YAW",0.803000,0.200000,0.187000,0.000000,-20.000000,0.000000,20.000000,0.000000,0.000000,0.000000,0.000000,0.012160,0.000000,0.910900,-7.227249,-18.623669,-0.962193,20.000000
0.991000,14,"LINK_TORSO_YAW",0.803000,0.200000,0.188000,0.000000,-20.000000,0.000000,20.000000,0.000000,0.000000,0.000000,0.000000,0.012160,0.000000,0.910900,-7.237726,-18.619550,-0.963161,20.000000
0.992000,14,"LINK_TORSO_YAW",0.803000,0.200000,0.189000,0.000000,-20.000000,0.000000,20.000000,0.000000,0.000000,0.000000,0.000000,0.012160,0.000000,0.910900,-7.247821,-18.615569,-0.964199,20.000000
0.993000,14,"LINK_TORSO_YAW",0.803000,0.200000,0.190000,0.000000,-20.000000,0.000000,20.000000,0.000000,0.000000,0.000000,0.000000,0.012160,0.000000,0.910900,-7.257952,-18.611565,-0.965285,20.000000
0.994000,14,"LINK_TORSO_YAW",0.803000,0.200000,0.191000,0.000000,-20.000000,0.000000,20.000000,0.000000,0.000000,0.000000,0.000000,0.012160,0.000000,0.910900,-7.268257,-18.607481,-0.966492,20.000000
0.995000,14,"LINK_TORSO_YAW",0.803000,0.200000,0.192000,0.000000,-20.000000,0.000000,20.000000,0.000000,0.000000,0.000000,0.000000,0.012160,0.000000,0.910900,-7.278676,-18.603355,-0.967496,20.000000
0.996000,14,"LINK_TORSO_YAW",0.803000,0.200000,0.193000,0.000000,-20.000000,0.000000,20.000000,0.000000,0.000000,0.000000,0.000000,0.012160,0.000000,0.910900,-7.289282,-18.599158,-0.968345,20.000000
0.997000,14,"LINK_TORSO_YAW",0.803000,0.200000,0.194000,0.000000,-20.000000,0.000000,20.000000,0.000000,0.000000,0.000000,0.000000,0.012160,0.000000,0.910900,-7.299912,-18.594952,-0.969045,20.000000
0.998000,14,"LINK_TORSO_YAW",0.803000,0.200000,0.195000,0.000000,-20.000000,0.000000,20.000000,0.000000,0.000000,0.000000,0.000000,0.012160,0.000000,0.910900,-7.310727,-18.590671,-0.969659,20.000000
0.999000,14,"LINK_TORSO_YAW",0.803000,0.200000,0.196000,0.000000,-20.000000,0.000000,20.000000,0.000000,0.000000,0.000000,0.000000,0.012160,0.000000,0.910900,-7.321569,-18.586376,-0.970189,20.000000
1.000000,14,"LINK_TORSO_YAW",0.803000,0.200000,0.197000,0.000000,-20.000000,0.000000,20.000000,0.000000,0.000000,0.000000,0.000000,0.012160,0.000000,0.910900,-7.332588,-18.582005,-0.970694,20.000000
1.001000,14,"LINK_TORSO_YAW",0.803000,0.200000,0.198000,0.000000,-20.000000,0.000000,20.000000,0.000000,0.000000,0.000000,0.000000,0.012160,0.000000,0.910900,-7.343640,-18.577614,-0.971184,20.000000
1.002000,14,"LINK_TORSO_YAW",0.803000,0.200000,0.199000,0.000000,-20.000000,0.000000,20.000000,0.000000,0.000000,0.000000,0.000000,0.012160,0.000000,0.910900,-7.354249,-18.573390,-0.971701,20.000000
1.003000,14,"LINK_TORSO_YAW",0.803000,0.200000,0.200000,0.000000,-20.000000,0.000000,20.000000,0.000000,0.000000,0.000000,0.000000,0.012160,0.000000,0.910900,-7.364944,-18.569122,-0.972266,20.000000
1.004000,14,"LINK_TORSO_YAW",0.803000,0.200000,0.201000,0.000000,-20.000000,0.000000,20.000000,0.000000,0.000000,0.000000,0.000000,0.012160,0.000000,0.910900,-7.375815,-18.564787,-0.972650,20.000000
1.005000,15,"LINK_TORSO_YAW",1.004000,0.200000,0.001000,0.000000,-20.000000,0.000000,20.000000,0.000000,0.000000,0.000000,0.000000,0.012160,0.000000,0.910900,-7.386704,-18.560446,-0.972860,20.000000
1.006000,15,"LINK_TORSO_YAW",1.004000,0.200000,0.002000,0.000000,-20.000000,0.000000,20.000000,0.000000,0.000000,0.000000,0.000000,0.012160,0.000000,0.910900,-7.397763,-18.556035,-0.972960,20.000000
1.007000,15,"LINK_TORSO_YAW",1.004000,0.200000,0.003000,0.000000,-20.000000,0.000000,20.000000,0.000000,0.000000,0.000000,0.000000,0.012160,0.000000,0.910900,-7.408815,-18.551624,-0.972988,20.000000
1.008000,15,"LINK_TORSO_YAW",1.004000,0.200000,0.004000,0.000000,-20.000000,0.000000,20.000000,0.000000,0.000000,0.000000,0.000000,0.012160,0.000000,0.910900,-7.420037,-18.547140,-0.972965,20.000000
1.009000,15,"LINK_TORSO_YAW",1.004000,0.200000,0.005000,0.000000,-20.000000,0.000000,20.000000,0.000000,0.000000,0.000000,0.000000,0.012160,0.000000,0.910900,-7.431283,-18.542640,-0.972904,20.000000
1.010000,15,"LINK_TORSO_YAW",1.004000,0.200000,0.006000,0.000000,-20.000000,0.000000,20.000000,0.000000,0.000000,0.000000,0.000000,0.012160,0.000000,0.910900,-7.442695,-18.538065,-0.972861,20.000000
1.011000,15,"LINK_TORSO_YAW",1.004000,0.200000,0.007000,0.000000,-20.000000,0.000000,20.000000,0.000000,0.000000,0.000000,0.000000,0.012160,0.000000,0.910900,-7.454132,-18.533469,-0.972850,20.000000
1.012000,15,"LINK_TORSO_YAW",1.004000,0.200000,0.008000,0.000000,-20.000000,0.000000,20.000000,0.000000,0.000000,0.000000,0.000000,0.012160,0.000000,0.910900,-7.465731,-18.528796,-0.972925,20.000000
1.013000,15,"LINK_TORSO_YAW",1.004000,0.200000,0.009000,0.000000,-20.000000,0.000000,20.000000,0.000000,0.000000,0.000000,0.000000,0.012160,0.000000,0.910900,-7.477359,-18.524096,-0.973120,20.000000
1.014000,15,"LINK_TORSO_YAW",1.004000,0.200000,0.010000,0.000000,-20.000000,0.000000,20.000000,0.000000,0.000000,0.000000,0.000000,0.012160,0.000000,0.910900,-7.489139,-18.519317,-0.973487,20.000000
1.015000,15,"LINK_TORSO_YAW",1.004000,0.200000,0.011000,0.000000,-20.000000,0.000000,20.000000,0.000000,0.000000,0.000000,0.000000,0.012160,0.000000,0.910900,-7.500285,-18.514797,-0.973662,20.000000
1.016000,15,"LINK_TORSO_YAW",1.004000,0.200000,0.012000,0.000000,-20.000000,0.000000,20.000000,0.000000,0.000000,0.000000,0.000000,0.012160,0.000000,0.910900,-7.511585,-18.510212,-0.973723,20.000000
1.017000,15,"LINK_TORSO_YAW",1.004000,0.200000,0.013000,0.000000,-20.000000,0.000000,20.000000,0.000000,0.000000,0.000000,0.000000,0.012160,0.000000,0.910900,-7.522889,-18.505623,-0.973680,20.000000
1.018000,15,"LINK_TORSO_YAW",1.004000,0.200000,0.014000,0.000000,-20.000000,0.000000,20.000000,0.000000,0.000000,0.000000,0.000000,0.012160,0.000000,0.910900,-7.534342,-18.500967,-0.973599,20.000000
1.019000,15,"LINK_TORSO_YAW",1.004000,0.200000,0.015000,0.000000,-20.000000,0.000000,20.000000,0.000000,0.000000,0.000000,0.000000,0.012160,0.000000,0.910900,-7.545801,-18.496302,-0.973490,20.000000
1.020000,15,"LINK_TORSO_YAW",1.004000,0.200000,0.016000,0.000000,-20.000000,0.000000,20.000000,0.000000,0.000000,0.000000,0.000000,0.012160,0.000000,0.910900,-7.557374,-18.491580,-0.973421,20.000000
1.021000,15,"LINK_TORSO_YAW",1.004000,0.200000,0.017000,0.000000,-20.000000,0.000000,20.000000,0.000000,0.000000,0.000000,0.000000,0.012160,0.000000,0.910900,-7.568966,-18.486840,-0.973389,20.000000
1.022000,15,"LINK_TORSO_YAW",1.004000,0.200000,0.018000,0.000000,-20.000000,0.000000,20.000000,0.000000,0.000000,0.000000,0.000000,0.012160,0.000000,0.910900,-7.580698,-18.482030,-0.973447,20.000000
1.023000,15,"LINK_TORSO_YAW",1.004000,0.200000,0.019000,0.000000,-20.000000,0.000000,20.000000,0.000000,0.000000,0.000000,0.000000,0.012160,0.000000,0.910900,-7.592442,-18.477200,-0.973609,20.000000
1.024000,15,"LINK_TORSO_YAW",1.004000,0.200000,0.020000,0.000000,-20.000000,0.000000,20.000000,0.000000,0.000000,0.000000,0.000000,0.012160,0.000000,0.910900,-7.604285,-18.472311,-0.973940,20.000000
1.025000,15,"LINK_TORSO_YAW",1.004000,0.200000,0.021000,0.000000,-20.000000,0.000000,20.000000,0.000000,0.000000,0.000000,0.000000,0.012160,0.000000,0.910900,-7.616108,-18.467430,-0.974129,20.000000
1.026000,15,"LINK_TORSO_YAW",1.004000,0.200000,0.022000,0.000000,-20.000000,0.000000,20.000000,0.000000,0.000000,0.000000,0.000000,0.012160,0.000000,0.910900,-7.628051,-18.462495,-0.974219,20.000000
1.027000,15,"LINK_TORSO_YAW",1.004000,0.200000,0.023000,0.000000,-20.000000,0.000000,20.000000,0.000000,0.000000,0.000000,0.000000,0.012160,0.000000,0.910900,-7.639971,-18.457566,-0.974220,20.000000
1.028000,15,"LINK_TORSO_YAW",1.004000,0.200000,0.024000,0.000000,-20.000000,0.000000,20.000000,0.000000,0.000000,0.000000,0.000000,0.012160,0.000000,0.910900,-7.652001,-18.452584,-0.974187,20.000000
1.029000,15,"LINK_TORSO_YAW",1.004000,0.200000,0.025000,0.000000,-20.000000,0.000000,20.000000,0.000000,0.000000,0.000000,0.000000,0.012160,0.000000,0.910900,-7.663584,-18.447094,-0.987012,20.000000
1.030000,15,"LINK_TORSO_YAW",1.004000,0.200000,0.026000,0.000000,-20.000000,0.000000,20.000000,0.000000,0.000000,0.000000,0.000000,0.012160,0.000000,0.910900,-7.675255,-18.441394,-1.002723,20.000000
1.031000,15,"LINK_TORSO_YAW",1.004000,0.200000,0.027000,0.000000,-20.000000,0.000000,20.000000,0.000000,0.000000,0.000000,0.000000,0.012160,0.000000,0.910900,-7.687040,-18.435575,-1.019312,20.000000
1.032000,15,"LINK_TORSO_YAW",1.004000,0.200000,0.028000,0.000000,-20.000000,0.000000,20.000000,0.000000,0.000000,0.000000,0.000000,0.012160,0.000000,0.910900,-7.698853,-18.429694,-1.036368,20.000000
1.033000,15,"LINK_TORSO_YAW",1.004000,0.200000,0.029000,0.000000,-20.000000,0.000000,20.000000,0.000000,0.000000,0.000000,0.000000,0.012160,0.000000,0.910900,-7.710736,-18.423735,-1.053829,20.000000
1.034000,15,"LINK_TORSO_YAW",1.004000,0.200000,0.030000,0.000000,-20.000000,0.000000,20.000000,0.000000,0.000000,0.000000,0.000000,0.012160,0.000000,0.910900,-7.722669,-18.417704,-1.071704,20.000000
1.035000,15,"LINK_TORSO_YAW",1.004000,0.200000,0.031000,0.000000,-20.000000,0.000000,20.000000,0.000000,0.000000,0.000000,0.000000,0.012160,0.000000,0.910900,-7.734634,-18.411608,-1.090020,20.000000
1.036000,15,"LINK_TORSO_YAW",1.004000,0.200000,0.032000,0.000000,-20.000000,0.000000,20.000000,0.000000,0.000000,0.000000,0.000000,0.012160,0.000000,0.910900,-7.746607,-18.405469,-1.108499,20.000000
1.037000,15,"LINK_TORSO_YAW",1.004000,0.200000,0.033000,0.000000,-20.000000,0.000000,20.000000,0.000000,0.000000,0.000000,0.000000,0.012160,0.000000,0.910900,-7.758518,-18.399315,-1.127205,20.000000
1.038000,15,"LINK_TORSO_YAW",1.004000,0.200000,0.034000,0.000000,-20.000000,0.000000,20.000000,0.000000,0.000000,0.000000,0.000000,0.012160,0.000000,0.910900,-7.770403,-18.393140,-1.145964,20.000000
1.039000,15,"LINK_TORSO_YAW",1.004000,0.200000,0.035000,0.000000,-20.000000,0.000000,20.000000,0.000000,0.000000,0.000000,0.000000,0.012160,0.000000,0.910900,-7.782257,-18.386944,-1.164805,20.000000
1.040000,15,"LINK_TORSO_YAW",1.004000,0.200000,0.036000,0.000000,-20.000000,0.000000,20.000000,0.000000,0.000000,0.000000,0.000000,0.012160,0.000000,0.910900,-7.794071,-18.380728,-1.183756,20.000000
1.041000,15,"LINK_TORSO_YAW",1.004000,0.200000,0.037000,0.000000,-20.000000,0.000000,20.000000,0.000000,0.000000,0.000000,0.000000,0.012160,0.000000,0.910900,-7.805838,-18.374495,-1.202841,20.000000
1.042000,15,"LINK_TORSO_YAW",1.004000,0.200000,0.038000,0.000000,-20.000000,0.000000,20.000000,0.000000,0.000000,0.000000,0.000000,0.012160,0.000000,0.910900,-7.817506,-18.368263,-1.222099,20.000000
1.043000,15,"LINK_TORSO_YAW",1.004000,0.200000,0.039000,0.000000,-20.000000,0.000000,20.000000,0.000000,0.000000,0.000000,0.000000,0.012160,0.000000,0.910900,-7.829089,-18.362024,-1.241554,20.000000
1.044000,15,"LINK_TORSO_YAW",1.004000,0.200000,0.040000,0.000000,-20.000000,0.000000,20.000000,0.000000,0.000000,0.000000,0.000000,0.012160,0.000000,0.910900,-7.840589,-18.355783,-1.261103,20.000000
1.045000,15,"LINK_TORSO_YAW",1.004000,0.200000,0.041000,0.000000,-20.000000,0.000000,20.000000,0.000000,0.000000,0.000000,0.000000,0.012160,0.000000,0.910900,-7.852002,-18.349542,-1.280771,20.000000
1.046000,15,"LINK_TORSO_YAW",1.004000,0.200000,0.042000,0.000000,-20.000000,0.000000,20.000000,0.000000,0.000000,0.000000,0.000000,0.012160,0.000000,0.910900,-7.863324,-18.343299,-1.300584,20.000000
1.047000,15,"LINK_TORSO_YAW",1.004000,0.200000,0.043000,0.000000,-20.000000,0.000000,20.000000,0.000000,0.000000,0.000000,0.000000,0.012160,0.000000,0.910900,-7.874550,-18.337076,-1.320269,20.000000
1.048000,15,"LINK_TORSO_YAW",1.004000,0.200000,0.044000,0.000000,-20.000000,0.000000,20.000000,0.000000,0.000000,0.000000,0.000000,0.012160,0.000000,0.910900,-7.884829,-18.331235,-1.339884,20.000000
1.049000,15,"LINK_TORSO_YAW",1.004000,0.200000,0.045000,0.000000,-20.000000,0.000000,20.000000,0.000000,0.000000,0.000000,0.000000,0.012160,0.000000,0.910900,-7.894996,-18.325417,-1.359464,20.000000
1.050000,15,"LINK_TORSO_YAW",1.004000,0.200000,0.046000,0.000000,-20.000000,0.000000,20.000000,0.000000,0.000000,0.000000,0.000000,0.012160,0.000000,0.910900,-7.905050,-18.319620,-1.379018,20.000000
1.051000,15,"LINK_TORSO_YAW",1.004000,0.200000,0.047000,0.000000,-20.000000,0.000000,20.000000,0.000000,0.000000,0.000000,0.000000,0.012160,0.000000,0.910900,-7.914986,-18.313857,-1.398446,20.000000
1.052000,15,"LINK_TORSO_YAW",1.004000,0.200000,0.048000,0.000000,-20.000000,0.000000,20.000000,0.000000,0.000000,0.000000,0.000000,0.012160,0.000000,0.910900,-7.924800,-18.308125,-1.417782,20.000000
1.053000,15,"LINK_TORSO_YAW",1.004000,0.200000,0.049000,0.000000,-20.000000,0.000000,20.000000,0.000000,0.000000,0.000000,0.000000,0.012160,0.000000,0.910900,-7.934390,-18.302466,-1.437079,20.000000
1.054000,15,"LINK_TORSO_YAW",1.004000,0.200000,0.050000,0.000000,-20.000000,0.000000,20.000000,0.000000,0.000000,0.000000,0.000000,0.012160,0.000000,0.910900,-7.943848,-18.296838,-1.456360,20.000000
1.055000,15,"LINK_TORSO_YAW",1.004000,0.200000,0.051000,0.000000,-20.000000,0.000000,20.000000,0.000000,0.000000,0.000000,0.000000,0.012160,0.000000,0.910900,-7.953169,-18.291243,-1.475648,20.000000
1.056000,15,"LINK_TORSO_YAW",1.004000,0.200000,0.052000,0.000000,-20.000000,0.000000,20.000000,0.000000,0.000000,0.000000,0.000000,0.012160,0.000000,0.910900,-7.962351,-18.285678,-1.494971,20.000000
1.057000,15,"LINK_TORSO_YAW",1.004000,0.200000,0.053000,0.000000,-20.000000,0.000000,20.000000,0.000000,0.000000,0.000000,0.000000,0.012160,0.000000,0.910900,-7.971382,-18.280154,-1.514275,20.000000
1.058000,15,"LINK_TORSO_YAW",1.004000,0.200000,0.054000,0.000000,-20.000000,0.000000,20.000000,0.000000,0.000000,0.000000,0.000000,0.012160,0.000000,0.910900,-7.980259,-18.274695,-1.533296,20.000000
1.059000,15,"LINK_TORSO_YAW",1.004000,0.200000,0.055000,0.000000,-20.000000,0.000000,20.000000,0.000000,0.000000,0.000000,0.000000,0.012160,0.000000,0.910900,-7.988898,-18.269332,-1.552100,20.000000
1.060000,15,"LINK_TORSO_YAW",1.004000,0.200000,0.056000,0.000000,-20.000000,0.000000,20.000000,0.000000,0.000000,0.000000,0.000000,0.012160,0.000000,0.910900,-7.997375,-18.264031,-1.570722,20.000000
1.061000,15,"LINK_TORSO_YAW",1.004000,0.200000,0.057000,0.000000,-20.000000,0.000000,20.000000,0.000000,0.000000,0.000000,0.000000,0.012160,0.000000,0.910900,-8.005689,-18.258790,-1.589189,20.000000
1.062000,15,"LINK_TORSO_YAW",1.004000,0.200000,0.058000,0.000000,-20.000000,0.000000,20.000000,0.000000,0.000000,0.000000,0.000000,0.012160,0.000000,0.910900,-8.013839,-18.253608,-1.607534,20.000000
1.063000,15,"LINK_TORSO_YAW",1.004000,0.200000,0.059000,0.000000,-20.000000,0.000000,20.000000,0.000000,0.000000,0.000000,0.000000,0.012160,0.000000,0.910900,-8.021820,-18.248491,-1.625721,20.000000
1.064000,15,"LINK_TORSO_YAW",1.004000,0.200000,0.060000,0.000000,-20.000000,0.000000,20.000000,0.000000,0.000000,0.000000,0.000000,0.012160,0.000000,0.910900,-8.029582,-18.243457,-1.643799,20.000000
1.065000,15,"LINK_TORSO_YAW",1.004000,0.200000,0.061000,0.000000,-20.000000,0.000000,20.000000,0.000000,0.000000,0.000000,0.000000,0.012160,0.000000,0.910900,-8.037175,-18.238483,-1.661793,20.000000
1.066000,15,"LINK_TORSO_YAW",1.004000,0.200000,0.062000,0.000000,-20.000000,0.000000,20.000000,0.000000,0.000000,0.000000,0.000000,0.012160,0.000000,0.910900,-8.044604,-18.233564,-1.679730,20.000000
1.067000,15,"LINK_TORSO_YAW",1.004000,0.200000,0.063000,0.000000,-20.000000,0.000000,20.000000,0.000000,0.000000,0.000000,0.000000,0.012160,0.000000,0.910900,-8.051872,-18.228697,-1.697637,20.000000
1.068000,15,"LINK_TORSO_YAW",1.004000,0.200000,0.064000,0.000000,-20.000000,0.000000,20.000000,0.000000,0.000000,0.000000,0.000000,0.012160,0.000000,0.910900,-8.059000,-18.223895,-1.715278,20.000000
1.069000,15,"LINK_TORSO_YAW",1.004000,0.200000,0.065000,0.000000,-20.000000,0.000000,20.000000,0.000000,0.000000,0.000000,0.000000,0.012160,0.000000,0.910900,-8.065991,-18.219154,-1.732693,20.000000
1.070000,15,"LINK_TORSO_YAW",1.004000,0.200000,0.066000,0.000000,-20.000000,0.000000,20.000000,0.000000,0.000000,0.000000,0.000000,0.012160,0.000000,0.910900,-8.072767,-18.214510,-1.749873,20.000000
1.071000,15,"LINK_TORSO_YAW",1.004000,0.200000,0.067000,0.000000,-20.000000,0.000000,20.000000,0.000000,0.000000,0.000000,0.000000,0.012160,0.000000,0.910900,-8.079426,-18.209919,-1.766843,20.000000
1.072000,15,"LINK_TORSO_YAW",1.004000,0.200000,0.068000,0.000000,-20.000000,0.000000,20.000000,0.000000,0.000000,0.000000,0.000000,0.012160,0.000000,0.910900,-8.085970,-18.205377,-1.783627,20.000000
1.073000,15,"LINK_TORSO_YAW",1.004000,0.200000,0.069000,0.000000,-20.000000,0.000000,20.000000,0.000000,0.000000,0.000000,0.000000,0.012160,0.000000,0.910900,-8.092399,-18.200884,-1.800255,20.000000
1.074000,15,"LINK_TORSO_YAW",1.004000,0.200000,0.070000,0.000000,-20.000000,0.000000,20.000000,0.000000,0.000000,0.000000,0.000000,0.012160,0.000000,0.910900,-8.098711,-18.196436,-1.816756,20.000000
1.075000,15,"LINK_TORSO_YAW",1.004000,0.200000,0.071000,0.000000,-20.000000,0.000000,20.000000,0.000000,0.000000,0.000000,0.000000,0.012160,0.000000,0.910900,-8.104181,-18.192352,-1.833186,20.000000
1.076000,15,"LINK_TORSO_YAW",1.004000,0.200000,0.072000,0.000000,-20.000000,0.000000,20.000000,0.000000,0.000000,0.000000,0.000000,0.012160,0.000000,0.910900,-8.109570,-18.188298,-1.849506,20.000000
1.077000,15,"LINK_TORSO_YAW",1.004000,0.200000,0.073000,0.000000,-20.000000,0.000000,20.000000,0.000000,0.000000,0.000000,0.000000,0.012160,0.000000,0.910900,-8.114887,-18.184269,-1.865732,20.000000
1.078000,15,"LINK_TORSO_YAW",1.004000,0.200000,0.074000,0.000000,-20.000000,0.000000,20.000000,0.000000,0.000000,0.000000,0.000000,0.012160,0.000000,0.910900,-8.120129,-18.180264,-1.881888,20.000000
1.079000,15,"LINK_TORSO_YAW",1.004000,0.200000,0.075000,0.000000,-20.000000,0.000000,20.000000,0.000000,0.000000,0.000000,0.000000,0.012160,0.000000,0.910900,-8.125318,-18.176301,-1.897706,20.000000
1.080000,15,"LINK_TORSO_YAW",1.004000,0.200000,0.076000,0.000000,-20.000000,0.000000,20.000000,0.000000,0.000000,0.000000,0.000000,0.012160,0.000000,0.910900,-8.130452,-18.172378,-1.913229,20.000000
1.081000,15,"LINK_TORSO_YAW",1.004000,0.200000,0.077000,0.000000,-20.000000,0.000000,20.000000,0.000000,0.000000,0.000000,0.000000,0.012160,0.000000,0.910900,-8.135481,-18.168512,-1.928505,20.000000
1.082000,15,"LINK_TORSO_YAW",1.004000,0.200000,0.078000,0.000000,-20.000000,0.000000,20.000000,0.000000,0.000000,0.000000,0.000000,0.012160,0.000000,0.910900,-8.140470,-18.164676,-1.943524,20.000000
1.083000,15,"LINK_TORSO_YAW",1.004000,0.200000,0.079000,0.000000,-20.000000,0.000000,20.000000,0.000000,0.000000,0.000000,0.000000,0.012160,0.000000,0.910900,-8.145420,-18.160869,-1.958310,20.000000
1.084000,15,"LINK_TORSO_YAW",1.004000,0.200000,0.080000,0.000000,-20.000000,0.000000,20.000000,0.000000,0.000000,0.000000,0.000000,0.012160,0.000000,0.910900,-8.150332,-18.157087,-1.972890,20.000000
1.085000,15,"LINK_TORSO_YAW",1.004000,0.200000,0.081000,0.000000,-20.000000,0.000000,20.000000,0.000000,0.000000,0.000000,0.000000,0.012160,0.000000,0.910900,-8.154775,-18.153517,-1.987323,20.000000
1.086000,15,"LINK_TORSO_YAW",1.004000,0.200000,0.082000,0.000000,-20.000000,0.000000,20.000000,0.000000,0.000000,0.000000,0.000000,0.012160,0.000000,0.910900,-8.159181,-18.149968,-2.001610,20.000000
1.087000,15,"LINK_TORSO_YAW",1.004000,0.200000,0.083000,0.000000,-20.000000,0.000000,20.000000,0.000000,0.000000,0.000000,0.000000,0.012160,0.000000,0.910900,-8.163550,-18.146435,-2.015774,20.000000
1.088000,15,"LINK_TORSO_YAW",1.004000,0.200000,0.084000,0.000000,-20.000000,0.000000,20.000000,0.000000,0.000000,0.000000,0.000000,0.012160,0.000000,0.910900,-8.167884,-18.142916,-2.029841,20.000000
1.089000,15,"LINK_TORSO_YAW",1.004000,0.200000,0.085000,0.000000,-20.000000,0.000000,20.000000,0.000000,0.000000,0.000000,0.000000,0.012160,0.000000,0.910900,-8.172186,-18.139440,-2.043547,20.000000
1.090000,15,"LINK_TORSO_YAW",1.004000,0.200000,0.086000,0.000000,-20.000000,0.000000,20.000000,0.000000,0.000000,0.000000,0.000000,0.012160,0.000000,0.910900,-8.176458,-18.136004,-2.056916,20.000000
1.091000,15,"LINK_TORSO_YAW",1.004000,0.200000,0.087000,0.000000,-20.000000,0.000000,20.000000,0.000000,0.000000,0.000000,0.000000,0.012160,0.000000,0.910900,-8.180702,-18.132603,-2.069983,20.000000
1.092000,15,"LINK_TORSO_YAW",1.004000,0.200000,0.088000,0.000000,-20.000000,0.000000,20.000000,0.000000,0.000000,0.000000,0.000000,0.012160,0.000000,0.910900,-8.184628,-18.129364,-2.082792,20.000000
1.093000,15,"LINK_TORSO_YAW",1.004000,0.200000,0.089000,0.000000,-20.000000,0.000000,20.000000,0.000000,0.000000,0.000000,0.000000,0.012160,0.000000,0.910900,-8.188519,-18.126158,-2.095367,20.000000
1.094000,15,"LINK_TORSO_YAW",1.004000,0.200000,0.090000,0.000000,-20.000000,0.000000,20.000000,0.000000,0.000000,0.000000,0.000000,0.012160,0.000000,0.910900,-8.192385,-18.122977,-2.107729,20.000000
1.095000,15,"LINK_TORSO_YAW",1.004000,0.200000,0.091000,0.000000,-20.000000,0.000000,20.000000,0.000000,0.000000,0.000000,0.000000,0.012160,0.000000,0.910900,-8.196231,-18.119818,-2.119904,20.000000
1.096000,15,"LINK_TORSO_YAW",1.004000,0.200000,0.092000,0.000000,-20.000000,0.000000,20.000000,0.000000,0.000000,0.000000,0.000000,0.012160,0.000000,0.910900,-8.200089,-18.116665,-2.131902,20.000000
1.097000,15,"LINK_TORSO_YAW",1.004000,0.200000,0.093000,0.000000,-20.000000,0.000000,20.000000,0.000000,0.000000,0.000000,0.000000,0.012160,0.000000,0.910900,-8.203737,-18.113615,-2.143746,20.000000
1.098000,15,"LINK_TORSO_YAW",1.004000,0.200000,0.094000,0.000000,-20.000000,0.000000,20.000000,0.000000,0.000000,0.000000,0.000000,0.012160,0.000000,0.910900,-8.207373,-18.110579,-2.155448,20.000000
1.099000,15,"LINK_TORSO_YAW",1.004000,0.200000,0.095000,0.000000,-20.000000,0.000000,20.000000,0.000000,0.000000,0.000000,0.000000,0.012160,0.000000,0.910900,-8.210996,-18.107554,-2.167031,20.000000
1.100000,15,"LINK_TORSO_YAW",1.004000,0.200000,0.096000,0.000000,-20.000000,0.000000,20.000000,0.000000,0.000000,0.000000,0.000000,0.012160,0.000000,0.910900,-8.214552,-18.104560,-2.178542,20.000000
1.101000,15,"LINK_TORSO_YAW",1.004000,0.200000,0.097000,0.000000,-20.000000,0.000000,20.000000,0.000000,0.000000,0.000000,0.000000,0.012160,0.000000,0.910900,-8.218079,-18.101618,-2.189660,20.000000
1.102000,15,"LINK_TORSO_YAW",1.004000,0.200000,0.098000,0.000000,-20.000000,0.000000,20.000000,0.000000,0.000000,0.000000,0.000000,0.012160,0.000000,0.910900,-8.221656,-18.098690,-2.200406,20.000000
1.103000,15,"LINK_TORSO_YAW",1.004000,0.200000,0.099000,0.000000,-20.000000,0.000000,20.000000,0.000000,0.000000,0.000000,0.000000,0.012160,0.000000,0.910900,-8.225251,-18.095790,-2.210794,20.000000
1.104000,15,"LINK_TORSO_YAW",1.004000,0.200000,0.100000,0.000000,-20.000000,0.000000,20.000000,0.000000,0.000000,0.000000,0.000000,0.012160,0.000000,0.910900,-8.228803,-18.092940,-2.220884,20.000000
1.105000,15,"LINK_TORSO_YAW",1.004000,0.200000,0.101000,0.000000,-20.000000,0.000000,20.000000,0.000000,0.000000,0.000000,0.000000,0.012160,0.000000,0.910900,-8.232395,-18.090100,-2.230680,20.000000
1.106000,15,"LINK_TORSO_YAW",1.004000,0.200000,0.102000,0.000000,-20.000000,0.000000,20.000000,0.000000,0.000000,0.000000,0.000000,0.012160,0.000000,0.910900,-8.236019,-18.087273,-2.240210,20.000000
1.107000,15,"LINK_TORSO_YAW",1.004000,0.200000,0.103000,0.000000,-20.000000,0.000000,20.000000,0.000000,0.000000,0.000000,0.000000,0.012160,0.000000,0.910900,-8.239571,-18.084501,-2.249508,20.000000
1.108000,15,"LINK_TORSO_YAW",1.004000,0.200000,0.104000,0.000000,-20.000000,0.000000,20.000000,0.000000,0.000000,0.000000,0.000000,0.012160,0.000000,0.910900,-8.243197,-18.081721,-2.258555,20.000000
1.109000,15,"LINK_TORSO_YAW",1.004000,0.200000,0.105000,0.000000,-20.000000,0.000000,20.000000,0.000000,0.000000,0.000000,0.000000,0.012160,0.000000,0.910900,-8.246874,-18.078936,-2.267408,20.000000
1.110000,15,"LINK_TORSO_YAW",1.004000,0.200000,0.106000,0.000000,-20.000000,0.000000,20.000000,0.000000,0.000000,0.000000,0.000000,0.012160,0.000000,0.910900,-8.250643,-18.076129,-2.276062,20.000000
1.111000,15,"LINK_TORSO_YAW",1.004000,0.200000,0.107000,0.000000,-20.000000,0.000000,20.000000,0.000000,0.000000,0.000000,0.000000,0.012160,0.000000,0.910900,-8.254396,-18.073381,-2.284257,20.000000
1.112000,15,"LINK_TORSO_YAW",1.004000,0.200000,0.108000,0.000000,-20.000000,0.000000,20.000000,0.000000,0.000000,0.000000,0.000000,0.012160,0.000000,0.910900,-8.258234,-18.070642,-2.292049,20.000000
1.113000,15,"LINK_TORSO_YAW",1.004000,0.200000,0.109000,0.000000,-20.000000,0.000000,20.000000,0.000000,0.000000,0.000000,0.000000,0.012160,0.000000,0.910900,-8.260683,-18.067830,-2.305346,20.000000
1.114000,15,"LINK_TORSO_YAW",1.004000,0.200000,0.110000,0.000000,-20.000000,0.000000,20.000000,0.000000,0.000000,0.000000,0.000000,0.012160,0.000000,0.910900,-8.262913,-18.064982,-2.319631,20.000000
1.115000,15,"LINK_TORSO_YAW",1.004000,0.200000,0.111000,0.000000,-20.000000,0.000000,20.000000,0.000000,0.000000,0.000000,0.000000,0.012160,0.000000,0.910900,-8.265252,-18.062075,-2.333892,20.000000
1.116000,15,"LINK_TORSO_YAW",1.004000,0.200000,0.112000,0.000000,-20.000000,0.000000,20.000000,0.000000,0.000000,0.000000,0.000000,0.012160,0.000000,0.910900,-8.267703,-18.059140,-2.347883,20.000000
1.117000,15,"LINK_TORSO_YAW",1.004000,0.200000,0.113000,0.000000,-20.000000,0.000000,20.000000,0.000000,0.000000,0.000000,0.000000,0.012160,0.000000,0.910900,-8.270278,-18.056228,-2.361176,20.000000
1.118000,15,"LINK_TORSO_YAW",1.004000,0.200000,0.114000,0.000000,-20.000000,0.000000,20.000000,0.000000,0.000000,0.000000,0.000000,0.012160,0.000000,0.910900,-8.272916,-18.053337,-2.374002,20.000000
1.119000,15,"LINK_TORSO_YAW",1.004000,0.200000,0.115000,0.000000,-20.000000,0.000000,20.000000,0.000000,0.000000,0.000000,0.000000,0.012160,0.000000,0.910900,-8.275559,-18.050488,-2.386418,20.000000
1.120000,15,"LINK_TORSO_YAW",1.004000,0.200000,0.116000,0.000000,-20.000000,0.000000,20.000000,0.000000,0.000000,0.000000,0.000000,0.012160,0.000000,0.910900,-8.278128,-18.047708,-2.398503,20.000000
1.121000,15,"LINK_TORSO_YAW",1.004000,0.200000,0.117000,0.000000,-20.000000,0.000000,20.000000,0.000000,0.000000,0.000000,0.000000,0.012160,0.000000,0.910900,-8.280654,-18.044991,-2.410199,20.000000
1.122000,15,"LINK_TORSO_YAW",1.004000,0.200000,0.118000,0.000000,-20.000000,0.000000,20.000000,0.000000,0.000000,0.000000,0.000000,0.012160,0.000000,0.910900,-8.283282,-18.042322,-2.421123,20.000000
1.123000,15,"LINK_TORSO_YAW",1.004000,0.200000,0.119000,0.000000,-20.000000,0.000000,20.000000,0.000000,0.000000,0.000000,0.000000,0.012160,0.000000,0.910900,-8.285998,-18.039707,-2.431297,20.000000
1.124000,15,"LINK_TORSO_YAW",1.004000,0.200000,0.120000,0.000000,-20.000000,0.000000,20.000000,0.000000,0.000000,0.000000,0.000000,0.012160,0.000000,0.910900,-8.288840,-18.037115,-2.440822,20.000000
1.125000,15,"LINK_TORSO_YAW",1.004000,0.200000,0.121000,0.000000,-20.000000,0.000000,20.000000,0.000000,0.000000,0.000000,0.000000,0.012160,0.000000,0.910900,-8.291745,-18.034584,-2.449643,20.000000
1.126000,15,"LINK_TORSO_YAW",1.004000,0.200000,0.122000,0.000000,-20.000000,0.000000,20.000000,0.000000,0.000000,0.000000,0.000000,0.012160,0.000000,0.910900,-8.295078,-18.031939,-2.457813,20.000000
1.127000,15,"LINK_TORSO_YAW",1.004000,0.200000,0.123000,0.000000,-20.000000,0.000000,20.000000,0.000000,0.000000,0.000000,0.000000,0.012160,0.000000,0.910900,-8.298428,-18.029376,-2.465298,20.000000
1.128000,15,"LINK_TORSO_YAW",1.004000,0.200000,0.124000,0.000000,-20.000000,0.000000,20.000000,0.000000,0.000000,0.000000,0.000000,0.012160,0.000000,0.910900,-8.301919,-18.026830,-2.472157,20.000000
1.129000,15,"LINK_TORSO_YAW",1.004000,0.200000,0.125000,0.000000,-20.000000,0.000000,20.000000,0.000000,0.000000,0.000000,0.000000,0.012160,0.000000,0.910900,-8.305493,-18.024332,-2.478352,20.000000
1.130000,15,"LINK_TORSO_YAW",1.004000,0.200000,0.126000,0.000000,-20.000000,0.000000,20.000000,0.000000,0.000000,0.000000,0.000000,0.012160,0.000000,0.910900,-8.309057,-18.021927,-2.483893,20.000000
1.131000,15,"LINK_TORSO_YAW",1.004000,0.200000,0.127000,0.000000,-20.000000,0.000000,20.000000,0.000000,0.000000,0.000000,0.000000,0.012160,0.000000,0.910900,-8.312529,-18.019644,-2.488833,20.000000
1.132000,15,"LINK_TORSO_YAW",1.004000,0.200000,0.128000,0.000000,-20.000000,0.000000,20.000000,0.000000,0.000000,0.000000,0.000000,0.012160,0.000000,0.910900,-8.316072,-18.017485,-2.492624,20.000000
1.133000,15,"LINK_TORSO_YAW",1.004000,0.200000,0.129000,0.000000,-20.000000,0.000000,20.000000,0.000000,0.000000,0.000000,0.000000,0.012160,0.000000,0.910900,-8.319698,-18.015281,-2.496453,20.000000
1.134000,15,"LINK_TORSO_YAW",1.004000,0.200000,0.130000,0.000000,-20.000000,0.000000,20.000000,0.000000,0.000000,0.000000,0.000000,0.012160,0.000000,0.910900,-8.323245,-18.013186,-2.499742,20.000000
1.136000,15,"LINK_TORSO_YAW",1.004000,0.200000,0.132000,0.000000,-20.000000,0.000000,20.000000,0.000000,0.000000,0.000000,0.000000,0.012160,0.000000,0.910900,-8.330255,-18.009445,-2.503346,20.000000
1.137000,15,"LINK_TORSO_YAW",1.004000,0.200000,0.133000,0.000000,-20.000000,0.000000,20.000000,0.000000,0.000000,0.000000,0.000000,0.012160,0.000000,0.910900,-8.333607,-18.007772,-2.504228,20.000000
1.138000,15,"LINK_TORSO_YAW",1.004000,0.200000,0.134000,0.000000,-20.000000,0.000000,20.000000,0.000000,0.000000,0.000000,0.000000,0.012160,0.000000,0.910900,-8.336838,-18.006241,-2.504480,20.000000
1.139000,15,"LINK_TORSO_YAW",1.004000,0.200000,0.135000,0.000000,-20.000000,0.000000,20.000000,0.000000,0.000000,0.000000,0.000000,0.012160,0.000000,0.910900,-8.340158,-18.004842,-2.503482,20.000000
1.140000,15,"LINK_TORSO_YAW",1.004000,0.200000,0.136000,0.000000,-20.000000,0.000000,20.000000,0.000000,0.000000,0.000000,0.000000,0.012160,0.000000,0.910900,-8.343279,-18.003544,-2.502416,20.000000
1.141000,15,"LINK_TORSO_YAW",1.004000,0.200000,0.137000,0.000000,-20.000000,0.000000,20.000000,0.000000,0.000000,0.000000,0.000000,0.012160,0.000000,0.910900,-8.346419,-18.002398,-2.500191,20.000000
1.143000,15,"LINK_TORSO_YAW",1.004000,0.200000,0.139000,0.000000,-20.000000,0.000000,20.000000,0.000000,0.000000,0.000000,0.000000,0.012160,0.000000,0.910900,-8.352187,-18.000498,-2.494603,20.000000
1.144000,15,"LINK_TORSO_YAW",1.004000,0.200000,0.140000,0.000000,-20.000000,0.000000,20.000000,0.000000,0.000000,0.000000,0.000000,0.012160,0.000000,0.910900,-8.355077,-17.999829,-2.489748,20.000000
1.145000,15,"LINK_TORSO_YAW",1.004000,0.200000,0.141000,0.000000,-20.000000,0.000000,20.000000,0.000000,0.000000,0.000000,0.000000,0.012160,0.000000,0.910900,-8.357615,-17.999255,-2.485376,20.000000
1.149000,15,"LINK_TORSO_YAW",1.004000,0.200000,0.145000,0.000000,-20.000000,0.000000,20.000000,0.000000,0.000000,0.000000,0.000000,0.012160,0.000000,0.910900,-8.365584,-17.999009,-2.460218,20.000000
1.153000,15,"LINK_TORSO_YAW",1.004000,0.200000,0.149000,0.000000,-20.000000,0.000000,20.000000,0.000000,0.000000,0.000000,0.000000,0.012160,0.000000,0.910900,-8.368504,-18.002450,-2.424858,20.000000
1.154000,15,"LINK_TORSO_YAW",1.004000,0.200000,0.150000,0.000000,-20.000000,0.000000,20.000000,0.000000,0.000000,0.000000,0.000000,0.012160,0.000000,0.910900,-8.368224,-18.004095,-2.413586,20.000000
1.155000,15,"LINK_TORSO_YAW",1.004000,0.200000,0.151000,0.000000,-20.000000,0.000000,20.000000,0.000000,0.000000,0.000000,0.000000,0.012160,0.000000,0.910900,-8.367341,-18.005845,-2.403575,20.000000
1.161000,15,"LINK_TORSO_YAW",1.004000,0.200000,0.157000,0.000000,-20.000000,0.000000,20.000000,0.000000,0.000000,0.000000,0.000000,0.012160,0.000000,0.910900,-8.357160,-18.020678,-2.326597,20.000000
1.170000,15,"LINK_TORSO_YAW",1.004000,0.200000,0.166000,0.000000,-20.000000,0.000000,20.000000,0.000000,0.000000,0.000000,0.000000,0.012160,0.000000,0.910900,-8.312739,-18.058766,-2.186171,20.000000
1.179000,15,"LINK_TORSO_YAW",1.004000,0.200000,0.175000,0.000000,-20.000000,0.000000,20.000000,0.000000,0.000000,0.000000,0.000000,0.012160,0.000000,0.910900,-8.231322,-18.110964,-2.058717,20.000000
1.188000,15,"LINK_TORSO_YAW",1.004000,0.200000,0.184000,0.000000,-20.000000,0.000000,20.000000,0.000000,0.000000,0.000000,0.000000,0.012160,0.000000,0.910900,-8.119382,-18.170181,-1.979940,20.000000
1.196000,15,"LINK_TORSO_YAW",1.004000,0.200000,0.192000,0.000000,-20.000000,0.000000,20.000000,0.000000,0.000000,0.000000,0.000000,0.012160,0.000000,0.910900,-7.996781,-18.226348,-1.962582,20.000000
1.203000,15,"LINK_TORSO_YAW",1.004000,0.200000,0.199000,0.000000,-20.000000,0.000000,20.000000,0.000000,0.000000,0.000000,0.000000,0.012160,0.000000,0.910900,-7.877809,-18.274602,-1.994753,20.000000
1.205000,15,"LINK_TORSO_YAW",1.004000,0.200000,0.201000,0.000000,-20.000000,0.000000,20.000000,0.000000,0.000000,0.000000,0.000000,0.012160,0.000000,0.910900,-7.840497,-18.288515,-2.014154,20.000000
1.210000,16,"LINK_TORSO_YAW",1.205000,0.200000,0.005000,0.000000,-20.000000,0.000000,20.000000,0.000000,0.000000,0.000000,0.000000,0.012160,0.000000,0.910900,-7.749398,-18.320133,-2.078355,20.000000
1.216000,16,"LINK_TORSO_YAW",1.205000,0.200000,0.011000,0.000000,-20.000000,0.000000,20.000000,0.000000,0.000000,0.000000,0.000000,0.012160,0.000000,0.910900,-7.630938,-18.357242,-2.186425,20.000000
1.221000,16,"LINK_TORSO_YAW",1.205000,0.200000,0.016000,0.000000,-20.000000,0.000000,20.000000,0.000000,0.000000,0.000000,0.000000,0.012160,0.000000,0.910900,-7.528556,-18.385401,-2.301715,20.000000
1.225000,16,"LINK_TORSO_YAW",1.205000,0.200000,0.020000,0.000000,-20.000000,0.000000,20.000000,0.000000,0.000000,0.000000,0.000000,0.012160,0.000000,0.910900,-7.441346,-18.407010,-2.410052,20.000000
1.226000,16,"LINK_TORSO_YAW",1.205000,0.200000,0.021000,0.000000,-20.000000,0.000000,20.000000,0.000000,0.000000,0.000000,0.000000,0.012160,0.000000,0.910900,-7.420293,-18.411649,-2.439355,20.000000
1.227000,16,"LINK_TORSO_YAW",1.205000,0.200000,0.022000,0.000000,-20.000000,0.000000,20.000000,0.000000,0.000000,0.000000,0.000000,0.012160,0.000000,0.910900,-7.397102,-18.416832,-2.470459,20.000000
1.228000,16,"LINK_TORSO_YAW",1.205000,0.200000,0.023000,0.000000,-20.000000,0.000000,20.000000,0.000000,0.000000,0.000000,0.000000,0.012160,0.000000,0.910900,-7.374224,-18.421666,-2.502606,20.000000
1.231000,16,"LINK_TORSO_YAW",1.205000,0.200000,0.026000,0.000000,-20.000000,0.000000,20.000000,0.000000,0.000000,0.000000,0.000000,0.012160,0.000000,0.910900,-7.307345,-18.434274,-2.603888,20.000000
1.236000,16,"LINK_TORSO_YAW",1.205000,0.200000,0.031000,0.000000,-20.000000,0.000000,20.000000,0.000000,0.000000,0.000000,0.000000,0.012160,0.000000,0.910900,-7.191871,-18.451051,-2.799237,20.000000
1.237000,16,"LINK_TORSO_YAW",1.205000,0.200000,0.032000,0.000000,-20.000000,0.000000,20.000000,0.000000,0.000000,0.000000,0.000000,0.012160,0.000000,0.910900,-7.167176,-18.454025,-2.842633,20.000000
1.240000,16,"LINK_TORSO_YAW",1.205000,0.200000,0.035000,0.000000,-20.000000,0.000000,20.000000,0.000000,0.000000,0.000000,0.000000,0.012160,0.000000,0.910900,-7.092753,-18.461106,-2.980006,20.000000
1.244000,16,"LINK_TORSO_YAW",1.205000,0.200000,0.039000,0.000000,-20.000000,0.000000,20.000000,0.000000,0.000000,0.000000,0.000000,0.012160,0.000000,0.910900,-6.990923,-18.466076,-3.182928,20.000000
1.245000,16,"LINK_TORSO_YAW",1.205000,0.200000,0.040000,0.000000,-20.000000,0.000000,20.000000,0.000000,0.000000,0.000000,0.000000,0.012160,0.000000,0.910900,-6.964595,-18.466590,-3.237201,20.000000
1.248000,16,"LINK_TORSO_YAW",1.205000,0.200000,0.043000,0.000000,-20.000000,0.000000,20.000000,0.000000,0.000000,0.000000,0.000000,0.012160,0.000000,0.910900,-6.886630,-18.465154,-3.407699,20.000000
1.250000,16,"LINK_TORSO_YAW",1.205000,0.200000,0.045000,0.000000,-20.000000,0.000000,20.000000,0.000000,0.000000,0.000000,0.000000,0.012160,0.000000,0.910900,-6.833822,-18.461983,-3.529032,20.000000
1.251000,16,"LINK_TORSO_YAW",1.205000,0.200000,0.046000,0.000000,-20.000000,0.000000,20.000000,0.000000,0.000000,0.000000,0.000000,0.012160,0.000000,0.910900,-6.807387,-18.459788,-3.591058,20.000000
1.252000,16,"LINK_TORSO_YAW",1.205000,0.200000,0.047000,0.000000,-20.000000,0.000000,20.000000,0.000000,0.000000,0.000000,0.000000,0.012160,0.000000,0.910900,-6.780028,-18.457438,-3.654340,20.000000
1.253000,16,"LINK_TORSO_YAW",1.205000,0.200000,0.048000,0.000000,-20.000000,0.000000,20.000000,0.000000,0.000000,0.000000,0.000000,0.012160,0.000000,0.910900,-6.752822,-18.454596,-3.718503,20.000000
1.254000,16,"LINK_TORSO_YAW",1.205000,0.200000,0.049000,0.000000,-20.000000,0.000000,20.000000,0.000000,0.000000,0.000000,0.000000,0.012160,0.000000,0.910900,-6.726481,-18.451637,-3.780418,20.000000
1.255000,16,"LINK_TORSO_YAW",1.205000,0.200000,0.050000,0.000000,-20.000000,0.000000,20.000000,0.000000,0.000000,0.000000,0.000000,0.012160,0.000000,0.910900,-6.699967,-18.448817,-3.840781,20.000000
1.256000,16,"LINK_TORSO_YAW",1.205000,0.200000,0.051000,0.000000,-20.000000,0.000000,20.000000,0.000000,0.000000,0.000000,0.000000,0.012160,0.000000,0.910900,-6.674216,-18.445763,-3.899828,20.000000
1.257000,16,"LINK_TORSO_YAW",1.205000,0.200000,0.052000,0.000000,-20.000000,0.000000,20.000000,0.000000,0.000000,0.000000,0.000000,0.012160,0.000000,0.910900,-6.648374,-18.442713,-3.957962,20.000000
1.258000,16,"LINK_TORSO_YAW",1.205000,0.200000,0.053000,0.000000,-20.000000,0.000000,20.000000,0.000000,0.000000,0.000000,0.000000,0.012160,0.000000,0.910900,-6.623204,-18.439622,-4.014162,20.000000
1.259000,16,"LINK_TORSO_YAW",1.205000,0.200000,0.054000,0.000000,-20.000000,0.000000,20.000000,0.000000,0.000000,0.000000,0.000000,0.012160,0.000000,0.910900,-6.597280,-18.436901,-4.068980,20.000000
1.260000,16,"LINK_TORSO_YAW",1.205000,0.200000,0.055000,0.000000,-20.000000,0.000000,20.000000,0.000000,0.000000,0.000000,0.000000,0.012160,0.000000,0.910900,-6.571872,-18.434125,-4.122319,20.000000
1.261000,16,"LINK_TORSO_YAW",1.205000,0.200000,0.056000,0.000000,-20.000000,0.000000,20.000000,0.000000,0.000000,0.000000,0.000000,0.012160,0.000000,0.910900,-6.545502,-18.431719,-4.174702,20.000000
1.262000,16,"LINK_TORSO_YAW",1.205000,0.200000,0.057000,0.000000,-20.000000,0.000000,20.000000,0.000000,0.000000,0.000000,0.000000,0.012160,0.000000,0.910900,-6.519024,-18.429404,-4.226037,20.000000
1.263000,16,"LINK_TORSO_YAW",1.205000,0.200000,0.058000,0.000000,-20.000000,0.000000,20.000000,0.000000,0.000000,0.000000,0.000000,0.012160,0.000000,0.910900,-6.492961,-18.427005,-4.276325,20.000000
1.264000,16,"LINK_TORSO_YAW",1.205000,0.200000,0.059000,0.000000,-20.000000,0.000000,20.000000,0.000000,0.000000,0.000000,0.000000,0.012160,0.000000,0.910900,-6.465908,-18.424984,-4.325737,20.000000
1.265000,16,"LINK_TORSO_YAW",1.205000,0.200000,0.060000,0.000000,-20.000000,0.000000,20.000000,0.000000,0.000000,0.000000,0.000000,0.012160,0.000000,0.910900,-6.438727,-18.423020,-4.374372,20.000000
1.266000,16,"LINK_TORSO_YAW",1.205000,0.200000,0.061000,0.000000,-20.000000,0.000000,20.000000,0.000000,0.000000,0.000000,0.000000,0.012160,0.000000,0.910900,-6.411374,-18.421114,-4.422311,20.000000
1.267000,16,"LINK_TORSO_YAW",1.205000,0.200000,0.062000,0.000000,-20.000000,0.000000,20.000000,0.000000,0.000000,0.000000,0.000000,0.012160,0.000000,0.910900,-6.383869,-18.419233,-4.469685,20.000000
1.268000,16,"LINK_TORSO_YAW",1.205000,0.200000,0.063000,0.000000,-20.000000,0.000000,20.000000,0.000000,0.000000,0.000000,0.000000,0.012160,0.000000,0.910900,-6.356781,-18.417136,-4.516685,20.000000
1.269000,16,"LINK_TORSO_YAW",1.205000,0.200000,0.064000,0.000000,-20.000000,0.000000,20.000000,0.000000,0.000000,0.000000,0.000000,0.012160,0.000000,0.910900,-6.328994,-18.415330,-4.562834,20.000000
1.270000,16,"LINK_TORSO_YAW",1.205000,0.200000,0.065000,0.000000,-20.000000,0.000000,20.000000,0.000000,0.000000,0.000000,0.000000,0.012160,0.000000,0.910900,-6.301239,-18.413508,-4.608375,20.000000
1.271000,16,"LINK_TORSO_YAW",1.205000,0.200000,0.066000,0.000000,-20.000000,0.000000,20.000000,0.000000,0.000000,0.000000,0.000000,0.012160,0.000000,0.910900,-6.273516,-18.411653,-4.653389,20.000000
1.272000,16,"LINK_TORSO_YAW",1.205000,0.200000,0.067000,0.000000,-20.000000,0.000000,20.000000,0.000000,0.000000,0.000000,0.000000,0.012160,0.000000,0.910900,-6.246351,-18.409554,-4.698024,20.000000
1.273000,16,"LINK_TORSO_YAW",1.205000,0.200000,0.068000,0.000000,-20.000000,0.000000,20.000000,0.000000,0.000000,0.000000,0.000000,0.012160,0.000000,0.910900,-6.218564,-18.407660,-4.742100,20.000000
1.274000,16,"LINK_TORSO_YAW",1.205000,0.200000,0.069000,0.000000,-20.000000,0.000000,20.000000,0.000000,0.000000,0.000000,0.000000,0.012160,0.000000,0.910900,-6.190856,-18.405683,-4.785827,20.000000
1.275000,16,"LINK_TORSO_YAW",1.205000,0.200000,0.070000,0.000000,-20.000000,0.000000,20.000000,0.000000,0.000000,0.000000,0.000000,0.012160,0.000000,0.910900,-6.163240,-18.403605,-4.829262,20.000000
1.276000,16,"LINK_TORSO_YAW",1.205000,0.200000,0.071000,0.000000,-20.000000,0.000000,20.000000,0.000000,0.000000,0.000000,0.000000,0.012160,0.000000,0.910900,-6.136299,-18.401193,-4.872571,20.000000
1.277000,16,"LINK_TORSO_YAW",1.205000,0.200000,0.072000,0.000000,-20.000000,0.000000,20.000000,0.000000,0.000000,0.000000,0.000000,0.012160,0.000000,0.910900,-6.108808,-18.398913,-4.915533,20.000000
1.278000,16,"LINK_TORSO_YAW",1.205000,0.200000,0.073000,0.000000,-20.000000,0.000000,20.000000,0.000000,0.000000,0.000000,0.000000,0.012160,0.000000,0.910900,-6.081497,-18.396544,-4.958079,20.000000
1.279000,16,"LINK_TORSO_YAW",1.205000,0.200000,0.074000,0.000000,-20.000000,0.000000,20.000000,0.000000,0.000000,0.000000,0.000000,0.012160,0.000000,0.910900,-6.054927,-18.393864,-5.000361,20.000000
1.280000,16,"LINK_TORSO_YAW",1.205000,0.200000,0.075000,0.000000,-20.000000,0.000000,20.000000,0.000000,0.000000,0.000000,0.000000,0.012160,0.000000,0.910900,-6.027865,-18.391340,-5.042166,20.000000
1.281000,16,"LINK_TORSO_YAW",1.205000,0.200000,0.076000,0.000000,-20.000000,0.000000,20.000000,0.000000,0.000000,0.000000,0.000000,0.012160,0.000000,0.910900,-6.001514,-18.388501,-5.083784,20.000000
1.282000,16,"LINK_TORSO_YAW",1.205000,0.200000,0.077000,0.000000,-20.000000,0.000000,20.000000,0.000000,0.000000,0.000000,0.000000,0.012160,0.000000,0.910900,-5.974732,-18.385774,-5.125025,20.000000
1.283000,16,"LINK_TORSO_YAW",1.205000,0.200000,0.078000,0.000000,-20.000000,0.000000,20.000000,0.000000,0.000000,0.000000,0.000000,0.012160,0.000000,0.910900,-5.948672,-18.382715,-5.166150,20.000000
1.284000,16,"LINK_TORSO_YAW",1.205000,0.200000,0.079000,0.000000,-20.000000,0.000000,20.000000,0.000000,0.000000,0.000000,0.000000,0.012160,0.000000,0.910900,-5.922193,-18.379754,-5.206944,20.000000
1.285000,16,"LINK_TORSO_YAW",1.205000,0.200000,0.080000,0.000000,-20.000000,0.000000,20.000000,0.000000,0.000000,0.000000,0.000000,0.012160,0.000000,0.910900,-5.896433,-18.376454,-5.247670,20.000000
1.286000,16,"LINK_TORSO_YAW",1.205000,0.200000,0.081000,0.000000,-20.000000,0.000000,20.000000,0.000000,0.000000,0.000000,0.000000,0.012160,0.000000,0.910900,-5.870277,-18.373223,-5.288150,20.000000
1.287000,16,"LINK_TORSO_YAW",1.205000,0.200000,0.082000,0.000000,-20.000000,0.000000,20.000000,0.000000,0.000000,0.000000,0.000000,0.012160,0.000000,0.910900,-5.844859,-18.369631,-5.328628,20.000000
1.288000,16,"LINK_TORSO_YAW",1.205000,0.200000,0.083000,0.000000,-20.000000,0.000000,20.000000,0.000000,0.000000,0.000000,0.000000,0.012160,0.000000,0.910900,-5.820733,-18.365391,-5.369494,20.000000
1.289000,16,"LINK_TORSO_YAW",1.205000,0.200000,0.084000,0.000000,-20.000000,0.000000,20.000000,0.000000,0.000000,0.000000,0.000000,0.012160,0.000000,0.910900,-5.795472,-18.361593,-5.409658,20.000000
1.290000,16,"LINK_TORSO_YAW",1.205000,0.200000,0.085000,0.000000,-20.000000,0.000000,20.000000,0.000000,0.000000,0.000000,0.000000,0.012160,0.000000,0.910900,-5.770569,-18.357686,-5.449396,20.000000
1.291000,16,"LINK_TORSO_YAW",1.205000,0.200000,0.086000,0.000000,-20.000000,0.000000,20.000000,0.000000,0.000000,0.000000,0.000000,0.012160,0.000000,0.910900,-5.746458,-18.353506,-5.488811,20.000000
1.292000,16,"LINK_TORSO_YAW",1.205000,0.200000,0.087000,0.000000,-20.000000,0.000000,20.000000,0.000000,0.000000,0.000000,0.000000,0.012160,0.000000,0.910900,-5.721966,-18.349479,-5.527723,20.000000
1.293000,16,"LINK_TORSO_YAW",1.205000,0.200000,0.088000,0.000000,-20.000000,0.000000,20.000000,0.000000,0.000000,0.000000,0.000000,0.012160,0.000000,0.910900,-5.698431,-18.345103,-5.566423,20.000000
1.294000,16,"LINK_TORSO_YAW",1.205000,0.200000,0.089000,0.000000,-20.000000,0.000000,20.000000,0.000000,0.000000,0.000000,0.000000,0.012160,0.000000,0.910900,-5.675701,-18.340431,-5.604908,20.000000
1.295000,16,"LINK_TORSO_YAW",1.205000,0.200000,0.090000,0.000000,-20.000000,0.000000,20.000000,0.000000,0.000000,0.000000,0.000000,0.012160,0.000000,0.910900,-5.651906,-18.336145,-5.642850,20.000000
1.296000,16,"LINK_TORSO_YAW",1.205000,0.200000,0.091000,0.000000,-20.000000,0.000000,20.000000,0.000000,0.000000,0.000000,0.000000,0.012160,0.000000,0.910900,-5.628889,-18.331542,-5.680684,20.000000
1.297000,16,"LINK_TORSO_YAW",1.205000,0.200000,0.092000,0.000000,-20.000000,0.000000,20.000000,0.000000,0.000000,0.000000,0.000000,0.012160,0.000000,0.910900,-5.606604,-18.326643,-5.718406,20.000000
1.298000,16,"LINK_TORSO_YAW",1.205000,0.200000,0.093000,0.000000,-20.000000,0.000000,20.000000,0.000000,0.000000,0.000000,0.000000,0.012160,0.000000,0.910900,-5.583268,-18.322098,-5.755678,20.000000
1.299000,16,"LINK_TORSO_YAW",1.205000,0.200000,0.094000,0.000000,-20.000000,0.000000,20.000000,0.000000,0.000000,0.000000,0.000000,0.012160,0.000000,0.910900,-5.560824,-18.317298,-5.792567,20.000000
1.300000,16,"LINK_TORSO_YAW",1.205000,0.200000,0.095000,0.000000,-20.000000,0.000000,20.000000,0.000000,0.000000,0.000000,0.000000,0.012160,0.000000,0.910900,-5.539012,-18.312295,-5.829169,20.000000
1.301000,16,"LINK_TORSO_YAW",1.205000,0.200000,0.096000,0.000000,-20.000000,0.000000,20.000000,0.000000,0.000000,0.000000,0.000000,0.012160,0.000000,0.910900,-5.516107,-18.307732,-5.865111,20.000000
1.302000,16,"LINK_TORSO_YAW",1.205000,0.200000,0.097000,0.000000,-20.000000,0.000000,20.000000,0.000000,0.000000,0.000000,0.000000,0.012160,0.000000,0.910900,-5.494034,-18.302898,-5.900807,20.000000
1.303000,16,"LINK_TORSO_YAW",1.205000,0.200000,0.098000,0.000000,-20.000000,0.000000,20.000000,0.000000,0.000000,0.000000,0.000000,0.012160,0.000000,0.910900,-5.472790,-18.297785,-5.936298,20.000000
1.304000,16,"LINK_TORSO_YAW",1.205000,0.200000,0.099000,0.000000,-20.000000,0.000000,20.000000,0.000000,0.000000,0.000000,0.000000,0.012160,0.000000,0.910900,-5.450579,-18.293055,-5.971209,20.000000
1.305000,16,"LINK_TORSO_YAW",1.205000,0.200000,0.100000,0.000000,-20.000000,0.000000,20.000000,0.000000,0.000000,0.000000,0.000000,0.012160,0.000000,0.910900,-5.429064,-18.288059,-6.006012,20.000000
1.306000,16,"LINK_TORSO_YAW",1.205000,0.200000,0.101000,0.000000,-20.000000,0.000000,20.000000,0.000000,0.000000,0.000000,0.000000,0.012160,0.000000,0.910900,-5.408417,-18.282751,-6.040699,20.000000
1.307000,16,"LINK_TORSO_YAW",1.205000,0.200000,0.102000,0.000000,-20.000000,0.000000,20.000000,0.000000,0.000000,0.000000,0.000000,0.012160,0.000000,0.910900,-5.386674,-18.277826,-6.074934,20.000000
1.308000,16,"LINK_TORSO_YAW",1.205000,0.200000,0.103000,0.000000,-20.000000,0.000000,20.000000,0.000000,0.000000,0.000000,0.000000,0.012160,0.000000,0.910900,-5.365922,-18.272549,-6.109077,20.000000
1.309000,16,"LINK_TORSO_YAW",1.205000,0.200000,0.104000,0.000000,-20.000000,0.000000,20.000000,0.000000,0.000000,0.000000,0.000000,0.012160,0.000000,0.910900,-5.345883,-18.266975,-6.143221,20.000000
1.310000,16,"LINK_TORSO_YAW",1.205000,0.200000,0.105000,0.000000,-20.000000,0.000000,20.000000,0.000000,0.000000,0.000000,0.000000,0.012160,0.000000,0.910900,-5.324813,-18.261722,-6.177043,20.000000
1.311000,16,"LINK_TORSO_YAW",1.205000,0.200000,0.106000,0.000000,-20.000000,0.000000,20.000000,0.000000,0.000000,0.000000,0.000000,0.012160,0.000000,0.910900,-5.304808,-18.256183,-6.210540,20.000000
1.312000,16,"LINK_TORSO_YAW",1.205000,0.200000,0.107000,0.000000,-20.000000,0.000000,20.000000,0.000000,0.000000,0.000000,0.000000,0.012160,0.000000,0.910900,-5.285575,-18.250415,-6.243801,20.000000
1.313000,16,"LINK_TORSO_YAW",1.205000,0.200000,0.108000,0.000000,-20.000000,0.000000,20.000000,0.000000,0.000000,0.000000,0.000000,0.012160,0.000000,0.910900,-5.267322,-18.244363,-6.276824,20.000000
1.314000,16,"LINK_TORSO_YAW",1.205000,0.200000,0.109000,0.000000,-20.000000,0.000000,20.000000,0.000000,0.000000,0.000000,0.000000,0.012160,0.000000,0.910900,-5.247414,-18.238976,-6.309073,20.000000
1.315000,16,"LINK_TORSO_YAW",1.205000,0.200000,0.110000,0.000000,-20.000000,0.000000,20.000000,0.000000,0.000000,0.000000,0.000000,0.012160,0.000000,0.910900,-5.227890,-18.233470,-6.341113,20.000000
1.316000,16,"LINK_TORSO_YAW",1.205000,0.200000,0.111000,0.000000,-20.000000,0.000000,20.000000,0.000000,0.000000,0.000000,0.000000,0.012160,0.000000,0.910900,-5.209409,-18.227632,-6.373027,20.000000
1.317000,16,"LINK_TORSO_YAW",1.205000,0.200000,0.112000,0.000000,-20.000000,0.000000,20.000000,0.000000,0.000000,0.000000,0.000000,0.012160,0.000000,0.910900,-5.192070,-18.221443,-6.404798,20.000000
1.318000,16,"LINK_TORSO_YAW",1.205000,0.200000,0.113000,0.000000,-20.000000,0.000000,20.000000,0.000000,0.000000,0.000000,0.000000,0.012160,0.000000,0.910900,-5.175549,-18.214964,-6.436518,20.000000
1.319000,16,"LINK_TORSO_YAW",1.205000,0.200000,0.114000,0.000000,-20.000000,0.000000,20.000000,0.000000,0.000000,0.000000,0.000000,0.012160,0.000000,0.910900,-5.157503,-18.209055,-6.467649,20.000000
1.320000,16,"LINK_TORSO_YAW",1.205000,0.200000,0.115000,0.000000,-20.000000,0.000000,20.000000,0.000000,0.000000,0.000000,0.000000,0.012160,0.000000,0.910900,-5.140334,-18.202817,-6.498802,20.000000
1.321000,16,"LINK_TORSO_YAW",1.205000,0.200000,0.116000,0.000000,-20.000000,0.000000,20.000000,0.000000,0.000000,0.000000,0.000000,0.012160,0.000000,0.910900,-5.124288,-18.196296,-6.529661,20.000000
1.322000,16,"LINK_TORSO_YAW",1.205000,0.200000,0.117000,0.000000,-20.000000,0.000000,20.000000,0.000000,0.000000,0.000000,0.000000,0.012160,0.000000,0.910900,-5.109481,-18.189481,-6.560180,20.000000
1.323000,16,"LINK_TORSO_YAW",1.205000,0.200000,0.118000,0.000000,-20.000000,0.000000,20.000000,0.000000,0.000000,0.000000,0.000000,0.012160,0.000000,0.910900,-5.093075,-18.183302,-6.590002,20.000000
1.324000,16,"LINK_TORSO_YAW",1.205000,0.200000,0.119000,0.000000,-20.000000,0.000000,20.000000,0.000000,0.000000,0.000000,0.000000,0.012160,0.000000,0.910900,-5.077943,-18.176799,-6.619552,20.000000
1.325000,16,"LINK_TORSO_YAW",1.205000,0.200000,0.120000,0.000000,-20.000000,0.000000,20.000000,0.000000,0.000000,0.000000,0.000000,0.012160,0.000000,0.910900,-5.063813,-18.170003,-6.648970,20.000000
1.326000,16,"LINK_TORSO_YAW",1.205000,0.200000,0.121000,0.000000,-20.000000,0.000000,20.000000,0.000000,0.000000,0.000000,0.000000,0.012160,0.000000,0.910900,-5.050976,-18.162849,-6.678216,20.000000
1.327000,16,"LINK_TORSO_YAW",1.205000,0.200000,0.122000,0.000000,-20.000000,0.000000,20.000000,0.000000,0.000000,0.000000,0.000000,0.012160,0.000000,0.910900,-5.036608,-18.156255,-6.706935,20.000000
1.328000,16,"LINK_TORSO_YAW",1.205000,0.200000,0.123000,0.000000,-20.000000,0.000000,20.000000,0.000000,0.000000,0.000000,0.000000,0.012160,0.000000,0.910900,-5.023571,-18.149273,-6.735549,20.000000
1.329000,16,"LINK_TORSO_YAW",1.205000,0.200000,0.124000,0.000000,-20.000000,0.000000,20.000000,0.000000,0.000000,0.000000,0.000000,0.012160,0.000000,0.910900,-5.011434,-18.142063,-6.763955,20.000000
1.330000,16,"LINK_TORSO_YAW",1.205000,0.200000,0.125000,0.000000,-20.000000,0.000000,20.000000,0.000000,0.000000,0.000000,0.000000,0.012160,0.000000,0.910900,-5.000625,-18.134522,-6.792118,20.000000
1.331000,16,"LINK_TORSO_YAW",1.205000,0.200000,0.126000,0.000000,-20.000000,0.000000,20.000000,0.000000,0.000000,0.000000,0.000000,0.012160,0.000000,0.910900,-4.990739,-18.126734,-6.820119,20.000000
1.332000,16,"LINK_TORSO_YAW",1.205000,0.200000,0.127000,0.000000,-20.000000,0.000000,20.000000,0.000000,0.000000,0.000000,0.000000,0.012160,0.000000,0.910900,-4.979093,-18.119782,-6.847052,20.000000
1.333000,16,"LINK_TORSO_YAW",1.205000,0.200000,0.128000,0.000000,-20.000000,0.000000,20.000000,0.000000,0.000000,0.000000,0.000000,0.012160,0.000000,0.910900,-4.968537,-18.112616,-6.873631,20.000000
1.334000,16,"LINK_TORSO_YAW",1.205000,0.200000,0.129000,0.000000,-20.000000,0.000000,20.000000,0.000000,0.000000,0.000000,0.000000,0.012160,0.000000,0.910900,-4.959389,-18.105153,-6.899848,20.000000
1.335000,16,"LINK_TORSO_YAW",1.205000,0.200000,0.130000,0.000000,-20.000000,0.000000,20.000000,0.000000,0.000000,0.000000,0.000000,0.012160,0.000000,0.910900,-4.951195,-18.097500,-6.925761,20.000000
1.336000,16,"LINK_TORSO_YAW",1.205000,0.200000,0.131000,0.000000,-20.000000,0.000000,20.000000,0.000000,0.000000,0.000000,0.000000,0.012160,0.000000,0.910900,-4.944402,-18.089583,-6.951249,20.000000
1.337000,16,"LINK_TORSO_YAW",1.205000,0.200000,0.132000,0.000000,-20.000000,0.000000,20.000000,0.000000,0.000000,0.000000,0.000000,0.012160,0.000000,0.910900,-4.936194,-18.082357,-6.975840,20.000000
1.338000,16,"LINK_TORSO_YAW",1.205000,0.200000,0.133000,0.000000,-20.000000,0.000000,20.000000,0.000000,0.000000,0.000000,0.000000,0.012160,0.000000,0.910900,-4.928786,-18.074926,-7.000293,20.000000
1.339000,16,"LINK_TORSO_YAW",1.205000,0.200000,0.134000,0.000000,-20.000000,0.000000,20.000000,0.000000,0.000000,0.000000,0.000000,0.012160,0.000000,0.910900,-4.922682,-18.067232,-7.024409,20.000000
1.340000,16,"LINK_TORSO_YAW",1.205000,0.200000,0.135000,0.000000,-20.000000,0.000000,20.000000,0.000000,0.000000,0.000000,0.000000,0.012160,0.000000,0.910900,-4.918016,-18.059237,-7.048197,20.000000
1.341000,16,"LINK_TORSO_YAW",1.205000,0.200000,0.136000,0.000000,-20.000000,0.000000,20.000000,0.000000,0.000000,0.000000,0.000000,0.012160,0.000000,0.910900,-4.914300,-18.051052,-7.071716,20.000000
1.342000,16,"LINK_TORSO_YAW",1.205000,0.200000,0.137000,0.000000,-20.000000,0.000000,20.000000,0.000000,0.000000,0.000000,0.000000,0.012160,0.000000,0.910900,-4.912103,-18.042633,-7.094691,20.000000
1.343000,16,"LINK_TORSO_YAW",1.205000,0.200000,0.138000,0.000000,-20.000000,0.000000,20.000000,0.000000,0.000000,0.000000,0.000000,0.012160,0.000000,0.910900,-4.907899,-18.035198,-7.116470,20.000000
1.344000,16,"LINK_TORSO_YAW",1.205000,0.200000,0.139000,0.000000,-20.000000,0.000000,20.000000,0.000000,0.000000,0.000000,0.000000,0.012160,0.000000,0.910900,-4.904493,-18.027697,-7.137794,20.000000
1.345000,16,"LINK_TORSO_YAW",1.205000,0.200000,0.140000,0.000000,-20.000000,0.000000,20.000000,0.000000,0.000000,0.000000,0.000000,0.012160,0.000000,0.910900,-4.902439,-18.019997,-7.158617,20.000000
1.346000,16,"LINK_TORSO_YAW",1.205000,0.200000,0.141000,0.000000,-20.000000,0.000000,20.000000,0.000000,0.000000,0.000000,0.000000,0.012160,0.000000,0.910900,-4.901871,-18.012060,-7.178952,20.000000
1.347000,16,"LINK_TORSO_YAW",1.205000,0.200000,0.142000,0.000000,-20.000000,0.000000,20.000000,0.000000,0.000000,0.000000,0.000000,0.012160,0.000000,0.910900,-4.902787,-18.003875,-7.198830,20.000000
1.348000,16,"LINK_TORSO_YAW",1.205000,0.200000,0.143000,0.000000,-20.000000,0.000000,20.000000,0.000000,0.000000,0.000000,0.000000,0.012160,0.000000,0.910900,-4.904385,-17.995637,-7.218314,20.000000
1.349000,16,"LINK_TORSO_YAW",1.205000,0.200000,0.144000,0.000000,-20.000000,0.000000,20.000000,0.000000,0.000000,0.000000,0.000000,0.012160,0.000000,0.910900,-4.907507,-17.987119,-7.237399,20.000000
1.350000,16,"LINK_TORSO_YAW",1.205000,0.200000,0.145000,0.000000,-20.000000,0.000000,20.000000,0.000000,0.000000,0.000000,0.000000,0.012160,0.000000,0.910900,-4.908082,-17.979641,-7.255566,20.000000
1.351000,16,"LINK_TORSO_YAW",1.205000,0.200000,0.146000,0.000000,-20.000000,0.000000,20.000000,0.000000,0.000000,0.000000,0.000000,0.012160,0.000000,0.910900,-4.910221,-17.971840,-7.273424,20.000000
1.352000,16,"LINK_TORSO_YAW",1.205000,0.200000,0.147000,0.000000,-20.000000,0.000000,20.000000,0.000000,0.000000,0.000000,0.000000,0.012160,0.000000,0.910900,-4.913737,-17.963808,-7.290871,20.000000
1.353000,16,"LINK_TORSO_YAW",1.205000,0.200000,0.148000,0.000000,-20.000000,0.000000,20.000000,0.000000,0.000000,0.000000,0.000000,0.012160,0.000000,0.910900,-4.917886,-17.955834,-7.307697,20.000000
1.354000,16,"LINK_TORSO_YAW",1.205000,0.200000,0.149000,0.000000,-20.000000,0.000000,20.000000,0.000000,0.000000,0.000000,0.000000,0.012160,0.000000,0.910900,-4.923624,-17.947628,-7.323973,20.000000
1.355000,16,"LINK_TORSO_YAW",1.205000,0.200000,0.150000,0.000000,-20.000000,0.000000,20.000000,0.000000,0.000000,0.000000,0.000000,0.012160,0.000000,0.910900,-4.930799,-17.939244,-7.339669,20.000000
1.356000,16,"LINK_TORSO_YAW",1.205000,0.200000,0.151000,0.000000,-20.000000,0.000000,20.000000,0.000000,0.000000,0.000000,0.000000,0.012160,0.000000,0.910900,-4.938677,-17.930861,-7.354841,20.000000
1.357000,16,"LINK_TORSO_YAW",1.205000,0.200000,0.152000,0.000000,-20.000000,0.000000,20.000000,0.000000,0.000000,0.000000,0.000000,0.012160,0.000000,0.910900,-4.947991,-17.922280,-7.369482,20.000000
1.358000,16,"LINK_TORSO_YAW",1.205000,0.200000,0.153000,0.000000,-20.000000,0.000000,20.000000,0.000000,0.000000,0.000000,0.000000,0.012160,0.000000,0.910900,-4.955012,-17.914762,-7.383032,20.000000
1.359000,16,"LINK_TORSO_YAW",1.205000,0.200000,0.154000,0.000000,-20.000000,0.000000,20.000000,0.000000,0.000000,0.000000,0.000000,0.012160,0.000000,0.910900,-4.962814,-17.907170,-7.396198,20.000000
1.360000,16,"LINK_TORSO_YAW",1.205000,0.200000,0.155000,0.000000,-20.000000,0.000000,20.000000,0.000000,0.000000,0.000000,0.000000,0.012160,0.000000,0.910900,-4.972072,-17.899330,-7.408947,20.000000
1.361000,16,"LINK_TORSO_YAW",1.205000,0.200000,0.156000,0.000000,-20.000000,0.000000,20.000000,0.000000,0.000000,0.000000,0.000000,0.012160,0.000000,0.910900,-4.982780,-17.891231,-7.421304,20.000000
1.362000,16,"LINK_TORSO_YAW",1.205000,0.200000,0.157000,0.000000,-20.000000,0.000000,20.000000,0.000000,0.000000,0.000000,0.000000,0.012160,0.000000,0.910900,-4.994054,-17.883103,-7.433307,20.000000
1.363000,16,"LINK_TORSO_YAW",1.205000,0.200000,0.158000,0.000000,-20.000000,0.000000,20.000000,0.000000,0.000000,0.000000,0.000000,0.012160,0.000000,0.910900,-5.006713,-17.874713,-7.444962,20.000000
1.364000,16,"LINK_TORSO_YAW",1.205000,0.200000,0.159000,0.000000,-20.000000,0.000000,20.000000,0.000000,0.000000,0.000000,0.000000,0.012160,0.000000,0.910900,-5.020772,-17.866178,-7.455973,20.000000
1.365000,16,"LINK_TORSO_YAW",1.205000,0.200000,0.160000,0.000000,-20.000000,0.000000,20.000000,0.000000,0.000000,0.000000,0.000000,0.012160,0.000000,0.910900,-5.036218,-17.857490,-7.466363,20.000000
1.366000,16,"LINK_TORSO_YAW",1.205000,0.200000,0.161000,0.000000,-20.000000,0.000000,20.000000,0.000000,0.000000,0.000000,0.000000,0.012160,0.000000,0.910900,-5.051906,-17.848948,-7.476181,20.000000
1.368000,16,"LINK_TORSO_YAW",1.205000,0.200000,0.163000,0.000000,-20.000000,0.000000,20.000000,0.000000,0.000000,0.000000,0.000000,0.012160,0.000000,0.910900,-5.087400,-17.831238,-7.494353,20.000000
1.369000,16,"LINK_TORSO_YAW",1.205000,0.200000,0.164000,0.000000,-20.000000,0.000000,20.000000,0.000000,0.000000,0.000000,0.000000,0.012160,0.000000,0.910900,-5.103739,-17.823261,-7.502214,20.000000
1.370000,16,"LINK_TORSO_YAW",1.205000,0.200000,0.165000,0.000000,-20.000000,0.000000,20.000000,0.000000,0.000000,0.000000,0.000000,0.012160,0.000000,0.910900,-5.120478,-17.815310,-7.509690,20.000000
1.371000,16,"LINK_TORSO_YAW",1.205000,0.200000,0.166000,0.000000,-20.000000,0.000000,20.000000,0.000000,0.000000,0.000000,0.000000,0.012160,0.000000,0.910900,-5.138494,-17.807151,-7.516730,20.000000
1.372000,16,"LINK_TORSO_YAW",1.205000,0.200000,0.167000,0.000000,-20.000000,0.000000,20.000000,0.000000,0.000000,0.000000,0.000000,0.012160,0.000000,0.910900,-5.157768,-17.798778,-7.523359,20.000000
1.373000,16,"LINK_TORSO_YAW",1.205000,0.200000,0.168000,0.000000,-20.000000,0.000000,20.000000,0.000000,0.000000,0.000000,0.000000,0.012160,0.000000,0.910900,-5.178277,-17.790182,-7.529599,20.000000
1.374000,16,"LINK_TORSO_YAW",1.205000,0.200000,0.169000,0.000000,-20.000000,0.000000,20.000000,0.000000,0.000000,0.000000,0.000000,0.012160,0.000000,0.910900,-5.199069,-17.781612,-7.535512,20.000000
1.375000,16,"LINK_TORSO_YAW",1.205000,0.200000,0.170000,0.000000,-20.000000,0.000000,20.000000,0.000000,0.000000,0.000000,0.000000,0.012160,0.000000,0.910900,-5.221058,-17.772805,-7.541084,20.000000
1.376000,16,"LINK_TORSO_YAW",1.205000,0.200000,0.171000,0.000000,-20.000000,0.000000,20.000000,0.000000,0.000000,0.000000,0.000000,0.012160,0.000000,0.910900,-5.244174,-17.763734,-7.546416,20.000000
1.377000,16,"LINK_TORSO_YAW",1.205000,0.200000,0.172000,0.000000,-20.000000,0.000000,20.000000,0.000000,0.000000,0.000000,0.000000,0.012160,0.000000,0.910900,-5.268423,-17.754543,-7.551154,20.000000
1.378000,16,"LINK_TORSO_YAW",1.205000,0.200000,0.173000,0.000000,-20.000000,0.000000,20.000000,0.000000,0.000000,0.000000,0.000000,0.012160,0.000000,0.910900,-5.292840,-17.745492,-7.555353,20.000000
1.379000,16,"LINK_TORSO_YAW",1.205000,0.200000,0.174000,0.000000,-20.000000,0.000000,20.000000,0.000000,0.000000,0.000000,0.000000,0.012160,0.000000,0.910900,-5.318343,-17.736310,-7.559003,20.000000
1.380000,16,"LINK_TORSO_YAW",1.205000,0.200000,0.175000,0.000000,-20.000000,0.000000,20.000000,0.000000,0.000000,0.000000,0.000000,0.012160,0.000000,0.910900,-5.344905,-17.726992,-7.562125,20.000000
1.381000,16,"LINK_TORSO_YAW",1.205000,0.200000,0.176000,0.000000,-20.000000,0.000000,20.000000,0.000000,0.000000,0.000000,0.000000,0.012160,0.000000,0.910900,-5.372462,-17.717520,-7.564795,20.000000
1.382000,16,"LINK_TORSO_YAW",1.205000,0.200000,0.177000,0.000000,-20.000000,0.000000,20.000000,0.000000,0.000000,0.000000,0.000000,0.012160,0.000000,0.910900,-5.400981,-17.707891,-7.567034,20.000000
1.383000,16,"LINK_TORSO_YAW",1.205000,0.200000,0.178000,0.000000,-20.000000,0.000000,20.000000,0.000000,0.000000,0.000000,0.000000,0.012160,0.000000,0.910900,-5.429256,-17.698441,-7.568908,20.000000
1.384000,16,"LINK_TORSO_YAW",1.205000,0.200000,0.179000,0.000000,-20.000000,0.000000,20.000000,0.000000,0.000000,0.000000,0.000000,0.012160,0.000000,0.910900,-5.458435,-17.688829,-7.570391,20.000000
1.385000,16,"LINK_TORSO_YAW",1.205000,0.200000,0.180000,0.000000,-20.000000,0.000000,20.000000,0.000000,0.000000,0.000000,0.000000,0.012160,0.000000,0.910900,-5.488484,-17.679052,-7.571504,20.000000
1.386000,16,"LINK_TORSO_YAW",1.205000,0.200000,0.181000,0.000000,-20.000000,0.000000,20.000000,0.000000,0.000000,0.000000,0.000000,0.012160,0.000000,0.910900,-5.519386,-17.669213,-7.572007,20.000000
1.387000,16,"LINK_TORSO_YAW",1.205000,0.200000,0.182000,0.000000,-20.000000,0.000000,20.000000,0.000000,0.000000,0.000000,0.000000,0.012160,0.000000,0.910900,-5.549613,-17.659933,-7.571563,20.000000
1.388000,16,"LINK_TORSO_YAW",1.205000,0.200000,0.183000,0.000000,-20.000000,0.000000,20.000000,0.000000,0.000000,0.000000,0.000000,0.012160,0.000000,0.910900,-5.579642,-17.650835,-7.570707,20.000000
1.389000,16,"LINK_TORSO_YAW",1.205000,0.200000,0.184000,0.000000,-20.000000,0.000000,20.000000,0.000000,0.000000,0.000000,0.000000,0.012160,0.000000,0.910900,-5.610393,-17.641651,-7.569389,20.000000
1.390000,16,"LINK_TORSO_YAW",1.205000,0.200000,0.185000,0.000000,-20.000000,0.000000,20.000000,0.000000,0.000000,0.000000,0.000000,0.012160,0.000000,0.910900,-5.641825,-17.632377,-7.567634,20.000000
1.391000,16,"LINK_TORSO_YAW",1.205000,0.200000,0.186000,0.000000,-20.000000,0.000000,20.000000,0.000000,0.000000,0.000000,0.000000,0.012160,0.000000,0.910900,-5.673898,-17.623014,-7.565465,20.000000
1.392000,16,"LINK_TORSO_YAW",1.205000,0.200000,0.187000,0.000000,-20.000000,0.000000,20.000000,0.000000,0.000000,0.000000,0.000000,0.012160,0.000000,0.910900,-5.706569,-17.613560,-7.562908,20.000000
1.393000,16,"LINK_TORSO_YAW",1.205000,0.200000,0.188000,0.000000,-20.000000,0.000000,20.000000,0.000000,0.000000,0.000000,0.000000,0.012160,0.000000,0.910900,-5.739796,-17.604014,-7.559989,20.000000
1.394000,16,"LINK_TORSO_YAW",1.205000,0.200000,0.189000,0.000000,-20.000000,0.000000,20.000000,0.000000,0.000000,0.000000,0.000000,0.012160,0.000000,0.910900,-5.772292,-17.594739,-7.556838,20.000000
1.396000,16,"LINK_TORSO_YAW",1.205000,0.200000,0.191000,0.000000,-20.000000,0.000000,20.000000,0.000000,0.000000,0.000000,0.000000,0.012160,0.000000,0.910900,-5.838600,-17.575725,-7.550141,20.000000
1.397000,16,"LINK_TORSO_YAW",1.205000,0.200000,0.192000,0.000000,-20.000000,0.000000,20.000000,0.000000,0.000000,0.000000,0.000000,0.012160,0.000000,0.910900,-5.872323,-17.566020,-7.546574,20.000000
1.398000,16,"LINK_TORSO_YAW",1.205000,0.200000,0.193000,0.000000,-20.000000,0.000000,20.000000,0.000000,0.000000,0.000000,0.000000,0.012160,0.000000,0.910900,-5.906386,-17.556386,-7.542406,20.000000
1.399000,16,"LINK_TORSO_YAW",1.205000,0.200000,0.194000,0.000000,-20.000000,0.000000,20.000000,0.000000,0.000000,0.000000,0.000000,0.012160,0.000000,0.910900,-5.940745,-17.546824,-7.537674,20.000000
1.400000,16,"LINK_TORSO_YAW",1.205000,0.200000,0.195000,0.000000,-20.000000,0.000000,20.000000,0.000000,0.000000,0.000000,0.000000,0.012160,0.000000,0.910900,-5.975352,-17.537330,-7.532412,20.000000
1.401000,16,"LINK_TORSO_YAW",1.205000,0.200000,0.196000,0.000000,-20.000000,0.000000,20.000000,0.000000,0.000000,0.000000,0.000000,0.012160,0.000000,0.910900,-6.009004,-17.528258,-7.526756,20.000000
1.402000,16,"LINK_TORSO_YAW",1.205000,0.200000,0.197000,0.000000,-20.000000,0.000000,20.000000,0.000000,0.000000,0.000000,0.000000,0.012160,0.000000,0.910900,-6.042807,-17.519243,-7.520679,20.000000
1.403000,16,"LINK_TORSO_YAW",1.205000,0.200000,0.198000,0.000000,-20.000000,0.000000,20.000000,0.000000,0.000000,0.000000,0.000000,0.012160,0.000000,0.910900,-6.076715,-17.510286,-7.514215,20.000000
1.404000,16,"LINK_TORSO_YAW",1.205000,0.200000,0.199000,0.000000,-20.000000,0.000000,20.000000,0.000000,0.000000,0.000000,0.000000,0.012160,0.000000,0.910900,-6.110682,-17.501388,-7.507395,20.000000
1.405000,16,"LINK_TORSO_YAW",1.205000,0.200000,0.200000,0.000000,-20.000000,0.000000,20.000000,0.000000,0.000000,0.000000,0.000000,0.012160,0.000000,0.910900,-6.144662,-17.492553,-7.500249,20.000000
1.406000,16,"LINK_TORSO_YAW",1.205000,0.200000,0.201000,0.000000,-20.000000,0.000000,20.000000,0.000000,0.000000,0.000000,0.000000,0.012160,0.000000,0.910900,-6.178608,-17.483782,-7.492809,20.000000
1.407000,17,"LINK_TORSO_YAW",1.406000,0.200000,0.001000,0.000000,-20.000000,0.000000,20.000000,0.000000,0.000000,0.000000,0.000000,0.012160,0.000000,0.910900,-6.212476,-17.475038,-7.485199,20.000000
1.408000,17,"LINK_TORSO_YAW",1.406000,0.200000,0.002000,0.000000,-20.000000,0.000000,20.000000,0.000000,0.000000,0.000000,0.000000,0.012160,0.000000,0.910900,-6.246246,-17.466442,-7.477154,20.000000
1.409000,17,"LINK_TORSO_YAW",1.406000,0.200000,0.003000,0.000000,-20.000000,0.000000,20.000000,0.000000,0.000000,0.000000,0.000000,0.012160,0.000000,0.910900,-6.278670,-17.458403,-7.468767,20.000000
1.410000,17,"LINK_TORSO_YAW",1.406000,0.200000,0.004000,0.000000,-20.000000,0.000000,20.000000,0.000000,0.000000,0.000000,0.000000,0.012160,0.000000,0.910900,-6.310914,-17.450523,-7.460001,20.000000
1.411000,17,"LINK_TORSO_YAW",1.406000,0.200000,0.005000,0.000000,-20.000000,0.000000,20.000000,0.000000,0.000000,0.000000,0.000000,0.012160,0.000000,0.910900,-6.342936,-17.442805,-7.450886,20.000000
1.412000,17,"LINK_TORSO_YAW",1.406000,0.200000,0.006000,0.000000,-20.000000,0.000000,20.000000,0.000000,0.000000,0.000000,0.000000,0.012160,0.000000,0.910900,-6.374690,-17.435255,-7.441451,20.000000
1.413000,17,"LINK_TORSO_YAW",1.406000,0.200000,0.007000,0.000000,-20.000000,0.000000,20.000000,0.000000,0.000000,0.000000,0.000000,0.012160,0.000000,0.910900,-6.406135,-17.427877,-7.431725,20.000000
1.414000,17,"LINK_TORSO_YAW",1.406000,0.200000,0.008000,0.000000,-20.000000,0.000000,20.000000,0.000000,0.000000,0.000000,0.000000,0.012160,0.000000,0.910900,-6.437240,-17.420626,-7.421841,20.000000
1.416000,17,"LINK_TORSO_YAW",1.406000,0.200000,0.010000,0.000000,-20.000000,0.000000,20.000000,0.000000,0.000000,0.000000,0.000000,0.012160,0.000000,0.910900,-6.498276,-17.406333,-7.402161,20.000000
1.417000,17,"LINK_TORSO_YAW",1.406000,0.200000,0.011000,0.000000,-20.000000,0.000000,20.000000,0.000000,0.000000,0.000000,0.000000,0.012160,0.000000,0.910900,-6.528128,-17.399339,-7.392330,20.000000
1.418000,17,"LINK_TORSO_YAW",1.406000,0.200000,0.012000,0.000000,-20.000000,0.000000,20.000000,0.000000,0.000000,0.000000,0.000000,0.012160,0.000000,0.910900,-6.556315,-17.392946,-7.382422,20.000000
1.419000,17,"LINK_TORSO_YAW",1.406000,0.200000,0.013000,0.000000,-20.000000,0.000000,20.000000,0.000000,0.000000,0.000000,0.000000,0.012160,0.000000,0.910900,-6.584000,-17.386865,-7.372100,20.000000
1.420000,17,"LINK_TORSO_YAW",1.406000,0.200000,0.014000,0.000000,-20.000000,0.000000,20.000000,0.000000,0.000000,0.000000,0.000000,0.012160,0.000000,0.910900,-6.611145,-17.381096,-7.361404,20.000000
1.421000,17,"LINK_TORSO_YAW",1.406000,0.200000,0.015000,0.000000,-20.000000,0.000000,20.000000,0.000000,0.000000,0.000000,0.000000,0.012160,0.000000,0.910900,-6.637729,-17.375599,-7.350450,20.000000
1.422000,17,"LINK_TORSO_YAW",1.406000,0.200000,0.016000,0.000000,-20.000000,0.000000,20.000000,0.000000,0.000000,0.000000,0.000000,0.012160,0.000000,0.910900,-6.663719,-17.370376,-7.339272,20.000000
1.423000,17,"LINK_TORSO_YAW",1.406000,0.200000,0.017000,0.000000,-20.000000,0.000000,20.000000,0.000000,0.000000,0.000000,0.000000,0.012160,0.000000,0.910900,-6.689079,-17.365428,-7.327900,20.000000
1.424000,17,"LINK_TORSO_YAW",1.406000,0.200000,0.018000,0.000000,-20.000000,0.000000,20.000000,0.000000,0.000000,0.000000,0.000000,0.012160,0.000000,0.910900,-6.713778,-17.360759,-7.316367,20.000000
1.425000,17,"LINK_TORSO_YAW",1.406000,0.200000,0.019000,0.000000,-20.000000,0.000000,20.000000,0.000000,0.000000,0.000000,0.000000,0.012160,0.000000,0.910900,-6.737784,-17.356370,-7.304703,20.000000
1.426000,17,"LINK_TORSO_YAW",1.406000,0.200000,0.020000,0.000000,-20.000000,0.000000,20.000000,0.000000,0.000000,0.000000,0.000000,0.012160,0.000000,0.910900,-6.763706,-17.351477,-7.292361,20.000000
1.427000,17,"LINK_TORSO_YAW",1.406000,0.200000,0.021000,0.000000,-20.000000,0.000000,20.000000,0.000000,0.000000,0.000000,0.000000,0.012160,0.000000,0.910900,-6.788850,-17.346808,-7.280093,20.000000
1.429000,17,"LINK_TORSO_YAW",1.406000,0.200000,0.023000,0.000000,-20.000000,0.000000,20.000000,0.000000,0.000000,0.000000,0.000000,0.012160,0.000000,0.910900,-6.834266,-17.338842,-7.256540,20.000000
1.430000,17,"LINK_TORSO_YAW",1.406000,0.200000,0.024000,0.000000,-20.000000,0.000000,20.000000,0.000000,0.000000,0.000000,0.000000,0.012160,0.000000,0.910900,-6.855758,-17.335258,-7.244820,20.000000
1.431000,17,"LINK_TORSO_YAW",1.406000,0.200000,0.025000,0.000000,-20.000000,0.000000,20.000000,0.000000,0.000000,0.000000,0.000000,0.012160,0.000000,0.910900,-6.876415,-17.332058,-7.232890,20.000000
1.432000,17,"LINK_TORSO_YAW",1.406000,0.200000,0.026000,0.000000,-20.000000,0.000000,20.000000,0.000000,0.000000,0.000000,0.000000,0.012160,0.000000,0.910900,-6.896215,-17.329234,-7.220794,20.000000
1.433000,17,"LINK_TORSO_YAW",1.406000,0.200000,0.027000,0.000000,-20.000000,0.000000,20.000000,0.000000,0.000000,0.000000,0.000000,0.012160,0.000000,0.910900,-6.915137,-17.326780,-7.208576,20.000000
1.434000,17,"LINK_TORSO_YAW",1.406000,0.200000,0.028000,0.000000,-20.000000,0.000000,20.000000,0.000000,0.000000,0.000000,0.000000,0.012160,0.000000,0.910900,-6.933155,-17.324659,-7.196356,20.000000
1.435000,17,"LINK_TORSO_YAW",1.406000,0.200000,0.029000,0.000000,-20.000000,0.000000,20.000000,0.000000,0.000000,0.000000,0.000000,0.012160,0.000000,0.910900,-6.950251,-17.322866,-7.184173,20.000000
1.436000,17,"LINK_TORSO_YAW",1.406000,0.200000,0.030000,0.000000,-20.000000,0.000000,20.000000,0.000000,0.000000,0.000000,0.000000,0.012160,0.000000,0.910900,-6.966407,-17.321393,-7.172064,20.000000
1.438000,17,"LINK_TORSO_YAW",1.406000,0.200000,0.032000,0.000000,-20.000000,0.000000,20.000000,0.000000,0.000000,0.000000,0.000000,0.012160,0.000000,0.910900,-6.995956,-17.319148,-7.148685,20.000000
1.439000,17,"LINK_TORSO_YAW",1.406000,0.200000,0.033000,0.000000,-20.000000,0.000000,20.000000,0.000000,0.000000,0.000000,0.000000,0.012160,0.000000,0.910900,-7.009371,-17.318382,-7.137392,20.000000
1.440000,17,"LINK_TORSO_YAW",1.406000,0.200000,0.034000,0.000000,-20.000000,0.000000,20.000000,0.000000,0.000000,0.000000,0.000000,0.012160,0.000000,0.910900,-7.021863,-17.317877,-7.126329,20.000000
1.441000,17,"LINK_TORSO_YAW",1.406000,0.200000,0.035000,0.000000,-20.000000,0.000000,20.000000,0.000000,0.000000,0.000000,0.000000,0.012160,0.000000,0.910900,-7.033452,-17.317748,-7.115207,20.000000
1.443000,17,"LINK_TORSO_YAW",1.406000,0.200000,0.037000,0.000000,-20.000000,0.000000,20.000000,0.000000,0.000000,0.000000,0.000000,0.012160,0.000000,0.910900,-7.051470,-17.319299,-7.093564,20.000000
1.444000,17,"LINK_TORSO_YAW",1.406000,0.200000,0.038000,0.000000,-20.000000,0.000000,20.000000,0.000000,0.000000,0.000000,0.000000,0.012160,0.000000,0.910900,-7.059117,-17.320528,-7.082951,20.000000
1.445000,17,"LINK_TORSO_YAW",1.406000,0.200000,0.039000,0.000000,-20.000000,0.000000,20.000000,0.000000,0.000000,0.000000,0.000000,0.012160,0.000000,0.910900,-7.065862,-17.322078,-7.072427,20.000000
1.446000,17,"LINK_TORSO_YAW",1.406000,0.200000,0.040000,0.000000,-20.000000,0.000000,20.000000,0.000000,0.000000,0.000000,0.000000,0.012160,0.000000,0.910900,-7.071723,-17.323925,-7.062036,20.000000
1.448000,17,"LINK_TORSO_YAW",1.406000,0.200000,0.042000,0.000000,-20.000000,0.000000,20.000000,0.000000,0.000000,0.000000,0.000000,0.012160,0.000000,0.910900,-7.080953,-17.328213,-7.042239,20.000000
1.449000,17,"LINK_TORSO_YAW",1.406000,0.200000,0.043000,0.000000,-20.000000,0.000000,20.000000,0.000000,0.000000,0.000000,0.000000,0.012160,0.000000,0.910900,-7.085695,-17.330288,-7.032358,20.000000
1.450000,17,"LINK_TORSO_YAW",1.406000,0.200000,0.044000,0.000000,-20.000000,0.000000,20.000000,0.000000,0.000000,0.000000,0.000000,0.012160,0.000000,0.910900,-7.089642,-17.332710,-7.022404,20.000000
1.451000,17,"LINK_TORSO_YAW",1.406000,0.200000,0.045000,0.000000,-20.000000,0.000000,20.000000,0.000000,0.000000,0.000000,0.000000,0.012160,0.000000,0.910900,-7.092812,-17.335419,-7.012508,20.000000
1.452000,17,"LINK_TORSO_YAW",1.406000,0.200000,0.046000,0.000000,-20.000000,0.000000,20.000000,0.000000,0.000000,0.000000,0.000000,0.012160,0.000000,0.910900,-7.095209,-17.338392,-7.002727,20.000000
1.453000,17,"LINK_TORSO_YAW",1.406000,0.200000,0.047000,0.000000,-20.000000,0.000000,20.000000,0.000000,0.000000,0.000000,0.000000,0.012160,0.000000,0.910900,-7.096029,-17.334832,-7.010705,20.000000
1.454000,17,"LINK_TORSO_YAW",1.406000,0.200000,0.048000,0.000000,-20.000000,0.000000,20.000000,0.000000,0.000000,0.000000,0.000000,0.012160,0.000000,0.910900,-7.096536,-17.330139,-7.021784,20.000000
1.455000,17,"LINK_TORSO_YAW",1.406000,0.200000,0.049000,0.000000,-20.000000,0.000000,20.000000,0.000000,0.000000,0.000000,0.000000,0.012160,0.000000,0.910900,-7.096346,-17.325402,-7.033656,20.000000
1.456000,17,"LINK_TORSO_YAW",1.406000,0.200000,0.050000,0.000000,-20.000000,0.000000,20.000000,0.000000,0.000000,0.000000,0.000000,0.012160,0.000000,0.910900,-7.095493,-17.320772,-7.045908,20.000000
1.457000,17,"LINK_TORSO_YAW",1.406000,0.200000,0.051000,0.000000,-20.000000,0.000000,20.000000,0.000000,0.000000,0.000000,0.000000,0.012160,0.000000,0.910900,-7.093984,-17.316268,-7.058487,20.000000
1.458000,17,"LINK_TORSO_YAW",1.406000,0.200000,0.052000,0.000000,-20.000000,0.000000,20.000000,0.000000,0.000000,0.000000,0.000000,0.012160,0.000000,0.910900,-7.091777,-17.312136,-7.070830,20.000000
1.459000,17,"LINK_TORSO_YAW",1.406000,0.200000,0.053000,0.000000,-20.000000,0.000000,20.000000,0.000000,0.000000,0.000000,0.000000,0.012160,0.000000,0.910900,-7.088859,-17.308280,-7.083185,20.000000
1.460000,17,"LINK_TORSO_YAW",1.406000,0.200000,0.054000,0.000000,-20.000000,0.000000,20.000000,0.000000,0.000000,0.000000,0.000000,0.012160,0.000000,0.910900,-7.085239,-17.304665,-7.095628,20.000000
1.461000,17,"LINK_TORSO_YAW",1.406000,0.200000,0.055000,0.000000,-20.000000,0.000000,20.000000,0.000000,0.000000,0.000000,0.000000,0.012160,0.000000,0.910900,-7.081002,-17.301166,-7.108380,20.000000
1.462000,17,"LINK_TORSO_YAW",1.406000,0.200000,0.056000,0.000000,-20.000000,0.000000,20.000000,0.000000,0.000000,0.000000,0.000000,0.012160,0.000000,0.910900,-7.076129,-17.297846,-7.121300,20.000000
1.463000,17,"LINK_TORSO_YAW",1.406000,0.200000,0.057000,0.000000,-20.000000,0.000000,20.000000,0.000000,0.000000,0.000000,0.000000,0.012160,0.000000,0.910900,-7.070645,-17.294718,-7.134333,20.000000
1.464000,17,"LINK_TORSO_YAW",1.406000,0.200000,0.058000,0.000000,-20.000000,0.000000,20.000000,0.000000,0.000000,0.000000,0.000000,0.012160,0.000000,0.910900,-7.065542,-17.291397,-7.147428,20.000000
1.465000,17,"LINK_TORSO_YAW",1.406000,0.200000,0.059000,0.000000,-20.000000,0.000000,20.000000,0.000000,0.000000,0.000000,0.000000,0.012160,0.000000,0.910900,-7.059884,-17.288275,-7.160558,20.000000
1.466000,17,"LINK_TORSO_YAW",1.406000,0.200000,0.060000,0.000000,-20.000000,0.000000,20.000000,0.000000,0.000000,0.000000,0.000000,0.012160,0.000000,0.910900,-7.053686,-17.285339,-7.173742,20.000000
1.467000,17,"LINK_TORSO_YAW",1.406000,0.200000,0.061000,0.000000,-20.000000,0.000000,20.000000,0.000000,0.000000,0.000000,0.000000,0.012160,0.000000,0.910900,-7.046958,-17.282571,-7.187012,20.000000
1.468000,17,"LINK_TORSO_YAW",1.406000,0.200000,0.062000,0.000000,-20.000000,0.000000,20.000000,0.000000,0.000000,0.000000,0.000000,0.012160,0.000000,0.910900,-7.039771,-17.279986,-7.200258,20.000000
1.469000,17,"LINK_TORSO_YAW",1.406000,0.200000,0.063000,0.000000,-20.000000,0.000000,20.000000,0.000000,0.000000,0.000000,0.000000,0.012160,0.000000,0.910900,-7.032152,-17.277658,-7.213278,20.000000
1.470000,17,"LINK_TORSO_YAW",1.406000,0.200000,0.064000,0.000000,-20.000000,0.000000,20.000000,0.000000,0.000000,0.000000,0.000000,0.012160,0.000000,0.910900,-7.024112,-17.275569,-7.226103,20.000000
1.471000,17,"LINK_TORSO_YAW",1.406000,0.200000,0.065000,0.000000,-20.000000,0.000000,20.000000,0.000000,0.000000,0.000000,0.000000,0.012160,0.000000,0.910900,-7.013539,-17.274415,-7.239120,20.000000
1.472000,17,"LINK_TORSO_YAW",1.406000,0.200000,0.066000,0.000000,-20.000000,0.000000,20.000000,0.000000,0.000000,0.000000,0.000000,0.012160,0.000000,0.910900,-7.004645,-17.272613,-7.252019,20.000000
1.473000,17,"LINK_TORSO_YAW",1.406000,0.200000,0.067000,0.000000,-20.000000,0.000000,20.000000,0.000000,0.000000,0.000000,0.000000,0.012160,0.000000,0.910900,-6.995483,-17.270979,-7.264744,20.000000
1.474000,17,"LINK_TORSO_YAW",1.406000,0.200000,0.068000,0.000000,-20.000000,0.000000,20.000000,0.000000,0.000000,0.000000,0.000000,0.012160,0.000000,0.910900,-6.986060,-17.269500,-7.277315,20.000000
1.475000,17,"LINK_TORSO_YAW",1.406000,0.200000,0.069000,0.000000,-20.000000,0.000000,20.000000,0.000000,0.000000,0.000000,0.000000,0.012160,0.000000,0.910900,-6.976388,-17.268162,-7.289759,20.000000
1.476000,17,"LINK_TORSO_YAW",1.406000,0.200000,0.070000,0.000000,-20.000000,0.000000,20.000000,0.000000,0.000000,0.000000,0.000000,0.012160,0.000000,0.910900,-6.966477,-17.266948,-7.302102,20.000000
1.477000,17,"LINK_TORSO_YAW",1.406000,0.200000,0.071000,0.000000,-20.000000,0.000000,20.000000,0.000000,0.000000,0.000000,0.000000,0.012160,0.000000,0.910900,-6.956342,-17.265842,-7.314369,20.000000
1.478000,17,"LINK_TORSO_YAW",1.406000,0.200000,0.072000,0.000000,-20.000000,0.000000,20.000000,0.000000,0.000000,0.000000,0.000000,0.012160,0.000000,0.910900,-6.946016,-17.264929,-7.326328,20.000000
1.479000,17,"LINK_TORSO_YAW",1.406000,0.200000,0.073000,0.000000,-20.000000,0.000000,20.000000,0.000000,0.000000,0.000000,0.000000,0.012160,0.000000,0.910900,-6.935517,-17.264190,-7.338009,20.000000
1.480000,17,"LINK_TORSO_YAW",1.406000,0.200000,0.074000,0.000000,-20.000000,0.000000,20.000000,0.000000,0.000000,0.000000,0.000000,0.012160,0.000000,0.910900,-6.925011,-17.263592,-7.349328,20.000000
1.481000,17,"LINK_TORSO_YAW",1.406000,0.200000,0.075000,0.000000,-20.000000,0.000000,20.000000,0.000000,0.000000,0.000000,0.000000,0.012160,0.000000,0.910900,-6.914501,-17.263125,-7.360313,20.000000
1.482000,17,"LINK_TORSO_YAW",1.406000,0.200000,0.076000,0.000000,-20.000000,0.000000,20.000000,0.000000,0.000000,0.000000,0.000000,0.012160,0.000000,0.910900,-6.903992,-17.262781,-7.370975,20.000000
1.483000,17,"LINK_TORSO_YAW",1.406000,0.200000,0.077000,0.000000,-20.000000,0.000000,20.000000,0.000000,0.000000,0.000000,0.000000,0.012160,0.000000,0.910900,-6.893493,-17.262552,-7.381331,20.000000
1.484000,17,"LINK_TORSO_YAW",1.406000,0.200000,0.078000,0.000000,-20.000000,0.000000,20.000000,0.000000,0.000000,0.000000,0.000000,0.012160,0.000000,0.910900,-6.883011,-17.262422,-7.391409,20.000000
1.486000,17,"LINK_TORSO_YAW",1.406000,0.200000,0.080000,0.000000,-20.000000,0.000000,20.000000,0.000000,0.000000,0.000000,0.000000,0.012160,0.000000,0.910900,-6.868500,-17.260270,-7.409912,20.000000
1.487000,17,"LINK_TORSO_YAW",1.406000,0.200000,0.081000,0.000000,-20.000000,0.000000,20.000000,0.000000,0.000000,0.000000,0.000000,0.012160,0.000000,0.910900,-6.861563,-17.259227,-7.418763,20.000000
1.489000,17,"LINK_TORSO_YAW",1.406000,0.200000,0.083000,0.000000,-20.000000,0.000000,20.000000,0.000000,0.000000,0.000000,0.000000,0.012160,0.000000,0.910900,-6.848450,-17.257710,-7.434392,20.000000
1.491000,17,"LINK_TORSO_YAW",1.406000,0.200000,0.085000,0.000000,-20.000000,0.000000,20.000000,0.000000,0.000000,0.000000,0.000000,0.012160,0.000000,0.910900,-6.836543,-17.256791,-7.447471,20.000000
1.494000,17,"LINK_TORSO_YAW",1.406000,0.200000,0.088000,0.000000,-20.000000,0.000000,20.000000,0.000000,0.000000,0.000000,0.000000,0.012160,0.000000,0.910900,-6.822150,-17.256610,-7.461077,20.000000
1.495000,17,"LINK_TORSO_YAW",1.406000,0.200000,0.089000,0.000000,-20.000000,0.000000,20.000000,0.000000,0.000000,0.000000,0.000000,0.012160,0.000000,0.910900,-6.818082,-17.256427,-7.465218,20.000000
1.498000,17,"LINK_TORSO_YAW",1.406000,0.200000,0.092000,0.000000,-20.000000,0.000000,20.000000,0.000000,0.000000,0.000000,0.000000,0.012160,0.000000,0.910900,-6.808822,-17.256830,-7.472734,20.000000
1.499000,17,"LINK_TORSO_YAW",1.406000,0.200000,0.093000,0.000000,-20.000000,0.000000,20.000000,0.000000,0.000000,0.000000,0.000000,0.012160,0.000000,0.910900,-6.804076,-17.258846,-7.472402,20.000000
1.503000,17,"LINK_TORSO_YAW",1.406000,0.200000,0.097000,0.000000,-20.000000,0.000000,20.000000,0.000000,0.000000,0.000000,0.000000,0.012160,0.000000,0.910900,-6.791515,-17.265549,-7.468343,20.000000
1.508000,17,"LINK_TORSO_YAW",1.406000,0.200000,0.102000,0.000000,-20.000000,0.000000,20.000000,0.000000,0.000000,0.000000,0.000000,0.012160,0.000000,0.910900,-6.809668,-17.266539,-7.449500,20.000000
1.514000,17,"LINK_TORSO_YAW",1.406000,0.200000,0.108000,0.000000,-20.000000,0.000000,20.000000,0.000000,0.000000,0.000000,0.000000,0.012160,0.000000,0.910900,-6.856966,-17.267032,-7.404839,20.000000
1.515000,17,"LINK_TORSO_YAW",1.406000,0.200000,0.109000,0.000000,-20.000000,0.000000,20.000000,0.000000,0.000000,0.000000,0.000000,0.012160,0.000000,0.910900,-6.865515,-17.267052,-7.396865,20.000000
1.521000,17,"LINK_TORSO_YAW",1.406000,0.200000,0.115000,0.000000,-20.000000,0.000000,20.000000,0.000000,0.000000,0.000000,0.000000,0.012160,0.000000,0.910900,-6.949687,-17.266190,-7.319873,20.000000
1.522000,17,"LINK_TORSO_YAW",1.406000,0.200000,0.116000,0.000000,-20.000000,0.000000,20.000000,0.000000,0.000000,0.000000,0.000000,0.012160,0.000000,0.910900,-6.965320,-17.265469,-7.306703,20.000000
1.525000,17,"LINK_TORSO_YAW",1.406000,0.200000,0.119000,0.000000,-20.000000,0.000000,20.000000,0.000000,0.000000,0.000000,0.000000,0.012160,0.000000,0.910900,-7.019949,-17.263227,-7.259567,20.000000
1.526000,17,"LINK_TORSO_YAW",1.406000,0.200000,0.120000,0.000000,-20.000000,0.000000,20.000000,0.000000,0.000000,0.000000,0.000000,0.012160,0.000000,0.910900,-7.038582,-17.263182,-7.241609,20.000000
1.530000,17,"LINK_TORSO_YAW",1.406000,0.200000,0.124000,0.000000,-20.000000,0.000000,20.000000,0.000000,0.000000,0.000000,0.000000,0.012160,0.000000,0.910900,-7.117384,-17.264872,-7.160101,20.000000
1.533000,17,"LINK_TORSO_YAW",1.406000,0.200000,0.127000,0.000000,-20.000000,0.000000,20.000000,0.000000,0.000000,0.000000,0.000000,0.012160,0.000000,0.910900,-7.184105,-17.265186,-7.092389,20.000000
1.538000,17,"LINK_TORSO_YAW",1.406000,0.200000,0.132000,0.000000,-20.000000,0.000000,20.000000,0.000000,0.000000,0.000000,0.000000,0.012160,0.000000,0.910900,-7.295779,-17.260473,-6.989111,20.000000
1.539000,17,"LINK_TORSO_YAW",1.406000,0.200000,0.133000,0.000000,-20.000000,0.000000,20.000000,0.000000,0.000000,0.000000,0.000000,0.012160,0.000000,0.910900,-7.320563,-17.258703,-6.967533,20.000000
1.540000,17,"LINK_TORSO_YAW",1.406000,0.200000,0.134000,0.000000,-20.000000,0.000000,20.000000,0.000000,0.000000,0.000000,0.000000,0.012160,0.000000,0.910900,-7.345491,-17.256878,-6.945785,20.000000
1.541000,17,"LINK_TORSO_YAW",1.406000,0.200000,0.135000,0.000000,-20.000000,0.000000,20.000000,0.000000,0.000000,0.000000,0.000000,0.012160,0.000000,0.910900,-7.370504,-17.254988,-6.923949,20.000000
1.542000,17,"LINK_TORSO_YAW",1.406000,0.200000,0.136000,0.000000,-20.000000,0.000000,20.000000,0.000000,0.000000,0.000000,0.000000,0.012160,0.000000,0.910900,-7.395567,-17.253025,-6.902081,20.000000
1.543000,17,"LINK_TORSO_YAW",1.406000,0.200000,0.137000,0.000000,-20.000000,0.000000,20.000000,0.000000,0.000000,0.000000,0.000000,0.012160,0.000000,0.910900,-7.420694,-17.251108,-6.879868,20.000000
1.547000,17,"LINK_TORSO_YAW",1.406000,0.200000,0.141000,0.000000,-20.000000,0.000000,20.000000,0.000000,0.000000,0.000000,0.000000,0.012160,0.000000,0.910900,-7.521256,-17.242525,-6.791614,20.000000
1.548000,17,"LINK_TORSO_YAW",1.406000,0.200000,0.142000,0.000000,-20.000000,0.000000,20.000000,0.000000,0.000000,0.000000,0.000000,0.012160,0.000000,0.910900,-7.547295,-17.239352,-6.770752,20.000000
1.549000,17,"LINK_TORSO_YAW",1.406000,0.200000,0.143000,0.000000,-20.000000,0.000000,20.000000,0.000000,0.000000,0.000000,0.000000,0.012160,0.000000,0.910900,-7.573237,-17.236020,-6.750237,20.000000
1.551000,17,"LINK_TORSO_YAW",1.406000,0.200000,0.145000,0.000000,-20.000000,0.000000,20.000000,0.000000,0.000000,0.000000,0.000000,0.012160,0.000000,0.910900,-7.624616,-17.228864,-6.710549,20.000000
1.552000,17,"LINK_TORSO_YAW",1.406000,0.200000,0.146000,0.000000,-20.000000,0.000000,20.000000,0.000000,0.000000,0.000000,0.000000,0.012160,0.000000,0.910900,-7.650029,-17.225128,-6.691190,20.000000
1.554000,17,"LINK_TORSO_YAW",1.406000,0.200000,0.148000,0.000000,-20.000000,0.000000,20.000000,0.000000,0.000000,0.000000,0.000000,0.012160,0.000000,0.910900,-7.700182,-17.217416,-6.653404,20.000000
1.555000,17,"LINK_TORSO_YAW",1.406000,0.200000,0.149000,0.000000,-20.000000,0.000000,20.000000,0.000000,0.000000,0.000000,0.000000,0.012160,0.000000,0.910900,-7.724879,-17.213435,-6.635051,20.000000
1.556000,17,"LINK_TORSO_YAW",1.406000,0.200000,0.150000,0.000000,-20.000000,0.000000,20.000000,0.000000,0.000000,0.000000,0.000000,0.012160,0.000000,0.910900,-7.749335,-17.209293,-6.617253,20.000000
1.557000,17,"LINK_TORSO_YAW",1.406000,0.200000,0.151000,0.000000,-20.000000,0.000000,20.000000,0.000000,0.000000,0.000000,0.000000,0.012160,0.000000,0.910900,-7.774277,-17.204212,-6.601190,20.000000
1.558000,17,"LINK_TORSO_YAW",1.406000,0.200000,0.152000,0.000000,-20.000000,0.000000,20.000000,0.000000,0.000000,0.000000,0.000000,0.012160,0.000000,0.910900,-7.798857,-17.199023,-6.585699,20.000000
1.559000,17,"LINK_TORSO_YAW",1.406000,0.200000,0.153000,0.000000,-20.000000,0.000000,20.000000,0.000000,0.000000,0.000000,0.000000,0.012160,0.000000,0.910900,-7.823046,-17.193726,-6.570826,20.000000
1.560000,17,"LINK_TORSO_YAW",1.406000,0.200000,0.154000,0.000000,-20.000000,0.000000,20.000000,0.000000,0.000000,0.000000,0.000000,0.012160,0.000000,0.910900,-7.846818,-17.188317,-6.556614,20.000000
1.561000,17,"LINK_TORSO_YAW",1.406000,0.200000,0.155000,0.000000,-20.000000,0.000000,20.000000,0.000000,0.000000,0.000000,0.000000,0.012160,0.000000,0.910900,-7.870149,-17.182797,-6.543106,20.000000
1.562000,17,"LINK_TORSO_YAW",1.406000,0.200000,0.156000,0.000000,-20.000000,0.000000,20.000000,0.000000,0.000000,0.000000,0.000000,0.012160,0.000000,0.910900,-7.893064,-17.177140,-6.530343,20.000000
1.563000,17,"LINK_TORSO_YAW",1.406000,0.200000,0.157000,0.000000,-20.000000,0.000000,20.000000,0.000000,0.000000,0.000000,0.000000,0.012160,0.000000,0.910900,-7.915534,-17.171276,-6.518560,20.000000
1.564000,17,"LINK_TORSO_YAW",1.406000,0.200000,0.158000,0.000000,-20.000000,0.000000,20.000000,0.000000,0.000000,0.000000,0.000000,0.012160,0.000000,0.910900,-7.937576,-17.165319,-6.507435,20.000000
1.565000,17,"LINK_TORSO_YAW",1.406000,0.200000,0.159000,0.000000,-20.000000,0.000000,20.000000,0.000000,0.000000,0.000000,0.000000,0.012160,0.000000,0.910900,-7.959169,-17.159268,-6.497011,20.000000
1.566000,17,"LINK_TORSO_YAW",1.406000,0.200000,0.160000,0.000000,-20.000000,0.000000,20.000000,0.000000,0.000000,0.000000,0.000000,0.012160,0.000000,0.910900,-7.980444,-17.152450,-6.488912,20.000000
1.567000,17,"LINK_TORSO_YAW",1.406000,0.200000,0.161000,0.000000,-20.000000,0.000000,20.000000,0.000000,0.000000,0.000000,0.000000,0.012160,0.000000,0.910900,-8.001170,-17.145584,-6.481531,20.000000
1.568000,17,"LINK_TORSO_YAW",1.406000,0.200000,0.162000,0.000000,-20.000000,0.000000,20.000000,0.000000,0.000000,0.000000,0.000000,0.012160,0.000000,0.910900,-8.021370,-17.138566,-6.475118,20.000000
1.569000,17,"LINK_TORSO_YAW",1.406000,0.200000,0.163000,0.000000,-20.000000,0.000000,20.000000,0.000000,0.000000,0.000000,0.000000,0.012160,0.000000,0.910900,-8.041046,-17.131384,-6.469720,20.000000
1.570000,17,"LINK_TORSO_YAW",1.406000,0.200000,0.164000,0.000000,-20.000000,0.000000,20.000000,0.000000,0.000000,0.000000,0.000000,0.012160,0.000000,0.910900,-8.060177,-17.124030,-6.465380,20.000000
1.571000,17,"LINK_TORSO_YAW",1.406000,0.200000,0.165000,0.000000,-20.000000,0.000000,20.000000,0.000000,0.000000,0.000000,0.000000,0.012160,0.000000,0.910900,-8.078744,-17.116502,-6.462141,20.000000
1.572000,17,"LINK_TORSO_YAW",1.406000,0.200000,0.166000,0.000000,-20.000000,0.000000,20.000000,0.000000,0.000000,0.000000,0.000000,0.012160,0.000000,0.910900,-8.097154,-17.108555,-6.460141,20.000000
1.573000,17,"LINK_TORSO_YAW",1.406000,0.200000,0.167000,0.000000,-20.000000,0.000000,20.000000,0.000000,0.000000,0.000000,0.000000,0.012160,0.000000,0.910900,-8.114979,-17.100528,-6.459030,20.000000
1.574000,17,"LINK_TORSO_YAW",1.406000,0.200000,0.168000,0.000000,-20.000000,0.000000,20.000000,0.000000,0.000000,0.000000,0.000000,0.012160,0.000000,0.910900,-8.132200,-17.092415,-6.458845,20.000000
1.575000,17,"LINK_TORSO_YAW",1.406000,0.200000,0.169000,0.000000,-20.000000,0.000000,20.000000,0.000000,0.000000,0.000000,0.000000,0.012160,0.000000,0.910900,-8.149488,-17.083163,-6.461531,20.000000
1.576000,17,"LINK_TORSO_YAW",1.406000,0.200000,0.170000,0.000000,-20.000000,0.000000,20.000000,0.000000,0.000000,0.000000,0.000000,0.012160,0.000000,0.910900,-8.166156,-17.073766,-6.465325,20.000000
1.577000,17,"LINK_TORSO_YAW",1.406000,0.200000,0.171000,0.000000,-20.000000,0.000000,20.000000,0.000000,0.000000,0.000000,0.000000,0.012160,0.000000,0.910900,-8.182189,-17.064213,-6.470274,20.000000
1.578000,17,"LINK_TORSO_YAW",1.406000,0.200000,0.172000,0.000000,-20.000000,0.000000,20.000000,0.000000,0.000000,0.000000,0.000000,0.012160,0.000000,0.910900,-8.197572,-17.054494,-6.476423,20.000000
1.579000,17,"LINK_TORSO_YAW",1.406000,0.200000,0.173000,0.000000,-20.000000,0.000000,20.000000,0.000000,0.000000,0.000000,0.000000,0.012160,0.000000,0.910900,-8.212285,-17.044608,-6.483805,20.000000
1.580000,17,"LINK_TORSO_YAW",1.406000,0.200000,0.174000,0.000000,-20.000000,0.000000,20.000000,0.000000,0.000000,0.000000,0.000000,0.012160,0.000000,0.910900,-8.226319,-17.034543,-6.492460,20.000000
1.581000,17,"LINK_TORSO_YAW",1.406000,0.200000,0.175000,0.000000,-20.000000,0.000000,20.000000,0.000000,0.000000,0.000000,0.000000,0.012160,0.000000,0.910900,-8.239665,-17.024288,-6.502427,20.000000
1.582000,17,"LINK_TORSO_YAW",1.406000,0.200000,0.176000,0.000000,-20.000000,0.000000,20.000000,0.000000,0.000000,0.000000,0.000000,0.012160,0.000000,0.910900,-8.252328,-17.013832,-6.513724,20.000000
1.584000,17,"LINK_TORSO_YAW",1.406000,0.200000,0.178000,0.000000,-20.000000,0.000000,20.000000,0.000000,0.000000,0.000000,0.000000,0.012160,0.000000,0.910900,-8.277175,-16.990501,-6.543029,20.000000
1.585000,17,"LINK_TORSO_YAW",1.406000,0.200000,0.179000,0.000000,-20.000000,0.000000,20.000000,0.000000,0.000000,0.000000,0.000000,0.012160,0.000000,0.910900,-8.288647,-16.978583,-6.559424,20.000000
1.588000,17,"LINK_TORSO_YAW",1.406000,0.200000,0.182000,0.000000,-20.000000,0.000000,20.000000,0.000000,0.000000,0.000000,0.000000,0.012160,0.000000,0.910900,-8.319365,-16.941778,-6.615460,20.000000
1.589000,17,"LINK_TORSO_YAW",1.406000,0.200000,0.183000,0.000000,-20.000000,0.000000,20.000000,0.000000,0.000000,0.000000,0.000000,0.012160,0.000000,0.910900,-8.328709,-16.928493,-6.637675,20.000000
1.592000,17,"LINK_TORSO_YAW",1.406000,0.200000,0.186000,0.000000,-20.000000,0.000000,20.000000,0.000000,0.000000,0.000000,0.000000,0.012160,0.000000,0.910900,-8.352957,-16.887220,-6.711923,20.000000
1.593000,17,"LINK_TORSO_YAW",1.406000,0.200000,0.187000,0.000000,-20.000000,0.000000,20.000000,0.000000,0.000000,0.000000,0.000000,0.012160,0.000000,0.910900,-8.360584,-16.872506,-6.739374,20.000000
1.597000,17,"LINK_TORSO_YAW",1.406000,0.200000,0.191000,0.000000,-20.000000,0.000000,20.000000,0.000000,0.000000,0.000000,0.000000,0.012160,0.000000,0.910900,-8.387205,-16.808495,-6.865079,20.000000
1.598000,17,"LINK_TORSO_YAW",1.406000,0.200000,0.192000,0.000000,-20.000000,0.000000,20.000000,0.000000,0.000000,0.000000,0.000000,0.012160,0.000000,0.910900,-8.393107,-16.791362,-6.899702,20.000000
1.599000,17,"LINK_TORSO_YAW",1.406000,0.200000,0.193000,0.000000,-20.000000,0.000000,20.000000,0.000000,0.000000,0.000000,0.000000,0.012160,0.000000,0.910900,-8.399335,-16.773632,-6.935160,20.000000
1.600000,17,"LINK_TORSO_YAW",1.406000,0.200000,0.194000,0.000000,-20.000000,0.000000,20.000000,0.000000,0.000000,0.000000,0.000000,0.012160,0.000000,0.910900,-8.405794,-16.755333,-6.971473,20.000000
1.601000,17,"LINK_TORSO_YAW",1.406000,0.200000,0.195000,0.000000,-20.000000,0.000000,20.000000,0.000000,0.000000,0.000000,0.000000,0.012160,0.000000,0.910900,-8.412406,-16.736482,-7.008679,20.000000
1.602000,17,"LINK_TORSO_YAW",1.406000,0.200000,0.196000,0.000000,-20.000000,0.000000,20.000000,0.000000,0.000000,0.000000,0.000000,0.012160,0.000000,0.910900,-8.419409,-16.716815,-7.047101,20.000000
1.603000,17,"LINK_TORSO_YAW",1.406000,0.200000,0.197000,0.000000,-20.000000,0.000000,20.000000,0.000000,0.000000,0.000000,0.000000,0.012160,0.000000,0.910900,-8.426537,-16.696649,-7.086280,20.000000
1.604000,17,"LINK_TORSO_YAW",1.406000,0.200000,0.198000,0.000000,-20.000000,0.000000,20.000000,0.000000,0.000000,0.000000,0.000000,0.012160,0.000000,0.910900,-8.433585,-16.676079,-7.126222,20.000000
1.605000,17,"LINK_TORSO_YAW",1.406000,0.200000,0.199000,0.000000,-20.000000,0.000000,20.000000,0.000000,0.000000,0.000000,0.000000,0.012160,0.000000,0.910900,-8.440518,-16.655078,-7.167010,20.000000
1.606000,17,"LINK_TORSO_YAW",1.406000,0.200000,0.200000,0.000000,-20.000000,0.000000,20.000000,0.000000,0.000000,0.000000,0.000000,0.012160,0.000000,0.910900,-8.447793,-16.633193,-7.209138,20.000000
1.607000,17,"LINK_TORSO_YAW",1.406000,0.200000,0.201000,0.000000,-20.000000,0.000000,20.000000,0.000000,0.000000,0.000000,0.000000,0.012160,0.000000,0.910900,-8.455132,-16.610710,-7.252246,20.000000
1.608000,18,"LINK_TORSO_YAW",1.607000,0.200000,0.001000,0.000000,-20.000000,0.000000,20.000000,0.000000,0.000000,0.000000,0.000000,0.012160,0.000000,0.910900,-8.462525,-16.587765,-7.296008,20.000000
1.609000,18,"LINK_TORSO_YAW",1.607000,0.200000,0.002000,0.000000,-20.000000,0.000000,20.000000,0.000000,0.000000,0.000000,0.000000,0.012160,0.000000,0.910900,-8.469868,-16.564474,-7.340267,20.000000
1.610000,18,"LINK_TORSO_YAW",1.607000,0.200000,0.003000,0.000000,-20.000000,0.000000,20.000000,0.000000,0.000000,0.000000,0.000000,0.012160,0.000000,0.910900,-8.477094,-16.540887,-7.384981,20.000000
1.611000,18,"LINK_TORSO_YAW",1.607000,0.200000,0.004000,0.000000,-20.000000,0.000000,20.000000,0.000000,0.000000,0.000000,0.000000,0.012160,0.000000,0.910900,-8.484163,-16.516998,-7.430193,20.000000
1.612000,18,"LINK_TORSO_YAW",1.607000,0.200000,0.005000,0.000000,-20.000000,0.000000,20.000000,0.000000,0.000000,0.000000,0.000000,0.012160,0.000000,0.910900,-8.491055,-16.492765,-7.476009,20.000000
1.613000,18,"LINK_TORSO_YAW",1.607000,0.200000,0.006000,0.000000,-20.000000,0.000000,20.000000,0.000000,0.000000,0.000000,0.000000,0.012160,0.000000,0.910900,-8.497879,-16.468144,-7.522386,20.000000
1.614000,18,"LINK_TORSO_YAW",1.607000,0.200000,0.007000,0.000000,-20.000000,0.000000,20.000000,0.000000,0.000000,0.000000,0.000000,0.012160,0.000000,0.910900,-8.504504,-16.443204,-7.569311,20.000000
1.615000,18,"LINK_TORSO_YAW",1.607000,0.200000,0.008000,0.000000,-20.000000,0.000000,20.000000,0.000000,0.000000,0.000000,0.000000,0.012160,0.000000,0.910900,-8.510978,-16.417866,-7.616885,20.000000
1.616000,18,"LINK_TORSO_YAW",1.607000,0.200000,0.009000,0.000000,-20.000000,0.000000,20.000000,0.000000,0.000000,0.000000,0.000000,0.012160,0.000000,0.910900,-8.517394,-16.392109,-7.665035,20.000000
1.617000,18,"LINK_TORSO_YAW",1.607000,0.200000,0.010000,0.000000,-20.000000,0.000000,20.000000,0.000000,0.000000,0.000000,0.000000,0.012160,0.000000,0.910900,-8.523723,-16.365998,-7.713641,20.000000
1.618000,18,"LINK_TORSO_YAW",1.607000,0.200000,0.011000,0.000000,-20.000000,0.000000,20.000000,0.000000,0.000000,0.000000,0.000000,0.012160,0.000000,0.910900,-8.530180,-16.339463,-7.762602,20.000000
1.619000,18,"LINK_TORSO_YAW",1.607000,0.200000,0.012000,0.000000,-20.000000,0.000000,20.000000,0.000000,0.000000,0.000000,0.000000,0.012160,0.000000,0.910900,-8.536580,-16.312514,-7.812086,20.000000
1.620000,18,"LINK_TORSO_YAW",1.607000,0.200000,0.013000,0.000000,-20.000000,0.000000,20.000000,0.000000,0.000000,0.000000,0.000000,0.012160,0.000000,0.910900,-8.542926,-16.285166,-7.862047,20.000000
1.621000,18,"LINK_TORSO_YAW",1.607000,0.200000,0.014000,0.000000,-20.000000,0.000000,20.000000,0.000000,0.000000,0.000000,0.000000,0.012160,0.000000,0.910900,-8.549572,-16.257314,-7.912305,20.000000
1.622000,18,"LINK_TORSO_YAW",1.607000,0.200000,0.015000,0.000000,-20.000000,0.000000,20.000000,0.000000,0.000000,0.000000,0.000000,0.012160,0.000000,0.910900,-8.556193,-16.229006,-7.963098,20.000000
1.623000,18,"LINK_TORSO_YAW",1.607000,0.200000,0.016000,0.000000,-20.000000,0.000000,20.000000,0.000000,0.000000,0.000000,0.000000,0.012160,0.000000,0.910900,-8.562805,-16.200213,-8.014454,20.000000
1.624000,18,"LINK_TORSO_YAW",1.607000,0.200000,0.017000,0.000000,-20.000000,0.000000,20.000000,0.000000,0.000000,0.000000,0.000000,0.012160,0.000000,0.910900,-8.569735,-16.170834,-8.066211,20.000000
1.625000,18,"LINK_TORSO_YAW",1.607000,0.200000,0.018000,0.000000,-20.000000,0.000000,20.000000,0.000000,0.000000,0.000000,0.000000,0.012160,0.000000,0.910900,-8.576681,-16.140915,-8.118584,20.000000
1.626000,18,"LINK_TORSO_YAW",1.607000,0.200000,0.019000,0.000000,-20.000000,0.000000,20.000000,0.000000,0.000000,0.000000,0.000000,0.012160,0.000000,0.910900,-8.583613,-16.110486,-8.171525,20.000000
1.627000,18,"LINK_TORSO_YAW",1.607000,0.200000,0.020000,0.000000,-20.000000,0.000000,20.000000,0.000000,0.000000,0.000000,0.000000,0.012160,0.000000,0.910900,-8.590802,-16.079540,-8.224749,20.000000
1.628000,18,"LINK_TORSO_YAW",1.607000,0.200000,0.021000,0.000000,-20.000000,0.000000,20.000000,0.000000,0.000000,0.000000,0.000000,0.012160,0.000000,0.910900,-8.598038,-16.048241,-8.278146,20.000000
1.629000,18,"LINK_TORSO_YAW",1.607000,0.200000,0.022000,0.000000,-20.000000,0.000000,20.000000,0.000000,0.000000,0.000000,0.000000,0.012160,0.000000,0.910900,-8.605333,-16.016566,-8.331738,20.000000
1.630000,18,"LINK_TORSO_YAW",1.607000,0.200000,0.023000,0.000000,-20.000000,0.000000,20.000000,0.000000,0.000000,0.000000,0.000000,0.012160,0.000000,0.910900,-8.612701,-15.984492,-8.385547,20.000000
1.631000,18,"LINK_TORSO_YAW",1.607000,0.200000,0.024000,0.000000,-20.000000,0.000000,20.000000,0.000000,0.000000,0.000000,0.000000,0.012160,0.000000,0.910900,-8.620608,-15.951905,-8.439305,20.000000
1.632000,18,"LINK_TORSO_YAW",1.607000,0.200000,0.025000,0.000000,-20.000000,0.000000,20.000000,0.000000,0.000000,0.000000,0.000000,0.012160,0.000000,0.910900,-8.628608,-15.918874,-8.493325,20.000000
1.633000,18,"LINK_TORSO_YAW",1.607000,0.200000,0.026000,0.000000,-20.000000,0.000000,20.000000,0.000000,0.000000,0.000000,0.000000,0.012160,0.000000,0.910900,-8.636712,-15.885375,-8.547635,20.000000
1.634000,18,"LINK_TORSO_YAW",1.607000,0.200000,0.027000,0.000000,-20.000000,0.000000,20.000000,0.000000,0.000000,0.000000,0.000000,0.012160,0.000000,0.910900,-8.644912,-15.851491,-8.602078,20.000000
1.635000,18,"LINK_TORSO_YAW",1.607000,0.200000,0.028000,0.000000,-20.000000,0.000000,20.000000,0.000000,0.000000,0.000000,0.000000,0.012160,0.000000,0.910900,-8.653641,-15.817104,-8.656427,20.000000
1.636000,18,"LINK_TORSO_YAW",1.607000,0.200000,0.029000,0.000000,-20.000000,0.000000,20.000000,0.000000,0.000000,0.000000,0.000000,0.012160,0.000000,0.910900,-8.662476,-15.782293,-8.710956,20.000000
1.637000,18,"LINK_TORSO_YAW",1.607000,0.200000,0.030000,0.000000,-20.000000,0.000000,20.000000,0.000000,0.000000,0.000000,0.000000,0.012160,0.000000,0.910900,-8.671422,-15.747032,-8.765695,20.000000
1.638000,18,"LINK_TORSO_YAW",1.607000,0.200000,0.031000,0.000000,-20.000000,0.000000,20.000000,0.000000,0.000000,0.000000,0.000000,0.012160,0.000000,0.910900,-8.680485,-15.711298,-8.820674,20.000000
1.639000,18,"LINK_TORSO_YAW",1.607000,0.200000,0.032000,0.000000,-20.000000,0.000000,20.000000,0.000000,0.000000,0.000000,0.000000,0.012160,0.000000,0.910900,-8.690087,-15.674967,-8.875686,20.000000
1.640000,18,"LINK_TORSO_YAW",1.607000,0.200000,0.033000,0.000000,-20.000000,0.000000,20.000000,0.000000,0.000000,0.000000,0.000000,0.012160,0.000000,0.910900,-8.699544,-15.638340,-8.930861,20.000000
1.641000,18,"LINK_TORSO_YAW",1.607000,0.200000,0.034000,0.000000,-20.000000,0.000000,20.000000,0.000000,0.000000,0.000000,0.000000,0.012160,0.000000,0.910900,-8.709096,-15.601468,-8.985869,20.000000
1.642000,18,"LINK_TORSO_YAW",1.607000,0.200000,0.035000,0.000000,-20.000000,0.000000,20.000000,0.000000,0.000000,0.000000,0.000000,0.012160,0.000000,0.910900,-8.718747,-15.564330,-9.040747,20.000000
1.643000,18,"LINK_TORSO_YAW",1.607000,0.200000,0.036000,0.000000,-20.000000,0.000000,20.000000,0.000000,0.000000,0.000000,0.000000,0.012160,0.000000,0.910900,-8.729023,-15.526759,-9.095268,20.000000
1.644000,18,"LINK_TORSO_YAW",1.607000,0.200000,0.037000,0.000000,-20.000000,0.000000,20.000000,0.000000,0.000000,0.000000,0.000000,0.012160,0.000000,0.910900,-8.739401,-15.488879,-9.149727,20.000000
1.645000,18,"LINK_TORSO_YAW",1.607000,0.200000,0.038000,0.000000,-20.000000,0.000000,20.000000,0.000000,0.000000,0.000000,0.000000,0.012160,0.000000,0.910900,-8.749879,-15.450666,-9.204160,20.000000
1.646000,18,"LINK_TORSO_YAW",1.607000,0.200000,0.039000,0.000000,-20.000000,0.000000,20.000000,0.000000,0.000000,0.000000,0.000000,0.012160,0.000000,0.910900,-8.760457,-15.412095,-9.258604,20.000000
1.647000,18,"LINK_TORSO_YAW",1.607000,0.200000,0.040000,0.000000,-20.000000,0.000000,20.000000,0.000000,0.000000,0.000000,0.000000,0.012160,0.000000,0.910900,-8.771134,-15.373138,-9.313101,20.000000
1.648000,18,"LINK_TORSO_YAW",1.607000,0.200000,0.041000,0.000000,-20.000000,0.000000,20.000000,0.000000,0.000000,0.000000,0.000000,0.012160,0.000000,0.910900,-8.782502,-15.333702,-9.367242,20.000000
1.649000,18,"LINK_TORSO_YAW",1.607000,0.200000,0.042000,0.000000,-20.000000,0.000000,20.000000,0.000000,0.000000,0.000000,0.000000,0.012160,0.000000,0.910900,-8.793967,-15.293913,-9.421379,20.000000
1.650000,18,"LINK_TORSO_YAW",1.607000,0.200000,0.043000,0.000000,-20.000000,0.000000,20.000000,0.000000,0.000000,0.000000,0.000000,0.012160,0.000000,0.910900,-8.805522,-15.253744,-9.475551,20.000000
1.652000,18,"LINK_TORSO_YAW",1.607000,0.200000,0.045000,0.000000,-20.000000,0.000000,20.000000,0.000000,0.000000,0.000000,0.000000,0.012160,0.000000,0.910900,-8.829036,-15.172487,-9.583515,20.000000
1.653000,18,"LINK_TORSO_YAW",1.607000,0.200000,0.046000,0.000000,-20.000000,0.000000,20.000000,0.000000,0.000000,0.000000,0.000000,0.012160,0.000000,0.910900,-8.841549,-15.131220,-9.637074,20.000000
1.654000,18,"LINK_TORSO_YAW",1.607000,0.200000,0.047000,0.000000,-20.000000,0.000000,20.000000,0.000000,0.000000,0.000000,0.000000,0.012160,0.000000,0.910900,-8.854182,-15.089661,-9.690489,20.000000
1.655000,18,"LINK_TORSO_YAW",1.607000,0.200000,0.048000,0.000000,-20.000000,0.000000,20.000000,0.000000,0.000000,0.000000,0.000000,0.012160,0.000000,0.910900,-8.866934,-15.047859,-9.743686,20.000000
1.656000,18,"LINK_TORSO_YAW",1.607000,0.200000,0.049000,0.000000,-20.000000,0.000000,20.000000,0.000000,0.000000,0.000000,0.000000,0.012160,0.000000,0.910900,-8.879795,-15.005789,-9.796710,20.000000
1.657000,18,"LINK_TORSO_YAW",1.607000,0.200000,0.050000,0.000000,-20.000000,0.000000,20.000000,0.000000,0.000000,0.000000,0.000000,0.012160,0.000000,0.910900,-8.892753,-14.963431,-9.849603,20.000000
1.659000,18,"LINK_TORSO_YAW",1.607000,0.200000,0.052000,0.000000,-20.000000,0.000000,20.000000,0.000000,0.000000,0.000000,0.000000,0.012160,0.000000,0.910900,-8.919812,-14.877383,-9.954919,20.000000
1.660000,18,"LINK_TORSO_YAW",1.607000,0.200000,0.053000,0.000000,-20.000000,0.000000,20.000000,0.000000,0.000000,0.000000,0.000000,0.012160,0.000000,0.910900,-8.933429,-14.833767,-10.007658,20.000000
1.661000,18,"LINK_TORSO_YAW",1.607000,0.200000,0.054000,0.000000,-20.000000,0.000000,20.000000,0.000000,0.000000,0.000000,0.000000,0.012160,0.000000,0.910900,-8.947175,-14.789720,-10.060429,20.000000
1.662000,18,"LINK_TORSO_YAW",1.607000,0.200000,0.055000,0.000000,-20.000000,0.000000,20.000000,0.000000,0.000000,0.000000,0.000000,0.012160,0.000000,0.910900,-8.961017,-14.745552,-10.112808,20.000000
1.663000,18,"LINK_TORSO_YAW",1.607000,0.200000,0.056000,0.000000,-20.000000,0.000000,20.000000,0.000000,0.000000,0.000000,0.000000,0.012160,0.000000,0.910900,-8.975477,-14.701099,-10.164571,20.000000
1.664000,18,"LINK_TORSO_YAW",1.607000,0.200000,0.057000,0.000000,-20.000000,0.000000,20.000000,0.000000,0.000000,0.000000,0.000000,0.012160,0.000000,0.910900,-8.989998,-14.656485,-10.216036,20.000000
1.665000,18,"LINK_TORSO_YAW",1.607000,0.200000,0.058000,0.000000,-20.000000,0.000000,20.000000,0.000000,0.000000,0.000000,0.000000,0.012160,0.000000,0.910900,-9.004562,-14.611689,-10.267249,20.000000
1.666000,18,"LINK_TORSO_YAW",1.607000,0.200000,0.059000,0.000000,-20.000000,0.000000,20.000000,0.000000,0.000000,0.000000,0.000000,0.012160,0.000000,0.910900,-9.019154,-14.566691,-10.318255,20.000000
1.667000,18,"LINK_TORSO_YAW",1.607000,0.200000,0.060000,0.000000,-20.000000,0.000000,20.000000,0.000000,0.000000,0.000000,0.000000,0.012160,0.000000,0.910900,-9.033755,-14.521471,-10.369096,20.000000
1.669000,18,"LINK_TORSO_YAW",1.607000,0.200000,0.062000,0.000000,-20.000000,0.000000,20.000000,0.000000,0.000000,0.000000,0.000000,0.012160,0.000000,0.910900,-9.064150,-14.429503,-10.470464,20.000000
1.670000,18,"LINK_TORSO_YAW",1.607000,0.200000,0.063000,0.000000,-20.000000,0.000000,20.000000,0.000000,0.000000,0.000000,0.000000,0.012160,0.000000,0.910900,-9.079323,-14.383143,-10.520983,20.000000
1.671000,18,"LINK_TORSO_YAW",1.607000,0.200000,0.064000,0.000000,-20.000000,0.000000,20.000000,0.000000,0.000000,0.000000,0.000000,0.012160,0.000000,0.910900,-9.094458,-14.336594,-10.571324,20.000000
1.672000,18,"LINK_TORSO_YAW",1.607000,0.200000,0.065000,0.000000,-20.000000,0.000000,20.000000,0.000000,0.000000,0.000000,0.000000,0.012160,0.000000,0.910900,-9.109534,-14.289838,-10.621532,20.000000
1.673000,18,"LINK_TORSO_YAW",1.607000,0.200000,0.066000,0.000000,-20.000000,0.000000,20.000000,0.000000,0.000000,0.000000,0.000000,0.012160,0.000000,0.910900,-9.124595,-14.243029,-10.671358,20.000000
1.674000,18,"LINK_TORSO_YAW",1.607000,0.200000,0.067000,0.000000,-20.000000,0.000000,20.000000,0.000000,0.000000,0.000000,0.000000,0.012160,0.000000,0.910900,-9.140266,-14.196032,-10.720458,20.000000
1.675000,18,"LINK_TORSO_YAW",1.607000,0.200000,0.068000,0.000000,-20.000000,0.000000,20.000000,0.000000,0.000000,0.000000,0.000000,0.012160,0.000000,0.910900,-9.155916,-14.148986,-10.769187,20.000000
1.676000,18,"LINK_TORSO_YAW",1.607000,0.200000,0.069000,0.000000,-20.000000,0.000000,20.000000,0.000000,0.000000,0.000000,0.000000,0.012160,0.000000,0.910900,-9.171524,-14.101871,-10.817596,20.000000
1.677000,18,"LINK_TORSO_YAW",1.607000,0.200000,0.070000,0.000000,-20.000000,0.000000,20.000000,0.000000,0.000000,0.000000,0.000000,0.012160,0.000000,0.910900,-9.187068,-14.054666,-10.865732,20.000000
1.679000,18,"LINK_TORSO_YAW",1.607000,0.200000,0.072000,0.000000,-20.000000,0.000000,20.000000,0.000000,0.000000,0.000000,0.000000,0.012160,0.000000,0.910900,-9.217852,-13.959692,-10.961670,20.000000
1.680000,18,"LINK_TORSO_YAW",1.607000,0.200000,0.073000,0.000000,-20.000000,0.000000,20.000000,0.000000,0.000000,0.000000,0.000000,0.012160,0.000000,0.910900,-9.233608,-13.911501,-11.009569,20.000000
1.681000,18,"LINK_TORSO_YAW",1.607000,0.200000,0.074000,0.000000,-20.000000,0.000000,20.000000,0.000000,0.000000,0.000000,0.000000,0.012160,0.000000,0.910900,-9.249248,-13.863248,-11.057204,20.000000
1.682000,18,"LINK_TORSO_YAW",1.607000,0.200000,0.075000,0.000000,-20.000000,0.000000,20.000000,0.000000,0.000000,0.000000,0.000000,0.012160,0.000000,0.910900,-9.264750,-13.814908,-11.104627,20.000000
1.683000,18,"LINK_TORSO_YAW",1.607000,0.200000,0.076000,0.000000,-20.000000,0.000000,20.000000,0.000000,0.000000,0.000000,0.000000,0.012160,0.000000,0.910900,-9.280089,-13.766458,-11.151887,20.000000
1.684000,18,"LINK_TORSO_YAW",1.607000,0.200000,0.077000,0.000000,-20.000000,0.000000,20.000000,0.000000,0.000000,0.000000,0.000000,0.012160,0.000000,0.910900,-9.290027,-13.707348,-11.216238,20.000000
1.685000,18,"LINK_TORSO_YAW",1.607000,0.200000,0.078000,0.000000,-20.000000,0.000000,20.000000,0.000000,0.000000,0.000000,0.000000,0.012160,0.000000,0.910900,-9.299593,-13.645804,-11.283156,20.000000
1.686000,18,"LINK_TORSO_YAW",1.607000,0.200000,0.079000,0.000000,-20.000000,0.000000,20.000000,0.000000,0.000000,0.000000,0.000000,0.012160,0.000000,0.910900,-9.309717,-13.583256,-11.350081,20.000000
1.687000,18,"LINK_TORSO_YAW",1.607000,0.200000,0.080000,0.000000,-20.000000,0.000000,20.000000,0.000000,0.000000,0.000000,0.000000,0.012160,0.000000,0.910900,-9.319669,-13.520133,-11.417082,20.000000
1.688000,18,"LINK_TORSO_YAW",1.607000,0.200000,0.081000,0.000000,-20.000000,0.000000,20.000000,0.000000,0.000000,0.000000,0.000000,0.012160,0.000000,0.910900,-9.329740,-13.457577,-11.482577,20.000000
1.689000,18,"LINK_TORSO_YAW",1.607000,0.200000,0.082000,0.000000,-20.000000,0.000000,20.000000,0.000000,0.000000,0.000000,0.000000,0.012160,0.000000,0.910900,-9.339885,-13.395560,-11.546667,20.000000
1.690000,18,"LINK_TORSO_YAW",1.607000,0.200000,0.083000,0.000000,-20.000000,0.000000,20.000000,0.000000,0.000000,0.000000,0.000000,0.012160,0.000000,0.910900,-9.350067,-13.334052,-11.609448,20.000000
1.691000,18,"LINK_TORSO_YAW",1.607000,0.200000,0.084000,0.000000,-20.000000,0.000000,20.000000,0.000000,0.000000,0.000000,0.000000,0.012160,0.000000,0.910900,-9.360248,-13.273025,-11.671014,20.000000
1.692000,18,"LINK_TORSO_YAW",1.607000,0.200000,0.085000,0.000000,-20.000000,0.000000,20.000000,0.000000,0.000000,0.000000,0.000000,0.012160,0.000000,0.910900,-9.370393,-13.212448,-11.731452,20.000000
1.693000,18,"LINK_TORSO_YAW",1.607000,0.200000,0.086000,0.000000,-20.000000,0.000000,20.000000,0.000000,0.000000,0.000000,0.000000,0.012160,0.000000,0.910900,-9.380468,-13.152291,-11.790846,20.000000
1.694000,18,"LINK_TORSO_YAW",1.607000,0.200000,0.087000,0.000000,-20.000000,0.000000,20.000000,0.000000,0.000000,0.000000,0.000000,0.012160,0.000000,0.910900,-9.390442,-13.092527,-11.849275,20.000000
1.695000,18,"LINK_TORSO_YAW",1.607000,0.200000,0.088000,0.000000,-20.000000,0.000000,20.000000,0.000000,0.000000,0.000000,0.000000,0.012160,0.000000,0.910900,-9.399025,-13.030117,-11.911103,20.000000
1.696000,18,"LINK_TORSO_YAW",1.607000,0.200000,0.089000,0.000000,-20.000000,0.000000,20.000000,0.000000,0.000000,0.000000,0.000000,0.012160,0.000000,0.910900,-9.408491,-12.966179,-11.973242,20.000000
1.698000,18,"LINK_TORSO_YAW",1.607000,0.200000,0.091000,0.000000,-20.000000,0.000000,20.000000,0.000000,0.000000,0.000000,0.000000,0.012160,0.000000,0.910900,-9.426454,-12.837841,-12.096768,20.000000
1.699000,18,"LINK_TORSO_YAW",1.607000,0.200000,0.092000,0.000000,-20.000000,0.000000,20.000000,0.000000,0.000000,0.000000,0.000000,0.012160,0.000000,0.910900,-9.435271,-12.774747,-12.156541,20.000000
1.700000,18,"LINK_TORSO_YAW",1.607000,0.200000,0.093000,0.000000,-20.000000,0.000000,20.000000,0.000000,0.000000,0.000000,0.000000,0.012160,0.000000,0.910900,-9.443446,-12.710938,-12.216930,20.000000
1.701000,18,"LINK_TORSO_YAW",1.607000,0.200000,0.094000,0.000000,-20.000000,0.000000,20.000000,0.000000,0.000000,0.000000,0.000000,0.012160,0.000000,0.910900,-9.451225,-12.646990,-12.277133,20.000000
1.702000,18,"LINK_TORSO_YAW",1.607000,0.200000,0.095000,0.000000,-20.000000,0.000000,20.000000,0.000000,0.000000,0.000000,0.000000,0.012160,0.000000,0.910900,-9.458634,-12.583193,-12.336835,20.000000
1.703000,18,"LINK_TORSO_YAW",1.607000,0.200000,0.096000,0.000000,-20.000000,0.000000,20.000000,0.000000,0.000000,0.000000,0.000000,0.012160,0.000000,0.910900,-9.465892,-12.520296,-12.395123,20.000000
1.704000,18,"LINK_TORSO_YAW",1.607000,0.200000,0.097000,0.000000,-20.000000,0.000000,20.000000,0.000000,0.000000,0.000000,0.000000,0.012160,0.000000,0.910900,-9.472450,-12.456911,-12.453837,20.000000
1.705000,18,"LINK_TORSO_YAW",1.607000,0.200000,0.098000,0.000000,-20.000000,0.000000,20.000000,0.000000,0.000000,0.000000,0.000000,0.012160,0.000000,0.910900,-9.478479,-12.393249,-12.512626,20.000000
1.706000,18,"LINK_TORSO_YAW",1.607000,0.200000,0.099000,0.000000,-20.000000,0.000000,20.000000,0.000000,0.000000,0.000000,0.000000,0.012160,0.000000,0.910900,-9.484006,-12.329377,-12.571400,20.000000
1.707000,18,"LINK_TORSO_YAW",1.607000,0.200000,0.100000,0.000000,-20.000000,0.000000,20.000000,0.000000,0.000000,0.000000,0.000000,0.012160,0.000000,0.910900,-9.489636,-12.265199,-12.629795,20.000000
1.708000,18,"LINK_TORSO_YAW",1.607000,0.200000,0.101000,0.000000,-20.000000,0.000000,20.000000,0.000000,0.000000,0.000000,0.000000,0.012160,0.000000,0.910900,-9.494780,-12.201076,-12.687904,20.000000
1.709000,18,"LINK_TORSO_YAW",1.607000,0.200000,0.102000,0.000000,-20.000000,0.000000,20.000000,0.000000,0.000000,0.000000,0.000000,0.012160,0.000000,0.910900,-9.499822,-12.138199,-12.744313,20.000000
1.710000,18,"LINK_TORSO_YAW",1.607000,0.200000,0.103000,0.000000,-20.000000,0.000000,20.000000,0.000000,0.000000,0.000000,0.000000,0.012160,0.000000,0.910900,-9.504103,-12.075001,-12.801030,20.000000
1.711000,18,"LINK_TORSO_YAW",1.607000,0.200000,0.104000,0.000000,-20.000000,0.000000,20.000000,0.000000,0.000000,0.000000,0.000000,0.012160,0.000000,0.910900,-9.507966,-12.011579,-12.857704,20.000000
1.712000,18,"LINK_TORSO_YAW",1.607000,0.200000,0.105000,0.000000,-20.000000,0.000000,20.000000,0.000000,0.000000,0.000000,0.000000,0.012160,0.000000,0.910900,-9.511312,-11.948191,-12.914166,20.000000
1.713000,18,"LINK_TORSO_YAW",1.607000,0.200000,0.106000,0.000000,-20.000000,0.000000,20.000000,0.000000,0.000000,0.000000,0.000000,0.012160,0.000000,0.910900,-9.514134,-11.884817,-12.970442,20.000000
1.714000,18,"LINK_TORSO_YAW",1.607000,0.200000,0.107000,0.000000,-20.000000,0.000000,20.000000,0.000000,0.000000,0.000000,0.000000,0.012160,0.000000,0.910900,-9.516422,-11.821434,-13.026565,20.000000
1.715000,18,"LINK_TORSO_YAW",1.607000,0.200000,0.108000,0.000000,-20.000000,0.000000,20.000000,0.000000,0.000000,0.000000,0.000000,0.012160,0.000000,0.910900,-9.518135,-11.758168,-13.082453,20.000000
1.716000,18,"LINK_TORSO_YAW",1.607000,0.200000,0.109000,0.000000,-20.000000,0.000000,20.000000,0.000000,0.000000,0.000000,0.000000,0.012160,0.000000,0.910900,-9.519415,-11.695462,-13.137614,20.000000
1.717000,18,"LINK_TORSO_YAW",1.607000,0.200000,0.110000,0.000000,-20.000000,0.000000,20.000000,0.000000,0.000000,0.000000,0.000000,0.012160,0.000000,0.910900,-9.520068,-11.632801,-13.192659,20.000000
1.718000,18,"LINK_TORSO_YAW",1.607000,0.200000,0.111000,0.000000,-20.000000,0.000000,20.000000,0.000000,0.000000,0.000000,0.000000,0.012160,0.000000,0.910900,-9.520865,-11.569395,-13.247725,20.000000
1.719000,18,"LINK_TORSO_YAW",1.607000,0.200000,0.112000,0.000000,-20.000000,0.000000,20.000000,0.000000,0.000000,0.000000,0.000000,0.012160,0.000000,0.910900,-9.521111,-11.506223,-13.302454,20.000000
1.720000,18,"LINK_TORSO_YAW",1.607000,0.200000,0.113000,0.000000,-20.000000,0.000000,20.000000,0.000000,0.000000,0.000000,0.000000,0.012160,0.000000,0.910900,-9.520811,-11.443277,-13.356854,20.000000
1.721000,18,"LINK_TORSO_YAW",1.607000,0.200000,0.114000,0.000000,-20.000000,0.000000,20.000000,0.000000,0.000000,0.000000,0.000000,0.012160,0.000000,0.910900,-9.519960,-11.380532,-13.410961,20.000000
1.722000,18,"LINK_TORSO_YAW",1.607000,0.200000,0.115000,0.000000,-20.000000,0.000000,20.000000,0.000000,0.000000,0.000000,0.000000,0.012160,0.000000,0.910900,-9.518508,-11.318075,-13.464739,20.000000
1.723000,18,"LINK_TORSO_YAW",1.607000,0.200000,0.116000,0.000000,-20.000000,0.000000,20.000000,0.000000,0.000000,0.000000,0.000000,0.012160,0.000000,0.910900,-9.516450,-11.255869,-13.518232,20.000000
1.724000,18,"LINK_TORSO_YAW",1.607000,0.200000,0.117000,0.000000,-20.000000,0.000000,20.000000,0.000000,0.000000,0.000000,0.000000,0.012160,0.000000,0.910900,-9.513780,-11.193883,-13.571477,20.000000
1.726000,18,"LINK_TORSO_YAW",1.607000,0.200000,0.119000,0.000000,-20.000000,0.000000,20.000000,0.000000,0.000000,0.000000,0.000000,0.012160,0.000000,0.910900,-9.506816,-11.071032,-13.676720,20.000000
1.727000,18,"LINK_TORSO_YAW",1.607000,0.200000,0.120000,0.000000,-20.000000,0.000000,20.000000,0.000000,0.000000,0.000000,0.000000,0.012160,0.000000,0.910900,-9.502267,-11.009502,-13.729449,20.000000
1.728000,18,"LINK_TORSO_YAW",1.607000,0.200000,0.121000,0.000000,-20.000000,0.000000,20.000000,0.000000,0.000000,0.000000,0.000000,0.012160,0.000000,0.910900,-9.497008,-10.948076,-13.782107,20.000000
1.729000,18,"LINK_TORSO_YAW",1.607000,0.200000,0.122000,0.000000,-20.000000,0.000000,20.000000,0.000000,0.000000,0.000000,0.000000,0.012160,0.000000,0.910900,-9.491055,-10.886797,-13.834649,20.000000
1.730000,18,"LINK_TORSO_YAW",1.607000,0.200000,0.123000,0.000000,-20.000000,0.000000,20.000000,0.000000,0.000000,0.000000,0.000000,0.012160,0.000000,0.910900,-9.484482,-10.825886,-13.886857,20.000000
1.731000,18,"LINK_TORSO_YAW",1.607000,0.200000,0.124000,0.000000,-20.000000,0.000000,20.000000,0.000000,0.000000,0.000000,0.000000,0.012160,0.000000,0.910900,-9.478097,-10.764350,-13.938955,20.000000
1.732000,18,"LINK_TORSO_YAW",1.607000,0.200000,0.125000,0.000000,-20.000000,0.000000,20.000000,0.000000,0.000000,0.000000,0.000000,0.012160,0.000000,0.910900,-9.471068,-10.703111,-13.990793,20.000000
1.734000,18,"LINK_TORSO_YAW",1.607000,0.200000,0.127000,0.000000,-20.000000,0.000000,20.000000,0.000000,0.000000,0.000000,0.000000,0.012160,0.000000,0.910900,-9.455298,-10.582058,-14.093168,20.000000
1.735000,18,"LINK_TORSO_YAW",1.607000,0.200000,0.128000,0.000000,-20.000000,0.000000,20.000000,0.000000,0.000000,0.000000,0.000000,0.012160,0.000000,0.910900,-9.446335,-10.521628,-14.144331,20.000000
1.736000,18,"LINK_TORSO_YAW",1.607000,0.200000,0.129000,0.000000,-20.000000,0.000000,20.000000,0.000000,0.000000,0.000000,0.000000,0.012160,0.000000,0.910900,-9.436634,-10.461405,-14.195385,20.000000
1.737000,18,"LINK_TORSO_YAW",1.607000,0.200000,0.130000,0.000000,-20.000000,0.000000,20.000000,0.000000,0.000000,0.000000,0.000000,0.012160,0.000000,0.910900,-9.426221,-10.401423,-14.246289,20.000000
1.738000,18,"LINK_TORSO_YAW",1.607000,0.200000,0.131000,0.000000,-20.000000,0.000000,20.000000,0.000000,0.000000,0.000000,0.000000,0.012160,0.000000,0.910900,-9.415106,-10.341657,-14.297060,20.000000
1.739000,18,"LINK_TORSO_YAW",1.607000,0.200000,0.132000,0.000000,-20.000000,0.000000,20.000000,0.000000,0.000000,0.000000,0.000000,0.012160,0.000000,0.910900,-9.403293,-10.282077,-14.347717,20.000000
1.740000,18,"LINK_TORSO_YAW",1.607000,0.200000,0.133000,0.000000,-20.000000,0.000000,20.000000,0.000000,0.000000,0.000000,0.000000,0.012160,0.000000,0.910900,-9.390699,-10.223343,-14.397848,20.000000
1.741000,18,"LINK_TORSO_YAW",1.607000,0.200000,0.134000,0.000000,-20.000000,0.000000,20.000000,0.000000,0.000000,0.000000,0.000000,0.012160,0.000000,0.910900,-9.377212,-10.164250,-14.448388,20.000000
1.742000,18,"LINK_TORSO_YAW",1.607000,0.200000,0.135000,0.000000,-20.000000,0.000000,20.000000,0.000000,0.000000,0.000000,0.000000,0.012160,0.000000,0.910900,-9.363088,-10.105448,-14.498707,20.000000
1.743000,18,"LINK_TORSO_YAW",1.607000,0.200000,0.136000,0.000000,-20.000000,0.000000,20.000000,0.000000,0.000000,0.000000,0.000000,0.012160,0.000000,0.910900,-9.348317,-10.046971,-14.548792,20.000000
1.745000,18,"LINK_TORSO_YAW",1.607000,0.200000,0.138000,0.000000,-20.000000,0.000000,20.000000,0.000000,0.000000,0.000000,0.000000,0.012160,0.000000,0.910900,-9.318333,-9.929756,-14.648160,20.000000
1.746000,18,"LINK_TORSO_YAW",1.607000,0.200000,0.139000,0.000000,-20.000000,0.000000,20.000000,0.000000,0.000000,0.000000,0.000000,0.012160,0.000000,0.910900,-9.302227,-9.871319,-14.697811,20.000000
1.747000,18,"LINK_TORSO_YAW",1.607000,0.200000,0.140000,0.000000,-20.000000,0.000000,20.000000,0.000000,0.000000,0.000000,0.000000,0.012160,0.000000,0.910900,-9.285473,-9.813018,-14.747361,20.000000
1.748000,18,"LINK_TORSO_YAW",1.607000,0.200000,0.141000,0.000000,-20.000000,0.000000,20.000000,0.000000,0.000000,0.000000,0.000000,0.012160,0.000000,0.910900,-9.268058,-9.754919,-14.796779,20.000000
1.750000,18,"LINK_TORSO_YAW",1.607000,0.200000,0.143000,0.000000,-20.000000,0.000000,20.000000,0.000000,0.000000,0.000000,0.000000,0.012160,0.000000,0.910900,-9.231346,-9.640016,-14.894708,20.000000
1.751000,18,"LINK_TORSO_YAW",1.607000,0.200000,0.144000,0.000000,-20.000000,0.000000,20.000000,0.000000,0.000000,0.000000,0.000000,0.012160,0.000000,0.910900,-9.211955,-9.582892,-14.943495,20.000000
1.752000,18,"LINK_TORSO_YAW",1.607000,0.200000,0.145000,0.000000,-20.000000,0.000000,20.000000,0.000000,0.000000,0.000000,0.000000,0.012160,0.000000,0.910900,-9.191896,-9.525970,-14.992163,20.000000
1.754000,18,"LINK_TORSO_YAW",1.607000,0.200000,0.147000,0.000000,-20.000000,0.000000,20.000000,0.000000,0.000000,0.000000,0.000000,0.012160,0.000000,0.910900,-9.149885,-9.413327,-15.088700,20.000000
1.755000,18,"LINK_TORSO_YAW",1.607000,0.200000,0.148000,0.000000,-20.000000,0.000000,20.000000,0.000000,0.000000,0.000000,0.000000,0.012160,0.000000,0.910900,-9.127787,-9.357056,-15.137008,20.000000
1.756000,18,"LINK_TORSO_YAW",1.607000,0.200000,0.149000,0.000000,-20.000000,0.000000,20.000000,0.000000,0.000000,0.000000,0.000000,0.012160,0.000000,0.910900,-9.105596,-9.300064,-15.185418,20.000000
1.757000,18,"LINK_TORSO_YAW",1.607000,0.200000,0.150000,0.000000,-20.000000,0.000000,20.000000,0.000000,0.000000,0.000000,0.000000,0.012160,0.000000,0.910900,-9.082714,-9.243132,-15.233805,20.000000
1.759000,18,"LINK_TORSO_YAW",1.607000,0.200000,0.152000,0.000000,-20.000000,0.000000,20.000000,0.000000,0.000000,0.000000,0.000000,0.012160,0.000000,0.910900,-9.034945,-9.129950,-15.330159,20.000000
1.760000,18,"LINK_TORSO_YAW",1.607000,0.200000,0.153000,0.000000,-20.000000,0.000000,20.000000,0.000000,0.000000,0.000000,0.000000,0.012160,0.000000,0.910900,-9.009945,-9.073252,-15.378458,20.000000
1.761000,18,"LINK_TORSO_YAW",1.607000,0.200000,0.154000,0.000000,-20.000000,0.000000,20.000000,0.000000,0.000000,0.000000,0.000000,0.012160,0.000000,0.910900,-8.984216,-9.016390,-15.426878,20.000000
1.763000,18,"LINK_TORSO_YAW",1.607000,0.200000,0.156000,0.000000,-20.000000,0.000000,20.000000,0.000000,0.000000,0.000000,0.000000,0.012160,0.000000,0.910900,-8.930894,-8.903671,-15.523008,20.000000
1.764000,18,"LINK_TORSO_YAW",1.607000,0.200000,0.157000,0.000000,-20.000000,0.000000,20.000000,0.000000,0.000000,0.000000,0.000000,0.012160,0.000000,0.910900,-8.903222,-8.847455,-15.570972,20.000000
1.765000,18,"LINK_TORSO_YAW",1.607000,0.200000,0.158000,0.000000,-20.000000,0.000000,20.000000,0.000000,0.000000,0.000000,0.000000,0.012160,0.000000,0.910900,-8.875213,-8.791389,-15.618645,20.000000
1.766000,18,"LINK_TORSO_YAW",1.607000,0.200000,0.159000,0.000000,-20.000000,0.000000,20.000000,0.000000,0.000000,0.000000,0.000000,0.012160,0.000000,0.910900,-8.846451,-8.734963,-15.666548,20.000000
1.767000,18,"LINK_TORSO_YAW",1.607000,0.200000,0.160000,0.000000,-20.000000,0.000000,20.000000,0.000000,0.000000,0.000000,0.000000,0.012160,0.000000,0.910900,-8.817449,-8.677190,-15.714928,20.000000
1.768000,18,"LINK_TORSO_YAW",1.607000,0.200000,0.161000,0.000000,-20.000000,0.000000,20.000000,0.000000,0.000000,0.000000,0.000000,0.012160,0.000000,0.910900,-8.788137,-8.618099,-15.763788,20.000000
1.769000,18,"LINK_TORSO_YAW",1.607000,0.200000,0.162000,0.000000,-20.000000,0.000000,20.000000,0.000000,0.000000,0.000000,0.000000,0.012160,0.000000,0.910900,-8.758437,-8.557645,-15.813175,20.000000
1.770000,18,"LINK_TORSO_YAW",1.607000,0.200000,0.163000,0.000000,-20.000000,0.000000,20.000000,0.000000,0.000000,0.000000,0.000000,0.012160,0.000000,0.910900,-8.728293,-8.495825,-15.863097,20.000000
1.771000,18,"LINK_TORSO_YAW",1.607000,0.200000,0.164000,0.000000,-20.000000,0.000000,20.000000,0.000000,0.000000,0.000000,0.000000,0.012160,0.000000,0.910900,-8.697181,-8.432952,-15.913653,20.000000
1.772000,18,"LINK_TORSO_YAW",1.607000,0.200000,0.165000,0.000000,-20.000000,0.000000,20.000000,0.000000,0.000000,0.000000,0.000000,0.012160,0.000000,0.910900,-8.665498,-8.368998,-15.964618,20.000000
1.773000,18,"LINK_TORSO_YAW",1.607000,0.200000,0.166000,0.000000,-20.000000,0.000000,20.000000,0.000000,0.000000,0.000000,0.000000,0.012160,0.000000,0.910900,-8.633171,-8.303969,-16.016006,20.000000
1.774000,18,"LINK_TORSO_YAW",1.607000,0.200000,0.167000,0.000000,-20.000000,0.000000,20.000000,0.000000,0.000000,0.000000,0.000000,0.012160,0.000000,0.910900,-8.600353,-8.237804,-16.067748,20.000000
1.775000,18,"LINK_TORSO_YAW",1.607000,0.200000,0.168000,0.000000,-20.000000,0.000000,20.000000,0.000000,0.000000,0.000000,0.000000,0.012160,0.000000,0.910900,-8.567016,-8.170515,-16.119830,20.000000
1.776000,18,"LINK_TORSO_YAW",1.607000,0.200000,0.169000,0.000000,-20.000000,0.000000,20.000000,0.000000,0.000000,0.000000,0.000000,0.012160,0.000000,0.910900,-8.532417,-8.102660,-16.172346,20.000000
1.777000,18,"LINK_TORSO_YAW",1.607000,0.200000,0.170000,0.000000,-20.000000,0.000000,20.000000,0.000000,0.000000,0.000000,0.000000,0.012160,0.000000,0.910900,-8.497063,-8.034132,-16.225062,20.000000
1.778000,18,"LINK_TORSO_YAW",1.607000,0.200000,0.171000,0.000000,-20.000000,0.000000,20.000000,0.000000,0.000000,0.000000,0.000000,0.012160,0.000000,0.910900,-8.461134,-7.964995,-16.277840,20.000000
1.779000,18,"LINK_TORSO_YAW",1.607000,0.200000,0.172000,0.000000,-20.000000,0.000000,20.000000,0.000000,0.000000,0.000000,0.000000,0.012160,0.000000,0.910900,-8.424229,-7.895379,-16.330810,20.000000
1.780000,18,"LINK_TORSO_YAW",1.607000,0.200000,0.173000,0.000000,-20.000000,0.000000,20.000000,0.000000,0.000000,0.000000,0.000000,0.012160,0.000000,0.910900,-8.386769,-7.825163,-16.383801,20.000000
1.781000,18,"LINK_TORSO_YAW",1.607000,0.200000,0.174000,0.000000,-20.000000,0.000000,20.000000,0.000000,0.000000,0.000000,0.000000,0.012160,0.000000,0.910900,-8.348337,-7.754469,-16.436955,20.000000
1.782000,18,"LINK_TORSO_YAW",1.607000,0.200000,0.175000,0.000000,-20.000000,0.000000,20.000000,0.000000,0.000000,0.000000,0.000000,0.012160,0.000000,0.910900,-8.309428,-7.683449,-16.489937,20.000000
1.783000,18,"LINK_TORSO_YAW",1.607000,0.200000,0.176000,0.000000,-20.000000,0.000000,20.000000,0.000000,0.000000,0.000000,0.000000,0.012160,0.000000,0.910900,-8.269570,-7.612229,-16.542919,20.000000
1.784000,18,"LINK_TORSO_YAW",1.607000,0.200000,0.177000,0.000000,-20.000000,0.000000,20.000000,0.000000,0.000000,0.000000,0.000000,0.012160,0.000000,0.910900,-8.229255,-7.540669,-16.595713,20.000000
1.785000,18,"LINK_TORSO_YAW",1.607000,0.200000,0.178000,0.000000,-20.000000,0.000000,20.000000,0.000000,0.000000,0.000000,0.000000,0.012160,0.000000,0.910900,-8.187995,-7.469004,-16.648445,20.000000
1.786000,18,"LINK_TORSO_YAW",1.607000,0.200000,0.179000,0.000000,-20.000000,0.000000,20.000000,0.000000,0.000000,0.000000,0.000000,0.012160,0.000000,0.910900,-8.146294,-7.397093,-16.700925,20.000000
1.787000,18,"LINK_TORSO_YAW",1.607000,0.200000,0.180000,0.000000,-20.000000,0.000000,20.000000,0.000000,0.000000,0.000000,0.000000,0.012160,0.000000,0.910900,-8.103647,-7.325058,-16.753341,20.000000
1.788000,18,"LINK_TORSO_YAW",1.607000,0.200000,0.181000,0.000000,-20.000000,0.000000,20.000000,0.000000,0.000000,0.000000,0.000000,0.012160,0.000000,0.910900,-8.060577,-7.252753,-16.805495,20.000000
1.789000,18,"LINK_TORSO_YAW",1.607000,0.200000,0.182000,0.000000,-20.000000,0.000000,20.000000,0.000000,0.000000,0.000000,0.000000,0.012160,0.000000,0.910900,-8.016663,-7.181035,-16.857220,20.000000
1.790000,18,"LINK_TORSO_YAW",1.607000,0.200000,0.183000,0.000000,-20.000000,0.000000,20.000000,0.000000,0.000000,0.000000,0.000000,0.012160,0.000000,0.910900,-7.972209,-7.108403,-16.909006,20.000000
1.791000,18,"LINK_TORSO_YAW",1.607000,0.200000,0.184000,0.000000,-20.000000,0.000000,20.000000,0.000000,0.000000,0.000000,0.000000,0.012160,0.000000,0.910900,-7.926805,-7.035519,-16.960756,20.000000
1.792000,18,"LINK_TORSO_YAW",1.607000,0.200000,0.185000,0.000000,-20.000000,0.000000,20.000000,0.000000,0.000000,0.000000,0.000000,0.012160,0.000000,0.910900,-7.881074,-6.962616,-17.012074,20.000000
1.794000,18,"LINK_TORSO_YAW",1.607000,0.200000,0.187000,0.000000,-20.000000,0.000000,20.000000,0.000000,0.000000,0.000000,0.000000,0.012160,0.000000,0.910900,-7.787567,-6.817700,-17.113526,20.000000
1.795000,18,"LINK_TORSO_YAW",1.607000,0.200000,0.188000,0.000000,-20.000000,0.000000,20.000000,0.000000,0.000000,0.000000,0.000000,0.012160,0.000000,0.910900,-7.740308,-6.744988,-17.163705,20.000000
1.796000,18,"LINK_TORSO_YAW",1.607000,0.200000,0.189000,0.000000,-20.000000,0.000000,20.000000,0.000000,0.000000,0.000000,0.000000,0.012160,0.000000,0.910900,-7.691776,-6.672292,-17.213864,20.000000
1.797000,18,"LINK_TORSO_YAW",1.607000,0.200000,0.190000,0.000000,-20.000000,0.000000,20.000000,0.000000,0.000000,0.000000,0.000000,0.012160,0.000000,0.910900,-7.642753,-6.600219,-17.263413,20.000000
1.798000,18,"LINK_TORSO_YAW",1.607000,0.200000,0.191000,0.000000,-20.000000,0.000000,20.000000,0.000000,0.000000,0.000000,0.000000,0.012160,0.000000,0.910900,-7.593375,-6.527571,-17.312754,20.000000
1.799000,18,"LINK_TORSO_YAW",1.607000,0.200000,0.192000,0.000000,-20.000000,0.000000,20.000000,0.000000,0.000000,0.000000,0.000000,0.012160,0.000000,0.910900,-7.543713,-6.454710,-17.361714,20.000000
1.800000,18,"LINK_TORSO_YAW",1.607000,0.200000,0.193000,0.000000,-20.000000,0.000000,20.000000,0.000000,0.000000,0.000000,0.000000,0.012160,0.000000,0.910900,-7.492842,-6.382535,-17.410358,20.000000
