timestamp,perturbation_id,body_name,start_time,duration,elapsed_time,force_x,force_y,force_z,force_magnitude,torque_x,torque_y,torque_z,torque_magnitude,std_pose_x,std_pose_y,std_pose_z,world_force_x,world_force_y,world_force_z,world_force_magnitude
10.969000,1,"LINK_TORSO_YAW",10.968000,0.200000,0.001000,20.000000,0.000000,0.000000,20.000000,0.000000,0.000000,0.000000,0.000000,0.012160,0.000000,0.910900,19.047075,6.096818,0.194249,20.000000
10.970000,1,"LINK_TORSO_YAW",10.968000,0.200000,0.002000,20.000000,0.000000,0.000000,20.000000,0.000000,0.000000,0.000000,0.000000,0.012160,0.000000,0.910900,19.047605,6.095246,0.191638,20.000000
10.971000,1,"LINK_TORSO_YAW",10.968000,0.200000,0.003000,20.000000,0.000000,0.000000,20.000000,0.000000,0.000000,0.000000,0.000000,0.012160,0.000000,0.910900,19.048119,6.093722,0.188956,20.000000
10.972000,1,"LINK_TORSO_YAW",10.968000,0.200000,0.004000,20.000000,0.000000,0.000000,20.000000,0.000000,0.000000,0.000000,0.000000,0.012160,0.000000,0.910900,19.048618,6.092247,0.186161,20.000000
10.973000,1,"LINK_TORSO_YAW",10.968000,0.200000,0.005000,20.000000,0.000000,0.000000,20.000000,0.000000,0.000000,0.000000,0.000000,0.012160,0.000000,0.910900,19.049118,6.090777,0.183199,20.000000
10.974000,1,"LINK_TORSO_YAW",10.968000,0.200000,0.006000,20.000000,0.000000,0.000000,20.000000,0.000000,0.000000,0.000000,0.000000,0.012160,0.000000,0.910900,19.049589,6.089396,0.180034,20.000000
10.975000,1,"LINK_TORSO_YAW",10.968000,0.200000,0.007000,20.000000,0.000000,0.000000,20.000000,0.000000,0.000000,0.000000,0.000000,0.012160,0.000000,0.910900,19.050048,6.088059,0.176625,20.000000
10.976000,1,"LINK_TORSO_YAW",10.968000,0.200000,0.008000,20.000000,0.000000,0.000000,20.000000,0.000000,0.000000,0.000000,0.000000,0.012160,0.000000,0.910900,19.050495,6.086766,0.172927,20.000000
10.977000,1,"LINK_TORSO_YAW",10.968000,0.200000,0.009000,20.000000,0.000000,0.000000,20.000000,0.000000,0.000000,0.000000,0.000000,0.012160,0.000000,0.910900,19.050929,6.085521,0.168916,20.000000
10.978000,1,"LINK_TORSO_YAW",10.968000,0.200000,0.010000,20.000000,0.000000,0.000000,20.000000,0.000000,0.000000,0.000000,0.000000,0.012160,0.000000,0.910900,19.051382,6.084223,0.164549,20.000000
10.979000,1,"LINK_TORSO_YAW",10.968000,0.200000,0.011000,20.000000,0.000000,0.000000,20.000000,0.000000,0.000000,0.000000,0.000000,0.012160,0.000000,0.910900,19.051804,6.083028,0.159791,20.000000
10.980000,1,"LINK_TORSO_YAW",10.968000,0.200000,0.012000,20.000000,0.000000,0.000000,20.000000,0.000000,0.000000,0.000000,0.000000,0.012160,0.000000,0.910900,19.052215,6.081862,0.155057,20.000000
10.981000,1,"LINK_TORSO_YAW",10.968000,0.200000,0.013000,20.000000,0.000000,0.000000,20.000000,0.000000,0.000000,0.000000,0.000000,0.012160,0.000000,0.910900,19.052613,6.080736,0.150301,20.000000
10.982000,1,"LINK_TORSO_YAW",10.968000,0.200000,0.014000,20.000000,0.000000,0.000000,20.000000,0.000000,0.000000,0.000000,0.000000,0.012160,0.000000,0.910900,19.052996,6.079652,0.145478,20.000000
10.983000,1,"LINK_TORSO_YAW",10.968000,0.200000,0.015000,20.000000,0.000000,0.000000,20.000000,0.000000,0.000000,0.000000,0.000000,0.012160,0.000000,0.910900,19.053387,6.078543,0.140594,20.000000
10.984000,1,"LINK_TORSO_YAW",10.968000,0.200000,0.016000,20.000000,0.000000,0.000000,20.000000,0.000000,0.000000,0.000000,0.000000,0.012160,0.000000,0.910900,19.053762,6.077480,0.135604,20.000000
10.985000,1,"LINK_TORSO_YAW",10.968000,0.200000,0.017000,20.000000,0.000000,0.000000,20.000000,0.000000,0.000000,0.000000,0.000000,0.012160,0.000000,0.910900,19.054131,6.076436,0.130460,20.000000
10.986000,1,"LINK_TORSO_YAW",10.968000,0.200000,0.018000,20.000000,0.000000,0.000000,20.000000,0.000000,0.000000,0.000000,0.000000,0.012160,0.000000,0.910900,19.054492,6.075416,0.125106,20.000000
10.987000,1,"LINK_TORSO_YAW",10.968000,0.200000,0.019000,20.000000,0.000000,0.000000,20.000000,0.000000,0.000000,0.000000,0.000000,0.012160,0.000000,0.910900,19.054832,6.074461,0.119496,20.000000
10.988000,1,"LINK_TORSO_YAW",10.968000,0.200000,0.020000,20.000000,0.000000,0.000000,20.000000,0.000000,0.000000,0.000000,0.000000,0.012160,0.000000,0.910900,19.055206,6.073402,0.113582,20.000000
10.989000,1,"LINK_TORSO_YAW",10.968000,0.200000,0.021000,20.000000,0.000000,0.000000,20.000000,0.000000,0.000000,0.000000,0.000000,0.012160,0.000000,0.910900,19.055554,6.072426,0.107341,20.000000
10.990000,1,"LINK_TORSO_YAW",10.968000,0.200000,0.022000,20.000000,0.000000,0.000000,20.000000,0.000000,0.000000,0.000000,0.000000,0.012160,0.000000,0.910900,19.055898,6.071458,0.100774,20.000000
10.991000,1,"LINK_TORSO_YAW",10.968000,0.200000,0.023000,20.000000,0.000000,0.000000,20.000000,0.000000,0.000000,0.000000,0.000000,0.012160,0.000000,0.910900,19.056241,6.070484,0.094385,20.000000
10.992000,1,"LINK_TORSO_YAW",10.968000,0.200000,0.024000,20.000000,0.000000,0.000000,20.000000,0.000000,0.000000,0.000000,0.000000,0.012160,0.000000,0.910900,19.056588,6.069488,0.088102,20.000000
10.993000,1,"LINK_TORSO_YAW",10.968000,0.200000,0.025000,20.000000,0.000000,0.000000,20.000000,0.000000,0.000000,0.000000,0.000000,0.012160,0.000000,0.910900,19.056930,6.068502,0.081870,20.000000
10.994000,1,"LINK_TORSO_YAW",10.968000,0.200000,0.026000,20.000000,0.000000,0.000000,20.000000,0.000000,0.000000,0.000000,0.000000,0.012160,0.000000,0.910900,19.057271,6.067512,0.075624,20.000000
10.995000,1,"LINK_TORSO_YAW",10.968000,0.200000,0.027000,20.000000,0.000000,0.000000,20.000000,0.000000,0.000000,0.000000,0.000000,0.012160,0.000000,0.910900,19.057608,6.066528,0.069306,20.000000
10.996000,1,"LINK_TORSO_YAW",10.968000,0.200000,0.028000,20.000000,0.000000,0.000000,20.000000,0.000000,0.000000,0.000000,0.000000,0.012160,0.000000,0.910900,19.057953,6.065515,0.062856,20.000000
10.997000,1,"LINK_TORSO_YAW",10.968000,0.200000,0.029000,20.000000,0.000000,0.000000,20.000000,0.000000,0.000000,0.000000,0.000000,0.012160,0.000000,0.910900,19.058263,6.064605,0.056331,20.000000
10.998000,1,"LINK_TORSO_YAW",10.968000,0.200000,0.030000,20.000000,0.000000,0.000000,20.000000,0.000000,0.000000,0.000000,0.000000,0.012160,0.000000,0.910900,19.058577,6.063677,0.049674,20.000000
10.999000,1,"LINK_TORSO_YAW",10.968000,0.200000,0.031000,20.000000,0.000000,0.000000,20.000000,0.000000,0.000000,0.000000,0.000000,0.012160,0.000000,0.910900,19.058879,6.062779,0.042820,20.000000
11.000000,1,"LINK_TORSO_YAW",10.968000,0.200000,0.032000,20.000000,0.000000,0.000000,20.000000,0.000000,0.000000,0.000000,0.000000,0.012160,0.000000,0.910900,19.059194,6.061835,0.035717,20.000000
11.001000,1,"LINK_TORSO_YAW",10.968000,0.200000,0.033000,20.000000,0.000000,0.000000,20.000000,0.000000,0.000000,0.000000,0.000000,0.012160,0.000000,0.910900,19.059479,6.060979,0.028333,20.000000
11.002000,1,"LINK_TORSO_YAW",10.968000,0.200000,0.034000,20.000000,0.000000,0.000000,20.000000,0.000000,0.000000,0.000000,0.000000,0.012160,0.000000,0.910900,19.059753,6.060148,0.020635,20.000000
11.003000,1,"LINK_TORSO_YAW",10.968000,0.200000,0.035000,20.000000,0.000000,0.000000,20.000000,0.000000,0.000000,0.000000,0.000000,0.012160,0.000000,0.910900,19.060017,6.059337,0.013164,20.000000
11.004000,1,"LINK_TORSO_YAW",10.968000,0.200000,0.036000,20.000000,0.000000,0.000000,20.000000,0.000000,0.000000,0.000000,0.000000,0.012160,0.000000,0.910900,19.060279,6.058525,0.005979,20.000000
11.005000,1,"LINK_TORSO_YAW",10.968000,0.200000,0.037000,20.000000,0.000000,0.000000,20.000000,0.000000,0.000000,0.000000,0.000000,0.012160,0.000000,0.910900,19.060541,6.057705,-0.000997,20.000000
11.006000,1,"LINK_TORSO_YAW",10.968000,0.200000,0.038000,20.000000,0.000000,0.000000,20.000000,0.000000,0.000000,0.000000,0.000000,0.012160,0.000000,0.910900,19.060810,6.056851,-0.007833,20.000000
11.007000,1,"LINK_TORSO_YAW",10.968000,0.200000,0.039000,20.000000,0.000000,0.000000,20.000000,0.000000,0.000000,0.000000,0.000000,0.012160,0.000000,0.910900,19.061064,6.056039,-0.014581,20.000000
11.008000,1,"LINK_TORSO_YAW",10.968000,0.200000,0.040000,20.000000,0.000000,0.000000,20.000000,0.000000,0.000000,0.000000,0.000000,0.012160,0.000000,0.910900,19.061314,6.055235,-0.021307,20.000000
11.009000,1,"LINK_TORSO_YAW",10.968000,0.200000,0.041000,20.000000,0.000000,0.000000,20.000000,0.000000,0.000000,0.000000,0.000000,0.012160,0.000000,0.910900,19.061565,6.054415,-0.028082,20.000000
11.010000,1,"LINK_TORSO_YAW",10.968000,0.200000,0.042000,20.000000,0.000000,0.000000,20.000000,0.000000,0.000000,0.000000,0.000000,0.012160,0.000000,0.910900,19.061807,6.053618,-0.034859,20.000000
11.011000,1,"LINK_TORSO_YAW",10.968000,0.200000,0.043000,20.000000,0.000000,0.000000,20.000000,0.000000,0.000000,0.000000,0.000000,0.012160,0.000000,0.910900,19.062043,6.052832,-0.041711,20.000000
11.012000,1,"LINK_TORSO_YAW",10.968000,0.200000,0.044000,20.000000,0.000000,0.000000,20.000000,0.000000,0.000000,0.000000,0.000000,0.012160,0.000000,0.910900,19.062296,6.051984,-0.048706,20.000000
11.013000,1,"LINK_TORSO_YAW",10.968000,0.200000,0.045000,20.000000,0.000000,0.000000,20.000000,0.000000,0.000000,0.000000,0.000000,0.012160,0.000000,0.910900,19.062517,6.051226,-0.055887,20.000000
11.014000,1,"LINK_TORSO_YAW",10.968000,0.200000,0.046000,20.000000,0.000000,0.000000,20.000000,0.000000,0.000000,0.000000,0.000000,0.012160,0.000000,0.910900,19.062736,6.050468,-0.062727,20.000000
11.015000,1,"LINK_TORSO_YAW",10.968000,0.200000,0.047000,20.000000,0.000000,0.000000,20.000000,0.000000,0.000000,0.000000,0.000000,0.012160,0.000000,0.910900,19.062947,6.049733,-0.069279,20.000000
11.016000,1,"LINK_TORSO_YAW",10.968000,0.200000,0.048000,20.000000,0.000000,0.000000,20.000000,0.000000,0.000000,0.000000,0.000000,0.012160,0.000000,0.910900,19.063149,6.049018,-0.075615,20.000000
11.017000,1,"LINK_TORSO_YAW",10.968000,0.200000,0.049000,20.000000,0.000000,0.000000,20.000000,0.000000,0.000000,0.000000,0.000000,0.012160,0.000000,0.910900,19.063354,6.048293,-0.081722,20.000000
11.018000,1,"LINK_TORSO_YAW",10.968000,0.200000,0.050000,20.000000,0.000000,0.000000,20.000000,0.000000,0.000000,0.000000,0.000000,0.012160,0.000000,0.910900,19.063544,6.047611,-0.087658,20.000000
11.019000,1,"LINK_TORSO_YAW",10.968000,0.200000,0.051000,20.000000,0.000000,0.000000,20.000000,0.000000,0.000000,0.000000,0.000000,0.012160,0.000000,0.910900,19.063699,6.047037,-0.093488,20.000000
11.020000,1,"LINK_TORSO_YAW",10.968000,0.200000,0.052000,20.000000,0.000000,0.000000,20.000000,0.000000,0.000000,0.000000,0.000000,0.012160,0.000000,0.910900,19.063868,6.046412,-0.099268,20.000000
11.021000,1,"LINK_TORSO_YAW",10.968000,0.200000,0.053000,20.000000,0.000000,0.000000,20.000000,0.000000,0.000000,0.000000,0.000000,0.012160,0.000000,0.910900,19.063994,6.045915,-0.105056,20.000000
11.022000,1,"LINK_TORSO_YAW",10.968000,0.200000,0.054000,20.000000,0.000000,0.000000,20.000000,0.000000,0.000000,0.000000,0.000000,0.012160,0.000000,0.910900,19.064100,6.045477,-0.110906,20.000000
11.023000,1,"LINK_TORSO_YAW",10.968000,0.200000,0.055000,20.000000,0.000000,0.000000,20.000000,0.000000,0.000000,0.000000,0.000000,0.012160,0.000000,0.910900,19.064177,6.045123,-0.116858,20.000000
11.024000,1,"LINK_TORSO_YAW",10.968000,0.200000,0.056000,20.000000,0.000000,0.000000,20.000000,0.000000,0.000000,0.000000,0.000000,0.012160,0.000000,0.910900,19.064225,6.044851,-0.122932,20.000000
11.025000,1,"LINK_TORSO_YAW",10.968000,0.200000,0.057000,20.000000,0.000000,0.000000,20.000000,0.000000,0.000000,0.000000,0.000000,0.012160,0.000000,0.910900,19.064272,6.044572,-0.129187,20.000000
11.026000,1,"LINK_TORSO_YAW",10.968000,0.200000,0.058000,20.000000,0.000000,0.000000,20.000000,0.000000,0.000000,0.000000,0.000000,0.012160,0.000000,0.910900,19.064258,6.044487,-0.135063,20.000000
11.027000,1,"LINK_TORSO_YAW",10.968000,0.200000,0.059000,20.000000,0.000000,0.000000,20.000000,0.000000,0.000000,0.000000,0.000000,0.012160,0.000000,0.910900,19.064239,6.044420,-0.140615,20.000000
11.028000,1,"LINK_TORSO_YAW",10.968000,0.200000,0.060000,20.000000,0.000000,0.000000,20.000000,0.000000,0.000000,0.000000,0.000000,0.012160,0.000000,0.910900,19.064203,6.044407,-0.145916,20.000000
11.029000,1,"LINK_TORSO_YAW",10.968000,0.200000,0.061000,20.000000,0.000000,0.000000,20.000000,0.000000,0.000000,0.000000,0.000000,0.012160,0.000000,0.910900,19.064132,6.044507,-0.151006,20.000000
11.030000,1,"LINK_TORSO_YAW",10.968000,0.200000,0.062000,20.000000,0.000000,0.000000,20.000000,0.000000,0.000000,0.000000,0.000000,0.012160,0.000000,0.910900,19.064025,6.044719,-0.155931,20.000000
11.031000,1,"LINK_TORSO_YAW",10.968000,0.200000,0.063000,20.000000,0.000000,0.000000,20.000000,0.000000,0.000000,0.000000,0.000000,0.012160,0.000000,0.910900,19.063931,6.044888,-0.160777,20.000000
11.032000,1,"LINK_TORSO_YAW",10.968000,0.200000,0.064000,20.000000,0.000000,0.000000,20.000000,0.000000,0.000000,0.000000,0.000000,0.012160,0.000000,0.910900,19.063790,6.045206,-0.165533,20.000000
11.033000,1,"LINK_TORSO_YAW",10.968000,0.200000,0.065000,20.000000,0.000000,0.000000,20.000000,0.000000,0.000000,0.000000,0.000000,0.012160,0.000000,0.910900,19.063626,6.045591,-0.170266,20.000000
11.034000,1,"LINK_TORSO_YAW",10.968000,0.200000,0.066000,20.000000,0.000000,0.000000,20.000000,0.000000,0.000000,0.000000,0.000000,0.012160,0.000000,0.910900,19.063454,6.045997,-0.175037,20.000000
11.035000,1,"LINK_TORSO_YAW",10.968000,0.200000,0.067000,20.000000,0.000000,0.000000,20.000000,0.000000,0.000000,0.000000,0.000000,0.012160,0.000000,0.910900,19.063196,6.046667,-0.179896,20.000000
11.036000,1,"LINK_TORSO_YAW",10.968000,0.200000,0.068000,20.000000,0.000000,0.000000,20.000000,0.000000,0.000000,0.000000,0.000000,0.012160,0.000000,0.910900,19.062926,6.047367,-0.184897,20.000000
11.037000,1,"LINK_TORSO_YAW",10.968000,0.200000,0.069000,20.000000,0.000000,0.000000,20.000000,0.000000,0.000000,0.000000,0.000000,0.012160,0.000000,0.910900,19.062635,6.048143,-0.189500,20.000000
11.038000,1,"LINK_TORSO_YAW",10.968000,0.200000,0.070000,20.000000,0.000000,0.000000,20.000000,0.000000,0.000000,0.000000,0.000000,0.012160,0.000000,0.910900,19.062311,6.049030,-0.193742,20.000000
11.039000,1,"LINK_TORSO_YAW",10.968000,0.200000,0.071000,20.000000,0.000000,0.000000,20.000000,0.000000,0.000000,0.000000,0.000000,0.012160,0.000000,0.910900,19.061966,6.049989,-0.197694,20.000000
11.040000,1,"LINK_TORSO_YAW",10.968000,0.200000,0.072000,20.000000,0.000000,0.000000,20.000000,0.000000,0.000000,0.000000,0.000000,0.012160,0.000000,0.910900,19.061590,6.051050,-0.201421,20.000000
11.041000,1,"LINK_TORSO_YAW",10.968000,0.200000,0.073000,20.000000,0.000000,0.000000,20.000000,0.000000,0.000000,0.000000,0.000000,0.012160,0.000000,0.910900,19.061188,6.052199,-0.204972,20.000000
11.042000,1,"LINK_TORSO_YAW",10.968000,0.200000,0.074000,20.000000,0.000000,0.000000,20.000000,0.000000,0.000000,0.000000,0.000000,0.012160,0.000000,0.910900,19.060756,6.053441,-0.208413,20.000000
11.043000,1,"LINK_TORSO_YAW",10.968000,0.200000,0.075000,20.000000,0.000000,0.000000,20.000000,0.000000,0.000000,0.000000,0.000000,0.012160,0.000000,0.910900,19.060303,6.054750,-0.211803,20.000000
11.044000,1,"LINK_TORSO_YAW",10.968000,0.200000,0.076000,20.000000,0.000000,0.000000,20.000000,0.000000,0.000000,0.000000,0.000000,0.012160,0.000000,0.910900,19.059798,6.056220,-0.215189,20.000000
11.045000,1,"LINK_TORSO_YAW",10.968000,0.200000,0.077000,20.000000,0.000000,0.000000,20.000000,0.000000,0.000000,0.000000,0.000000,0.012160,0.000000,0.910900,19.059240,6.057851,-0.218648,20.000000
11.046000,1,"LINK_TORSO_YAW",10.968000,0.200000,0.078000,20.000000,0.000000,0.000000,20.000000,0.000000,0.000000,0.000000,0.000000,0.012160,0.000000,0.910900,19.058667,6.059524,-0.222225,20.000000
11.047000,1,"LINK_TORSO_YAW",10.968000,0.200000,0.079000,20.000000,0.000000,0.000000,20.000000,0.000000,0.000000,0.000000,0.000000,0.012160,0.000000,0.910900,19.058073,6.061251,-0.225981,20.000000
11.048000,1,"LINK_TORSO_YAW",10.968000,0.200000,0.080000,20.000000,0.000000,0.000000,20.000000,0.000000,0.000000,0.000000,0.000000,0.012160,0.000000,0.910900,19.057414,6.063175,-0.229956,20.000000
11.049000,1,"LINK_TORSO_YAW",10.968000,0.200000,0.081000,20.000000,0.000000,0.000000,20.000000,0.000000,0.000000,0.000000,0.000000,0.012160,0.000000,0.910900,19.056718,6.065226,-0.233556,20.000000
11.050000,1,"LINK_TORSO_YAW",10.968000,0.200000,0.082000,20.000000,0.000000,0.000000,20.000000,0.000000,0.000000,0.000000,0.000000,0.012160,0.000000,0.910900,19.056002,6.067346,-0.236843,20.000000
11.051000,1,"LINK_TORSO_YAW",10.968000,0.200000,0.083000,20.000000,0.000000,0.000000,20.000000,0.000000,0.000000,0.000000,0.000000,0.012160,0.000000,0.910900,19.055252,6.069583,-0.239844,20.000000
11.052000,1,"LINK_TORSO_YAW",10.968000,0.200000,0.084000,20.000000,0.000000,0.000000,20.000000,0.000000,0.000000,0.000000,0.000000,0.012160,0.000000,0.910900,19.054474,6.071913,-0.242632,20.000000
11.053000,1,"LINK_TORSO_YAW",10.968000,0.200000,0.085000,20.000000,0.000000,0.000000,20.000000,0.000000,0.000000,0.000000,0.000000,0.012160,0.000000,0.910900,19.053652,6.074388,-0.245265,20.000000
11.054000,1,"LINK_TORSO_YAW",10.968000,0.200000,0.086000,20.000000,0.000000,0.000000,20.000000,0.000000,0.000000,0.000000,0.000000,0.012160,0.000000,0.910900,19.052812,6.076920,-0.247801,20.000000
11.055000,1,"LINK_TORSO_YAW",10.968000,0.200000,0.087000,20.000000,0.000000,0.000000,20.000000,0.000000,0.000000,0.000000,0.000000,0.012160,0.000000,0.910900,19.051918,6.079621,-0.250287,20.000000
11.056000,1,"LINK_TORSO_YAW",10.968000,0.200000,0.088000,20.000000,0.000000,0.000000,20.000000,0.000000,0.000000,0.000000,0.000000,0.012160,0.000000,0.910900,19.050986,6.082438,-0.252786,20.000000
11.057000,1,"LINK_TORSO_YAW",10.968000,0.200000,0.089000,20.000000,0.000000,0.000000,20.000000,0.000000,0.000000,0.000000,0.000000,0.012160,0.000000,0.910900,19.049989,6.085450,-0.255353,20.000000
11.058000,1,"LINK_TORSO_YAW",10.968000,0.200000,0.090000,20.000000,0.000000,0.000000,20.000000,0.000000,0.000000,0.000000,0.000000,0.012160,0.000000,0.910900,19.048989,6.088467,-0.258057,20.000000
11.059000,1,"LINK_TORSO_YAW",10.968000,0.200000,0.091000,20.000000,0.000000,0.000000,20.000000,0.000000,0.000000,0.000000,0.000000,0.012160,0.000000,0.910900,19.047928,6.091663,-0.260945,20.000000
11.060000,1,"LINK_TORSO_YAW",10.968000,0.200000,0.092000,20.000000,0.000000,0.000000,20.000000,0.000000,0.000000,0.000000,0.000000,0.012160,0.000000,0.910900,19.046837,6.094963,-0.263473,20.000000
11.061000,1,"LINK_TORSO_YAW",10.968000,0.200000,0.093000,20.000000,0.000000,0.000000,20.000000,0.000000,0.000000,0.000000,0.000000,0.012160,0.000000,0.910900,19.045707,6.098396,-0.265703,20.000000
11.062000,1,"LINK_TORSO_YAW",10.968000,0.200000,0.094000,20.000000,0.000000,0.000000,20.000000,0.000000,0.000000,0.000000,0.000000,0.012160,0.000000,0.910900,19.044548,6.101928,-0.267691,20.000000
11.063000,1,"LINK_TORSO_YAW",10.968000,0.200000,0.095000,20.000000,0.000000,0.000000,20.000000,0.000000,0.000000,0.000000,0.000000,0.012160,0.000000,0.910900,19.043341,6.105615,-0.269491,20.000000
11.064000,1,"LINK_TORSO_YAW",10.968000,0.200000,0.096000,20.000000,0.000000,0.000000,20.000000,0.000000,0.000000,0.000000,0.000000,0.012160,0.000000,0.910900,19.042096,6.109424,-0.271165,20.000000
11.065000,1,"LINK_TORSO_YAW",10.968000,0.200000,0.097000,20.000000,0.000000,0.000000,20.000000,0.000000,0.000000,0.000000,0.000000,0.012160,0.000000,0.910900,19.040808,6.113365,-0.272783,20.000000
11.066000,1,"LINK_TORSO_YAW",10.968000,0.200000,0.098000,20.000000,0.000000,0.000000,20.000000,0.000000,0.000000,0.000000,0.000000,0.012160,0.000000,0.910900,19.039500,6.117364,-0.274398,20.000000
11.067000,1,"LINK_TORSO_YAW",10.968000,0.200000,0.099000,20.000000,0.000000,0.000000,20.000000,0.000000,0.000000,0.000000,0.000000,0.012160,0.000000,0.910900,19.038145,6.121506,-0.276059,20.000000
11.068000,1,"LINK_TORSO_YAW",10.968000,0.200000,0.100000,20.000000,0.000000,0.000000,20.000000,0.000000,0.000000,0.000000,0.000000,0.012160,0.000000,0.910900,19.036751,6.125759,-0.277826,20.000000
11.069000,1,"LINK_TORSO_YAW",10.968000,0.200000,0.101000,20.000000,0.000000,0.000000,20.000000,0.000000,0.000000,0.000000,0.000000,0.012160,0.000000,0.910900,19.035291,6.130208,-0.279756,20.000000
11.070000,1,"LINK_TORSO_YAW",10.968000,0.200000,0.102000,20.000000,0.000000,0.000000,20.000000,0.000000,0.000000,0.000000,0.000000,0.012160,0.000000,0.910900,19.033819,6.134678,-0.281892,20.000000
11.071000,1,"LINK_TORSO_YAW",10.968000,0.200000,0.103000,20.000000,0.000000,0.000000,20.000000,0.000000,0.000000,0.000000,0.000000,0.012160,0.000000,0.910900,19.032294,6.139327,-0.283677,20.000000
11.072000,1,"LINK_TORSO_YAW",10.968000,0.200000,0.104000,20.000000,0.000000,0.000000,20.000000,0.000000,0.000000,0.000000,0.000000,0.012160,0.000000,0.910900,19.030754,6.144029,-0.285182,20.000000
11.073000,1,"LINK_TORSO_YAW",10.968000,0.200000,0.105000,20.000000,0.000000,0.000000,20.000000,0.000000,0.000000,0.000000,0.000000,0.012160,0.000000,0.910900,19.029180,6.148840,-0.286475,20.000000
11.074000,1,"LINK_TORSO_YAW",10.968000,0.200000,0.106000,20.000000,0.000000,0.000000,20.000000,0.000000,0.000000,0.000000,0.000000,0.012160,0.000000,0.910900,19.027596,6.153689,-0.287604,20.000000
11.075000,1,"LINK_TORSO_YAW",10.968000,0.200000,0.107000,20.000000,0.000000,0.000000,20.000000,0.000000,0.000000,0.000000,0.000000,0.012160,0.000000,0.910900,19.025980,6.158633,-0.288637,20.000000
11.076000,1,"LINK_TORSO_YAW",10.968000,0.200000,0.108000,20.000000,0.000000,0.000000,20.000000,0.000000,0.000000,0.000000,0.000000,0.012160,0.000000,0.910900,19.024329,6.163685,-0.289633,20.000000
11.077000,1,"LINK_TORSO_YAW",10.968000,0.200000,0.109000,20.000000,0.000000,0.000000,20.000000,0.000000,0.000000,0.000000,0.000000,0.012160,0.000000,0.910900,19.022624,6.168897,-0.290651,20.000000
11.078000,1,"LINK_TORSO_YAW",10.968000,0.200000,0.110000,20.000000,0.000000,0.000000,20.000000,0.000000,0.000000,0.000000,0.000000,0.012160,0.000000,0.910900,19.020881,6.174220,-0.291737,20.000000
11.079000,1,"LINK_TORSO_YAW",10.968000,0.200000,0.111000,20.000000,0.000000,0.000000,20.000000,0.000000,0.000000,0.000000,0.000000,0.012160,0.000000,0.910900,19.019135,6.179536,-0.292964,20.000000
11.080000,1,"LINK_TORSO_YAW",10.968000,0.200000,0.112000,20.000000,0.000000,0.000000,20.000000,0.000000,0.000000,0.000000,0.000000,0.012160,0.000000,0.910900,19.017380,6.184867,-0.294390,20.000000
11.081000,1,"LINK_TORSO_YAW",10.968000,0.200000,0.113000,20.000000,0.000000,0.000000,20.000000,0.000000,0.000000,0.000000,0.000000,0.012160,0.000000,0.910900,19.015589,6.190293,-0.296071,20.000000
11.082000,1,"LINK_TORSO_YAW",10.968000,0.200000,0.114000,20.000000,0.000000,0.000000,20.000000,0.000000,0.000000,0.000000,0.000000,0.012160,0.000000,0.910900,19.013801,6.195688,-0.298057,20.000000
11.083000,1,"LINK_TORSO_YAW",10.968000,0.200000,0.115000,20.000000,0.000000,0.000000,20.000000,0.000000,0.000000,0.000000,0.000000,0.012160,0.000000,0.910900,19.011993,6.201150,-0.299752,20.000000
11.084000,1,"LINK_TORSO_YAW",10.968000,0.200000,0.116000,20.000000,0.000000,0.000000,20.000000,0.000000,0.000000,0.000000,0.000000,0.012160,0.000000,0.910900,19.010192,6.206598,-0.301213,20.000000
11.085000,1,"LINK_TORSO_YAW",10.968000,0.200000,0.117000,20.000000,0.000000,0.000000,20.000000,0.000000,0.000000,0.000000,0.000000,0.012160,0.000000,0.910900,19.008397,6.212032,-0.302510,20.000000
11.086000,1,"LINK_TORSO_YAW",10.968000,0.200000,0.118000,20.000000,0.000000,0.000000,20.000000,0.000000,0.000000,0.000000,0.000000,0.012160,0.000000,0.910900,19.006612,6.217432,-0.303703,20.000000
11.087000,1,"LINK_TORSO_YAW",10.968000,0.200000,0.119000,20.000000,0.000000,0.000000,20.000000,0.000000,0.000000,0.000000,0.000000,0.012160,0.000000,0.910900,19.004846,6.222772,-0.304860,20.000000
11.088000,1,"LINK_TORSO_YAW",10.968000,0.200000,0.120000,20.000000,0.000000,0.000000,20.000000,0.000000,0.000000,0.000000,0.000000,0.012160,0.000000,0.910900,19.003069,6.228137,-0.306046,20.000000
11.089000,1,"LINK_TORSO_YAW",10.968000,0.200000,0.121000,20.000000,0.000000,0.000000,20.000000,0.000000,0.000000,0.000000,0.000000,0.012160,0.000000,0.910900,19.001288,6.233506,-0.307325,20.000000
11.090000,1,"LINK_TORSO_YAW",10.968000,0.200000,0.122000,20.000000,0.000000,0.000000,20.000000,0.000000,0.000000,0.000000,0.000000,0.012160,0.000000,0.910900,18.999463,6.238997,-0.308750,20.000000
11.091000,1,"LINK_TORSO_YAW",10.968000,0.200000,0.123000,20.000000,0.000000,0.000000,20.000000,0.000000,0.000000,0.000000,0.000000,0.012160,0.000000,0.910900,18.997647,6.244444,-0.310382,20.000000
11.092000,1,"LINK_TORSO_YAW",10.968000,0.200000,0.124000,20.000000,0.000000,0.000000,20.000000,0.000000,0.000000,0.000000,0.000000,0.012160,0.000000,0.910900,18.995835,6.249862,-0.312224,20.000000
11.093000,1,"LINK_TORSO_YAW",10.968000,0.200000,0.125000,20.000000,0.000000,0.000000,20.000000,0.000000,0.000000,0.000000,0.000000,0.012160,0.000000,0.910900,18.994024,6.255256,-0.314346,20.000000
11.094000,1,"LINK_TORSO_YAW",10.968000,0.200000,0.126000,20.000000,0.000000,0.000000,20.000000,0.000000,0.000000,0.000000,0.000000,0.012160,0.000000,0.910900,18.992239,6.260581,-0.316204,20.000000
11.095000,1,"LINK_TORSO_YAW",10.968000,0.200000,0.127000,20.000000,0.000000,0.000000,20.000000,0.000000,0.000000,0.000000,0.000000,0.012160,0.000000,0.910900,18.990479,6.265832,-0.317867,20.000000
11.096000,1,"LINK_TORSO_YAW",10.968000,0.200000,0.128000,20.000000,0.000000,0.000000,20.000000,0.000000,0.000000,0.000000,0.000000,0.012160,0.000000,0.910900,18.988716,6.271097,-0.319413,20.000000
11.097000,1,"LINK_TORSO_YAW",10.968000,0.200000,0.129000,20.000000,0.000000,0.000000,20.000000,0.000000,0.000000,0.000000,0.000000,0.012160,0.000000,0.910900,18.986930,6.276424,-0.320908,20.000000
11.098000,1,"LINK_TORSO_YAW",10.968000,0.200000,0.130000,20.000000,0.000000,0.000000,20.000000,0.000000,0.000000,0.000000,0.000000,0.012160,0.000000,0.910900,18.985181,6.281638,-0.322403,20.000000
11.099000,1,"LINK_TORSO_YAW",10.968000,0.200000,0.131000,20.000000,0.000000,0.000000,20.000000,0.000000,0.000000,0.000000,0.000000,0.012160,0.000000,0.910900,18.983454,6.286784,-0.323758,20.000000
11.100000,1,"LINK_TORSO_YAW",10.968000,0.200000,0.132000,20.000000,0.000000,0.000000,20.000000,0.000000,0.000000,0.000000,0.000000,0.012160,0.000000,0.910900,18.981733,6.291911,-0.325050,20.000000
11.101000,1,"LINK_TORSO_YAW",10.968000,0.200000,0.133000,20.000000,0.000000,0.000000,20.000000,0.000000,0.000000,0.000000,0.000000,0.012160,0.000000,0.910900,18.979999,6.297073,-0.326357,20.000000
11.102000,1,"LINK_TORSO_YAW",10.968000,0.200000,0.134000,20.000000,0.000000,0.000000,20.000000,0.000000,0.000000,0.000000,0.000000,0.012160,0.000000,0.910900,18.978303,6.302111,-0.327739,20.000000
11.103000,1,"LINK_TORSO_YAW",10.968000,0.200000,0.135000,20.000000,0.000000,0.000000,20.000000,0.000000,0.000000,0.000000,0.000000,0.012160,0.000000,0.910900,18.976597,6.307165,-0.329278,20.000000
11.104000,1,"LINK_TORSO_YAW",10.968000,0.200000,0.136000,20.000000,0.000000,0.000000,20.000000,0.000000,0.000000,0.000000,0.000000,0.012160,0.000000,0.910900,18.974886,6.312219,-0.331037,20.000000
11.105000,1,"LINK_TORSO_YAW",10.968000,0.200000,0.137000,20.000000,0.000000,0.000000,20.000000,0.000000,0.000000,0.000000,0.000000,0.012160,0.000000,0.910900,18.973135,6.317374,-0.333085,20.000000
11.106000,1,"LINK_TORSO_YAW",10.968000,0.200000,0.138000,20.000000,0.000000,0.000000,20.000000,0.000000,0.000000,0.000000,0.000000,0.012160,0.000000,0.910900,18.971458,6.322325,-0.334671,20.000000
11.107000,1,"LINK_TORSO_YAW",10.968000,0.200000,0.139000,20.000000,0.000000,0.000000,20.000000,0.000000,0.000000,0.000000,0.000000,0.012160,0.000000,0.910900,18.969793,6.327253,-0.335903,20.000000
11.108000,1,"LINK_TORSO_YAW",10.968000,0.200000,0.140000,20.000000,0.000000,0.000000,20.000000,0.000000,0.000000,0.000000,0.000000,0.012160,0.000000,0.910900,18.968121,6.332213,-0.336855,20.000000
11.109000,1,"LINK_TORSO_YAW",10.968000,0.200000,0.141000,20.000000,0.000000,0.000000,20.000000,0.000000,0.000000,0.000000,0.000000,0.012160,0.000000,0.910900,18.966438,6.337211,-0.337599,20.000000
11.110000,1,"LINK_TORSO_YAW",10.968000,0.200000,0.142000,20.000000,0.000000,0.000000,20.000000,0.000000,0.000000,0.000000,0.000000,0.012160,0.000000,0.910900,18.964720,6.342319,-0.338206,20.000000
11.111000,1,"LINK_TORSO_YAW",10.968000,0.200000,0.143000,20.000000,0.000000,0.000000,20.000000,0.000000,0.000000,0.000000,0.000000,0.012160,0.000000,0.910900,18.963093,6.347155,-0.338722,20.000000
11.112000,1,"LINK_TORSO_YAW",10.968000,0.200000,0.144000,20.000000,0.000000,0.000000,20.000000,0.000000,0.000000,0.000000,0.000000,0.012160,0.000000,0.910900,18.961441,6.352061,-0.339234,20.000000
11.113000,1,"LINK_TORSO_YAW",10.968000,0.200000,0.145000,20.000000,0.000000,0.000000,20.000000,0.000000,0.000000,0.000000,0.000000,0.012160,0.000000,0.910900,18.959691,6.357243,-0.339967,20.000000
11.114000,1,"LINK_TORSO_YAW",10.968000,0.200000,0.146000,20.000000,0.000000,0.000000,20.000000,0.000000,0.000000,0.000000,0.000000,0.012160,0.000000,0.910900,18.957845,6.362693,-0.340951,20.000000
11.115000,1,"LINK_TORSO_YAW",10.968000,0.200000,0.147000,20.000000,0.000000,0.000000,20.000000,0.000000,0.000000,0.000000,0.000000,0.012160,0.000000,0.910900,18.955874,6.368495,-0.342225,20.000000
11.116000,1,"LINK_TORSO_YAW",10.968000,0.200000,0.148000,20.000000,0.000000,0.000000,20.000000,0.000000,0.000000,0.000000,0.000000,0.012160,0.000000,0.910900,18.953881,6.374337,-0.343806,20.000000
11.117000,1,"LINK_TORSO_YAW",10.968000,0.200000,0.149000,20.000000,0.000000,0.000000,20.000000,0.000000,0.000000,0.000000,0.000000,0.012160,0.000000,0.910900,18.951808,6.380428,-0.345140,20.000000
11.118000,1,"LINK_TORSO_YAW",10.968000,0.200000,0.150000,20.000000,0.000000,0.000000,20.000000,0.000000,0.000000,0.000000,0.000000,0.012160,0.000000,0.910900,18.949632,6.386827,-0.346275,20.000000
11.119000,1,"LINK_TORSO_YAW",10.968000,0.200000,0.151000,20.000000,0.000000,0.000000,20.000000,0.000000,0.000000,0.000000,0.000000,0.012160,0.000000,0.910900,18.947356,6.393511,-0.347435,20.000000
11.121000,1,"LINK_TORSO_YAW",10.968000,0.200000,0.153000,20.000000,0.000000,0.000000,20.000000,0.000000,0.000000,0.000000,0.000000,0.012160,0.000000,0.910900,18.942561,6.407570,-0.349907,20.000000
11.122000,1,"LINK_TORSO_YAW",10.968000,0.200000,0.154000,20.000000,0.000000,0.000000,20.000000,0.000000,0.000000,0.000000,0.000000,0.012160,0.000000,0.910900,18.940056,6.414896,-0.351260,20.000000
11.123000,1,"LINK_TORSO_YAW",10.968000,0.200000,0.155000,20.000000,0.000000,0.000000,20.000000,0.000000,0.000000,0.000000,0.000000,0.012160,0.000000,0.910900,18.937448,6.422512,-0.352724,20.000000
11.124000,1,"LINK_TORSO_YAW",10.968000,0.200000,0.156000,20.000000,0.000000,0.000000,20.000000,0.000000,0.000000,0.000000,0.000000,0.012160,0.000000,0.910900,18.934734,6.430421,-0.354327,20.000000
11.125000,1,"LINK_TORSO_YAW",10.968000,0.200000,0.157000,20.000000,0.000000,0.000000,20.000000,0.000000,0.000000,0.000000,0.000000,0.012160,0.000000,0.910900,18.931912,6.438626,-0.356095,20.000000
11.126000,1,"LINK_TORSO_YAW",10.968000,0.200000,0.158000,20.000000,0.000000,0.000000,20.000000,0.000000,0.000000,0.000000,0.000000,0.012160,0.000000,0.910900,18.929027,6.446986,-0.358194,20.000000
11.127000,1,"LINK_TORSO_YAW",10.968000,0.200000,0.159000,20.000000,0.000000,0.000000,20.000000,0.000000,0.000000,0.000000,0.000000,0.012160,0.000000,0.910900,18.926037,6.455621,-0.360647,20.000000
11.129000,1,"LINK_TORSO_YAW",10.968000,0.200000,0.161000,20.000000,0.000000,0.000000,20.000000,0.000000,0.000000,0.000000,0.000000,0.012160,0.000000,0.910900,18.919832,6.473550,-0.364868,20.000000
11.132000,1,"LINK_TORSO_YAW",10.968000,0.200000,0.164000,20.000000,0.000000,0.000000,20.000000,0.000000,0.000000,0.000000,0.000000,0.012160,0.000000,0.910900,18.910060,6.501747,-0.370017,20.000000
11.133000,1,"LINK_TORSO_YAW",10.968000,0.200000,0.165000,20.000000,0.000000,0.000000,20.000000,0.000000,0.000000,0.000000,0.000000,0.012160,0.000000,0.910900,18.906694,6.511434,-0.371686,20.000000
11.134000,1,"LINK_TORSO_YAW",10.968000,0.200000,0.166000,20.000000,0.000000,0.000000,20.000000,0.000000,0.000000,0.000000,0.000000,0.012160,0.000000,0.910900,18.903285,6.521234,-0.373282,20.000000
11.135000,1,"LINK_TORSO_YAW",10.968000,0.200000,0.167000,20.000000,0.000000,0.000000,20.000000,0.000000,0.000000,0.000000,0.000000,0.012160,0.000000,0.910900,18.899916,6.530907,-0.374731,20.000000
11.136000,1,"LINK_TORSO_YAW",10.968000,0.200000,0.168000,20.000000,0.000000,0.000000,20.000000,0.000000,0.000000,0.000000,0.000000,0.012160,0.000000,0.910900,18.896584,6.540466,-0.376083,20.000000
11.137000,1,"LINK_TORSO_YAW",10.968000,0.200000,0.169000,20.000000,0.000000,0.000000,20.000000,0.000000,0.000000,0.000000,0.000000,0.012160,0.000000,0.910900,18.893307,6.549848,-0.377401,20.000000
11.138000,1,"LINK_TORSO_YAW",10.968000,0.200000,0.170000,20.000000,0.000000,0.000000,20.000000,0.000000,0.000000,0.000000,0.000000,0.012160,0.000000,0.910900,18.889997,6.559308,-0.378792,20.000000
11.139000,1,"LINK_TORSO_YAW",10.968000,0.200000,0.171000,20.000000,0.000000,0.000000,20.000000,0.000000,0.000000,0.000000,0.000000,0.012160,0.000000,0.910900,18.886725,6.568670,-0.379720,20.000000
11.140000,1,"LINK_TORSO_YAW",10.968000,0.200000,0.172000,20.000000,0.000000,0.000000,20.000000,0.000000,0.000000,0.000000,0.000000,0.012160,0.000000,0.910900,18.883472,6.577981,-0.380332,20.000000
11.141000,1,"LINK_TORSO_YAW",10.968000,0.200000,0.173000,20.000000,0.000000,0.000000,20.000000,0.000000,0.000000,0.000000,0.000000,0.012160,0.000000,0.910900,18.880259,6.587176,-0.380713,20.000000
11.142000,1,"LINK_TORSO_YAW",10.968000,0.200000,0.174000,20.000000,0.000000,0.000000,20.000000,0.000000,0.000000,0.000000,0.000000,0.012160,0.000000,0.910900,18.877051,6.596350,-0.380936,20.000000
11.143000,1,"LINK_TORSO_YAW",10.968000,0.200000,0.175000,20.000000,0.000000,0.000000,20.000000,0.000000,0.000000,0.000000,0.000000,0.012160,0.000000,0.910900,18.873872,6.605434,-0.381069,20.000000
11.144000,1,"LINK_TORSO_YAW",10.968000,0.200000,0.176000,20.000000,0.000000,0.000000,20.000000,0.000000,0.000000,0.000000,0.000000,0.012160,0.000000,0.910900,18.870701,6.614481,-0.381174,20.000000
11.145000,1,"LINK_TORSO_YAW",10.968000,0.200000,0.177000,20.000000,0.000000,0.000000,20.000000,0.000000,0.000000,0.000000,0.000000,0.012160,0.000000,0.910900,18.867557,6.623433,-0.381330,20.000000
11.146000,1,"LINK_TORSO_YAW",10.968000,0.200000,0.178000,20.000000,0.000000,0.000000,20.000000,0.000000,0.000000,0.000000,0.000000,0.012160,0.000000,0.910900,18.864404,6.632390,-0.381678,20.000000
11.147000,1,"LINK_TORSO_YAW",10.968000,0.200000,0.179000,20.000000,0.000000,0.000000,20.000000,0.000000,0.000000,0.000000,0.000000,0.012160,0.000000,0.910900,18.861251,6.641316,-0.382290,20.000000
11.148000,1,"LINK_TORSO_YAW",10.968000,0.200000,0.180000,20.000000,0.000000,0.000000,20.000000,0.000000,0.000000,0.000000,0.000000,0.012160,0.000000,0.910900,18.858106,6.650188,-0.383217,20.000000
11.149000,1,"LINK_TORSO_YAW",10.968000,0.200000,0.181000,20.000000,0.000000,0.000000,20.000000,0.000000,0.000000,0.000000,0.000000,0.012160,0.000000,0.910900,18.854946,6.659066,-0.384526,20.000000
11.150000,1,"LINK_TORSO_YAW",10.968000,0.200000,0.182000,20.000000,0.000000,0.000000,20.000000,0.000000,0.000000,0.000000,0.000000,0.012160,0.000000,0.910900,18.851816,6.667855,-0.385669,20.000000
11.151000,1,"LINK_TORSO_YAW",10.968000,0.200000,0.183000,20.000000,0.000000,0.000000,20.000000,0.000000,0.000000,0.000000,0.000000,0.012160,0.000000,0.910900,18.848695,6.676610,-0.386729,20.000000
11.152000,1,"LINK_TORSO_YAW",10.968000,0.200000,0.184000,20.000000,0.000000,0.000000,20.000000,0.000000,0.000000,0.000000,0.000000,0.012160,0.000000,0.910900,18.845605,6.685267,-0.387765,20.000000
11.153000,1,"LINK_TORSO_YAW",10.968000,0.200000,0.185000,20.000000,0.000000,0.000000,20.000000,0.000000,0.000000,0.000000,0.000000,0.012160,0.000000,0.910900,18.842529,6.693874,-0.388780,20.000000
11.154000,1,"LINK_TORSO_YAW",10.968000,0.200000,0.186000,20.000000,0.000000,0.000000,20.000000,0.000000,0.000000,0.000000,0.000000,0.012160,0.000000,0.910900,18.839473,6.702408,-0.389854,20.000000
11.155000,1,"LINK_TORSO_YAW",10.968000,0.200000,0.187000,20.000000,0.000000,0.000000,20.000000,0.000000,0.000000,0.000000,0.000000,0.012160,0.000000,0.910900,18.836422,6.710909,-0.391045,20.000000
11.156000,1,"LINK_TORSO_YAW",10.968000,0.200000,0.188000,20.000000,0.000000,0.000000,20.000000,0.000000,0.000000,0.000000,0.000000,0.012160,0.000000,0.910900,18.833380,6.719359,-0.392427,20.000000
11.157000,1,"LINK_TORSO_YAW",10.968000,0.200000,0.189000,20.000000,0.000000,0.000000,20.000000,0.000000,0.000000,0.000000,0.000000,0.012160,0.000000,0.910900,18.830345,6.727764,-0.394066,20.000000
11.158000,1,"LINK_TORSO_YAW",10.968000,0.200000,0.190000,20.000000,0.000000,0.000000,20.000000,0.000000,0.000000,0.000000,0.000000,0.012160,0.000000,0.910900,18.827315,6.736126,-0.396012,20.000000
11.159000,1,"LINK_TORSO_YAW",10.968000,0.200000,0.191000,20.000000,0.000000,0.000000,20.000000,0.000000,0.000000,0.000000,0.000000,0.012160,0.000000,0.910900,18.824275,6.744487,-0.398225,20.000000
11.160000,1,"LINK_TORSO_YAW",10.968000,0.200000,0.192000,20.000000,0.000000,0.000000,20.000000,0.000000,0.000000,0.000000,0.000000,0.012160,0.000000,0.910900,18.821247,6.752779,-0.400769,20.000000
11.161000,1,"LINK_TORSO_YAW",10.968000,0.200000,0.193000,20.000000,0.000000,0.000000,20.000000,0.000000,0.000000,0.000000,0.000000,0.012160,0.000000,0.910900,18.818228,6.761050,-0.403102,20.000000
11.162000,1,"LINK_TORSO_YAW",10.968000,0.200000,0.194000,20.000000,0.000000,0.000000,20.000000,0.000000,0.000000,0.000000,0.000000,0.012160,0.000000,0.910900,18.815228,6.769266,-0.405285,20.000000
11.163000,1,"LINK_TORSO_YAW",10.968000,0.200000,0.195000,20.000000,0.000000,0.000000,20.000000,0.000000,0.000000,0.000000,0.000000,0.012160,0.000000,0.910900,18.812245,6.777423,-0.407394,20.000000
11.164000,1,"LINK_TORSO_YAW",10.968000,0.200000,0.196000,20.000000,0.000000,0.000000,20.000000,0.000000,0.000000,0.000000,0.000000,0.012160,0.000000,0.910900,18.809271,6.785547,-0.409483,20.000000
11.165000,1,"LINK_TORSO_YAW",10.968000,0.200000,0.197000,20.000000,0.000000,0.000000,20.000000,0.000000,0.000000,0.000000,0.000000,0.012160,0.000000,0.910900,18.806319,6.793596,-0.411618,20.000000
11.166000,1,"LINK_TORSO_YAW",10.968000,0.200000,0.198000,20.000000,0.000000,0.000000,20.000000,0.000000,0.000000,0.000000,0.000000,0.012160,0.000000,0.910900,18.803382,6.801588,-0.413823,20.000000
11.167000,1,"LINK_TORSO_YAW",10.968000,0.200000,0.199000,20.000000,0.000000,0.000000,20.000000,0.000000,0.000000,0.000000,0.000000,0.012160,0.000000,0.910900,18.800445,6.809559,-0.416150,20.000000
11.168000,1,"LINK_TORSO_YAW",10.968000,0.200000,0.200000,20.000000,0.000000,0.000000,20.000000,0.000000,0.000000,0.000000,0.000000,0.012160,0.000000,0.910900,18.797519,6.817478,-0.418665,20.000000
11.169000,1,"LINK_TORSO_YAW",10.968000,0.200000,0.201000,20.000000,0.000000,0.000000,20.000000,0.000000,0.000000,0.000000,0.000000,0.012160,0.000000,0.910900,18.794591,6.825376,-0.421424,20.000000
11.170000,2,"LINK_TORSO_YAW",11.169000,0.200000,0.001000,20.000000,0.000000,0.000000,20.000000,0.000000,0.000000,0.000000,0.000000,0.012160,0.000000,0.910900,18.791672,6.833218,-0.424482,20.000000
11.171000,2,"LINK_TORSO_YAW",11.169000,0.200000,0.002000,20.000000,0.000000,0.000000,20.000000,0.000000,0.000000,0.000000,0.000000,0.012160,0.000000,0.910900,18.788745,6.841051,-0.427904,20.000000
11.172000,2,"LINK_TORSO_YAW",11.169000,0.200000,0.003000,20.000000,0.000000,0.000000,20.000000,0.000000,0.000000,0.000000,0.000000,0.012160,0.000000,0.910900,18.785796,6.848902,-0.431737,20.000000
11.173000,2,"LINK_TORSO_YAW",11.169000,0.200000,0.004000,20.000000,0.000000,0.000000,20.000000,0.000000,0.000000,0.000000,0.000000,0.012160,0.000000,0.910900,18.782868,6.856702,-0.435331,20.000000
11.174000,2,"LINK_TORSO_YAW",11.169000,0.200000,0.005000,20.000000,0.000000,0.000000,20.000000,0.000000,0.000000,0.000000,0.000000,0.012160,0.000000,0.910900,18.779945,6.864486,-0.438734,20.000000
11.175000,2,"LINK_TORSO_YAW",11.169000,0.200000,0.006000,20.000000,0.000000,0.000000,20.000000,0.000000,0.000000,0.000000,0.000000,0.012160,0.000000,0.910900,18.777064,6.872153,-0.442028,20.000000
11.176000,2,"LINK_TORSO_YAW",11.169000,0.200000,0.007000,20.000000,0.000000,0.000000,20.000000,0.000000,0.000000,0.000000,0.000000,0.012160,0.000000,0.910900,18.774200,6.879763,-0.445279,20.000000
11.177000,2,"LINK_TORSO_YAW",11.169000,0.200000,0.008000,20.000000,0.000000,0.000000,20.000000,0.000000,0.000000,0.000000,0.000000,0.012160,0.000000,0.910900,18.771334,6.887367,-0.448541,20.000000
11.178000,2,"LINK_TORSO_YAW",11.169000,0.200000,0.009000,20.000000,0.000000,0.000000,20.000000,0.000000,0.000000,0.000000,0.000000,0.012160,0.000000,0.910900,18.768488,6.894902,-0.451884,20.000000
11.179000,2,"LINK_TORSO_YAW",11.169000,0.200000,0.010000,20.000000,0.000000,0.000000,20.000000,0.000000,0.000000,0.000000,0.000000,0.012160,0.000000,0.910900,18.765626,6.902459,-0.455346,20.000000
11.180000,2,"LINK_TORSO_YAW",11.169000,0.200000,0.011000,20.000000,0.000000,0.000000,20.000000,0.000000,0.000000,0.000000,0.000000,0.012160,0.000000,0.910900,18.762788,6.909934,-0.458904,20.000000
11.181000,2,"LINK_TORSO_YAW",11.169000,0.200000,0.012000,20.000000,0.000000,0.000000,20.000000,0.000000,0.000000,0.000000,0.000000,0.012160,0.000000,0.910900,18.759954,6.917377,-0.462620,20.000000
11.182000,2,"LINK_TORSO_YAW",11.169000,0.200000,0.013000,20.000000,0.000000,0.000000,20.000000,0.000000,0.000000,0.000000,0.000000,0.012160,0.000000,0.910900,18.757103,6.924841,-0.466541,20.000000
11.183000,2,"LINK_TORSO_YAW",11.169000,0.200000,0.014000,20.000000,0.000000,0.000000,20.000000,0.000000,0.000000,0.000000,0.000000,0.012160,0.000000,0.910900,18.754243,6.932301,-0.470727,20.000000
11.184000,2,"LINK_TORSO_YAW",11.169000,0.200000,0.015000,20.000000,0.000000,0.000000,20.000000,0.000000,0.000000,0.000000,0.000000,0.012160,0.000000,0.910900,18.751365,6.939775,-0.475236,20.000000
11.185000,2,"LINK_TORSO_YAW",11.169000,0.200000,0.016000,20.000000,0.000000,0.000000,20.000000,0.000000,0.000000,0.000000,0.000000,0.012160,0.000000,0.910900,18.748517,6.947171,-0.479497,20.000000
11.186000,2,"LINK_TORSO_YAW",11.169000,0.200000,0.017000,20.000000,0.000000,0.000000,20.000000,0.000000,0.000000,0.000000,0.000000,0.012160,0.000000,0.910900,18.745699,6.954489,-0.483586,20.000000
11.187000,2,"LINK_TORSO_YAW",11.169000,0.200000,0.018000,20.000000,0.000000,0.000000,20.000000,0.000000,0.000000,0.000000,0.000000,0.012160,0.000000,0.910900,18.742910,6.961734,-0.487423,20.000000
11.188000,2,"LINK_TORSO_YAW",11.169000,0.200000,0.019000,20.000000,0.000000,0.000000,20.000000,0.000000,0.000000,0.000000,0.000000,0.012160,0.000000,0.910900,18.740141,6.968930,-0.491054,20.000000
11.189000,2,"LINK_TORSO_YAW",11.169000,0.200000,0.020000,20.000000,0.000000,0.000000,20.000000,0.000000,0.000000,0.000000,0.000000,0.012160,0.000000,0.910900,18.737414,6.976010,-0.494557,20.000000
11.190000,2,"LINK_TORSO_YAW",11.169000,0.200000,0.021000,20.000000,0.000000,0.000000,20.000000,0.000000,0.000000,0.000000,0.000000,0.012160,0.000000,0.910900,18.734714,6.983016,-0.497997,20.000000
11.191000,2,"LINK_TORSO_YAW",11.169000,0.200000,0.022000,20.000000,0.000000,0.000000,20.000000,0.000000,0.000000,0.000000,0.000000,0.012160,0.000000,0.910900,18.732036,6.989949,-0.501433,20.000000
11.192000,2,"LINK_TORSO_YAW",11.169000,0.200000,0.023000,20.000000,0.000000,0.000000,20.000000,0.000000,0.000000,0.000000,0.000000,0.012160,0.000000,0.910900,18.729370,6.996840,-0.504912,20.000000
11.193000,2,"LINK_TORSO_YAW",11.169000,0.200000,0.024000,20.000000,0.000000,0.000000,20.000000,0.000000,0.000000,0.000000,0.000000,0.012160,0.000000,0.910900,18.726709,7.003699,-0.508490,20.000000
11.194000,2,"LINK_TORSO_YAW",11.169000,0.200000,0.025000,20.000000,0.000000,0.000000,20.000000,0.000000,0.000000,0.000000,0.000000,0.012160,0.000000,0.910900,18.724071,7.010479,-0.512194,20.000000
11.195000,2,"LINK_TORSO_YAW",11.169000,0.200000,0.026000,20.000000,0.000000,0.000000,20.000000,0.000000,0.000000,0.000000,0.000000,0.012160,0.000000,0.910900,18.721435,7.017230,-0.516074,20.000000
11.196000,2,"LINK_TORSO_YAW",11.169000,0.200000,0.027000,20.000000,0.000000,0.000000,20.000000,0.000000,0.000000,0.000000,0.000000,0.012160,0.000000,0.910900,18.718824,7.023932,-0.519627,20.000000
11.197000,2,"LINK_TORSO_YAW",11.169000,0.200000,0.028000,20.000000,0.000000,0.000000,20.000000,0.000000,0.000000,0.000000,0.000000,0.012160,0.000000,0.910900,18.716232,7.030592,-0.522899,20.000000
11.198000,2,"LINK_TORSO_YAW",11.169000,0.200000,0.029000,20.000000,0.000000,0.000000,20.000000,0.000000,0.000000,0.000000,0.000000,0.012160,0.000000,0.910900,18.713695,7.037115,-0.525971,20.000000
11.199000,2,"LINK_TORSO_YAW",11.169000,0.200000,0.030000,20.000000,0.000000,0.000000,20.000000,0.000000,0.000000,0.000000,0.000000,0.012160,0.000000,0.910900,18.711188,7.043556,-0.528909,20.000000
11.200000,2,"LINK_TORSO_YAW",11.169000,0.200000,0.031000,20.000000,0.000000,0.000000,20.000000,0.000000,0.000000,0.000000,0.000000,0.012160,0.000000,0.910900,18.708716,7.049909,-0.531714,20.000000
11.201000,2,"LINK_TORSO_YAW",11.169000,0.200000,0.032000,20.000000,0.000000,0.000000,20.000000,0.000000,0.000000,0.000000,0.000000,0.012160,0.000000,0.910900,18.706266,7.056203,-0.534440,20.000000
11.202000,2,"LINK_TORSO_YAW",11.169000,0.200000,0.033000,20.000000,0.000000,0.000000,20.000000,0.000000,0.000000,0.000000,0.000000,0.012160,0.000000,0.910900,18.703855,7.062385,-0.537156,20.000000
11.203000,2,"LINK_TORSO_YAW",11.169000,0.200000,0.034000,20.000000,0.000000,0.000000,20.000000,0.000000,0.000000,0.000000,0.000000,0.012160,0.000000,0.910900,18.701465,7.068502,-0.539914,20.000000
11.204000,2,"LINK_TORSO_YAW",11.169000,0.200000,0.035000,20.000000,0.000000,0.000000,20.000000,0.000000,0.000000,0.000000,0.000000,0.012160,0.000000,0.910900,18.699097,7.074544,-0.542776,20.000000
11.205000,2,"LINK_TORSO_YAW",11.169000,0.200000,0.036000,20.000000,0.000000,0.000000,20.000000,0.000000,0.000000,0.000000,0.000000,0.012160,0.000000,0.910900,18.696733,7.080558,-0.545787,20.000000
11.206000,2,"LINK_TORSO_YAW",11.169000,0.200000,0.037000,20.000000,0.000000,0.000000,20.000000,0.000000,0.000000,0.000000,0.000000,0.012160,0.000000,0.910900,18.694396,7.086479,-0.548988,20.000000
11.207000,2,"LINK_TORSO_YAW",11.169000,0.200000,0.038000,20.000000,0.000000,0.000000,20.000000,0.000000,0.000000,0.000000,0.000000,0.012160,0.000000,0.910900,18.692118,7.092266,-0.551803,20.000000
11.208000,2,"LINK_TORSO_YAW",11.169000,0.200000,0.039000,20.000000,0.000000,0.000000,20.000000,0.000000,0.000000,0.000000,0.000000,0.012160,0.000000,0.910900,18.689873,7.097986,-0.554284,20.000000
11.209000,2,"LINK_TORSO_YAW",11.169000,0.200000,0.040000,20.000000,0.000000,0.000000,20.000000,0.000000,0.000000,0.000000,0.000000,0.012160,0.000000,0.910900,18.687688,7.103565,-0.556502,20.000000
11.210000,2,"LINK_TORSO_YAW",11.169000,0.200000,0.041000,20.000000,0.000000,0.000000,20.000000,0.000000,0.000000,0.000000,0.000000,0.012160,0.000000,0.910900,18.685551,7.109024,-0.558539,20.000000
11.211000,2,"LINK_TORSO_YAW",11.169000,0.200000,0.042000,20.000000,0.000000,0.000000,20.000000,0.000000,0.000000,0.000000,0.000000,0.012160,0.000000,0.910900,18.683445,7.114408,-0.560448,20.000000
11.212000,2,"LINK_TORSO_YAW",11.169000,0.200000,0.043000,20.000000,0.000000,0.000000,20.000000,0.000000,0.000000,0.000000,0.000000,0.012160,0.000000,0.910900,18.681392,7.119649,-0.562300,20.000000
11.213000,2,"LINK_TORSO_YAW",11.169000,0.200000,0.044000,20.000000,0.000000,0.000000,20.000000,0.000000,0.000000,0.000000,0.000000,0.012160,0.000000,0.910900,18.679375,7.124794,-0.564151,20.000000
11.214000,2,"LINK_TORSO_YAW",11.169000,0.200000,0.045000,20.000000,0.000000,0.000000,20.000000,0.000000,0.000000,0.000000,0.000000,0.012160,0.000000,0.910900,18.677376,7.129881,-0.566065,20.000000
11.215000,2,"LINK_TORSO_YAW",11.169000,0.200000,0.046000,20.000000,0.000000,0.000000,20.000000,0.000000,0.000000,0.000000,0.000000,0.012160,0.000000,0.910900,18.675427,7.134820,-0.568114,20.000000
11.216000,2,"LINK_TORSO_YAW",11.169000,0.200000,0.047000,20.000000,0.000000,0.000000,20.000000,0.000000,0.000000,0.000000,0.000000,0.012160,0.000000,0.910900,18.673508,7.139664,-0.570356,20.000000
11.217000,2,"LINK_TORSO_YAW",11.169000,0.200000,0.048000,20.000000,0.000000,0.000000,20.000000,0.000000,0.000000,0.000000,0.000000,0.012160,0.000000,0.910900,18.671600,7.144452,-0.572852,20.000000
11.218000,2,"LINK_TORSO_YAW",11.169000,0.200000,0.049000,20.000000,0.000000,0.000000,20.000000,0.000000,0.000000,0.000000,0.000000,0.012160,0.000000,0.910900,18.669773,7.149049,-0.575036,20.000000
11.219000,2,"LINK_TORSO_YAW",11.169000,0.200000,0.050000,20.000000,0.000000,0.000000,20.000000,0.000000,0.000000,0.000000,0.000000,0.012160,0.000000,0.910900,18.668009,7.153498,-0.576984,20.000000
11.220000,2,"LINK_TORSO_YAW",11.169000,0.200000,0.051000,20.000000,0.000000,0.000000,20.000000,0.000000,0.000000,0.000000,0.000000,0.012160,0.000000,0.910900,18.666286,7.157849,-0.578755,20.000000
11.221000,2,"LINK_TORSO_YAW",11.169000,0.200000,0.052000,20.000000,0.000000,0.000000,20.000000,0.000000,0.000000,0.000000,0.000000,0.012160,0.000000,0.910900,18.664639,7.162011,-0.580406,20.000000
11.222000,2,"LINK_TORSO_YAW",11.169000,0.200000,0.053000,20.000000,0.000000,0.000000,20.000000,0.000000,0.000000,0.000000,0.000000,0.012160,0.000000,0.910900,18.663053,7.166011,-0.582016,20.000000
11.223000,2,"LINK_TORSO_YAW",11.169000,0.200000,0.054000,20.000000,0.000000,0.000000,20.000000,0.000000,0.000000,0.000000,0.000000,0.012160,0.000000,0.910900,18.661491,7.169946,-0.583626,20.000000
11.224000,2,"LINK_TORSO_YAW",11.169000,0.200000,0.055000,20.000000,0.000000,0.000000,20.000000,0.000000,0.000000,0.000000,0.000000,0.012160,0.000000,0.910900,18.660000,7.173691,-0.585293,20.000000
11.225000,2,"LINK_TORSO_YAW",11.169000,0.200000,0.056000,20.000000,0.000000,0.000000,20.000000,0.000000,0.000000,0.000000,0.000000,0.012160,0.000000,0.910900,18.658555,7.177301,-0.587085,20.000000
11.226000,2,"LINK_TORSO_YAW",11.169000,0.200000,0.057000,20.000000,0.000000,0.000000,20.000000,0.000000,0.000000,0.000000,0.000000,0.012160,0.000000,0.910900,18.657125,7.180858,-0.589048,20.000000
11.227000,2,"LINK_TORSO_YAW",11.169000,0.200000,0.058000,20.000000,0.000000,0.000000,20.000000,0.000000,0.000000,0.000000,0.000000,0.012160,0.000000,0.910900,18.655751,7.184247,-0.591238,20.000000
11.228000,2,"LINK_TORSO_YAW",11.169000,0.200000,0.059000,20.000000,0.000000,0.000000,20.000000,0.000000,0.000000,0.000000,0.000000,0.012160,0.000000,0.910900,18.654403,7.187542,-0.593710,20.000000
11.229000,2,"LINK_TORSO_YAW",11.169000,0.200000,0.060000,20.000000,0.000000,0.000000,20.000000,0.000000,0.000000,0.000000,0.000000,0.012160,0.000000,0.910900,18.653073,7.190761,-0.596508,20.000000
11.230000,2,"LINK_TORSO_YAW",11.169000,0.200000,0.061000,20.000000,0.000000,0.000000,20.000000,0.000000,0.000000,0.000000,0.000000,0.012160,0.000000,0.910900,18.651816,7.193813,-0.599017,20.000000
11.231000,2,"LINK_TORSO_YAW",11.169000,0.200000,0.062000,20.000000,0.000000,0.000000,20.000000,0.000000,0.000000,0.000000,0.000000,0.012160,0.000000,0.910900,18.650615,7.196735,-0.601301,20.000000
11.232000,2,"LINK_TORSO_YAW",11.169000,0.200000,0.063000,20.000000,0.000000,0.000000,20.000000,0.000000,0.000000,0.000000,0.000000,0.012160,0.000000,0.910900,18.649507,7.199434,-0.603355,20.000000
11.233000,2,"LINK_TORSO_YAW",11.169000,0.200000,0.064000,20.000000,0.000000,0.000000,20.000000,0.000000,0.000000,0.000000,0.000000,0.012160,0.000000,0.910900,18.648445,7.202022,-0.605299,20.000000
11.234000,2,"LINK_TORSO_YAW",11.169000,0.200000,0.065000,20.000000,0.000000,0.000000,20.000000,0.000000,0.000000,0.000000,0.000000,0.012160,0.000000,0.910900,18.647445,7.204452,-0.607196,20.000000
11.235000,2,"LINK_TORSO_YAW",11.169000,0.200000,0.066000,20.000000,0.000000,0.000000,20.000000,0.000000,0.000000,0.000000,0.000000,0.012160,0.000000,0.910900,18.646509,7.206711,-0.609106,20.000000
11.236000,2,"LINK_TORSO_YAW",11.169000,0.200000,0.067000,20.000000,0.000000,0.000000,20.000000,0.000000,0.000000,0.000000,0.000000,0.012160,0.000000,0.910900,18.645641,7.208790,-0.611086,20.000000
11.237000,2,"LINK_TORSO_YAW",11.169000,0.200000,0.068000,20.000000,0.000000,0.000000,20.000000,0.000000,0.000000,0.000000,0.000000,0.012160,0.000000,0.910900,18.644797,7.210795,-0.613178,20.000000
11.238000,2,"LINK_TORSO_YAW",11.169000,0.200000,0.069000,20.000000,0.000000,0.000000,20.000000,0.000000,0.000000,0.000000,0.000000,0.012160,0.000000,0.910900,18.644026,7.212594,-0.615442,20.000000
11.239000,2,"LINK_TORSO_YAW",11.169000,0.200000,0.070000,20.000000,0.000000,0.000000,20.000000,0.000000,0.000000,0.000000,0.000000,0.012160,0.000000,0.910900,18.643286,7.214295,-0.617927,20.000000
11.240000,2,"LINK_TORSO_YAW",11.169000,0.200000,0.071000,20.000000,0.000000,0.000000,20.000000,0.000000,0.000000,0.000000,0.000000,0.012160,0.000000,0.910900,18.642571,7.215906,-0.620681,20.000000
11.241000,2,"LINK_TORSO_YAW",11.169000,0.200000,0.072000,20.000000,0.000000,0.000000,20.000000,0.000000,0.000000,0.000000,0.000000,0.012160,0.000000,0.910900,18.641943,7.217312,-0.623198,20.000000
11.242000,2,"LINK_TORSO_YAW",11.169000,0.200000,0.073000,20.000000,0.000000,0.000000,20.000000,0.000000,0.000000,0.000000,0.000000,0.012160,0.000000,0.910900,18.641404,7.218501,-0.625534,20.000000
11.243000,2,"LINK_TORSO_YAW",11.169000,0.200000,0.074000,20.000000,0.000000,0.000000,20.000000,0.000000,0.000000,0.000000,0.000000,0.012160,0.000000,0.910900,18.640924,7.219551,-0.627735,20.000000
11.244000,2,"LINK_TORSO_YAW",11.169000,0.200000,0.075000,20.000000,0.000000,0.000000,20.000000,0.000000,0.000000,0.000000,0.000000,0.012160,0.000000,0.910900,18.640549,7.220334,-0.629862,20.000000
11.245000,2,"LINK_TORSO_YAW",11.169000,0.200000,0.076000,20.000000,0.000000,0.000000,20.000000,0.000000,0.000000,0.000000,0.000000,0.012160,0.000000,0.910900,18.640221,7.220995,-0.631962,20.000000
11.246000,2,"LINK_TORSO_YAW",11.169000,0.200000,0.077000,20.000000,0.000000,0.000000,20.000000,0.000000,0.000000,0.000000,0.000000,0.012160,0.000000,0.910900,18.639969,7.221460,-0.634095,20.000000
11.247000,2,"LINK_TORSO_YAW",11.169000,0.200000,0.078000,20.000000,0.000000,0.000000,20.000000,0.000000,0.000000,0.000000,0.000000,0.012160,0.000000,0.910900,18.639766,7.221789,-0.636301,20.000000
11.248000,2,"LINK_TORSO_YAW",11.169000,0.200000,0.079000,20.000000,0.000000,0.000000,20.000000,0.000000,0.000000,0.000000,0.000000,0.012160,0.000000,0.910900,18.639637,7.221912,-0.638703,20.000000
11.249000,2,"LINK_TORSO_YAW",11.169000,0.200000,0.080000,20.000000,0.000000,0.000000,20.000000,0.000000,0.000000,0.000000,0.000000,0.012160,0.000000,0.910900,18.639533,7.221943,-0.641347,20.000000
11.250000,2,"LINK_TORSO_YAW",11.169000,0.200000,0.081000,20.000000,0.000000,0.000000,20.000000,0.000000,0.000000,0.000000,0.000000,0.012160,0.000000,0.910900,18.639521,7.221716,-0.644274,20.000000
11.251000,2,"LINK_TORSO_YAW",11.169000,0.200000,0.082000,20.000000,0.000000,0.000000,20.000000,0.000000,0.000000,0.000000,0.000000,0.012160,0.000000,0.910900,18.639519,7.221428,-0.647539,20.000000
11.252000,2,"LINK_TORSO_YAW",11.169000,0.200000,0.083000,20.000000,0.000000,0.000000,20.000000,0.000000,0.000000,0.000000,0.000000,0.012160,0.000000,0.910900,18.639613,7.220911,-0.650584,20.000000
11.253000,2,"LINK_TORSO_YAW",11.169000,0.200000,0.084000,20.000000,0.000000,0.000000,20.000000,0.000000,0.000000,0.000000,0.000000,0.012160,0.000000,0.910900,18.639797,7.220180,-0.653443,20.000000
11.254000,2,"LINK_TORSO_YAW",11.169000,0.200000,0.085000,20.000000,0.000000,0.000000,20.000000,0.000000,0.000000,0.000000,0.000000,0.012160,0.000000,0.910900,18.640072,7.219219,-0.656185,20.000000
11.255000,2,"LINK_TORSO_YAW",11.169000,0.200000,0.086000,20.000000,0.000000,0.000000,20.000000,0.000000,0.000000,0.000000,0.000000,0.012160,0.000000,0.910900,18.640414,7.218090,-0.658888,20.000000
11.256000,2,"LINK_TORSO_YAW",11.169000,0.200000,0.087000,20.000000,0.000000,0.000000,20.000000,0.000000,0.000000,0.000000,0.000000,0.012160,0.000000,0.910900,18.640870,7.216669,-0.661556,20.000000
11.257000,2,"LINK_TORSO_YAW",11.169000,0.200000,0.088000,20.000000,0.000000,0.000000,20.000000,0.000000,0.000000,0.000000,0.000000,0.012160,0.000000,0.910900,18.641395,7.215061,-0.664280,20.000000
11.258000,2,"LINK_TORSO_YAW",11.169000,0.200000,0.089000,20.000000,0.000000,0.000000,20.000000,0.000000,0.000000,0.000000,0.000000,0.012160,0.000000,0.910900,18.642006,7.213222,-0.667117,20.000000
11.259000,2,"LINK_TORSO_YAW",11.169000,0.200000,0.090000,20.000000,0.000000,0.000000,20.000000,0.000000,0.000000,0.000000,0.000000,0.012160,0.000000,0.910900,18.642676,7.211211,-0.670129,20.000000
11.260000,2,"LINK_TORSO_YAW",11.169000,0.200000,0.091000,20.000000,0.000000,0.000000,20.000000,0.000000,0.000000,0.000000,0.000000,0.012160,0.000000,0.910900,18.643375,7.209101,-0.673358,20.000000
11.261000,2,"LINK_TORSO_YAW",11.169000,0.200000,0.092000,20.000000,0.000000,0.000000,20.000000,0.000000,0.000000,0.000000,0.000000,0.012160,0.000000,0.910900,18.644193,7.206656,-0.676874,20.000000
11.262000,2,"LINK_TORSO_YAW",11.169000,0.200000,0.093000,20.000000,0.000000,0.000000,20.000000,0.000000,0.000000,0.000000,0.000000,0.012160,0.000000,0.910900,18.645091,7.204022,-0.680182,20.000000
11.263000,2,"LINK_TORSO_YAW",11.169000,0.200000,0.094000,20.000000,0.000000,0.000000,20.000000,0.000000,0.000000,0.000000,0.000000,0.012160,0.000000,0.910900,18.646105,7.201098,-0.683340,20.000000
11.264000,2,"LINK_TORSO_YAW",11.169000,0.200000,0.095000,20.000000,0.000000,0.000000,20.000000,0.000000,0.000000,0.000000,0.000000,0.012160,0.000000,0.910900,18.647196,7.197982,-0.686386,20.000000
11.265000,2,"LINK_TORSO_YAW",11.169000,0.200000,0.096000,20.000000,0.000000,0.000000,20.000000,0.000000,0.000000,0.000000,0.000000,0.012160,0.000000,0.910900,18.648395,7.194588,-0.689387,20.000000
11.266000,2,"LINK_TORSO_YAW",11.169000,0.200000,0.097000,20.000000,0.000000,0.000000,20.000000,0.000000,0.000000,0.000000,0.000000,0.012160,0.000000,0.910900,18.649656,7.191027,-0.692427,20.000000
11.267000,2,"LINK_TORSO_YAW",11.169000,0.200000,0.098000,20.000000,0.000000,0.000000,20.000000,0.000000,0.000000,0.000000,0.000000,0.012160,0.000000,0.910900,18.651042,7.187131,-0.695552,20.000000
11.268000,2,"LINK_TORSO_YAW",11.169000,0.200000,0.099000,20.000000,0.000000,0.000000,20.000000,0.000000,0.000000,0.000000,0.000000,0.012160,0.000000,0.910900,18.652471,7.183103,-0.698816,20.000000
11.269000,2,"LINK_TORSO_YAW",11.169000,0.200000,0.100000,20.000000,0.000000,0.000000,20.000000,0.000000,0.000000,0.000000,0.000000,0.012160,0.000000,0.910900,18.653993,7.178812,-0.702273,20.000000
11.270000,2,"LINK_TORSO_YAW",11.169000,0.200000,0.101000,20.000000,0.000000,0.000000,20.000000,0.000000,0.000000,0.000000,0.000000,0.012160,0.000000,0.910900,18.655577,7.174336,-0.705951,20.000000
11.271000,2,"LINK_TORSO_YAW",11.169000,0.200000,0.102000,20.000000,0.000000,0.000000,20.000000,0.000000,0.000000,0.000000,0.000000,0.012160,0.000000,0.910900,18.657238,7.169624,-0.709916,20.000000
11.272000,2,"LINK_TORSO_YAW",11.169000,0.200000,0.103000,20.000000,0.000000,0.000000,20.000000,0.000000,0.000000,0.000000,0.000000,0.012160,0.000000,0.910900,18.658984,7.164704,-0.713681,20.000000
11.273000,2,"LINK_TORSO_YAW",11.169000,0.200000,0.104000,20.000000,0.000000,0.000000,20.000000,0.000000,0.000000,0.000000,0.000000,0.012160,0.000000,0.910900,18.660875,7.159417,-0.717293,20.000000
11.274000,2,"LINK_TORSO_YAW",11.169000,0.200000,0.105000,20.000000,0.000000,0.000000,20.000000,0.000000,0.000000,0.000000,0.000000,0.012160,0.000000,0.910900,18.662862,7.153883,-0.720779,20.000000
11.275000,2,"LINK_TORSO_YAW",11.169000,0.200000,0.106000,20.000000,0.000000,0.000000,20.000000,0.000000,0.000000,0.000000,0.000000,0.012160,0.000000,0.910900,18.664917,7.148172,-0.724225,20.000000
11.276000,2,"LINK_TORSO_YAW",11.169000,0.200000,0.107000,20.000000,0.000000,0.000000,20.000000,0.000000,0.000000,0.000000,0.000000,0.012160,0.000000,0.910900,18.667106,7.142104,-0.727673,20.000000
11.277000,2,"LINK_TORSO_YAW",11.169000,0.200000,0.108000,20.000000,0.000000,0.000000,20.000000,0.000000,0.000000,0.000000,0.000000,0.012160,0.000000,0.910900,18.669374,7.135813,-0.731195,20.000000
11.278000,2,"LINK_TORSO_YAW",11.169000,0.200000,0.109000,20.000000,0.000000,0.000000,20.000000,0.000000,0.000000,0.000000,0.000000,0.012160,0.000000,0.910900,18.671680,7.129403,-0.734832,20.000000
11.279000,2,"LINK_TORSO_YAW",11.169000,0.200000,0.110000,20.000000,0.000000,0.000000,20.000000,0.000000,0.000000,0.000000,0.000000,0.012160,0.000000,0.910900,18.674101,7.122662,-0.738676,20.000000
11.280000,2,"LINK_TORSO_YAW",11.169000,0.200000,0.111000,20.000000,0.000000,0.000000,20.000000,0.000000,0.000000,0.000000,0.000000,0.012160,0.000000,0.910900,18.676605,7.115669,-0.742748,20.000000
11.281000,2,"LINK_TORSO_YAW",11.169000,0.200000,0.112000,20.000000,0.000000,0.000000,20.000000,0.000000,0.000000,0.000000,0.000000,0.012160,0.000000,0.910900,18.679183,7.108442,-0.747121,20.000000
11.282000,2,"LINK_TORSO_YAW",11.169000,0.200000,0.113000,20.000000,0.000000,0.000000,20.000000,0.000000,0.000000,0.000000,0.000000,0.012160,0.000000,0.910900,18.681778,7.101120,-0.751837,20.000000
11.283000,2,"LINK_TORSO_YAW",11.169000,0.200000,0.114000,20.000000,0.000000,0.000000,20.000000,0.000000,0.000000,0.000000,0.000000,0.012160,0.000000,0.910900,18.684494,7.093493,-0.756335,20.000000
11.284000,2,"LINK_TORSO_YAW",11.169000,0.200000,0.115000,20.000000,0.000000,0.000000,20.000000,0.000000,0.000000,0.000000,0.000000,0.012160,0.000000,0.910900,18.687314,7.085599,-0.760646,20.000000
11.285000,2,"LINK_TORSO_YAW",11.169000,0.200000,0.116000,20.000000,0.000000,0.000000,20.000000,0.000000,0.000000,0.000000,0.000000,0.012160,0.000000,0.910900,18.690255,7.077386,-0.764845,20.000000
11.286000,2,"LINK_TORSO_YAW",11.169000,0.200000,0.117000,20.000000,0.000000,0.000000,20.000000,0.000000,0.000000,0.000000,0.000000,0.012160,0.000000,0.910900,18.693251,7.069019,-0.768992,20.000000
11.287000,2,"LINK_TORSO_YAW",11.169000,0.200000,0.118000,20.000000,0.000000,0.000000,20.000000,0.000000,0.000000,0.000000,0.000000,0.012160,0.000000,0.910900,18.696365,7.060323,-0.773145,20.000000
11.288000,2,"LINK_TORSO_YAW",11.169000,0.200000,0.119000,20.000000,0.000000,0.000000,20.000000,0.000000,0.000000,0.000000,0.000000,0.012160,0.000000,0.910900,18.699564,7.051386,-0.777331,20.000000
11.289000,2,"LINK_TORSO_YAW",11.169000,0.200000,0.120000,20.000000,0.000000,0.000000,20.000000,0.000000,0.000000,0.000000,0.000000,0.012160,0.000000,0.910900,18.702886,7.042098,-0.781601,20.000000
11.290000,2,"LINK_TORSO_YAW",11.169000,0.200000,0.121000,20.000000,0.000000,0.000000,20.000000,0.000000,0.000000,0.000000,0.000000,0.012160,0.000000,0.910900,18.706231,7.032715,-0.786025,20.000000
11.291000,2,"LINK_TORSO_YAW",11.169000,0.200000,0.122000,20.000000,0.000000,0.000000,20.000000,0.000000,0.000000,0.000000,0.000000,0.012160,0.000000,0.910900,18.709668,7.023048,-0.790657,20.000000
11.292000,2,"LINK_TORSO_YAW",11.169000,0.200000,0.123000,20.000000,0.000000,0.000000,20.000000,0.000000,0.000000,0.000000,0.000000,0.012160,0.000000,0.910900,18.713200,7.013079,-0.795535,20.000000
11.293000,2,"LINK_TORSO_YAW",11.169000,0.200000,0.124000,20.000000,0.000000,0.000000,20.000000,0.000000,0.000000,0.000000,0.000000,0.012160,0.000000,0.910900,18.716800,7.002872,-0.800745,20.000000
11.294000,2,"LINK_TORSO_YAW",11.169000,0.200000,0.125000,20.000000,0.000000,0.000000,20.000000,0.000000,0.000000,0.000000,0.000000,0.012160,0.000000,0.910900,18.720442,6.992487,-0.806333,20.000000
11.295000,2,"LINK_TORSO_YAW",11.169000,0.200000,0.126000,20.000000,0.000000,0.000000,20.000000,0.000000,0.000000,0.000000,0.000000,0.012160,0.000000,0.910900,18.724148,6.981939,-0.811676,20.000000
11.296000,2,"LINK_TORSO_YAW",11.169000,0.200000,0.127000,20.000000,0.000000,0.000000,20.000000,0.000000,0.000000,0.000000,0.000000,0.012160,0.000000,0.910900,18.727985,6.971038,-0.816831,20.000000
11.297000,2,"LINK_TORSO_YAW",11.169000,0.200000,0.128000,20.000000,0.000000,0.000000,20.000000,0.000000,0.000000,0.000000,0.000000,0.012160,0.000000,0.910900,18.731949,6.959791,-0.821829,20.000000
11.298000,2,"LINK_TORSO_YAW",11.169000,0.200000,0.129000,20.000000,0.000000,0.000000,20.000000,0.000000,0.000000,0.000000,0.000000,0.012160,0.000000,0.910900,18.736044,6.948176,-0.826748,20.000000
11.299000,2,"LINK_TORSO_YAW",11.169000,0.200000,0.130000,20.000000,0.000000,0.000000,20.000000,0.000000,0.000000,0.000000,0.000000,0.012160,0.000000,0.910900,18.740172,6.936446,-0.831658,20.000000
11.300000,2,"LINK_TORSO_YAW",11.169000,0.200000,0.131000,20.000000,0.000000,0.000000,20.000000,0.000000,0.000000,0.000000,0.000000,0.012160,0.000000,0.910900,18.744432,6.924331,-0.836597,20.000000
11.301000,2,"LINK_TORSO_YAW",11.169000,0.200000,0.132000,20.000000,0.000000,0.000000,20.000000,0.000000,0.000000,0.000000,0.000000,0.012160,0.000000,0.910900,18.748710,6.912129,-0.841631,20.000000
11.302000,2,"LINK_TORSO_YAW",11.169000,0.200000,0.133000,20.000000,0.000000,0.000000,20.000000,0.000000,0.000000,0.000000,0.000000,0.012160,0.000000,0.910900,18.753166,6.899398,-0.846790,20.000000
11.303000,2,"LINK_TORSO_YAW",11.169000,0.200000,0.134000,20.000000,0.000000,0.000000,20.000000,0.000000,0.000000,0.000000,0.000000,0.012160,0.000000,0.910900,18.757630,6.886594,-0.852146,20.000000
11.304000,2,"LINK_TORSO_YAW",11.169000,0.200000,0.135000,20.000000,0.000000,0.000000,20.000000,0.000000,0.000000,0.000000,0.000000,0.012160,0.000000,0.910900,18.762177,6.873499,-0.857749,20.000000
11.305000,2,"LINK_TORSO_YAW",11.169000,0.200000,0.136000,20.000000,0.000000,0.000000,20.000000,0.000000,0.000000,0.000000,0.000000,0.012160,0.000000,0.910900,18.766760,6.860235,-0.863651,20.000000
11.306000,2,"LINK_TORSO_YAW",11.169000,0.200000,0.137000,20.000000,0.000000,0.000000,20.000000,0.000000,0.000000,0.000000,0.000000,0.012160,0.000000,0.910900,18.771421,6.846760,-0.869279,20.000000
11.307000,2,"LINK_TORSO_YAW",11.169000,0.200000,0.138000,20.000000,0.000000,0.000000,20.000000,0.000000,0.000000,0.000000,0.000000,0.012160,0.000000,0.910900,18.776226,6.832882,-0.874681,20.000000
11.308000,2,"LINK_TORSO_YAW",11.169000,0.200000,0.139000,20.000000,0.000000,0.000000,20.000000,0.000000,0.000000,0.000000,0.000000,0.012160,0.000000,0.910900,18.781171,6.818602,-0.879927,20.000000
11.309000,2,"LINK_TORSO_YAW",11.169000,0.200000,0.140000,20.000000,0.000000,0.000000,20.000000,0.000000,0.000000,0.000000,0.000000,0.012160,0.000000,0.910900,18.786178,6.804127,-0.885085,20.000000
11.310000,2,"LINK_TORSO_YAW",11.169000,0.200000,0.141000,20.000000,0.000000,0.000000,20.000000,0.000000,0.000000,0.000000,0.000000,0.012160,0.000000,0.910900,18.791242,6.789458,-0.890207,20.000000
11.311000,2,"LINK_TORSO_YAW",11.169000,0.200000,0.142000,20.000000,0.000000,0.000000,20.000000,0.000000,0.000000,0.000000,0.000000,0.012160,0.000000,0.910900,18.796320,6.774713,-0.895337,20.000000
11.312000,2,"LINK_TORSO_YAW",11.169000,0.200000,0.143000,20.000000,0.000000,0.000000,20.000000,0.000000,0.000000,0.000000,0.000000,0.012160,0.000000,0.910900,18.801517,6.759590,-0.900508,20.000000
11.313000,2,"LINK_TORSO_YAW",11.169000,0.200000,0.144000,20.000000,0.000000,0.000000,20.000000,0.000000,0.000000,0.000000,0.000000,0.012160,0.000000,0.910900,18.806852,6.744017,-0.905844,20.000000
11.314000,2,"LINK_TORSO_YAW",11.169000,0.200000,0.145000,20.000000,0.000000,0.000000,20.000000,0.000000,0.000000,0.000000,0.000000,0.012160,0.000000,0.910900,18.812229,6.728260,-0.911352,20.000000
11.315000,2,"LINK_TORSO_YAW",11.169000,0.200000,0.146000,20.000000,0.000000,0.000000,20.000000,0.000000,0.000000,0.000000,0.000000,0.012160,0.000000,0.910900,18.817638,6.712335,-0.917086,20.000000
11.316000,2,"LINK_TORSO_YAW",11.169000,0.200000,0.147000,20.000000,0.000000,0.000000,20.000000,0.000000,0.000000,0.000000,0.000000,0.012160,0.000000,0.910900,18.823034,6.696364,-0.923095,20.000000
11.317000,2,"LINK_TORSO_YAW",11.169000,0.200000,0.148000,20.000000,0.000000,0.000000,20.000000,0.000000,0.000000,0.000000,0.000000,0.012160,0.000000,0.910900,18.828627,6.679745,-0.929413,20.000000
11.318000,2,"LINK_TORSO_YAW",11.169000,0.200000,0.149000,20.000000,0.000000,0.000000,20.000000,0.000000,0.000000,0.000000,0.000000,0.012160,0.000000,0.910900,18.834259,6.663005,-0.935436,20.000000
11.319000,2,"LINK_TORSO_YAW",11.169000,0.200000,0.150000,20.000000,0.000000,0.000000,20.000000,0.000000,0.000000,0.000000,0.000000,0.012160,0.000000,0.910900,18.840004,6.645927,-0.941225,20.000000
11.320000,2,"LINK_TORSO_YAW",11.169000,0.200000,0.151000,20.000000,0.000000,0.000000,20.000000,0.000000,0.000000,0.000000,0.000000,0.012160,0.000000,0.910900,18.845775,6.628748,-0.946822,20.000000
11.321000,2,"LINK_TORSO_YAW",11.169000,0.200000,0.152000,20.000000,0.000000,0.000000,20.000000,0.000000,0.000000,0.000000,0.000000,0.012160,0.000000,0.910900,18.851644,6.611252,-0.952289,20.000000
11.322000,2,"LINK_TORSO_YAW",11.169000,0.200000,0.153000,20.000000,0.000000,0.000000,20.000000,0.000000,0.000000,0.000000,0.000000,0.012160,0.000000,0.910900,18.857636,6.593364,-0.957669,20.000000
11.323000,2,"LINK_TORSO_YAW",11.169000,0.200000,0.154000,20.000000,0.000000,0.000000,20.000000,0.000000,0.000000,0.000000,0.000000,0.012160,0.000000,0.910900,18.863727,6.575131,-0.963042,20.000000
11.324000,2,"LINK_TORSO_YAW",11.169000,0.200000,0.155000,20.000000,0.000000,0.000000,20.000000,0.000000,0.000000,0.000000,0.000000,0.012160,0.000000,0.910900,18.869836,6.556780,-0.968463,20.000000
11.325000,2,"LINK_TORSO_YAW",11.169000,0.200000,0.156000,20.000000,0.000000,0.000000,20.000000,0.000000,0.000000,0.000000,0.000000,0.012160,0.000000,0.910900,18.875936,6.538381,-0.973966,20.000000
11.326000,2,"LINK_TORSO_YAW",11.169000,0.200000,0.157000,20.000000,0.000000,0.000000,20.000000,0.000000,0.000000,0.000000,0.000000,0.012160,0.000000,0.910900,18.882130,6.519621,-0.979638,20.000000
11.327000,2,"LINK_TORSO_YAW",11.169000,0.200000,0.158000,20.000000,0.000000,0.000000,20.000000,0.000000,0.000000,0.000000,0.000000,0.012160,0.000000,0.910900,18.888327,6.500754,-0.985545,20.000000
11.328000,2,"LINK_TORSO_YAW",11.169000,0.200000,0.159000,20.000000,0.000000,0.000000,20.000000,0.000000,0.000000,0.000000,0.000000,0.012160,0.000000,0.910900,18.894638,6.481455,-0.991664,20.000000
11.329000,2,"LINK_TORSO_YAW",11.169000,0.200000,0.160000,20.000000,0.000000,0.000000,20.000000,0.000000,0.000000,0.000000,0.000000,0.012160,0.000000,0.910900,18.901047,6.461848,-0.997473,20.000000
11.330000,2,"LINK_TORSO_YAW",11.169000,0.200000,0.161000,20.000000,0.000000,0.000000,20.000000,0.000000,0.000000,0.000000,0.000000,0.012160,0.000000,0.910900,18.907503,6.442070,-1.003033,20.000000
11.331000,2,"LINK_TORSO_YAW",11.169000,0.200000,0.162000,20.000000,0.000000,0.000000,20.000000,0.000000,0.000000,0.000000,0.000000,0.012160,0.000000,0.910900,18.913977,6.422201,-1.008373,20.000000
11.332000,2,"LINK_TORSO_YAW",11.169000,0.200000,0.163000,20.000000,0.000000,0.000000,20.000000,0.000000,0.000000,0.000000,0.000000,0.012160,0.000000,0.910900,18.920537,6.402030,-1.013558,20.000000
11.333000,2,"LINK_TORSO_YAW",11.169000,0.200000,0.164000,20.000000,0.000000,0.000000,20.000000,0.000000,0.000000,0.000000,0.000000,0.012160,0.000000,0.910900,18.927102,6.381784,-1.018644,20.000000
11.334000,2,"LINK_TORSO_YAW",11.169000,0.200000,0.165000,20.000000,0.000000,0.000000,20.000000,0.000000,0.000000,0.000000,0.000000,0.012160,0.000000,0.910900,18.933798,6.361080,-1.023703,20.000000
11.335000,2,"LINK_TORSO_YAW",11.169000,0.200000,0.166000,20.000000,0.000000,0.000000,20.000000,0.000000,0.000000,0.000000,0.000000,0.012160,0.000000,0.910900,18.940570,6.340063,-1.028799,20.000000
11.336000,2,"LINK_TORSO_YAW",11.169000,0.200000,0.167000,20.000000,0.000000,0.000000,20.000000,0.000000,0.000000,0.000000,0.000000,0.012160,0.000000,0.910900,18.947336,6.318965,-1.033989,20.000000
11.337000,2,"LINK_TORSO_YAW",11.169000,0.200000,0.168000,20.000000,0.000000,0.000000,20.000000,0.000000,0.000000,0.000000,0.000000,0.012160,0.000000,0.910900,18.954096,6.297780,-1.039330,20.000000
11.338000,2,"LINK_TORSO_YAW",11.169000,0.200000,0.169000,20.000000,0.000000,0.000000,20.000000,0.000000,0.000000,0.000000,0.000000,0.012160,0.000000,0.910900,18.960883,6.276401,-1.044847,20.000000
11.339000,2,"LINK_TORSO_YAW",11.169000,0.200000,0.170000,20.000000,0.000000,0.000000,20.000000,0.000000,0.000000,0.000000,0.000000,0.012160,0.000000,0.910900,18.967637,6.254995,-1.050606,20.000000
11.340000,2,"LINK_TORSO_YAW",11.169000,0.200000,0.171000,20.000000,0.000000,0.000000,20.000000,0.000000,0.000000,0.000000,0.000000,0.012160,0.000000,0.910900,18.974467,6.233224,-1.056659,20.000000
11.341000,2,"LINK_TORSO_YAW",11.169000,0.200000,0.172000,20.000000,0.000000,0.000000,20.000000,0.000000,0.000000,0.000000,0.000000,0.012160,0.000000,0.910900,18.981357,6.211250,-1.062287,20.000000
11.342000,2,"LINK_TORSO_YAW",11.169000,0.200000,0.173000,20.000000,0.000000,0.000000,20.000000,0.000000,0.000000,0.000000,0.000000,0.012160,0.000000,0.910900,18.988211,6.189358,-1.067570,20.000000
11.343000,2,"LINK_TORSO_YAW",11.169000,0.200000,0.174000,20.000000,0.000000,0.000000,20.000000,0.000000,0.000000,0.000000,0.000000,0.012160,0.000000,0.910900,18.995068,6.167406,-1.072616,20.000000
11.344000,2,"LINK_TORSO_YAW",11.169000,0.200000,0.175000,20.000000,0.000000,0.000000,20.000000,0.000000,0.000000,0.000000,0.000000,0.012160,0.000000,0.910900,19.001958,6.145260,-1.077664,20.000000
11.345000,2,"LINK_TORSO_YAW",11.169000,0.200000,0.176000,20.000000,0.000000,0.000000,20.000000,0.000000,0.000000,0.000000,0.000000,0.012160,0.000000,0.910900,19.008853,6.123034,-1.082563,20.000000
11.346000,2,"LINK_TORSO_YAW",11.169000,0.200000,0.177000,20.000000,0.000000,0.000000,20.000000,0.000000,0.000000,0.000000,0.000000,0.012160,0.000000,0.910900,19.015750,6.100727,-1.087379,20.000000
11.347000,2,"LINK_TORSO_YAW",11.169000,0.200000,0.178000,20.000000,0.000000,0.000000,20.000000,0.000000,0.000000,0.000000,0.000000,0.012160,0.000000,0.910900,19.022763,6.077965,-1.092169,20.000000
11.348000,2,"LINK_TORSO_YAW",11.169000,0.200000,0.179000,20.000000,0.000000,0.000000,20.000000,0.000000,0.000000,0.000000,0.000000,0.012160,0.000000,0.910900,19.029694,6.055369,-1.096923,20.000000
11.354000,2,"LINK_TORSO_YAW",11.169000,0.200000,0.185000,20.000000,0.000000,0.000000,20.000000,0.000000,0.000000,0.000000,0.000000,0.012160,0.000000,0.910900,19.070005,5.921697,-1.126238,20.000000
11.356000,2,"LINK_TORSO_YAW",11.169000,0.200000,0.187000,20.000000,0.000000,0.000000,20.000000,0.000000,0.000000,0.000000,0.000000,0.012160,0.000000,0.910900,19.083079,5.877867,-1.134354,20.000000
11.364000,2,"LINK_TORSO_YAW",11.169000,0.200000,0.195000,20.000000,0.000000,0.000000,20.000000,0.000000,0.000000,0.000000,0.000000,0.012160,0.000000,0.910900,19.132697,5.708615,-1.162598,20.000000
11.373000,3,"LINK_TORSO_YAW",11.370000,0.200000,0.003000,20.000000,0.000000,0.000000,20.000000,0.000000,0.000000,0.000000,0.000000,0.012160,0.000000,0.910900,19.182117,5.537547,-1.175562,20.000000
11.374000,3,"LINK_TORSO_YAW",11.370000,0.200000,0.004000,20.000000,0.000000,0.000000,20.000000,0.000000,0.000000,0.000000,0.000000,0.012160,0.000000,0.910900,19.187092,5.520110,-1.176392,20.000000
11.375000,3,"LINK_TORSO_YAW",11.370000,0.200000,0.005000,20.000000,0.000000,0.000000,20.000000,0.000000,0.000000,0.000000,0.000000,0.012160,0.000000,0.910900,19.191910,5.503148,-1.177263,20.000000
11.376000,3,"LINK_TORSO_YAW",11.370000,0.200000,0.006000,20.000000,0.000000,0.000000,20.000000,0.000000,0.000000,0.000000,0.000000,0.012160,0.000000,0.910900,19.196593,5.486718,-1.177597,20.000000
11.377000,3,"LINK_TORSO_YAW",11.370000,0.200000,0.007000,20.000000,0.000000,0.000000,20.000000,0.000000,0.000000,0.000000,0.000000,0.012160,0.000000,0.910900,19.201138,5.470822,-1.177456,20.000000
11.378000,3,"LINK_TORSO_YAW",11.370000,0.200000,0.008000,20.000000,0.000000,0.000000,20.000000,0.000000,0.000000,0.000000,0.000000,0.012160,0.000000,0.910900,19.205542,5.455462,-1.176902,20.000000
11.379000,3,"LINK_TORSO_YAW",11.370000,0.200000,0.009000,20.000000,0.000000,0.000000,20.000000,0.000000,0.000000,0.000000,0.000000,0.012160,0.000000,0.910900,19.209791,5.440645,-1.176135,20.000000
11.380000,3,"LINK_TORSO_YAW",11.370000,0.200000,0.010000,20.000000,0.000000,0.000000,20.000000,0.000000,0.000000,0.000000,0.000000,0.012160,0.000000,0.910900,19.213889,5.426363,-1.175192,20.000000
11.381000,3,"LINK_TORSO_YAW",11.370000,0.200000,0.011000,20.000000,0.000000,0.000000,20.000000,0.000000,0.000000,0.000000,0.000000,0.012160,0.000000,0.910900,19.217834,5.412607,-1.174115,20.000000
11.382000,3,"LINK_TORSO_YAW",11.370000,0.200000,0.012000,20.000000,0.000000,0.000000,20.000000,0.000000,0.000000,0.000000,0.000000,0.012160,0.000000,0.910900,19.221998,5.398070,-1.172873,20.000000
11.383000,3,"LINK_TORSO_YAW",11.370000,0.200000,0.013000,20.000000,0.000000,0.000000,20.000000,0.000000,0.000000,0.000000,0.000000,0.012160,0.000000,0.910900,19.225989,5.384070,-1.171811,20.000000
11.384000,3,"LINK_TORSO_YAW",11.370000,0.200000,0.014000,20.000000,0.000000,0.000000,20.000000,0.000000,0.000000,0.000000,0.000000,0.012160,0.000000,0.910900,19.229809,5.370596,-1.170963,20.000000
11.385000,3,"LINK_TORSO_YAW",11.370000,0.200000,0.015000,20.000000,0.000000,0.000000,20.000000,0.000000,0.000000,0.000000,0.000000,0.012160,0.000000,0.910900,19.233459,5.357638,-1.170369,20.000000
11.386000,3,"LINK_TORSO_YAW",11.370000,0.200000,0.016000,20.000000,0.000000,0.000000,20.000000,0.000000,0.000000,0.000000,0.000000,0.012160,0.000000,0.910900,19.236941,5.345188,-1.170071,20.000000
11.387000,3,"LINK_TORSO_YAW",11.370000,0.200000,0.017000,20.000000,0.000000,0.000000,20.000000,0.000000,0.000000,0.000000,0.000000,0.012160,0.000000,0.910900,19.240304,5.333193,-1.169503,20.000000
11.388000,3,"LINK_TORSO_YAW",11.370000,0.200000,0.018000,20.000000,0.000000,0.000000,20.000000,0.000000,0.000000,0.000000,0.000000,0.012160,0.000000,0.910900,19.243549,5.321644,-1.168722,20.000000
11.389000,3,"LINK_TORSO_YAW",11.370000,0.200000,0.019000,20.000000,0.000000,0.000000,20.000000,0.000000,0.000000,0.000000,0.000000,0.012160,0.000000,0.910900,19.246852,5.309896,-1.167766,20.000000
11.390000,3,"LINK_TORSO_YAW",11.370000,0.200000,0.020000,20.000000,0.000000,0.000000,20.000000,0.000000,0.000000,0.000000,0.000000,0.012160,0.000000,0.910900,19.250020,5.298586,-1.166924,20.000000
11.391000,3,"LINK_TORSO_YAW",11.370000,0.200000,0.021000,20.000000,0.000000,0.000000,20.000000,0.000000,0.000000,0.000000,0.000000,0.012160,0.000000,0.910900,19.253053,5.287706,-1.166241,20.000000
11.392000,3,"LINK_TORSO_YAW",11.370000,0.200000,0.022000,20.000000,0.000000,0.000000,20.000000,0.000000,0.000000,0.000000,0.000000,0.012160,0.000000,0.910900,19.255951,5.277249,-1.165765,20.000000
11.393000,3,"LINK_TORSO_YAW",11.370000,0.200000,0.023000,20.000000,0.000000,0.000000,20.000000,0.000000,0.000000,0.000000,0.000000,0.012160,0.000000,0.910900,19.258713,5.267207,-1.165543,20.000000
11.394000,3,"LINK_TORSO_YAW",11.370000,0.200000,0.024000,20.000000,0.000000,0.000000,20.000000,0.000000,0.000000,0.000000,0.000000,0.012160,0.000000,0.910900,19.261341,5.257572,-1.165625,20.000000
11.395000,3,"LINK_TORSO_YAW",11.370000,0.200000,0.025000,20.000000,0.000000,0.000000,20.000000,0.000000,0.000000,0.000000,0.000000,0.012160,0.000000,0.910900,19.263834,5.248335,-1.166058,20.000000
11.396000,3,"LINK_TORSO_YAW",11.370000,0.200000,0.026000,20.000000,0.000000,0.000000,20.000000,0.000000,0.000000,0.000000,0.000000,0.012160,0.000000,0.910900,19.266185,5.239471,-1.167067,20.000000
11.397000,3,"LINK_TORSO_YAW",11.370000,0.200000,0.027000,20.000000,0.000000,0.000000,20.000000,0.000000,0.000000,0.000000,0.000000,0.012160,0.000000,0.910900,19.268397,5.230969,-1.168693,20.000000
11.398000,3,"LINK_TORSO_YAW",11.370000,0.200000,0.028000,20.000000,0.000000,0.000000,20.000000,0.000000,0.000000,0.000000,0.000000,0.012160,0.000000,0.910900,19.270469,5.222819,-1.170977,20.000000
11.399000,3,"LINK_TORSO_YAW",11.370000,0.200000,0.029000,20.000000,0.000000,0.000000,20.000000,0.000000,0.000000,0.000000,0.000000,0.012160,0.000000,0.910900,19.272455,5.214967,-1.173293,20.000000
11.400000,3,"LINK_TORSO_YAW",11.370000,0.200000,0.030000,20.000000,0.000000,0.000000,20.000000,0.000000,0.000000,0.000000,0.000000,0.012160,0.000000,0.910900,19.274353,5.207405,-1.175691,20.000000
11.401000,3,"LINK_TORSO_YAW",11.370000,0.200000,0.031000,20.000000,0.000000,0.000000,20.000000,0.000000,0.000000,0.000000,0.000000,0.012160,0.000000,0.910900,19.276164,5.200124,-1.178222,20.000000
11.402000,3,"LINK_TORSO_YAW",11.370000,0.200000,0.032000,20.000000,0.000000,0.000000,20.000000,0.000000,0.000000,0.000000,0.000000,0.012160,0.000000,0.910900,19.278012,5.192656,-1.180920,20.000000
11.403000,3,"LINK_TORSO_YAW",11.370000,0.200000,0.033000,20.000000,0.000000,0.000000,20.000000,0.000000,0.000000,0.000000,0.000000,0.012160,0.000000,0.910900,19.279760,5.185473,-1.183940,20.000000
11.404000,3,"LINK_TORSO_YAW",11.370000,0.200000,0.034000,20.000000,0.000000,0.000000,20.000000,0.000000,0.000000,0.000000,0.000000,0.012160,0.000000,0.910900,19.281408,5.178567,-1.187323,20.000000
11.405000,3,"LINK_TORSO_YAW",11.370000,0.200000,0.035000,20.000000,0.000000,0.000000,20.000000,0.000000,0.000000,0.000000,0.000000,0.012160,0.000000,0.910900,19.282941,5.171990,-1.191091,20.000000
11.406000,3,"LINK_TORSO_YAW",11.370000,0.200000,0.036000,20.000000,0.000000,0.000000,20.000000,0.000000,0.000000,0.000000,0.000000,0.012160,0.000000,0.910900,19.284358,5.165738,-1.195283,20.000000
11.407000,3,"LINK_TORSO_YAW",11.370000,0.200000,0.037000,20.000000,0.000000,0.000000,20.000000,0.000000,0.000000,0.000000,0.000000,0.012160,0.000000,0.910900,19.285656,5.159808,-1.199935,20.000000
11.408000,3,"LINK_TORSO_YAW",11.370000,0.200000,0.038000,20.000000,0.000000,0.000000,20.000000,0.000000,0.000000,0.000000,0.000000,0.012160,0.000000,0.910900,19.286836,5.154194,-1.205087,20.000000
11.409000,3,"LINK_TORSO_YAW",11.370000,0.200000,0.039000,20.000000,0.000000,0.000000,20.000000,0.000000,0.000000,0.000000,0.000000,0.012160,0.000000,0.910900,19.287895,5.148894,-1.210777,20.000000
11.410000,3,"LINK_TORSO_YAW",11.370000,0.200000,0.040000,20.000000,0.000000,0.000000,20.000000,0.000000,0.000000,0.000000,0.000000,0.012160,0.000000,0.910900,19.288946,5.143625,-1.216428,20.000000
11.411000,3,"LINK_TORSO_YAW",11.370000,0.200000,0.041000,20.000000,0.000000,0.000000,20.000000,0.000000,0.000000,0.000000,0.000000,0.012160,0.000000,0.910900,19.289916,5.138639,-1.222094,20.000000
11.412000,3,"LINK_TORSO_YAW",11.370000,0.200000,0.042000,20.000000,0.000000,0.000000,20.000000,0.000000,0.000000,0.000000,0.000000,0.012160,0.000000,0.910900,19.290806,5.133931,-1.227822,20.000000
11.413000,3,"LINK_TORSO_YAW",11.370000,0.200000,0.043000,20.000000,0.000000,0.000000,20.000000,0.000000,0.000000,0.000000,0.000000,0.012160,0.000000,0.910900,19.291614,5.129495,-1.233661,20.000000
11.414000,3,"LINK_TORSO_YAW",11.370000,0.200000,0.044000,20.000000,0.000000,0.000000,20.000000,0.000000,0.000000,0.000000,0.000000,0.012160,0.000000,0.910900,19.292338,5.125326,-1.239656,20.000000
11.415000,3,"LINK_TORSO_YAW",11.370000,0.200000,0.045000,20.000000,0.000000,0.000000,20.000000,0.000000,0.000000,0.000000,0.000000,0.012160,0.000000,0.910900,19.293346,5.120051,-1.245746,20.000000
11.416000,3,"LINK_TORSO_YAW",11.370000,0.200000,0.046000,20.000000,0.000000,0.000000,20.000000,0.000000,0.000000,0.000000,0.000000,0.012160,0.000000,0.910900,19.294266,5.115032,-1.252099,20.000000
11.417000,3,"LINK_TORSO_YAW",11.370000,0.200000,0.047000,20.000000,0.000000,0.000000,20.000000,0.000000,0.000000,0.000000,0.000000,0.012160,0.000000,0.910900,19.295108,5.110240,-1.258681,20.000000
11.418000,3,"LINK_TORSO_YAW",11.370000,0.200000,0.048000,20.000000,0.000000,0.000000,20.000000,0.000000,0.000000,0.000000,0.000000,0.012160,0.000000,0.910900,19.295861,5.105691,-1.265569,20.000000
11.419000,3,"LINK_TORSO_YAW",11.370000,0.200000,0.049000,20.000000,0.000000,0.000000,20.000000,0.000000,0.000000,0.000000,0.000000,0.012160,0.000000,0.910900,19.296524,5.101383,-1.272812,20.000000
11.420000,3,"LINK_TORSO_YAW",11.370000,0.200000,0.050000,20.000000,0.000000,0.000000,20.000000,0.000000,0.000000,0.000000,0.000000,0.012160,0.000000,0.910900,19.297115,5.097232,-1.280464,20.000000
11.421000,3,"LINK_TORSO_YAW",11.370000,0.200000,0.051000,20.000000,0.000000,0.000000,20.000000,0.000000,0.000000,0.000000,0.000000,0.012160,0.000000,0.910900,19.297633,5.093224,-1.288582,20.000000
11.422000,3,"LINK_TORSO_YAW",11.370000,0.200000,0.052000,20.000000,0.000000,0.000000,20.000000,0.000000,0.000000,0.000000,0.000000,0.012160,0.000000,0.910900,19.298139,5.089281,-1.296562,20.000000
11.423000,3,"LINK_TORSO_YAW",11.370000,0.200000,0.053000,20.000000,0.000000,0.000000,20.000000,0.000000,0.000000,0.000000,0.000000,0.012160,0.000000,0.910900,19.298644,5.085343,-1.304470,20.000000
11.424000,3,"LINK_TORSO_YAW",11.370000,0.200000,0.054000,20.000000,0.000000,0.000000,20.000000,0.000000,0.000000,0.000000,0.000000,0.012160,0.000000,0.910900,19.299063,5.081742,-1.312270,20.000000
11.425000,3,"LINK_TORSO_YAW",11.370000,0.200000,0.055000,20.000000,0.000000,0.000000,20.000000,0.000000,0.000000,0.000000,0.000000,0.012160,0.000000,0.910900,19.299481,5.078136,-1.320064,20.000000
11.426000,3,"LINK_TORSO_YAW",11.370000,0.200000,0.056000,20.000000,0.000000,0.000000,20.000000,0.000000,0.000000,0.000000,0.000000,0.012160,0.000000,0.910900,19.299900,5.074495,-1.327917,20.000000
11.427000,3,"LINK_TORSO_YAW",11.370000,0.200000,0.057000,20.000000,0.000000,0.000000,20.000000,0.000000,0.000000,0.000000,0.000000,0.012160,0.000000,0.910900,19.300317,5.070815,-1.335889,20.000000
11.428000,3,"LINK_TORSO_YAW",11.370000,0.200000,0.058000,20.000000,0.000000,0.000000,20.000000,0.000000,0.000000,0.000000,0.000000,0.012160,0.000000,0.910900,19.300730,5.067087,-1.344039,20.000000
11.429000,3,"LINK_TORSO_YAW",11.370000,0.200000,0.059000,20.000000,0.000000,0.000000,20.000000,0.000000,0.000000,0.000000,0.000000,0.012160,0.000000,0.910900,19.301051,5.063666,-1.352305,20.000000
11.430000,3,"LINK_TORSO_YAW",11.370000,0.200000,0.060000,20.000000,0.000000,0.000000,20.000000,0.000000,0.000000,0.000000,0.000000,0.012160,0.000000,0.910900,19.301311,5.060406,-1.360771,20.000000
11.431000,3,"LINK_TORSO_YAW",11.370000,0.200000,0.061000,20.000000,0.000000,0.000000,20.000000,0.000000,0.000000,0.000000,0.000000,0.012160,0.000000,0.910900,19.301552,5.057117,-1.369554,20.000000
11.432000,3,"LINK_TORSO_YAW",11.370000,0.200000,0.062000,20.000000,0.000000,0.000000,20.000000,0.000000,0.000000,0.000000,0.000000,0.012160,0.000000,0.910900,19.301771,5.053792,-1.378702,20.000000
11.433000,3,"LINK_TORSO_YAW",11.370000,0.200000,0.063000,20.000000,0.000000,0.000000,20.000000,0.000000,0.000000,0.000000,0.000000,0.012160,0.000000,0.910900,19.301967,5.050425,-1.388264,20.000000
11.434000,3,"LINK_TORSO_YAW",11.370000,0.200000,0.064000,20.000000,0.000000,0.000000,20.000000,0.000000,0.000000,0.000000,0.000000,0.012160,0.000000,0.910900,19.302188,5.047000,-1.397621,20.000000
11.435000,3,"LINK_TORSO_YAW",11.370000,0.200000,0.065000,20.000000,0.000000,0.000000,20.000000,0.000000,0.000000,0.000000,0.000000,0.012160,0.000000,0.910900,19.302319,5.043951,-1.406787,20.000000
11.436000,3,"LINK_TORSO_YAW",11.370000,0.200000,0.066000,20.000000,0.000000,0.000000,20.000000,0.000000,0.000000,0.000000,0.000000,0.012160,0.000000,0.910900,19.302476,5.040808,-1.415868,20.000000
11.437000,3,"LINK_TORSO_YAW",11.370000,0.200000,0.067000,20.000000,0.000000,0.000000,20.000000,0.000000,0.000000,0.000000,0.000000,0.012160,0.000000,0.910900,19.302656,5.037568,-1.424920,20.000000
11.438000,3,"LINK_TORSO_YAW",11.370000,0.200000,0.068000,20.000000,0.000000,0.000000,20.000000,0.000000,0.000000,0.000000,0.000000,0.012160,0.000000,0.910900,19.302860,5.034229,-1.433930,20.000000
11.439000,3,"LINK_TORSO_YAW",11.370000,0.200000,0.069000,20.000000,0.000000,0.000000,20.000000,0.000000,0.000000,0.000000,0.000000,0.012160,0.000000,0.910900,19.302983,5.031186,-1.442919,20.000000
11.440000,3,"LINK_TORSO_YAW",11.370000,0.200000,0.070000,20.000000,0.000000,0.000000,20.000000,0.000000,0.000000,0.000000,0.000000,0.012160,0.000000,0.910900,19.303125,5.028035,-1.451978,20.000000
11.441000,3,"LINK_TORSO_YAW",11.370000,0.200000,0.071000,20.000000,0.000000,0.000000,20.000000,0.000000,0.000000,0.000000,0.000000,0.012160,0.000000,0.910900,19.303282,5.024772,-1.461160,20.000000
11.442000,3,"LINK_TORSO_YAW",11.370000,0.200000,0.072000,20.000000,0.000000,0.000000,20.000000,0.000000,0.000000,0.000000,0.000000,0.012160,0.000000,0.910900,19.303449,5.021395,-1.470519,20.000000
11.443000,3,"LINK_TORSO_YAW",11.370000,0.200000,0.073000,20.000000,0.000000,0.000000,20.000000,0.000000,0.000000,0.000000,0.000000,0.012160,0.000000,0.910900,19.303539,5.018243,-1.480078,20.000000
11.444000,3,"LINK_TORSO_YAW",11.370000,0.200000,0.074000,20.000000,0.000000,0.000000,20.000000,0.000000,0.000000,0.000000,0.000000,0.012160,0.000000,0.910900,19.303633,5.014967,-1.489919,20.000000
11.445000,3,"LINK_TORSO_YAW",11.370000,0.200000,0.075000,20.000000,0.000000,0.000000,20.000000,0.000000,0.000000,0.000000,0.000000,0.012160,0.000000,0.910900,19.303729,5.011783,-1.499353,20.000000
11.446000,3,"LINK_TORSO_YAW",11.370000,0.200000,0.076000,20.000000,0.000000,0.000000,20.000000,0.000000,0.000000,0.000000,0.000000,0.012160,0.000000,0.910900,19.303885,5.008431,-1.508520,20.000000
11.447000,3,"LINK_TORSO_YAW",11.370000,0.200000,0.077000,20.000000,0.000000,0.000000,20.000000,0.000000,0.000000,0.000000,0.000000,0.012160,0.000000,0.910900,19.303949,5.005511,-1.517370,20.000000
11.448000,3,"LINK_TORSO_YAW",11.370000,0.200000,0.078000,20.000000,0.000000,0.000000,20.000000,0.000000,0.000000,0.000000,0.000000,0.012160,0.000000,0.910900,19.304024,5.002578,-1.526067,20.000000
11.449000,3,"LINK_TORSO_YAW",11.370000,0.200000,0.079000,20.000000,0.000000,0.000000,20.000000,0.000000,0.000000,0.000000,0.000000,0.012160,0.000000,0.910900,19.304115,4.999596,-1.534666,20.000000
11.450000,3,"LINK_TORSO_YAW",11.370000,0.200000,0.080000,20.000000,0.000000,0.000000,20.000000,0.000000,0.000000,0.000000,0.000000,0.012160,0.000000,0.910900,19.304225,4.996534,-1.543225,20.000000
11.451000,3,"LINK_TORSO_YAW",11.370000,0.200000,0.081000,20.000000,0.000000,0.000000,20.000000,0.000000,0.000000,0.000000,0.000000,0.012160,0.000000,0.910900,19.304302,4.993608,-1.551704,20.000000
11.452000,3,"LINK_TORSO_YAW",11.370000,0.200000,0.082000,20.000000,0.000000,0.000000,20.000000,0.000000,0.000000,0.000000,0.000000,0.012160,0.000000,0.910900,19.304402,4.990575,-1.560195,20.000000
11.453000,3,"LINK_TORSO_YAW",11.370000,0.200000,0.083000,20.000000,0.000000,0.000000,20.000000,0.000000,0.000000,0.000000,0.000000,0.012160,0.000000,0.910900,19.304521,4.987429,-1.568758,20.000000
11.454000,3,"LINK_TORSO_YAW",11.370000,0.200000,0.084000,20.000000,0.000000,0.000000,20.000000,0.000000,0.000000,0.000000,0.000000,0.012160,0.000000,0.910900,19.304484,4.984844,-1.577407,20.000000
11.455000,3,"LINK_TORSO_YAW",11.370000,0.200000,0.085000,20.000000,0.000000,0.000000,20.000000,0.000000,0.000000,0.000000,0.000000,0.012160,0.000000,0.910900,19.304520,4.982074,-1.585694,20.000000
11.456000,3,"LINK_TORSO_YAW",11.370000,0.200000,0.086000,20.000000,0.000000,0.000000,20.000000,0.000000,0.000000,0.000000,0.000000,0.012160,0.000000,0.910900,19.304612,4.979169,-1.593679,20.000000
11.457000,3,"LINK_TORSO_YAW",11.370000,0.200000,0.087000,20.000000,0.000000,0.000000,20.000000,0.000000,0.000000,0.000000,0.000000,0.012160,0.000000,0.910900,19.304679,4.976446,-1.601361,20.000000
11.458000,3,"LINK_TORSO_YAW",11.370000,0.200000,0.088000,20.000000,0.000000,0.000000,20.000000,0.000000,0.000000,0.000000,0.000000,0.012160,0.000000,0.910900,19.304796,4.973580,-1.608838,20.000000
11.459000,3,"LINK_TORSO_YAW",11.370000,0.200000,0.089000,20.000000,0.000000,0.000000,20.000000,0.000000,0.000000,0.000000,0.000000,0.012160,0.000000,0.910900,19.304799,4.971224,-1.616071,20.000000
11.460000,3,"LINK_TORSO_YAW",11.370000,0.200000,0.090000,20.000000,0.000000,0.000000,20.000000,0.000000,0.000000,0.000000,0.000000,0.012160,0.000000,0.910900,19.304845,4.968711,-1.623225,20.000000
11.461000,3,"LINK_TORSO_YAW",11.370000,0.200000,0.091000,20.000000,0.000000,0.000000,20.000000,0.000000,0.000000,0.000000,0.000000,0.012160,0.000000,0.910900,19.304841,4.966400,-1.630330,20.000000
11.462000,3,"LINK_TORSO_YAW",11.370000,0.200000,0.092000,20.000000,0.000000,0.000000,20.000000,0.000000,0.000000,0.000000,0.000000,0.012160,0.000000,0.910900,19.304873,4.963926,-1.637475,20.000000
11.463000,3,"LINK_TORSO_YAW",11.370000,0.200000,0.093000,20.000000,0.000000,0.000000,20.000000,0.000000,0.000000,0.000000,0.000000,0.012160,0.000000,0.910900,19.304936,4.961285,-1.644714,20.000000
11.464000,3,"LINK_TORSO_YAW",11.370000,0.200000,0.094000,20.000000,0.000000,0.000000,20.000000,0.000000,0.000000,0.000000,0.000000,0.012160,0.000000,0.910900,19.304929,4.958844,-1.652141,20.000000
11.465000,3,"LINK_TORSO_YAW",11.370000,0.200000,0.095000,20.000000,0.000000,0.000000,20.000000,0.000000,0.000000,0.000000,0.000000,0.012160,0.000000,0.910900,19.304715,4.957147,-1.659717,20.000000
11.466000,3,"LINK_TORSO_YAW",11.370000,0.200000,0.096000,20.000000,0.000000,0.000000,20.000000,0.000000,0.000000,0.000000,0.000000,0.012160,0.000000,0.910900,19.304571,4.955265,-1.667003,20.000000
11.467000,3,"LINK_TORSO_YAW",11.370000,0.200000,0.097000,20.000000,0.000000,0.000000,20.000000,0.000000,0.000000,0.000000,0.000000,0.012160,0.000000,0.910900,19.304492,4.953194,-1.674058,20.000000
11.468000,3,"LINK_TORSO_YAW",11.370000,0.200000,0.098000,20.000000,0.000000,0.000000,20.000000,0.000000,0.000000,0.000000,0.000000,0.012160,0.000000,0.910900,19.304376,4.951325,-1.680905,20.000000
11.469000,3,"LINK_TORSO_YAW",11.370000,0.200000,0.099000,20.000000,0.000000,0.000000,20.000000,0.000000,0.000000,0.000000,0.000000,0.012160,0.000000,0.910900,19.304288,4.949379,-1.687632,20.000000
11.470000,3,"LINK_TORSO_YAW",11.370000,0.200000,0.100000,20.000000,0.000000,0.000000,20.000000,0.000000,0.000000,0.000000,0.000000,0.012160,0.000000,0.910900,19.304252,4.947245,-1.694286,20.000000
11.471000,3,"LINK_TORSO_YAW",11.370000,0.200000,0.101000,20.000000,0.000000,0.000000,20.000000,0.000000,0.000000,0.000000,0.000000,0.012160,0.000000,0.910900,19.304232,4.945026,-1.700982,20.000000
11.472000,3,"LINK_TORSO_YAW",11.370000,0.200000,0.102000,20.000000,0.000000,0.000000,20.000000,0.000000,0.000000,0.000000,0.000000,0.012160,0.000000,0.910900,19.304106,4.943208,-1.707690,20.000000
11.473000,3,"LINK_TORSO_YAW",11.370000,0.200000,0.103000,20.000000,0.000000,0.000000,20.000000,0.000000,0.000000,0.000000,0.000000,0.012160,0.000000,0.910900,19.303789,4.942085,-1.714501,20.000000
11.475000,3,"LINK_TORSO_YAW",11.370000,0.200000,0.105000,20.000000,0.000000,0.000000,20.000000,0.000000,0.000000,0.000000,0.000000,0.012160,0.000000,0.910900,19.303139,4.939641,-1.728803,20.000000
11.476000,3,"LINK_TORSO_YAW",11.370000,0.200000,0.106000,20.000000,0.000000,0.000000,20.000000,0.000000,0.000000,0.000000,0.000000,0.012160,0.000000,0.910900,19.302699,4.938711,-1.736362,20.000000
11.477000,3,"LINK_TORSO_YAW",11.370000,0.200000,0.107000,20.000000,0.000000,0.000000,20.000000,0.000000,0.000000,0.000000,0.000000,0.012160,0.000000,0.910900,19.302264,4.937824,-1.743700,20.000000
11.478000,3,"LINK_TORSO_YAW",11.370000,0.200000,0.108000,20.000000,0.000000,0.000000,20.000000,0.000000,0.000000,0.000000,0.000000,0.012160,0.000000,0.910900,19.301864,4.936852,-1.750872,20.000000
11.479000,3,"LINK_TORSO_YAW",11.370000,0.200000,0.109000,20.000000,0.000000,0.000000,20.000000,0.000000,0.000000,0.000000,0.000000,0.012160,0.000000,0.910900,19.301493,4.935795,-1.757925,20.000000
11.480000,3,"LINK_TORSO_YAW",11.370000,0.200000,0.110000,20.000000,0.000000,0.000000,20.000000,0.000000,0.000000,0.000000,0.000000,0.012160,0.000000,0.910900,19.301147,4.934656,-1.764906,20.000000
11.481000,3,"LINK_TORSO_YAW",11.370000,0.200000,0.111000,20.000000,0.000000,0.000000,20.000000,0.000000,0.000000,0.000000,0.000000,0.012160,0.000000,0.910900,19.300701,4.933922,-1.771821,20.000000
11.482000,3,"LINK_TORSO_YAW",11.370000,0.200000,0.112000,20.000000,0.000000,0.000000,20.000000,0.000000,0.000000,0.000000,0.000000,0.012160,0.000000,0.910900,19.300030,4.934076,-1.778691,20.000000
11.483000,3,"LINK_TORSO_YAW",11.370000,0.200000,0.113000,20.000000,0.000000,0.000000,20.000000,0.000000,0.000000,0.000000,0.000000,0.012160,0.000000,0.910900,19.299372,4.934143,-1.785629,20.000000
11.484000,3,"LINK_TORSO_YAW",11.370000,0.200000,0.114000,20.000000,0.000000,0.000000,20.000000,0.000000,0.000000,0.000000,0.000000,0.012160,0.000000,0.910900,19.298709,4.934159,-1.792735,20.000000
11.485000,3,"LINK_TORSO_YAW",11.370000,0.200000,0.115000,20.000000,0.000000,0.000000,20.000000,0.000000,0.000000,0.000000,0.000000,0.012160,0.000000,0.910900,19.298020,4.934206,-1.800013,20.000000
11.486000,3,"LINK_TORSO_YAW",11.370000,0.200000,0.116000,20.000000,0.000000,0.000000,20.000000,0.000000,0.000000,0.000000,0.000000,0.012160,0.000000,0.910900,19.297216,4.934614,-1.807492,20.000000
11.487000,3,"LINK_TORSO_YAW",11.370000,0.200000,0.117000,20.000000,0.000000,0.000000,20.000000,0.000000,0.000000,0.000000,0.000000,0.012160,0.000000,0.910900,19.296373,4.935067,-1.815240,20.000000
11.488000,3,"LINK_TORSO_YAW",11.370000,0.200000,0.118000,20.000000,0.000000,0.000000,20.000000,0.000000,0.000000,0.000000,0.000000,0.012160,0.000000,0.910900,19.295564,4.935470,-1.822730,20.000000
11.489000,3,"LINK_TORSO_YAW",11.370000,0.200000,0.119000,20.000000,0.000000,0.000000,20.000000,0.000000,0.000000,0.000000,0.000000,0.012160,0.000000,0.910900,19.294782,4.935833,-1.830012,20.000000
11.490000,3,"LINK_TORSO_YAW",11.370000,0.200000,0.120000,20.000000,0.000000,0.000000,20.000000,0.000000,0.000000,0.000000,0.000000,0.012160,0.000000,0.910900,19.294008,4.936191,-1.837187,20.000000
11.491000,3,"LINK_TORSO_YAW",11.370000,0.200000,0.121000,20.000000,0.000000,0.000000,20.000000,0.000000,0.000000,0.000000,0.000000,0.012160,0.000000,0.910900,19.293223,4.936618,-1.844273,20.000000
11.492000,3,"LINK_TORSO_YAW",11.370000,0.200000,0.122000,20.000000,0.000000,0.000000,20.000000,0.000000,0.000000,0.000000,0.000000,0.012160,0.000000,0.910900,19.292312,4.937539,-1.851330,20.000000
11.494000,3,"LINK_TORSO_YAW",11.370000,0.200000,0.124000,20.000000,0.000000,0.000000,20.000000,0.000000,0.000000,0.000000,0.000000,0.012160,0.000000,0.910900,19.289764,4.942138,-1.865554,20.000000
11.495000,3,"LINK_TORSO_YAW",11.370000,0.200000,0.125000,20.000000,0.000000,0.000000,20.000000,0.000000,0.000000,0.000000,0.000000,0.012160,0.000000,0.910900,19.288477,4.944395,-1.872862,20.000000
11.496000,3,"LINK_TORSO_YAW",11.370000,0.200000,0.126000,20.000000,0.000000,0.000000,20.000000,0.000000,0.000000,0.000000,0.000000,0.012160,0.000000,0.910900,19.287185,4.946611,-1.880302,20.000000
11.497000,3,"LINK_TORSO_YAW",11.370000,0.200000,0.127000,20.000000,0.000000,0.000000,20.000000,0.000000,0.000000,0.000000,0.000000,0.012160,0.000000,0.910900,19.285866,4.948827,-1.887987,20.000000
11.498000,3,"LINK_TORSO_YAW",11.370000,0.200000,0.128000,20.000000,0.000000,0.000000,20.000000,0.000000,0.000000,0.000000,0.000000,0.012160,0.000000,0.910900,19.284354,4.951690,-1.895903,20.000000
11.499000,3,"LINK_TORSO_YAW",11.370000,0.200000,0.129000,20.000000,0.000000,0.000000,20.000000,0.000000,0.000000,0.000000,0.000000,0.012160,0.000000,0.910900,19.282805,4.954559,-1.904149,20.000000
11.500000,3,"LINK_TORSO_YAW",11.370000,0.200000,0.130000,20.000000,0.000000,0.000000,20.000000,0.000000,0.000000,0.000000,0.000000,0.012160,0.000000,0.910900,19.281261,4.957506,-1.912099,20.000000
11.501000,3,"LINK_TORSO_YAW",11.370000,0.200000,0.131000,20.000000,0.000000,0.000000,20.000000,0.000000,0.000000,0.000000,0.000000,0.012160,0.000000,0.910900,19.279713,4.960544,-1.919808,20.000000
11.502000,3,"LINK_TORSO_YAW",11.370000,0.200000,0.132000,20.000000,0.000000,0.000000,20.000000,0.000000,0.000000,0.000000,0.000000,0.012160,0.000000,0.910900,19.278154,4.963687,-1.927331,20.000000
11.503000,3,"LINK_TORSO_YAW",11.370000,0.200000,0.133000,20.000000,0.000000,0.000000,20.000000,0.000000,0.000000,0.000000,0.000000,0.012160,0.000000,0.910900,19.276574,4.966946,-1.934721,20.000000
11.504000,3,"LINK_TORSO_YAW",11.370000,0.200000,0.134000,20.000000,0.000000,0.000000,20.000000,0.000000,0.000000,0.000000,0.000000,0.012160,0.000000,0.910900,19.274949,4.970365,-1.942112,20.000000
11.505000,3,"LINK_TORSO_YAW",11.370000,0.200000,0.135000,20.000000,0.000000,0.000000,20.000000,0.000000,0.000000,0.000000,0.000000,0.012160,0.000000,0.910900,19.273294,4.973883,-1.949522,20.000000
11.506000,3,"LINK_TORSO_YAW",11.370000,0.200000,0.136000,20.000000,0.000000,0.000000,20.000000,0.000000,0.000000,0.000000,0.000000,0.012160,0.000000,0.910900,19.271601,4.977504,-1.956995,20.000000
11.508000,3,"LINK_TORSO_YAW",11.370000,0.200000,0.138000,20.000000,0.000000,0.000000,20.000000,0.000000,0.000000,0.000000,0.000000,0.012160,0.000000,0.910900,19.267160,4.988639,-1.972319,20.000000
11.509000,3,"LINK_TORSO_YAW",11.370000,0.200000,0.139000,20.000000,0.000000,0.000000,20.000000,0.000000,0.000000,0.000000,0.000000,0.012160,0.000000,0.910900,19.264857,4.994336,-1.980378,20.000000
11.510000,3,"LINK_TORSO_YAW",11.370000,0.200000,0.140000,20.000000,0.000000,0.000000,20.000000,0.000000,0.000000,0.000000,0.000000,0.012160,0.000000,0.910900,19.262318,5.000870,-1.988566,20.000000
11.511000,3,"LINK_TORSO_YAW",11.370000,0.200000,0.141000,20.000000,0.000000,0.000000,20.000000,0.000000,0.000000,0.000000,0.000000,0.012160,0.000000,0.910900,19.259779,5.007500,-1.996465,20.000000
11.512000,3,"LINK_TORSO_YAW",11.370000,0.200000,0.142000,20.000000,0.000000,0.000000,20.000000,0.000000,0.000000,0.000000,0.000000,0.012160,0.000000,0.910900,19.257229,5.014240,-2.004129,20.000000
11.514000,3,"LINK_TORSO_YAW",11.370000,0.200000,0.144000,20.000000,0.000000,0.000000,20.000000,0.000000,0.000000,0.000000,0.000000,0.012160,0.000000,0.910900,19.252006,5.028192,-2.019296,20.000000
11.515000,3,"LINK_TORSO_YAW",11.370000,0.200000,0.145000,20.000000,0.000000,0.000000,20.000000,0.000000,0.000000,0.000000,0.000000,0.012160,0.000000,0.910900,19.249319,5.035425,-2.026874,20.000000
11.516000,3,"LINK_TORSO_YAW",11.370000,0.200000,0.146000,20.000000,0.000000,0.000000,20.000000,0.000000,0.000000,0.000000,0.000000,0.012160,0.000000,0.910900,19.246577,5.042849,-2.034440,20.000000
11.517000,3,"LINK_TORSO_YAW",11.370000,0.200000,0.147000,20.000000,0.000000,0.000000,20.000000,0.000000,0.000000,0.000000,0.000000,0.012160,0.000000,0.910900,19.243773,5.050471,-2.042047,20.000000
11.520000,3,"LINK_TORSO_YAW",11.370000,0.200000,0.150000,20.000000,0.000000,0.000000,20.000000,0.000000,0.000000,0.000000,0.000000,0.012160,0.000000,0.910900,19.234761,5.074645,-2.066871,20.000000
11.521000,3,"LINK_TORSO_YAW",11.370000,0.200000,0.151000,20.000000,0.000000,0.000000,20.000000,0.000000,0.000000,0.000000,0.000000,0.012160,0.000000,0.910900,19.231539,5.083158,-2.075915,20.000000
11.522000,3,"LINK_TORSO_YAW",11.370000,0.200000,0.152000,20.000000,0.000000,0.000000,20.000000,0.000000,0.000000,0.000000,0.000000,0.012160,0.000000,0.910900,19.228205,5.091925,-2.085289,20.000000
11.523000,3,"LINK_TORSO_YAW",11.370000,0.200000,0.153000,20.000000,0.000000,0.000000,20.000000,0.000000,0.000000,0.000000,0.000000,0.012160,0.000000,0.910900,19.224780,5.100899,-2.094913,20.000000
11.528000,3,"LINK_TORSO_YAW",11.370000,0.200000,0.158000,20.000000,0.000000,0.000000,20.000000,0.000000,0.000000,0.000000,0.000000,0.012160,0.000000,0.910900,19.203390,5.161745,-2.141543,20.000000
11.529000,3,"LINK_TORSO_YAW",11.370000,0.200000,0.159000,20.000000,0.000000,0.000000,20.000000,0.000000,0.000000,0.000000,0.000000,0.012160,0.000000,0.910900,19.198898,5.174436,-2.151173,20.000000
11.537000,3,"LINK_TORSO_YAW",11.370000,0.200000,0.167000,20.000000,0.000000,0.000000,20.000000,0.000000,0.000000,0.000000,0.000000,0.012160,0.000000,0.910900,19.158990,5.283689,-2.239580,20.000000
11.538000,3,"LINK_TORSO_YAW",11.370000,0.200000,0.168000,20.000000,0.000000,0.000000,20.000000,0.000000,0.000000,0.000000,0.000000,0.012160,0.000000,0.910900,19.153299,5.299158,-2.251676,20.000000
11.539000,3,"LINK_TORSO_YAW",11.370000,0.200000,0.169000,20.000000,0.000000,0.000000,20.000000,0.000000,0.000000,0.000000,0.000000,0.012160,0.000000,0.910900,19.147491,5.315075,-2.263532,20.000000
11.540000,3,"LINK_TORSO_YAW",11.370000,0.200000,0.170000,20.000000,0.000000,0.000000,20.000000,0.000000,0.000000,0.000000,0.000000,0.012160,0.000000,0.910900,19.141548,5.331280,-2.275654,20.000000
11.541000,3,"LINK_TORSO_YAW",11.370000,0.200000,0.171000,20.000000,0.000000,0.000000,20.000000,0.000000,0.000000,0.000000,0.000000,0.012160,0.000000,0.910900,19.135463,5.347762,-2.288122,20.000000
11.542000,3,"LINK_TORSO_YAW",11.370000,0.200000,0.172000,20.000000,0.000000,0.000000,20.000000,0.000000,0.000000,0.000000,0.000000,0.012160,0.000000,0.910900,19.129227,5.364521,-2.301001,20.000000
11.543000,3,"LINK_TORSO_YAW",11.370000,0.200000,0.173000,20.000000,0.000000,0.000000,20.000000,0.000000,0.000000,0.000000,0.000000,0.012160,0.000000,0.910900,19.122831,5.381553,-2.314351,20.000000
11.548000,3,"LINK_TORSO_YAW",11.370000,0.200000,0.178000,20.000000,0.000000,0.000000,20.000000,0.000000,0.000000,0.000000,0.000000,0.012160,0.000000,0.910900,19.088600,5.470163,-2.388025,20.000000
11.549000,3,"LINK_TORSO_YAW",11.370000,0.200000,0.179000,20.000000,0.000000,0.000000,20.000000,0.000000,0.000000,0.000000,0.000000,0.012160,0.000000,0.910900,19.081439,5.488446,-2.403256,20.000000
11.550000,3,"LINK_TORSO_YAW",11.370000,0.200000,0.180000,20.000000,0.000000,0.000000,20.000000,0.000000,0.000000,0.000000,0.000000,0.012160,0.000000,0.910900,19.074176,5.506902,-2.418642,20.000000
11.554000,3,"LINK_TORSO_YAW",11.370000,0.200000,0.184000,20.000000,0.000000,0.000000,20.000000,0.000000,0.000000,0.000000,0.000000,0.012160,0.000000,0.910900,19.043925,5.582523,-2.482816,20.000000
11.555000,3,"LINK_TORSO_YAW",11.370000,0.200000,0.185000,20.000000,0.000000,0.000000,20.000000,0.000000,0.000000,0.000000,0.000000,0.012160,0.000000,0.910900,19.036008,5.601973,-2.499662,20.000000
11.559000,3,"LINK_TORSO_YAW",11.370000,0.200000,0.189000,20.000000,0.000000,0.000000,20.000000,0.000000,0.000000,0.000000,0.000000,0.012160,0.000000,0.910900,19.002894,5.681983,-2.570039,20.000000
11.560000,3,"LINK_TORSO_YAW",11.370000,0.200000,0.190000,20.000000,0.000000,0.000000,20.000000,0.000000,0.000000,0.000000,0.000000,0.012160,0.000000,0.910900,18.994343,5.702539,-2.587663,20.000000
11.562000,3,"LINK_TORSO_YAW",11.370000,0.200000,0.192000,20.000000,0.000000,0.000000,20.000000,0.000000,0.000000,0.000000,0.000000,0.012160,0.000000,0.910900,18.976865,5.744392,-2.623081,20.000000
11.563000,3,"LINK_TORSO_YAW",11.370000,0.200000,0.193000,20.000000,0.000000,0.000000,20.000000,0.000000,0.000000,0.000000,0.000000,0.012160,0.000000,0.910900,18.967500,5.767176,-2.640761,20.000000
11.564000,3,"LINK_TORSO_YAW",11.370000,0.200000,0.194000,20.000000,0.000000,0.000000,20.000000,0.000000,0.000000,0.000000,0.000000,0.012160,0.000000,0.910900,18.959483,5.787915,-2.652929,20.000000
11.565000,3,"LINK_TORSO_YAW",11.370000,0.200000,0.195000,20.000000,0.000000,0.000000,20.000000,0.000000,0.000000,0.000000,0.000000,0.012160,0.000000,0.910900,18.951550,5.808542,-2.664504,20.000000
11.566000,3,"LINK_TORSO_YAW",11.370000,0.200000,0.196000,20.000000,0.000000,0.000000,20.000000,0.000000,0.000000,0.000000,0.000000,0.012160,0.000000,0.910900,18.943378,5.829572,-2.676664,20.000000
11.572000,4,"LINK_TORSO_YAW",11.571000,0.200000,0.001000,20.000000,0.000000,0.000000,20.000000,0.000000,0.000000,0.000000,0.000000,0.012160,0.000000,0.910900,18.889528,5.963044,-2.761856,20.000000
11.573000,4,"LINK_TORSO_YAW",11.571000,0.200000,0.002000,20.000000,0.000000,0.000000,20.000000,0.000000,0.000000,0.000000,0.000000,0.012160,0.000000,0.910900,18.879910,5.986371,-2.777115,20.000000
11.580000,4,"LINK_TORSO_YAW",11.571000,0.200000,0.009000,20.000000,0.000000,0.000000,20.000000,0.000000,0.000000,0.000000,0.000000,0.012160,0.000000,0.910900,18.807317,6.157157,-2.893828,20.000000
11.587000,4,"LINK_TORSO_YAW",11.571000,0.200000,0.016000,20.000000,0.000000,0.000000,20.000000,0.000000,0.000000,0.000000,0.000000,0.012160,0.000000,0.910900,18.727247,6.339202,-3.017407,20.000000
11.589000,4,"LINK_TORSO_YAW",11.571000,0.200000,0.018000,20.000000,0.000000,0.000000,20.000000,0.000000,0.000000,0.000000,0.000000,0.012160,0.000000,0.910900,18.703245,6.392998,-3.052576,20.000000
11.595000,4,"LINK_TORSO_YAW",11.571000,0.200000,0.024000,20.000000,0.000000,0.000000,20.000000,0.000000,0.000000,0.000000,0.000000,0.012160,0.000000,0.910900,18.635273,6.548015,-3.138487,20.000000
11.605000,4,"LINK_TORSO_YAW",11.571000,0.200000,0.034000,20.000000,0.000000,0.000000,20.000000,0.000000,0.000000,0.000000,0.000000,0.012160,0.000000,0.910900,18.517158,6.818198,-3.259915,20.000000
11.611000,4,"LINK_TORSO_YAW",11.571000,0.200000,0.040000,20.000000,0.000000,0.000000,20.000000,0.000000,0.000000,0.000000,0.000000,0.012160,0.000000,0.910900,18.444100,6.991675,-3.306307,20.000000
11.612000,4,"LINK_TORSO_YAW",11.571000,0.200000,0.041000,20.000000,0.000000,0.000000,20.000000,0.000000,0.000000,0.000000,0.000000,0.012160,0.000000,0.910900,18.432219,7.020208,-3.312095,20.000000
11.613000,4,"LINK_TORSO_YAW",11.571000,0.200000,0.042000,20.000000,0.000000,0.000000,20.000000,0.000000,0.000000,0.000000,0.000000,0.012160,0.000000,0.910900,18.420306,7.048725,-3.317801,20.000000
11.623000,4,"LINK_TORSO_YAW",11.571000,0.200000,0.052000,20.000000,0.000000,0.000000,20.000000,0.000000,0.000000,0.000000,0.000000,0.012160,0.000000,0.910900,18.306605,7.323620,-3.351535,20.000000
11.624000,4,"LINK_TORSO_YAW",11.571000,0.200000,0.053000,20.000000,0.000000,0.000000,20.000000,0.000000,0.000000,0.000000,0.000000,0.012160,0.000000,0.910900,18.296288,7.349100,-3.352099,20.000000
11.625000,4,"LINK_TORSO_YAW",11.571000,0.200000,0.054000,20.000000,0.000000,0.000000,20.000000,0.000000,0.000000,0.000000,0.000000,0.012160,0.000000,0.910900,18.286364,7.373985,-3.351600,20.000000
11.626000,4,"LINK_TORSO_YAW",11.571000,0.200000,0.055000,20.000000,0.000000,0.000000,20.000000,0.000000,0.000000,0.000000,0.000000,0.012160,0.000000,0.910900,18.276770,7.398327,-3.350289,20.000000
11.627000,4,"LINK_TORSO_YAW",11.571000,0.200000,0.056000,20.000000,0.000000,0.000000,20.000000,0.000000,0.000000,0.000000,0.000000,0.012160,0.000000,0.910900,18.267380,7.422367,-3.348325,20.000000
11.628000,4,"LINK_TORSO_YAW",11.571000,0.200000,0.057000,20.000000,0.000000,0.000000,20.000000,0.000000,0.000000,0.000000,0.000000,0.012160,0.000000,0.910900,18.258180,7.446114,-3.345779,20.000000
11.629000,4,"LINK_TORSO_YAW",11.571000,0.200000,0.058000,20.000000,0.000000,0.000000,20.000000,0.000000,0.000000,0.000000,0.000000,0.012160,0.000000,0.910900,18.249089,7.469489,-3.343277,20.000000
11.630000,4,"LINK_TORSO_YAW",11.571000,0.200000,0.059000,20.000000,0.000000,0.000000,20.000000,0.000000,0.000000,0.000000,0.000000,0.012160,0.000000,0.910900,18.240100,7.492503,-3.340833,20.000000
11.631000,4,"LINK_TORSO_YAW",11.571000,0.200000,0.060000,20.000000,0.000000,0.000000,20.000000,0.000000,0.000000,0.000000,0.000000,0.012160,0.000000,0.910900,18.231208,7.515166,-3.338461,20.000000
11.632000,4,"LINK_TORSO_YAW",11.571000,0.200000,0.061000,20.000000,0.000000,0.000000,20.000000,0.000000,0.000000,0.000000,0.000000,0.012160,0.000000,0.910900,18.222411,7.537484,-3.336177,20.000000
11.633000,4,"LINK_TORSO_YAW",11.571000,0.200000,0.062000,20.000000,0.000000,0.000000,20.000000,0.000000,0.000000,0.000000,0.000000,0.012160,0.000000,0.910900,18.213704,7.559461,-3.333997,20.000000
11.634000,4,"LINK_TORSO_YAW",11.571000,0.200000,0.063000,20.000000,0.000000,0.000000,20.000000,0.000000,0.000000,0.000000,0.000000,0.012160,0.000000,0.910900,18.205084,7.581100,-3.331943,20.000000
11.635000,4,"LINK_TORSO_YAW",11.571000,0.200000,0.064000,20.000000,0.000000,0.000000,20.000000,0.000000,0.000000,0.000000,0.000000,0.012160,0.000000,0.910900,18.196549,7.602399,-3.330038,20.000000
11.636000,4,"LINK_TORSO_YAW",11.571000,0.200000,0.065000,20.000000,0.000000,0.000000,20.000000,0.000000,0.000000,0.000000,0.000000,0.012160,0.000000,0.910900,18.188034,7.623132,-3.329157,20.000000
11.637000,4,"LINK_TORSO_YAW",11.571000,0.200000,0.066000,20.000000,0.000000,0.000000,20.000000,0.000000,0.000000,0.000000,0.000000,0.012160,0.000000,0.910900,18.179545,7.643306,-3.329266,20.000000
11.638000,4,"LINK_TORSO_YAW",11.571000,0.200000,0.067000,20.000000,0.000000,0.000000,20.000000,0.000000,0.000000,0.000000,0.000000,0.012160,0.000000,0.910900,18.171228,7.662857,-3.329728,20.000000
11.639000,4,"LINK_TORSO_YAW",11.571000,0.200000,0.068000,20.000000,0.000000,0.000000,20.000000,0.000000,0.000000,0.000000,0.000000,0.012160,0.000000,0.910900,18.163082,7.681796,-3.330537,20.000000
11.640000,4,"LINK_TORSO_YAW",11.571000,0.200000,0.069000,20.000000,0.000000,0.000000,20.000000,0.000000,0.000000,0.000000,0.000000,0.012160,0.000000,0.910900,18.155102,7.700133,-3.331698,20.000000
11.641000,4,"LINK_TORSO_YAW",11.571000,0.200000,0.070000,20.000000,0.000000,0.000000,20.000000,0.000000,0.000000,0.000000,0.000000,0.012160,0.000000,0.910900,18.147288,7.717874,-3.333222,20.000000
11.642000,4,"LINK_TORSO_YAW",11.571000,0.200000,0.071000,20.000000,0.000000,0.000000,20.000000,0.000000,0.000000,0.000000,0.000000,0.012160,0.000000,0.910900,18.139634,7.735026,-3.335126,20.000000
11.643000,4,"LINK_TORSO_YAW",11.571000,0.200000,0.072000,20.000000,0.000000,0.000000,20.000000,0.000000,0.000000,0.000000,0.000000,0.012160,0.000000,0.910900,18.132120,7.751446,-3.337862,20.000000
11.644000,4,"LINK_TORSO_YAW",11.571000,0.200000,0.073000,20.000000,0.000000,0.000000,20.000000,0.000000,0.000000,0.000000,0.000000,0.012160,0.000000,0.910900,18.124741,7.767150,-3.341426,20.000000
11.645000,4,"LINK_TORSO_YAW",11.571000,0.200000,0.074000,20.000000,0.000000,0.000000,20.000000,0.000000,0.000000,0.000000,0.000000,0.012160,0.000000,0.910900,18.117493,7.782156,-3.345817,20.000000
11.646000,4,"LINK_TORSO_YAW",11.571000,0.200000,0.075000,20.000000,0.000000,0.000000,20.000000,0.000000,0.000000,0.000000,0.000000,0.012160,0.000000,0.910900,18.110369,7.796477,-3.351041,20.000000
11.647000,4,"LINK_TORSO_YAW",11.571000,0.200000,0.076000,20.000000,0.000000,0.000000,20.000000,0.000000,0.000000,0.000000,0.000000,0.012160,0.000000,0.910900,18.103361,7.810130,-3.357110,20.000000
11.648000,4,"LINK_TORSO_YAW",11.571000,0.200000,0.077000,20.000000,0.000000,0.000000,20.000000,0.000000,0.000000,0.000000,0.000000,0.012160,0.000000,0.910900,18.096463,7.823125,-3.364038,20.000000
11.649000,4,"LINK_TORSO_YAW",11.571000,0.200000,0.078000,20.000000,0.000000,0.000000,20.000000,0.000000,0.000000,0.000000,0.000000,0.012160,0.000000,0.910900,18.089658,7.835401,-3.372055,20.000000
11.650000,4,"LINK_TORSO_YAW",11.571000,0.200000,0.079000,20.000000,0.000000,0.000000,20.000000,0.000000,0.000000,0.000000,0.000000,0.012160,0.000000,0.910900,18.082662,7.848208,-3.379788,20.000000
11.651000,4,"LINK_TORSO_YAW",11.571000,0.200000,0.080000,20.000000,0.000000,0.000000,20.000000,0.000000,0.000000,0.000000,0.000000,0.012160,0.000000,0.910900,18.075921,7.860182,-3.388010,20.000000
11.652000,4,"LINK_TORSO_YAW",11.571000,0.200000,0.081000,20.000000,0.000000,0.000000,20.000000,0.000000,0.000000,0.000000,0.000000,0.012160,0.000000,0.910900,18.069430,7.871330,-3.396742,20.000000
11.653000,4,"LINK_TORSO_YAW",11.571000,0.200000,0.082000,20.000000,0.000000,0.000000,20.000000,0.000000,0.000000,0.000000,0.000000,0.012160,0.000000,0.910900,18.063183,7.881659,-3.406007,20.000000
11.654000,4,"LINK_TORSO_YAW",11.571000,0.200000,0.083000,20.000000,0.000000,0.000000,20.000000,0.000000,0.000000,0.000000,0.000000,0.012160,0.000000,0.910900,18.057170,7.891176,-3.415835,20.000000
11.655000,4,"LINK_TORSO_YAW",11.571000,0.200000,0.084000,20.000000,0.000000,0.000000,20.000000,0.000000,0.000000,0.000000,0.000000,0.012160,0.000000,0.910900,18.051387,7.899887,-3.426253,20.000000
11.656000,4,"LINK_TORSO_YAW",11.571000,0.200000,0.085000,20.000000,0.000000,0.000000,20.000000,0.000000,0.000000,0.000000,0.000000,0.012160,0.000000,0.910900,18.045807,7.907796,-3.437383,20.000000
11.657000,4,"LINK_TORSO_YAW",11.571000,0.200000,0.086000,20.000000,0.000000,0.000000,20.000000,0.000000,0.000000,0.000000,0.000000,0.012160,0.000000,0.910900,18.040425,7.914908,-3.449247,20.000000
11.658000,4,"LINK_TORSO_YAW",11.571000,0.200000,0.087000,20.000000,0.000000,0.000000,20.000000,0.000000,0.000000,0.000000,0.000000,0.012160,0.000000,0.910900,18.035226,7.921243,-3.461869,20.000000
11.659000,4,"LINK_TORSO_YAW",11.571000,0.200000,0.088000,20.000000,0.000000,0.000000,20.000000,0.000000,0.000000,0.000000,0.000000,0.012160,0.000000,0.910900,18.030197,7.926819,-3.475275,20.000000
11.660000,4,"LINK_TORSO_YAW",11.571000,0.200000,0.089000,20.000000,0.000000,0.000000,20.000000,0.000000,0.000000,0.000000,0.000000,0.012160,0.000000,0.910900,18.025338,7.931618,-3.489504,20.000000
11.661000,4,"LINK_TORSO_YAW",11.571000,0.200000,0.090000,20.000000,0.000000,0.000000,20.000000,0.000000,0.000000,0.000000,0.000000,0.012160,0.000000,0.910900,18.020804,7.935535,-3.503986,20.000000
11.662000,4,"LINK_TORSO_YAW",11.571000,0.200000,0.091000,20.000000,0.000000,0.000000,20.000000,0.000000,0.000000,0.000000,0.000000,0.012160,0.000000,0.910900,18.016584,7.938577,-3.518765,20.000000
11.663000,4,"LINK_TORSO_YAW",11.571000,0.200000,0.092000,20.000000,0.000000,0.000000,20.000000,0.000000,0.000000,0.000000,0.000000,0.012160,0.000000,0.910900,18.012650,7.940777,-3.533905,20.000000
11.664000,4,"LINK_TORSO_YAW",11.571000,0.200000,0.093000,20.000000,0.000000,0.000000,20.000000,0.000000,0.000000,0.000000,0.000000,0.012160,0.000000,0.910900,18.008996,7.942136,-3.549440,20.000000
11.665000,4,"LINK_TORSO_YAW",11.571000,0.200000,0.094000,20.000000,0.000000,0.000000,20.000000,0.000000,0.000000,0.000000,0.000000,0.012160,0.000000,0.910900,18.005546,7.942766,-3.565499,20.000000
11.666000,4,"LINK_TORSO_YAW",11.571000,0.200000,0.095000,20.000000,0.000000,0.000000,20.000000,0.000000,0.000000,0.000000,0.000000,0.012160,0.000000,0.910900,18.002328,7.942614,-3.582046,20.000000
11.667000,4,"LINK_TORSO_YAW",11.571000,0.200000,0.096000,20.000000,0.000000,0.000000,20.000000,0.000000,0.000000,0.000000,0.000000,0.012160,0.000000,0.910900,17.999345,7.941670,-3.599088,20.000000
11.668000,4,"LINK_TORSO_YAW",11.571000,0.200000,0.097000,20.000000,0.000000,0.000000,20.000000,0.000000,0.000000,0.000000,0.000000,0.012160,0.000000,0.910900,17.996598,7.939926,-3.616632,20.000000
11.669000,4,"LINK_TORSO_YAW",11.571000,0.200000,0.098000,20.000000,0.000000,0.000000,20.000000,0.000000,0.000000,0.000000,0.000000,0.012160,0.000000,0.910900,17.994090,7.937365,-3.634689,20.000000
11.670000,4,"LINK_TORSO_YAW",11.571000,0.200000,0.099000,20.000000,0.000000,0.000000,20.000000,0.000000,0.000000,0.000000,0.000000,0.012160,0.000000,0.910900,17.991808,7.934006,-3.653272,20.000000
11.671000,4,"LINK_TORSO_YAW",11.571000,0.200000,0.100000,20.000000,0.000000,0.000000,20.000000,0.000000,0.000000,0.000000,0.000000,0.012160,0.000000,0.910900,17.989738,7.929868,-3.672400,20.000000
11.672000,4,"LINK_TORSO_YAW",11.571000,0.200000,0.101000,20.000000,0.000000,0.000000,20.000000,0.000000,0.000000,0.000000,0.000000,0.012160,0.000000,0.910900,17.988050,7.924830,-3.691495,20.000000
11.673000,4,"LINK_TORSO_YAW",11.571000,0.200000,0.102000,20.000000,0.000000,0.000000,20.000000,0.000000,0.000000,0.000000,0.000000,0.012160,0.000000,0.910900,17.986730,7.918904,-3.710595,20.000000
11.675000,4,"LINK_TORSO_YAW",11.571000,0.200000,0.104000,20.000000,0.000000,0.000000,20.000000,0.000000,0.000000,0.000000,0.000000,0.012160,0.000000,0.910900,17.985171,7.904371,-3.748941,20.000000
11.676000,4,"LINK_TORSO_YAW",11.571000,0.200000,0.105000,20.000000,0.000000,0.000000,20.000000,0.000000,0.000000,0.000000,0.000000,0.012160,0.000000,0.910900,17.984859,7.895848,-3.768345,20.000000
11.677000,4,"LINK_TORSO_YAW",11.571000,0.200000,0.106000,20.000000,0.000000,0.000000,20.000000,0.000000,0.000000,0.000000,0.000000,0.012160,0.000000,0.910900,17.984827,7.886559,-3.787900,20.000000
11.678000,4,"LINK_TORSO_YAW",11.571000,0.200000,0.107000,20.000000,0.000000,0.000000,20.000000,0.000000,0.000000,0.000000,0.000000,0.012160,0.000000,0.910900,17.985045,7.876555,-3.807628,20.000000
11.679000,4,"LINK_TORSO_YAW",11.571000,0.200000,0.108000,20.000000,0.000000,0.000000,20.000000,0.000000,0.000000,0.000000,0.000000,0.012160,0.000000,0.910900,17.985484,7.865892,-3.827547,20.000000
11.680000,4,"LINK_TORSO_YAW",11.571000,0.200000,0.109000,20.000000,0.000000,0.000000,20.000000,0.000000,0.000000,0.000000,0.000000,0.012160,0.000000,0.910900,17.986118,7.854610,-3.847682,20.000000
11.681000,4,"LINK_TORSO_YAW",11.571000,0.200000,0.110000,20.000000,0.000000,0.000000,20.000000,0.000000,0.000000,0.000000,0.000000,0.012160,0.000000,0.910900,17.986932,7.842726,-3.868065,20.000000
11.682000,4,"LINK_TORSO_YAW",11.571000,0.200000,0.111000,20.000000,0.000000,0.000000,20.000000,0.000000,0.000000,0.000000,0.000000,0.012160,0.000000,0.910900,17.987913,7.830245,-3.888732,20.000000
11.683000,4,"LINK_TORSO_YAW",11.571000,0.200000,0.112000,20.000000,0.000000,0.000000,20.000000,0.000000,0.000000,0.000000,0.000000,0.012160,0.000000,0.910900,17.989066,7.817139,-3.909710,20.000000
11.684000,4,"LINK_TORSO_YAW",11.571000,0.200000,0.113000,20.000000,0.000000,0.000000,20.000000,0.000000,0.000000,0.000000,0.000000,0.012160,0.000000,0.910900,17.990549,7.803341,-3.930395,20.000000
11.685000,4,"LINK_TORSO_YAW",11.571000,0.200000,0.114000,20.000000,0.000000,0.000000,20.000000,0.000000,0.000000,0.000000,0.000000,0.012160,0.000000,0.910900,17.992339,7.788875,-3.950843,20.000000
11.686000,4,"LINK_TORSO_YAW",11.571000,0.200000,0.115000,20.000000,0.000000,0.000000,20.000000,0.000000,0.000000,0.000000,0.000000,0.012160,0.000000,0.910900,17.994413,7.773762,-3.971112,20.000000
11.687000,4,"LINK_TORSO_YAW",11.571000,0.200000,0.116000,20.000000,0.000000,0.000000,20.000000,0.000000,0.000000,0.000000,0.000000,0.012160,0.000000,0.910900,17.996839,7.757815,-3.991252,20.000000
11.688000,4,"LINK_TORSO_YAW",11.571000,0.200000,0.117000,20.000000,0.000000,0.000000,20.000000,0.000000,0.000000,0.000000,0.000000,0.012160,0.000000,0.910900,17.999594,7.741043,-4.011340,20.000000
11.689000,4,"LINK_TORSO_YAW",11.571000,0.200000,0.118000,20.000000,0.000000,0.000000,20.000000,0.000000,0.000000,0.000000,0.000000,0.012160,0.000000,0.910900,18.002656,7.723456,-4.031450,20.000000
11.690000,4,"LINK_TORSO_YAW",11.571000,0.200000,0.119000,20.000000,0.000000,0.000000,20.000000,0.000000,0.000000,0.000000,0.000000,0.012160,0.000000,0.910900,18.005915,7.705236,-4.051711,20.000000
11.691000,4,"LINK_TORSO_YAW",11.571000,0.200000,0.120000,20.000000,0.000000,0.000000,20.000000,0.000000,0.000000,0.000000,0.000000,0.012160,0.000000,0.910900,18.009355,7.686391,-4.072166,20.000000
11.692000,4,"LINK_TORSO_YAW",11.571000,0.200000,0.121000,20.000000,0.000000,0.000000,20.000000,0.000000,0.000000,0.000000,0.000000,0.012160,0.000000,0.910900,18.012957,7.666933,-4.092863,20.000000
11.693000,4,"LINK_TORSO_YAW",11.571000,0.200000,0.122000,20.000000,0.000000,0.000000,20.000000,0.000000,0.000000,0.000000,0.000000,0.012160,0.000000,0.910900,18.016710,7.646856,-4.113847,20.000000
11.694000,4,"LINK_TORSO_YAW",11.571000,0.200000,0.123000,20.000000,0.000000,0.000000,20.000000,0.000000,0.000000,0.000000,0.000000,0.012160,0.000000,0.910900,18.020599,7.626166,-4.135169,20.000000
11.695000,4,"LINK_TORSO_YAW",11.571000,0.200000,0.124000,20.000000,0.000000,0.000000,20.000000,0.000000,0.000000,0.000000,0.000000,0.012160,0.000000,0.910900,18.024756,7.604828,-4.156290,20.000000
11.696000,4,"LINK_TORSO_YAW",11.571000,0.200000,0.125000,20.000000,0.000000,0.000000,20.000000,0.000000,0.000000,0.000000,0.000000,0.012160,0.000000,0.910900,18.029163,7.582854,-4.177272,20.000000
11.697000,4,"LINK_TORSO_YAW",11.571000,0.200000,0.126000,20.000000,0.000000,0.000000,20.000000,0.000000,0.000000,0.000000,0.000000,0.012160,0.000000,0.910900,18.033778,7.560221,-4.198323,20.000000
11.699000,4,"LINK_TORSO_YAW",11.571000,0.200000,0.128000,20.000000,0.000000,0.000000,20.000000,0.000000,0.000000,0.000000,0.000000,0.012160,0.000000,0.910900,18.043549,7.512981,-4.240926,20.000000
11.700000,4,"LINK_TORSO_YAW",11.571000,0.200000,0.129000,20.000000,0.000000,0.000000,20.000000,0.000000,0.000000,0.000000,0.000000,0.012160,0.000000,0.910900,18.048662,7.488403,-4.262586,20.000000
11.701000,4,"LINK_TORSO_YAW",11.571000,0.200000,0.130000,20.000000,0.000000,0.000000,20.000000,0.000000,0.000000,0.000000,0.000000,0.012160,0.000000,0.910900,18.053899,7.463218,-4.284521,20.000000
11.702000,4,"LINK_TORSO_YAW",11.571000,0.200000,0.131000,20.000000,0.000000,0.000000,20.000000,0.000000,0.000000,0.000000,0.000000,0.012160,0.000000,0.910900,18.059242,7.437434,-4.306781,20.000000
11.703000,4,"LINK_TORSO_YAW",11.571000,0.200000,0.132000,20.000000,0.000000,0.000000,20.000000,0.000000,0.000000,0.000000,0.000000,0.012160,0.000000,0.910900,18.064676,7.411050,-4.329412,20.000000
11.704000,4,"LINK_TORSO_YAW",11.571000,0.200000,0.133000,20.000000,0.000000,0.000000,20.000000,0.000000,0.000000,0.000000,0.000000,0.012160,0.000000,0.910900,18.070169,7.384002,-4.352643,20.000000
11.705000,4,"LINK_TORSO_YAW",11.571000,0.200000,0.134000,20.000000,0.000000,0.000000,20.000000,0.000000,0.000000,0.000000,0.000000,0.012160,0.000000,0.910900,18.076767,7.353503,-4.376811,20.000000
11.706000,4,"LINK_TORSO_YAW",11.571000,0.200000,0.135000,20.000000,0.000000,0.000000,20.000000,0.000000,0.000000,0.000000,0.000000,0.012160,0.000000,0.910900,18.083382,7.322328,-4.401684,20.000000
11.707000,4,"LINK_TORSO_YAW",11.571000,0.200000,0.136000,20.000000,0.000000,0.000000,20.000000,0.000000,0.000000,0.000000,0.000000,0.012160,0.000000,0.910900,18.090138,7.290524,-4.426643,20.000000
11.708000,4,"LINK_TORSO_YAW",11.571000,0.200000,0.137000,20.000000,0.000000,0.000000,20.000000,0.000000,0.000000,0.000000,0.000000,0.012160,0.000000,0.910900,18.097014,7.258106,-4.451739,20.000000
11.709000,4,"LINK_TORSO_YAW",11.571000,0.200000,0.138000,20.000000,0.000000,0.000000,20.000000,0.000000,0.000000,0.000000,0.000000,0.012160,0.000000,0.910900,18.104324,7.224191,-4.477108,20.000000
11.710000,4,"LINK_TORSO_YAW",11.571000,0.200000,0.139000,20.000000,0.000000,0.000000,20.000000,0.000000,0.000000,0.000000,0.000000,0.012160,0.000000,0.910900,18.111703,7.189711,-4.502696,20.000000
11.711000,4,"LINK_TORSO_YAW",11.571000,0.200000,0.140000,20.000000,0.000000,0.000000,20.000000,0.000000,0.000000,0.000000,0.000000,0.012160,0.000000,0.910900,18.119091,7.154587,-4.528846,20.000000
11.712000,4,"LINK_TORSO_YAW",11.571000,0.200000,0.141000,20.000000,0.000000,0.000000,20.000000,0.000000,0.000000,0.000000,0.000000,0.012160,0.000000,0.910900,18.126465,7.118838,-4.555589,20.000000
11.713000,4,"LINK_TORSO_YAW",11.571000,0.200000,0.142000,20.000000,0.000000,0.000000,20.000000,0.000000,0.000000,0.000000,0.000000,0.012160,0.000000,0.910900,18.133809,7.082482,-4.582949,20.000000
11.714000,4,"LINK_TORSO_YAW",11.571000,0.200000,0.143000,20.000000,0.000000,0.000000,20.000000,0.000000,0.000000,0.000000,0.000000,0.012160,0.000000,0.910900,18.141111,7.045502,-4.610964,20.000000
11.715000,4,"LINK_TORSO_YAW",11.571000,0.200000,0.144000,20.000000,0.000000,0.000000,20.000000,0.000000,0.000000,0.000000,0.000000,0.012160,0.000000,0.910900,18.148384,7.007807,-4.639699,20.000000
11.716000,4,"LINK_TORSO_YAW",11.571000,0.200000,0.145000,20.000000,0.000000,0.000000,20.000000,0.000000,0.000000,0.000000,0.000000,0.012160,0.000000,0.910900,18.155607,6.969404,-4.669190,20.000000
11.717000,4,"LINK_TORSO_YAW",11.571000,0.200000,0.146000,20.000000,0.000000,0.000000,20.000000,0.000000,0.000000,0.000000,0.000000,0.012160,0.000000,0.910900,18.162761,6.930300,-4.699475,20.000000
11.718000,4,"LINK_TORSO_YAW",11.571000,0.200000,0.147000,20.000000,0.000000,0.000000,20.000000,0.000000,0.000000,0.000000,0.000000,0.012160,0.000000,0.910900,18.170231,6.889575,-4.730375,20.000000
11.719000,4,"LINK_TORSO_YAW",11.571000,0.200000,0.148000,20.000000,0.000000,0.000000,20.000000,0.000000,0.000000,0.000000,0.000000,0.012160,0.000000,0.910900,18.177702,6.848079,-4.761822,20.000000
11.721000,4,"LINK_TORSO_YAW",11.571000,0.200000,0.150000,20.000000,0.000000,0.000000,20.000000,0.000000,0.000000,0.000000,0.000000,0.012160,0.000000,0.910900,18.195711,6.761998,-4.815755,20.000000
11.722000,4,"LINK_TORSO_YAW",11.571000,0.200000,0.151000,20.000000,0.000000,0.000000,20.000000,0.000000,0.000000,0.000000,0.000000,0.012160,0.000000,0.910900,18.204493,6.717898,-4.844202,20.000000
11.723000,4,"LINK_TORSO_YAW",11.571000,0.200000,0.152000,20.000000,0.000000,0.000000,20.000000,0.000000,0.000000,0.000000,0.000000,0.012160,0.000000,0.910900,18.213123,6.673122,-4.873563,20.000000
11.724000,4,"LINK_TORSO_YAW",11.571000,0.200000,0.153000,20.000000,0.000000,0.000000,20.000000,0.000000,0.000000,0.000000,0.000000,0.012160,0.000000,0.910900,18.221585,6.627676,-4.903849,20.000000
11.726000,4,"LINK_TORSO_YAW",11.571000,0.200000,0.155000,20.000000,0.000000,0.000000,20.000000,0.000000,0.000000,0.000000,0.000000,0.012160,0.000000,0.910900,18.237796,6.534655,-4.968005,20.000000
11.727000,4,"LINK_TORSO_YAW",11.571000,0.200000,0.156000,20.000000,0.000000,0.000000,20.000000,0.000000,0.000000,0.000000,0.000000,0.012160,0.000000,0.910900,18.245514,6.487116,-5.001853,20.000000
11.728000,4,"LINK_TORSO_YAW",11.571000,0.200000,0.157000,20.000000,0.000000,0.000000,20.000000,0.000000,0.000000,0.000000,0.000000,0.012160,0.000000,0.910900,18.253114,6.438223,-5.037174,20.000000
11.729000,4,"LINK_TORSO_YAW",11.571000,0.200000,0.158000,20.000000,0.000000,0.000000,20.000000,0.000000,0.000000,0.000000,0.000000,0.012160,0.000000,0.910900,18.260440,6.388676,-5.073572,20.000000
11.730000,4,"LINK_TORSO_YAW",11.571000,0.200000,0.159000,20.000000,0.000000,0.000000,20.000000,0.000000,0.000000,0.000000,0.000000,0.012160,0.000000,0.910900,18.267661,6.338464,-5.110425,20.000000
11.731000,4,"LINK_TORSO_YAW",11.571000,0.200000,0.160000,20.000000,0.000000,0.000000,20.000000,0.000000,0.000000,0.000000,0.000000,0.012160,0.000000,0.910900,18.274735,6.287478,-5.147977,20.000000
11.732000,4,"LINK_TORSO_YAW",11.571000,0.200000,0.161000,20.000000,0.000000,0.000000,20.000000,0.000000,0.000000,0.000000,0.000000,0.012160,0.000000,0.910900,18.282174,6.233821,-5.186674,20.000000
11.733000,4,"LINK_TORSO_YAW",11.571000,0.200000,0.162000,20.000000,0.000000,0.000000,20.000000,0.000000,0.000000,0.000000,0.000000,0.012160,0.000000,0.910900,18.289399,6.179512,-5.226042,20.000000
11.736000,4,"LINK_TORSO_YAW",11.571000,0.200000,0.165000,20.000000,0.000000,0.000000,20.000000,0.000000,0.000000,0.000000,0.000000,0.012160,0.000000,0.910900,18.309343,6.013055,-5.348938,20.000000
11.737000,4,"LINK_TORSO_YAW",11.571000,0.200000,0.166000,20.000000,0.000000,0.000000,20.000000,0.000000,0.000000,0.000000,0.000000,0.012160,0.000000,0.910900,18.315561,5.955707,-5.391638,20.000000
11.738000,4,"LINK_TORSO_YAW",11.571000,0.200000,0.167000,20.000000,0.000000,0.000000,20.000000,0.000000,0.000000,0.000000,0.000000,0.012160,0.000000,0.910900,18.321500,5.897687,-5.435064,20.000000
11.740000,4,"LINK_TORSO_YAW",11.571000,0.200000,0.169000,20.000000,0.000000,0.000000,20.000000,0.000000,0.000000,0.000000,0.000000,0.012160,0.000000,0.910900,18.332322,5.779606,-5.524684,20.000000
11.741000,4,"LINK_TORSO_YAW",11.571000,0.200000,0.170000,20.000000,0.000000,0.000000,20.000000,0.000000,0.000000,0.000000,0.000000,0.012160,0.000000,0.910900,18.337411,5.719591,-5.570066,20.000000
11.745000,4,"LINK_TORSO_YAW",11.571000,0.200000,0.174000,20.000000,0.000000,0.000000,20.000000,0.000000,0.000000,0.000000,0.000000,0.012160,0.000000,0.910900,18.355203,5.473567,-5.755571,20.000000
11.746000,4,"LINK_TORSO_YAW",11.571000,0.200000,0.175000,20.000000,0.000000,0.000000,20.000000,0.000000,0.000000,0.000000,0.000000,0.012160,0.000000,0.910900,18.358950,5.409663,-5.803835,20.000000
11.747000,4,"LINK_TORSO_YAW",11.571000,0.200000,0.176000,20.000000,0.000000,0.000000,20.000000,0.000000,0.000000,0.000000,0.000000,0.012160,0.000000,0.910900,18.362421,5.345056,-5.852509,20.000000
11.748000,4,"LINK_TORSO_YAW",11.571000,0.200000,0.177000,20.000000,0.000000,0.000000,20.000000,0.000000,0.000000,0.000000,0.000000,0.012160,0.000000,0.910900,18.365590,5.279768,-5.901623,20.000000
11.749000,4,"LINK_TORSO_YAW",11.571000,0.200000,0.178000,20.000000,0.000000,0.000000,20.000000,0.000000,0.000000,0.000000,0.000000,0.012160,0.000000,0.910900,18.368429,5.213822,-5.951209,20.000000
11.756000,4,"LINK_TORSO_YAW",11.571000,0.200000,0.185000,20.000000,0.000000,0.000000,20.000000,0.000000,0.000000,0.000000,0.000000,0.012160,0.000000,0.910900,18.376041,4.737070,-6.315164,20.000000
11.763000,4,"LINK_TORSO_YAW",11.571000,0.200000,0.192000,20.000000,0.000000,0.000000,20.000000,0.000000,0.000000,0.000000,0.000000,0.012160,0.000000,0.910900,18.362784,4.228141,-6.703057,20.000000
11.768000,4,"LINK_TORSO_YAW",11.571000,0.200000,0.197000,20.000000,0.000000,0.000000,20.000000,0.000000,0.000000,0.000000,0.000000,0.012160,0.000000,0.910900,18.341471,3.834547,-6.991901,20.000000
11.769000,4,"LINK_TORSO_YAW",11.571000,0.200000,0.198000,20.000000,0.000000,0.000000,20.000000,0.000000,0.000000,0.000000,0.000000,0.012160,0.000000,0.910900,18.337642,3.763926,-7.040153,20.000000
11.770000,4,"LINK_TORSO_YAW",11.571000,0.200000,0.199000,20.000000,0.000000,0.000000,20.000000,0.000000,0.000000,0.000000,0.000000,0.012160,0.000000,0.910900,18.333674,3.690778,-7.089046,20.000000
11.771000,4,"LINK_TORSO_YAW",11.571000,0.200000,0.200000,20.000000,0.000000,0.000000,20.000000,0.000000,0.000000,0.000000,0.000000,0.012160,0.000000,0.910900,18.329155,3.618032,-7.138061,20.000000
11.774000,5,"LINK_TORSO_YAW",11.772000,0.200000,0.002000,20.000000,0.000000,0.000000,20.000000,0.000000,0.000000,0.000000,0.000000,0.012160,0.000000,0.910900,18.312081,3.402535,-7.286319,20.000000
11.775000,5,"LINK_TORSO_YAW",11.772000,0.200000,0.003000,20.000000,0.000000,0.000000,20.000000,0.000000,0.000000,0.000000,0.000000,0.012160,0.000000,0.910900,18.305527,3.331245,-7.335564,20.000000
11.776000,5,"LINK_TORSO_YAW",11.772000,0.200000,0.004000,20.000000,0.000000,0.000000,20.000000,0.000000,0.000000,0.000000,0.000000,0.012160,0.000000,0.910900,18.298672,3.260399,-7.384334,20.000000
11.777000,5,"LINK_TORSO_YAW",11.772000,0.200000,0.005000,20.000000,0.000000,0.000000,20.000000,0.000000,0.000000,0.000000,0.000000,0.012160,0.000000,0.910900,18.291489,3.189973,-7.432732,20.000000
11.783000,5,"LINK_TORSO_YAW",11.772000,0.200000,0.011000,20.000000,0.000000,0.000000,20.000000,0.000000,0.000000,0.000000,0.000000,0.012160,0.000000,0.910900,18.239655,2.777863,-7.720005,20.000000
11.784000,5,"LINK_TORSO_YAW",11.772000,0.200000,0.012000,20.000000,0.000000,0.000000,20.000000,0.000000,0.000000,0.000000,0.000000,0.012160,0.000000,0.910900,18.229348,2.711041,-7.767956,20.000000
11.790000,5,"LINK_TORSO_YAW",11.772000,0.200000,0.018000,20.000000,0.000000,0.000000,20.000000,0.000000,0.000000,0.000000,0.000000,0.012160,0.000000,0.910900,18.156867,2.323004,-8.058029,20.000000
11.793000,5,"LINK_TORSO_YAW",11.772000,0.200000,0.021000,20.000000,0.000000,0.000000,20.000000,0.000000,0.000000,0.000000,0.000000,0.012160,0.000000,0.910900,18.115171,2.137592,-8.201906,20.000000
11.794000,5,"LINK_TORSO_YAW",11.772000,0.200000,0.022000,20.000000,0.000000,0.000000,20.000000,0.000000,0.000000,0.000000,0.000000,0.012160,0.000000,0.910900,18.100456,2.077165,-8.249780,20.000000
11.795000,5,"LINK_TORSO_YAW",11.772000,0.200000,0.023000,20.000000,0.000000,0.000000,20.000000,0.000000,0.000000,0.000000,0.000000,0.012160,0.000000,0.910900,18.085314,2.017446,-8.297670,20.000000
11.796000,5,"LINK_TORSO_YAW",11.772000,0.200000,0.024000,20.000000,0.000000,0.000000,20.000000,0.000000,0.000000,0.000000,0.000000,0.012160,0.000000,0.910900,18.069725,1.958428,-8.345634,20.000000
11.797000,5,"LINK_TORSO_YAW",11.772000,0.200000,0.025000,20.000000,0.000000,0.000000,20.000000,0.000000,0.000000,0.000000,0.000000,0.012160,0.000000,0.910900,18.053670,1.900104,-8.393725,20.000000
11.798000,5,"LINK_TORSO_YAW",11.772000,0.200000,0.026000,20.000000,0.000000,0.000000,20.000000,0.000000,0.000000,0.000000,0.000000,0.012160,0.000000,0.910900,18.037131,1.842470,-8.441990,20.000000
11.799000,5,"LINK_TORSO_YAW",11.772000,0.200000,0.027000,20.000000,0.000000,0.000000,20.000000,0.000000,0.000000,0.000000,0.000000,0.012160,0.000000,0.910900,18.020091,1.785518,-8.490480,20.000000
11.800000,5,"LINK_TORSO_YAW",11.772000,0.200000,0.028000,20.000000,0.000000,0.000000,20.000000,0.000000,0.000000,0.000000,0.000000,0.012160,0.000000,0.910900,18.002844,1.729170,-8.538593,20.000000
11.801000,5,"LINK_TORSO_YAW",11.772000,0.200000,0.029000,20.000000,0.000000,0.000000,20.000000,0.000000,0.000000,0.000000,0.000000,0.012160,0.000000,0.910900,17.985356,1.673449,-8.586415,20.000000
11.802000,5,"LINK_TORSO_YAW",11.772000,0.200000,0.030000,20.000000,0.000000,0.000000,20.000000,0.000000,0.000000,0.000000,0.000000,0.012160,0.000000,0.910900,17.967616,1.618374,-8.633982,20.000000
11.803000,5,"LINK_TORSO_YAW",11.772000,0.200000,0.031000,20.000000,0.000000,0.000000,20.000000,0.000000,0.000000,0.000000,0.000000,0.012160,0.000000,0.910900,17.949611,1.563908,-8.681340,20.000000
11.804000,5,"LINK_TORSO_YAW",11.772000,0.200000,0.032000,20.000000,0.000000,0.000000,20.000000,0.000000,0.000000,0.000000,0.000000,0.012160,0.000000,0.910900,17.931315,1.510064,-8.728553,20.000000
11.805000,5,"LINK_TORSO_YAW",11.772000,0.200000,0.033000,20.000000,0.000000,0.000000,20.000000,0.000000,0.000000,0.000000,0.000000,0.012160,0.000000,0.910900,17.912716,1.456802,-8.775668,20.000000
11.806000,5,"LINK_TORSO_YAW",11.772000,0.200000,0.034000,20.000000,0.000000,0.000000,20.000000,0.000000,0.000000,0.000000,0.000000,0.012160,0.000000,0.910900,17.893787,1.404122,-8.822744,20.000000
11.807000,5,"LINK_TORSO_YAW",11.772000,0.200000,0.035000,20.000000,0.000000,0.000000,20.000000,0.000000,0.000000,0.000000,0.000000,0.012160,0.000000,0.910900,17.874510,1.352033,-8.869832,20.000000
11.808000,5,"LINK_TORSO_YAW",11.772000,0.200000,0.036000,20.000000,0.000000,0.000000,20.000000,0.000000,0.000000,0.000000,0.000000,0.012160,0.000000,0.910900,17.854858,1.300511,-8.916991,20.000000
11.809000,5,"LINK_TORSO_YAW",11.772000,0.200000,0.037000,20.000000,0.000000,0.000000,20.000000,0.000000,0.000000,0.000000,0.000000,0.012160,0.000000,0.910900,17.834786,1.249471,-8.964330,20.000000
11.810000,5,"LINK_TORSO_YAW",11.772000,0.200000,0.038000,20.000000,0.000000,0.000000,20.000000,0.000000,0.000000,0.000000,0.000000,0.012160,0.000000,0.910900,17.814265,1.198916,-9.011912,20.000000
11.811000,5,"LINK_TORSO_YAW",11.772000,0.200000,0.039000,20.000000,0.000000,0.000000,20.000000,0.000000,0.000000,0.000000,0.000000,0.012160,0.000000,0.910900,17.793558,1.148824,-9.059221,20.000000
11.812000,5,"LINK_TORSO_YAW",11.772000,0.200000,0.040000,20.000000,0.000000,0.000000,20.000000,0.000000,0.000000,0.000000,0.000000,0.012160,0.000000,0.910900,17.772651,1.099146,-9.106303,20.000000
11.813000,5,"LINK_TORSO_YAW",11.772000,0.200000,0.041000,20.000000,0.000000,0.000000,20.000000,0.000000,0.000000,0.000000,0.000000,0.012160,0.000000,0.910900,17.751516,1.049885,-9.153218,20.000000
11.814000,5,"LINK_TORSO_YAW",11.772000,0.200000,0.042000,20.000000,0.000000,0.000000,20.000000,0.000000,0.000000,0.000000,0.000000,0.012160,0.000000,0.910900,17.730142,1.001003,-9.200004,20.000000
11.815000,5,"LINK_TORSO_YAW",11.772000,0.200000,0.043000,20.000000,0.000000,0.000000,20.000000,0.000000,0.000000,0.000000,0.000000,0.012160,0.000000,0.910900,17.708488,0.952488,-9.246741,20.000000
11.816000,5,"LINK_TORSO_YAW",11.772000,0.200000,0.044000,20.000000,0.000000,0.000000,20.000000,0.000000,0.000000,0.000000,0.000000,0.012160,0.000000,0.910900,17.686541,0.904292,-9.293466,20.000000
11.817000,5,"LINK_TORSO_YAW",11.772000,0.200000,0.045000,20.000000,0.000000,0.000000,20.000000,0.000000,0.000000,0.000000,0.000000,0.012160,0.000000,0.910900,17.664275,0.856406,-9.340232,20.000000
11.818000,5,"LINK_TORSO_YAW",11.772000,0.200000,0.046000,20.000000,0.000000,0.000000,20.000000,0.000000,0.000000,0.000000,0.000000,0.012160,0.000000,0.910900,17.641660,0.808810,-9.387100,20.000000
11.819000,5,"LINK_TORSO_YAW",11.772000,0.200000,0.047000,20.000000,0.000000,0.000000,20.000000,0.000000,0.000000,0.000000,0.000000,0.012160,0.000000,0.910900,17.618680,0.761446,-9.434104,20.000000
11.820000,5,"LINK_TORSO_YAW",11.772000,0.200000,0.048000,20.000000,0.000000,0.000000,20.000000,0.000000,0.000000,0.000000,0.000000,0.012160,0.000000,0.910900,17.595303,0.714314,-9.481301,20.000000
11.821000,5,"LINK_TORSO_YAW",11.772000,0.200000,0.049000,20.000000,0.000000,0.000000,20.000000,0.000000,0.000000,0.000000,0.000000,0.012160,0.000000,0.910900,17.571512,0.667359,-9.528724,20.000000
11.822000,5,"LINK_TORSO_YAW",11.772000,0.200000,0.050000,20.000000,0.000000,0.000000,20.000000,0.000000,0.000000,0.000000,0.000000,0.012160,0.000000,0.910900,17.547281,0.620566,-9.576421,20.000000
11.823000,5,"LINK_TORSO_YAW",11.772000,0.200000,0.051000,20.000000,0.000000,0.000000,20.000000,0.000000,0.000000,0.000000,0.000000,0.012160,0.000000,0.910900,17.522913,0.573887,-9.623834,20.000000
11.824000,5,"LINK_TORSO_YAW",11.772000,0.200000,0.052000,20.000000,0.000000,0.000000,20.000000,0.000000,0.000000,0.000000,0.000000,0.012160,0.000000,0.910900,17.498391,0.527264,-9.671003,20.000000
11.825000,5,"LINK_TORSO_YAW",11.772000,0.200000,0.053000,20.000000,0.000000,0.000000,20.000000,0.000000,0.000000,0.000000,0.000000,0.012160,0.000000,0.910900,17.473681,0.480698,-9.717994,20.000000
11.826000,5,"LINK_TORSO_YAW",11.772000,0.200000,0.054000,20.000000,0.000000,0.000000,20.000000,0.000000,0.000000,0.000000,0.000000,0.012160,0.000000,0.910900,17.448763,0.434129,-9.764845,20.000000
11.827000,5,"LINK_TORSO_YAW",11.772000,0.200000,0.055000,20.000000,0.000000,0.000000,20.000000,0.000000,0.000000,0.000000,0.000000,0.012160,0.000000,0.910900,17.423602,0.387558,-9.811620,20.000000
11.828000,5,"LINK_TORSO_YAW",11.772000,0.200000,0.056000,20.000000,0.000000,0.000000,20.000000,0.000000,0.000000,0.000000,0.000000,0.012160,0.000000,0.910900,17.398178,0.340927,-9.858356,20.000000
11.829000,5,"LINK_TORSO_YAW",11.772000,0.200000,0.057000,20.000000,0.000000,0.000000,20.000000,0.000000,0.000000,0.000000,0.000000,0.012160,0.000000,0.910900,17.372455,0.294218,-9.905112,20.000000
11.830000,5,"LINK_TORSO_YAW",11.772000,0.200000,0.058000,20.000000,0.000000,0.000000,20.000000,0.000000,0.000000,0.000000,0.000000,0.012160,0.000000,0.910900,17.346370,0.247393,-9.951996,20.000000
11.831000,5,"LINK_TORSO_YAW",11.772000,0.200000,0.059000,20.000000,0.000000,0.000000,20.000000,0.000000,0.000000,0.000000,0.000000,0.012160,0.000000,0.910900,17.319892,0.200421,-9.999058,20.000000
11.832000,5,"LINK_TORSO_YAW",11.772000,0.200000,0.060000,20.000000,0.000000,0.000000,20.000000,0.000000,0.000000,0.000000,0.000000,0.012160,0.000000,0.910900,17.293008,0.153234,-10.046313,20.000000
11.833000,5,"LINK_TORSO_YAW",11.772000,0.200000,0.061000,20.000000,0.000000,0.000000,20.000000,0.000000,0.000000,0.000000,0.000000,0.012160,0.000000,0.910900,17.265677,0.105825,-10.093821,20.000000
11.834000,5,"LINK_TORSO_YAW",11.772000,0.200000,0.062000,20.000000,0.000000,0.000000,20.000000,0.000000,0.000000,0.000000,0.000000,0.012160,0.000000,0.910900,17.237869,0.058190,-10.141622,20.000000
11.835000,5,"LINK_TORSO_YAW",11.772000,0.200000,0.063000,20.000000,0.000000,0.000000,20.000000,0.000000,0.000000,0.000000,0.000000,0.012160,0.000000,0.910900,17.209914,0.010259,-10.189149,20.000000
11.836000,5,"LINK_TORSO_YAW",11.772000,0.200000,0.064000,20.000000,0.000000,0.000000,20.000000,0.000000,0.000000,0.000000,0.000000,0.012160,0.000000,0.910900,17.181776,-0.037966,-10.236460,20.000000
11.837000,5,"LINK_TORSO_YAW",11.772000,0.200000,0.065000,20.000000,0.000000,0.000000,20.000000,0.000000,0.000000,0.000000,0.000000,0.012160,0.000000,0.910900,17.153396,-0.086566,-10.283653,20.000000
11.838000,5,"LINK_TORSO_YAW",11.772000,0.200000,0.066000,20.000000,0.000000,0.000000,20.000000,0.000000,0.000000,0.000000,0.000000,0.012160,0.000000,0.910900,17.124736,-0.135537,-10.330782,20.000000
11.839000,5,"LINK_TORSO_YAW",11.772000,0.200000,0.067000,20.000000,0.000000,0.000000,20.000000,0.000000,0.000000,0.000000,0.000000,0.012160,0.000000,0.910900,17.095772,-0.184930,-10.377879,20.000000
11.840000,5,"LINK_TORSO_YAW",11.772000,0.200000,0.068000,20.000000,0.000000,0.000000,20.000000,0.000000,0.000000,0.000000,0.000000,0.012160,0.000000,0.910900,17.066468,-0.234737,-10.424997,20.000000
11.841000,5,"LINK_TORSO_YAW",11.772000,0.200000,0.069000,20.000000,0.000000,0.000000,20.000000,0.000000,0.000000,0.000000,0.000000,0.012160,0.000000,0.910900,17.036798,-0.285017,-10.472168,20.000000
11.842000,5,"LINK_TORSO_YAW",11.772000,0.200000,0.070000,20.000000,0.000000,0.000000,20.000000,0.000000,0.000000,0.000000,0.000000,0.012160,0.000000,0.910900,17.006727,-0.335765,-10.519435,20.000000
11.843000,5,"LINK_TORSO_YAW",11.772000,0.200000,0.071000,20.000000,0.000000,0.000000,20.000000,0.000000,0.000000,0.000000,0.000000,0.012160,0.000000,0.910900,16.976218,-0.386987,-10.566848,20.000000
11.844000,5,"LINK_TORSO_YAW",11.772000,0.200000,0.072000,20.000000,0.000000,0.000000,20.000000,0.000000,0.000000,0.000000,0.000000,0.012160,0.000000,0.910900,16.945226,-0.438743,-10.614463,20.000000
11.845000,5,"LINK_TORSO_YAW",11.772000,0.200000,0.073000,20.000000,0.000000,0.000000,20.000000,0.000000,0.000000,0.000000,0.000000,0.012160,0.000000,0.910900,16.913711,-0.491007,-10.662330,20.000000
11.846000,5,"LINK_TORSO_YAW",11.772000,0.200000,0.074000,20.000000,0.000000,0.000000,20.000000,0.000000,0.000000,0.000000,0.000000,0.012160,0.000000,0.910900,16.882065,-0.542935,-10.709860,20.000000
11.847000,5,"LINK_TORSO_YAW",11.772000,0.200000,0.075000,20.000000,0.000000,0.000000,20.000000,0.000000,0.000000,0.000000,0.000000,0.012160,0.000000,0.910900,16.850428,-0.594724,-10.756829,20.000000
11.848000,5,"LINK_TORSO_YAW",11.772000,0.200000,0.076000,20.000000,0.000000,0.000000,20.000000,0.000000,0.000000,0.000000,0.000000,0.012160,0.000000,0.910900,16.818625,-0.646568,-10.803509,20.000000
11.849000,5,"LINK_TORSO_YAW",11.772000,0.200000,0.077000,20.000000,0.000000,0.000000,20.000000,0.000000,0.000000,0.000000,0.000000,0.012160,0.000000,0.910900,16.786472,-0.698582,-10.850177,20.000000
11.850000,5,"LINK_TORSO_YAW",11.772000,0.200000,0.078000,20.000000,0.000000,0.000000,20.000000,0.000000,0.000000,0.000000,0.000000,0.012160,0.000000,0.910900,16.753824,-0.750912,-10.897041,20.000000
11.851000,5,"LINK_TORSO_YAW",11.772000,0.200000,0.079000,20.000000,0.000000,0.000000,20.000000,0.000000,0.000000,0.000000,0.000000,0.012160,0.000000,0.910900,16.720558,-0.803654,-10.944271,20.000000
11.852000,5,"LINK_TORSO_YAW",11.772000,0.200000,0.080000,20.000000,0.000000,0.000000,20.000000,0.000000,0.000000,0.000000,0.000000,0.012160,0.000000,0.910900,16.686552,-0.856849,-10.992034,20.000000
11.853000,5,"LINK_TORSO_YAW",11.772000,0.200000,0.081000,20.000000,0.000000,0.000000,20.000000,0.000000,0.000000,0.000000,0.000000,0.012160,0.000000,0.910900,16.651711,-0.910538,-11.040445,20.000000
11.854000,5,"LINK_TORSO_YAW",11.772000,0.200000,0.082000,20.000000,0.000000,0.000000,20.000000,0.000000,0.000000,0.000000,0.000000,0.012160,0.000000,0.910900,16.615938,-0.964754,-11.089629,20.000000
11.855000,5,"LINK_TORSO_YAW",11.772000,0.200000,0.083000,20.000000,0.000000,0.000000,20.000000,0.000000,0.000000,0.000000,0.000000,0.012160,0.000000,0.910900,16.579151,-1.019566,-11.139669,20.000000
11.856000,5,"LINK_TORSO_YAW",11.772000,0.200000,0.084000,20.000000,0.000000,0.000000,20.000000,0.000000,0.000000,0.000000,0.000000,0.012160,0.000000,0.910900,16.541270,-1.074987,-11.190656,20.000000
11.857000,5,"LINK_TORSO_YAW",11.772000,0.200000,0.085000,20.000000,0.000000,0.000000,20.000000,0.000000,0.000000,0.000000,0.000000,0.012160,0.000000,0.910900,16.502229,-1.131070,-11.242648,20.000000
11.858000,5,"LINK_TORSO_YAW",11.772000,0.200000,0.086000,20.000000,0.000000,0.000000,20.000000,0.000000,0.000000,0.000000,0.000000,0.012160,0.000000,0.910900,16.462275,-1.187958,-11.295231,20.000000
11.859000,5,"LINK_TORSO_YAW",11.772000,0.200000,0.087000,20.000000,0.000000,0.000000,20.000000,0.000000,0.000000,0.000000,0.000000,0.012160,0.000000,0.910900,16.421356,-1.245708,-11.348448,20.000000
11.860000,5,"LINK_TORSO_YAW",11.772000,0.200000,0.088000,20.000000,0.000000,0.000000,20.000000,0.000000,0.000000,0.000000,0.000000,0.012160,0.000000,0.910900,16.379413,-1.304314,-11.402351,20.000000
11.861000,5,"LINK_TORSO_YAW",11.772000,0.200000,0.089000,20.000000,0.000000,0.000000,20.000000,0.000000,0.000000,0.000000,0.000000,0.012160,0.000000,0.910900,16.336399,-1.363804,-11.456968,20.000000
11.862000,5,"LINK_TORSO_YAW",11.772000,0.200000,0.090000,20.000000,0.000000,0.000000,20.000000,0.000000,0.000000,0.000000,0.000000,0.012160,0.000000,0.910900,16.292263,-1.424165,-11.512338,20.000000
11.863000,5,"LINK_TORSO_YAW",11.772000,0.200000,0.091000,20.000000,0.000000,0.000000,20.000000,0.000000,0.000000,0.000000,0.000000,0.012160,0.000000,0.910900,16.246962,-1.485417,-11.568482,20.000000
11.864000,5,"LINK_TORSO_YAW",11.772000,0.200000,0.092000,20.000000,0.000000,0.000000,20.000000,0.000000,0.000000,0.000000,0.000000,0.012160,0.000000,0.910900,16.200447,-1.547541,-11.625430,20.000000
11.865000,5,"LINK_TORSO_YAW",11.772000,0.200000,0.093000,20.000000,0.000000,0.000000,20.000000,0.000000,0.000000,0.000000,0.000000,0.012160,0.000000,0.910900,16.152659,-1.610596,-11.683218,20.000000
11.866000,5,"LINK_TORSO_YAW",11.772000,0.200000,0.094000,20.000000,0.000000,0.000000,20.000000,0.000000,0.000000,0.000000,0.000000,0.012160,0.000000,0.910900,16.103553,-1.674556,-11.741867,20.000000
11.867000,5,"LINK_TORSO_YAW",11.772000,0.200000,0.095000,20.000000,0.000000,0.000000,20.000000,0.000000,0.000000,0.000000,0.000000,0.012160,0.000000,0.910900,16.053095,-1.739419,-11.801379,20.000000
11.868000,5,"LINK_TORSO_YAW",11.772000,0.200000,0.096000,20.000000,0.000000,0.000000,20.000000,0.000000,0.000000,0.000000,0.000000,0.012160,0.000000,0.910900,16.001207,-1.805227,-11.861810,20.000000
11.869000,5,"LINK_TORSO_YAW",11.772000,0.200000,0.097000,20.000000,0.000000,0.000000,20.000000,0.000000,0.000000,0.000000,0.000000,0.012160,0.000000,0.910900,15.947862,-1.871983,-11.923145,20.000000
11.870000,5,"LINK_TORSO_YAW",11.772000,0.200000,0.098000,20.000000,0.000000,0.000000,20.000000,0.000000,0.000000,0.000000,0.000000,0.012160,0.000000,0.910900,15.893028,-1.939652,-11.985383,20.000000
11.871000,5,"LINK_TORSO_YAW",11.772000,0.200000,0.099000,20.000000,0.000000,0.000000,20.000000,0.000000,0.000000,0.000000,0.000000,0.012160,0.000000,0.910900,15.837146,-2.008249,-12.047894,20.000000
11.872000,5,"LINK_TORSO_YAW",11.772000,0.200000,0.100000,20.000000,0.000000,0.000000,20.000000,0.000000,0.000000,0.000000,0.000000,0.012160,0.000000,0.910900,15.780225,-2.077766,-12.110632,20.000000
11.873000,5,"LINK_TORSO_YAW",11.772000,0.200000,0.101000,20.000000,0.000000,0.000000,20.000000,0.000000,0.000000,0.000000,0.000000,0.012160,0.000000,0.910900,15.722238,-2.148200,-12.173597,20.000000
11.874000,5,"LINK_TORSO_YAW",11.772000,0.200000,0.102000,20.000000,0.000000,0.000000,20.000000,0.000000,0.000000,0.000000,0.000000,0.012160,0.000000,0.910900,15.658641,-2.212017,-12.243935,20.000000
11.875000,5,"LINK_TORSO_YAW",11.772000,0.200000,0.103000,20.000000,0.000000,0.000000,20.000000,0.000000,0.000000,0.000000,0.000000,0.012160,0.000000,0.910900,15.592420,-2.275655,-12.316568,20.000000
11.876000,5,"LINK_TORSO_YAW",11.772000,0.200000,0.104000,20.000000,0.000000,0.000000,20.000000,0.000000,0.000000,0.000000,0.000000,0.012160,0.000000,0.910900,15.524319,-2.339713,-12.390369,20.000000
11.877000,5,"LINK_TORSO_YAW",11.772000,0.200000,0.105000,20.000000,0.000000,0.000000,20.000000,0.000000,0.000000,0.000000,0.000000,0.012160,0.000000,0.910900,15.454627,-2.404350,-12.464895,20.000000
11.878000,5,"LINK_TORSO_YAW",11.772000,0.200000,0.106000,20.000000,0.000000,0.000000,20.000000,0.000000,0.000000,0.000000,0.000000,0.012160,0.000000,0.910900,15.383412,-2.469553,-12.540014,20.000000
11.879000,5,"LINK_TORSO_YAW",11.772000,0.200000,0.107000,20.000000,0.000000,0.000000,20.000000,0.000000,0.000000,0.000000,0.000000,0.012160,0.000000,0.910900,15.310926,-2.535346,-12.615370,20.000000
11.880000,5,"LINK_TORSO_YAW",11.772000,0.200000,0.108000,20.000000,0.000000,0.000000,20.000000,0.000000,0.000000,0.000000,0.000000,0.012160,0.000000,0.910900,15.237138,-2.601645,-12.690984,20.000000
11.881000,5,"LINK_TORSO_YAW",11.772000,0.200000,0.109000,20.000000,0.000000,0.000000,20.000000,0.000000,0.000000,0.000000,0.000000,0.012160,0.000000,0.910900,15.162532,-2.668810,-12.766169,20.000000
11.882000,5,"LINK_TORSO_YAW",11.772000,0.200000,0.110000,20.000000,0.000000,0.000000,20.000000,0.000000,0.000000,0.000000,0.000000,0.012160,0.000000,0.910900,15.086673,-2.736000,-12.841597,20.000000
11.883000,5,"LINK_TORSO_YAW",11.772000,0.200000,0.111000,20.000000,0.000000,0.000000,20.000000,0.000000,0.000000,0.000000,0.000000,0.012160,0.000000,0.910900,15.009911,-2.803268,-12.916821,20.000000
11.884000,5,"LINK_TORSO_YAW",11.772000,0.200000,0.112000,20.000000,0.000000,0.000000,20.000000,0.000000,0.000000,0.000000,0.000000,0.012160,0.000000,0.910900,14.932261,-2.870663,-12.991801,20.000000
11.885000,5,"LINK_TORSO_YAW",11.772000,0.200000,0.113000,20.000000,0.000000,0.000000,20.000000,0.000000,0.000000,0.000000,0.000000,0.012160,0.000000,0.910900,14.854183,-2.938537,-13.065919,20.000000
11.886000,5,"LINK_TORSO_YAW",11.772000,0.200000,0.114000,20.000000,0.000000,0.000000,20.000000,0.000000,0.000000,0.000000,0.000000,0.012160,0.000000,0.910900,14.774857,-3.006222,-13.140252,20.000000
11.887000,5,"LINK_TORSO_YAW",11.772000,0.200000,0.115000,20.000000,0.000000,0.000000,20.000000,0.000000,0.000000,0.000000,0.000000,0.012160,0.000000,0.910900,14.694489,-3.074004,-13.214481,20.000000
11.888000,5,"LINK_TORSO_YAW",11.772000,0.200000,0.116000,20.000000,0.000000,0.000000,20.000000,0.000000,0.000000,0.000000,0.000000,0.012160,0.000000,0.910900,14.613080,-3.141885,-13.288584,20.000000
11.889000,5,"LINK_TORSO_YAW",11.772000,0.200000,0.117000,20.000000,0.000000,0.000000,20.000000,0.000000,0.000000,0.000000,0.000000,0.012160,0.000000,0.910900,14.531101,-3.210282,-13.361931,20.000000
11.890000,5,"LINK_TORSO_YAW",11.772000,0.200000,0.118000,20.000000,0.000000,0.000000,20.000000,0.000000,0.000000,0.000000,0.000000,0.012160,0.000000,0.910900,14.447751,-3.278381,-13.435576,20.000000
11.891000,5,"LINK_TORSO_YAW",11.772000,0.200000,0.119000,20.000000,0.000000,0.000000,20.000000,0.000000,0.000000,0.000000,0.000000,0.012160,0.000000,0.910900,14.363161,-3.346493,-13.509278,20.000000
11.892000,5,"LINK_TORSO_YAW",11.772000,0.200000,0.120000,20.000000,0.000000,0.000000,20.000000,0.000000,0.000000,0.000000,0.000000,0.012160,0.000000,0.910900,14.277342,-3.414615,-13.583000,20.000000
11.893000,5,"LINK_TORSO_YAW",11.772000,0.200000,0.121000,20.000000,0.000000,0.000000,20.000000,0.000000,0.000000,0.000000,0.000000,0.012160,0.000000,0.910900,14.190283,-3.482756,-13.656730,20.000000
11.894000,5,"LINK_TORSO_YAW",11.772000,0.200000,0.122000,20.000000,0.000000,0.000000,20.000000,0.000000,0.000000,0.000000,0.000000,0.012160,0.000000,0.910900,14.102476,-3.550891,-13.729944,20.000000
11.895000,5,"LINK_TORSO_YAW",11.772000,0.200000,0.123000,20.000000,0.000000,0.000000,20.000000,0.000000,0.000000,0.000000,0.000000,0.012160,0.000000,0.910900,14.013885,-3.619008,-13.802674,20.000000
11.896000,5,"LINK_TORSO_YAW",11.772000,0.200000,0.124000,20.000000,0.000000,0.000000,20.000000,0.000000,0.000000,0.000000,0.000000,0.012160,0.000000,0.910900,13.924467,-3.687055,-13.874972,20.000000
11.897000,5,"LINK_TORSO_YAW",11.772000,0.200000,0.125000,20.000000,0.000000,0.000000,20.000000,0.000000,0.000000,0.000000,0.000000,0.012160,0.000000,0.910900,13.834197,-3.754993,-13.946864,20.000000
11.898000,5,"LINK_TORSO_YAW",11.772000,0.200000,0.126000,20.000000,0.000000,0.000000,20.000000,0.000000,0.000000,0.000000,0.000000,0.012160,0.000000,0.910900,13.743692,-3.820894,-14.018263,20.000000
11.899000,5,"LINK_TORSO_YAW",11.772000,0.200000,0.127000,20.000000,0.000000,0.000000,20.000000,0.000000,0.000000,0.000000,0.000000,0.012160,0.000000,0.910900,13.652251,-3.886607,-14.089369,20.000000
11.900000,5,"LINK_TORSO_YAW",11.772000,0.200000,0.128000,20.000000,0.000000,0.000000,20.000000,0.000000,0.000000,0.000000,0.000000,0.012160,0.000000,0.910900,13.559895,-3.952139,-14.160150,20.000000
11.901000,5,"LINK_TORSO_YAW",11.772000,0.200000,0.129000,20.000000,0.000000,0.000000,20.000000,0.000000,0.000000,0.000000,0.000000,0.012160,0.000000,0.910900,13.466599,-4.017493,-14.230617,20.000000
11.902000,5,"LINK_TORSO_YAW",11.772000,0.200000,0.130000,20.000000,0.000000,0.000000,20.000000,0.000000,0.000000,0.000000,0.000000,0.012160,0.000000,0.910900,13.372325,-4.082627,-14.300807,20.000000
11.903000,5,"LINK_TORSO_YAW",11.772000,0.200000,0.131000,20.000000,0.000000,0.000000,20.000000,0.000000,0.000000,0.000000,0.000000,0.012160,0.000000,0.910900,13.277051,-4.147552,-14.370724,20.000000
11.904000,5,"LINK_TORSO_YAW",11.772000,0.200000,0.132000,20.000000,0.000000,0.000000,20.000000,0.000000,0.000000,0.000000,0.000000,0.012160,0.000000,0.910900,13.180739,-4.212230,-14.440403,20.000000
11.905000,5,"LINK_TORSO_YAW",11.772000,0.200000,0.133000,20.000000,0.000000,0.000000,20.000000,0.000000,0.000000,0.000000,0.000000,0.012160,0.000000,0.910900,13.083363,-4.276715,-14.509836,20.000000
11.906000,5,"LINK_TORSO_YAW",11.772000,0.200000,0.134000,20.000000,0.000000,0.000000,20.000000,0.000000,0.000000,0.000000,0.000000,0.012160,0.000000,0.910900,12.985403,-4.340918,-14.578605,20.000000
11.907000,5,"LINK_TORSO_YAW",11.772000,0.200000,0.135000,20.000000,0.000000,0.000000,20.000000,0.000000,0.000000,0.000000,0.000000,0.012160,0.000000,0.910900,12.886854,-4.404941,-14.646689,20.000000
11.908000,5,"LINK_TORSO_YAW",11.772000,0.200000,0.136000,20.000000,0.000000,0.000000,20.000000,0.000000,0.000000,0.000000,0.000000,0.012160,0.000000,0.910900,12.787701,-4.468597,-14.714154,20.000000
11.909000,5,"LINK_TORSO_YAW",11.772000,0.200000,0.137000,20.000000,0.000000,0.000000,20.000000,0.000000,0.000000,0.000000,0.000000,0.012160,0.000000,0.910900,12.687897,-4.531938,-14.781029,20.000000
11.910000,5,"LINK_TORSO_YAW",11.772000,0.200000,0.138000,20.000000,0.000000,0.000000,20.000000,0.000000,0.000000,0.000000,0.000000,0.012160,0.000000,0.910900,12.587390,-4.594925,-14.847366,20.000000
11.911000,5,"LINK_TORSO_YAW",11.772000,0.200000,0.139000,20.000000,0.000000,0.000000,20.000000,0.000000,0.000000,0.000000,0.000000,0.012160,0.000000,0.910900,12.486125,-4.657676,-14.913174,20.000000
11.912000,5,"LINK_TORSO_YAW",11.772000,0.200000,0.140000,20.000000,0.000000,0.000000,20.000000,0.000000,0.000000,0.000000,0.000000,0.012160,0.000000,0.910900,12.384043,-4.720165,-14.978502,20.000000
11.913000,5,"LINK_TORSO_YAW",11.772000,0.200000,0.141000,20.000000,0.000000,0.000000,20.000000,0.000000,0.000000,0.000000,0.000000,0.012160,0.000000,0.910900,12.281106,-4.782414,-15.043369,20.000000
11.914000,5,"LINK_TORSO_YAW",11.772000,0.200000,0.142000,20.000000,0.000000,0.000000,20.000000,0.000000,0.000000,0.000000,0.000000,0.012160,0.000000,0.910900,12.168173,-4.848371,-15.113864,20.000000
11.915000,5,"LINK_TORSO_YAW",11.772000,0.200000,0.143000,20.000000,0.000000,0.000000,20.000000,0.000000,0.000000,0.000000,0.000000,0.012160,0.000000,0.910900,12.046916,-4.917394,-15.188517,20.000000
11.916000,5,"LINK_TORSO_YAW",11.772000,0.200000,0.144000,20.000000,0.000000,0.000000,20.000000,0.000000,0.000000,0.000000,0.000000,0.012160,0.000000,0.910900,11.918736,-4.989097,-15.266061,20.000000
11.917000,5,"LINK_TORSO_YAW",11.772000,0.200000,0.145000,20.000000,0.000000,0.000000,20.000000,0.000000,0.000000,0.000000,0.000000,0.012160,0.000000,0.910900,11.785252,-5.063142,-15.345111,20.000000
11.918000,5,"LINK_TORSO_YAW",11.772000,0.200000,0.146000,20.000000,0.000000,0.000000,20.000000,0.000000,0.000000,0.000000,0.000000,0.012160,0.000000,0.910900,11.647308,-5.139271,-15.424918,20.000000
11.919000,5,"LINK_TORSO_YAW",11.772000,0.200000,0.147000,20.000000,0.000000,0.000000,20.000000,0.000000,0.000000,0.000000,0.000000,0.012160,0.000000,0.910900,11.505534,-5.218006,-15.504680,20.000000
11.920000,5,"LINK_TORSO_YAW",11.772000,0.200000,0.148000,20.000000,0.000000,0.000000,20.000000,0.000000,0.000000,0.000000,0.000000,0.012160,0.000000,0.910900,11.360523,-5.297765,-15.584358,20.000000
11.921000,5,"LINK_TORSO_YAW",11.772000,0.200000,0.149000,20.000000,0.000000,0.000000,20.000000,0.000000,0.000000,0.000000,0.000000,0.012160,0.000000,0.910900,11.213085,-5.379036,-15.663100,20.000000
11.922000,5,"LINK_TORSO_YAW",11.772000,0.200000,0.150000,20.000000,0.000000,0.000000,20.000000,0.000000,0.000000,0.000000,0.000000,0.012160,0.000000,0.910900,11.063424,-5.462310,-15.740515,20.000000
11.923000,5,"LINK_TORSO_YAW",11.772000,0.200000,0.151000,20.000000,0.000000,0.000000,20.000000,0.000000,0.000000,0.000000,0.000000,0.012160,0.000000,0.910900,10.911989,-5.546518,-15.816594,20.000000
11.924000,5,"LINK_TORSO_YAW",11.772000,0.200000,0.152000,20.000000,0.000000,0.000000,20.000000,0.000000,0.000000,0.000000,0.000000,0.012160,0.000000,0.910900,10.758957,-5.632461,-15.890885,20.000000
11.925000,5,"LINK_TORSO_YAW",11.772000,0.200000,0.153000,20.000000,0.000000,0.000000,20.000000,0.000000,0.000000,0.000000,0.000000,0.012160,0.000000,0.910900,10.592908,-5.703590,-15.976838,20.000000
11.926000,5,"LINK_TORSO_YAW",11.772000,0.200000,0.154000,20.000000,0.000000,0.000000,20.000000,0.000000,0.000000,0.000000,0.000000,0.012160,0.000000,0.910900,10.425421,-5.772580,-16.062003,20.000000
11.927000,5,"LINK_TORSO_YAW",11.772000,0.200000,0.155000,20.000000,0.000000,0.000000,20.000000,0.000000,0.000000,0.000000,0.000000,0.012160,0.000000,0.910900,10.258230,-5.841312,-16.144590,20.000000
11.928000,5,"LINK_TORSO_YAW",11.772000,0.200000,0.156000,20.000000,0.000000,0.000000,20.000000,0.000000,0.000000,0.000000,0.000000,0.012160,0.000000,0.910900,10.092143,-5.910269,-16.223975,20.000000
11.929000,5,"LINK_TORSO_YAW",11.772000,0.200000,0.157000,20.000000,0.000000,0.000000,20.000000,0.000000,0.000000,0.000000,0.000000,0.012160,0.000000,0.910900,9.927292,-5.979571,-16.300110,20.000000
11.930000,5,"LINK_TORSO_YAW",11.772000,0.200000,0.158000,20.000000,0.000000,0.000000,20.000000,0.000000,0.000000,0.000000,0.000000,0.012160,0.000000,0.910900,9.763752,-6.049261,-16.373014,20.000000
11.931000,5,"LINK_TORSO_YAW",11.772000,0.200000,0.159000,20.000000,0.000000,0.000000,20.000000,0.000000,0.000000,0.000000,0.000000,0.012160,0.000000,0.910900,9.601512,-6.119350,-16.442765,20.000000
11.932000,5,"LINK_TORSO_YAW",11.772000,0.200000,0.160000,20.000000,0.000000,0.000000,20.000000,0.000000,0.000000,0.000000,0.000000,0.012160,0.000000,0.910900,9.440524,-6.190030,-16.509392,20.000000
11.933000,5,"LINK_TORSO_YAW",11.772000,0.200000,0.161000,20.000000,0.000000,0.000000,20.000000,0.000000,0.000000,0.000000,0.000000,0.012160,0.000000,0.910900,9.280566,-6.260897,-16.573239,20.000000
11.934000,5,"LINK_TORSO_YAW",11.772000,0.200000,0.162000,20.000000,0.000000,0.000000,20.000000,0.000000,0.000000,0.000000,0.000000,0.012160,0.000000,0.910900,9.121676,-6.331941,-16.634349,20.000000
11.935000,5,"LINK_TORSO_YAW",11.772000,0.200000,0.163000,20.000000,0.000000,0.000000,20.000000,0.000000,0.000000,0.000000,0.000000,0.012160,0.000000,0.910900,8.963555,-6.403185,-16.692930,20.000000
11.936000,5,"LINK_TORSO_YAW",11.772000,0.200000,0.164000,20.000000,0.000000,0.000000,20.000000,0.000000,0.000000,0.000000,0.000000,0.012160,0.000000,0.910900,8.806066,-6.474629,-16.749101,20.000000
11.937000,5,"LINK_TORSO_YAW",11.772000,0.200000,0.165000,20.000000,0.000000,0.000000,20.000000,0.000000,0.000000,0.000000,0.000000,0.012160,0.000000,0.910900,8.649132,-6.546264,-16.802944,20.000000
11.938000,5,"LINK_TORSO_YAW",11.772000,0.200000,0.166000,20.000000,0.000000,0.000000,20.000000,0.000000,0.000000,0.000000,0.000000,0.012160,0.000000,0.910900,8.492732,-6.618086,-16.854508,20.000000
11.939000,5,"LINK_TORSO_YAW",11.772000,0.200000,0.167000,20.000000,0.000000,0.000000,20.000000,0.000000,0.000000,0.000000,0.000000,0.012160,0.000000,0.910900,8.337766,-6.690229,-16.903328,20.000000
11.940000,5,"LINK_TORSO_YAW",11.772000,0.200000,0.168000,20.000000,0.000000,0.000000,20.000000,0.000000,0.000000,0.000000,0.000000,0.012160,0.000000,0.910900,8.183435,-6.762356,-16.949983,20.000000
11.941000,5,"LINK_TORSO_YAW",11.772000,0.200000,0.169000,20.000000,0.000000,0.000000,20.000000,0.000000,0.000000,0.000000,0.000000,0.012160,0.000000,0.910900,8.030597,-6.834691,-16.994014,20.000000
11.942000,5,"LINK_TORSO_YAW",11.772000,0.200000,0.170000,20.000000,0.000000,0.000000,20.000000,0.000000,0.000000,0.000000,0.000000,0.012160,0.000000,0.910900,7.879156,-6.907232,-17.035523,20.000000
11.943000,5,"LINK_TORSO_YAW",11.772000,0.200000,0.171000,20.000000,0.000000,0.000000,20.000000,0.000000,0.000000,0.000000,0.000000,0.012160,0.000000,0.910900,7.728088,-6.979285,-17.075311,20.000000
11.944000,5,"LINK_TORSO_YAW",11.772000,0.200000,0.172000,20.000000,0.000000,0.000000,20.000000,0.000000,0.000000,0.000000,0.000000,0.012160,0.000000,0.910900,7.577624,-7.051235,-17.113144,20.000000
11.945000,5,"LINK_TORSO_YAW",11.772000,0.200000,0.173000,20.000000,0.000000,0.000000,20.000000,0.000000,0.000000,0.000000,0.000000,0.012160,0.000000,0.910900,7.428316,-7.123352,-17.148702,20.000000
11.946000,5,"LINK_TORSO_YAW",11.772000,0.200000,0.174000,20.000000,0.000000,0.000000,20.000000,0.000000,0.000000,0.000000,0.000000,0.012160,0.000000,0.910900,7.280073,-7.195648,-17.182060,20.000000
11.947000,5,"LINK_TORSO_YAW",11.772000,0.200000,0.175000,20.000000,0.000000,0.000000,20.000000,0.000000,0.000000,0.000000,0.000000,0.012160,0.000000,0.910900,7.132785,-7.268179,-17.213279,20.000000
11.948000,5,"LINK_TORSO_YAW",11.772000,0.200000,0.176000,20.000000,0.000000,0.000000,20.000000,0.000000,0.000000,0.000000,0.000000,0.012160,0.000000,0.910900,6.986540,-7.340915,-17.242367,20.000000
11.949000,5,"LINK_TORSO_YAW",11.772000,0.200000,0.177000,20.000000,0.000000,0.000000,20.000000,0.000000,0.000000,0.000000,0.000000,0.012160,0.000000,0.910900,6.841228,-7.413853,-17.269406,20.000000
1.436000,6,"LINK_TORSO_YAW",1.435000,0.200000,0.001000,-20.000000,0.000000,0.000000,20.000000,0.000000,0.000000,0.000000,0.000000,0.012160,0.000000,0.910900,-19.424822,4.691742,-0.814758,20.000000
1.437000,6,"LINK_TORSO_YAW",1.435000,0.200000,0.002000,-20.000000,0.000000,0.000000,20.000000,0.000000,0.000000,0.000000,0.000000,0.012160,0.000000,0.910900,-19.425814,4.688146,-0.811820,20.000000
1.438000,6,"LINK_TORSO_YAW",1.435000,0.200000,0.003000,-20.000000,0.000000,0.000000,20.000000,0.000000,0.000000,0.000000,0.000000,0.012160,0.000000,0.910900,-19.426777,4.684647,-0.808955,20.000000
1.439000,6,"LINK_TORSO_YAW",1.435000,0.200000,0.004000,-20.000000,0.000000,0.000000,20.000000,0.000000,0.000000,0.000000,0.000000,0.012160,0.000000,0.910900,-19.427692,4.681332,-0.806181,20.000000
1.440000,6,"LINK_TORSO_YAW",1.435000,0.200000,0.005000,-20.000000,0.000000,0.000000,20.000000,0.000000,0.000000,0.000000,0.000000,0.012160,0.000000,0.910900,-19.428584,4.678075,-0.803574,20.000000
1.441000,6,"LINK_TORSO_YAW",1.435000,0.200000,0.006000,-20.000000,0.000000,0.000000,20.000000,0.000000,0.000000,0.000000,0.000000,0.012160,0.000000,0.910900,-19.429418,4.675023,-0.801173,20.000000
1.442000,6,"LINK_TORSO_YAW",1.435000,0.200000,0.007000,-20.000000,0.000000,0.000000,20.000000,0.000000,0.000000,0.000000,0.000000,0.012160,0.000000,0.910900,-19.430189,4.672183,-0.799033,20.000000
1.443000,6,"LINK_TORSO_YAW",1.435000,0.200000,0.008000,-20.000000,0.000000,0.000000,20.000000,0.000000,0.000000,0.000000,0.000000,0.012160,0.000000,0.910900,-19.430928,4.669411,-0.797274,20.000000
1.444000,6,"LINK_TORSO_YAW",1.435000,0.200000,0.009000,-20.000000,0.000000,0.000000,20.000000,0.000000,0.000000,0.000000,0.000000,0.012160,0.000000,0.910900,-19.431599,4.666839,-0.795962,20.000000
1.445000,6,"LINK_TORSO_YAW",1.435000,0.200000,0.010000,-20.000000,0.000000,0.000000,20.000000,0.000000,0.000000,0.000000,0.000000,0.012160,0.000000,0.910900,-19.432193,4.664515,-0.795105,20.000000
1.446000,6,"LINK_TORSO_YAW",1.435000,0.200000,0.011000,-20.000000,0.000000,0.000000,20.000000,0.000000,0.000000,0.000000,0.000000,0.012160,0.000000,0.910900,-19.432712,4.662410,-0.794758,20.000000
1.447000,6,"LINK_TORSO_YAW",1.435000,0.200000,0.012000,-20.000000,0.000000,0.000000,20.000000,0.000000,0.000000,0.000000,0.000000,0.012160,0.000000,0.910900,-19.433145,4.660569,-0.794962,20.000000
1.448000,6,"LINK_TORSO_YAW",1.435000,0.200000,0.013000,-20.000000,0.000000,0.000000,20.000000,0.000000,0.000000,0.000000,0.000000,0.012160,0.000000,0.910900,-19.433544,4.658871,-0.795173,20.000000
1.449000,6,"LINK_TORSO_YAW",1.435000,0.200000,0.014000,-20.000000,0.000000,0.000000,20.000000,0.000000,0.000000,0.000000,0.000000,0.012160,0.000000,0.910900,-19.433869,4.657468,-0.795452,20.000000
1.450000,6,"LINK_TORSO_YAW",1.435000,0.200000,0.015000,-20.000000,0.000000,0.000000,20.000000,0.000000,0.000000,0.000000,0.000000,0.012160,0.000000,0.910900,-19.434164,4.656167,-0.795849,20.000000
1.451000,6,"LINK_TORSO_YAW",1.435000,0.200000,0.016000,-20.000000,0.000000,0.000000,20.000000,0.000000,0.000000,0.000000,0.000000,0.012160,0.000000,0.910900,-19.434391,4.655128,-0.796397,20.000000
1.452000,6,"LINK_TORSO_YAW",1.435000,0.200000,0.017000,-20.000000,0.000000,0.000000,20.000000,0.000000,0.000000,0.000000,0.000000,0.012160,0.000000,0.910900,-19.434576,4.654222,-0.797163,20.000000
1.453000,6,"LINK_TORSO_YAW",1.435000,0.200000,0.018000,-20.000000,0.000000,0.000000,20.000000,0.000000,0.000000,0.000000,0.000000,0.012160,0.000000,0.910900,-19.434685,4.653593,-0.798182,20.000000
1.454000,6,"LINK_TORSO_YAW",1.435000,0.200000,0.019000,-20.000000,0.000000,0.000000,20.000000,0.000000,0.000000,0.000000,0.000000,0.012160,0.000000,0.910900,-19.434720,4.653213,-0.799543,20.000000
1.455000,6,"LINK_TORSO_YAW",1.435000,0.200000,0.020000,-20.000000,0.000000,0.000000,20.000000,0.000000,0.000000,0.000000,0.000000,0.012160,0.000000,0.910900,-19.434672,4.653119,-0.801255,20.000000
1.456000,6,"LINK_TORSO_YAW",1.435000,0.200000,0.021000,-20.000000,0.000000,0.000000,20.000000,0.000000,0.000000,0.000000,0.000000,0.012160,0.000000,0.910900,-19.434559,4.653237,-0.803300,20.000000
1.457000,6,"LINK_TORSO_YAW",1.435000,0.200000,0.022000,-20.000000,0.000000,0.000000,20.000000,0.000000,0.000000,0.000000,0.000000,0.012160,0.000000,0.910900,-19.434362,4.653644,-0.805720,20.000000
1.458000,6,"LINK_TORSO_YAW",1.435000,0.200000,0.023000,-20.000000,0.000000,0.000000,20.000000,0.000000,0.000000,0.000000,0.000000,0.012160,0.000000,0.910900,-19.434089,4.654289,-0.808573,20.000000
1.459000,6,"LINK_TORSO_YAW",1.435000,0.200000,0.024000,-20.000000,0.000000,0.000000,20.000000,0.000000,0.000000,0.000000,0.000000,0.012160,0.000000,0.910900,-19.433733,4.655187,-0.811941,20.000000
1.460000,6,"LINK_TORSO_YAW",1.435000,0.200000,0.025000,-20.000000,0.000000,0.000000,20.000000,0.000000,0.000000,0.000000,0.000000,0.012160,0.000000,0.910900,-19.433323,4.656334,-0.815176,20.000000
1.461000,6,"LINK_TORSO_YAW",1.435000,0.200000,0.026000,-20.000000,0.000000,0.000000,20.000000,0.000000,0.000000,0.000000,0.000000,0.012160,0.000000,0.910900,-19.432888,4.657591,-0.818350,20.000000
1.462000,6,"LINK_TORSO_YAW",1.435000,0.200000,0.027000,-20.000000,0.000000,0.000000,20.000000,0.000000,0.000000,0.000000,0.000000,0.012160,0.000000,0.910900,-19.432392,4.659106,-0.821506,20.000000
1.463000,6,"LINK_TORSO_YAW",1.435000,0.200000,0.028000,-20.000000,0.000000,0.000000,20.000000,0.000000,0.000000,0.000000,0.000000,0.012160,0.000000,0.910900,-19.431875,4.660722,-0.824563,20.000000
1.464000,6,"LINK_TORSO_YAW",1.435000,0.200000,0.029000,-20.000000,0.000000,0.000000,20.000000,0.000000,0.000000,0.000000,0.000000,0.012160,0.000000,0.910900,-19.431300,4.662586,-0.827567,20.000000
1.465000,6,"LINK_TORSO_YAW",1.435000,0.200000,0.030000,-20.000000,0.000000,0.000000,20.000000,0.000000,0.000000,0.000000,0.000000,0.012160,0.000000,0.910900,-19.430681,4.664618,-0.830642,20.000000
1.466000,6,"LINK_TORSO_YAW",1.435000,0.200000,0.031000,-20.000000,0.000000,0.000000,20.000000,0.000000,0.000000,0.000000,0.000000,0.012160,0.000000,0.910900,-19.430007,4.666863,-0.833795,20.000000
1.467000,6,"LINK_TORSO_YAW",1.435000,0.200000,0.032000,-20.000000,0.000000,0.000000,20.000000,0.000000,0.000000,0.000000,0.000000,0.012160,0.000000,0.910900,-19.429265,4.669363,-0.837081,20.000000
1.468000,6,"LINK_TORSO_YAW",1.435000,0.200000,0.033000,-20.000000,0.000000,0.000000,20.000000,0.000000,0.000000,0.000000,0.000000,0.012160,0.000000,0.910900,-19.428462,4.672078,-0.840564,20.000000
1.469000,6,"LINK_TORSO_YAW",1.435000,0.200000,0.034000,-20.000000,0.000000,0.000000,20.000000,0.000000,0.000000,0.000000,0.000000,0.012160,0.000000,0.910900,-19.427588,4.675037,-0.844299,20.000000
1.470000,6,"LINK_TORSO_YAW",1.435000,0.200000,0.035000,-20.000000,0.000000,0.000000,20.000000,0.000000,0.000000,0.000000,0.000000,0.012160,0.000000,0.910900,-19.426648,4.678228,-0.848245,20.000000
1.471000,6,"LINK_TORSO_YAW",1.435000,0.200000,0.036000,-20.000000,0.000000,0.000000,20.000000,0.000000,0.000000,0.000000,0.000000,0.012160,0.000000,0.910900,-19.425661,4.681661,-0.851900,20.000000
1.472000,6,"LINK_TORSO_YAW",1.435000,0.200000,0.037000,-20.000000,0.000000,0.000000,20.000000,0.000000,0.000000,0.000000,0.000000,0.012160,0.000000,0.910900,-19.424668,4.685159,-0.855306,20.000000
1.473000,6,"LINK_TORSO_YAW",1.435000,0.200000,0.038000,-20.000000,0.000000,0.000000,20.000000,0.000000,0.000000,0.000000,0.000000,0.012160,0.000000,0.910900,-19.423658,4.688758,-0.858522,20.000000
1.474000,6,"LINK_TORSO_YAW",1.435000,0.200000,0.039000,-20.000000,0.000000,0.000000,20.000000,0.000000,0.000000,0.000000,0.000000,0.012160,0.000000,0.910900,-19.422624,4.692473,-0.861608,20.000000
1.475000,6,"LINK_TORSO_YAW",1.435000,0.200000,0.040000,-20.000000,0.000000,0.000000,20.000000,0.000000,0.000000,0.000000,0.000000,0.012160,0.000000,0.910900,-19.421566,4.696295,-0.864638,20.000000
1.476000,6,"LINK_TORSO_YAW",1.435000,0.200000,0.041000,-20.000000,0.000000,0.000000,20.000000,0.000000,0.000000,0.000000,0.000000,0.012160,0.000000,0.910900,-19.420477,4.700237,-0.867666,20.000000
1.477000,6,"LINK_TORSO_YAW",1.435000,0.200000,0.042000,-20.000000,0.000000,0.000000,20.000000,0.000000,0.000000,0.000000,0.000000,0.012160,0.000000,0.910900,-19.419350,4.704332,-0.870702,20.000000
1.478000,6,"LINK_TORSO_YAW",1.435000,0.200000,0.043000,-20.000000,0.000000,0.000000,20.000000,0.000000,0.000000,0.000000,0.000000,0.012160,0.000000,0.910900,-19.418192,4.708541,-0.873758,20.000000
1.479000,6,"LINK_TORSO_YAW",1.435000,0.200000,0.044000,-20.000000,0.000000,0.000000,20.000000,0.000000,0.000000,0.000000,0.000000,0.012160,0.000000,0.910900,-19.417011,4.712827,-0.876904,20.000000
1.480000,6,"LINK_TORSO_YAW",1.435000,0.200000,0.045000,-20.000000,0.000000,0.000000,20.000000,0.000000,0.000000,0.000000,0.000000,0.012160,0.000000,0.910900,-19.415793,4.717227,-0.880201,20.000000
1.481000,6,"LINK_TORSO_YAW",1.435000,0.200000,0.046000,-20.000000,0.000000,0.000000,20.000000,0.000000,0.000000,0.000000,0.000000,0.012160,0.000000,0.910900,-19.414537,4.721738,-0.883710,20.000000
1.482000,6,"LINK_TORSO_YAW",1.435000,0.200000,0.047000,-20.000000,0.000000,0.000000,20.000000,0.000000,0.000000,0.000000,0.000000,0.012160,0.000000,0.910900,-19.413250,4.726428,-0.886914,20.000000
1.483000,6,"LINK_TORSO_YAW",1.435000,0.200000,0.048000,-20.000000,0.000000,0.000000,20.000000,0.000000,0.000000,0.000000,0.000000,0.012160,0.000000,0.910900,-19.411994,4.731049,-0.889747,20.000000
1.484000,6,"LINK_TORSO_YAW",1.435000,0.200000,0.049000,-20.000000,0.000000,0.000000,20.000000,0.000000,0.000000,0.000000,0.000000,0.012160,0.000000,0.910900,-19.410739,4.735724,-0.892268,20.000000
1.485000,6,"LINK_TORSO_YAW",1.435000,0.200000,0.050000,-20.000000,0.000000,0.000000,20.000000,0.000000,0.000000,0.000000,0.000000,0.012160,0.000000,0.910900,-19.409504,4.740349,-0.894564,20.000000
1.486000,6,"LINK_TORSO_YAW",1.435000,0.200000,0.051000,-20.000000,0.000000,0.000000,20.000000,0.000000,0.000000,0.000000,0.000000,0.012160,0.000000,0.910900,-19.408261,4.745035,-0.896692,20.000000
1.487000,6,"LINK_TORSO_YAW",1.435000,0.200000,0.052000,-20.000000,0.000000,0.000000,20.000000,0.000000,0.000000,0.000000,0.000000,0.012160,0.000000,0.910900,-19.407001,4.749794,-0.898764,20.000000
1.488000,6,"LINK_TORSO_YAW",1.435000,0.200000,0.053000,-20.000000,0.000000,0.000000,20.000000,0.000000,0.000000,0.000000,0.000000,0.012160,0.000000,0.910900,-19.405727,4.754611,-0.900805,20.000000
1.489000,6,"LINK_TORSO_YAW",1.435000,0.200000,0.054000,-20.000000,0.000000,0.000000,20.000000,0.000000,0.000000,0.000000,0.000000,0.012160,0.000000,0.910900,-19.404436,4.759490,-0.902842,20.000000
1.490000,6,"LINK_TORSO_YAW",1.435000,0.200000,0.055000,-20.000000,0.000000,0.000000,20.000000,0.000000,0.000000,0.000000,0.000000,0.012160,0.000000,0.910900,-19.403152,4.764320,-0.904952,20.000000
1.491000,6,"LINK_TORSO_YAW",1.435000,0.200000,0.056000,-20.000000,0.000000,0.000000,20.000000,0.000000,0.000000,0.000000,0.000000,0.012160,0.000000,0.910900,-19.401843,4.769226,-0.907181,20.000000
1.492000,6,"LINK_TORSO_YAW",1.435000,0.200000,0.057000,-20.000000,0.000000,0.000000,20.000000,0.000000,0.000000,0.000000,0.000000,0.012160,0.000000,0.910900,-19.400509,4.774281,-0.909106,20.000000
1.493000,6,"LINK_TORSO_YAW",1.435000,0.200000,0.058000,-20.000000,0.000000,0.000000,20.000000,0.000000,0.000000,0.000000,0.000000,0.012160,0.000000,0.910900,-19.399207,4.779253,-0.910776,20.000000
1.494000,6,"LINK_TORSO_YAW",1.435000,0.200000,0.059000,-20.000000,0.000000,0.000000,20.000000,0.000000,0.000000,0.000000,0.000000,0.012160,0.000000,0.910900,-19.397907,4.784246,-0.912245,20.000000
1.495000,6,"LINK_TORSO_YAW",1.435000,0.200000,0.060000,-20.000000,0.000000,0.000000,20.000000,0.000000,0.000000,0.000000,0.000000,0.012160,0.000000,0.910900,-19.396607,4.789259,-0.913578,20.000000
1.496000,6,"LINK_TORSO_YAW",1.435000,0.200000,0.061000,-20.000000,0.000000,0.000000,20.000000,0.000000,0.000000,0.000000,0.000000,0.012160,0.000000,0.910900,-19.395353,4.794104,-0.914794,20.000000
1.497000,6,"LINK_TORSO_YAW",1.435000,0.200000,0.062000,-20.000000,0.000000,0.000000,20.000000,0.000000,0.000000,0.000000,0.000000,0.012160,0.000000,0.910900,-19.394101,4.798945,-0.915951,20.000000
1.498000,6,"LINK_TORSO_YAW",1.435000,0.200000,0.063000,-20.000000,0.000000,0.000000,20.000000,0.000000,0.000000,0.000000,0.000000,0.012160,0.000000,0.910900,-19.392803,4.803960,-0.917159,20.000000
1.499000,6,"LINK_TORSO_YAW",1.435000,0.200000,0.064000,-20.000000,0.000000,0.000000,20.000000,0.000000,0.000000,0.000000,0.000000,0.012160,0.000000,0.910900,-19.391512,4.808924,-0.918433,20.000000
1.500000,6,"LINK_TORSO_YAW",1.435000,0.200000,0.065000,-20.000000,0.000000,0.000000,20.000000,0.000000,0.000000,0.000000,0.000000,0.012160,0.000000,0.910900,-19.390209,4.813909,-0.919830,20.000000
1.501000,6,"LINK_TORSO_YAW",1.435000,0.200000,0.066000,-20.000000,0.000000,0.000000,20.000000,0.000000,0.000000,0.000000,0.000000,0.012160,0.000000,0.910900,-19.388890,4.818915,-0.921413,20.000000
1.502000,6,"LINK_TORSO_YAW",1.435000,0.200000,0.067000,-20.000000,0.000000,0.000000,20.000000,0.000000,0.000000,0.000000,0.000000,0.012160,0.000000,0.910900,-19.387582,4.823824,-0.923249,20.000000
1.503000,6,"LINK_TORSO_YAW",1.435000,0.200000,0.068000,-20.000000,0.000000,0.000000,20.000000,0.000000,0.000000,0.000000,0.000000,0.012160,0.000000,0.910900,-19.386246,4.828791,-0.925339,20.000000
1.504000,6,"LINK_TORSO_YAW",1.435000,0.200000,0.069000,-20.000000,0.000000,0.000000,20.000000,0.000000,0.000000,0.000000,0.000000,0.012160,0.000000,0.910900,-19.384898,4.833858,-0.927128,20.000000
1.505000,6,"LINK_TORSO_YAW",1.435000,0.200000,0.070000,-20.000000,0.000000,0.000000,20.000000,0.000000,0.000000,0.000000,0.000000,0.012160,0.000000,0.910900,-19.383575,4.838871,-0.928632,20.000000
1.506000,6,"LINK_TORSO_YAW",1.435000,0.200000,0.071000,-20.000000,0.000000,0.000000,20.000000,0.000000,0.000000,0.000000,0.000000,0.012160,0.000000,0.910900,-19.382323,4.843631,-0.929938,20.000000
1.507000,6,"LINK_TORSO_YAW",1.435000,0.200000,0.072000,-20.000000,0.000000,0.000000,20.000000,0.000000,0.000000,0.000000,0.000000,0.012160,0.000000,0.910900,-19.381101,4.848299,-0.931097,20.000000
1.508000,6,"LINK_TORSO_YAW",1.435000,0.200000,0.073000,-20.000000,0.000000,0.000000,20.000000,0.000000,0.000000,0.000000,0.000000,0.012160,0.000000,0.910900,-19.379895,4.852912,-0.932160,20.000000
1.509000,6,"LINK_TORSO_YAW",1.435000,0.200000,0.074000,-20.000000,0.000000,0.000000,20.000000,0.000000,0.000000,0.000000,0.000000,0.012160,0.000000,0.910900,-19.378710,4.857444,-0.933189,20.000000
1.510000,6,"LINK_TORSO_YAW",1.435000,0.200000,0.075000,-20.000000,0.000000,0.000000,20.000000,0.000000,0.000000,0.000000,0.000000,0.012160,0.000000,0.910900,-19.377504,4.862044,-0.934283,20.000000
1.511000,6,"LINK_TORSO_YAW",1.435000,0.200000,0.076000,-20.000000,0.000000,0.000000,20.000000,0.000000,0.000000,0.000000,0.000000,0.012160,0.000000,0.910900,-19.376311,4.866569,-0.935456,20.000000
1.512000,6,"LINK_TORSO_YAW",1.435000,0.200000,0.077000,-20.000000,0.000000,0.000000,20.000000,0.000000,0.000000,0.000000,0.000000,0.012160,0.000000,0.910900,-19.375132,4.871011,-0.936762,20.000000
1.513000,6,"LINK_TORSO_YAW",1.435000,0.200000,0.078000,-20.000000,0.000000,0.000000,20.000000,0.000000,0.000000,0.000000,0.000000,0.012160,0.000000,0.910900,-19.373963,4.875370,-0.938256,20.000000
1.514000,6,"LINK_TORSO_YAW",1.435000,0.200000,0.079000,-20.000000,0.000000,0.000000,20.000000,0.000000,0.000000,0.000000,0.000000,0.012160,0.000000,0.910900,-19.372826,4.879550,-0.940003,20.000000
1.515000,6,"LINK_TORSO_YAW",1.435000,0.200000,0.080000,-20.000000,0.000000,0.000000,20.000000,0.000000,0.000000,0.000000,0.000000,0.012160,0.000000,0.910900,-19.371737,4.883595,-0.941435,20.000000
1.516000,6,"LINK_TORSO_YAW",1.435000,0.200000,0.081000,-20.000000,0.000000,0.000000,20.000000,0.000000,0.000000,0.000000,0.000000,0.012160,0.000000,0.910900,-19.370595,4.887902,-0.942580,20.000000
1.517000,6,"LINK_TORSO_YAW",1.435000,0.200000,0.082000,-20.000000,0.000000,0.000000,20.000000,0.000000,0.000000,0.000000,0.000000,0.012160,0.000000,0.910900,-19.369540,4.891908,-0.943485,20.000000
1.518000,6,"LINK_TORSO_YAW",1.435000,0.200000,0.083000,-20.000000,0.000000,0.000000,20.000000,0.000000,0.000000,0.000000,0.000000,0.012160,0.000000,0.910900,-19.368459,4.895972,-0.944601,20.000000
1.519000,6,"LINK_TORSO_YAW",1.435000,0.200000,0.084000,-20.000000,0.000000,0.000000,20.000000,0.000000,0.000000,0.000000,0.000000,0.012160,0.000000,0.910900,-19.367331,4.900170,-0.945956,20.000000
1.520000,6,"LINK_TORSO_YAW",1.435000,0.200000,0.085000,-20.000000,0.000000,0.000000,20.000000,0.000000,0.000000,0.000000,0.000000,0.012160,0.000000,0.910900,-19.366154,4.904504,-0.947587,20.000000
1.521000,6,"LINK_TORSO_YAW",1.435000,0.200000,0.086000,-20.000000,0.000000,0.000000,20.000000,0.000000,0.000000,0.000000,0.000000,0.012160,0.000000,0.910900,-19.364951,4.908860,-0.949610,20.000000
1.522000,6,"LINK_TORSO_YAW",1.435000,0.200000,0.087000,-20.000000,0.000000,0.000000,20.000000,0.000000,0.000000,0.000000,0.000000,0.012160,0.000000,0.910900,-19.363686,4.913390,-0.951973,20.000000
1.523000,6,"LINK_TORSO_YAW",1.435000,0.200000,0.088000,-20.000000,0.000000,0.000000,20.000000,0.000000,0.000000,0.000000,0.000000,0.012160,0.000000,0.910900,-19.362434,4.917788,-0.954726,20.000000
1.524000,6,"LINK_TORSO_YAW",1.435000,0.200000,0.089000,-20.000000,0.000000,0.000000,20.000000,0.000000,0.000000,0.000000,0.000000,0.012160,0.000000,0.910900,-19.361143,4.922258,-0.957864,20.000000
1.525000,6,"LINK_TORSO_YAW",1.435000,0.200000,0.090000,-20.000000,0.000000,0.000000,20.000000,0.000000,0.000000,0.000000,0.000000,0.012160,0.000000,0.910900,-19.359756,4.927017,-0.961430,20.000000
1.526000,6,"LINK_TORSO_YAW",1.435000,0.200000,0.091000,-20.000000,0.000000,0.000000,20.000000,0.000000,0.000000,0.000000,0.000000,0.012160,0.000000,0.910900,-19.358433,4.931422,-0.965473,20.000000
1.527000,6,"LINK_TORSO_YAW",1.435000,0.200000,0.092000,-20.000000,0.000000,0.000000,20.000000,0.000000,0.000000,0.000000,0.000000,0.012160,0.000000,0.910900,-19.357115,4.935839,-0.969316,20.000000
1.528000,6,"LINK_TORSO_YAW",1.435000,0.200000,0.093000,-20.000000,0.000000,0.000000,20.000000,0.000000,0.000000,0.000000,0.000000,0.012160,0.000000,0.910900,-19.355785,4.940333,-0.972985,20.000000
1.529000,6,"LINK_TORSO_YAW",1.435000,0.200000,0.094000,-20.000000,0.000000,0.000000,20.000000,0.000000,0.000000,0.000000,0.000000,0.012160,0.000000,0.910900,-19.354391,4.945089,-0.976541,20.000000
1.530000,6,"LINK_TORSO_YAW",1.435000,0.200000,0.095000,-20.000000,0.000000,0.000000,20.000000,0.000000,0.000000,0.000000,0.000000,0.012160,0.000000,0.910900,-19.353133,4.949328,-0.980000,20.000000
1.531000,6,"LINK_TORSO_YAW",1.435000,0.200000,0.096000,-20.000000,0.000000,0.000000,20.000000,0.000000,0.000000,0.000000,0.000000,0.012160,0.000000,0.910900,-19.351919,4.953408,-0.983355,20.000000
1.532000,6,"LINK_TORSO_YAW",1.435000,0.200000,0.097000,-20.000000,0.000000,0.000000,20.000000,0.000000,0.000000,0.000000,0.000000,0.012160,0.000000,0.910900,-19.350723,4.957425,-0.986631,20.000000
1.533000,6,"LINK_TORSO_YAW",1.435000,0.200000,0.098000,-20.000000,0.000000,0.000000,20.000000,0.000000,0.000000,0.000000,0.000000,0.012160,0.000000,0.910900,-19.349527,4.961439,-0.989906,20.000000
1.534000,6,"LINK_TORSO_YAW",1.435000,0.200000,0.099000,-20.000000,0.000000,0.000000,20.000000,0.000000,0.000000,0.000000,0.000000,0.012160,0.000000,0.910900,-19.348349,4.965379,-0.993176,20.000000
1.535000,6,"LINK_TORSO_YAW",1.435000,0.200000,0.100000,-20.000000,0.000000,0.000000,20.000000,0.000000,0.000000,0.000000,0.000000,0.012160,0.000000,0.910900,-19.347254,4.968977,-0.996508,20.000000
1.536000,6,"LINK_TORSO_YAW",1.435000,0.200000,0.101000,-20.000000,0.000000,0.000000,20.000000,0.000000,0.000000,0.000000,0.000000,0.012160,0.000000,0.910900,-19.346128,4.972691,-0.999845,20.000000
1.537000,6,"LINK_TORSO_YAW",1.435000,0.200000,0.102000,-20.000000,0.000000,0.000000,20.000000,0.000000,0.000000,0.000000,0.000000,0.012160,0.000000,0.910900,-19.345105,4.975985,-1.003243,20.000000
1.538000,6,"LINK_TORSO_YAW",1.435000,0.200000,0.103000,-20.000000,0.000000,0.000000,20.000000,0.000000,0.000000,0.000000,0.000000,0.012160,0.000000,0.910900,-19.344087,4.979365,-1.006092,20.000000
1.539000,6,"LINK_TORSO_YAW",1.435000,0.200000,0.104000,-20.000000,0.000000,0.000000,20.000000,0.000000,0.000000,0.000000,0.000000,0.012160,0.000000,0.910900,-19.343199,4.982334,-1.008464,20.000000
1.540000,6,"LINK_TORSO_YAW",1.435000,0.200000,0.105000,-20.000000,0.000000,0.000000,20.000000,0.000000,0.000000,0.000000,0.000000,0.012160,0.000000,0.910900,-19.342322,4.985353,-1.010361,20.000000
1.541000,6,"LINK_TORSO_YAW",1.435000,0.200000,0.106000,-20.000000,0.000000,0.000000,20.000000,0.000000,0.000000,0.000000,0.000000,0.012160,0.000000,0.910900,-19.341587,4.987914,-1.011801,20.000000
1.542000,6,"LINK_TORSO_YAW",1.435000,0.200000,0.107000,-20.000000,0.000000,0.000000,20.000000,0.000000,0.000000,0.000000,0.000000,0.012160,0.000000,0.910900,-19.340891,4.990395,-1.012875,20.000000
1.543000,6,"LINK_TORSO_YAW",1.435000,0.200000,0.108000,-20.000000,0.000000,0.000000,20.000000,0.000000,0.000000,0.000000,0.000000,0.012160,0.000000,0.910900,-19.340291,4.992571,-1.013607,20.000000
1.544000,6,"LINK_TORSO_YAW",1.435000,0.200000,0.109000,-20.000000,0.000000,0.000000,20.000000,0.000000,0.000000,0.000000,0.000000,0.012160,0.000000,0.910900,-19.339720,4.994704,-1.013986,20.000000
1.545000,6,"LINK_TORSO_YAW",1.435000,0.200000,0.110000,-20.000000,0.000000,0.000000,20.000000,0.000000,0.000000,0.000000,0.000000,0.012160,0.000000,0.910900,-19.339146,4.996770,-1.014752,20.000000
1.546000,6,"LINK_TORSO_YAW",1.435000,0.200000,0.111000,-20.000000,0.000000,0.000000,20.000000,0.000000,0.000000,0.000000,0.000000,0.012160,0.000000,0.910900,-19.338483,4.999091,-1.015957,20.000000
1.547000,6,"LINK_TORSO_YAW",1.435000,0.200000,0.112000,-20.000000,0.000000,0.000000,20.000000,0.000000,0.000000,0.000000,0.000000,0.012160,0.000000,0.910900,-19.337810,5.001336,-1.017721,20.000000
1.548000,6,"LINK_TORSO_YAW",1.435000,0.200000,0.113000,-20.000000,0.000000,0.000000,20.000000,0.000000,0.000000,0.000000,0.000000,0.012160,0.000000,0.910900,-19.337087,5.003652,-1.020060,20.000000
1.549000,6,"LINK_TORSO_YAW",1.435000,0.200000,0.114000,-20.000000,0.000000,0.000000,20.000000,0.000000,0.000000,0.000000,0.000000,0.012160,0.000000,0.910900,-19.336374,5.005919,-1.022460,20.000000
1.550000,6,"LINK_TORSO_YAW",1.435000,0.200000,0.115000,-20.000000,0.000000,0.000000,20.000000,0.000000,0.000000,0.000000,0.000000,0.012160,0.000000,0.910900,-19.335661,5.008182,-1.024863,20.000000
1.551000,6,"LINK_TORSO_YAW",1.435000,0.200000,0.116000,-20.000000,0.000000,0.000000,20.000000,0.000000,0.000000,0.000000,0.000000,0.012160,0.000000,0.910900,-19.335017,5.010151,-1.027370,20.000000
1.552000,6,"LINK_TORSO_YAW",1.435000,0.200000,0.117000,-20.000000,0.000000,0.000000,20.000000,0.000000,0.000000,0.000000,0.000000,0.012160,0.000000,0.910900,-19.334352,5.012180,-1.029985,20.000000
1.553000,6,"LINK_TORSO_YAW",1.435000,0.200000,0.118000,-20.000000,0.000000,0.000000,20.000000,0.000000,0.000000,0.000000,0.000000,0.012160,0.000000,0.910900,-19.333752,5.013922,-1.032782,20.000000
1.554000,6,"LINK_TORSO_YAW",1.435000,0.200000,0.119000,-20.000000,0.000000,0.000000,20.000000,0.000000,0.000000,0.000000,0.000000,0.012160,0.000000,0.910900,-19.333175,5.015542,-1.035697,20.000000
1.555000,6,"LINK_TORSO_YAW",1.435000,0.200000,0.120000,-20.000000,0.000000,0.000000,20.000000,0.000000,0.000000,0.000000,0.000000,0.012160,0.000000,0.910900,-19.332592,5.017078,-1.039137,20.000000
1.556000,6,"LINK_TORSO_YAW",1.435000,0.200000,0.121000,-20.000000,0.000000,0.000000,20.000000,0.000000,0.000000,0.000000,0.000000,0.012160,0.000000,0.910900,-19.332143,5.017949,-1.043277,20.000000
1.557000,6,"LINK_TORSO_YAW",1.435000,0.200000,0.122000,-20.000000,0.000000,0.000000,20.000000,0.000000,0.000000,0.000000,0.000000,0.012160,0.000000,0.910900,-19.331730,5.018525,-1.048160,20.000000
1.558000,6,"LINK_TORSO_YAW",1.435000,0.200000,0.123000,-20.000000,0.000000,0.000000,20.000000,0.000000,0.000000,0.000000,0.000000,0.012160,0.000000,0.910900,-19.331312,5.018937,-1.053863,20.000000
1.559000,6,"LINK_TORSO_YAW",1.435000,0.200000,0.124000,-20.000000,0.000000,0.000000,20.000000,0.000000,0.000000,0.000000,0.000000,0.012160,0.000000,0.910900,-19.330807,5.019487,-1.060492,20.000000
1.560000,6,"LINK_TORSO_YAW",1.435000,0.200000,0.125000,-20.000000,0.000000,0.000000,20.000000,0.000000,0.000000,0.000000,0.000000,0.012160,0.000000,0.910900,-19.330356,5.019755,-1.067434,20.000000
1.561000,6,"LINK_TORSO_YAW",1.435000,0.200000,0.126000,-20.000000,0.000000,0.000000,20.000000,0.000000,0.000000,0.000000,0.000000,0.012160,0.000000,0.910900,-19.329950,5.019759,-1.074740,20.000000
1.562000,6,"LINK_TORSO_YAW",1.435000,0.200000,0.127000,-20.000000,0.000000,0.000000,20.000000,0.000000,0.000000,0.000000,0.000000,0.012160,0.000000,0.910900,-19.329670,5.019157,-1.082550,20.000000
1.563000,6,"LINK_TORSO_YAW",1.435000,0.200000,0.128000,-20.000000,0.000000,0.000000,20.000000,0.000000,0.000000,0.000000,0.000000,0.012160,0.000000,0.910900,-19.329419,5.018357,-1.090717,20.000000
1.564000,6,"LINK_TORSO_YAW",1.435000,0.200000,0.129000,-20.000000,0.000000,0.000000,20.000000,0.000000,0.000000,0.000000,0.000000,0.012160,0.000000,0.910900,-19.329164,5.017474,-1.099258,20.000000
1.565000,6,"LINK_TORSO_YAW",1.435000,0.200000,0.130000,-20.000000,0.000000,0.000000,20.000000,0.000000,0.000000,0.000000,0.000000,0.012160,0.000000,0.910900,-19.328903,5.016511,-1.108211,20.000000
1.566000,6,"LINK_TORSO_YAW",1.435000,0.200000,0.131000,-20.000000,0.000000,0.000000,20.000000,0.000000,0.000000,0.000000,0.000000,0.012160,0.000000,0.910900,-19.328736,5.015048,-1.117708,20.000000
1.567000,6,"LINK_TORSO_YAW",1.435000,0.200000,0.132000,-20.000000,0.000000,0.000000,20.000000,0.000000,0.000000,0.000000,0.000000,0.012160,0.000000,0.910900,-19.328373,5.014204,-1.127725,20.000000
1.568000,6,"LINK_TORSO_YAW",1.435000,0.200000,0.133000,-20.000000,0.000000,0.000000,20.000000,0.000000,0.000000,0.000000,0.000000,0.012160,0.000000,0.910900,-19.327986,5.013316,-1.138252,20.000000
1.569000,6,"LINK_TORSO_YAW",1.435000,0.200000,0.134000,-20.000000,0.000000,0.000000,20.000000,0.000000,0.000000,0.000000,0.000000,0.012160,0.000000,0.910900,-19.327646,5.012095,-1.149347,20.000000
1.570000,6,"LINK_TORSO_YAW",1.435000,0.200000,0.135000,-20.000000,0.000000,0.000000,20.000000,0.000000,0.000000,0.000000,0.000000,0.012160,0.000000,0.910900,-19.327237,5.010999,-1.160940,20.000000
1.571000,6,"LINK_TORSO_YAW",1.435000,0.200000,0.136000,-20.000000,0.000000,0.000000,20.000000,0.000000,0.000000,0.000000,0.000000,0.012160,0.000000,0.910900,-19.326820,5.009921,-1.172491,20.000000
1.572000,6,"LINK_TORSO_YAW",1.435000,0.200000,0.137000,-20.000000,0.000000,0.000000,20.000000,0.000000,0.000000,0.000000,0.000000,0.012160,0.000000,0.910900,-19.326506,5.008393,-1.184132,20.000000
1.573000,6,"LINK_TORSO_YAW",1.435000,0.200000,0.138000,-20.000000,0.000000,0.000000,20.000000,0.000000,0.000000,0.000000,0.000000,0.012160,0.000000,0.910900,-19.326192,5.006832,-1.195801,20.000000
1.574000,6,"LINK_TORSO_YAW",1.435000,0.200000,0.139000,-20.000000,0.000000,0.000000,20.000000,0.000000,0.000000,0.000000,0.000000,0.012160,0.000000,0.910900,-19.325752,5.005724,-1.207499,20.000000
1.575000,6,"LINK_TORSO_YAW",1.435000,0.200000,0.140000,-20.000000,0.000000,0.000000,20.000000,0.000000,0.000000,0.000000,0.000000,0.012160,0.000000,0.910900,-19.325368,5.004335,-1.219337,20.000000
1.576000,6,"LINK_TORSO_YAW",1.435000,0.200000,0.141000,-20.000000,0.000000,0.000000,20.000000,0.000000,0.000000,0.000000,0.000000,0.012160,0.000000,0.910900,-19.324941,5.003056,-1.231296,20.000000
1.577000,6,"LINK_TORSO_YAW",1.435000,0.200000,0.142000,-20.000000,0.000000,0.000000,20.000000,0.000000,0.000000,0.000000,0.000000,0.012160,0.000000,0.910900,-19.324546,5.001569,-1.243483,20.000000
1.578000,6,"LINK_TORSO_YAW",1.435000,0.200000,0.143000,-20.000000,0.000000,0.000000,20.000000,0.000000,0.000000,0.000000,0.000000,0.012160,0.000000,0.910900,-19.324125,5.000093,-1.255888,20.000000
1.579000,6,"LINK_TORSO_YAW",1.435000,0.200000,0.144000,-20.000000,0.000000,0.000000,20.000000,0.000000,0.000000,0.000000,0.000000,0.012160,0.000000,0.910900,-19.323640,4.998781,-1.268511,20.000000
1.580000,6,"LINK_TORSO_YAW",1.435000,0.200000,0.145000,-20.000000,0.000000,0.000000,20.000000,0.000000,0.000000,0.000000,0.000000,0.012160,0.000000,0.910900,-19.323171,4.997292,-1.281450,20.000000
1.581000,6,"LINK_TORSO_YAW",1.435000,0.200000,0.146000,-20.000000,0.000000,0.000000,20.000000,0.000000,0.000000,0.000000,0.000000,0.012160,0.000000,0.910900,-19.322652,4.995889,-1.294688,20.000000
1.582000,6,"LINK_TORSO_YAW",1.435000,0.200000,0.147000,-20.000000,0.000000,0.000000,20.000000,0.000000,0.000000,0.000000,0.000000,0.012160,0.000000,0.910900,-19.322147,4.994464,-1.307654,20.000000
1.583000,6,"LINK_TORSO_YAW",1.435000,0.200000,0.148000,-20.000000,0.000000,0.000000,20.000000,0.000000,0.000000,0.000000,0.000000,0.012160,0.000000,0.910900,-19.321661,4.992997,-1.320378,20.000000
1.584000,6,"LINK_TORSO_YAW",1.435000,0.200000,0.149000,-20.000000,0.000000,0.000000,20.000000,0.000000,0.000000,0.000000,0.000000,0.012160,0.000000,0.910900,-19.321194,4.991476,-1.332905,20.000000
1.585000,6,"LINK_TORSO_YAW",1.435000,0.200000,0.150000,-20.000000,0.000000,0.000000,20.000000,0.000000,0.000000,0.000000,0.000000,0.012160,0.000000,0.910900,-19.320702,4.990073,-1.345233,20.000000
1.586000,6,"LINK_TORSO_YAW",1.435000,0.200000,0.151000,-20.000000,0.000000,0.000000,20.000000,0.000000,0.000000,0.000000,0.000000,0.012160,0.000000,0.910900,-19.320254,4.988493,-1.357462,20.000000
1.587000,6,"LINK_TORSO_YAW",1.435000,0.200000,0.152000,-20.000000,0.000000,0.000000,20.000000,0.000000,0.000000,0.000000,0.000000,0.012160,0.000000,0.910900,-19.319785,4.986994,-1.369596,20.000000
1.588000,6,"LINK_TORSO_YAW",1.435000,0.200000,0.153000,-20.000000,0.000000,0.000000,20.000000,0.000000,0.000000,0.000000,0.000000,0.012160,0.000000,0.910900,-19.319299,4.985541,-1.381687,20.000000
1.589000,6,"LINK_TORSO_YAW",1.435000,0.200000,0.154000,-20.000000,0.000000,0.000000,20.000000,0.000000,0.000000,0.000000,0.000000,0.012160,0.000000,0.910900,-19.318779,4.984194,-1.393763,20.000000
1.590000,6,"LINK_TORSO_YAW",1.435000,0.200000,0.155000,-20.000000,0.000000,0.000000,20.000000,0.000000,0.000000,0.000000,0.000000,0.012160,0.000000,0.910900,-19.318209,4.983022,-1.405809,20.000000
1.591000,6,"LINK_TORSO_YAW",1.435000,0.200000,0.156000,-20.000000,0.000000,0.000000,20.000000,0.000000,0.000000,0.000000,0.000000,0.012160,0.000000,0.910900,-19.317645,4.981783,-1.417901,20.000000
1.592000,6,"LINK_TORSO_YAW",1.435000,0.200000,0.157000,-20.000000,0.000000,0.000000,20.000000,0.000000,0.000000,0.000000,0.000000,0.012160,0.000000,0.910900,-19.317060,4.980574,-1.430066,20.000000
1.593000,6,"LINK_TORSO_YAW",1.435000,0.200000,0.158000,-20.000000,0.000000,0.000000,20.000000,0.000000,0.000000,0.000000,0.000000,0.012160,0.000000,0.910900,-19.316409,4.979558,-1.442338,20.000000
1.594000,6,"LINK_TORSO_YAW",1.435000,0.200000,0.159000,-20.000000,0.000000,0.000000,20.000000,0.000000,0.000000,0.000000,0.000000,0.012160,0.000000,0.910900,-19.315814,4.978433,-1.454140,20.000000
1.595000,6,"LINK_TORSO_YAW",1.435000,0.200000,0.160000,-20.000000,0.000000,0.000000,20.000000,0.000000,0.000000,0.000000,0.000000,0.012160,0.000000,0.910900,-19.315207,4.977465,-1.465484,20.000000
1.596000,6,"LINK_TORSO_YAW",1.435000,0.200000,0.161000,-20.000000,0.000000,0.000000,20.000000,0.000000,0.000000,0.000000,0.000000,0.012160,0.000000,0.910900,-19.314673,4.976322,-1.476356,20.000000
1.597000,6,"LINK_TORSO_YAW",1.435000,0.200000,0.162000,-20.000000,0.000000,0.000000,20.000000,0.000000,0.000000,0.000000,0.000000,0.012160,0.000000,0.910900,-19.314122,4.975362,-1.486769,20.000000
1.598000,6,"LINK_TORSO_YAW",1.435000,0.200000,0.163000,-20.000000,0.000000,0.000000,20.000000,0.000000,0.000000,0.000000,0.000000,0.012160,0.000000,0.910900,-19.313615,4.974314,-1.496824,20.000000
1.599000,6,"LINK_TORSO_YAW",1.435000,0.200000,0.164000,-20.000000,0.000000,0.000000,20.000000,0.000000,0.000000,0.000000,0.000000,0.012160,0.000000,0.910900,-19.313081,4.973451,-1.506548,20.000000
1.600000,6,"LINK_TORSO_YAW",1.435000,0.200000,0.165000,-20.000000,0.000000,0.000000,20.000000,0.000000,0.000000,0.000000,0.000000,0.012160,0.000000,0.910900,-19.312590,4.972474,-1.516032,20.000000
1.601000,6,"LINK_TORSO_YAW",1.435000,0.200000,0.166000,-20.000000,0.000000,0.000000,20.000000,0.000000,0.000000,0.000000,0.000000,0.012160,0.000000,0.910900,-19.312056,4.971716,-1.525297,20.000000
1.602000,6,"LINK_TORSO_YAW",1.435000,0.200000,0.167000,-20.000000,0.000000,0.000000,20.000000,0.000000,0.000000,0.000000,0.000000,0.012160,0.000000,0.910900,-19.311471,4.971188,-1.534399,20.000000
1.603000,6,"LINK_TORSO_YAW",1.435000,0.200000,0.168000,-20.000000,0.000000,0.000000,20.000000,0.000000,0.000000,0.000000,0.000000,0.012160,0.000000,0.910900,-19.310948,4.970437,-1.543388,20.000000
1.604000,6,"LINK_TORSO_YAW",1.435000,0.200000,0.169000,-20.000000,0.000000,0.000000,20.000000,0.000000,0.000000,0.000000,0.000000,0.012160,0.000000,0.910900,-19.310470,4.969693,-1.551740,20.000000
1.605000,6,"LINK_TORSO_YAW",1.435000,0.200000,0.170000,-20.000000,0.000000,0.000000,20.000000,0.000000,0.000000,0.000000,0.000000,0.012160,0.000000,0.910900,-19.309986,4.969143,-1.559499,20.000000
1.606000,6,"LINK_TORSO_YAW",1.435000,0.200000,0.171000,-20.000000,0.000000,0.000000,20.000000,0.000000,0.000000,0.000000,0.000000,0.012160,0.000000,0.910900,-19.309494,4.968779,-1.566738,20.000000
1.607000,6,"LINK_TORSO_YAW",1.435000,0.200000,0.172000,-20.000000,0.000000,0.000000,20.000000,0.000000,0.000000,0.000000,0.000000,0.012160,0.000000,0.910900,-19.309104,4.968133,-1.573579,20.000000
1.608000,6,"LINK_TORSO_YAW",1.435000,0.200000,0.173000,-20.000000,0.000000,0.000000,20.000000,0.000000,0.000000,0.000000,0.000000,0.012160,0.000000,0.910900,-19.308714,4.967597,-1.580040,20.000000
1.609000,6,"LINK_TORSO_YAW",1.435000,0.200000,0.174000,-20.000000,0.000000,0.000000,20.000000,0.000000,0.000000,0.000000,0.000000,0.012160,0.000000,0.910900,-19.308291,4.967294,-1.586158,20.000000
1.610000,6,"LINK_TORSO_YAW",1.435000,0.200000,0.175000,-20.000000,0.000000,0.000000,20.000000,0.000000,0.000000,0.000000,0.000000,0.012160,0.000000,0.910900,-19.307826,4.967232,-1.592002,20.000000
1.611000,6,"LINK_TORSO_YAW",1.435000,0.200000,0.176000,-20.000000,0.000000,0.000000,20.000000,0.000000,0.000000,0.000000,0.000000,0.012160,0.000000,0.910900,-19.307445,4.966888,-1.597690,20.000000
1.612000,6,"LINK_TORSO_YAW",1.435000,0.200000,0.177000,-20.000000,0.000000,0.000000,20.000000,0.000000,0.000000,0.000000,0.000000,0.012160,0.000000,0.910900,-19.307022,4.966747,-1.603223,20.000000
1.613000,6,"LINK_TORSO_YAW",1.435000,0.200000,0.178000,-20.000000,0.000000,0.000000,20.000000,0.000000,0.000000,0.000000,0.000000,0.012160,0.000000,0.910900,-19.306533,4.966887,-1.608668,20.000000
1.614000,6,"LINK_TORSO_YAW",1.435000,0.200000,0.179000,-20.000000,0.000000,0.000000,20.000000,0.000000,0.000000,0.000000,0.000000,0.012160,0.000000,0.910900,-19.306097,4.966808,-1.614141,20.000000
1.615000,6,"LINK_TORSO_YAW",1.435000,0.200000,0.180000,-20.000000,0.000000,0.000000,20.000000,0.000000,0.000000,0.000000,0.000000,0.012160,0.000000,0.910900,-19.305649,4.966954,-1.619040,20.000000
1.616000,6,"LINK_TORSO_YAW",1.435000,0.200000,0.181000,-20.000000,0.000000,0.000000,20.000000,0.000000,0.000000,0.000000,0.000000,0.012160,0.000000,0.910900,-19.305204,4.967237,-1.623466,20.000000
1.617000,6,"LINK_TORSO_YAW",1.435000,0.200000,0.182000,-20.000000,0.000000,0.000000,20.000000,0.000000,0.000000,0.000000,0.000000,0.012160,0.000000,0.910900,-19.304868,4.967210,-1.627540,20.000000
1.618000,6,"LINK_TORSO_YAW",1.435000,0.200000,0.183000,-20.000000,0.000000,0.000000,20.000000,0.000000,0.000000,0.000000,0.000000,0.012160,0.000000,0.910900,-19.304490,4.967452,-1.631288,20.000000
1.619000,6,"LINK_TORSO_YAW",1.435000,0.200000,0.184000,-20.000000,0.000000,0.000000,20.000000,0.000000,0.000000,0.000000,0.000000,0.012160,0.000000,0.910900,-19.304063,4.967963,-1.634772,20.000000
1.620000,6,"LINK_TORSO_YAW",1.435000,0.200000,0.185000,-20.000000,0.000000,0.000000,20.000000,0.000000,0.000000,0.000000,0.000000,0.012160,0.000000,0.910900,-19.303707,4.968250,-1.638105,20.000000
1.621000,6,"LINK_TORSO_YAW",1.435000,0.200000,0.186000,-20.000000,0.000000,0.000000,20.000000,0.000000,0.000000,0.000000,0.000000,0.012160,0.000000,0.910900,-19.303297,4.968792,-1.641293,20.000000
1.622000,6,"LINK_TORSO_YAW",1.435000,0.200000,0.187000,-20.000000,0.000000,0.000000,20.000000,0.000000,0.000000,0.000000,0.000000,0.012160,0.000000,0.910900,-19.302809,4.969661,-1.644401,20.000000
1.623000,6,"LINK_TORSO_YAW",1.435000,0.200000,0.188000,-20.000000,0.000000,0.000000,20.000000,0.000000,0.000000,0.000000,0.000000,0.012160,0.000000,0.910900,-19.302360,4.970329,-1.647645,20.000000
1.624000,6,"LINK_TORSO_YAW",1.435000,0.200000,0.189000,-20.000000,0.000000,0.000000,20.000000,0.000000,0.000000,0.000000,0.000000,0.012160,0.000000,0.910900,-19.301808,4.971349,-1.651028,20.000000
1.625000,6,"LINK_TORSO_YAW",1.435000,0.200000,0.190000,-20.000000,0.000000,0.000000,20.000000,0.000000,0.000000,0.000000,0.000000,0.012160,0.000000,0.910900,-19.301177,4.972611,-1.654600,20.000000
1.626000,6,"LINK_TORSO_YAW",1.435000,0.200000,0.191000,-20.000000,0.000000,0.000000,20.000000,0.000000,0.000000,0.000000,0.000000,0.012160,0.000000,0.910900,-19.300503,4.974164,-1.657796,20.000000
1.627000,6,"LINK_TORSO_YAW",1.435000,0.200000,0.192000,-20.000000,0.000000,0.000000,20.000000,0.000000,0.000000,0.000000,0.000000,0.012160,0.000000,0.910900,-19.299955,4.975299,-1.660758,20.000000
1.628000,6,"LINK_TORSO_YAW",1.435000,0.200000,0.193000,-20.000000,0.000000,0.000000,20.000000,0.000000,0.000000,0.000000,0.000000,0.012160,0.000000,0.910900,-19.299373,4.976646,-1.663492,20.000000
1.629000,6,"LINK_TORSO_YAW",1.435000,0.200000,0.194000,-20.000000,0.000000,0.000000,20.000000,0.000000,0.000000,0.000000,0.000000,0.012160,0.000000,0.910900,-19.298745,4.978213,-1.666090,20.000000
1.630000,6,"LINK_TORSO_YAW",1.435000,0.200000,0.195000,-20.000000,0.000000,0.000000,20.000000,0.000000,0.000000,0.000000,0.000000,0.012160,0.000000,0.910900,-19.298045,4.980079,-1.668613,20.000000
1.631000,6,"LINK_TORSO_YAW",1.435000,0.200000,0.196000,-20.000000,0.000000,0.000000,20.000000,0.000000,0.000000,0.000000,0.000000,0.012160,0.000000,0.910900,-19.297271,4.982239,-1.671116,20.000000
1.632000,6,"LINK_TORSO_YAW",1.435000,0.200000,0.197000,-20.000000,0.000000,0.000000,20.000000,0.000000,0.000000,0.000000,0.000000,0.012160,0.000000,0.910900,-19.296581,4.984037,-1.673720,20.000000
1.633000,6,"LINK_TORSO_YAW",1.435000,0.200000,0.198000,-20.000000,0.000000,0.000000,20.000000,0.000000,0.000000,0.000000,0.000000,0.012160,0.000000,0.910900,-19.295856,4.985935,-1.676424,20.000000
1.634000,6,"LINK_TORSO_YAW",1.435000,0.200000,0.199000,-20.000000,0.000000,0.000000,20.000000,0.000000,0.000000,0.000000,0.000000,0.012160,0.000000,0.910900,-19.295018,4.988220,-1.679263,20.000000
1.635000,6,"LINK_TORSO_YAW",1.435000,0.200000,0.200000,-20.000000,0.000000,0.000000,20.000000,0.000000,0.000000,0.000000,0.000000,0.012160,0.000000,0.910900,-19.294063,4.990882,-1.682330,20.000000
1.636000,6,"LINK_TORSO_YAW",1.435000,0.200000,0.201000,-20.000000,0.000000,0.000000,20.000000,0.000000,0.000000,0.000000,0.000000,0.012160,0.000000,0.910900,-19.293046,4.993874,-1.685116,20.000000
1.637000,7,"LINK_TORSO_YAW",1.636000,0.200000,0.001000,-20.000000,0.000000,0.000000,20.000000,0.000000,0.000000,0.000000,0.000000,0.012160,0.000000,0.910900,-19.292187,4.996299,-1.687757,20.000000
1.638000,7,"LINK_TORSO_YAW",1.636000,0.200000,0.002000,-20.000000,0.000000,0.000000,20.000000,0.000000,0.000000,0.000000,0.000000,0.012160,0.000000,0.910900,-19.291249,4.999085,-1.690225,20.000000
1.639000,7,"LINK_TORSO_YAW",1.636000,0.200000,0.003000,-20.000000,0.000000,0.000000,20.000000,0.000000,0.000000,0.000000,0.000000,0.012160,0.000000,0.910900,-19.290223,5.002255,-1.692556,20.000000
1.640000,7,"LINK_TORSO_YAW",1.636000,0.200000,0.004000,-20.000000,0.000000,0.000000,20.000000,0.000000,0.000000,0.000000,0.000000,0.012160,0.000000,0.910900,-19.289114,5.005764,-1.694817,20.000000
1.641000,7,"LINK_TORSO_YAW",1.636000,0.200000,0.005000,-20.000000,0.000000,0.000000,20.000000,0.000000,0.000000,0.000000,0.000000,0.012160,0.000000,0.910900,-19.288121,5.008786,-1.697186,20.000000
1.642000,7,"LINK_TORSO_YAW",1.636000,0.200000,0.006000,-20.000000,0.000000,0.000000,20.000000,0.000000,0.000000,0.000000,0.000000,0.012160,0.000000,0.910900,-19.287022,5.012185,-1.699647,20.000000
1.643000,7,"LINK_TORSO_YAW",1.636000,0.200000,0.007000,-20.000000,0.000000,0.000000,20.000000,0.000000,0.000000,0.000000,0.000000,0.012160,0.000000,0.910900,-19.285812,5.015954,-1.702246,20.000000
1.644000,7,"LINK_TORSO_YAW",1.636000,0.200000,0.008000,-20.000000,0.000000,0.000000,20.000000,0.000000,0.000000,0.000000,0.000000,0.012160,0.000000,0.910900,-19.284488,5.020097,-1.705032,20.000000
1.645000,7,"LINK_TORSO_YAW",1.636000,0.200000,0.009000,-20.000000,0.000000,0.000000,20.000000,0.000000,0.000000,0.000000,0.000000,0.012160,0.000000,0.910900,-19.283228,5.023888,-1.708115,20.000000
1.646000,7,"LINK_TORSO_YAW",1.636000,0.200000,0.010000,-20.000000,0.000000,0.000000,20.000000,0.000000,0.000000,0.000000,0.000000,0.012160,0.000000,0.910900,-19.281886,5.028085,-1.710917,20.000000
1.647000,7,"LINK_TORSO_YAW",1.636000,0.200000,0.011000,-20.000000,0.000000,0.000000,20.000000,0.000000,0.000000,0.000000,0.000000,0.012160,0.000000,0.910900,-19.280461,5.032651,-1.713545,20.000000
1.648000,7,"LINK_TORSO_YAW",1.636000,0.200000,0.012000,-20.000000,0.000000,0.000000,20.000000,0.000000,0.000000,0.000000,0.000000,0.012160,0.000000,0.910900,-19.278955,5.037567,-1.716052,20.000000
1.649000,7,"LINK_TORSO_YAW",1.636000,0.200000,0.013000,-20.000000,0.000000,0.000000,20.000000,0.000000,0.000000,0.000000,0.000000,0.012160,0.000000,0.910900,-19.277519,5.042204,-1.718554,20.000000
1.650000,7,"LINK_TORSO_YAW",1.636000,0.200000,0.014000,-20.000000,0.000000,0.000000,20.000000,0.000000,0.000000,0.000000,0.000000,0.012160,0.000000,0.910900,-19.276041,5.047005,-1.721042,20.000000
1.651000,7,"LINK_TORSO_YAW",1.636000,0.200000,0.015000,-20.000000,0.000000,0.000000,20.000000,0.000000,0.000000,0.000000,0.000000,0.012160,0.000000,0.910900,-19.274469,5.052147,-1.723560,20.000000
1.652000,7,"LINK_TORSO_YAW",1.636000,0.200000,0.016000,-20.000000,0.000000,0.000000,20.000000,0.000000,0.000000,0.000000,0.000000,0.012160,0.000000,0.910900,-19.272811,5.057564,-1.726210,20.000000
1.653000,7,"LINK_TORSO_YAW",1.636000,0.200000,0.017000,-20.000000,0.000000,0.000000,20.000000,0.000000,0.000000,0.000000,0.000000,0.012160,0.000000,0.910900,-19.271175,5.062809,-1.729096,20.000000
1.654000,7,"LINK_TORSO_YAW",1.636000,0.200000,0.018000,-20.000000,0.000000,0.000000,20.000000,0.000000,0.000000,0.000000,0.000000,0.012160,0.000000,0.910900,-19.269436,5.068362,-1.732209,20.000000
1.655000,7,"LINK_TORSO_YAW",1.636000,0.200000,0.019000,-20.000000,0.000000,0.000000,20.000000,0.000000,0.000000,0.000000,0.000000,0.012160,0.000000,0.910900,-19.267621,5.074102,-1.735593,20.000000
1.656000,7,"LINK_TORSO_YAW",1.636000,0.200000,0.020000,-20.000000,0.000000,0.000000,20.000000,0.000000,0.000000,0.000000,0.000000,0.012160,0.000000,0.910900,-19.265741,5.080160,-1.738734,20.000000
1.657000,7,"LINK_TORSO_YAW",1.636000,0.200000,0.021000,-20.000000,0.000000,0.000000,20.000000,0.000000,0.000000,0.000000,0.000000,0.012160,0.000000,0.910900,-19.263917,5.086047,-1.741728,20.000000
1.658000,7,"LINK_TORSO_YAW",1.636000,0.200000,0.022000,-20.000000,0.000000,0.000000,20.000000,0.000000,0.000000,0.000000,0.000000,0.012160,0.000000,0.910900,-19.262017,5.092257,-1.744598,20.000000
1.659000,7,"LINK_TORSO_YAW",1.636000,0.200000,0.023000,-20.000000,0.000000,0.000000,20.000000,0.000000,0.000000,0.000000,0.000000,0.012160,0.000000,0.910900,-19.260046,5.098744,-1.747408,20.000000
1.660000,7,"LINK_TORSO_YAW",1.636000,0.200000,0.024000,-20.000000,0.000000,0.000000,20.000000,0.000000,0.000000,0.000000,0.000000,0.012160,0.000000,0.910900,-19.258034,5.105378,-1.750215,20.000000
1.661000,7,"LINK_TORSO_YAW",1.636000,0.200000,0.025000,-20.000000,0.000000,0.000000,20.000000,0.000000,0.000000,0.000000,0.000000,0.012160,0.000000,0.910900,-19.255941,5.112285,-1.753071,20.000000
1.662000,7,"LINK_TORSO_YAW",1.636000,0.200000,0.026000,-20.000000,0.000000,0.000000,20.000000,0.000000,0.000000,0.000000,0.000000,0.012160,0.000000,0.910900,-19.253912,5.118887,-1.756095,20.000000
1.663000,7,"LINK_TORSO_YAW",1.636000,0.200000,0.027000,-20.000000,0.000000,0.000000,20.000000,0.000000,0.000000,0.000000,0.000000,0.012160,0.000000,0.910900,-19.251795,5.125749,-1.759286,20.000000
1.664000,7,"LINK_TORSO_YAW",1.636000,0.200000,0.028000,-20.000000,0.000000,0.000000,20.000000,0.000000,0.000000,0.000000,0.000000,0.012160,0.000000,0.910900,-19.249578,5.132891,-1.762716,20.000000
1.665000,7,"LINK_TORSO_YAW",1.636000,0.200000,0.029000,-20.000000,0.000000,0.000000,20.000000,0.000000,0.000000,0.000000,0.000000,0.012160,0.000000,0.910900,-19.247340,5.140173,-1.765933,20.000000
1.666000,7,"LINK_TORSO_YAW",1.636000,0.200000,0.030000,-20.000000,0.000000,0.000000,20.000000,0.000000,0.000000,0.000000,0.000000,0.012160,0.000000,0.910900,-19.245036,5.147744,-1.768991,20.000000
1.667000,7,"LINK_TORSO_YAW",1.636000,0.200000,0.031000,-20.000000,0.000000,0.000000,20.000000,0.000000,0.000000,0.000000,0.000000,0.012160,0.000000,0.910900,-19.242664,5.155588,-1.771947,20.000000
1.668000,7,"LINK_TORSO_YAW",1.636000,0.200000,0.032000,-20.000000,0.000000,0.000000,20.000000,0.000000,0.000000,0.000000,0.000000,0.012160,0.000000,0.910900,-19.240403,5.162997,-1.774927,20.000000
1.669000,7,"LINK_TORSO_YAW",1.636000,0.200000,0.033000,-20.000000,0.000000,0.000000,20.000000,0.000000,0.000000,0.000000,0.000000,0.012160,0.000000,0.910900,-19.238081,5.170619,-1.777907,20.000000
1.670000,7,"LINK_TORSO_YAW",1.636000,0.200000,0.034000,-20.000000,0.000000,0.000000,20.000000,0.000000,0.000000,0.000000,0.000000,0.012160,0.000000,0.910900,-19.235676,5.178511,-1.780956,20.000000
1.671000,7,"LINK_TORSO_YAW",1.636000,0.200000,0.035000,-20.000000,0.000000,0.000000,20.000000,0.000000,0.000000,0.000000,0.000000,0.012160,0.000000,0.910900,-19.233225,5.186521,-1.784113,20.000000
1.672000,7,"LINK_TORSO_YAW",1.636000,0.200000,0.036000,-20.000000,0.000000,0.000000,20.000000,0.000000,0.000000,0.000000,0.000000,0.012160,0.000000,0.910900,-19.230680,5.194804,-1.787440,20.000000
1.673000,7,"LINK_TORSO_YAW",1.636000,0.200000,0.037000,-20.000000,0.000000,0.000000,20.000000,0.000000,0.000000,0.000000,0.000000,0.012160,0.000000,0.910900,-19.228037,5.203361,-1.790989,20.000000
1.674000,7,"LINK_TORSO_YAW",1.636000,0.200000,0.038000,-20.000000,0.000000,0.000000,20.000000,0.000000,0.000000,0.000000,0.000000,0.012160,0.000000,0.910900,-19.225454,5.211558,-1.794873,20.000000
1.675000,7,"LINK_TORSO_YAW",1.636000,0.200000,0.039000,-20.000000,0.000000,0.000000,20.000000,0.000000,0.000000,0.000000,0.000000,0.012160,0.000000,0.910900,-19.222758,5.220047,-1.799077,20.000000
1.676000,7,"LINK_TORSO_YAW",1.636000,0.200000,0.040000,-20.000000,0.000000,0.000000,20.000000,0.000000,0.000000,0.000000,0.000000,0.012160,0.000000,0.910900,-19.220006,5.228811,-1.803026,20.000000
1.677000,7,"LINK_TORSO_YAW",1.636000,0.200000,0.041000,-20.000000,0.000000,0.000000,20.000000,0.000000,0.000000,0.000000,0.000000,0.012160,0.000000,0.910900,-19.217239,5.237682,-1.806764,20.000000
1.678000,7,"LINK_TORSO_YAW",1.636000,0.200000,0.042000,-20.000000,0.000000,0.000000,20.000000,0.000000,0.000000,0.000000,0.000000,0.012160,0.000000,0.910900,-19.214415,5.246807,-1.810325,20.000000
1.679000,7,"LINK_TORSO_YAW",1.636000,0.200000,0.043000,-20.000000,0.000000,0.000000,20.000000,0.000000,0.000000,0.000000,0.000000,0.012160,0.000000,0.910900,-19.211679,5.255606,-1.813834,20.000000
1.680000,7,"LINK_TORSO_YAW",1.636000,0.200000,0.044000,-20.000000,0.000000,0.000000,20.000000,0.000000,0.000000,0.000000,0.000000,0.012160,0.000000,0.910900,-19.208866,5.264686,-1.817292,20.000000
1.681000,7,"LINK_TORSO_YAW",1.636000,0.200000,0.045000,-20.000000,0.000000,0.000000,20.000000,0.000000,0.000000,0.000000,0.000000,0.012160,0.000000,0.910900,-19.205978,5.274015,-1.820762,20.000000
1.682000,7,"LINK_TORSO_YAW",1.636000,0.200000,0.046000,-20.000000,0.000000,0.000000,20.000000,0.000000,0.000000,0.000000,0.000000,0.012160,0.000000,0.910900,-19.203010,5.283592,-1.824299,20.000000
1.683000,7,"LINK_TORSO_YAW",1.636000,0.200000,0.047000,-20.000000,0.000000,0.000000,20.000000,0.000000,0.000000,0.000000,0.000000,0.012160,0.000000,0.910900,-19.200004,5.293243,-1.827958,20.000000
1.684000,7,"LINK_TORSO_YAW",1.636000,0.200000,0.048000,-20.000000,0.000000,0.000000,20.000000,0.000000,0.000000,0.000000,0.000000,0.012160,0.000000,0.910900,-19.197057,5.302572,-1.831862,20.000000
1.685000,7,"LINK_TORSO_YAW",1.636000,0.200000,0.049000,-20.000000,0.000000,0.000000,20.000000,0.000000,0.000000,0.000000,0.000000,0.012160,0.000000,0.910900,-19.194014,5.312147,-1.836007,20.000000
1.686000,7,"LINK_TORSO_YAW",1.636000,0.200000,0.050000,-20.000000,0.000000,0.000000,20.000000,0.000000,0.000000,0.000000,0.000000,0.012160,0.000000,0.910900,-19.190862,5.321994,-1.840434,20.000000
1.687000,7,"LINK_TORSO_YAW",1.636000,0.200000,0.051000,-20.000000,0.000000,0.000000,20.000000,0.000000,0.000000,0.000000,0.000000,0.012160,0.000000,0.910900,-19.187672,5.332054,-1.844573,20.000000
1.688000,7,"LINK_TORSO_YAW",1.636000,0.200000,0.052000,-20.000000,0.000000,0.000000,20.000000,0.000000,0.000000,0.000000,0.000000,0.012160,0.000000,0.910900,-19.184432,5.342348,-1.848482,20.000000
1.689000,7,"LINK_TORSO_YAW",1.636000,0.200000,0.053000,-20.000000,0.000000,0.000000,20.000000,0.000000,0.000000,0.000000,0.000000,0.012160,0.000000,0.910900,-19.181354,5.352074,-1.852284,20.000000
1.690000,7,"LINK_TORSO_YAW",1.636000,0.200000,0.054000,-20.000000,0.000000,0.000000,20.000000,0.000000,0.000000,0.000000,0.000000,0.012160,0.000000,0.910900,-19.178224,5.362003,-1.855972,20.000000
1.691000,7,"LINK_TORSO_YAW",1.636000,0.200000,0.055000,-20.000000,0.000000,0.000000,20.000000,0.000000,0.000000,0.000000,0.000000,0.012160,0.000000,0.910900,-19.175037,5.372133,-1.859605,20.000000
1.692000,7,"LINK_TORSO_YAW",1.636000,0.200000,0.056000,-20.000000,0.000000,0.000000,20.000000,0.000000,0.000000,0.000000,0.000000,0.012160,0.000000,0.910900,-19.171788,5.382462,-1.863238,20.000000
1.693000,7,"LINK_TORSO_YAW",1.636000,0.200000,0.057000,-20.000000,0.000000,0.000000,20.000000,0.000000,0.000000,0.000000,0.000000,0.012160,0.000000,0.910900,-19.168470,5.392988,-1.866929,20.000000
1.694000,7,"LINK_TORSO_YAW",1.636000,0.200000,0.058000,-20.000000,0.000000,0.000000,20.000000,0.000000,0.000000,0.000000,0.000000,0.012160,0.000000,0.910900,-19.165073,5.403738,-1.870720,20.000000
1.695000,7,"LINK_TORSO_YAW",1.636000,0.200000,0.059000,-20.000000,0.000000,0.000000,20.000000,0.000000,0.000000,0.000000,0.000000,0.012160,0.000000,0.910900,-19.161751,5.414125,-1.874713,20.000000
1.696000,7,"LINK_TORSO_YAW",1.636000,0.200000,0.060000,-20.000000,0.000000,0.000000,20.000000,0.000000,0.000000,0.000000,0.000000,0.012160,0.000000,0.910900,-19.158425,5.424423,-1.878935,20.000000
1.697000,7,"LINK_TORSO_YAW",1.636000,0.200000,0.061000,-20.000000,0.000000,0.000000,20.000000,0.000000,0.000000,0.000000,0.000000,0.012160,0.000000,0.910900,-19.155007,5.434929,-1.883415,20.000000
1.698000,7,"LINK_TORSO_YAW",1.636000,0.200000,0.062000,-20.000000,0.000000,0.000000,20.000000,0.000000,0.000000,0.000000,0.000000,0.012160,0.000000,0.910900,-19.151557,5.445626,-1.887592,20.000000
1.699000,7,"LINK_TORSO_YAW",1.636000,0.200000,0.063000,-20.000000,0.000000,0.000000,20.000000,0.000000,0.000000,0.000000,0.000000,0.012160,0.000000,0.910900,-19.148080,5.456477,-1.891534,20.000000
1.700000,7,"LINK_TORSO_YAW",1.636000,0.200000,0.064000,-20.000000,0.000000,0.000000,20.000000,0.000000,0.000000,0.000000,0.000000,0.012160,0.000000,0.910900,-19.144569,5.467476,-1.895303,20.000000
1.701000,7,"LINK_TORSO_YAW",1.636000,0.200000,0.065000,-20.000000,0.000000,0.000000,20.000000,0.000000,0.000000,0.000000,0.000000,0.012160,0.000000,0.910900,-19.141019,5.478629,-1.898955,20.000000
1.702000,7,"LINK_TORSO_YAW",1.636000,0.200000,0.066000,-20.000000,0.000000,0.000000,20.000000,0.000000,0.000000,0.000000,0.000000,0.012160,0.000000,0.910900,-19.137573,5.489392,-1.902595,20.000000
1.703000,7,"LINK_TORSO_YAW",1.636000,0.200000,0.067000,-20.000000,0.000000,0.000000,20.000000,0.000000,0.000000,0.000000,0.000000,0.012160,0.000000,0.910900,-19.134124,5.500142,-1.906240,20.000000
1.704000,7,"LINK_TORSO_YAW",1.636000,0.200000,0.068000,-20.000000,0.000000,0.000000,20.000000,0.000000,0.000000,0.000000,0.000000,0.012160,0.000000,0.910900,-19.130611,5.511069,-1.909935,20.000000
1.705000,7,"LINK_TORSO_YAW",1.636000,0.200000,0.069000,-20.000000,0.000000,0.000000,20.000000,0.000000,0.000000,0.000000,0.000000,0.012160,0.000000,0.910900,-19.127028,5.522175,-1.913731,20.000000
1.706000,7,"LINK_TORSO_YAW",1.636000,0.200000,0.070000,-20.000000,0.000000,0.000000,20.000000,0.000000,0.000000,0.000000,0.000000,0.012160,0.000000,0.910900,-19.123369,5.533485,-1.917625,20.000000
1.707000,7,"LINK_TORSO_YAW",1.636000,0.200000,0.071000,-20.000000,0.000000,0.000000,20.000000,0.000000,0.000000,0.000000,0.000000,0.012160,0.000000,0.910900,-19.119639,5.544942,-1.921722,20.000000
1.708000,7,"LINK_TORSO_YAW",1.636000,0.200000,0.072000,-20.000000,0.000000,0.000000,20.000000,0.000000,0.000000,0.000000,0.000000,0.012160,0.000000,0.910900,-19.115929,5.556204,-1.926103,20.000000
1.709000,7,"LINK_TORSO_YAW",1.636000,0.200000,0.073000,-20.000000,0.000000,0.000000,20.000000,0.000000,0.000000,0.000000,0.000000,0.012160,0.000000,0.910900,-19.112300,5.567257,-1.930189,20.000000
1.710000,7,"LINK_TORSO_YAW",1.636000,0.200000,0.074000,-20.000000,0.000000,0.000000,20.000000,0.000000,0.000000,0.000000,0.000000,0.012160,0.000000,0.910900,-19.108652,5.578439,-1.934018,20.000000
1.711000,7,"LINK_TORSO_YAW",1.636000,0.200000,0.075000,-20.000000,0.000000,0.000000,20.000000,0.000000,0.000000,0.000000,0.000000,0.012160,0.000000,0.910900,-19.104989,5.589717,-1.937648,20.000000
1.712000,7,"LINK_TORSO_YAW",1.636000,0.200000,0.076000,-20.000000,0.000000,0.000000,20.000000,0.000000,0.000000,0.000000,0.000000,0.012160,0.000000,0.910900,-19.101295,5.601116,-1.941138,20.000000
1.713000,7,"LINK_TORSO_YAW",1.636000,0.200000,0.077000,-20.000000,0.000000,0.000000,20.000000,0.000000,0.000000,0.000000,0.000000,0.012160,0.000000,0.910900,-19.097567,5.612637,-1.944545,20.000000
1.714000,7,"LINK_TORSO_YAW",1.636000,0.200000,0.078000,-20.000000,0.000000,0.000000,20.000000,0.000000,0.000000,0.000000,0.000000,0.012160,0.000000,0.910900,-19.093798,5.624277,-1.947922,20.000000
1.715000,7,"LINK_TORSO_YAW",1.636000,0.200000,0.079000,-20.000000,0.000000,0.000000,20.000000,0.000000,0.000000,0.000000,0.000000,0.012160,0.000000,0.910900,-19.090119,5.635559,-1.951366,20.000000
1.716000,7,"LINK_TORSO_YAW",1.636000,0.200000,0.080000,-20.000000,0.000000,0.000000,20.000000,0.000000,0.000000,0.000000,0.000000,0.012160,0.000000,0.910900,-19.086471,5.646682,-1.954894,20.000000
1.717000,7,"LINK_TORSO_YAW",1.636000,0.200000,0.081000,-20.000000,0.000000,0.000000,20.000000,0.000000,0.000000,0.000000,0.000000,0.012160,0.000000,0.910900,-19.082766,5.657917,-1.958577,20.000000
1.718000,7,"LINK_TORSO_YAW",1.636000,0.200000,0.082000,-20.000000,0.000000,0.000000,20.000000,0.000000,0.000000,0.000000,0.000000,0.012160,0.000000,0.910900,-19.078999,5.669262,-1.962467,20.000000
1.719000,7,"LINK_TORSO_YAW",1.636000,0.200000,0.083000,-20.000000,0.000000,0.000000,20.000000,0.000000,0.000000,0.000000,0.000000,0.012160,0.000000,0.910900,-19.075164,5.680717,-1.966617,20.000000
1.720000,7,"LINK_TORSO_YAW",1.636000,0.200000,0.084000,-20.000000,0.000000,0.000000,20.000000,0.000000,0.000000,0.000000,0.000000,0.012160,0.000000,0.910900,-19.071256,5.692280,-1.971074,20.000000
1.721000,7,"LINK_TORSO_YAW",1.636000,0.200000,0.085000,-20.000000,0.000000,0.000000,20.000000,0.000000,0.000000,0.000000,0.000000,0.012160,0.000000,0.910900,-19.067352,5.703909,-1.975221,20.000000
1.722000,7,"LINK_TORSO_YAW",1.636000,0.200000,0.086000,-20.000000,0.000000,0.000000,20.000000,0.000000,0.000000,0.000000,0.000000,0.012160,0.000000,0.910900,-19.063608,5.715051,-1.979154,20.000000
1.723000,7,"LINK_TORSO_YAW",1.636000,0.200000,0.087000,-20.000000,0.000000,0.000000,20.000000,0.000000,0.000000,0.000000,0.000000,0.012160,0.000000,0.910900,-19.059852,5.726273,-1.982882,20.000000
1.724000,7,"LINK_TORSO_YAW",1.636000,0.200000,0.088000,-20.000000,0.000000,0.000000,20.000000,0.000000,0.000000,0.000000,0.000000,0.012160,0.000000,0.910900,-19.056083,5.737570,-1.986454,20.000000
1.725000,7,"LINK_TORSO_YAW",1.636000,0.200000,0.089000,-20.000000,0.000000,0.000000,20.000000,0.000000,0.000000,0.000000,0.000000,0.012160,0.000000,0.910900,-19.052294,5.748927,-1.989957,20.000000
1.726000,7,"LINK_TORSO_YAW",1.636000,0.200000,0.090000,-20.000000,0.000000,0.000000,20.000000,0.000000,0.000000,0.000000,0.000000,0.012160,0.000000,0.910900,-19.048481,5.760343,-1.993440,20.000000
1.727000,7,"LINK_TORSO_YAW",1.636000,0.200000,0.091000,-20.000000,0.000000,0.000000,20.000000,0.000000,0.000000,0.000000,0.000000,0.012160,0.000000,0.910900,-19.044639,5.771820,-1.996949,20.000000
1.728000,7,"LINK_TORSO_YAW",1.636000,0.200000,0.092000,-20.000000,0.000000,0.000000,20.000000,0.000000,0.000000,0.000000,0.000000,0.012160,0.000000,0.910900,-19.040838,5.783110,-2.000537,20.000000
1.729000,7,"LINK_TORSO_YAW",1.636000,0.200000,0.093000,-20.000000,0.000000,0.000000,20.000000,0.000000,0.000000,0.000000,0.000000,0.012160,0.000000,0.910900,-19.036998,5.794458,-2.004242,20.000000
1.730000,7,"LINK_TORSO_YAW",1.636000,0.200000,0.094000,-20.000000,0.000000,0.000000,20.000000,0.000000,0.000000,0.000000,0.000000,0.012160,0.000000,0.910900,-19.033191,5.805613,-2.008104,20.000000
1.731000,7,"LINK_TORSO_YAW",1.636000,0.200000,0.095000,-20.000000,0.000000,0.000000,20.000000,0.000000,0.000000,0.000000,0.000000,0.012160,0.000000,0.910900,-19.029337,5.816819,-2.012195,20.000000
1.732000,7,"LINK_TORSO_YAW",1.636000,0.200000,0.096000,-20.000000,0.000000,0.000000,20.000000,0.000000,0.000000,0.000000,0.000000,0.012160,0.000000,0.910900,-19.025498,5.828040,-2.016030,20.000000
1.733000,7,"LINK_TORSO_YAW",1.636000,0.200000,0.097000,-20.000000,0.000000,0.000000,20.000000,0.000000,0.000000,0.000000,0.000000,0.012160,0.000000,0.910900,-19.021729,5.839088,-2.019623,20.000000
1.734000,7,"LINK_TORSO_YAW",1.636000,0.200000,0.098000,-20.000000,0.000000,0.000000,20.000000,0.000000,0.000000,0.000000,0.000000,0.012160,0.000000,0.910900,-19.017926,5.850305,-2.022975,20.000000
1.735000,7,"LINK_TORSO_YAW",1.636000,0.200000,0.099000,-20.000000,0.000000,0.000000,20.000000,0.000000,0.000000,0.000000,0.000000,0.012160,0.000000,0.910900,-19.014122,5.861540,-2.026208,20.000000
1.736000,7,"LINK_TORSO_YAW",1.636000,0.200000,0.100000,-20.000000,0.000000,0.000000,20.000000,0.000000,0.000000,0.000000,0.000000,0.012160,0.000000,0.910900,-19.010310,5.872801,-2.029363,20.000000
1.737000,7,"LINK_TORSO_YAW",1.636000,0.200000,0.101000,-20.000000,0.000000,0.000000,20.000000,0.000000,0.000000,0.000000,0.000000,0.012160,0.000000,0.910900,-19.006485,5.884090,-2.032490,20.000000
1.738000,7,"LINK_TORSO_YAW",1.636000,0.200000,0.102000,-20.000000,0.000000,0.000000,20.000000,0.000000,0.000000,0.000000,0.000000,0.012160,0.000000,0.910900,-19.002642,5.895386,-2.035688,20.000000
1.739000,7,"LINK_TORSO_YAW",1.636000,0.200000,0.103000,-20.000000,0.000000,0.000000,20.000000,0.000000,0.000000,0.000000,0.000000,0.012160,0.000000,0.910900,-18.998853,5.906434,-2.039026,20.000000
1.740000,7,"LINK_TORSO_YAW",1.636000,0.200000,0.104000,-20.000000,0.000000,0.000000,20.000000,0.000000,0.000000,0.000000,0.000000,0.012160,0.000000,0.910900,-18.995106,5.917275,-2.042501,20.000000
1.741000,7,"LINK_TORSO_YAW",1.636000,0.200000,0.105000,-20.000000,0.000000,0.000000,20.000000,0.000000,0.000000,0.000000,0.000000,0.012160,0.000000,0.910900,-18.991323,5.928144,-2.046158,20.000000
1.742000,7,"LINK_TORSO_YAW",1.636000,0.200000,0.106000,-20.000000,0.000000,0.000000,20.000000,0.000000,0.000000,0.000000,0.000000,0.012160,0.000000,0.910900,-18.987499,5.939024,-2.050092,20.000000
1.743000,7,"LINK_TORSO_YAW",1.636000,0.200000,0.107000,-20.000000,0.000000,0.000000,20.000000,0.000000,0.000000,0.000000,0.000000,0.012160,0.000000,0.910900,-18.983628,5.949915,-2.054359,20.000000
1.744000,7,"LINK_TORSO_YAW",1.636000,0.200000,0.108000,-20.000000,0.000000,0.000000,20.000000,0.000000,0.000000,0.000000,0.000000,0.012160,0.000000,0.910900,-18.979784,5.960780,-2.058370,20.000000
1.745000,7,"LINK_TORSO_YAW",1.636000,0.200000,0.109000,-20.000000,0.000000,0.000000,20.000000,0.000000,0.000000,0.000000,0.000000,0.012160,0.000000,0.910900,-18.976021,5.971434,-2.062188,20.000000
1.746000,7,"LINK_TORSO_YAW",1.636000,0.200000,0.110000,-20.000000,0.000000,0.000000,20.000000,0.000000,0.000000,0.000000,0.000000,0.012160,0.000000,0.910900,-18.972265,5.982091,-2.065854,20.000000
1.747000,7,"LINK_TORSO_YAW",1.636000,0.200000,0.111000,-20.000000,0.000000,0.000000,20.000000,0.000000,0.000000,0.000000,0.000000,0.012160,0.000000,0.910900,-18.968522,5.992718,-2.069426,20.000000
1.748000,7,"LINK_TORSO_YAW",1.636000,0.200000,0.112000,-20.000000,0.000000,0.000000,20.000000,0.000000,0.000000,0.000000,0.000000,0.012160,0.000000,0.910900,-18.964786,6.003310,-2.072961,20.000000
1.749000,7,"LINK_TORSO_YAW",1.636000,0.200000,0.113000,-20.000000,0.000000,0.000000,20.000000,0.000000,0.000000,0.000000,0.000000,0.012160,0.000000,0.910900,-18.961052,6.013866,-2.076517,20.000000
1.750000,7,"LINK_TORSO_YAW",1.636000,0.200000,0.114000,-20.000000,0.000000,0.000000,20.000000,0.000000,0.000000,0.000000,0.000000,0.012160,0.000000,0.910900,-18.957310,6.024400,-2.080146,20.000000
1.751000,7,"LINK_TORSO_YAW",1.636000,0.200000,0.115000,-20.000000,0.000000,0.000000,20.000000,0.000000,0.000000,0.000000,0.000000,0.012160,0.000000,0.910900,-18.953603,6.034744,-2.083939,20.000000
1.752000,7,"LINK_TORSO_YAW",1.636000,0.200000,0.116000,-20.000000,0.000000,0.000000,20.000000,0.000000,0.000000,0.000000,0.000000,0.012160,0.000000,0.910900,-18.949704,6.045507,-2.088198,20.000000
1.753000,7,"LINK_TORSO_YAW",1.636000,0.200000,0.117000,-20.000000,0.000000,0.000000,20.000000,0.000000,0.000000,0.000000,0.000000,0.012160,0.000000,0.910900,-18.945805,6.056272,-2.092374,20.000000
1.754000,7,"LINK_TORSO_YAW",1.636000,0.200000,0.118000,-20.000000,0.000000,0.000000,20.000000,0.000000,0.000000,0.000000,0.000000,0.012160,0.000000,0.910900,-18.941923,6.066940,-2.096610,20.000000
1.755000,7,"LINK_TORSO_YAW",1.636000,0.200000,0.119000,-20.000000,0.000000,0.000000,20.000000,0.000000,0.000000,0.000000,0.000000,0.012160,0.000000,0.910900,-18.938101,6.077528,-2.100471,20.000000
1.756000,7,"LINK_TORSO_YAW",1.636000,0.200000,0.120000,-20.000000,0.000000,0.000000,20.000000,0.000000,0.000000,0.000000,0.000000,0.012160,0.000000,0.910900,-18.934327,6.088035,-2.104066,20.000000
1.757000,7,"LINK_TORSO_YAW",1.636000,0.200000,0.121000,-20.000000,0.000000,0.000000,20.000000,0.000000,0.000000,0.000000,0.000000,0.012160,0.000000,0.910900,-18.930592,6.098457,-2.107490,20.000000
1.758000,7,"LINK_TORSO_YAW",1.636000,0.200000,0.122000,-20.000000,0.000000,0.000000,20.000000,0.000000,0.000000,0.000000,0.000000,0.012160,0.000000,0.910900,-18.926895,6.108820,-2.110674,20.000000
1.759000,7,"LINK_TORSO_YAW",1.636000,0.200000,0.123000,-20.000000,0.000000,0.000000,20.000000,0.000000,0.000000,0.000000,0.000000,0.012160,0.000000,0.910900,-18.923227,6.119093,-2.113806,20.000000
1.760000,7,"LINK_TORSO_YAW",1.636000,0.200000,0.124000,-20.000000,0.000000,0.000000,20.000000,0.000000,0.000000,0.000000,0.000000,0.012160,0.000000,0.910900,-18.919567,6.129285,-2.117043,20.000000
1.761000,7,"LINK_TORSO_YAW",1.636000,0.200000,0.125000,-20.000000,0.000000,0.000000,20.000000,0.000000,0.000000,0.000000,0.000000,0.012160,0.000000,0.910900,-18.915933,6.139385,-2.120245,20.000000
1.762000,7,"LINK_TORSO_YAW",1.636000,0.200000,0.126000,-20.000000,0.000000,0.000000,20.000000,0.000000,0.000000,0.000000,0.000000,0.012160,0.000000,0.910900,-18.912304,6.149438,-2.123477,20.000000
1.763000,7,"LINK_TORSO_YAW",1.636000,0.200000,0.127000,-20.000000,0.000000,0.000000,20.000000,0.000000,0.000000,0.000000,0.000000,0.012160,0.000000,0.910900,-18.908664,6.159414,-2.126982,20.000000
1.764000,7,"LINK_TORSO_YAW",1.636000,0.200000,0.128000,-20.000000,0.000000,0.000000,20.000000,0.000000,0.000000,0.000000,0.000000,0.012160,0.000000,0.910900,-18.905028,6.169303,-2.130635,20.000000
1.765000,7,"LINK_TORSO_YAW",1.636000,0.200000,0.129000,-20.000000,0.000000,0.000000,20.000000,0.000000,0.000000,0.000000,0.000000,0.012160,0.000000,0.910900,-18.901359,6.179116,-2.134746,20.000000
1.766000,7,"LINK_TORSO_YAW",1.636000,0.200000,0.130000,-20.000000,0.000000,0.000000,20.000000,0.000000,0.000000,0.000000,0.000000,0.012160,0.000000,0.910900,-18.897797,6.188727,-2.138439,20.000000
1.767000,7,"LINK_TORSO_YAW",1.636000,0.200000,0.131000,-20.000000,0.000000,0.000000,20.000000,0.000000,0.000000,0.000000,0.000000,0.012160,0.000000,0.910900,-18.894262,6.198255,-2.142077,20.000000
1.768000,7,"LINK_TORSO_YAW",1.636000,0.200000,0.132000,-20.000000,0.000000,0.000000,20.000000,0.000000,0.000000,0.000000,0.000000,0.012160,0.000000,0.910900,-18.890798,6.207652,-2.145412,20.000000
1.769000,7,"LINK_TORSO_YAW",1.636000,0.200000,0.133000,-20.000000,0.000000,0.000000,20.000000,0.000000,0.000000,0.000000,0.000000,0.012160,0.000000,0.910900,-18.887358,6.216939,-2.148808,20.000000
1.770000,7,"LINK_TORSO_YAW",1.636000,0.200000,0.134000,-20.000000,0.000000,0.000000,20.000000,0.000000,0.000000,0.000000,0.000000,0.012160,0.000000,0.910900,-18.883924,6.226153,-2.152308,20.000000
1.772000,7,"LINK_TORSO_YAW",1.636000,0.200000,0.136000,-20.000000,0.000000,0.000000,20.000000,0.000000,0.000000,0.000000,0.000000,0.012160,0.000000,0.910900,-18.877167,6.244253,-2.159135,20.000000
1.773000,7,"LINK_TORSO_YAW",1.636000,0.200000,0.137000,-20.000000,0.000000,0.000000,20.000000,0.000000,0.000000,0.000000,0.000000,0.012160,0.000000,0.910900,-18.873823,6.253182,-2.162523,20.000000
1.774000,7,"LINK_TORSO_YAW",1.636000,0.200000,0.138000,-20.000000,0.000000,0.000000,20.000000,0.000000,0.000000,0.000000,0.000000,0.012160,0.000000,0.910900,-18.870465,6.262012,-2.166282,20.000000
1.775000,7,"LINK_TORSO_YAW",1.636000,0.200000,0.139000,-20.000000,0.000000,0.000000,20.000000,0.000000,0.000000,0.000000,0.000000,0.012160,0.000000,0.910900,-18.867087,6.270737,-2.170458,20.000000
1.776000,7,"LINK_TORSO_YAW",1.636000,0.200000,0.140000,-20.000000,0.000000,0.000000,20.000000,0.000000,0.000000,0.000000,0.000000,0.012160,0.000000,0.910900,-18.863686,6.279355,-2.175094,20.000000
1.777000,7,"LINK_TORSO_YAW",1.636000,0.200000,0.141000,-20.000000,0.000000,0.000000,20.000000,0.000000,0.000000,0.000000,0.000000,0.012160,0.000000,0.910900,-18.860281,6.287974,-2.179722,20.000000
1.778000,7,"LINK_TORSO_YAW",1.636000,0.200000,0.142000,-20.000000,0.000000,0.000000,20.000000,0.000000,0.000000,0.000000,0.000000,0.012160,0.000000,0.910900,-18.856925,6.296453,-2.184273,20.000000
1.779000,7,"LINK_TORSO_YAW",1.636000,0.200000,0.143000,-20.000000,0.000000,0.000000,20.000000,0.000000,0.000000,0.000000,0.000000,0.012160,0.000000,0.910900,-18.853615,6.304790,-2.188797,20.000000
1.780000,7,"LINK_TORSO_YAW",1.636000,0.200000,0.144000,-20.000000,0.000000,0.000000,20.000000,0.000000,0.000000,0.000000,0.000000,0.012160,0.000000,0.910900,-18.850346,6.312980,-2.193341,20.000000
1.781000,7,"LINK_TORSO_YAW",1.636000,0.200000,0.145000,-20.000000,0.000000,0.000000,20.000000,0.000000,0.000000,0.000000,0.000000,0.012160,0.000000,0.910900,-18.847114,6.321021,-2.197952,20.000000
1.782000,7,"LINK_TORSO_YAW",1.636000,0.200000,0.146000,-20.000000,0.000000,0.000000,20.000000,0.000000,0.000000,0.000000,0.000000,0.012160,0.000000,0.910900,-18.843859,6.329092,-2.202625,20.000000
1.783000,7,"LINK_TORSO_YAW",1.636000,0.200000,0.147000,-20.000000,0.000000,0.000000,20.000000,0.000000,0.000000,0.000000,0.000000,0.012160,0.000000,0.910900,-18.840691,6.337070,-2.206782,20.000000
1.784000,7,"LINK_TORSO_YAW",1.636000,0.200000,0.148000,-20.000000,0.000000,0.000000,20.000000,0.000000,0.000000,0.000000,0.000000,0.012160,0.000000,0.910900,-18.837650,6.344587,-2.211143,20.000000
1.785000,7,"LINK_TORSO_YAW",1.636000,0.200000,0.149000,-20.000000,0.000000,0.000000,20.000000,0.000000,0.000000,0.000000,0.000000,0.012160,0.000000,0.910900,-18.834617,6.351966,-2.215793,20.000000
1.786000,7,"LINK_TORSO_YAW",1.636000,0.200000,0.150000,-20.000000,0.000000,0.000000,20.000000,0.000000,0.000000,0.000000,0.000000,0.012160,0.000000,0.910900,-18.831552,6.359309,-2.220772,20.000000
1.787000,7,"LINK_TORSO_YAW",1.636000,0.200000,0.151000,-20.000000,0.000000,0.000000,20.000000,0.000000,0.000000,0.000000,0.000000,0.012160,0.000000,0.910900,-18.828488,6.366506,-2.226125,20.000000
1.788000,7,"LINK_TORSO_YAW",1.636000,0.200000,0.152000,-20.000000,0.000000,0.000000,20.000000,0.000000,0.000000,0.000000,0.000000,0.012160,0.000000,0.910900,-18.825421,6.373553,-2.231897,20.000000
1.789000,7,"LINK_TORSO_YAW",1.636000,0.200000,0.153000,-20.000000,0.000000,0.000000,20.000000,0.000000,0.000000,0.000000,0.000000,0.012160,0.000000,0.910900,-18.822527,6.380382,-2.236783,20.000000
1.790000,7,"LINK_TORSO_YAW",1.636000,0.200000,0.154000,-20.000000,0.000000,0.000000,20.000000,0.000000,0.000000,0.000000,0.000000,0.012160,0.000000,0.910900,-18.819702,6.387020,-2.241602,20.000000
1.791000,7,"LINK_TORSO_YAW",1.636000,0.200000,0.155000,-20.000000,0.000000,0.000000,20.000000,0.000000,0.000000,0.000000,0.000000,0.012160,0.000000,0.910900,-18.816872,6.393680,-2.246375,20.000000
1.792000,7,"LINK_TORSO_YAW",1.636000,0.200000,0.156000,-20.000000,0.000000,0.000000,20.000000,0.000000,0.000000,0.000000,0.000000,0.012160,0.000000,0.910900,-18.814100,6.400154,-2.251148,20.000000
1.793000,7,"LINK_TORSO_YAW",1.636000,0.200000,0.157000,-20.000000,0.000000,0.000000,20.000000,0.000000,0.000000,0.000000,0.000000,0.012160,0.000000,0.910900,-18.811383,6.406441,-2.255968,20.000000
1.794000,7,"LINK_TORSO_YAW",1.636000,0.200000,0.158000,-20.000000,0.000000,0.000000,20.000000,0.000000,0.000000,0.000000,0.000000,0.012160,0.000000,0.910900,-18.808669,6.412690,-2.260838,20.000000
1.795000,7,"LINK_TORSO_YAW",1.636000,0.200000,0.159000,-20.000000,0.000000,0.000000,20.000000,0.000000,0.000000,0.000000,0.000000,0.012160,0.000000,0.910900,-18.805952,6.418905,-2.265797,20.000000
1.796000,7,"LINK_TORSO_YAW",1.636000,0.200000,0.160000,-20.000000,0.000000,0.000000,20.000000,0.000000,0.000000,0.000000,0.000000,0.012160,0.000000,0.910900,-18.803274,6.424932,-2.270934,20.000000
1.797000,7,"LINK_TORSO_YAW",1.636000,0.200000,0.161000,-20.000000,0.000000,0.000000,20.000000,0.000000,0.000000,0.000000,0.000000,0.012160,0.000000,0.910900,-18.800569,6.430949,-2.276296,20.000000
1.798000,7,"LINK_TORSO_YAW",1.636000,0.200000,0.162000,-20.000000,0.000000,0.000000,20.000000,0.000000,0.000000,0.000000,0.000000,0.012160,0.000000,0.910900,-18.797985,6.436799,-2.281091,20.000000
1.799000,7,"LINK_TORSO_YAW",1.636000,0.200000,0.163000,-20.000000,0.000000,0.000000,20.000000,0.000000,0.000000,0.000000,0.000000,0.012160,0.000000,0.910900,-18.795415,6.442471,-2.286250,20.000000
1.800000,7,"LINK_TORSO_YAW",1.636000,0.200000,0.164000,-20.000000,0.000000,0.000000,20.000000,0.000000,0.000000,0.000000,0.000000,0.012160,0.000000,0.910900,-18.792941,6.447928,-2.291203,20.000000
1.801000,7,"LINK_TORSO_YAW",1.636000,0.200000,0.165000,-20.000000,0.000000,0.000000,20.000000,0.000000,0.000000,0.000000,0.000000,0.012160,0.000000,0.910900,-18.790514,6.453306,-2.295961,20.000000
1.802000,7,"LINK_TORSO_YAW",1.636000,0.200000,0.166000,-20.000000,0.000000,0.000000,20.000000,0.000000,0.000000,0.000000,0.000000,0.012160,0.000000,0.910900,-18.788127,6.458611,-2.300571,20.000000
1.803000,7,"LINK_TORSO_YAW",1.636000,0.200000,0.167000,-20.000000,0.000000,0.000000,20.000000,0.000000,0.000000,0.000000,0.000000,0.012160,0.000000,0.910900,-18.785710,6.464020,-2.305114,20.000000
1.804000,7,"LINK_TORSO_YAW",1.636000,0.200000,0.168000,-20.000000,0.000000,0.000000,20.000000,0.000000,0.000000,0.000000,0.000000,0.012160,0.000000,0.910900,-18.783358,6.469234,-2.309648,20.000000
1.805000,7,"LINK_TORSO_YAW",1.636000,0.200000,0.169000,-20.000000,0.000000,0.000000,20.000000,0.000000,0.000000,0.000000,0.000000,0.012160,0.000000,0.910900,-18.781044,6.474309,-2.314235,20.000000
1.806000,7,"LINK_TORSO_YAW",1.636000,0.200000,0.170000,-20.000000,0.000000,0.000000,20.000000,0.000000,0.000000,0.000000,0.000000,0.012160,0.000000,0.910900,-18.778766,6.479239,-2.318924,20.000000
1.807000,7,"LINK_TORSO_YAW",1.636000,0.200000,0.171000,-20.000000,0.000000,0.000000,20.000000,0.000000,0.000000,0.000000,0.000000,0.012160,0.000000,0.910900,-18.776519,6.484016,-2.323762,20.000000
1.808000,7,"LINK_TORSO_YAW",1.636000,0.200000,0.172000,-20.000000,0.000000,0.000000,20.000000,0.000000,0.000000,0.000000,0.000000,0.012160,0.000000,0.910900,-18.774296,6.488644,-2.328799,20.000000
1.809000,7,"LINK_TORSO_YAW",1.636000,0.200000,0.173000,-20.000000,0.000000,0.000000,20.000000,0.000000,0.000000,0.000000,0.000000,0.012160,0.000000,0.910900,-18.772068,6.493204,-2.334048,20.000000
1.810000,7,"LINK_TORSO_YAW",1.636000,0.200000,0.174000,-20.000000,0.000000,0.000000,20.000000,0.000000,0.000000,0.000000,0.000000,0.012160,0.000000,0.910900,-18.769819,6.497723,-2.339550,20.000000
1.811000,7,"LINK_TORSO_YAW",1.636000,0.200000,0.175000,-20.000000,0.000000,0.000000,20.000000,0.000000,0.000000,0.000000,0.000000,0.012160,0.000000,0.910900,-18.767634,6.502166,-2.344729,20.000000
1.812000,7,"LINK_TORSO_YAW",1.636000,0.200000,0.176000,-20.000000,0.000000,0.000000,20.000000,0.000000,0.000000,0.000000,0.000000,0.012160,0.000000,0.910900,-18.765550,6.506791,-2.348574,20.000000
1.813000,7,"LINK_TORSO_YAW",1.636000,0.200000,0.177000,-20.000000,0.000000,0.000000,20.000000,0.000000,0.000000,0.000000,0.000000,0.012160,0.000000,0.910900,-18.763534,6.511268,-2.352270,20.000000
1.814000,7,"LINK_TORSO_YAW",1.636000,0.200000,0.178000,-20.000000,0.000000,0.000000,20.000000,0.000000,0.000000,0.000000,0.000000,0.012160,0.000000,0.910900,-18.761582,6.515578,-2.355901,20.000000
1.815000,7,"LINK_TORSO_YAW",1.636000,0.200000,0.179000,-20.000000,0.000000,0.000000,20.000000,0.000000,0.000000,0.000000,0.000000,0.012160,0.000000,0.910900,-18.759688,6.519740,-2.359472,20.000000
1.816000,7,"LINK_TORSO_YAW",1.636000,0.200000,0.180000,-20.000000,0.000000,0.000000,20.000000,0.000000,0.000000,0.000000,0.000000,0.012160,0.000000,0.910900,-18.757845,6.523750,-2.363036,20.000000
1.817000,7,"LINK_TORSO_YAW",1.636000,0.200000,0.181000,-20.000000,0.000000,0.000000,20.000000,0.000000,0.000000,0.000000,0.000000,0.012160,0.000000,0.910900,-18.756033,6.527660,-2.366623,20.000000
1.818000,7,"LINK_TORSO_YAW",1.636000,0.200000,0.182000,-20.000000,0.000000,0.000000,20.000000,0.000000,0.000000,0.000000,0.000000,0.012160,0.000000,0.910900,-18.754228,6.531506,-2.370308,20.000000
1.819000,7,"LINK_TORSO_YAW",1.636000,0.200000,0.183000,-20.000000,0.000000,0.000000,20.000000,0.000000,0.000000,0.000000,0.000000,0.012160,0.000000,0.910900,-18.752428,6.535276,-2.374158,20.000000
1.820000,7,"LINK_TORSO_YAW",1.636000,0.200000,0.184000,-20.000000,0.000000,0.000000,20.000000,0.000000,0.000000,0.000000,0.000000,0.012160,0.000000,0.910900,-18.750797,6.538431,-2.378344,20.000000
1.821000,7,"LINK_TORSO_YAW",1.636000,0.200000,0.185000,-20.000000,0.000000,0.000000,20.000000,0.000000,0.000000,0.000000,0.000000,0.012160,0.000000,0.910900,-18.749156,6.541526,-2.382772,20.000000
1.822000,7,"LINK_TORSO_YAW",1.636000,0.200000,0.186000,-20.000000,0.000000,0.000000,20.000000,0.000000,0.000000,0.000000,0.000000,0.012160,0.000000,0.910900,-18.747603,6.544477,-2.386881,20.000000
1.823000,7,"LINK_TORSO_YAW",1.636000,0.200000,0.187000,-20.000000,0.000000,0.000000,20.000000,0.000000,0.000000,0.000000,0.000000,0.012160,0.000000,0.910900,-18.746123,6.547315,-2.390716,20.000000
1.824000,7,"LINK_TORSO_YAW",1.636000,0.200000,0.188000,-20.000000,0.000000,0.000000,20.000000,0.000000,0.000000,0.000000,0.000000,0.012160,0.000000,0.910900,-18.744704,6.550058,-2.394330,20.000000
1.825000,7,"LINK_TORSO_YAW",1.636000,0.200000,0.189000,-20.000000,0.000000,0.000000,20.000000,0.000000,0.000000,0.000000,0.000000,0.012160,0.000000,0.910900,-18.743325,6.552754,-2.397743,20.000000
1.826000,7,"LINK_TORSO_YAW",1.636000,0.200000,0.190000,-20.000000,0.000000,0.000000,20.000000,0.000000,0.000000,0.000000,0.000000,0.012160,0.000000,0.910900,-18.741860,6.555755,-2.400995,20.000000
1.827000,7,"LINK_TORSO_YAW",1.636000,0.200000,0.191000,-20.000000,0.000000,0.000000,20.000000,0.000000,0.000000,0.000000,0.000000,0.012160,0.000000,0.910900,-18.740434,6.558678,-2.404137,20.000000
1.828000,7,"LINK_TORSO_YAW",1.636000,0.200000,0.192000,-20.000000,0.000000,0.000000,20.000000,0.000000,0.000000,0.000000,0.000000,0.012160,0.000000,0.910900,-18.739034,6.561548,-2.407218,20.000000
1.829000,7,"LINK_TORSO_YAW",1.636000,0.200000,0.193000,-20.000000,0.000000,0.000000,20.000000,0.000000,0.000000,0.000000,0.000000,0.012160,0.000000,0.910900,-18.737644,6.564388,-2.410290,20.000000
1.830000,7,"LINK_TORSO_YAW",1.636000,0.200000,0.194000,-20.000000,0.000000,0.000000,20.000000,0.000000,0.000000,0.000000,0.000000,0.012160,0.000000,0.910900,-18.736251,6.567222,-2.413399,20.000000
1.831000,7,"LINK_TORSO_YAW",1.636000,0.200000,0.195000,-20.000000,0.000000,0.000000,20.000000,0.000000,0.000000,0.000000,0.000000,0.012160,0.000000,0.910900,-18.734845,6.570058,-2.416596,20.000000
1.832000,7,"LINK_TORSO_YAW",1.636000,0.200000,0.196000,-20.000000,0.000000,0.000000,20.000000,0.000000,0.000000,0.000000,0.000000,0.012160,0.000000,0.910900,-18.733403,6.572940,-2.419929,20.000000
1.833000,7,"LINK_TORSO_YAW",1.636000,0.200000,0.197000,-20.000000,0.000000,0.000000,20.000000,0.000000,0.000000,0.000000,0.000000,0.012160,0.000000,0.910900,-18.731922,6.575869,-2.423441,20.000000
1.834000,7,"LINK_TORSO_YAW",1.636000,0.200000,0.198000,-20.000000,0.000000,0.000000,20.000000,0.000000,0.000000,0.000000,0.000000,0.012160,0.000000,0.910900,-18.730513,6.578750,-2.426505,20.000000
1.835000,7,"LINK_TORSO_YAW",1.636000,0.200000,0.199000,-20.000000,0.000000,0.000000,20.000000,0.000000,0.000000,0.000000,0.000000,0.012160,0.000000,0.910900,-18.729165,6.581602,-2.429175,20.000000
1.836000,7,"LINK_TORSO_YAW",1.636000,0.200000,0.200000,-20.000000,0.000000,0.000000,20.000000,0.000000,0.000000,0.000000,0.000000,0.012160,0.000000,0.910900,-18.727865,6.584442,-2.431505,20.000000
1.837000,7,"LINK_TORSO_YAW",1.636000,0.200000,0.201000,-20.000000,0.000000,0.000000,20.000000,0.000000,0.000000,0.000000,0.000000,0.012160,0.000000,0.910900,-18.726599,6.587285,-2.433549,20.000000
1.838000,8,"LINK_TORSO_YAW",1.837000,0.200000,0.001000,-20.000000,0.000000,0.000000,20.000000,0.000000,0.000000,0.000000,0.000000,0.012160,0.000000,0.910900,-18.725355,6.590151,-2.435359,20.000000
1.839000,8,"LINK_TORSO_YAW",1.837000,0.200000,0.002000,-20.000000,0.000000,0.000000,20.000000,0.000000,0.000000,0.000000,0.000000,0.012160,0.000000,0.910900,-18.724115,6.593105,-2.436905,20.000000
1.840000,8,"LINK_TORSO_YAW",1.837000,0.200000,0.003000,-20.000000,0.000000,0.000000,20.000000,0.000000,0.000000,0.000000,0.000000,0.012160,0.000000,0.910900,-18.722866,6.596155,-2.438239,20.000000
1.841000,8,"LINK_TORSO_YAW",1.837000,0.200000,0.004000,-20.000000,0.000000,0.000000,20.000000,0.000000,0.000000,0.000000,0.000000,0.012160,0.000000,0.910900,-18.721604,6.599302,-2.439415,20.000000
1.842000,8,"LINK_TORSO_YAW",1.837000,0.200000,0.005000,-20.000000,0.000000,0.000000,20.000000,0.000000,0.000000,0.000000,0.000000,0.012160,0.000000,0.910900,-18.720321,6.602546,-2.440483,20.000000
1.843000,8,"LINK_TORSO_YAW",1.837000,0.200000,0.006000,-20.000000,0.000000,0.000000,20.000000,0.000000,0.000000,0.000000,0.000000,0.012160,0.000000,0.910900,-18.719010,6.605888,-2.441497,20.000000
1.844000,8,"LINK_TORSO_YAW",1.837000,0.200000,0.007000,-20.000000,0.000000,0.000000,20.000000,0.000000,0.000000,0.000000,0.000000,0.012160,0.000000,0.910900,-18.717663,6.609330,-2.442507,20.000000
1.845000,8,"LINK_TORSO_YAW",1.837000,0.200000,0.008000,-20.000000,0.000000,0.000000,20.000000,0.000000,0.000000,0.000000,0.000000,0.012160,0.000000,0.910900,-18.716274,6.612873,-2.443566,20.000000
1.846000,8,"LINK_TORSO_YAW",1.837000,0.200000,0.009000,-20.000000,0.000000,0.000000,20.000000,0.000000,0.000000,0.000000,0.000000,0.012160,0.000000,0.910900,-18.714925,6.616554,-2.443928,20.000000
1.847000,8,"LINK_TORSO_YAW",1.837000,0.200000,0.010000,-20.000000,0.000000,0.000000,20.000000,0.000000,0.000000,0.000000,0.000000,0.012160,0.000000,0.910900,-18.713608,6.620378,-2.443655,20.000000
1.848000,8,"LINK_TORSO_YAW",1.837000,0.200000,0.011000,-20.000000,0.000000,0.000000,20.000000,0.000000,0.000000,0.000000,0.000000,0.012160,0.000000,0.910900,-18.712312,6.624354,-2.442810,20.000000
1.849000,8,"LINK_TORSO_YAW",1.837000,0.200000,0.012000,-20.000000,0.000000,0.000000,20.000000,0.000000,0.000000,0.000000,0.000000,0.012160,0.000000,0.910900,-18.711026,6.628484,-2.441454,20.000000
1.850000,8,"LINK_TORSO_YAW",1.837000,0.200000,0.013000,-20.000000,0.000000,0.000000,20.000000,0.000000,0.000000,0.000000,0.000000,0.012160,0.000000,0.910900,-18.709330,6.632536,-2.443446,20.000000
1.851000,8,"LINK_TORSO_YAW",1.837000,0.200000,0.014000,-20.000000,0.000000,0.000000,20.000000,0.000000,0.000000,0.000000,0.000000,0.012160,0.000000,0.910900,-18.707578,6.636332,-2.446551,20.000000
1.852000,8,"LINK_TORSO_YAW",1.837000,0.200000,0.015000,-20.000000,0.000000,0.000000,20.000000,0.000000,0.000000,0.000000,0.000000,0.012160,0.000000,0.910900,-18.706188,6.639760,-2.447877,20.000000
1.853000,8,"LINK_TORSO_YAW",1.837000,0.200000,0.016000,-20.000000,0.000000,0.000000,20.000000,0.000000,0.000000,0.000000,0.000000,0.012160,0.000000,0.910900,-18.704701,6.643235,-2.449812,20.000000
1.854000,8,"LINK_TORSO_YAW",1.837000,0.200000,0.017000,-20.000000,0.000000,0.000000,20.000000,0.000000,0.000000,0.000000,0.000000,0.012160,0.000000,0.910900,-18.703183,6.647011,-2.451156,20.000000
1.855000,8,"LINK_TORSO_YAW",1.837000,0.200000,0.018000,-20.000000,0.000000,0.000000,20.000000,0.000000,0.000000,0.000000,0.000000,0.012160,0.000000,0.910900,-18.701629,6.651078,-2.451989,20.000000
1.856000,8,"LINK_TORSO_YAW",1.837000,0.200000,0.019000,-20.000000,0.000000,0.000000,20.000000,0.000000,0.000000,0.000000,0.000000,0.012160,0.000000,0.910900,-18.700146,6.655308,-2.451822,20.000000
1.857000,8,"LINK_TORSO_YAW",1.837000,0.200000,0.020000,-20.000000,0.000000,0.000000,20.000000,0.000000,0.000000,0.000000,0.000000,0.012160,0.000000,0.910900,-18.698725,6.659697,-2.450737,20.000000
1.858000,8,"LINK_TORSO_YAW",1.837000,0.200000,0.021000,-20.000000,0.000000,0.000000,20.000000,0.000000,0.000000,0.000000,0.000000,0.012160,0.000000,0.910900,-18.696994,6.664158,-2.451817,20.000000
1.859000,8,"LINK_TORSO_YAW",1.837000,0.200000,0.022000,-20.000000,0.000000,0.000000,20.000000,0.000000,0.000000,0.000000,0.000000,0.012160,0.000000,0.910900,-18.695341,6.668804,-2.451789,20.000000
1.860000,8,"LINK_TORSO_YAW",1.837000,0.200000,0.023000,-20.000000,0.000000,0.000000,20.000000,0.000000,0.000000,0.000000,0.000000,0.012160,0.000000,0.910900,-18.693758,6.673618,-2.450764,20.000000
1.861000,8,"LINK_TORSO_YAW",1.837000,0.200000,0.024000,-20.000000,0.000000,0.000000,20.000000,0.000000,0.000000,0.000000,0.000000,0.012160,0.000000,0.910900,-18.692063,6.677894,-2.452041,20.000000
1.862000,8,"LINK_TORSO_YAW",1.837000,0.200000,0.025000,-20.000000,0.000000,0.000000,20.000000,0.000000,0.000000,0.000000,0.000000,0.012160,0.000000,0.910900,-18.690464,6.682223,-2.452435,20.000000
1.863000,8,"LINK_TORSO_YAW",1.837000,0.200000,0.026000,-20.000000,0.000000,0.000000,20.000000,0.000000,0.000000,0.000000,0.000000,0.012160,0.000000,0.910900,-18.688907,6.686730,-2.452015,20.000000
1.864000,8,"LINK_TORSO_YAW",1.837000,0.200000,0.027000,-20.000000,0.000000,0.000000,20.000000,0.000000,0.000000,0.000000,0.000000,0.012160,0.000000,0.910900,-18.687388,6.691388,-2.450885,20.000000
1.865000,8,"LINK_TORSO_YAW",1.837000,0.200000,0.028000,-20.000000,0.000000,0.000000,20.000000,0.000000,0.000000,0.000000,0.000000,0.012160,0.000000,0.910900,-18.685721,6.695273,-2.452989,20.000000
1.866000,8,"LINK_TORSO_YAW",1.837000,0.200000,0.029000,-20.000000,0.000000,0.000000,20.000000,0.000000,0.000000,0.000000,0.000000,0.012160,0.000000,0.910900,-18.684087,6.699308,-2.454422,20.000000
1.867000,8,"LINK_TORSO_YAW",1.837000,0.200000,0.030000,-20.000000,0.000000,0.000000,20.000000,0.000000,0.000000,0.000000,0.000000,0.012160,0.000000,0.910900,-18.682541,6.703345,-2.455162,20.000000
1.868000,8,"LINK_TORSO_YAW",1.837000,0.200000,0.031000,-20.000000,0.000000,0.000000,20.000000,0.000000,0.000000,0.000000,0.000000,0.012160,0.000000,0.910900,-18.681180,6.707321,-2.454662,20.000000
1.869000,8,"LINK_TORSO_YAW",1.837000,0.200000,0.032000,-20.000000,0.000000,0.000000,20.000000,0.000000,0.000000,0.000000,0.000000,0.012160,0.000000,0.910900,-18.679803,6.710288,-2.457028,20.000000
1.871000,8,"LINK_TORSO_YAW",1.837000,0.200000,0.034000,-20.000000,0.000000,0.000000,20.000000,0.000000,0.000000,0.000000,0.000000,0.012160,0.000000,0.910900,-18.677692,6.715567,-2.458653,20.000000
1.872000,8,"LINK_TORSO_YAW",1.837000,0.200000,0.035000,-20.000000,0.000000,0.000000,20.000000,0.000000,0.000000,0.000000,0.000000,0.012160,0.000000,0.910900,-18.676944,6.717835,-2.458140,20.000000
1.874000,8,"LINK_TORSO_YAW",1.837000,0.200000,0.037000,-20.000000,0.000000,0.000000,20.000000,0.000000,0.000000,0.000000,0.000000,0.012160,0.000000,0.910900,-18.676026,6.721496,-2.455106,20.000000
1.875000,8,"LINK_TORSO_YAW",1.837000,0.200000,0.038000,-20.000000,0.000000,0.000000,20.000000,0.000000,0.000000,0.000000,0.000000,0.012160,0.000000,0.910900,-18.675729,6.721450,-2.457488,20.000000
1.876000,8,"LINK_TORSO_YAW",1.837000,0.200000,0.039000,-20.000000,0.000000,0.000000,20.000000,0.000000,0.000000,0.000000,0.000000,0.012160,0.000000,0.910900,-18.675193,6.722320,-2.459186,20.000000
1.877000,8,"LINK_TORSO_YAW",1.837000,0.200000,0.040000,-20.000000,0.000000,0.000000,20.000000,0.000000,0.000000,0.000000,0.000000,0.012160,0.000000,0.910900,-18.674826,6.722919,-2.460332,20.000000
1.881000,8,"LINK_TORSO_YAW",1.837000,0.200000,0.044000,-20.000000,0.000000,0.000000,20.000000,0.000000,0.000000,0.000000,0.000000,0.012160,0.000000,0.910900,-18.675409,6.720838,-2.461596,20.000000
1.882000,8,"LINK_TORSO_YAW",1.837000,0.200000,0.045000,-20.000000,0.000000,0.000000,20.000000,0.000000,0.000000,0.000000,0.000000,0.012160,0.000000,0.910900,-18.676137,6.718959,-2.461202,20.000000
1.883000,8,"LINK_TORSO_YAW",1.837000,0.200000,0.046000,-20.000000,0.000000,0.000000,20.000000,0.000000,0.000000,0.000000,0.000000,0.012160,0.000000,0.910900,-18.676984,6.715055,-2.465425,20.000000
1.884000,8,"LINK_TORSO_YAW",1.837000,0.200000,0.047000,-20.000000,0.000000,0.000000,20.000000,0.000000,0.000000,0.000000,0.000000,0.012160,0.000000,0.910900,-18.678052,6.710557,-2.469572,20.000000
1.885000,8,"LINK_TORSO_YAW",1.837000,0.200000,0.048000,-20.000000,0.000000,0.000000,20.000000,0.000000,0.000000,0.000000,0.000000,0.012160,0.000000,0.910900,-18.679341,6.705439,-2.473721,20.000000
1.886000,8,"LINK_TORSO_YAW",1.837000,0.200000,0.049000,-20.000000,0.000000,0.000000,20.000000,0.000000,0.000000,0.000000,0.000000,0.012160,0.000000,0.910900,-18.680791,6.700023,-2.477447,20.000000
1.887000,8,"LINK_TORSO_YAW",1.837000,0.200000,0.050000,-20.000000,0.000000,0.000000,20.000000,0.000000,0.000000,0.000000,0.000000,0.012160,0.000000,0.910900,-18.682263,6.694541,-2.481164,20.000000
1.888000,8,"LINK_TORSO_YAW",1.837000,0.200000,0.051000,-20.000000,0.000000,0.000000,20.000000,0.000000,0.000000,0.000000,0.000000,0.012160,0.000000,0.910900,-18.683777,6.688756,-2.485361,20.000000
1.889000,8,"LINK_TORSO_YAW",1.837000,0.200000,0.052000,-20.000000,0.000000,0.000000,20.000000,0.000000,0.000000,0.000000,0.000000,0.012160,0.000000,0.910900,-18.685339,6.682632,-2.490085,20.000000
1.890000,8,"LINK_TORSO_YAW",1.837000,0.200000,0.053000,-20.000000,0.000000,0.000000,20.000000,0.000000,0.000000,0.000000,0.000000,0.012160,0.000000,0.910900,-18.686954,6.676139,-2.495382,20.000000
1.891000,8,"LINK_TORSO_YAW",1.837000,0.200000,0.054000,-20.000000,0.000000,0.000000,20.000000,0.000000,0.000000,0.000000,0.000000,0.012160,0.000000,0.910900,-18.688622,6.669253,-2.501296,20.000000
1.892000,8,"LINK_TORSO_YAW",1.837000,0.200000,0.055000,-20.000000,0.000000,0.000000,20.000000,0.000000,0.000000,0.000000,0.000000,0.012160,0.000000,0.910900,-18.690443,6.661928,-2.507200,20.000000
1.893000,8,"LINK_TORSO_YAW",1.837000,0.200000,0.056000,-20.000000,0.000000,0.000000,20.000000,0.000000,0.000000,0.000000,0.000000,0.012160,0.000000,0.910900,-18.692418,6.654142,-2.513143,20.000000
1.894000,8,"LINK_TORSO_YAW",1.837000,0.200000,0.057000,-20.000000,0.000000,0.000000,20.000000,0.000000,0.000000,0.000000,0.000000,0.012160,0.000000,0.910900,-18.694174,6.646337,-2.520725,20.000000
1.895000,8,"LINK_TORSO_YAW",1.837000,0.200000,0.058000,-20.000000,0.000000,0.000000,20.000000,0.000000,0.000000,0.000000,0.000000,0.012160,0.000000,0.910900,-18.695672,6.638635,-2.529892,20.000000
1.896000,8,"LINK_TORSO_YAW",1.837000,0.200000,0.059000,-20.000000,0.000000,0.000000,20.000000,0.000000,0.000000,0.000000,0.000000,0.012160,0.000000,0.910900,-18.696834,6.631129,-2.540972,20.000000
1.897000,8,"LINK_TORSO_YAW",1.837000,0.200000,0.060000,-20.000000,0.000000,0.000000,20.000000,0.000000,0.000000,0.000000,0.000000,0.012160,0.000000,0.910900,-18.697647,6.623819,-2.554018,20.000000
1.898000,8,"LINK_TORSO_YAW",1.837000,0.200000,0.061000,-20.000000,0.000000,0.000000,20.000000,0.000000,0.000000,0.000000,0.000000,0.012160,0.000000,0.910900,-18.698111,6.616694,-2.569045,20.000000
1.899000,8,"LINK_TORSO_YAW",1.837000,0.200000,0.062000,-20.000000,0.000000,0.000000,20.000000,0.000000,0.000000,0.000000,0.000000,0.012160,0.000000,0.910900,-18.698226,6.609741,-2.586055,20.000000
1.900000,8,"LINK_TORSO_YAW",1.837000,0.200000,0.063000,-20.000000,0.000000,0.000000,20.000000,0.000000,0.000000,0.000000,0.000000,0.012160,0.000000,0.910900,-18.697990,6.602948,-2.605043,20.000000
1.901000,8,"LINK_TORSO_YAW",1.837000,0.200000,0.064000,-20.000000,0.000000,0.000000,20.000000,0.000000,0.000000,0.000000,0.000000,0.012160,0.000000,0.910900,-18.697460,6.596251,-2.625728,20.000000
1.902000,8,"LINK_TORSO_YAW",1.837000,0.200000,0.065000,-20.000000,0.000000,0.000000,20.000000,0.000000,0.000000,0.000000,0.000000,0.012160,0.000000,0.910900,-18.697175,6.588031,-2.648299,20.000000
1.903000,8,"LINK_TORSO_YAW",1.837000,0.200000,0.066000,-20.000000,0.000000,0.000000,20.000000,0.000000,0.000000,0.000000,0.000000,0.012160,0.000000,0.910900,-18.696690,6.579861,-2.671933,20.000000
1.904000,8,"LINK_TORSO_YAW",1.837000,0.200000,0.067000,-20.000000,0.000000,0.000000,20.000000,0.000000,0.000000,0.000000,0.000000,0.012160,0.000000,0.910900,-18.696001,6.571742,-2.696621,20.000000
1.905000,8,"LINK_TORSO_YAW",1.837000,0.200000,0.068000,-20.000000,0.000000,0.000000,20.000000,0.000000,0.000000,0.000000,0.000000,0.012160,0.000000,0.910900,-18.695106,6.563673,-2.722355,20.000000
1.906000,8,"LINK_TORSO_YAW",1.837000,0.200000,0.069000,-20.000000,0.000000,0.000000,20.000000,0.000000,0.000000,0.000000,0.000000,0.012160,0.000000,0.910900,-18.694002,6.555655,-2.749120,20.000000
1.907000,8,"LINK_TORSO_YAW",1.837000,0.200000,0.070000,-20.000000,0.000000,0.000000,20.000000,0.000000,0.000000,0.000000,0.000000,0.012160,0.000000,0.910900,-18.692687,6.547690,-2.776904,20.000000
1.908000,8,"LINK_TORSO_YAW",1.837000,0.200000,0.071000,-20.000000,0.000000,0.000000,20.000000,0.000000,0.000000,0.000000,0.000000,0.012160,0.000000,0.910900,-18.691254,6.539690,-2.805262,20.000000
1.909000,8,"LINK_TORSO_YAW",1.837000,0.200000,0.072000,-20.000000,0.000000,0.000000,20.000000,0.000000,0.000000,0.000000,0.000000,0.012160,0.000000,0.910900,-18.689696,6.531659,-2.834200,20.000000
1.910000,8,"LINK_TORSO_YAW",1.837000,0.200000,0.073000,-20.000000,0.000000,0.000000,20.000000,0.000000,0.000000,0.000000,0.000000,0.012160,0.000000,0.910900,-18.688009,6.523603,-2.863725,20.000000
1.911000,8,"LINK_TORSO_YAW",1.837000,0.200000,0.074000,-20.000000,0.000000,0.000000,20.000000,0.000000,0.000000,0.000000,0.000000,0.012160,0.000000,0.910900,-18.686186,6.515529,-2.893843,20.000000
1.912000,8,"LINK_TORSO_YAW",1.837000,0.200000,0.075000,-20.000000,0.000000,0.000000,20.000000,0.000000,0.000000,0.000000,0.000000,0.012160,0.000000,0.910900,-18.684221,6.507445,-2.924559,20.000000
1.913000,8,"LINK_TORSO_YAW",1.837000,0.200000,0.076000,-20.000000,0.000000,0.000000,20.000000,0.000000,0.000000,0.000000,0.000000,0.012160,0.000000,0.910900,-18.682107,6.499359,-2.955880,20.000000
1.914000,8,"LINK_TORSO_YAW",1.837000,0.200000,0.077000,-20.000000,0.000000,0.000000,20.000000,0.000000,0.000000,0.000000,0.000000,0.012160,0.000000,0.910900,-18.680020,6.491171,-2.986895,20.000000
1.915000,8,"LINK_TORSO_YAW",1.837000,0.200000,0.078000,-20.000000,0.000000,0.000000,20.000000,0.000000,0.000000,0.000000,0.000000,0.012160,0.000000,0.910900,-18.677953,6.482895,-3.017637,20.000000
1.916000,8,"LINK_TORSO_YAW",1.837000,0.200000,0.079000,-20.000000,0.000000,0.000000,20.000000,0.000000,0.000000,0.000000,0.000000,0.012160,0.000000,0.910900,-18.675897,6.474544,-3.048137,20.000000
1.917000,8,"LINK_TORSO_YAW",1.837000,0.200000,0.080000,-20.000000,0.000000,0.000000,20.000000,0.000000,0.000000,0.000000,0.000000,0.012160,0.000000,0.910900,-18.673842,6.466134,-3.078428,20.000000
1.918000,8,"LINK_TORSO_YAW",1.837000,0.200000,0.081000,-20.000000,0.000000,0.000000,20.000000,0.000000,0.000000,0.000000,0.000000,0.012160,0.000000,0.910900,-18.671780,6.457678,-3.108542,20.000000
1.919000,8,"LINK_TORSO_YAW",1.837000,0.200000,0.082000,-20.000000,0.000000,0.000000,20.000000,0.000000,0.000000,0.000000,0.000000,0.012160,0.000000,0.910900,-18.669701,6.449189,-3.138504,20.000000
1.920000,8,"LINK_TORSO_YAW",1.837000,0.200000,0.083000,-20.000000,0.000000,0.000000,20.000000,0.000000,0.000000,0.000000,0.000000,0.012160,0.000000,0.910900,-18.667600,6.440676,-3.168344,20.000000
1.921000,8,"LINK_TORSO_YAW",1.837000,0.200000,0.084000,-20.000000,0.000000,0.000000,20.000000,0.000000,0.000000,0.000000,0.000000,0.012160,0.000000,0.910900,-18.665495,6.432107,-3.198015,20.000000
1.922000,8,"LINK_TORSO_YAW",1.837000,0.200000,0.085000,-20.000000,0.000000,0.000000,20.000000,0.000000,0.000000,0.000000,0.000000,0.012160,0.000000,0.910900,-18.663377,6.423493,-3.227552,20.000000
1.923000,8,"LINK_TORSO_YAW",1.837000,0.200000,0.086000,-20.000000,0.000000,0.000000,20.000000,0.000000,0.000000,0.000000,0.000000,0.012160,0.000000,0.910900,-18.661237,6.414848,-3.256990,20.000000
1.924000,8,"LINK_TORSO_YAW",1.837000,0.200000,0.087000,-20.000000,0.000000,0.000000,20.000000,0.000000,0.000000,0.000000,0.000000,0.012160,0.000000,0.910900,-18.659063,6.406183,-3.286362,20.000000
1.925000,8,"LINK_TORSO_YAW",1.837000,0.200000,0.088000,-20.000000,0.000000,0.000000,20.000000,0.000000,0.000000,0.000000,0.000000,0.012160,0.000000,0.910900,-18.657205,6.396393,-3.315849,20.000000
1.926000,8,"LINK_TORSO_YAW",1.837000,0.200000,0.089000,-20.000000,0.000000,0.000000,20.000000,0.000000,0.000000,0.000000,0.000000,0.012160,0.000000,0.910900,-18.655415,6.386598,-3.344676,20.000000
1.927000,8,"LINK_TORSO_YAW",1.837000,0.200000,0.090000,-20.000000,0.000000,0.000000,20.000000,0.000000,0.000000,0.000000,0.000000,0.012160,0.000000,0.910900,-18.653683,6.376811,-3.372891,20.000000
1.928000,8,"LINK_TORSO_YAW",1.837000,0.200000,0.091000,-20.000000,0.000000,0.000000,20.000000,0.000000,0.000000,0.000000,0.000000,0.012160,0.000000,0.910900,-18.651990,6.367051,-3.400579,20.000000
1.929000,8,"LINK_TORSO_YAW",1.837000,0.200000,0.092000,-20.000000,0.000000,0.000000,20.000000,0.000000,0.000000,0.000000,0.000000,0.012160,0.000000,0.910900,-18.650320,6.357347,-3.427783,20.000000
1.930000,8,"LINK_TORSO_YAW",1.837000,0.200000,0.093000,-20.000000,0.000000,0.000000,20.000000,0.000000,0.000000,0.000000,0.000000,0.012160,0.000000,0.910900,-18.648659,6.347726,-3.454546,20.000000
1.931000,8,"LINK_TORSO_YAW",1.837000,0.200000,0.094000,-20.000000,0.000000,0.000000,20.000000,0.000000,0.000000,0.000000,0.000000,0.012160,0.000000,0.910900,-18.647010,6.338191,-3.480854,20.000000
1.932000,8,"LINK_TORSO_YAW",1.837000,0.200000,0.095000,-20.000000,0.000000,0.000000,20.000000,0.000000,0.000000,0.000000,0.000000,0.012160,0.000000,0.910900,-18.645340,6.328791,-3.506805,20.000000
1.933000,8,"LINK_TORSO_YAW",1.837000,0.200000,0.096000,-20.000000,0.000000,0.000000,20.000000,0.000000,0.000000,0.000000,0.000000,0.012160,0.000000,0.910900,-18.643636,6.319548,-3.532442,20.000000
1.934000,8,"LINK_TORSO_YAW",1.837000,0.200000,0.097000,-20.000000,0.000000,0.000000,20.000000,0.000000,0.000000,0.000000,0.000000,0.012160,0.000000,0.910900,-18.641888,6.310467,-3.557810,20.000000
1.935000,8,"LINK_TORSO_YAW",1.837000,0.200000,0.098000,-20.000000,0.000000,0.000000,20.000000,0.000000,0.000000,0.000000,0.000000,0.012160,0.000000,0.910900,-18.640053,6.301573,-3.583097,20.000000
1.936000,8,"LINK_TORSO_YAW",1.837000,0.200000,0.099000,-20.000000,0.000000,0.000000,20.000000,0.000000,0.000000,0.000000,0.000000,0.012160,0.000000,0.910900,-18.638130,6.292852,-3.608341,20.000000
1.937000,8,"LINK_TORSO_YAW",1.837000,0.200000,0.100000,-20.000000,0.000000,0.000000,20.000000,0.000000,0.000000,0.000000,0.000000,0.012160,0.000000,0.910900,-18.636249,6.284251,-3.632962,20.000000
1.938000,8,"LINK_TORSO_YAW",1.837000,0.200000,0.101000,-20.000000,0.000000,0.000000,20.000000,0.000000,0.000000,0.000000,0.000000,0.012160,0.000000,0.910900,-18.634404,6.275769,-3.657010,20.000000
1.939000,8,"LINK_TORSO_YAW",1.837000,0.200000,0.102000,-20.000000,0.000000,0.000000,20.000000,0.000000,0.000000,0.000000,0.000000,0.012160,0.000000,0.910900,-18.632588,6.267403,-3.680533,20.000000
1.940000,8,"LINK_TORSO_YAW",1.837000,0.200000,0.103000,-20.000000,0.000000,0.000000,20.000000,0.000000,0.000000,0.000000,0.000000,0.012160,0.000000,0.910900,-18.630795,6.259153,-3.703578,20.000000
1.941000,8,"LINK_TORSO_YAW",1.837000,0.200000,0.104000,-20.000000,0.000000,0.000000,20.000000,0.000000,0.000000,0.000000,0.000000,0.012160,0.000000,0.910900,-18.628978,6.251029,-3.726368,20.000000
1.942000,8,"LINK_TORSO_YAW",1.837000,0.200000,0.105000,-20.000000,0.000000,0.000000,20.000000,0.000000,0.000000,0.000000,0.000000,0.012160,0.000000,0.910900,-18.627134,6.243021,-3.748945,20.000000
1.943000,8,"LINK_TORSO_YAW",1.837000,0.200000,0.106000,-20.000000,0.000000,0.000000,20.000000,0.000000,0.000000,0.000000,0.000000,0.012160,0.000000,0.910900,-18.625460,6.234451,-3.771456,20.000000
1.944000,8,"LINK_TORSO_YAW",1.837000,0.200000,0.107000,-20.000000,0.000000,0.000000,20.000000,0.000000,0.000000,0.000000,0.000000,0.012160,0.000000,0.910900,-18.623754,6.225981,-3.793803,20.000000
1.945000,8,"LINK_TORSO_YAW",1.837000,0.200000,0.108000,-20.000000,0.000000,0.000000,20.000000,0.000000,0.000000,0.000000,0.000000,0.012160,0.000000,0.910900,-18.622006,6.217600,-3.816062,20.000000
1.946000,8,"LINK_TORSO_YAW",1.837000,0.200000,0.109000,-20.000000,0.000000,0.000000,20.000000,0.000000,0.000000,0.000000,0.000000,0.012160,0.000000,0.910900,-18.620213,6.209291,-3.838277,20.000000
1.947000,8,"LINK_TORSO_YAW",1.837000,0.200000,0.110000,-20.000000,0.000000,0.000000,20.000000,0.000000,0.000000,0.000000,0.000000,0.012160,0.000000,0.910900,-18.618365,6.201058,-3.860487,20.000000
1.948000,8,"LINK_TORSO_YAW",1.837000,0.200000,0.111000,-20.000000,0.000000,0.000000,20.000000,0.000000,0.000000,0.000000,0.000000,0.012160,0.000000,0.910900,-18.616544,6.192931,-3.882252,20.000000
1.949000,8,"LINK_TORSO_YAW",1.837000,0.200000,0.112000,-20.000000,0.000000,0.000000,20.000000,0.000000,0.000000,0.000000,0.000000,0.012160,0.000000,0.910900,-18.614750,6.184885,-3.903623,20.000000
1.950000,8,"LINK_TORSO_YAW",1.837000,0.200000,0.113000,-20.000000,0.000000,0.000000,20.000000,0.000000,0.000000,0.000000,0.000000,0.012160,0.000000,0.910900,-18.612981,6.176895,-3.924652,20.000000
1.951000,8,"LINK_TORSO_YAW",1.837000,0.200000,0.114000,-20.000000,0.000000,0.000000,20.000000,0.000000,0.000000,0.000000,0.000000,0.012160,0.000000,0.910900,-18.611240,6.168938,-3.945372,20.000000
1.952000,8,"LINK_TORSO_YAW",1.837000,0.200000,0.115000,-20.000000,0.000000,0.000000,20.000000,0.000000,0.000000,0.000000,0.000000,0.012160,0.000000,0.910900,-18.609571,6.160809,-3.965891,20.000000
1.953000,8,"LINK_TORSO_YAW",1.837000,0.200000,0.116000,-20.000000,0.000000,0.000000,20.000000,0.000000,0.000000,0.000000,0.000000,0.012160,0.000000,0.910900,-18.607900,6.152745,-3.986198,20.000000
1.954000,8,"LINK_TORSO_YAW",1.837000,0.200000,0.117000,-20.000000,0.000000,0.000000,20.000000,0.000000,0.000000,0.000000,0.000000,0.012160,0.000000,0.910900,-18.606218,6.144749,-4.006336,20.000000
1.955000,8,"LINK_TORSO_YAW",1.837000,0.200000,0.118000,-20.000000,0.000000,0.000000,20.000000,0.000000,0.000000,0.000000,0.000000,0.012160,0.000000,0.910900,-18.604489,6.136827,-4.026455,20.000000
1.956000,8,"LINK_TORSO_YAW",1.837000,0.200000,0.119000,-20.000000,0.000000,0.000000,20.000000,0.000000,0.000000,0.000000,0.000000,0.012160,0.000000,0.910900,-18.602720,6.128956,-4.046568,20.000000
1.957000,8,"LINK_TORSO_YAW",1.837000,0.200000,0.120000,-20.000000,0.000000,0.000000,20.000000,0.000000,0.000000,0.000000,0.000000,0.012160,0.000000,0.910900,-18.600884,6.121162,-4.066754,20.000000
1.958000,8,"LINK_TORSO_YAW",1.837000,0.200000,0.121000,-20.000000,0.000000,0.000000,20.000000,0.000000,0.000000,0.000000,0.000000,0.012160,0.000000,0.910900,-18.598984,6.113425,-4.087032,20.000000
1.959000,8,"LINK_TORSO_YAW",1.837000,0.200000,0.122000,-20.000000,0.000000,0.000000,20.000000,0.000000,0.000000,0.000000,0.000000,0.012160,0.000000,0.910900,-18.597131,6.105387,-4.107428,20.000000
1.960000,8,"LINK_TORSO_YAW",1.837000,0.200000,0.123000,-20.000000,0.000000,0.000000,20.000000,0.000000,0.000000,0.000000,0.000000,0.012160,0.000000,0.910900,-18.595334,6.097406,-4.127369,20.000000
1.961000,8,"LINK_TORSO_YAW",1.837000,0.200000,0.124000,-20.000000,0.000000,0.000000,20.000000,0.000000,0.000000,0.000000,0.000000,0.012160,0.000000,0.910900,-18.593583,6.089485,-4.146909,20.000000
1.962000,8,"LINK_TORSO_YAW",1.837000,0.200000,0.125000,-20.000000,0.000000,0.000000,20.000000,0.000000,0.000000,0.000000,0.000000,0.012160,0.000000,0.910900,-18.591846,6.081627,-4.166185,20.000000
1.963000,8,"LINK_TORSO_YAW",1.837000,0.200000,0.126000,-20.000000,0.000000,0.000000,20.000000,0.000000,0.000000,0.000000,0.000000,0.012160,0.000000,0.910900,-18.590123,6.073810,-4.185232,20.000000
1.964000,8,"LINK_TORSO_YAW",1.837000,0.200000,0.127000,-20.000000,0.000000,0.000000,20.000000,0.000000,0.000000,0.000000,0.000000,0.012160,0.000000,0.910900,-18.588409,6.066027,-4.204091,20.000000
1.965000,8,"LINK_TORSO_YAW",1.837000,0.200000,0.128000,-20.000000,0.000000,0.000000,20.000000,0.000000,0.000000,0.000000,0.000000,0.012160,0.000000,0.910900,-18.586762,6.058027,-4.222864,20.000000
1.966000,8,"LINK_TORSO_YAW",1.837000,0.200000,0.129000,-20.000000,0.000000,0.000000,20.000000,0.000000,0.000000,0.000000,0.000000,0.012160,0.000000,0.910900,-18.585097,6.050083,-4.241539,20.000000
1.967000,8,"LINK_TORSO_YAW",1.837000,0.200000,0.130000,-20.000000,0.000000,0.000000,20.000000,0.000000,0.000000,0.000000,0.000000,0.012160,0.000000,0.910900,-18.583526,6.041851,-4.260118,20.000000
1.968000,8,"LINK_TORSO_YAW",1.837000,0.200000,0.131000,-20.000000,0.000000,0.000000,20.000000,0.000000,0.000000,0.000000,0.000000,0.012160,0.000000,0.910900,-18.581961,6.033655,-4.278520,20.000000
1.969000,8,"LINK_TORSO_YAW",1.837000,0.200000,0.132000,-20.000000,0.000000,0.000000,20.000000,0.000000,0.000000,0.000000,0.000000,0.012160,0.000000,0.910900,-18.580366,6.025497,-4.296904,20.000000
1.970000,8,"LINK_TORSO_YAW",1.837000,0.200000,0.133000,-20.000000,0.000000,0.000000,20.000000,0.000000,0.000000,0.000000,0.000000,0.012160,0.000000,0.910900,-18.578734,6.017355,-4.315329,20.000000
1.971000,8,"LINK_TORSO_YAW",1.837000,0.200000,0.134000,-20.000000,0.000000,0.000000,20.000000,0.000000,0.000000,0.000000,0.000000,0.012160,0.000000,0.910900,-18.577269,6.008883,-4.333408,20.000000
1.972000,8,"LINK_TORSO_YAW",1.837000,0.200000,0.135000,-20.000000,0.000000,0.000000,20.000000,0.000000,0.000000,0.000000,0.000000,0.012160,0.000000,0.910900,-18.575337,6.004555,-4.347662,20.000000
1.973000,8,"LINK_TORSO_YAW",1.837000,0.200000,0.136000,-20.000000,0.000000,0.000000,20.000000,0.000000,0.000000,0.000000,0.000000,0.012160,0.000000,0.910900,-18.573355,6.000660,-4.361489,20.000000
1.974000,8,"LINK_TORSO_YAW",1.837000,0.200000,0.137000,-20.000000,0.000000,0.000000,20.000000,0.000000,0.000000,0.000000,0.000000,0.012160,0.000000,0.910900,-18.571315,5.997202,-4.374908,20.000000
1.975000,8,"LINK_TORSO_YAW",1.837000,0.200000,0.138000,-20.000000,0.000000,0.000000,20.000000,0.000000,0.000000,0.000000,0.000000,0.012160,0.000000,0.910900,-18.569209,5.994265,-4.387854,20.000000
1.977000,8,"LINK_TORSO_YAW",1.837000,0.200000,0.140000,-20.000000,0.000000,0.000000,20.000000,0.000000,0.000000,0.000000,0.000000,0.012160,0.000000,0.910900,-18.564981,5.989504,-4.412179,20.000000
1.979000,8,"LINK_TORSO_YAW",1.837000,0.200000,0.142000,-20.000000,0.000000,0.000000,20.000000,0.000000,0.000000,0.000000,0.000000,0.012160,0.000000,0.910900,-18.560636,5.986436,-4.434567,20.000000
1.982000,8,"LINK_TORSO_YAW",1.837000,0.200000,0.145000,-20.000000,0.000000,0.000000,20.000000,0.000000,0.000000,0.000000,0.000000,0.012160,0.000000,0.910900,-18.553745,5.984654,-4.465701,20.000000
1.983000,8,"LINK_TORSO_YAW",1.837000,0.200000,0.146000,-20.000000,0.000000,0.000000,20.000000,0.000000,0.000000,0.000000,0.000000,0.012160,0.000000,0.910900,-18.551450,5.984953,-4.474822,20.000000
1.984000,8,"LINK_TORSO_YAW",1.837000,0.200000,0.147000,-20.000000,0.000000,0.000000,20.000000,0.000000,0.000000,0.000000,0.000000,0.012160,0.000000,0.910900,-18.549447,5.984727,-4.483418,20.000000
1.985000,8,"LINK_TORSO_YAW",1.837000,0.200000,0.148000,-20.000000,0.000000,0.000000,20.000000,0.000000,0.000000,0.000000,0.000000,0.012160,0.000000,0.910900,-18.547604,5.984242,-4.491685,20.000000
1.986000,8,"LINK_TORSO_YAW",1.837000,0.200000,0.149000,-20.000000,0.000000,0.000000,20.000000,0.000000,0.000000,0.000000,0.000000,0.012160,0.000000,0.910900,-18.545868,5.983989,-4.499185,20.000000
1.987000,8,"LINK_TORSO_YAW",1.837000,0.200000,0.150000,-20.000000,0.000000,0.000000,20.000000,0.000000,0.000000,0.000000,0.000000,0.012160,0.000000,0.910900,-18.544210,5.983565,-4.506576,20.000000
1.988000,8,"LINK_TORSO_YAW",1.837000,0.200000,0.151000,-20.000000,0.000000,0.000000,20.000000,0.000000,0.000000,0.000000,0.000000,0.012160,0.000000,0.910900,-18.542592,5.982994,-4.513984,20.000000
1.989000,8,"LINK_TORSO_YAW",1.837000,0.200000,0.152000,-20.000000,0.000000,0.000000,20.000000,0.000000,0.000000,0.000000,0.000000,0.012160,0.000000,0.910900,-18.540989,5.982284,-4.521505,20.000000
1.990000,8,"LINK_TORSO_YAW",1.837000,0.200000,0.153000,-20.000000,0.000000,0.000000,20.000000,0.000000,0.000000,0.000000,0.000000,0.012160,0.000000,0.910900,-18.539395,5.981732,-4.528767,20.000000
1.991000,8,"LINK_TORSO_YAW",1.837000,0.200000,0.154000,-20.000000,0.000000,0.000000,20.000000,0.000000,0.000000,0.000000,0.000000,0.012160,0.000000,0.910900,-18.537720,5.981139,-4.536400,20.000000
1.992000,8,"LINK_TORSO_YAW",1.837000,0.200000,0.155000,-20.000000,0.000000,0.000000,20.000000,0.000000,0.000000,0.000000,0.000000,0.012160,0.000000,0.910900,-18.535940,5.980441,-4.544584,20.000000
1.993000,8,"LINK_TORSO_YAW",1.837000,0.200000,0.156000,-20.000000,0.000000,0.000000,20.000000,0.000000,0.000000,0.000000,0.000000,0.012160,0.000000,0.910900,-18.534041,5.979630,-4.553390,20.000000
1.994000,8,"LINK_TORSO_YAW",1.837000,0.200000,0.157000,-20.000000,0.000000,0.000000,20.000000,0.000000,0.000000,0.000000,0.000000,0.012160,0.000000,0.910900,-18.532000,5.979128,-4.562346,20.000000
1.995000,8,"LINK_TORSO_YAW",1.837000,0.200000,0.158000,-20.000000,0.000000,0.000000,20.000000,0.000000,0.000000,0.000000,0.000000,0.012160,0.000000,0.910900,-18.530046,5.978234,-4.571446,20.000000
1.996000,8,"LINK_TORSO_YAW",1.837000,0.200000,0.159000,-20.000000,0.000000,0.000000,20.000000,0.000000,0.000000,0.000000,0.000000,0.012160,0.000000,0.910900,-18.528092,5.977196,-4.580713,20.000000
1.997000,8,"LINK_TORSO_YAW",1.837000,0.200000,0.160000,-20.000000,0.000000,0.000000,20.000000,0.000000,0.000000,0.000000,0.000000,0.012160,0.000000,0.910900,-18.526071,5.976059,-4.590362,20.000000
1.998000,8,"LINK_TORSO_YAW",1.837000,0.200000,0.161000,-20.000000,0.000000,0.000000,20.000000,0.000000,0.000000,0.000000,0.000000,0.012160,0.000000,0.910900,-18.523971,5.974807,-4.600454,20.000000
1.999000,8,"LINK_TORSO_YAW",1.837000,0.200000,0.162000,-20.000000,0.000000,0.000000,20.000000,0.000000,0.000000,0.000000,0.000000,0.012160,0.000000,0.910900,-18.521783,5.973425,-4.611047,20.000000
2.000000,8,"LINK_TORSO_YAW",1.837000,0.200000,0.163000,-20.000000,0.000000,0.000000,20.000000,0.000000,0.000000,0.000000,0.000000,0.012160,0.000000,0.910900,-18.519517,5.972326,-4.621560,20.000000
2.001000,8,"LINK_TORSO_YAW",1.837000,0.200000,0.164000,-20.000000,0.000000,0.000000,20.000000,0.000000,0.000000,0.000000,0.000000,0.012160,0.000000,0.910900,-18.517261,5.970636,-4.632769,20.000000
2.002000,8,"LINK_TORSO_YAW",1.837000,0.200000,0.165000,-20.000000,0.000000,0.000000,20.000000,0.000000,0.000000,0.000000,0.000000,0.012160,0.000000,0.910900,-18.514891,5.968760,-4.644645,20.000000
2.003000,8,"LINK_TORSO_YAW",1.837000,0.200000,0.166000,-20.000000,0.000000,0.000000,20.000000,0.000000,0.000000,0.000000,0.000000,0.012160,0.000000,0.910900,-18.512390,5.966701,-4.657241,20.000000
2.004000,8,"LINK_TORSO_YAW",1.837000,0.200000,0.167000,-20.000000,0.000000,0.000000,20.000000,0.000000,0.000000,0.000000,0.000000,0.012160,0.000000,0.910900,-18.509708,5.964512,-4.670685,20.000000
2.005000,8,"LINK_TORSO_YAW",1.837000,0.200000,0.168000,-20.000000,0.000000,0.000000,20.000000,0.000000,0.000000,0.000000,0.000000,0.012160,0.000000,0.910900,-18.506838,5.962172,-4.685024,20.000000
2.006000,8,"LINK_TORSO_YAW",1.837000,0.200000,0.169000,-20.000000,0.000000,0.000000,20.000000,0.000000,0.000000,0.000000,0.000000,0.012160,0.000000,0.910900,-18.504115,5.958802,-4.700044,20.000000
2.007000,8,"LINK_TORSO_YAW",1.837000,0.200000,0.170000,-20.000000,0.000000,0.000000,20.000000,0.000000,0.000000,0.000000,0.000000,0.012160,0.000000,0.910900,-18.501400,5.955021,-4.715496,20.000000
2.008000,8,"LINK_TORSO_YAW",1.837000,0.200000,0.171000,-20.000000,0.000000,0.000000,20.000000,0.000000,0.000000,0.000000,0.000000,0.012160,0.000000,0.910900,-18.498632,5.951023,-4.731377,20.000000
2.009000,8,"LINK_TORSO_YAW",1.837000,0.200000,0.172000,-20.000000,0.000000,0.000000,20.000000,0.000000,0.000000,0.000000,0.000000,0.012160,0.000000,0.910900,-18.495795,5.946812,-4.747736,20.000000
2.010000,8,"LINK_TORSO_YAW",1.837000,0.200000,0.173000,-20.000000,0.000000,0.000000,20.000000,0.000000,0.000000,0.000000,0.000000,0.012160,0.000000,0.910900,-18.492873,5.942392,-4.764624,20.000000
2.011000,8,"LINK_TORSO_YAW",1.837000,0.200000,0.174000,-20.000000,0.000000,0.000000,20.000000,0.000000,0.000000,0.000000,0.000000,0.012160,0.000000,0.910900,-18.489834,5.937804,-4.782104,20.000000
2.012000,8,"LINK_TORSO_YAW",1.837000,0.200000,0.175000,-20.000000,0.000000,0.000000,20.000000,0.000000,0.000000,0.000000,0.000000,0.012160,0.000000,0.910900,-18.486722,5.932816,-4.800292,20.000000
2.013000,8,"LINK_TORSO_YAW",1.837000,0.200000,0.176000,-20.000000,0.000000,0.000000,20.000000,0.000000,0.000000,0.000000,0.000000,0.012160,0.000000,0.910900,-18.483477,5.927626,-4.819163,20.000000
2.014000,8,"LINK_TORSO_YAW",1.837000,0.200000,0.177000,-20.000000,0.000000,0.000000,20.000000,0.000000,0.000000,0.000000,0.000000,0.012160,0.000000,0.910900,-18.480085,5.922231,-4.838765,20.000000
2.015000,8,"LINK_TORSO_YAW",1.837000,0.200000,0.178000,-20.000000,0.000000,0.000000,20.000000,0.000000,0.000000,0.000000,0.000000,0.012160,0.000000,0.910900,-18.476533,5.916624,-4.859146,20.000000
2.016000,8,"LINK_TORSO_YAW",1.837000,0.200000,0.179000,-20.000000,0.000000,0.000000,20.000000,0.000000,0.000000,0.000000,0.000000,0.012160,0.000000,0.910900,-18.472807,5.910803,-4.880349,20.000000
2.017000,8,"LINK_TORSO_YAW",1.837000,0.200000,0.180000,-20.000000,0.000000,0.000000,20.000000,0.000000,0.000000,0.000000,0.000000,0.012160,0.000000,0.910900,-18.468980,5.904613,-4.902277,20.000000
2.018000,8,"LINK_TORSO_YAW",1.837000,0.200000,0.181000,-20.000000,0.000000,0.000000,20.000000,0.000000,0.000000,0.000000,0.000000,0.012160,0.000000,0.910900,-18.465136,5.898187,-4.924442,20.000000
2.019000,8,"LINK_TORSO_YAW",1.837000,0.200000,0.182000,-20.000000,0.000000,0.000000,20.000000,0.000000,0.000000,0.000000,0.000000,0.012160,0.000000,0.910900,-18.461263,5.891514,-4.946900,20.000000
2.020000,8,"LINK_TORSO_YAW",1.837000,0.200000,0.183000,-20.000000,0.000000,0.000000,20.000000,0.000000,0.000000,0.000000,0.000000,0.012160,0.000000,0.910900,-18.457349,5.884584,-4.969701,20.000000
2.021000,8,"LINK_TORSO_YAW",1.837000,0.200000,0.184000,-20.000000,0.000000,0.000000,20.000000,0.000000,0.000000,0.000000,0.000000,0.012160,0.000000,0.910900,-18.453386,5.877384,-4.992885,20.000000
2.022000,8,"LINK_TORSO_YAW",1.837000,0.200000,0.185000,-20.000000,0.000000,0.000000,20.000000,0.000000,0.000000,0.000000,0.000000,0.012160,0.000000,0.910900,-18.449363,5.869899,-5.016502,20.000000
2.023000,8,"LINK_TORSO_YAW",1.837000,0.200000,0.186000,-20.000000,0.000000,0.000000,20.000000,0.000000,0.000000,0.000000,0.000000,0.012160,0.000000,0.910900,-18.445379,5.861699,-5.040682,20.000000
2.024000,8,"LINK_TORSO_YAW",1.837000,0.200000,0.187000,-20.000000,0.000000,0.000000,20.000000,0.000000,0.000000,0.000000,0.000000,0.012160,0.000000,0.910900,-18.441313,5.853196,-5.065381,20.000000
2.025000,8,"LINK_TORSO_YAW",1.837000,0.200000,0.188000,-20.000000,0.000000,0.000000,20.000000,0.000000,0.000000,0.000000,0.000000,0.012160,0.000000,0.910900,-18.437153,5.844378,-5.090641,20.000000
2.026000,8,"LINK_TORSO_YAW",1.837000,0.200000,0.189000,-20.000000,0.000000,0.000000,20.000000,0.000000,0.000000,0.000000,0.000000,0.012160,0.000000,0.910900,-18.432869,5.835293,-5.116513,20.000000
2.027000,8,"LINK_TORSO_YAW",1.837000,0.200000,0.190000,-20.000000,0.000000,0.000000,20.000000,0.000000,0.000000,0.000000,0.000000,0.012160,0.000000,0.910900,-18.428450,5.825928,-5.143034,20.000000
2.028000,8,"LINK_TORSO_YAW",1.837000,0.200000,0.191000,-20.000000,0.000000,0.000000,20.000000,0.000000,0.000000,0.000000,0.000000,0.012160,0.000000,0.910900,-18.423997,5.816069,-5.170075,20.000000
2.029000,8,"LINK_TORSO_YAW",1.837000,0.200000,0.192000,-20.000000,0.000000,0.000000,20.000000,0.000000,0.000000,0.000000,0.000000,0.012160,0.000000,0.910900,-18.419386,5.805909,-5.197850,20.000000
2.030000,8,"LINK_TORSO_YAW",1.837000,0.200000,0.193000,-20.000000,0.000000,0.000000,20.000000,0.000000,0.000000,0.000000,0.000000,0.012160,0.000000,0.910900,-18.414793,5.795433,-5.225739,20.000000
2.031000,8,"LINK_TORSO_YAW",1.837000,0.200000,0.194000,-20.000000,0.000000,0.000000,20.000000,0.000000,0.000000,0.000000,0.000000,0.012160,0.000000,0.910900,-18.410208,5.784630,-5.253790,20.000000
2.032000,8,"LINK_TORSO_YAW",1.837000,0.200000,0.195000,-20.000000,0.000000,0.000000,20.000000,0.000000,0.000000,0.000000,0.000000,0.012160,0.000000,0.910900,-18.405618,5.773491,-5.282047,20.000000
2.033000,8,"LINK_TORSO_YAW",1.837000,0.200000,0.196000,-20.000000,0.000000,0.000000,20.000000,0.000000,0.000000,0.000000,0.000000,0.012160,0.000000,0.910900,-18.401112,5.761659,-5.310590,20.000000
2.034000,8,"LINK_TORSO_YAW",1.837000,0.200000,0.197000,-20.000000,0.000000,0.000000,20.000000,0.000000,0.000000,0.000000,0.000000,0.012160,0.000000,0.910900,-18.396570,5.749538,-5.339384,20.000000
2.035000,8,"LINK_TORSO_YAW",1.837000,0.200000,0.198000,-20.000000,0.000000,0.000000,20.000000,0.000000,0.000000,0.000000,0.000000,0.012160,0.000000,0.910900,-18.391981,5.737120,-5.368472,20.000000
2.036000,8,"LINK_TORSO_YAW",1.837000,0.200000,0.199000,-20.000000,0.000000,0.000000,20.000000,0.000000,0.000000,0.000000,0.000000,0.012160,0.000000,0.910900,-18.387344,5.724401,-5.397851,20.000000
2.037000,8,"LINK_TORSO_YAW",1.837000,0.200000,0.200000,-20.000000,0.000000,0.000000,20.000000,0.000000,0.000000,0.000000,0.000000,0.012160,0.000000,0.910900,-18.382648,5.711374,-5.427563,20.000000
2.038000,8,"LINK_TORSO_YAW",1.837000,0.200000,0.201000,-20.000000,0.000000,0.000000,20.000000,0.000000,0.000000,0.000000,0.000000,0.012160,0.000000,0.910900,-18.377971,5.697675,-5.457716,20.000000
2.039000,9,"LINK_TORSO_YAW",2.038000,0.200000,0.001000,-20.000000,0.000000,0.000000,20.000000,0.000000,0.000000,0.000000,0.000000,0.012160,0.000000,0.910900,-18.373207,5.683669,-5.488275,20.000000
2.041000,9,"LINK_TORSO_YAW",2.038000,0.200000,0.003000,-20.000000,0.000000,0.000000,20.000000,0.000000,0.000000,0.000000,0.000000,0.012160,0.000000,0.910900,-18.363663,5.654747,-5.549750,20.000000
2.042000,9,"LINK_TORSO_YAW",2.038000,0.200000,0.004000,-20.000000,0.000000,0.000000,20.000000,0.000000,0.000000,0.000000,0.000000,0.012160,0.000000,0.910900,-18.359089,5.639600,-5.580213,20.000000
2.043000,9,"LINK_TORSO_YAW",2.038000,0.200000,0.005000,-20.000000,0.000000,0.000000,20.000000,0.000000,0.000000,0.000000,0.000000,0.012160,0.000000,0.910900,-18.354569,5.624153,-5.610588,20.000000
2.044000,9,"LINK_TORSO_YAW",2.038000,0.200000,0.006000,-20.000000,0.000000,0.000000,20.000000,0.000000,0.000000,0.000000,0.000000,0.012160,0.000000,0.910900,-18.350090,5.608404,-5.640922,20.000000
2.045000,9,"LINK_TORSO_YAW",2.038000,0.200000,0.007000,-20.000000,0.000000,0.000000,20.000000,0.000000,0.000000,0.000000,0.000000,0.012160,0.000000,0.910900,-18.345637,5.592352,-5.671261,20.000000
2.046000,9,"LINK_TORSO_YAW",2.038000,0.200000,0.008000,-20.000000,0.000000,0.000000,20.000000,0.000000,0.000000,0.000000,0.000000,0.012160,0.000000,0.910900,-18.341296,5.575603,-5.701711,20.000000
2.047000,9,"LINK_TORSO_YAW",2.038000,0.200000,0.009000,-20.000000,0.000000,0.000000,20.000000,0.000000,0.000000,0.000000,0.000000,0.012160,0.000000,0.910900,-18.336947,5.558606,-5.732214,20.000000
2.048000,9,"LINK_TORSO_YAW",2.038000,0.200000,0.010000,-20.000000,0.000000,0.000000,20.000000,0.000000,0.000000,0.000000,0.000000,0.012160,0.000000,0.910900,-18.332570,5.541375,-5.762816,20.000000
2.049000,9,"LINK_TORSO_YAW",2.038000,0.200000,0.011000,-20.000000,0.000000,0.000000,20.000000,0.000000,0.000000,0.000000,0.000000,0.012160,0.000000,0.910900,-18.328146,5.523921,-5.793561,20.000000
2.050000,9,"LINK_TORSO_YAW",2.038000,0.200000,0.012000,-20.000000,0.000000,0.000000,20.000000,0.000000,0.000000,0.000000,0.000000,0.012160,0.000000,0.910900,-18.323769,5.505832,-5.824542,20.000000
2.052000,9,"LINK_TORSO_YAW",2.038000,0.200000,0.014000,-20.000000,0.000000,0.000000,20.000000,0.000000,0.000000,0.000000,0.000000,0.012160,0.000000,0.910900,-18.314913,5.468696,-5.887048,20.000000
2.053000,9,"LINK_TORSO_YAW",2.038000,0.200000,0.015000,-20.000000,0.000000,0.000000,20.000000,0.000000,0.000000,0.000000,0.000000,0.012160,0.000000,0.910900,-18.310604,5.449720,-5.917967,20.000000
2.054000,9,"LINK_TORSO_YAW",2.038000,0.200000,0.016000,-20.000000,0.000000,0.000000,20.000000,0.000000,0.000000,0.000000,0.000000,0.012160,0.000000,0.910900,-18.306446,5.430307,-5.948596,20.000000
2.055000,9,"LINK_TORSO_YAW",2.038000,0.200000,0.017000,-20.000000,0.000000,0.000000,20.000000,0.000000,0.000000,0.000000,0.000000,0.012160,0.000000,0.910900,-18.302375,5.410668,-5.978942,20.000000
2.056000,9,"LINK_TORSO_YAW",2.038000,0.200000,0.018000,-20.000000,0.000000,0.000000,20.000000,0.000000,0.000000,0.000000,0.000000,0.012160,0.000000,0.910900,-18.298374,5.390808,-6.009050,20.000000
2.058000,9,"LINK_TORSO_YAW",2.038000,0.200000,0.020000,-20.000000,0.000000,0.000000,20.000000,0.000000,0.000000,0.000000,0.000000,0.012160,0.000000,0.910900,-18.290780,5.349639,-6.068668,20.000000
2.059000,9,"LINK_TORSO_YAW",2.038000,0.200000,0.021000,-20.000000,0.000000,0.000000,20.000000,0.000000,0.000000,0.000000,0.000000,0.012160,0.000000,0.910900,-18.287064,5.328682,-6.098233,20.000000
2.060000,9,"LINK_TORSO_YAW",2.038000,0.200000,0.022000,-20.000000,0.000000,0.000000,20.000000,0.000000,0.000000,0.000000,0.000000,0.012160,0.000000,0.910900,-18.283415,5.307310,-6.127741,20.000000
2.061000,9,"LINK_TORSO_YAW",2.038000,0.200000,0.023000,-20.000000,0.000000,0.000000,20.000000,0.000000,0.000000,0.000000,0.000000,0.012160,0.000000,0.910900,-18.279765,5.285739,-6.157202,20.000000
2.062000,9,"LINK_TORSO_YAW",2.038000,0.200000,0.024000,-20.000000,0.000000,0.000000,20.000000,0.000000,0.000000,0.000000,0.000000,0.012160,0.000000,0.910900,-18.276102,5.263964,-6.186660,20.000000
2.063000,9,"LINK_TORSO_YAW",2.038000,0.200000,0.025000,-20.000000,0.000000,0.000000,20.000000,0.000000,0.000000,0.000000,0.000000,0.012160,0.000000,0.910900,-18.272539,5.241701,-6.216018,20.000000
2.065000,9,"LINK_TORSO_YAW",2.038000,0.200000,0.027000,-20.000000,0.000000,0.000000,20.000000,0.000000,0.000000,0.000000,0.000000,0.012160,0.000000,0.910900,-18.265566,5.196436,-6.274244,20.000000
2.066000,9,"LINK_TORSO_YAW",2.038000,0.200000,0.028000,-20.000000,0.000000,0.000000,20.000000,0.000000,0.000000,0.000000,0.000000,0.012160,0.000000,0.910900,-18.262374,5.173262,-6.302623,20.000000
2.067000,9,"LINK_TORSO_YAW",2.038000,0.200000,0.029000,-20.000000,0.000000,0.000000,20.000000,0.000000,0.000000,0.000000,0.000000,0.012160,0.000000,0.910900,-18.259303,5.149909,-6.330583,20.000000
2.070000,9,"LINK_TORSO_YAW",2.038000,0.200000,0.032000,-20.000000,0.000000,0.000000,20.000000,0.000000,0.000000,0.000000,0.000000,0.012160,0.000000,0.910900,-18.251123,5.077619,-6.412042,20.000000
2.071000,9,"LINK_TORSO_YAW",2.038000,0.200000,0.033000,-20.000000,0.000000,0.000000,20.000000,0.000000,0.000000,0.000000,0.000000,0.012160,0.000000,0.910900,-18.248723,5.052863,-6.438376,20.000000
2.072000,9,"LINK_TORSO_YAW",2.038000,0.200000,0.034000,-20.000000,0.000000,0.000000,20.000000,0.000000,0.000000,0.000000,0.000000,0.012160,0.000000,0.910900,-18.246349,5.027917,-6.464581,20.000000
2.075000,9,"LINK_TORSO_YAW",2.038000,0.200000,0.037000,-20.000000,0.000000,0.000000,20.000000,0.000000,0.000000,0.000000,0.000000,0.012160,0.000000,0.910900,-18.239697,4.950708,-6.542473,20.000000
2.076000,9,"LINK_TORSO_YAW",2.038000,0.200000,0.038000,-20.000000,0.000000,0.000000,20.000000,0.000000,0.000000,0.000000,0.000000,0.012160,0.000000,0.910900,-18.237605,4.924327,-6.568164,20.000000
2.077000,9,"LINK_TORSO_YAW",2.038000,0.200000,0.039000,-20.000000,0.000000,0.000000,20.000000,0.000000,0.000000,0.000000,0.000000,0.012160,0.000000,0.910900,-18.235795,4.897590,-6.593131,20.000000
2.079000,9,"LINK_TORSO_YAW",2.038000,0.200000,0.041000,-20.000000,0.000000,0.000000,20.000000,0.000000,0.000000,0.000000,0.000000,0.012160,0.000000,0.910900,-18.232674,4.843390,-6.641625,20.000000
2.080000,9,"LINK_TORSO_YAW",2.038000,0.200000,0.042000,-20.000000,0.000000,0.000000,20.000000,0.000000,0.000000,0.000000,0.000000,0.012160,0.000000,0.910900,-18.231496,4.815510,-6.665089,20.000000
2.082000,9,"LINK_TORSO_YAW",2.038000,0.200000,0.044000,-20.000000,0.000000,0.000000,20.000000,0.000000,0.000000,0.000000,0.000000,0.012160,0.000000,0.910900,-18.229739,4.758602,-6.710611,20.000000
2.085000,9,"LINK_TORSO_YAW",2.038000,0.200000,0.047000,-20.000000,0.000000,0.000000,20.000000,0.000000,0.000000,0.000000,0.000000,0.012160,0.000000,0.910900,-18.228312,4.670220,-6.776259,20.000000
2.086000,9,"LINK_TORSO_YAW",2.038000,0.200000,0.048000,-20.000000,0.000000,0.000000,20.000000,0.000000,0.000000,0.000000,0.000000,0.012160,0.000000,0.910900,-18.228082,4.639890,-6.797679,20.000000
2.088000,9,"LINK_TORSO_YAW",2.038000,0.200000,0.050000,-20.000000,0.000000,0.000000,20.000000,0.000000,0.000000,0.000000,0.000000,0.012160,0.000000,0.910900,-18.228113,4.577883,-6.839509,20.000000
2.090000,9,"LINK_TORSO_YAW",2.038000,0.200000,0.052000,-20.000000,0.000000,0.000000,20.000000,0.000000,0.000000,0.000000,0.000000,0.012160,0.000000,0.910900,-18.229248,4.514043,-6.878803,20.000000
2.092000,9,"LINK_TORSO_YAW",2.038000,0.200000,0.054000,-20.000000,0.000000,0.000000,20.000000,0.000000,0.000000,0.000000,0.000000,0.012160,0.000000,0.910900,-18.231330,4.448201,-6.916076,20.000000
2.094000,9,"LINK_TORSO_YAW",2.038000,0.200000,0.056000,-20.000000,0.000000,0.000000,20.000000,0.000000,0.000000,0.000000,0.000000,0.012160,0.000000,0.910900,-18.234204,4.380165,-6.951830,20.000000
2.095000,9,"LINK_TORSO_YAW",2.038000,0.200000,0.057000,-20.000000,0.000000,0.000000,20.000000,0.000000,0.000000,0.000000,0.000000,0.012160,0.000000,0.910900,-18.235896,4.345274,-6.969268,20.000000
2.097000,9,"LINK_TORSO_YAW",2.038000,0.200000,0.059000,-20.000000,0.000000,0.000000,20.000000,0.000000,0.000000,0.000000,0.000000,0.012160,0.000000,0.910900,-18.239681,4.273695,-7.003540,20.000000
2.098000,9,"LINK_TORSO_YAW",2.038000,0.200000,0.060000,-20.000000,0.000000,0.000000,20.000000,0.000000,0.000000,0.000000,0.000000,0.012160,0.000000,0.910900,-18.241723,4.237004,-7.020494,20.000000
2.100000,9,"LINK_TORSO_YAW",2.038000,0.200000,0.062000,-20.000000,0.000000,0.000000,20.000000,0.000000,0.000000,0.000000,0.000000,0.012160,0.000000,0.910900,-18.246219,4.161869,-7.053677,20.000000
2.102000,9,"LINK_TORSO_YAW",2.038000,0.200000,0.064000,-20.000000,0.000000,0.000000,20.000000,0.000000,0.000000,0.000000,0.000000,0.012160,0.000000,0.910900,-18.251771,4.084340,-7.084563,20.000000
2.104000,9,"LINK_TORSO_YAW",2.038000,0.200000,0.066000,-20.000000,0.000000,0.000000,20.000000,0.000000,0.000000,0.000000,0.000000,0.012160,0.000000,0.910900,-18.258235,4.004278,-7.113551,20.000000
2.106000,9,"LINK_TORSO_YAW",2.038000,0.200000,0.068000,-20.000000,0.000000,0.000000,20.000000,0.000000,0.000000,0.000000,0.000000,0.012160,0.000000,0.910900,-18.265389,3.921675,-7.141150,20.000000
2.108000,9,"LINK_TORSO_YAW",2.038000,0.200000,0.070000,-20.000000,0.000000,0.000000,20.000000,0.000000,0.000000,0.000000,0.000000,0.012160,0.000000,0.910900,-18.273014,3.836527,-7.167846,20.000000
2.111000,9,"LINK_TORSO_YAW",2.038000,0.200000,0.073000,-20.000000,0.000000,0.000000,20.000000,0.000000,0.000000,0.000000,0.000000,0.012160,0.000000,0.910900,-18.284834,3.703756,-7.207430,20.000000
2.114000,9,"LINK_TORSO_YAW",2.038000,0.200000,0.076000,-20.000000,0.000000,0.000000,20.000000,0.000000,0.000000,0.000000,0.000000,0.012160,0.000000,0.910900,-18.297952,3.565084,-7.243973,20.000000
2.119000,9,"LINK_TORSO_YAW",2.038000,0.200000,0.081000,-20.000000,0.000000,0.000000,20.000000,0.000000,0.000000,0.000000,0.000000,0.012160,0.000000,0.910900,-18.322371,3.320587,-7.298248,20.000000
2.126000,9,"LINK_TORSO_YAW",2.038000,0.200000,0.088000,-20.000000,0.000000,0.000000,20.000000,0.000000,0.000000,0.000000,0.000000,0.012160,0.000000,0.910900,-18.357898,2.950282,-7.367729,20.000000
2.137000,9,"LINK_TORSO_YAW",2.038000,0.200000,0.099000,-20.000000,0.000000,0.000000,20.000000,0.000000,0.000000,0.000000,0.000000,0.012160,0.000000,0.910900,-18.413212,2.314717,-7.456254,20.000000
2.142000,9,"LINK_TORSO_YAW",2.038000,0.200000,0.104000,-20.000000,0.000000,0.000000,20.000000,0.000000,0.000000,0.000000,0.000000,0.012160,0.000000,0.910900,-18.436644,2.007542,-7.487318,20.000000
2.153000,9,"LINK_TORSO_YAW",2.038000,0.200000,0.115000,-20.000000,0.000000,0.000000,20.000000,0.000000,0.000000,0.000000,0.000000,0.012160,0.000000,0.910900,-18.470204,1.312281,-7.558404,20.000000
2.158000,9,"LINK_TORSO_YAW",2.038000,0.200000,0.120000,-20.000000,0.000000,0.000000,20.000000,0.000000,0.000000,0.000000,0.000000,0.012160,0.000000,0.910900,-18.471532,1.000667,-7.602708,20.000000
2.163000,9,"LINK_TORSO_YAW",2.038000,0.200000,0.125000,-20.000000,0.000000,0.000000,20.000000,0.000000,0.000000,0.000000,0.000000,0.012160,0.000000,0.910900,-18.463642,0.683090,-7.656846,20.000000
2.164000,9,"LINK_TORSO_YAW",2.038000,0.200000,0.126000,-20.000000,0.000000,0.000000,20.000000,0.000000,0.000000,0.000000,0.000000,0.012160,0.000000,0.910900,-18.459763,0.622339,-7.671366,20.000000
2.165000,9,"LINK_TORSO_YAW",2.038000,0.200000,0.127000,-20.000000,0.000000,0.000000,20.000000,0.000000,0.000000,0.000000,0.000000,0.012160,0.000000,0.910900,-18.454092,0.561857,-7.689656,20.000000
2.166000,9,"LINK_TORSO_YAW",2.038000,0.200000,0.128000,-20.000000,0.000000,0.000000,20.000000,0.000000,0.000000,0.000000,0.000000,0.012160,0.000000,0.910900,-18.446615,0.501655,-7.711727,20.000000
2.167000,9,"LINK_TORSO_YAW",2.038000,0.200000,0.129000,-20.000000,0.000000,0.000000,20.000000,0.000000,0.000000,0.000000,0.000000,0.012160,0.000000,0.910900,-18.437416,0.441805,-7.737345,20.000000
2.168000,9,"LINK_TORSO_YAW",2.038000,0.200000,0.130000,-20.000000,0.000000,0.000000,20.000000,0.000000,0.000000,0.000000,0.000000,0.012160,0.000000,0.910900,-18.426522,0.382375,-7.766406,20.000000
2.169000,9,"LINK_TORSO_YAW",2.038000,0.200000,0.131000,-20.000000,0.000000,0.000000,20.000000,0.000000,0.000000,0.000000,0.000000,0.012160,0.000000,0.910900,-18.413959,0.323425,-7.798815,20.000000
2.170000,9,"LINK_TORSO_YAW",2.038000,0.200000,0.132000,-20.000000,0.000000,0.000000,20.000000,0.000000,0.000000,0.000000,0.000000,0.012160,0.000000,0.910900,-18.399748,0.265018,-7.834478,20.000000
2.171000,9,"LINK_TORSO_YAW",2.038000,0.200000,0.133000,-20.000000,0.000000,0.000000,20.000000,0.000000,0.000000,0.000000,0.000000,0.012160,0.000000,0.910900,-18.384161,0.207185,-7.872718,20.000000
2.172000,9,"LINK_TORSO_YAW",2.038000,0.200000,0.134000,-20.000000,0.000000,0.000000,20.000000,0.000000,0.000000,0.000000,0.000000,0.012160,0.000000,0.910900,-18.367220,0.149984,-7.913453,20.000000
2.173000,9,"LINK_TORSO_YAW",2.038000,0.200000,0.135000,-20.000000,0.000000,0.000000,20.000000,0.000000,0.000000,0.000000,0.000000,0.012160,0.000000,0.910900,-18.345791,0.098309,-7.963812,20.000000
2.174000,9,"LINK_TORSO_YAW",2.038000,0.200000,0.136000,-20.000000,0.000000,0.000000,20.000000,0.000000,0.000000,0.000000,0.000000,0.012160,0.000000,0.910900,-18.322544,0.048049,-8.017611,20.000000
2.175000,9,"LINK_TORSO_YAW",2.038000,0.200000,0.137000,-20.000000,0.000000,0.000000,20.000000,0.000000,0.000000,0.000000,0.000000,0.012160,0.000000,0.910900,-18.298074,-0.001228,-8.073444,20.000000
2.176000,9,"LINK_TORSO_YAW",2.038000,0.200000,0.138000,-20.000000,0.000000,0.000000,20.000000,0.000000,0.000000,0.000000,0.000000,0.012160,0.000000,0.910900,-18.272636,-0.049666,-8.130702,20.000000
2.177000,9,"LINK_TORSO_YAW",2.038000,0.200000,0.139000,-20.000000,0.000000,0.000000,20.000000,0.000000,0.000000,0.000000,0.000000,0.012160,0.000000,0.910900,-18.246280,-0.097235,-8.189249,20.000000
2.178000,9,"LINK_TORSO_YAW",2.038000,0.200000,0.140000,-20.000000,0.000000,0.000000,20.000000,0.000000,0.000000,0.000000,0.000000,0.012160,0.000000,0.910900,-18.219017,-0.143874,-8.249043,20.000000
2.179000,9,"LINK_TORSO_YAW",2.038000,0.200000,0.141000,-20.000000,0.000000,0.000000,20.000000,0.000000,0.000000,0.000000,0.000000,0.012160,0.000000,0.910900,-18.190856,-0.189525,-8.310044,20.000000
2.180000,9,"LINK_TORSO_YAW",2.038000,0.200000,0.142000,-20.000000,0.000000,0.000000,20.000000,0.000000,0.000000,0.000000,0.000000,0.012160,0.000000,0.910900,-18.162149,-0.234110,-8.371472,20.000000
2.181000,9,"LINK_TORSO_YAW",2.038000,0.200000,0.143000,-20.000000,0.000000,0.000000,20.000000,0.000000,0.000000,0.000000,0.000000,0.012160,0.000000,0.910900,-18.132900,-0.277583,-8.433319,20.000000
2.182000,9,"LINK_TORSO_YAW",2.038000,0.200000,0.144000,-20.000000,0.000000,0.000000,20.000000,0.000000,0.000000,0.000000,0.000000,0.012160,0.000000,0.910900,-18.103387,-0.319931,-8.495000,20.000000
2.183000,9,"LINK_TORSO_YAW",2.038000,0.200000,0.145000,-20.000000,0.000000,0.000000,20.000000,0.000000,0.000000,0.000000,0.000000,0.012160,0.000000,0.910900,-18.073616,-0.361118,-8.556518,20.000000
2.184000,9,"LINK_TORSO_YAW",2.038000,0.200000,0.146000,-20.000000,0.000000,0.000000,20.000000,0.000000,0.000000,0.000000,0.000000,0.012160,0.000000,0.910900,-18.043594,-0.401108,-8.617878,20.000000
2.185000,9,"LINK_TORSO_YAW",2.038000,0.200000,0.147000,-20.000000,0.000000,0.000000,20.000000,0.000000,0.000000,0.000000,0.000000,0.012160,0.000000,0.910900,-18.013327,-0.439871,-8.679088,20.000000
2.186000,9,"LINK_TORSO_YAW",2.038000,0.200000,0.148000,-20.000000,0.000000,0.000000,20.000000,0.000000,0.000000,0.000000,0.000000,0.012160,0.000000,0.910900,-17.982828,-0.477379,-8.740137,20.000000
2.187000,9,"LINK_TORSO_YAW",2.038000,0.200000,0.149000,-20.000000,0.000000,0.000000,20.000000,0.000000,0.000000,0.000000,0.000000,0.012160,0.000000,0.910900,-17.952245,-0.513613,-8.800745,20.000000
2.188000,9,"LINK_TORSO_YAW",2.038000,0.200000,0.150000,-20.000000,0.000000,0.000000,20.000000,0.000000,0.000000,0.000000,0.000000,0.012160,0.000000,0.910900,-17.920924,-0.547400,-8.862326,20.000000
2.189000,9,"LINK_TORSO_YAW",2.038000,0.200000,0.151000,-20.000000,0.000000,0.000000,20.000000,0.000000,0.000000,0.000000,0.000000,0.012160,0.000000,0.910900,-17.889317,-0.579628,-8.923921,20.000000
2.190000,9,"LINK_TORSO_YAW",2.038000,0.200000,0.152000,-20.000000,0.000000,0.000000,20.000000,0.000000,0.000000,0.000000,0.000000,0.012160,0.000000,0.910900,-17.857522,-0.610375,-8.985341,20.000000
2.191000,9,"LINK_TORSO_YAW",2.038000,0.200000,0.153000,-20.000000,0.000000,0.000000,20.000000,0.000000,0.000000,0.000000,0.000000,0.012160,0.000000,0.910900,-17.825603,-0.639715,-9.046471,20.000000
2.192000,9,"LINK_TORSO_YAW",2.038000,0.200000,0.154000,-20.000000,0.000000,0.000000,20.000000,0.000000,0.000000,0.000000,0.000000,0.012160,0.000000,0.910900,-17.793623,-0.667649,-9.107208,20.000000
2.193000,9,"LINK_TORSO_YAW",2.038000,0.200000,0.155000,-20.000000,0.000000,0.000000,20.000000,0.000000,0.000000,0.000000,0.000000,0.012160,0.000000,0.910900,-17.761615,-0.694172,-9.167506,20.000000
2.194000,9,"LINK_TORSO_YAW",2.038000,0.200000,0.156000,-20.000000,0.000000,0.000000,20.000000,0.000000,0.000000,0.000000,0.000000,0.012160,0.000000,0.910900,-17.729983,-0.719320,-9.226607,20.000000
2.195000,9,"LINK_TORSO_YAW",2.038000,0.200000,0.157000,-20.000000,0.000000,0.000000,20.000000,0.000000,0.000000,0.000000,0.000000,0.012160,0.000000,0.910900,-17.698734,-0.743096,-9.284536,20.000000
2.196000,9,"LINK_TORSO_YAW",2.038000,0.200000,0.158000,-20.000000,0.000000,0.000000,20.000000,0.000000,0.000000,0.000000,0.000000,0.012160,0.000000,0.910900,-17.667869,-0.765503,-9.341328,20.000000
2.197000,9,"LINK_TORSO_YAW",2.038000,0.200000,0.159000,-20.000000,0.000000,0.000000,20.000000,0.000000,0.000000,0.000000,0.000000,0.012160,0.000000,0.910900,-17.637385,-0.786548,-9.397020,20.000000
2.198000,9,"LINK_TORSO_YAW",2.038000,0.200000,0.160000,-20.000000,0.000000,0.000000,20.000000,0.000000,0.000000,0.000000,0.000000,0.012160,0.000000,0.910900,-17.607276,-0.806237,-9.451658,20.000000
2.199000,9,"LINK_TORSO_YAW",2.038000,0.200000,0.161000,-20.000000,0.000000,0.000000,20.000000,0.000000,0.000000,0.000000,0.000000,0.012160,0.000000,0.910900,-17.577531,-0.824578,-9.505287,20.000000
2.200000,9,"LINK_TORSO_YAW",2.038000,0.200000,0.162000,-20.000000,0.000000,0.000000,20.000000,0.000000,0.000000,0.000000,0.000000,0.012160,0.000000,0.910900,-17.548140,-0.841581,-9.557955,20.000000
2.201000,9,"LINK_TORSO_YAW",2.038000,0.200000,0.163000,-20.000000,0.000000,0.000000,20.000000,0.000000,0.000000,0.000000,0.000000,0.012160,0.000000,0.910900,-17.519097,-0.857283,-9.609698,20.000000
2.202000,9,"LINK_TORSO_YAW",2.038000,0.200000,0.164000,-20.000000,0.000000,0.000000,20.000000,0.000000,0.000000,0.000000,0.000000,0.012160,0.000000,0.910900,-17.490396,-0.871695,-9.660548,20.000000
2.203000,9,"LINK_TORSO_YAW",2.038000,0.200000,0.165000,-20.000000,0.000000,0.000000,20.000000,0.000000,0.000000,0.000000,0.000000,0.012160,0.000000,0.910900,-17.461659,-0.886815,-9.711026,20.000000
2.204000,9,"LINK_TORSO_YAW",2.038000,0.200000,0.166000,-20.000000,0.000000,0.000000,20.000000,0.000000,0.000000,0.000000,0.000000,0.012160,0.000000,0.910900,-17.433314,-0.900597,-9.760558,20.000000
2.205000,9,"LINK_TORSO_YAW",2.038000,0.200000,0.167000,-20.000000,0.000000,0.000000,20.000000,0.000000,0.000000,0.000000,0.000000,0.012160,0.000000,0.910900,-17.405331,-0.913091,-9.809216,20.000000
2.206000,9,"LINK_TORSO_YAW",2.038000,0.200000,0.168000,-20.000000,0.000000,0.000000,20.000000,0.000000,0.000000,0.000000,0.000000,0.012160,0.000000,0.910900,-17.377998,-0.924348,-9.856508,20.000000
2.207000,9,"LINK_TORSO_YAW",2.038000,0.200000,0.169000,-20.000000,0.000000,0.000000,20.000000,0.000000,0.000000,0.000000,0.000000,0.012160,0.000000,0.910900,-17.351291,-0.934382,-9.902506,20.000000
2.208000,9,"LINK_TORSO_YAW",2.038000,0.200000,0.170000,-20.000000,0.000000,0.000000,20.000000,0.000000,0.000000,0.000000,0.000000,0.012160,0.000000,0.910900,-17.325141,-0.943208,-9.947354,20.000000
2.209000,9,"LINK_TORSO_YAW",2.038000,0.200000,0.171000,-20.000000,0.000000,0.000000,20.000000,0.000000,0.000000,0.000000,0.000000,0.012160,0.000000,0.910900,-17.299513,-0.950837,-9.991133,20.000000
2.210000,9,"LINK_TORSO_YAW",2.038000,0.200000,0.172000,-20.000000,0.000000,0.000000,20.000000,0.000000,0.000000,0.000000,0.000000,0.012160,0.000000,0.910900,-17.274379,-0.957330,-10.033911,20.000000
2.211000,9,"LINK_TORSO_YAW",2.038000,0.200000,0.173000,-20.000000,0.000000,0.000000,20.000000,0.000000,0.000000,0.000000,0.000000,0.012160,0.000000,0.910900,-17.249721,-0.962752,-10.075724,20.000000
2.212000,9,"LINK_TORSO_YAW",2.038000,0.200000,0.174000,-20.000000,0.000000,0.000000,20.000000,0.000000,0.000000,0.000000,0.000000,0.012160,0.000000,0.910900,-17.225449,-0.967577,-10.116704,20.000000
2.213000,9,"LINK_TORSO_YAW",2.038000,0.200000,0.175000,-20.000000,0.000000,0.000000,20.000000,0.000000,0.000000,0.000000,0.000000,0.012160,0.000000,0.910900,-17.201590,-0.971511,-10.156843,20.000000
2.214000,9,"LINK_TORSO_YAW",2.038000,0.200000,0.176000,-20.000000,0.000000,0.000000,20.000000,0.000000,0.000000,0.000000,0.000000,0.012160,0.000000,0.910900,-17.178269,-0.974429,-10.195958,20.000000
2.215000,9,"LINK_TORSO_YAW",2.038000,0.200000,0.177000,-20.000000,0.000000,0.000000,20.000000,0.000000,0.000000,0.000000,0.000000,0.012160,0.000000,0.910900,-17.155406,-0.976052,-10.234225,20.000000
2.216000,9,"LINK_TORSO_YAW",2.038000,0.200000,0.178000,-20.000000,0.000000,0.000000,20.000000,0.000000,0.000000,0.000000,0.000000,0.012160,0.000000,0.910900,-17.132909,-0.976973,-10.271755,20.000000
2.217000,9,"LINK_TORSO_YAW",2.038000,0.200000,0.179000,-20.000000,0.000000,0.000000,20.000000,0.000000,0.000000,0.000000,0.000000,0.012160,0.000000,0.910900,-17.110860,-0.977067,-10.308434,20.000000
2.218000,9,"LINK_TORSO_YAW",2.038000,0.200000,0.180000,-20.000000,0.000000,0.000000,20.000000,0.000000,0.000000,0.000000,0.000000,0.012160,0.000000,0.910900,-17.089256,-0.976249,-10.344287,20.000000
2.219000,9,"LINK_TORSO_YAW",2.038000,0.200000,0.181000,-20.000000,0.000000,0.000000,20.000000,0.000000,0.000000,0.000000,0.000000,0.012160,0.000000,0.910900,-17.068036,-0.974872,-10.379392,20.000000
2.220000,9,"LINK_TORSO_YAW",2.038000,0.200000,0.182000,-20.000000,0.000000,0.000000,20.000000,0.000000,0.000000,0.000000,0.000000,0.012160,0.000000,0.910900,-17.047212,-0.972744,-10.413756,20.000000
2.221000,9,"LINK_TORSO_YAW",2.038000,0.200000,0.183000,-20.000000,0.000000,0.000000,20.000000,0.000000,0.000000,0.000000,0.000000,0.012160,0.000000,0.910900,-17.026790,-0.969738,-10.447394,20.000000
2.222000,9,"LINK_TORSO_YAW",2.038000,0.200000,0.184000,-20.000000,0.000000,0.000000,20.000000,0.000000,0.000000,0.000000,0.000000,0.012160,0.000000,0.910900,-17.006828,-0.966090,-10.480194,20.000000
2.223000,9,"LINK_TORSO_YAW",2.038000,0.200000,0.185000,-20.000000,0.000000,0.000000,20.000000,0.000000,0.000000,0.000000,0.000000,0.012160,0.000000,0.910900,-16.987333,-0.961563,-10.512179,20.000000
2.224000,9,"LINK_TORSO_YAW",2.038000,0.200000,0.186000,-20.000000,0.000000,0.000000,20.000000,0.000000,0.000000,0.000000,0.000000,0.012160,0.000000,0.910900,-16.968056,-0.956177,-10.543756,20.000000
2.225000,9,"LINK_TORSO_YAW",2.038000,0.200000,0.187000,-20.000000,0.000000,0.000000,20.000000,0.000000,0.000000,0.000000,0.000000,0.012160,0.000000,0.910900,-16.948963,-0.950220,-10.574958,20.000000
2.226000,9,"LINK_TORSO_YAW",2.038000,0.200000,0.188000,-20.000000,0.000000,0.000000,20.000000,0.000000,0.000000,0.000000,0.000000,0.012160,0.000000,0.910900,-16.930318,-0.943166,-10.605412,20.000000
2.227000,9,"LINK_TORSO_YAW",2.038000,0.200000,0.189000,-20.000000,0.000000,0.000000,20.000000,0.000000,0.000000,0.000000,0.000000,0.012160,0.000000,0.910900,-16.912037,-0.935578,-10.635211,20.000000
2.228000,9,"LINK_TORSO_YAW",2.038000,0.200000,0.190000,-20.000000,0.000000,0.000000,20.000000,0.000000,0.000000,0.000000,0.000000,0.012160,0.000000,0.910900,-16.893863,-0.927296,-10.664779,20.000000
2.229000,9,"LINK_TORSO_YAW",2.038000,0.200000,0.191000,-20.000000,0.000000,0.000000,20.000000,0.000000,0.000000,0.000000,0.000000,0.012160,0.000000,0.910900,-16.876063,-0.918251,-10.693704,20.000000
2.230000,9,"LINK_TORSO_YAW",2.038000,0.200000,0.192000,-20.000000,0.000000,0.000000,20.000000,0.000000,0.000000,0.000000,0.000000,0.012160,0.000000,0.910900,-16.858694,-0.908428,-10.721903,20.000000
2.231000,9,"LINK_TORSO_YAW",2.038000,0.200000,0.193000,-20.000000,0.000000,0.000000,20.000000,0.000000,0.000000,0.000000,0.000000,0.012160,0.000000,0.910900,-16.841899,-0.898148,-10.749128,20.000000
2.232000,9,"LINK_TORSO_YAW",2.038000,0.200000,0.194000,-20.000000,0.000000,0.000000,20.000000,0.000000,0.000000,0.000000,0.000000,0.012160,0.000000,0.910900,-16.825681,-0.887111,-10.775412,20.000000
2.233000,9,"LINK_TORSO_YAW",2.038000,0.200000,0.195000,-20.000000,0.000000,0.000000,20.000000,0.000000,0.000000,0.000000,0.000000,0.012160,0.000000,0.910900,-16.810043,-0.875086,-10.800772,20.000000
2.234000,9,"LINK_TORSO_YAW",2.038000,0.200000,0.196000,-20.000000,0.000000,0.000000,20.000000,0.000000,0.000000,0.000000,0.000000,0.012160,0.000000,0.910900,-16.794915,-0.862586,-10.825284,20.000000
2.235000,9,"LINK_TORSO_YAW",2.038000,0.200000,0.197000,-20.000000,0.000000,0.000000,20.000000,0.000000,0.000000,0.000000,0.000000,0.012160,0.000000,0.910900,-16.779930,-0.849434,-10.849535,20.000000
2.236000,9,"LINK_TORSO_YAW",2.038000,0.200000,0.198000,-20.000000,0.000000,0.000000,20.000000,0.000000,0.000000,0.000000,0.000000,0.012160,0.000000,0.910900,-16.765059,-0.835641,-10.873569,20.000000
2.237000,9,"LINK_TORSO_YAW",2.038000,0.200000,0.199000,-20.000000,0.000000,0.000000,20.000000,0.000000,0.000000,0.000000,0.000000,0.012160,0.000000,0.910900,-16.750645,-0.820945,-10.896877,20.000000
2.238000,9,"LINK_TORSO_YAW",2.038000,0.200000,0.200000,-20.000000,0.000000,0.000000,20.000000,0.000000,0.000000,0.000000,0.000000,0.012160,0.000000,0.910900,-16.736577,-0.806035,-10.919583,20.000000
2.239000,9,"LINK_TORSO_YAW",2.038000,0.200000,0.201000,-20.000000,0.000000,0.000000,20.000000,0.000000,0.000000,0.000000,0.000000,0.012160,0.000000,0.910900,-16.722904,-0.790435,-10.941650,20.000000
2.240000,10,"LINK_TORSO_YAW",2.239000,0.200000,0.001000,-20.000000,0.000000,0.000000,20.000000,0.000000,0.000000,0.000000,0.000000,0.012160,0.000000,0.910900,-16.709622,-0.773923,-10.963100,20.000000
2.241000,10,"LINK_TORSO_YAW",2.239000,0.200000,0.002000,-20.000000,0.000000,0.000000,20.000000,0.000000,0.000000,0.000000,0.000000,0.012160,0.000000,0.910900,-16.697034,-0.756524,-10.983475,20.000000
2.242000,10,"LINK_TORSO_YAW",2.239000,0.200000,0.003000,-20.000000,0.000000,0.000000,20.000000,0.000000,0.000000,0.000000,0.000000,0.012160,0.000000,0.910900,-16.685017,-0.738875,-11.002921,20.000000
2.243000,10,"LINK_TORSO_YAW",2.239000,0.200000,0.004000,-20.000000,0.000000,0.000000,20.000000,0.000000,0.000000,0.000000,0.000000,0.012160,0.000000,0.910900,-16.673213,-0.720698,-11.022003,20.000000
2.244000,10,"LINK_TORSO_YAW",2.239000,0.200000,0.005000,-20.000000,0.000000,0.000000,20.000000,0.000000,0.000000,0.000000,0.000000,0.012160,0.000000,0.910900,-16.662235,-0.702176,-11.039786,20.000000
2.245000,10,"LINK_TORSO_YAW",2.239000,0.200000,0.006000,-20.000000,0.000000,0.000000,20.000000,0.000000,0.000000,0.000000,0.000000,0.012160,0.000000,0.910900,-16.651748,-0.683201,-11.056787,20.000000
2.246000,10,"LINK_TORSO_YAW",2.239000,0.200000,0.007000,-20.000000,0.000000,0.000000,20.000000,0.000000,0.000000,0.000000,0.000000,0.012160,0.000000,0.910900,-16.641578,-0.663702,-11.073274,20.000000
2.247000,10,"LINK_TORSO_YAW",2.239000,0.200000,0.008000,-20.000000,0.000000,0.000000,20.000000,0.000000,0.000000,0.000000,0.000000,0.012160,0.000000,0.910900,-16.631432,-0.644499,-11.089638,20.000000
2.248000,10,"LINK_TORSO_YAW",2.239000,0.200000,0.009000,-20.000000,0.000000,0.000000,20.000000,0.000000,0.000000,0.000000,0.000000,0.012160,0.000000,0.910900,-16.621938,-0.625157,-11.104970,20.000000
2.249000,10,"LINK_TORSO_YAW",2.239000,0.200000,0.010000,-20.000000,0.000000,0.000000,20.000000,0.000000,0.000000,0.000000,0.000000,0.012160,0.000000,0.910900,-16.612020,-0.604799,-11.120927,20.000000
2.250000,10,"LINK_TORSO_YAW",2.239000,0.200000,0.011000,-20.000000,0.000000,0.000000,20.000000,0.000000,0.000000,0.000000,0.000000,0.012160,0.000000,0.910900,-16.602421,-0.584239,-11.136349,20.000000
2.251000,10,"LINK_TORSO_YAW",2.239000,0.200000,0.012000,-20.000000,0.000000,0.000000,20.000000,0.000000,0.000000,0.000000,0.000000,0.012160,0.000000,0.910900,-16.592100,-0.562689,-11.152828,20.000000
2.252000,10,"LINK_TORSO_YAW",2.239000,0.200000,0.013000,-20.000000,0.000000,0.000000,20.000000,0.000000,0.000000,0.000000,0.000000,0.012160,0.000000,0.910900,-16.582195,-0.541716,-11.168588,20.000000
2.253000,10,"LINK_TORSO_YAW",2.239000,0.200000,0.014000,-20.000000,0.000000,0.000000,20.000000,0.000000,0.000000,0.000000,0.000000,0.012160,0.000000,0.910900,-16.571753,-0.519735,-11.185118,20.000000
2.254000,10,"LINK_TORSO_YAW",2.239000,0.200000,0.015000,-20.000000,0.000000,0.000000,20.000000,0.000000,0.000000,0.000000,0.000000,0.012160,0.000000,0.910900,-16.561702,-0.497486,-11.201006,20.000000
2.255000,10,"LINK_TORSO_YAW",2.239000,0.200000,0.016000,-20.000000,0.000000,0.000000,20.000000,0.000000,0.000000,0.000000,0.000000,0.012160,0.000000,0.910900,-16.551958,-0.474944,-11.216377,20.000000
2.256000,10,"LINK_TORSO_YAW",2.239000,0.200000,0.017000,-20.000000,0.000000,0.000000,20.000000,0.000000,0.000000,0.000000,0.000000,0.012160,0.000000,0.910900,-16.541225,-0.451062,-11.233183,20.000000
2.257000,10,"LINK_TORSO_YAW",2.239000,0.200000,0.018000,-20.000000,0.000000,0.000000,20.000000,0.000000,0.000000,0.000000,0.000000,0.012160,0.000000,0.910900,-16.530645,-0.426888,-11.249691,20.000000
2.258000,10,"LINK_TORSO_YAW",2.239000,0.200000,0.019000,-20.000000,0.000000,0.000000,20.000000,0.000000,0.000000,0.000000,0.000000,0.012160,0.000000,0.910900,-16.520066,-0.403152,-11.266095,20.000000
2.259000,10,"LINK_TORSO_YAW",2.239000,0.200000,0.020000,-20.000000,0.000000,0.000000,20.000000,0.000000,0.000000,0.000000,0.000000,0.012160,0.000000,0.910900,-16.508247,-0.378060,-11.284275,20.000000
2.260000,10,"LINK_TORSO_YAW",2.239000,0.200000,0.021000,-20.000000,0.000000,0.000000,20.000000,0.000000,0.000000,0.000000,0.000000,0.012160,0.000000,0.910900,-16.496444,-0.352672,-11.302343,20.000000
2.261000,10,"LINK_TORSO_YAW",2.239000,0.200000,0.022000,-20.000000,0.000000,0.000000,20.000000,0.000000,0.000000,0.000000,0.000000,0.012160,0.000000,0.910900,-16.484587,-0.326978,-11.320401,20.000000
2.263000,10,"LINK_TORSO_YAW",2.239000,0.200000,0.024000,-20.000000,0.000000,0.000000,20.000000,0.000000,0.000000,0.000000,0.000000,0.012160,0.000000,0.910900,-16.457980,-0.272697,-11.360481,20.000000
2.265000,10,"LINK_TORSO_YAW",2.239000,0.200000,0.026000,-20.000000,0.000000,0.000000,20.000000,0.000000,0.000000,0.000000,0.000000,0.012160,0.000000,0.910900,-16.431224,-0.218380,-11.400315,20.000000
2.268000,10,"LINK_TORSO_YAW",2.239000,0.200000,0.029000,-20.000000,0.000000,0.000000,20.000000,0.000000,0.000000,0.000000,0.000000,0.012160,0.000000,0.910900,-16.386955,-0.130961,-11.465189,20.000000
2.272000,10,"LINK_TORSO_YAW",2.239000,0.200000,0.033000,-20.000000,0.000000,0.000000,20.000000,0.000000,0.000000,0.000000,0.000000,0.012160,0.000000,0.910900,-16.321769,-0.006920,-11.558538,20.000000
2.273000,10,"LINK_TORSO_YAW",2.239000,0.200000,0.034000,-20.000000,0.000000,0.000000,20.000000,0.000000,0.000000,0.000000,0.000000,0.012160,0.000000,0.910900,-16.303750,0.025824,-11.583914,20.000000
2.275000,10,"LINK_TORSO_YAW",2.239000,0.200000,0.036000,-20.000000,0.000000,0.000000,20.000000,0.000000,0.000000,0.000000,0.000000,0.012160,0.000000,0.910900,-16.266568,0.090565,-11.635745,20.000000
2.279000,10,"LINK_TORSO_YAW",2.239000,0.200000,0.040000,-20.000000,0.000000,0.000000,20.000000,0.000000,0.000000,0.000000,0.000000,0.012160,0.000000,0.910900,-16.187151,0.226144,-11.744148,20.000000
2.283000,10,"LINK_TORSO_YAW",2.239000,0.200000,0.044000,-20.000000,0.000000,0.000000,20.000000,0.000000,0.000000,0.000000,0.000000,0.012160,0.000000,0.910900,-16.101533,0.370272,-11.857636,20.000000
2.286000,10,"LINK_TORSO_YAW",2.239000,0.200000,0.047000,-20.000000,0.000000,0.000000,20.000000,0.000000,0.000000,0.000000,0.000000,0.012160,0.000000,0.910900,-16.031540,0.483665,-11.948045,20.000000
2.287000,10,"LINK_TORSO_YAW",2.239000,0.200000,0.048000,-20.000000,0.000000,0.000000,20.000000,0.000000,0.000000,0.000000,0.000000,0.012160,0.000000,0.910900,-16.007324,0.521898,-11.978865,20.000000
2.288000,10,"LINK_TORSO_YAW",2.239000,0.200000,0.049000,-20.000000,0.000000,0.000000,20.000000,0.000000,0.000000,0.000000,0.000000,0.012160,0.000000,0.910900,-15.982406,0.560880,-12.010333,20.000000
2.289000,10,"LINK_TORSO_YAW",2.239000,0.200000,0.050000,-20.000000,0.000000,0.000000,20.000000,0.000000,0.000000,0.000000,0.000000,0.012160,0.000000,0.910900,-15.957844,0.599750,-12.041076,20.000000
2.290000,10,"LINK_TORSO_YAW",2.239000,0.200000,0.051000,-20.000000,0.000000,0.000000,20.000000,0.000000,0.000000,0.000000,0.000000,0.012160,0.000000,0.910900,-15.932719,0.639055,-12.072285,20.000000
2.291000,10,"LINK_TORSO_YAW",2.239000,0.200000,0.052000,-20.000000,0.000000,0.000000,20.000000,0.000000,0.000000,0.000000,0.000000,0.012160,0.000000,0.910900,-15.907683,0.678308,-12.103120,20.000000
2.292000,10,"LINK_TORSO_YAW",2.239000,0.200000,0.053000,-20.000000,0.000000,0.000000,20.000000,0.000000,0.000000,0.000000,0.000000,0.012160,0.000000,0.910900,-15.882609,0.717602,-12.133746,20.000000
2.293000,10,"LINK_TORSO_YAW",2.239000,0.200000,0.054000,-20.000000,0.000000,0.000000,20.000000,0.000000,0.000000,0.000000,0.000000,0.012160,0.000000,0.910900,-15.856492,0.757530,-12.165435,20.000000
2.294000,10,"LINK_TORSO_YAW",2.239000,0.200000,0.055000,-20.000000,0.000000,0.000000,20.000000,0.000000,0.000000,0.000000,0.000000,0.012160,0.000000,0.910900,-15.830105,0.797560,-12.197200,20.000000
2.295000,10,"LINK_TORSO_YAW",2.239000,0.200000,0.056000,-20.000000,0.000000,0.000000,20.000000,0.000000,0.000000,0.000000,0.000000,0.012160,0.000000,0.910900,-15.803365,0.837659,-12.229145,20.000000
2.296000,10,"LINK_TORSO_YAW",2.239000,0.200000,0.057000,-20.000000,0.000000,0.000000,20.000000,0.000000,0.000000,0.000000,0.000000,0.012160,0.000000,0.910900,-15.776172,0.877842,-12.261394,20.000000
2.338000,10,"LINK_TORSO_YAW",2.239000,0.200000,0.099000,-20.000000,0.000000,0.000000,20.000000,0.000000,0.000000,0.000000,0.000000,0.012160,0.000000,0.910900,-13.977534,2.870453,-14.013888,20.000000
2.357000,10,"LINK_TORSO_YAW",2.239000,0.200000,0.118000,-20.000000,0.000000,0.000000,20.000000,0.000000,0.000000,0.000000,0.000000,0.012160,0.000000,0.910900,-12.711322,3.912679,-14.936975,20.000000
2.358000,10,"LINK_TORSO_YAW",2.239000,0.200000,0.119000,-20.000000,0.000000,0.000000,20.000000,0.000000,0.000000,0.000000,0.000000,0.012160,0.000000,0.910900,-12.624864,3.940804,-15.002762,20.000000
2.359000,10,"LINK_TORSO_YAW",2.239000,0.200000,0.120000,-20.000000,0.000000,0.000000,20.000000,0.000000,0.000000,0.000000,0.000000,0.012160,0.000000,0.910900,-12.535805,3.966022,-15.070642,20.000000
2.360000,10,"LINK_TORSO_YAW",2.239000,0.200000,0.121000,-20.000000,0.000000,0.000000,20.000000,0.000000,0.000000,0.000000,0.000000,0.012160,0.000000,0.910900,-12.446233,3.990140,-15.138364,20.000000
2.361000,10,"LINK_TORSO_YAW",2.239000,0.200000,0.122000,-20.000000,0.000000,0.000000,20.000000,0.000000,0.000000,0.000000,0.000000,0.012160,0.000000,0.910900,-12.356407,4.013425,-15.205644,20.000000
2.380000,10,"LINK_TORSO_YAW",2.239000,0.200000,0.141000,-20.000000,0.000000,0.000000,20.000000,0.000000,0.000000,0.000000,0.000000,0.012160,0.000000,0.910900,-10.684505,4.196677,-16.377706,20.000000
2.382000,10,"LINK_TORSO_YAW",2.239000,0.200000,0.143000,-20.000000,0.000000,0.000000,20.000000,0.000000,0.000000,0.000000,0.000000,0.012160,0.000000,0.910900,-10.510584,4.187449,-16.492207,20.000000
2.391000,10,"LINK_TORSO_YAW",2.239000,0.200000,0.152000,-20.000000,0.000000,0.000000,20.000000,0.000000,0.000000,0.000000,0.000000,0.012160,0.000000,0.910900,-9.718142,3.994696,-17.017642,20.000000
2.400000,10,"LINK_TORSO_YAW",2.239000,0.200000,0.161000,-20.000000,0.000000,0.000000,20.000000,0.000000,0.000000,0.000000,0.000000,0.012160,0.000000,0.910900,-8.932534,3.602043,-17.528123,20.000000
2.407000,10,"LINK_TORSO_YAW",2.239000,0.200000,0.168000,-20.000000,0.000000,0.000000,20.000000,0.000000,0.000000,0.000000,0.000000,0.012160,0.000000,0.910900,-8.318729,3.149368,-17.913130,20.000000
2.413000,10,"LINK_TORSO_YAW",2.239000,0.200000,0.174000,-20.000000,0.000000,0.000000,20.000000,0.000000,0.000000,0.000000,0.000000,0.012160,0.000000,0.910900,-7.785776,2.662895,-18.228842,20.000000
2.418000,10,"LINK_TORSO_YAW",2.239000,0.200000,0.179000,-20.000000,0.000000,0.000000,20.000000,0.000000,0.000000,0.000000,0.000000,0.012160,0.000000,0.910900,-7.330421,2.192738,-18.478550,20.000000
2.422000,10,"LINK_TORSO_YAW",2.239000,0.200000,0.183000,-20.000000,0.000000,0.000000,20.000000,0.000000,0.000000,0.000000,0.000000,0.012160,0.000000,0.910900,-6.959826,1.777703,-18.665492,20.000000
2.439000,10,"LINK_TORSO_YAW",2.239000,0.200000,0.200000,-20.000000,0.000000,0.000000,20.000000,0.000000,0.000000,0.000000,0.000000,0.012160,0.000000,0.910900,-5.300955,-0.286474,-19.282578,20.000000
2.448000,11,"LINK_TORSO_YAW",2.440000,0.200000,0.008000,-20.000000,0.000000,0.000000,20.000000,0.000000,0.000000,0.000000,0.000000,0.012160,0.000000,0.910900,-4.372638,-1.514008,-19.457333,20.000000
2.449000,11,"LINK_TORSO_YAW",2.440000,0.200000,0.009000,-20.000000,0.000000,0.000000,20.000000,0.000000,0.000000,0.000000,0.000000,0.012160,0.000000,0.910900,-4.262040,-1.660394,-19.469928,20.000000
2.450000,11,"LINK_TORSO_YAW",2.440000,0.200000,0.010000,-20.000000,0.000000,0.000000,20.000000,0.000000,0.000000,0.000000,0.000000,0.012160,0.000000,0.910900,-4.149703,-1.808409,-19.481007,20.000000
2.453000,11,"LINK_TORSO_YAW",2.440000,0.200000,0.013000,-20.000000,0.000000,0.000000,20.000000,0.000000,0.000000,0.000000,0.000000,0.012160,0.000000,0.910900,-3.810575,-2.253774,-19.503846,20.000000
2.454000,11,"LINK_TORSO_YAW",2.440000,0.200000,0.014000,-20.000000,0.000000,0.000000,20.000000,0.000000,0.000000,0.000000,0.000000,0.012160,0.000000,0.910900,-3.678055,-2.399414,-19.511912,20.000000
2.455000,11,"LINK_TORSO_YAW",2.440000,0.200000,0.015000,-20.000000,0.000000,0.000000,20.000000,0.000000,0.000000,0.000000,0.000000,0.012160,0.000000,0.910900,-3.529201,-2.542943,-19.521224,20.000000
2.456000,11,"LINK_TORSO_YAW",2.440000,0.200000,0.016000,-20.000000,0.000000,0.000000,20.000000,0.000000,0.000000,0.000000,0.000000,0.012160,0.000000,0.910900,-3.351623,-2.695970,-19.531983,20.000000
2.457000,11,"LINK_TORSO_YAW",2.440000,0.200000,0.017000,-20.000000,0.000000,0.000000,20.000000,0.000000,0.000000,0.000000,0.000000,0.012160,0.000000,0.910900,-3.160955,-2.850085,-19.541888,20.000000
2.458000,11,"LINK_TORSO_YAW",2.440000,0.200000,0.018000,-20.000000,0.000000,0.000000,20.000000,0.000000,0.000000,0.000000,0.000000,0.012160,0.000000,0.910900,-2.960602,-3.004667,-19.550110,20.000000
2.459000,11,"LINK_TORSO_YAW",2.440000,0.200000,0.019000,-20.000000,0.000000,0.000000,20.000000,0.000000,0.000000,0.000000,0.000000,0.012160,0.000000,0.910900,-2.749789,-3.151445,-19.557788,20.000000
2.460000,11,"LINK_TORSO_YAW",2.440000,0.200000,0.020000,-20.000000,0.000000,0.000000,20.000000,0.000000,0.000000,0.000000,0.000000,0.012160,0.000000,0.910900,-2.530432,-3.270788,-19.567802,20.000000
2.461000,11,"LINK_TORSO_YAW",2.440000,0.200000,0.021000,-20.000000,0.000000,0.000000,20.000000,0.000000,0.000000,0.000000,0.000000,0.012160,0.000000,0.910900,-2.304036,-3.366968,-19.579452,20.000000
2.462000,11,"LINK_TORSO_YAW",2.440000,0.200000,0.022000,-20.000000,0.000000,0.000000,20.000000,0.000000,0.000000,0.000000,0.000000,0.012160,0.000000,0.910900,-2.112566,-3.420834,-19.591706,20.000000
2.463000,11,"LINK_TORSO_YAW",2.440000,0.200000,0.023000,-20.000000,0.000000,0.000000,20.000000,0.000000,0.000000,0.000000,0.000000,0.012160,0.000000,0.910900,-1.948567,-3.440792,-19.605204,20.000000
2.464000,11,"LINK_TORSO_YAW",2.440000,0.200000,0.024000,-20.000000,0.000000,0.000000,20.000000,0.000000,0.000000,0.000000,0.000000,0.012160,0.000000,0.910900,-1.807639,-3.433881,-19.619911,20.000000
2.465000,11,"LINK_TORSO_YAW",2.440000,0.200000,0.025000,-20.000000,0.000000,0.000000,20.000000,0.000000,0.000000,0.000000,0.000000,0.012160,0.000000,0.910900,-1.688273,-3.402002,-19.636092,20.000000
2.466000,11,"LINK_TORSO_YAW",2.440000,0.200000,0.026000,-20.000000,0.000000,0.000000,20.000000,0.000000,0.000000,0.000000,0.000000,0.012160,0.000000,0.910900,-1.586631,-3.349688,-19.653554,20.000000
2.467000,11,"LINK_TORSO_YAW",2.440000,0.200000,0.027000,-20.000000,0.000000,0.000000,20.000000,0.000000,0.000000,0.000000,0.000000,0.012160,0.000000,0.910900,-1.492531,-3.287784,-19.671371,20.000000
2.468000,11,"LINK_TORSO_YAW",2.440000,0.200000,0.028000,-20.000000,0.000000,0.000000,20.000000,0.000000,0.000000,0.000000,0.000000,0.012160,0.000000,0.910900,-1.407728,-3.214436,-19.689736,20.000000
2.469000,11,"LINK_TORSO_YAW",2.440000,0.200000,0.029000,-20.000000,0.000000,0.000000,20.000000,0.000000,0.000000,0.000000,0.000000,0.012160,0.000000,0.910900,-1.332330,-3.129440,-19.708666,20.000000
2.470000,11,"LINK_TORSO_YAW",2.440000,0.200000,0.030000,-20.000000,0.000000,0.000000,20.000000,0.000000,0.000000,0.000000,0.000000,0.012160,0.000000,0.910900,-1.263916,-3.034749,-19.727970,20.000000
2.471000,11,"LINK_TORSO_YAW",2.440000,0.200000,0.031000,-20.000000,0.000000,0.000000,20.000000,0.000000,0.000000,0.000000,0.000000,0.012160,0.000000,0.910900,-1.201174,-2.932229,-19.747385,20.000000
2.472000,11,"LINK_TORSO_YAW",2.440000,0.200000,0.032000,-20.000000,0.000000,0.000000,20.000000,0.000000,0.000000,0.000000,0.000000,0.012160,0.000000,0.910900,-1.142730,-2.823341,-19.766712,20.000000
2.473000,11,"LINK_TORSO_YAW",2.440000,0.200000,0.033000,-20.000000,0.000000,0.000000,20.000000,0.000000,0.000000,0.000000,0.000000,0.012160,0.000000,0.910900,-1.087492,-2.709288,-19.785781,20.000000
2.474000,11,"LINK_TORSO_YAW",2.440000,0.200000,0.034000,-20.000000,0.000000,0.000000,20.000000,0.000000,0.000000,0.000000,0.000000,0.012160,0.000000,0.910900,-1.031256,-2.598528,-19.803640,20.000000
2.475000,11,"LINK_TORSO_YAW",2.440000,0.200000,0.035000,-20.000000,0.000000,0.000000,20.000000,0.000000,0.000000,0.000000,0.000000,0.012160,0.000000,0.910900,-0.976780,-2.484363,-19.821045,20.000000
2.476000,11,"LINK_TORSO_YAW",2.440000,0.200000,0.036000,-20.000000,0.000000,0.000000,20.000000,0.000000,0.000000,0.000000,0.000000,0.012160,0.000000,0.910900,-0.923410,-2.367606,-19.837887,20.000000
2.477000,11,"LINK_TORSO_YAW",2.440000,0.200000,0.037000,-20.000000,0.000000,0.000000,20.000000,0.000000,0.000000,0.000000,0.000000,0.012160,0.000000,0.910900,-0.870750,-2.249077,-19.854054,20.000000
2.478000,11,"LINK_TORSO_YAW",2.440000,0.200000,0.038000,-20.000000,0.000000,0.000000,20.000000,0.000000,0.000000,0.000000,0.000000,0.012160,0.000000,0.910900,-0.818612,-2.129148,-19.869489,20.000000
2.479000,11,"LINK_TORSO_YAW",2.440000,0.200000,0.039000,-20.000000,0.000000,0.000000,20.000000,0.000000,0.000000,0.000000,0.000000,0.012160,0.000000,0.910900,-0.766795,-2.008299,-19.884133,20.000000
2.480000,11,"LINK_TORSO_YAW",2.440000,0.200000,0.040000,-20.000000,0.000000,0.000000,20.000000,0.000000,0.000000,0.000000,0.000000,0.012160,0.000000,0.910900,-0.714960,-1.886957,-19.897945,20.000000
2.481000,11,"LINK_TORSO_YAW",2.440000,0.200000,0.041000,-20.000000,0.000000,0.000000,20.000000,0.000000,0.000000,0.000000,0.000000,0.012160,0.000000,0.910900,-0.660928,-1.772118,-19.910368,20.000000
2.482000,11,"LINK_TORSO_YAW",2.440000,0.200000,0.042000,-20.000000,0.000000,0.000000,20.000000,0.000000,0.000000,0.000000,0.000000,0.012160,0.000000,0.910900,-0.606750,-1.657135,-19.921992,20.000000
2.483000,11,"LINK_TORSO_YAW",2.440000,0.200000,0.043000,-20.000000,0.000000,0.000000,20.000000,0.000000,0.000000,0.000000,0.000000,0.012160,0.000000,0.910900,-0.551944,-1.542255,-19.932807,20.000000
2.484000,11,"LINK_TORSO_YAW",2.440000,0.200000,0.044000,-20.000000,0.000000,0.000000,20.000000,0.000000,0.000000,0.000000,0.000000,0.012160,0.000000,0.910900,-0.496605,-1.427458,-19.942812,20.000000
2.485000,11,"LINK_TORSO_YAW",2.440000,0.200000,0.045000,-20.000000,0.000000,0.000000,20.000000,0.000000,0.000000,0.000000,0.000000,0.012160,0.000000,0.910900,-0.440563,-1.313010,-19.951990,20.000000
2.486000,11,"LINK_TORSO_YAW",2.440000,0.200000,0.046000,-20.000000,0.000000,0.000000,20.000000,0.000000,0.000000,0.000000,0.000000,0.012160,0.000000,0.910900,-0.384384,-1.199280,-19.960310,20.000000
2.487000,11,"LINK_TORSO_YAW",2.440000,0.200000,0.047000,-20.000000,0.000000,0.000000,20.000000,0.000000,0.000000,0.000000,0.000000,0.012160,0.000000,0.910900,-0.327660,-1.086096,-19.967800,20.000000
2.488000,11,"LINK_TORSO_YAW",2.440000,0.200000,0.048000,-20.000000,0.000000,0.000000,20.000000,0.000000,0.000000,0.000000,0.000000,0.012160,0.000000,0.910900,-0.270548,-0.973552,-19.974459,20.000000
2.489000,11,"LINK_TORSO_YAW",2.440000,0.200000,0.049000,-20.000000,0.000000,0.000000,20.000000,0.000000,0.000000,0.000000,0.000000,0.012160,0.000000,0.910900,-0.212936,-0.869593,-19.979952,20.000000
2.490000,11,"LINK_TORSO_YAW",2.440000,0.200000,0.050000,-20.000000,0.000000,0.000000,20.000000,0.000000,0.000000,0.000000,0.000000,0.012160,0.000000,0.910900,-0.155433,-0.768563,-19.984623,20.000000
2.491000,11,"LINK_TORSO_YAW",2.440000,0.200000,0.051000,-20.000000,0.000000,0.000000,20.000000,0.000000,0.000000,0.000000,0.000000,0.012160,0.000000,0.910900,-0.098233,-0.668511,-19.988583,20.000000
2.492000,11,"LINK_TORSO_YAW",2.440000,0.200000,0.052000,-20.000000,0.000000,0.000000,20.000000,0.000000,0.000000,0.000000,0.000000,0.012160,0.000000,0.910900,-0.041114,-0.569516,-19.991847,20.000000
2.493000,11,"LINK_TORSO_YAW",2.440000,0.200000,0.053000,-20.000000,0.000000,0.000000,20.000000,0.000000,0.000000,0.000000,0.000000,0.012160,0.000000,0.910900,0.016111,-0.471665,-19.994431,20.000000
2.494000,11,"LINK_TORSO_YAW",2.440000,0.200000,0.054000,-20.000000,0.000000,0.000000,20.000000,0.000000,0.000000,0.000000,0.000000,0.012160,0.000000,0.910900,0.073596,-0.375039,-19.996348,20.000000
2.495000,11,"LINK_TORSO_YAW",2.440000,0.200000,0.055000,-20.000000,0.000000,0.000000,20.000000,0.000000,0.000000,0.000000,0.000000,0.012160,0.000000,0.910900,0.130842,-0.279734,-19.997616,20.000000
2.496000,11,"LINK_TORSO_YAW",2.440000,0.200000,0.056000,-20.000000,0.000000,0.000000,20.000000,0.000000,0.000000,0.000000,0.000000,0.012160,0.000000,0.910900,0.188065,-0.185816,-19.998253,20.000000
2.497000,11,"LINK_TORSO_YAW",2.440000,0.200000,0.057000,-20.000000,0.000000,0.000000,20.000000,0.000000,0.000000,0.000000,0.000000,0.012160,0.000000,0.910900,0.245812,-0.098828,-19.998245,20.000000
2.498000,11,"LINK_TORSO_YAW",2.440000,0.200000,0.058000,-20.000000,0.000000,0.000000,20.000000,0.000000,0.000000,0.000000,0.000000,0.012160,0.000000,0.910900,0.303818,-0.014610,-19.997687,20.000000
2.499000,11,"LINK_TORSO_YAW",2.440000,0.200000,0.059000,-20.000000,0.000000,0.000000,20.000000,0.000000,0.000000,0.000000,0.000000,0.012160,0.000000,0.910900,0.362063,0.067523,-19.996608,20.000000
2.500000,11,"LINK_TORSO_YAW",2.440000,0.200000,0.060000,-20.000000,0.000000,0.000000,20.000000,0.000000,0.000000,0.000000,0.000000,0.012160,0.000000,0.910900,0.420393,0.148482,-19.995030,20.000000
2.501000,11,"LINK_TORSO_YAW",2.440000,0.200000,0.061000,-20.000000,0.000000,0.000000,20.000000,0.000000,0.000000,0.000000,0.000000,0.012160,0.000000,0.910900,0.478898,0.228184,-19.992963,20.000000
2.502000,11,"LINK_TORSO_YAW",2.440000,0.200000,0.062000,-20.000000,0.000000,0.000000,20.000000,0.000000,0.000000,0.000000,0.000000,0.012160,0.000000,0.910900,0.537645,0.304127,-19.990459,20.000000
2.503000,11,"LINK_TORSO_YAW",2.440000,0.200000,0.063000,-20.000000,0.000000,0.000000,20.000000,0.000000,0.000000,0.000000,0.000000,0.012160,0.000000,0.910900,0.596050,0.377622,-19.987549,20.000000
2.504000,11,"LINK_TORSO_YAW",2.440000,0.200000,0.064000,-20.000000,0.000000,0.000000,20.000000,0.000000,0.000000,0.000000,0.000000,0.012160,0.000000,0.910900,0.653984,0.448629,-19.984270,20.000000
2.505000,11,"LINK_TORSO_YAW",2.440000,0.200000,0.065000,-20.000000,0.000000,0.000000,20.000000,0.000000,0.000000,0.000000,0.000000,0.012160,0.000000,0.910900,0.711434,0.517164,-19.980651,20.000000
2.506000,11,"LINK_TORSO_YAW",2.440000,0.200000,0.066000,-20.000000,0.000000,0.000000,20.000000,0.000000,0.000000,0.000000,0.000000,0.012160,0.000000,0.910900,0.768399,0.583270,-19.976720,20.000000
2.507000,11,"LINK_TORSO_YAW",2.440000,0.200000,0.067000,-20.000000,0.000000,0.000000,20.000000,0.000000,0.000000,0.000000,0.000000,0.012160,0.000000,0.910900,0.824893,0.646944,-19.972506,20.000000
2.508000,11,"LINK_TORSO_YAW",2.440000,0.200000,0.068000,-20.000000,0.000000,0.000000,20.000000,0.000000,0.000000,0.000000,0.000000,0.012160,0.000000,0.910900,0.879389,0.708881,-19.968079,20.000000
2.509000,11,"LINK_TORSO_YAW",2.440000,0.200000,0.069000,-20.000000,0.000000,0.000000,20.000000,0.000000,0.000000,0.000000,0.000000,0.012160,0.000000,0.910900,0.932054,0.768954,-19.963466,20.000000
2.510000,11,"LINK_TORSO_YAW",2.440000,0.200000,0.070000,-20.000000,0.000000,0.000000,20.000000,0.000000,0.000000,0.000000,0.000000,0.012160,0.000000,0.910900,0.984131,0.828201,-19.958596,20.000000
2.511000,11,"LINK_TORSO_YAW",2.440000,0.200000,0.071000,-20.000000,0.000000,0.000000,20.000000,0.000000,0.000000,0.000000,0.000000,0.012160,0.000000,0.910900,1.033445,0.883987,-19.953710,20.000000
2.512000,11,"LINK_TORSO_YAW",2.440000,0.200000,0.072000,-20.000000,0.000000,0.000000,20.000000,0.000000,0.000000,0.000000,0.000000,0.012160,0.000000,0.910900,1.080565,0.937797,-19.948757,20.000000
2.513000,11,"LINK_TORSO_YAW",2.440000,0.200000,0.073000,-20.000000,0.000000,0.000000,20.000000,0.000000,0.000000,0.000000,0.000000,0.012160,0.000000,0.910900,1.125434,0.989420,-19.943782,20.000000
2.514000,11,"LINK_TORSO_YAW",2.440000,0.200000,0.074000,-20.000000,0.000000,0.000000,20.000000,0.000000,0.000000,0.000000,0.000000,0.012160,0.000000,0.910900,1.169421,1.039693,-19.938693,20.000000
2.515000,11,"LINK_TORSO_YAW",2.440000,0.200000,0.075000,-20.000000,0.000000,0.000000,20.000000,0.000000,0.000000,0.000000,0.000000,0.012160,0.000000,0.910900,1.211181,1.087030,-19.933675,20.000000
2.516000,11,"LINK_TORSO_YAW",2.440000,0.200000,0.076000,-20.000000,0.000000,0.000000,20.000000,0.000000,0.000000,0.000000,0.000000,0.012160,0.000000,0.910900,1.252572,1.132991,-19.928557,20.000000
2.517000,11,"LINK_TORSO_YAW",2.440000,0.200000,0.077000,-20.000000,0.000000,0.000000,20.000000,0.000000,0.000000,0.000000,0.000000,0.012160,0.000000,0.910900,1.292041,1.175983,-19.923546,20.000000
2.518000,11,"LINK_TORSO_YAW",2.440000,0.200000,0.078000,-20.000000,0.000000,0.000000,20.000000,0.000000,0.000000,0.000000,0.000000,0.012160,0.000000,0.910900,1.331572,1.217556,-19.918446,20.000000
2.519000,11,"LINK_TORSO_YAW",2.440000,0.200000,0.079000,-20.000000,0.000000,0.000000,20.000000,0.000000,0.000000,0.000000,0.000000,0.012160,0.000000,0.910900,1.371269,1.257498,-19.913270,20.000000
2.520000,11,"LINK_TORSO_YAW",2.440000,0.200000,0.080000,-20.000000,0.000000,0.000000,20.000000,0.000000,0.000000,0.000000,0.000000,0.012160,0.000000,0.910900,1.408763,1.293575,-19.908341,20.000000
2.521000,11,"LINK_TORSO_YAW",2.440000,0.200000,0.081000,-20.000000,0.000000,0.000000,20.000000,0.000000,0.000000,0.000000,0.000000,0.012160,0.000000,0.910900,1.445229,1.327297,-19.903507,20.000000
3.830000,12,"LINK_TORSO_YAW",3.829000,0.200000,0.001000,20.000000,0.000000,0.000000,20.000000,0.000000,0.000000,0.000000,0.000000,0.012160,0.000000,0.910900,19.916249,1.828354,-0.012840,20.000000
3.831000,12,"LINK_TORSO_YAW",3.829000,0.200000,0.002000,20.000000,0.000000,0.000000,20.000000,0.000000,0.000000,0.000000,0.000000,0.012160,0.000000,0.910900,19.915964,1.831442,-0.014347,20.000000
3.832000,12,"LINK_TORSO_YAW",3.829000,0.200000,0.003000,20.000000,0.000000,0.000000,20.000000,0.000000,0.000000,0.000000,0.000000,0.012160,0.000000,0.910900,19.915668,1.834656,-0.014969,20.000000
3.833000,12,"LINK_TORSO_YAW",3.829000,0.200000,0.004000,20.000000,0.000000,0.000000,20.000000,0.000000,0.000000,0.000000,0.000000,0.012160,0.000000,0.910900,19.915359,1.838003,-0.014769,20.000000
3.834000,12,"LINK_TORSO_YAW",3.829000,0.200000,0.005000,20.000000,0.000000,0.000000,20.000000,0.000000,0.000000,0.000000,0.000000,0.012160,0.000000,0.910900,19.915037,1.841498,-0.013818,20.000000
3.835000,12,"LINK_TORSO_YAW",3.829000,0.200000,0.006000,20.000000,0.000000,0.000000,20.000000,0.000000,0.000000,0.000000,0.000000,0.012160,0.000000,0.910900,19.914705,1.845099,-0.012212,20.000000
3.836000,12,"LINK_TORSO_YAW",3.829000,0.200000,0.007000,20.000000,0.000000,0.000000,20.000000,0.000000,0.000000,0.000000,0.000000,0.012160,0.000000,0.910900,19.914429,1.848085,-0.009965,20.000000
3.837000,12,"LINK_TORSO_YAW",3.829000,0.200000,0.008000,20.000000,0.000000,0.000000,20.000000,0.000000,0.000000,0.000000,0.000000,0.012160,0.000000,0.910900,19.914152,1.851076,-0.007214,20.000000
3.838000,12,"LINK_TORSO_YAW",3.829000,0.200000,0.009000,20.000000,0.000000,0.000000,20.000000,0.000000,0.000000,0.000000,0.000000,0.012160,0.000000,0.910900,19.913884,1.853970,-0.004302,20.000000
3.839000,12,"LINK_TORSO_YAW",3.829000,0.200000,0.010000,20.000000,0.000000,0.000000,20.000000,0.000000,0.000000,0.000000,0.000000,0.012160,0.000000,0.910900,19.913607,1.856952,-0.001284,20.000000
3.840000,12,"LINK_TORSO_YAW",3.829000,0.200000,0.011000,20.000000,0.000000,0.000000,20.000000,0.000000,0.000000,0.000000,0.000000,0.012160,0.000000,0.910900,19.913335,1.859867,0.001742,20.000000
3.841000,12,"LINK_TORSO_YAW",3.829000,0.200000,0.012000,20.000000,0.000000,0.000000,20.000000,0.000000,0.000000,0.000000,0.000000,0.012160,0.000000,0.910900,19.913075,1.862641,0.005251,20.000000
3.842000,12,"LINK_TORSO_YAW",3.829000,0.200000,0.013000,20.000000,0.000000,0.000000,20.000000,0.000000,0.000000,0.000000,0.000000,0.012160,0.000000,0.910900,19.912827,1.865275,0.009161,20.000000
3.843000,12,"LINK_TORSO_YAW",3.829000,0.200000,0.014000,20.000000,0.000000,0.000000,20.000000,0.000000,0.000000,0.000000,0.000000,0.012160,0.000000,0.910900,19.912617,1.867481,0.013419,20.000000
3.844000,12,"LINK_TORSO_YAW",3.829000,0.200000,0.015000,20.000000,0.000000,0.000000,20.000000,0.000000,0.000000,0.000000,0.000000,0.012160,0.000000,0.910900,19.912423,1.869515,0.017869,20.000000
3.845000,12,"LINK_TORSO_YAW",3.829000,0.200000,0.016000,20.000000,0.000000,0.000000,20.000000,0.000000,0.000000,0.000000,0.000000,0.012160,0.000000,0.910900,19.912247,1.871339,0.022289,20.000000
3.846000,12,"LINK_TORSO_YAW",3.829000,0.200000,0.017000,20.000000,0.000000,0.000000,20.000000,0.000000,0.000000,0.000000,0.000000,0.012160,0.000000,0.910900,19.912089,1.872968,0.026605,20.000000
3.847000,12,"LINK_TORSO_YAW",3.829000,0.200000,0.018000,20.000000,0.000000,0.000000,20.000000,0.000000,0.000000,0.000000,0.000000,0.012160,0.000000,0.910900,19.911928,1.874618,0.030750,20.000000
3.848000,12,"LINK_TORSO_YAW",3.829000,0.200000,0.019000,20.000000,0.000000,0.000000,20.000000,0.000000,0.000000,0.000000,0.000000,0.012160,0.000000,0.910900,19.911782,1.876097,0.034653,20.000000
3.849000,12,"LINK_TORSO_YAW",3.829000,0.200000,0.020000,20.000000,0.000000,0.000000,20.000000,0.000000,0.000000,0.000000,0.000000,0.012160,0.000000,0.910900,19.911652,1.877402,0.038249,20.000000
3.850000,12,"LINK_TORSO_YAW",3.829000,0.200000,0.021000,20.000000,0.000000,0.000000,20.000000,0.000000,0.000000,0.000000,0.000000,0.012160,0.000000,0.910900,19.911539,1.878534,0.041474,20.000000
3.851000,12,"LINK_TORSO_YAW",3.829000,0.200000,0.022000,20.000000,0.000000,0.000000,20.000000,0.000000,0.000000,0.000000,0.000000,0.012160,0.000000,0.910900,19.911421,1.879727,0.044258,20.000000
3.852000,12,"LINK_TORSO_YAW",3.829000,0.200000,0.023000,20.000000,0.000000,0.000000,20.000000,0.000000,0.000000,0.000000,0.000000,0.012160,0.000000,0.910900,19.911314,1.880791,0.047058,20.000000
3.853000,12,"LINK_TORSO_YAW",3.829000,0.200000,0.024000,20.000000,0.000000,0.000000,20.000000,0.000000,0.000000,0.000000,0.000000,0.012160,0.000000,0.910900,19.911227,1.881638,0.049807,20.000000
3.854000,12,"LINK_TORSO_YAW",3.829000,0.200000,0.025000,20.000000,0.000000,0.000000,20.000000,0.000000,0.000000,0.000000,0.000000,0.012160,0.000000,0.910900,19.911160,1.882278,0.052448,20.000000
3.855000,12,"LINK_TORSO_YAW",3.829000,0.200000,0.026000,20.000000,0.000000,0.000000,20.000000,0.000000,0.000000,0.000000,0.000000,0.012160,0.000000,0.910900,19.911088,1.882960,0.054956,20.000000
3.856000,12,"LINK_TORSO_YAW",3.829000,0.200000,0.027000,20.000000,0.000000,0.000000,20.000000,0.000000,0.000000,0.000000,0.000000,0.012160,0.000000,0.910900,19.911038,1.883425,0.057254,20.000000
3.857000,12,"LINK_TORSO_YAW",3.829000,0.200000,0.028000,20.000000,0.000000,0.000000,20.000000,0.000000,0.000000,0.000000,0.000000,0.012160,0.000000,0.910900,19.911007,1.883692,0.059281,20.000000
3.858000,12,"LINK_TORSO_YAW",3.829000,0.200000,0.029000,20.000000,0.000000,0.000000,20.000000,0.000000,0.000000,0.000000,0.000000,0.012160,0.000000,0.910900,19.910971,1.884010,0.061013,20.000000
3.859000,12,"LINK_TORSO_YAW",3.829000,0.200000,0.030000,20.000000,0.000000,0.000000,20.000000,0.000000,0.000000,0.000000,0.000000,0.012160,0.000000,0.910900,19.910948,1.884208,0.062375,20.000000
3.860000,12,"LINK_TORSO_YAW",3.829000,0.200000,0.031000,20.000000,0.000000,0.000000,20.000000,0.000000,0.000000,0.000000,0.000000,0.012160,0.000000,0.910900,19.910943,1.884239,0.063318,20.000000
3.861000,12,"LINK_TORSO_YAW",3.829000,0.200000,0.032000,20.000000,0.000000,0.000000,20.000000,0.000000,0.000000,0.000000,0.000000,0.012160,0.000000,0.910900,19.910952,1.884120,0.063797,20.000000
3.862000,12,"LINK_TORSO_YAW",3.829000,0.200000,0.033000,20.000000,0.000000,0.000000,20.000000,0.000000,0.000000,0.000000,0.000000,0.012160,0.000000,0.910900,19.910960,1.884035,0.063774,20.000000
3.863000,12,"LINK_TORSO_YAW",3.829000,0.200000,0.034000,20.000000,0.000000,0.000000,20.000000,0.000000,0.000000,0.000000,0.000000,0.012160,0.000000,0.910900,19.910981,1.883824,0.063729,20.000000
3.864000,12,"LINK_TORSO_YAW",3.829000,0.200000,0.035000,20.000000,0.000000,0.000000,20.000000,0.000000,0.000000,0.000000,0.000000,0.012160,0.000000,0.910900,19.911009,1.883524,0.063666,20.000000
3.865000,12,"LINK_TORSO_YAW",3.829000,0.200000,0.036000,20.000000,0.000000,0.000000,20.000000,0.000000,0.000000,0.000000,0.000000,0.012160,0.000000,0.910900,19.911054,1.883052,0.063531,20.000000
3.866000,12,"LINK_TORSO_YAW",3.829000,0.200000,0.037000,20.000000,0.000000,0.000000,20.000000,0.000000,0.000000,0.000000,0.000000,0.012160,0.000000,0.910900,19.911098,1.882599,0.063284,20.000000
3.867000,12,"LINK_TORSO_YAW",3.829000,0.200000,0.038000,20.000000,0.000000,0.000000,20.000000,0.000000,0.000000,0.000000,0.000000,0.012160,0.000000,0.910900,19.911148,1.882085,0.062861,20.000000
3.868000,12,"LINK_TORSO_YAW",3.829000,0.200000,0.039000,20.000000,0.000000,0.000000,20.000000,0.000000,0.000000,0.000000,0.000000,0.012160,0.000000,0.910900,19.911217,1.881370,0.062202,20.000000
3.869000,12,"LINK_TORSO_YAW",3.829000,0.200000,0.040000,20.000000,0.000000,0.000000,20.000000,0.000000,0.000000,0.000000,0.000000,0.012160,0.000000,0.910900,19.911286,1.880673,0.061259,20.000000
3.870000,12,"LINK_TORSO_YAW",3.829000,0.200000,0.041000,20.000000,0.000000,0.000000,20.000000,0.000000,0.000000,0.000000,0.000000,0.012160,0.000000,0.910900,19.911359,1.879946,0.059979,20.000000
3.871000,12,"LINK_TORSO_YAW",3.829000,0.200000,0.042000,20.000000,0.000000,0.000000,20.000000,0.000000,0.000000,0.000000,0.000000,0.012160,0.000000,0.910900,19.911433,1.879206,0.058347,20.000000
3.872000,12,"LINK_TORSO_YAW",3.829000,0.200000,0.043000,20.000000,0.000000,0.000000,20.000000,0.000000,0.000000,0.000000,0.000000,0.012160,0.000000,0.910900,19.911527,1.878274,0.056319,20.000000
3.873000,12,"LINK_TORSO_YAW",3.829000,0.200000,0.044000,20.000000,0.000000,0.000000,20.000000,0.000000,0.000000,0.000000,0.000000,0.012160,0.000000,0.910900,19.911616,1.877403,0.053844,20.000000
3.874000,12,"LINK_TORSO_YAW",3.829000,0.200000,0.045000,20.000000,0.000000,0.000000,20.000000,0.000000,0.000000,0.000000,0.000000,0.012160,0.000000,0.910900,19.911706,1.876516,0.051430,20.000000
3.875000,12,"LINK_TORSO_YAW",3.829000,0.200000,0.046000,20.000000,0.000000,0.000000,20.000000,0.000000,0.000000,0.000000,0.000000,0.012160,0.000000,0.910900,19.911800,1.875585,0.049014,20.000000
3.876000,12,"LINK_TORSO_YAW",3.829000,0.200000,0.047000,20.000000,0.000000,0.000000,20.000000,0.000000,0.000000,0.000000,0.000000,0.012160,0.000000,0.910900,19.911895,1.874639,0.046544,20.000000
3.877000,12,"LINK_TORSO_YAW",3.829000,0.200000,0.048000,20.000000,0.000000,0.000000,20.000000,0.000000,0.000000,0.000000,0.000000,0.012160,0.000000,0.910900,19.911995,1.873642,0.043961,20.000000
3.878000,12,"LINK_TORSO_YAW",3.829000,0.200000,0.049000,20.000000,0.000000,0.000000,20.000000,0.000000,0.000000,0.000000,0.000000,0.012160,0.000000,0.910900,19.912095,1.872639,0.041305,20.000000
3.879000,12,"LINK_TORSO_YAW",3.829000,0.200000,0.050000,20.000000,0.000000,0.000000,20.000000,0.000000,0.000000,0.000000,0.000000,0.012160,0.000000,0.910900,19.912209,1.871485,0.038518,20.000000
3.880000,12,"LINK_TORSO_YAW",3.829000,0.200000,0.051000,20.000000,0.000000,0.000000,20.000000,0.000000,0.000000,0.000000,0.000000,0.012160,0.000000,0.910900,19.912315,1.870416,0.035551,20.000000
3.881000,12,"LINK_TORSO_YAW",3.829000,0.200000,0.052000,20.000000,0.000000,0.000000,20.000000,0.000000,0.000000,0.000000,0.000000,0.012160,0.000000,0.910900,19.912427,1.869281,0.032356,20.000000
3.882000,12,"LINK_TORSO_YAW",3.829000,0.200000,0.053000,20.000000,0.000000,0.000000,20.000000,0.000000,0.000000,0.000000,0.000000,0.012160,0.000000,0.910900,19.912540,1.868130,0.028883,20.000000
3.883000,12,"LINK_TORSO_YAW",3.829000,0.200000,0.054000,20.000000,0.000000,0.000000,20.000000,0.000000,0.000000,0.000000,0.000000,0.012160,0.000000,0.910900,19.912660,1.866904,0.025093,20.000000
3.884000,12,"LINK_TORSO_YAW",3.829000,0.200000,0.055000,20.000000,0.000000,0.000000,20.000000,0.000000,0.000000,0.000000,0.000000,0.012160,0.000000,0.910900,19.912782,1.865652,0.021021,20.000000
3.885000,12,"LINK_TORSO_YAW",3.829000,0.200000,0.056000,20.000000,0.000000,0.000000,20.000000,0.000000,0.000000,0.000000,0.000000,0.012160,0.000000,0.910900,19.912912,1.864306,0.017149,20.000000
3.886000,12,"LINK_TORSO_YAW",3.829000,0.200000,0.057000,20.000000,0.000000,0.000000,20.000000,0.000000,0.000000,0.000000,0.000000,0.012160,0.000000,0.910900,19.913046,1.862909,0.013411,20.000000
3.887000,12,"LINK_TORSO_YAW",3.829000,0.200000,0.058000,20.000000,0.000000,0.000000,20.000000,0.000000,0.000000,0.000000,0.000000,0.012160,0.000000,0.910900,19.913191,1.861373,0.009739,20.000000
3.888000,12,"LINK_TORSO_YAW",3.829000,0.200000,0.059000,20.000000,0.000000,0.000000,20.000000,0.000000,0.000000,0.000000,0.000000,0.012160,0.000000,0.910900,19.913334,1.859867,0.006083,20.000000
3.889000,12,"LINK_TORSO_YAW",3.829000,0.200000,0.060000,20.000000,0.000000,0.000000,20.000000,0.000000,0.000000,0.000000,0.000000,0.012160,0.000000,0.910900,19.913477,1.858339,0.002388,20.000000
3.890000,12,"LINK_TORSO_YAW",3.829000,0.200000,0.061000,20.000000,0.000000,0.000000,20.000000,0.000000,0.000000,0.000000,0.000000,0.012160,0.000000,0.910900,19.913626,1.856740,-0.001398,20.000000
3.891000,12,"LINK_TORSO_YAW",3.829000,0.200000,0.062000,20.000000,0.000000,0.000000,20.000000,0.000000,0.000000,0.000000,0.000000,0.012160,0.000000,0.910900,19.913778,1.855107,-0.005314,20.000000
3.892000,12,"LINK_TORSO_YAW",3.829000,0.200000,0.063000,20.000000,0.000000,0.000000,20.000000,0.000000,0.000000,0.000000,0.000000,0.012160,0.000000,0.910900,19.913929,1.853465,-0.009409,20.000000
3.893000,12,"LINK_TORSO_YAW",3.829000,0.200000,0.064000,20.000000,0.000000,0.000000,20.000000,0.000000,0.000000,0.000000,0.000000,0.012160,0.000000,0.910900,19.914086,1.851756,-0.013726,20.000000
3.894000,12,"LINK_TORSO_YAW",3.829000,0.200000,0.065000,20.000000,0.000000,0.000000,20.000000,0.000000,0.000000,0.000000,0.000000,0.012160,0.000000,0.910900,19.914249,1.849955,-0.018316,20.000000
3.895000,12,"LINK_TORSO_YAW",3.829000,0.200000,0.066000,20.000000,0.000000,0.000000,20.000000,0.000000,0.000000,0.000000,0.000000,0.012160,0.000000,0.910900,19.914402,1.848257,-0.023219,20.000000
3.896000,12,"LINK_TORSO_YAW",3.829000,0.200000,0.067000,20.000000,0.000000,0.000000,20.000000,0.000000,0.000000,0.000000,0.000000,0.012160,0.000000,0.910900,19.914563,1.846457,-0.027925,20.000000
3.897000,12,"LINK_TORSO_YAW",3.829000,0.200000,0.068000,20.000000,0.000000,0.000000,20.000000,0.000000,0.000000,0.000000,0.000000,0.012160,0.000000,0.910900,19.914727,1.844612,-0.032502,20.000000
3.898000,12,"LINK_TORSO_YAW",3.829000,0.200000,0.069000,20.000000,0.000000,0.000000,20.000000,0.000000,0.000000,0.000000,0.000000,0.012160,0.000000,0.910900,19.914894,1.842721,-0.037013,20.000000
3.899000,12,"LINK_TORSO_YAW",3.829000,0.200000,0.070000,20.000000,0.000000,0.000000,20.000000,0.000000,0.000000,0.000000,0.000000,0.012160,0.000000,0.910900,19.915062,1.840807,-0.041513,20.000000
3.900000,12,"LINK_TORSO_YAW",3.829000,0.200000,0.071000,20.000000,0.000000,0.000000,20.000000,0.000000,0.000000,0.000000,0.000000,0.012160,0.000000,0.910900,19.915236,1.838814,-0.046067,20.000000
3.901000,12,"LINK_TORSO_YAW",3.829000,0.200000,0.072000,20.000000,0.000000,0.000000,20.000000,0.000000,0.000000,0.000000,0.000000,0.012160,0.000000,0.910900,19.915413,1.836781,-0.050731,20.000000
3.902000,12,"LINK_TORSO_YAW",3.829000,0.200000,0.073000,20.000000,0.000000,0.000000,20.000000,0.000000,0.000000,0.000000,0.000000,0.012160,0.000000,0.910900,19.915591,1.834707,-0.055560,20.000000
3.903000,12,"LINK_TORSO_YAW",3.829000,0.200000,0.074000,20.000000,0.000000,0.000000,20.000000,0.000000,0.000000,0.000000,0.000000,0.012160,0.000000,0.910900,19.915773,1.832568,-0.060612,20.000000
3.904000,12,"LINK_TORSO_YAW",3.829000,0.200000,0.075000,20.000000,0.000000,0.000000,20.000000,0.000000,0.000000,0.000000,0.000000,0.012160,0.000000,0.910900,19.915950,1.830459,-0.065888,20.000000
3.905000,12,"LINK_TORSO_YAW",3.829000,0.200000,0.076000,20.000000,0.000000,0.000000,20.000000,0.000000,0.000000,0.000000,0.000000,0.012160,0.000000,0.910900,19.916130,1.828300,-0.071435,20.000000
3.906000,12,"LINK_TORSO_YAW",3.829000,0.200000,0.077000,20.000000,0.000000,0.000000,20.000000,0.000000,0.000000,0.000000,0.000000,0.012160,0.000000,0.910900,19.916307,1.826126,-0.077299,20.000000
3.907000,12,"LINK_TORSO_YAW",3.829000,0.200000,0.078000,20.000000,0.000000,0.000000,20.000000,0.000000,0.000000,0.000000,0.000000,0.012160,0.000000,0.910900,19.916487,1.823887,-0.083522,20.000000
3.908000,12,"LINK_TORSO_YAW",3.829000,0.200000,0.079000,20.000000,0.000000,0.000000,20.000000,0.000000,0.000000,0.000000,0.000000,0.012160,0.000000,0.910900,19.916675,1.821550,-0.089550,20.000000
3.909000,12,"LINK_TORSO_YAW",3.829000,0.200000,0.080000,20.000000,0.000000,0.000000,20.000000,0.000000,0.000000,0.000000,0.000000,0.012160,0.000000,0.910900,19.916850,1.819339,-0.095424,20.000000
3.910000,12,"LINK_TORSO_YAW",3.829000,0.200000,0.081000,20.000000,0.000000,0.000000,20.000000,0.000000,0.000000,0.000000,0.000000,0.012160,0.000000,0.910900,19.917029,1.817065,-0.101224,20.000000
3.911000,12,"LINK_TORSO_YAW",3.829000,0.200000,0.082000,20.000000,0.000000,0.000000,20.000000,0.000000,0.000000,0.000000,0.000000,0.012160,0.000000,0.910900,19.917209,1.814756,-0.106921,20.000000
3.912000,12,"LINK_TORSO_YAW",3.829000,0.200000,0.083000,20.000000,0.000000,0.000000,20.000000,0.000000,0.000000,0.000000,0.000000,0.012160,0.000000,0.910900,19.917392,1.812412,-0.112578,20.000000
3.913000,12,"LINK_TORSO_YAW",3.829000,0.200000,0.084000,20.000000,0.000000,0.000000,20.000000,0.000000,0.000000,0.000000,0.000000,0.012160,0.000000,0.910900,19.917572,1.810068,-0.118248,20.000000
3.914000,12,"LINK_TORSO_YAW",3.829000,0.200000,0.085000,20.000000,0.000000,0.000000,20.000000,0.000000,0.000000,0.000000,0.000000,0.012160,0.000000,0.910900,19.917754,1.807675,-0.123995,20.000000
3.915000,12,"LINK_TORSO_YAW",3.829000,0.200000,0.086000,20.000000,0.000000,0.000000,20.000000,0.000000,0.000000,0.000000,0.000000,0.012160,0.000000,0.910900,19.917936,1.805258,-0.129877,20.000000
3.916000,12,"LINK_TORSO_YAW",3.829000,0.200000,0.087000,20.000000,0.000000,0.000000,20.000000,0.000000,0.000000,0.000000,0.000000,0.012160,0.000000,0.910900,19.918117,1.802814,-0.135949,20.000000
3.917000,12,"LINK_TORSO_YAW",3.829000,0.200000,0.088000,20.000000,0.000000,0.000000,20.000000,0.000000,0.000000,0.000000,0.000000,0.012160,0.000000,0.910900,19.918299,1.800314,-0.142234,20.000000
3.918000,12,"LINK_TORSO_YAW",3.829000,0.200000,0.089000,20.000000,0.000000,0.000000,20.000000,0.000000,0.000000,0.000000,0.000000,0.012160,0.000000,0.910900,19.918474,1.797853,-0.148757,20.000000
3.919000,12,"LINK_TORSO_YAW",3.829000,0.200000,0.090000,20.000000,0.000000,0.000000,20.000000,0.000000,0.000000,0.000000,0.000000,0.012160,0.000000,0.910900,19.918650,1.795370,-0.154980,20.000000
3.920000,12,"LINK_TORSO_YAW",3.829000,0.200000,0.091000,20.000000,0.000000,0.000000,20.000000,0.000000,0.000000,0.000000,0.000000,0.012160,0.000000,0.910900,19.918827,1.792883,-0.160965,20.000000
3.921000,12,"LINK_TORSO_YAW",3.829000,0.200000,0.092000,20.000000,0.000000,0.000000,20.000000,0.000000,0.000000,0.000000,0.000000,0.012160,0.000000,0.910900,19.919006,1.790357,-0.166786,20.000000
3.922000,12,"LINK_TORSO_YAW",3.829000,0.200000,0.093000,20.000000,0.000000,0.000000,20.000000,0.000000,0.000000,0.000000,0.000000,0.012160,0.000000,0.910900,19.919185,1.787819,-0.172505,20.000000
3.923000,12,"LINK_TORSO_YAW",3.829000,0.200000,0.094000,20.000000,0.000000,0.000000,20.000000,0.000000,0.000000,0.000000,0.000000,0.012160,0.000000,0.910900,19.919364,1.785275,-0.178186,20.000000
3.924000,12,"LINK_TORSO_YAW",3.829000,0.200000,0.095000,20.000000,0.000000,0.000000,20.000000,0.000000,0.000000,0.000000,0.000000,0.012160,0.000000,0.910900,19.919538,1.782754,-0.183830,20.000000
3.925000,12,"LINK_TORSO_YAW",3.829000,0.200000,0.096000,20.000000,0.000000,0.000000,20.000000,0.000000,0.000000,0.000000,0.000000,0.012160,0.000000,0.910900,19.919710,1.780233,-0.189500,20.000000
3.926000,12,"LINK_TORSO_YAW",3.829000,0.200000,0.097000,20.000000,0.000000,0.000000,20.000000,0.000000,0.000000,0.000000,0.000000,0.012160,0.000000,0.910900,19.919885,1.777649,-0.195262,20.000000
3.927000,12,"LINK_TORSO_YAW",3.829000,0.200000,0.098000,20.000000,0.000000,0.000000,20.000000,0.000000,0.000000,0.000000,0.000000,0.012160,0.000000,0.910900,19.920051,1.775135,-0.201148,20.000000
3.928000,12,"LINK_TORSO_YAW",3.829000,0.200000,0.099000,20.000000,0.000000,0.000000,20.000000,0.000000,0.000000,0.000000,0.000000,0.012160,0.000000,0.910900,19.920207,1.772680,-0.207231,20.000000
3.929000,12,"LINK_TORSO_YAW",3.829000,0.200000,0.100000,20.000000,0.000000,0.000000,20.000000,0.000000,0.000000,0.000000,0.000000,0.012160,0.000000,0.910900,19.920359,1.770218,-0.213561,20.000000
3.930000,12,"LINK_TORSO_YAW",3.829000,0.200000,0.101000,20.000000,0.000000,0.000000,20.000000,0.000000,0.000000,0.000000,0.000000,0.012160,0.000000,0.910900,19.920512,1.767758,-0.219589,20.000000
3.931000,12,"LINK_TORSO_YAW",3.829000,0.200000,0.102000,20.000000,0.000000,0.000000,20.000000,0.000000,0.000000,0.000000,0.000000,0.012160,0.000000,0.910900,19.920666,1.765302,-0.225335,20.000000
3.932000,12,"LINK_TORSO_YAW",3.829000,0.200000,0.103000,20.000000,0.000000,0.000000,20.000000,0.000000,0.000000,0.000000,0.000000,0.012160,0.000000,0.910900,19.920817,1.762881,-0.230861,20.000000
3.933000,12,"LINK_TORSO_YAW",3.829000,0.200000,0.104000,20.000000,0.000000,0.000000,20.000000,0.000000,0.000000,0.000000,0.000000,0.012160,0.000000,0.910900,19.920973,1.760409,-0.236239,20.000000
3.934000,12,"LINK_TORSO_YAW",3.829000,0.200000,0.105000,20.000000,0.000000,0.000000,20.000000,0.000000,0.000000,0.000000,0.000000,0.012160,0.000000,0.910900,19.921121,1.758010,-0.241520,20.000000
3.935000,12,"LINK_TORSO_YAW",3.829000,0.200000,0.106000,20.000000,0.000000,0.000000,20.000000,0.000000,0.000000,0.000000,0.000000,0.012160,0.000000,0.910900,19.921266,1.755638,-0.246771,20.000000
3.936000,12,"LINK_TORSO_YAW",3.829000,0.200000,0.107000,20.000000,0.000000,0.000000,20.000000,0.000000,0.000000,0.000000,0.000000,0.012160,0.000000,0.910900,19.921404,1.753325,-0.252053,20.000000
3.937000,12,"LINK_TORSO_YAW",3.829000,0.200000,0.108000,20.000000,0.000000,0.000000,20.000000,0.000000,0.000000,0.000000,0.000000,0.012160,0.000000,0.910900,19.921539,1.751011,-0.257401,20.000000
3.938000,12,"LINK_TORSO_YAW",3.829000,0.200000,0.109000,20.000000,0.000000,0.000000,20.000000,0.000000,0.000000,0.000000,0.000000,0.012160,0.000000,0.910900,19.921667,1.748738,-0.262875,20.000000
3.939000,12,"LINK_TORSO_YAW",3.829000,0.200000,0.110000,20.000000,0.000000,0.000000,20.000000,0.000000,0.000000,0.000000,0.000000,0.012160,0.000000,0.910900,19.921784,1.746541,-0.268535,20.000000
3.940000,12,"LINK_TORSO_YAW",3.829000,0.200000,0.111000,20.000000,0.000000,0.000000,20.000000,0.000000,0.000000,0.000000,0.000000,0.012160,0.000000,0.910900,19.921911,1.744267,-0.273879,20.000000
3.941000,12,"LINK_TORSO_YAW",3.829000,0.200000,0.112000,20.000000,0.000000,0.000000,20.000000,0.000000,0.000000,0.000000,0.000000,0.012160,0.000000,0.910900,19.922033,1.742063,-0.278960,20.000000
3.942000,12,"LINK_TORSO_YAW",3.829000,0.200000,0.113000,20.000000,0.000000,0.000000,20.000000,0.000000,0.000000,0.000000,0.000000,0.012160,0.000000,0.910900,19.922154,1.739882,-0.283851,20.000000
3.943000,12,"LINK_TORSO_YAW",3.829000,0.200000,0.114000,20.000000,0.000000,0.000000,20.000000,0.000000,0.000000,0.000000,0.000000,0.012160,0.000000,0.910900,19.922271,1.737761,-0.288607,20.000000
3.944000,12,"LINK_TORSO_YAW",3.829000,0.200000,0.115000,20.000000,0.000000,0.000000,20.000000,0.000000,0.000000,0.000000,0.000000,0.012160,0.000000,0.910900,19.922388,1.735643,-0.293264,20.000000
3.945000,12,"LINK_TORSO_YAW",3.829000,0.200000,0.116000,20.000000,0.000000,0.000000,20.000000,0.000000,0.000000,0.000000,0.000000,0.012160,0.000000,0.910900,19.922500,1.733569,-0.297881,20.000000
3.946000,12,"LINK_TORSO_YAW",3.829000,0.200000,0.117000,20.000000,0.000000,0.000000,20.000000,0.000000,0.000000,0.000000,0.000000,0.012160,0.000000,0.910900,19.922611,1.731484,-0.302517,20.000000
3.947000,12,"LINK_TORSO_YAW",3.829000,0.200000,0.118000,20.000000,0.000000,0.000000,20.000000,0.000000,0.000000,0.000000,0.000000,0.012160,0.000000,0.910900,19.922708,1.729540,-0.307220,20.000000
3.948000,12,"LINK_TORSO_YAW",3.829000,0.200000,0.119000,20.000000,0.000000,0.000000,20.000000,0.000000,0.000000,0.000000,0.000000,0.012160,0.000000,0.910900,19.922801,1.727604,-0.312046,20.000000
3.949000,12,"LINK_TORSO_YAW",3.829000,0.200000,0.120000,20.000000,0.000000,0.000000,20.000000,0.000000,0.000000,0.000000,0.000000,0.012160,0.000000,0.910900,19.922885,1.725725,-0.317054,20.000000
3.950000,12,"LINK_TORSO_YAW",3.829000,0.200000,0.121000,20.000000,0.000000,0.000000,20.000000,0.000000,0.000000,0.000000,0.000000,0.012160,0.000000,0.910900,19.922959,1.723906,-0.322255,20.000000
3.951000,12,"LINK_TORSO_YAW",3.829000,0.200000,0.122000,20.000000,0.000000,0.000000,20.000000,0.000000,0.000000,0.000000,0.000000,0.012160,0.000000,0.910900,19.923016,1.722218,-0.327707,20.000000
3.952000,12,"LINK_TORSO_YAW",3.829000,0.200000,0.123000,20.000000,0.000000,0.000000,20.000000,0.000000,0.000000,0.000000,0.000000,0.012160,0.000000,0.910900,19.923081,1.720486,-0.332798,20.000000
3.953000,12,"LINK_TORSO_YAW",3.829000,0.200000,0.124000,20.000000,0.000000,0.000000,20.000000,0.000000,0.000000,0.000000,0.000000,0.012160,0.000000,0.910900,19.923143,1.718843,-0.337588,20.000000
3.954000,12,"LINK_TORSO_YAW",3.829000,0.200000,0.125000,20.000000,0.000000,0.000000,20.000000,0.000000,0.000000,0.000000,0.000000,0.012160,0.000000,0.910900,19.923203,1.717242,-0.342150,20.000000
3.955000,12,"LINK_TORSO_YAW",3.829000,0.200000,0.126000,20.000000,0.000000,0.000000,20.000000,0.000000,0.000000,0.000000,0.000000,0.012160,0.000000,0.910900,19.923258,1.715722,-0.346538,20.000000
3.956000,12,"LINK_TORSO_YAW",3.829000,0.200000,0.127000,20.000000,0.000000,0.000000,20.000000,0.000000,0.000000,0.000000,0.000000,0.012160,0.000000,0.910900,19.923309,1.714257,-0.350819,20.000000
3.957000,12,"LINK_TORSO_YAW",3.829000,0.200000,0.128000,20.000000,0.000000,0.000000,20.000000,0.000000,0.000000,0.000000,0.000000,0.012160,0.000000,0.910900,19.923354,1.712868,-0.355020,20.000000
3.958000,12,"LINK_TORSO_YAW",3.829000,0.200000,0.129000,20.000000,0.000000,0.000000,20.000000,0.000000,0.000000,0.000000,0.000000,0.012160,0.000000,0.910900,19.923393,1.711546,-0.359197,20.000000
3.959000,12,"LINK_TORSO_YAW",3.829000,0.200000,0.130000,20.000000,0.000000,0.000000,20.000000,0.000000,0.000000,0.000000,0.000000,0.012160,0.000000,0.910900,19.923428,1.710250,-0.363416,20.000000
3.960000,12,"LINK_TORSO_YAW",3.829000,0.200000,0.131000,20.000000,0.000000,0.000000,20.000000,0.000000,0.000000,0.000000,0.000000,0.012160,0.000000,0.910900,19.923449,1.709080,-0.367715,20.000000
3.961000,12,"LINK_TORSO_YAW",3.829000,0.200000,0.132000,20.000000,0.000000,0.000000,20.000000,0.000000,0.000000,0.000000,0.000000,0.012160,0.000000,0.910900,19.923460,1.707990,-0.372158,20.000000
3.962000,12,"LINK_TORSO_YAW",3.829000,0.200000,0.133000,20.000000,0.000000,0.000000,20.000000,0.000000,0.000000,0.000000,0.000000,0.012160,0.000000,0.910900,19.923473,1.706951,-0.376244,20.000000
3.963000,12,"LINK_TORSO_YAW",3.829000,0.200000,0.134000,20.000000,0.000000,0.000000,20.000000,0.000000,0.000000,0.000000,0.000000,0.012160,0.000000,0.910900,19.923482,1.705997,-0.380031,20.000000
3.964000,12,"LINK_TORSO_YAW",3.829000,0.200000,0.135000,20.000000,0.000000,0.000000,20.000000,0.000000,0.000000,0.000000,0.000000,0.012160,0.000000,0.910900,19.923491,1.705104,-0.383557,20.000000
3.965000,12,"LINK_TORSO_YAW",3.829000,0.200000,0.136000,20.000000,0.000000,0.000000,20.000000,0.000000,0.000000,0.000000,0.000000,0.012160,0.000000,0.910900,19.923497,1.704284,-0.386890,20.000000
3.966000,12,"LINK_TORSO_YAW",3.829000,0.200000,0.137000,20.000000,0.000000,0.000000,20.000000,0.000000,0.000000,0.000000,0.000000,0.012160,0.000000,0.910900,19.923497,1.703549,-0.390090,20.000000
3.967000,12,"LINK_TORSO_YAW",3.829000,0.200000,0.138000,20.000000,0.000000,0.000000,20.000000,0.000000,0.000000,0.000000,0.000000,0.012160,0.000000,0.910900,19.923491,1.702903,-0.393217,20.000000
3.968000,12,"LINK_TORSO_YAW",3.829000,0.200000,0.139000,20.000000,0.000000,0.000000,20.000000,0.000000,0.000000,0.000000,0.000000,0.012160,0.000000,0.910900,19.923482,1.702283,-0.396332,20.000000
3.969000,12,"LINK_TORSO_YAW",3.829000,0.200000,0.140000,20.000000,0.000000,0.000000,20.000000,0.000000,0.000000,0.000000,0.000000,0.012160,0.000000,0.910900,19.923458,1.701838,-0.399480,20.000000
3.970000,12,"LINK_TORSO_YAW",3.829000,0.200000,0.141000,20.000000,0.000000,0.000000,20.000000,0.000000,0.000000,0.000000,0.000000,0.012160,0.000000,0.910900,19.923422,1.701481,-0.402737,20.000000
3.971000,12,"LINK_TORSO_YAW",3.829000,0.200000,0.142000,20.000000,0.000000,0.000000,20.000000,0.000000,0.000000,0.000000,0.000000,0.012160,0.000000,0.910900,19.923371,1.701266,-0.406158,20.000000
3.972000,12,"LINK_TORSO_YAW",3.829000,0.200000,0.143000,20.000000,0.000000,0.000000,20.000000,0.000000,0.000000,0.000000,0.000000,0.012160,0.000000,0.910900,19.923311,1.701104,-0.409781,20.000000
3.973000,12,"LINK_TORSO_YAW",3.829000,0.200000,0.144000,20.000000,0.000000,0.000000,20.000000,0.000000,0.000000,0.000000,0.000000,0.012160,0.000000,0.910900,19.923252,1.701006,-0.413066,20.000000
3.974000,12,"LINK_TORSO_YAW",3.829000,0.200000,0.145000,20.000000,0.000000,0.000000,20.000000,0.000000,0.000000,0.000000,0.000000,0.012160,0.000000,0.910900,19.923189,1.701006,-0.416069,20.000000
3.975000,12,"LINK_TORSO_YAW",3.829000,0.200000,0.146000,20.000000,0.000000,0.000000,20.000000,0.000000,0.000000,0.000000,0.000000,0.012160,0.000000,0.910900,19.923123,1.701094,-0.418854,20.000000
3.976000,12,"LINK_TORSO_YAW",3.829000,0.200000,0.147000,20.000000,0.000000,0.000000,20.000000,0.000000,0.000000,0.000000,0.000000,0.012160,0.000000,0.910900,19.923052,1.701280,-0.421485,20.000000
3.977000,12,"LINK_TORSO_YAW",3.829000,0.200000,0.148000,20.000000,0.000000,0.000000,20.000000,0.000000,0.000000,0.000000,0.000000,0.012160,0.000000,0.910900,19.922973,1.701578,-0.424018,20.000000
3.978000,12,"LINK_TORSO_YAW",3.829000,0.200000,0.149000,20.000000,0.000000,0.000000,20.000000,0.000000,0.000000,0.000000,0.000000,0.012160,0.000000,0.910900,19.922884,1.701993,-0.426511,20.000000
3.979000,12,"LINK_TORSO_YAW",3.829000,0.200000,0.150000,20.000000,0.000000,0.000000,20.000000,0.000000,0.000000,0.000000,0.000000,0.012160,0.000000,0.910900,19.922784,1.702533,-0.429001,20.000000
3.980000,12,"LINK_TORSO_YAW",3.829000,0.200000,0.151000,20.000000,0.000000,0.000000,20.000000,0.000000,0.000000,0.000000,0.000000,0.012160,0.000000,0.910900,19.922673,1.703200,-0.431526,20.000000
3.981000,12,"LINK_TORSO_YAW",3.829000,0.200000,0.152000,20.000000,0.000000,0.000000,20.000000,0.000000,0.000000,0.000000,0.000000,0.012160,0.000000,0.910900,19.922546,1.704018,-0.434131,20.000000
3.982000,12,"LINK_TORSO_YAW",3.829000,0.200000,0.153000,20.000000,0.000000,0.000000,20.000000,0.000000,0.000000,0.000000,0.000000,0.012160,0.000000,0.910900,19.922409,1.704920,-0.436866,20.000000
3.983000,12,"LINK_TORSO_YAW",3.829000,0.200000,0.154000,20.000000,0.000000,0.000000,20.000000,0.000000,0.000000,0.000000,0.000000,0.012160,0.000000,0.910900,19.922257,1.705956,-0.439785,20.000000
3.984000,12,"LINK_TORSO_YAW",3.829000,0.200000,0.155000,20.000000,0.000000,0.000000,20.000000,0.000000,0.000000,0.000000,0.000000,0.012160,0.000000,0.910900,19.922081,1.707183,-0.442952,20.000000
3.985000,12,"LINK_TORSO_YAW",3.829000,0.200000,0.156000,20.000000,0.000000,0.000000,20.000000,0.000000,0.000000,0.000000,0.000000,0.012160,0.000000,0.910900,19.921912,1.708417,-0.445799,20.000000
3.986000,12,"LINK_TORSO_YAW",3.829000,0.200000,0.157000,20.000000,0.000000,0.000000,20.000000,0.000000,0.000000,0.000000,0.000000,0.012160,0.000000,0.910900,19.921734,1.709811,-0.448376,20.000000
3.987000,12,"LINK_TORSO_YAW",3.829000,0.200000,0.158000,20.000000,0.000000,0.000000,20.000000,0.000000,0.000000,0.000000,0.000000,0.012160,0.000000,0.910900,19.921553,1.711304,-0.450723,20.000000
3.988000,12,"LINK_TORSO_YAW",3.829000,0.200000,0.159000,20.000000,0.000000,0.000000,20.000000,0.000000,0.000000,0.000000,0.000000,0.012160,0.000000,0.910900,19.921366,1.712908,-0.452887,20.000000
3.989000,12,"LINK_TORSO_YAW",3.829000,0.200000,0.160000,20.000000,0.000000,0.000000,20.000000,0.000000,0.000000,0.000000,0.000000,0.012160,0.000000,0.910900,19.921172,1.714631,-0.454932,20.000000
3.990000,12,"LINK_TORSO_YAW",3.829000,0.200000,0.161000,20.000000,0.000000,0.000000,20.000000,0.000000,0.000000,0.000000,0.000000,0.012160,0.000000,0.910900,19.920967,1.716480,-0.456914,20.000000
3.991000,12,"LINK_TORSO_YAW",3.829000,0.200000,0.162000,20.000000,0.000000,0.000000,20.000000,0.000000,0.000000,0.000000,0.000000,0.012160,0.000000,0.910900,19.920750,1.718467,-0.458902,20.000000
3.992000,12,"LINK_TORSO_YAW",3.829000,0.200000,0.163000,20.000000,0.000000,0.000000,20.000000,0.000000,0.000000,0.000000,0.000000,0.012160,0.000000,0.910900,19.920518,1.720603,-0.460951,20.000000
3.993000,12,"LINK_TORSO_YAW",3.829000,0.200000,0.164000,20.000000,0.000000,0.000000,20.000000,0.000000,0.000000,0.000000,0.000000,0.012160,0.000000,0.910900,19.920272,1.722877,-0.463114,20.000000
3.994000,12,"LINK_TORSO_YAW",3.829000,0.200000,0.165000,20.000000,0.000000,0.000000,20.000000,0.000000,0.000000,0.000000,0.000000,0.012160,0.000000,0.910900,19.920005,1.725330,-0.465445,20.000000
3.995000,12,"LINK_TORSO_YAW",3.829000,0.200000,0.166000,20.000000,0.000000,0.000000,20.000000,0.000000,0.000000,0.000000,0.000000,0.012160,0.000000,0.910900,19.919724,1.727885,-0.467991,20.000000
3.996000,12,"LINK_TORSO_YAW",3.829000,0.200000,0.167000,20.000000,0.000000,0.000000,20.000000,0.000000,0.000000,0.000000,0.000000,0.012160,0.000000,0.910900,19.919422,1.730595,-0.470804,20.000000
3.997000,12,"LINK_TORSO_YAW",3.829000,0.200000,0.168000,20.000000,0.000000,0.000000,20.000000,0.000000,0.000000,0.000000,0.000000,0.012160,0.000000,0.910900,19.919124,1.733354,-0.473278,20.000000
3.998000,12,"LINK_TORSO_YAW",3.829000,0.200000,0.169000,20.000000,0.000000,0.000000,20.000000,0.000000,0.000000,0.000000,0.000000,0.012160,0.000000,0.910900,19.918818,1.736262,-0.475469,20.000000
3.999000,12,"LINK_TORSO_YAW",3.829000,0.200000,0.170000,20.000000,0.000000,0.000000,20.000000,0.000000,0.000000,0.000000,0.000000,0.012160,0.000000,0.910900,19.918509,1.739265,-0.477455,20.000000
4.000000,12,"LINK_TORSO_YAW",3.829000,0.200000,0.171000,20.000000,0.000000,0.000000,20.000000,0.000000,0.000000,0.000000,0.000000,0.012160,0.000000,0.910900,19.918193,1.742374,-0.479293,20.000000
4.001000,12,"LINK_TORSO_YAW",3.829000,0.200000,0.172000,20.000000,0.000000,0.000000,20.000000,0.000000,0.000000,0.000000,0.000000,0.012160,0.000000,0.910900,19.917868,1.745604,-0.481038,20.000000
4.002000,12,"LINK_TORSO_YAW",3.829000,0.200000,0.173000,20.000000,0.000000,0.000000,20.000000,0.000000,0.000000,0.000000,0.000000,0.012160,0.000000,0.910900,19.917532,1.748966,-0.482749,20.000000
4.003000,12,"LINK_TORSO_YAW",3.829000,0.200000,0.174000,20.000000,0.000000,0.000000,20.000000,0.000000,0.000000,0.000000,0.000000,0.012160,0.000000,0.910900,19.917181,1.752477,-0.484481,20.000000
4.004000,12,"LINK_TORSO_YAW",3.829000,0.200000,0.175000,20.000000,0.000000,0.000000,20.000000,0.000000,0.000000,0.000000,0.000000,0.012160,0.000000,0.910900,19.916814,1.756141,-0.486284,20.000000
4.005000,12,"LINK_TORSO_YAW",3.829000,0.200000,0.176000,20.000000,0.000000,0.000000,20.000000,0.000000,0.000000,0.000000,0.000000,0.012160,0.000000,0.910900,19.916428,1.759978,-0.488236,20.000000
4.006000,12,"LINK_TORSO_YAW",3.829000,0.200000,0.177000,20.000000,0.000000,0.000000,20.000000,0.000000,0.000000,0.000000,0.000000,0.012160,0.000000,0.910900,19.916020,1.763987,-0.490388,20.000000
4.007000,12,"LINK_TORSO_YAW",3.829000,0.200000,0.178000,20.000000,0.000000,0.000000,20.000000,0.000000,0.000000,0.000000,0.000000,0.012160,0.000000,0.910900,19.915597,1.768092,-0.492801,20.000000
4.008000,12,"LINK_TORSO_YAW",3.829000,0.200000,0.179000,20.000000,0.000000,0.000000,20.000000,0.000000,0.000000,0.000000,0.000000,0.012160,0.000000,0.910900,19.915167,1.772341,-0.494895,20.000000
4.009000,12,"LINK_TORSO_YAW",3.829000,0.200000,0.180000,20.000000,0.000000,0.000000,20.000000,0.000000,0.000000,0.000000,0.000000,0.012160,0.000000,0.910900,19.914736,1.776667,-0.496749,20.000000
4.010000,12,"LINK_TORSO_YAW",3.829000,0.200000,0.181000,20.000000,0.000000,0.000000,20.000000,0.000000,0.000000,0.000000,0.000000,0.012160,0.000000,0.910900,19.914299,1.781087,-0.498424,20.000000
4.011000,12,"LINK_TORSO_YAW",3.829000,0.200000,0.182000,20.000000,0.000000,0.000000,20.000000,0.000000,0.000000,0.000000,0.000000,0.012160,0.000000,0.910900,19.913854,1.785618,-0.499972,20.000000
4.012000,12,"LINK_TORSO_YAW",3.829000,0.200000,0.183000,20.000000,0.000000,0.000000,20.000000,0.000000,0.000000,0.000000,0.000000,0.012160,0.000000,0.910900,19.913399,1.790274,-0.501462,20.000000
4.013000,12,"LINK_TORSO_YAW",3.829000,0.200000,0.184000,20.000000,0.000000,0.000000,20.000000,0.000000,0.000000,0.000000,0.000000,0.012160,0.000000,0.910900,19.912930,1.795069,-0.502947,20.000000
4.014000,12,"LINK_TORSO_YAW",3.829000,0.200000,0.185000,20.000000,0.000000,0.000000,20.000000,0.000000,0.000000,0.000000,0.000000,0.012160,0.000000,0.910900,19.912446,1.799999,-0.504477,20.000000
4.015000,12,"LINK_TORSO_YAW",3.829000,0.200000,0.186000,20.000000,0.000000,0.000000,20.000000,0.000000,0.000000,0.000000,0.000000,0.012160,0.000000,0.910900,19.911949,1.805025,-0.506117,20.000000
4.016000,12,"LINK_TORSO_YAW",3.829000,0.200000,0.187000,20.000000,0.000000,0.000000,20.000000,0.000000,0.000000,0.000000,0.000000,0.012160,0.000000,0.910900,19.911428,1.810272,-0.507893,20.000000
4.017000,12,"LINK_TORSO_YAW",3.829000,0.200000,0.188000,20.000000,0.000000,0.000000,20.000000,0.000000,0.000000,0.000000,0.000000,0.012160,0.000000,0.910900,19.910885,1.815680,-0.509869,20.000000
4.018000,12,"LINK_TORSO_YAW",3.829000,0.200000,0.189000,20.000000,0.000000,0.000000,20.000000,0.000000,0.000000,0.000000,0.000000,0.012160,0.000000,0.910900,19.910317,1.821268,-0.512093,20.000000
4.019000,12,"LINK_TORSO_YAW",3.829000,0.200000,0.190000,20.000000,0.000000,0.000000,20.000000,0.000000,0.000000,0.000000,0.000000,0.012160,0.000000,0.910900,19.909751,1.826909,-0.514036,20.000000
4.020000,12,"LINK_TORSO_YAW",3.829000,0.200000,0.191000,20.000000,0.000000,0.000000,20.000000,0.000000,0.000000,0.000000,0.000000,0.012160,0.000000,0.910900,19.909180,1.832633,-0.515760,20.000000
4.021000,12,"LINK_TORSO_YAW",3.829000,0.200000,0.192000,20.000000,0.000000,0.000000,20.000000,0.000000,0.000000,0.000000,0.000000,0.012160,0.000000,0.910900,19.908604,1.838439,-0.517322,20.000000
4.022000,12,"LINK_TORSO_YAW",3.829000,0.200000,0.193000,20.000000,0.000000,0.000000,20.000000,0.000000,0.000000,0.000000,0.000000,0.012160,0.000000,0.910900,19.908021,1.844334,-0.518777,20.000000
4.023000,12,"LINK_TORSO_YAW",3.829000,0.200000,0.194000,20.000000,0.000000,0.000000,20.000000,0.000000,0.000000,0.000000,0.000000,0.012160,0.000000,0.910900,19.907419,1.850425,-0.520176,20.000000
4.024000,12,"LINK_TORSO_YAW",3.829000,0.200000,0.195000,20.000000,0.000000,0.000000,20.000000,0.000000,0.000000,0.000000,0.000000,0.012160,0.000000,0.910900,19.906806,1.856623,-0.521572,20.000000
4.025000,12,"LINK_TORSO_YAW",3.829000,0.200000,0.196000,20.000000,0.000000,0.000000,20.000000,0.000000,0.000000,0.000000,0.000000,0.012160,0.000000,0.910900,19.906175,1.862965,-0.523039,20.000000
4.026000,12,"LINK_TORSO_YAW",3.829000,0.200000,0.197000,20.000000,0.000000,0.000000,20.000000,0.000000,0.000000,0.000000,0.000000,0.012160,0.000000,0.910900,19.905526,1.869435,-0.524631,20.000000
4.027000,12,"LINK_TORSO_YAW",3.829000,0.200000,0.198000,20.000000,0.000000,0.000000,20.000000,0.000000,0.000000,0.000000,0.000000,0.012160,0.000000,0.910900,19.904858,1.876045,-0.526400,20.000000
4.028000,12,"LINK_TORSO_YAW",3.829000,0.200000,0.199000,20.000000,0.000000,0.000000,20.000000,0.000000,0.000000,0.000000,0.000000,0.012160,0.000000,0.910900,19.904166,1.882805,-0.528395,20.000000
4.029000,12,"LINK_TORSO_YAW",3.829000,0.200000,0.200000,20.000000,0.000000,0.000000,20.000000,0.000000,0.000000,0.000000,0.000000,0.012160,0.000000,0.910900,19.903457,1.889654,-0.530684,20.000000
4.030000,12,"LINK_TORSO_YAW",3.829000,0.200000,0.201000,20.000000,0.000000,0.000000,20.000000,0.000000,0.000000,0.000000,0.000000,0.012160,0.000000,0.910900,19.902711,1.896759,-0.533289,20.000000
4.031000,13,"LINK_TORSO_YAW",4.030000,0.200000,0.001000,20.000000,0.000000,0.000000,20.000000,0.000000,0.000000,0.000000,0.000000,0.012160,0.000000,0.910900,19.901967,1.903903,-0.535613,20.000000
4.032000,13,"LINK_TORSO_YAW",4.030000,0.200000,0.002000,20.000000,0.000000,0.000000,20.000000,0.000000,0.000000,0.000000,0.000000,0.012160,0.000000,0.910900,19.901217,1.911128,-0.537719,20.000000
4.033000,13,"LINK_TORSO_YAW",4.030000,0.200000,0.003000,20.000000,0.000000,0.000000,20.000000,0.000000,0.000000,0.000000,0.000000,0.012160,0.000000,0.910900,19.900460,1.918451,-0.539671,20.000000
4.034000,13,"LINK_TORSO_YAW",4.030000,0.200000,0.004000,20.000000,0.000000,0.000000,20.000000,0.000000,0.000000,0.000000,0.000000,0.012160,0.000000,0.910900,19.899691,1.925890,-0.541525,20.000000
4.035000,13,"LINK_TORSO_YAW",4.030000,0.200000,0.005000,20.000000,0.000000,0.000000,20.000000,0.000000,0.000000,0.000000,0.000000,0.012160,0.000000,0.910900,19.898916,1.933373,-0.543341,20.000000
4.036000,13,"LINK_TORSO_YAW",4.030000,0.200000,0.006000,20.000000,0.000000,0.000000,20.000000,0.000000,0.000000,0.000000,0.000000,0.012160,0.000000,0.910900,19.898116,1.941075,-0.545158,20.000000
4.037000,13,"LINK_TORSO_YAW",4.030000,0.200000,0.007000,20.000000,0.000000,0.000000,20.000000,0.000000,0.000000,0.000000,0.000000,0.012160,0.000000,0.910900,19.897301,1.948893,-0.547035,20.000000
4.038000,13,"LINK_TORSO_YAW",4.030000,0.200000,0.008000,20.000000,0.000000,0.000000,20.000000,0.000000,0.000000,0.000000,0.000000,0.012160,0.000000,0.910900,19.896466,1.956829,-0.549047,20.000000
4.039000,13,"LINK_TORSO_YAW",4.030000,0.200000,0.009000,20.000000,0.000000,0.000000,20.000000,0.000000,0.000000,0.000000,0.000000,0.012160,0.000000,0.910900,19.895608,1.964915,-0.551245,20.000000
4.040000,13,"LINK_TORSO_YAW",4.030000,0.200000,0.010000,20.000000,0.000000,0.000000,20.000000,0.000000,0.000000,0.000000,0.000000,0.012160,0.000000,0.910900,19.894726,1.973146,-0.553682,20.000000
4.041000,13,"LINK_TORSO_YAW",4.030000,0.200000,0.011000,20.000000,0.000000,0.000000,20.000000,0.000000,0.000000,0.000000,0.000000,0.012160,0.000000,0.910900,19.893823,1.981461,-0.556423,20.000000
4.042000,13,"LINK_TORSO_YAW",4.030000,0.200000,0.012000,20.000000,0.000000,0.000000,20.000000,0.000000,0.000000,0.000000,0.000000,0.012160,0.000000,0.910900,19.892912,1.989900,-0.558893,20.000000
4.043000,13,"LINK_TORSO_YAW",4.030000,0.200000,0.013000,20.000000,0.000000,0.000000,20.000000,0.000000,0.000000,0.000000,0.000000,0.012160,0.000000,0.910900,19.891992,1.998440,-0.561157,20.000000
4.044000,13,"LINK_TORSO_YAW",4.030000,0.200000,0.014000,20.000000,0.000000,0.000000,20.000000,0.000000,0.000000,0.000000,0.000000,0.012160,0.000000,0.910900,19.891062,2.007076,-0.563280,20.000000
4.045000,13,"LINK_TORSO_YAW",4.030000,0.200000,0.015000,20.000000,0.000000,0.000000,20.000000,0.000000,0.000000,0.000000,0.000000,0.012160,0.000000,0.910900,19.890120,2.015826,-0.565320,20.000000
4.046000,13,"LINK_TORSO_YAW",4.030000,0.200000,0.016000,20.000000,0.000000,0.000000,20.000000,0.000000,0.000000,0.000000,0.000000,0.012160,0.000000,0.910900,19.889170,2.024611,-0.567338,20.000000
4.047000,13,"LINK_TORSO_YAW",4.030000,0.200000,0.017000,20.000000,0.000000,0.000000,20.000000,0.000000,0.000000,0.000000,0.000000,0.012160,0.000000,0.910900,19.888194,2.033608,-0.569377,20.000000
4.048000,13,"LINK_TORSO_YAW",4.030000,0.200000,0.018000,20.000000,0.000000,0.000000,20.000000,0.000000,0.000000,0.000000,0.000000,0.012160,0.000000,0.910900,19.887198,2.042729,-0.571500,20.000000
4.049000,13,"LINK_TORSO_YAW",4.030000,0.200000,0.019000,20.000000,0.000000,0.000000,20.000000,0.000000,0.000000,0.000000,0.000000,0.012160,0.000000,0.910900,19.886182,2.051968,-0.573758,20.000000
4.050000,13,"LINK_TORSO_YAW",4.030000,0.200000,0.020000,20.000000,0.000000,0.000000,20.000000,0.000000,0.000000,0.000000,0.000000,0.012160,0.000000,0.910900,19.885145,2.061304,-0.576210,20.000000
4.051000,13,"LINK_TORSO_YAW",4.030000,0.200000,0.021000,20.000000,0.000000,0.000000,20.000000,0.000000,0.000000,0.000000,0.000000,0.012160,0.000000,0.910900,19.884077,2.070842,-0.578886,20.000000
4.052000,13,"LINK_TORSO_YAW",4.030000,0.200000,0.022000,20.000000,0.000000,0.000000,20.000000,0.000000,0.000000,0.000000,0.000000,0.012160,0.000000,0.910900,19.882980,2.080511,-0.581869,20.000000
4.053000,13,"LINK_TORSO_YAW",4.030000,0.200000,0.023000,20.000000,0.000000,0.000000,20.000000,0.000000,0.000000,0.000000,0.000000,0.012160,0.000000,0.910900,19.881882,2.090214,-0.584610,20.000000
4.054000,13,"LINK_TORSO_YAW",4.030000,0.200000,0.024000,20.000000,0.000000,0.000000,20.000000,0.000000,0.000000,0.000000,0.000000,0.012160,0.000000,0.910900,19.880777,2.099983,-0.587164,20.000000
4.055000,13,"LINK_TORSO_YAW",4.030000,0.200000,0.025000,20.000000,0.000000,0.000000,20.000000,0.000000,0.000000,0.000000,0.000000,0.012160,0.000000,0.910900,19.879658,2.109881,-0.589592,20.000000
4.056000,13,"LINK_TORSO_YAW",4.030000,0.200000,0.026000,20.000000,0.000000,0.000000,20.000000,0.000000,0.000000,0.000000,0.000000,0.012160,0.000000,0.910900,19.878523,2.119883,-0.591960,20.000000
4.057000,13,"LINK_TORSO_YAW",4.030000,0.200000,0.027000,20.000000,0.000000,0.000000,20.000000,0.000000,0.000000,0.000000,0.000000,0.012160,0.000000,0.910900,19.877375,2.129960,-0.594323,20.000000
4.058000,13,"LINK_TORSO_YAW",4.030000,0.200000,0.028000,20.000000,0.000000,0.000000,20.000000,0.000000,0.000000,0.000000,0.000000,0.012160,0.000000,0.910900,19.876210,2.140137,-0.596740,20.000000
4.059000,13,"LINK_TORSO_YAW",4.030000,0.200000,0.029000,20.000000,0.000000,0.000000,20.000000,0.000000,0.000000,0.000000,0.000000,0.012160,0.000000,0.910900,19.875026,2.150398,-0.599271,20.000000
4.060000,13,"LINK_TORSO_YAW",4.030000,0.200000,0.030000,20.000000,0.000000,0.000000,20.000000,0.000000,0.000000,0.000000,0.000000,0.012160,0.000000,0.910900,19.873822,2.160745,-0.601973,20.000000
4.061000,13,"LINK_TORSO_YAW",4.030000,0.200000,0.031000,20.000000,0.000000,0.000000,20.000000,0.000000,0.000000,0.000000,0.000000,0.012160,0.000000,0.910900,19.872598,2.171161,-0.604897,20.000000
4.062000,13,"LINK_TORSO_YAW",4.030000,0.200000,0.032000,20.000000,0.000000,0.000000,20.000000,0.000000,0.000000,0.000000,0.000000,0.012160,0.000000,0.910900,19.871350,2.181665,-0.608099,20.000000
4.063000,13,"LINK_TORSO_YAW",4.030000,0.200000,0.033000,20.000000,0.000000,0.000000,20.000000,0.000000,0.000000,0.000000,0.000000,0.012160,0.000000,0.910900,19.870067,2.192337,-0.611620,20.000000
4.064000,13,"LINK_TORSO_YAW",4.030000,0.200000,0.034000,20.000000,0.000000,0.000000,20.000000,0.000000,0.000000,0.000000,0.000000,0.012160,0.000000,0.910900,19.868777,2.203083,-0.614917,20.000000
4.065000,13,"LINK_TORSO_YAW",4.030000,0.200000,0.035000,20.000000,0.000000,0.000000,20.000000,0.000000,0.000000,0.000000,0.000000,0.012160,0.000000,0.910900,19.867491,2.213781,-0.618040,20.000000
4.066000,13,"LINK_TORSO_YAW",4.030000,0.200000,0.036000,20.000000,0.000000,0.000000,20.000000,0.000000,0.000000,0.000000,0.000000,0.012160,0.000000,0.910900,19.866198,2.224517,-0.621046,20.000000
4.067000,13,"LINK_TORSO_YAW",4.030000,0.200000,0.037000,20.000000,0.000000,0.000000,20.000000,0.000000,0.000000,0.000000,0.000000,0.012160,0.000000,0.910900,19.864899,2.235258,-0.624010,20.000000
4.068000,13,"LINK_TORSO_YAW",4.030000,0.200000,0.038000,20.000000,0.000000,0.000000,20.000000,0.000000,0.000000,0.000000,0.000000,0.012160,0.000000,0.910900,19.863588,2.246055,-0.626988,20.000000
4.069000,13,"LINK_TORSO_YAW",4.030000,0.200000,0.039000,20.000000,0.000000,0.000000,20.000000,0.000000,0.000000,0.000000,0.000000,0.012160,0.000000,0.910900,19.862268,2.256849,-0.630037,20.000000
4.070000,13,"LINK_TORSO_YAW",4.030000,0.200000,0.040000,20.000000,0.000000,0.000000,20.000000,0.000000,0.000000,0.000000,0.000000,0.012160,0.000000,0.910900,19.860926,2.267743,-0.633212,20.000000
4.071000,13,"LINK_TORSO_YAW",4.030000,0.200000,0.041000,20.000000,0.000000,0.000000,20.000000,0.000000,0.000000,0.000000,0.000000,0.012160,0.000000,0.910900,19.859577,2.278598,-0.636533,20.000000
4.072000,13,"LINK_TORSO_YAW",4.030000,0.200000,0.042000,20.000000,0.000000,0.000000,20.000000,0.000000,0.000000,0.000000,0.000000,0.012160,0.000000,0.910900,19.858223,2.289383,-0.640068,20.000000
4.073000,13,"LINK_TORSO_YAW",4.030000,0.200000,0.043000,20.000000,0.000000,0.000000,20.000000,0.000000,0.000000,0.000000,0.000000,0.012160,0.000000,0.910900,19.856860,2.300119,-0.643876,20.000000
4.074000,13,"LINK_TORSO_YAW",4.030000,0.200000,0.044000,20.000000,0.000000,0.000000,20.000000,0.000000,0.000000,0.000000,0.000000,0.012160,0.000000,0.910900,19.855480,2.310845,-0.648014,20.000000
4.075000,13,"LINK_TORSO_YAW",4.030000,0.200000,0.045000,20.000000,0.000000,0.000000,20.000000,0.000000,0.000000,0.000000,0.000000,0.012160,0.000000,0.910900,19.854093,2.321641,-0.651894,20.000000
4.076000,13,"LINK_TORSO_YAW",4.030000,0.200000,0.046000,20.000000,0.000000,0.000000,20.000000,0.000000,0.000000,0.000000,0.000000,0.012160,0.000000,0.910900,19.852705,2.332437,-0.655633,20.000000
4.077000,13,"LINK_TORSO_YAW",4.030000,0.200000,0.047000,20.000000,0.000000,0.000000,20.000000,0.000000,0.000000,0.000000,0.000000,0.012160,0.000000,0.910900,19.851318,2.343182,-0.659283,20.000000
4.078000,13,"LINK_TORSO_YAW",4.030000,0.200000,0.048000,20.000000,0.000000,0.000000,20.000000,0.000000,0.000000,0.000000,0.000000,0.012160,0.000000,0.910900,19.849937,2.353862,-0.662819,20.000000
4.079000,13,"LINK_TORSO_YAW",4.030000,0.200000,0.049000,20.000000,0.000000,0.000000,20.000000,0.000000,0.000000,0.000000,0.000000,0.012160,0.000000,0.910900,19.848566,2.364410,-0.666319,20.000000
4.080000,13,"LINK_TORSO_YAW",4.030000,0.200000,0.050000,20.000000,0.000000,0.000000,20.000000,0.000000,0.000000,0.000000,0.000000,0.012160,0.000000,0.910900,19.847196,2.374893,-0.669856,20.000000
4.081000,13,"LINK_TORSO_YAW",4.030000,0.200000,0.051000,20.000000,0.000000,0.000000,20.000000,0.000000,0.000000,0.000000,0.000000,0.012160,0.000000,0.910900,19.845822,2.385323,-0.673497,20.000000
4.082000,13,"LINK_TORSO_YAW",4.030000,0.200000,0.052000,20.000000,0.000000,0.000000,20.000000,0.000000,0.000000,0.000000,0.000000,0.012160,0.000000,0.910900,19.844450,2.395632,-0.677301,20.000000
4.083000,13,"LINK_TORSO_YAW",4.030000,0.200000,0.053000,20.000000,0.000000,0.000000,20.000000,0.000000,0.000000,0.000000,0.000000,0.012160,0.000000,0.910900,19.843087,2.405842,-0.681043,20.000000
4.084000,13,"LINK_TORSO_YAW",4.030000,0.200000,0.054000,20.000000,0.000000,0.000000,20.000000,0.000000,0.000000,0.000000,0.000000,0.012160,0.000000,0.910900,19.841739,2.415869,-0.684811,20.000000
4.085000,13,"LINK_TORSO_YAW",4.030000,0.200000,0.055000,20.000000,0.000000,0.000000,20.000000,0.000000,0.000000,0.000000,0.000000,0.012160,0.000000,0.910900,19.840416,2.425766,-0.688138,20.000000
4.086000,13,"LINK_TORSO_YAW",4.030000,0.200000,0.056000,20.000000,0.000000,0.000000,20.000000,0.000000,0.000000,0.000000,0.000000,0.012160,0.000000,0.910900,19.839120,2.435507,-0.691098,20.000000
4.087000,13,"LINK_TORSO_YAW",4.030000,0.200000,0.057000,20.000000,0.000000,0.000000,20.000000,0.000000,0.000000,0.000000,0.000000,0.012160,0.000000,0.910900,19.837833,2.445207,-0.693781,20.000000
4.088000,13,"LINK_TORSO_YAW",4.030000,0.200000,0.058000,20.000000,0.000000,0.000000,20.000000,0.000000,0.000000,0.000000,0.000000,0.012160,0.000000,0.910900,19.836555,2.454850,-0.696274,20.000000
4.089000,13,"LINK_TORSO_YAW",4.030000,0.200000,0.059000,20.000000,0.000000,0.000000,20.000000,0.000000,0.000000,0.000000,0.000000,0.012160,0.000000,0.910900,19.835289,2.464389,-0.698648,20.000000
4.090000,13,"LINK_TORSO_YAW",4.030000,0.200000,0.060000,20.000000,0.000000,0.000000,20.000000,0.000000,0.000000,0.000000,0.000000,0.012160,0.000000,0.910900,19.834048,2.473781,-0.700667,20.000000
4.091000,13,"LINK_TORSO_YAW",4.030000,0.200000,0.061000,20.000000,0.000000,0.000000,20.000000,0.000000,0.000000,0.000000,0.000000,0.012160,0.000000,0.910900,19.832820,2.483114,-0.702416,20.000000
4.092000,13,"LINK_TORSO_YAW",4.030000,0.200000,0.062000,20.000000,0.000000,0.000000,20.000000,0.000000,0.000000,0.000000,0.000000,0.012160,0.000000,0.910900,19.831603,2.492370,-0.703992,20.000000
4.093000,13,"LINK_TORSO_YAW",4.030000,0.200000,0.063000,20.000000,0.000000,0.000000,20.000000,0.000000,0.000000,0.000000,0.000000,0.012160,0.000000,0.910900,19.830402,2.501499,-0.705461,20.000000
4.094000,13,"LINK_TORSO_YAW",4.030000,0.200000,0.064000,20.000000,0.000000,0.000000,20.000000,0.000000,0.000000,0.000000,0.000000,0.012160,0.000000,0.910900,19.829203,2.510570,-0.706914,20.000000
4.095000,13,"LINK_TORSO_YAW",4.030000,0.200000,0.065000,20.000000,0.000000,0.000000,20.000000,0.000000,0.000000,0.000000,0.000000,0.012160,0.000000,0.910900,19.828005,2.519586,-0.708439,20.000000
4.096000,13,"LINK_TORSO_YAW",4.030000,0.200000,0.066000,20.000000,0.000000,0.000000,20.000000,0.000000,0.000000,0.000000,0.000000,0.012160,0.000000,0.910900,19.826823,2.528575,-0.709508,20.000000
4.097000,13,"LINK_TORSO_YAW",4.030000,0.200000,0.067000,20.000000,0.000000,0.000000,20.000000,0.000000,0.000000,0.000000,0.000000,0.012160,0.000000,0.910900,19.825635,2.537657,-0.710288,20.000000
4.098000,13,"LINK_TORSO_YAW",4.030000,0.200000,0.068000,20.000000,0.000000,0.000000,20.000000,0.000000,0.000000,0.000000,0.000000,0.012160,0.000000,0.910900,19.824451,2.546734,-0.710826,20.000000
4.099000,13,"LINK_TORSO_YAW",4.030000,0.200000,0.069000,20.000000,0.000000,0.000000,20.000000,0.000000,0.000000,0.000000,0.000000,0.012160,0.000000,0.910900,19.823256,2.555914,-0.711203,20.000000
4.100000,13,"LINK_TORSO_YAW",4.030000,0.200000,0.070000,20.000000,0.000000,0.000000,20.000000,0.000000,0.000000,0.000000,0.000000,0.012160,0.000000,0.910900,19.822050,2.565177,-0.711489,20.000000
4.102000,13,"LINK_TORSO_YAW",4.030000,0.200000,0.072000,20.000000,0.000000,0.000000,20.000000,0.000000,0.000000,0.000000,0.000000,0.012160,0.000000,0.910900,19.819589,2.583970,-0.712025,20.000000
4.103000,13,"LINK_TORSO_YAW",4.030000,0.200000,0.073000,20.000000,0.000000,0.000000,20.000000,0.000000,0.000000,0.000000,0.000000,0.012160,0.000000,0.910900,19.818330,2.593511,-0.712385,20.000000
4.104000,13,"LINK_TORSO_YAW",4.030000,0.200000,0.074000,20.000000,0.000000,0.000000,20.000000,0.000000,0.000000,0.000000,0.000000,0.012160,0.000000,0.910900,19.817028,2.603230,-0.713151,20.000000
4.107000,13,"LINK_TORSO_YAW",4.030000,0.200000,0.077000,20.000000,0.000000,0.000000,20.000000,0.000000,0.000000,0.000000,0.000000,0.012160,0.000000,0.910900,19.812869,2.633528,-0.717468,20.000000
4.108000,13,"LINK_TORSO_YAW",4.030000,0.200000,0.078000,20.000000,0.000000,0.000000,20.000000,0.000000,0.000000,0.000000,0.000000,0.012160,0.000000,0.910900,19.811423,2.644011,-0.718835,20.000000
4.110000,13,"LINK_TORSO_YAW",4.030000,0.200000,0.080000,20.000000,0.000000,0.000000,20.000000,0.000000,0.000000,0.000000,0.000000,0.012160,0.000000,0.910900,19.808460,2.665398,-0.721495,20.000000
4.111000,13,"LINK_TORSO_YAW",4.030000,0.200000,0.081000,20.000000,0.000000,0.000000,20.000000,0.000000,0.000000,0.000000,0.000000,0.012160,0.000000,0.910900,19.806935,2.676312,-0.722977,20.000000
4.112000,13,"LINK_TORSO_YAW",4.030000,0.200000,0.082000,20.000000,0.000000,0.000000,20.000000,0.000000,0.000000,0.000000,0.000000,0.012160,0.000000,0.910900,19.805380,2.687363,-0.724569,20.000000
4.113000,13,"LINK_TORSO_YAW",4.030000,0.200000,0.083000,20.000000,0.000000,0.000000,20.000000,0.000000,0.000000,0.000000,0.000000,0.012160,0.000000,0.910900,19.803790,2.698591,-0.726300,20.000000
4.115000,13,"LINK_TORSO_YAW",4.030000,0.200000,0.085000,20.000000,0.000000,0.000000,20.000000,0.000000,0.000000,0.000000,0.000000,0.012160,0.000000,0.910900,19.800526,2.721367,-0.730286,20.000000
4.117000,13,"LINK_TORSO_YAW",4.030000,0.200000,0.087000,20.000000,0.000000,0.000000,20.000000,0.000000,0.000000,0.000000,0.000000,0.012160,0.000000,0.910900,19.797143,2.744549,-0.735251,20.000000
4.119000,13,"LINK_TORSO_YAW",4.030000,0.200000,0.089000,20.000000,0.000000,0.000000,20.000000,0.000000,0.000000,0.000000,0.000000,0.012160,0.000000,0.910900,19.793734,2.767766,-0.739963,20.000000
4.120000,13,"LINK_TORSO_YAW",4.030000,0.200000,0.090000,20.000000,0.000000,0.000000,20.000000,0.000000,0.000000,0.000000,0.000000,0.012160,0.000000,0.910900,19.792027,2.779383,-0.742081,20.000000
4.121000,13,"LINK_TORSO_YAW",4.030000,0.200000,0.091000,20.000000,0.000000,0.000000,20.000000,0.000000,0.000000,0.000000,0.000000,0.012160,0.000000,0.910900,19.790286,2.791224,-0.744064,20.000000
4.122000,13,"LINK_TORSO_YAW",4.030000,0.200000,0.092000,20.000000,0.000000,0.000000,20.000000,0.000000,0.000000,0.000000,0.000000,0.012160,0.000000,0.910900,19.788545,2.803096,-0.745740,20.000000
4.123000,13,"LINK_TORSO_YAW",4.030000,0.200000,0.093000,20.000000,0.000000,0.000000,20.000000,0.000000,0.000000,0.000000,0.000000,0.012160,0.000000,0.910900,19.786852,2.814678,-0.747048,20.000000
4.124000,13,"LINK_TORSO_YAW",4.030000,0.200000,0.094000,20.000000,0.000000,0.000000,20.000000,0.000000,0.000000,0.000000,0.000000,0.012160,0.000000,0.910900,19.785170,2.826188,-0.748130,20.000000
4.125000,13,"LINK_TORSO_YAW",4.030000,0.200000,0.095000,20.000000,0.000000,0.000000,20.000000,0.000000,0.000000,0.000000,0.000000,0.012160,0.000000,0.910900,19.783482,2.837742,-0.749051,20.000000
4.126000,13,"LINK_TORSO_YAW",4.030000,0.200000,0.096000,20.000000,0.000000,0.000000,20.000000,0.000000,0.000000,0.000000,0.000000,0.012160,0.000000,0.910900,19.781800,2.849228,-0.749869,20.000000
4.127000,13,"LINK_TORSO_YAW",4.030000,0.200000,0.097000,20.000000,0.000000,0.000000,20.000000,0.000000,0.000000,0.000000,0.000000,0.012160,0.000000,0.910900,19.780130,2.860586,-0.750674,20.000000
4.128000,13,"LINK_TORSO_YAW",4.030000,0.200000,0.098000,20.000000,0.000000,0.000000,20.000000,0.000000,0.000000,0.000000,0.000000,0.012160,0.000000,0.910900,19.778440,2.872025,-0.751530,20.000000
4.129000,13,"LINK_TORSO_YAW",4.030000,0.200000,0.099000,20.000000,0.000000,0.000000,20.000000,0.000000,0.000000,0.000000,0.000000,0.012160,0.000000,0.910900,19.776749,2.883388,-0.752515,20.000000
4.130000,13,"LINK_TORSO_YAW",4.030000,0.200000,0.100000,20.000000,0.000000,0.000000,20.000000,0.000000,0.000000,0.000000,0.000000,0.012160,0.000000,0.910900,19.775105,2.894501,-0.753050,20.000000
4.131000,13,"LINK_TORSO_YAW",4.030000,0.200000,0.101000,20.000000,0.000000,0.000000,20.000000,0.000000,0.000000,0.000000,0.000000,0.012160,0.000000,0.910900,19.773456,2.905669,-0.753342,20.000000
4.132000,13,"LINK_TORSO_YAW",4.030000,0.200000,0.102000,20.000000,0.000000,0.000000,20.000000,0.000000,0.000000,0.000000,0.000000,0.012160,0.000000,0.910900,19.771831,2.916666,-0.753493,20.000000
4.133000,13,"LINK_TORSO_YAW",4.030000,0.200000,0.103000,20.000000,0.000000,0.000000,20.000000,0.000000,0.000000,0.000000,0.000000,0.012160,0.000000,0.910900,19.770235,2.927444,-0.753568,20.000000
4.134000,13,"LINK_TORSO_YAW",4.030000,0.200000,0.104000,20.000000,0.000000,0.000000,20.000000,0.000000,0.000000,0.000000,0.000000,0.012160,0.000000,0.910900,19.768650,2.938115,-0.753628,20.000000
4.135000,13,"LINK_TORSO_YAW",4.030000,0.200000,0.105000,20.000000,0.000000,0.000000,20.000000,0.000000,0.000000,0.000000,0.000000,0.012160,0.000000,0.910900,19.767088,2.948578,-0.753745,20.000000
4.136000,13,"LINK_TORSO_YAW",4.030000,0.200000,0.106000,20.000000,0.000000,0.000000,20.000000,0.000000,0.000000,0.000000,0.000000,0.012160,0.000000,0.910900,19.765545,2.958842,-0.753991,20.000000
4.137000,13,"LINK_TORSO_YAW",4.030000,0.200000,0.107000,20.000000,0.000000,0.000000,20.000000,0.000000,0.000000,0.000000,0.000000,0.012160,0.000000,0.910900,19.763989,2.969091,-0.754481,20.000000
4.138000,13,"LINK_TORSO_YAW",4.030000,0.200000,0.108000,20.000000,0.000000,0.000000,20.000000,0.000000,0.000000,0.000000,0.000000,0.012160,0.000000,0.910900,19.762437,2.979197,-0.755300,20.000000
4.139000,13,"LINK_TORSO_YAW",4.030000,0.200000,0.109000,20.000000,0.000000,0.000000,20.000000,0.000000,0.000000,0.000000,0.000000,0.012160,0.000000,0.910900,19.760888,2.989151,-0.756499,20.000000
4.140000,13,"LINK_TORSO_YAW",4.030000,0.200000,0.110000,20.000000,0.000000,0.000000,20.000000,0.000000,0.000000,0.000000,0.000000,0.012160,0.000000,0.910900,19.759346,2.998910,-0.758141,20.000000
4.141000,13,"LINK_TORSO_YAW",4.030000,0.200000,0.111000,20.000000,0.000000,0.000000,20.000000,0.000000,0.000000,0.000000,0.000000,0.012160,0.000000,0.910900,19.757815,3.008599,-0.759662,20.000000
4.142000,13,"LINK_TORSO_YAW",4.030000,0.200000,0.112000,20.000000,0.000000,0.000000,20.000000,0.000000,0.000000,0.000000,0.000000,0.012160,0.000000,0.910900,19.756312,3.018078,-0.761144,20.000000
4.143000,13,"LINK_TORSO_YAW",4.030000,0.200000,0.113000,20.000000,0.000000,0.000000,20.000000,0.000000,0.000000,0.000000,0.000000,0.012160,0.000000,0.910900,19.754839,3.027328,-0.762643,20.000000
4.144000,13,"LINK_TORSO_YAW",4.030000,0.200000,0.114000,20.000000,0.000000,0.000000,20.000000,0.000000,0.000000,0.000000,0.000000,0.012160,0.000000,0.910900,19.753370,3.036526,-0.764130,20.000000
4.145000,13,"LINK_TORSO_YAW",4.030000,0.200000,0.115000,20.000000,0.000000,0.000000,20.000000,0.000000,0.000000,0.000000,0.000000,0.012160,0.000000,0.910900,19.751925,3.045517,-0.765686,20.000000
4.146000,13,"LINK_TORSO_YAW",4.030000,0.200000,0.116000,20.000000,0.000000,0.000000,20.000000,0.000000,0.000000,0.000000,0.000000,0.012160,0.000000,0.910900,19.750498,3.054337,-0.767372,20.000000
4.147000,13,"LINK_TORSO_YAW",4.030000,0.200000,0.117000,20.000000,0.000000,0.000000,20.000000,0.000000,0.000000,0.000000,0.000000,0.012160,0.000000,0.910900,19.749070,3.063085,-0.769241,20.000000
4.148000,13,"LINK_TORSO_YAW",4.030000,0.200000,0.118000,20.000000,0.000000,0.000000,20.000000,0.000000,0.000000,0.000000,0.000000,0.012160,0.000000,0.910900,19.747659,3.071641,-0.771366,20.000000
4.149000,13,"LINK_TORSO_YAW",4.030000,0.200000,0.119000,20.000000,0.000000,0.000000,20.000000,0.000000,0.000000,0.000000,0.000000,0.012160,0.000000,0.910900,19.746255,3.080041,-0.773803,20.000000
4.150000,13,"LINK_TORSO_YAW",4.030000,0.200000,0.120000,20.000000,0.000000,0.000000,20.000000,0.000000,0.000000,0.000000,0.000000,0.012160,0.000000,0.910900,19.744852,3.088343,-0.776504,20.000000
4.151000,13,"LINK_TORSO_YAW",4.030000,0.200000,0.121000,20.000000,0.000000,0.000000,20.000000,0.000000,0.000000,0.000000,0.000000,0.012160,0.000000,0.910900,19.743462,3.096452,-0.779544,20.000000
4.152000,13,"LINK_TORSO_YAW",4.030000,0.200000,0.122000,20.000000,0.000000,0.000000,20.000000,0.000000,0.000000,0.000000,0.000000,0.012160,0.000000,0.910900,19.742109,3.104357,-0.782367,20.000000
4.153000,13,"LINK_TORSO_YAW",4.030000,0.200000,0.123000,20.000000,0.000000,0.000000,20.000000,0.000000,0.000000,0.000000,0.000000,0.012160,0.000000,0.910900,19.740781,3.112118,-0.785033,20.000000
4.154000,13,"LINK_TORSO_YAW",4.030000,0.200000,0.124000,20.000000,0.000000,0.000000,20.000000,0.000000,0.000000,0.000000,0.000000,0.012160,0.000000,0.910900,19.739490,3.119645,-0.787619,20.000000
4.155000,13,"LINK_TORSO_YAW",4.030000,0.200000,0.125000,20.000000,0.000000,0.000000,20.000000,0.000000,0.000000,0.000000,0.000000,0.012160,0.000000,0.910900,19.738223,3.127005,-0.790189,20.000000
4.156000,13,"LINK_TORSO_YAW",4.030000,0.200000,0.126000,20.000000,0.000000,0.000000,20.000000,0.000000,0.000000,0.000000,0.000000,0.012160,0.000000,0.910900,19.736968,3.134256,-0.792794,20.000000
4.157000,13,"LINK_TORSO_YAW",4.030000,0.200000,0.127000,20.000000,0.000000,0.000000,20.000000,0.000000,0.000000,0.000000,0.000000,0.012160,0.000000,0.910900,19.735741,3.141291,-0.795489,20.000000
4.158000,13,"LINK_TORSO_YAW",4.030000,0.200000,0.128000,20.000000,0.000000,0.000000,20.000000,0.000000,0.000000,0.000000,0.000000,0.012160,0.000000,0.910900,19.734531,3.148165,-0.798331,20.000000
4.159000,13,"LINK_TORSO_YAW",4.030000,0.200000,0.129000,20.000000,0.000000,0.000000,20.000000,0.000000,0.000000,0.000000,0.000000,0.012160,0.000000,0.910900,19.733329,3.154919,-0.801374,20.000000
4.160000,13,"LINK_TORSO_YAW",4.030000,0.200000,0.130000,20.000000,0.000000,0.000000,20.000000,0.000000,0.000000,0.000000,0.000000,0.012160,0.000000,0.910900,19.732145,3.161479,-0.804686,20.000000
4.161000,13,"LINK_TORSO_YAW",4.030000,0.200000,0.131000,20.000000,0.000000,0.000000,20.000000,0.000000,0.000000,0.000000,0.000000,0.012160,0.000000,0.910900,19.730969,3.167883,-0.808318,20.000000
4.162000,13,"LINK_TORSO_YAW",4.030000,0.200000,0.132000,20.000000,0.000000,0.000000,20.000000,0.000000,0.000000,0.000000,0.000000,0.012160,0.000000,0.910900,19.729796,3.174157,-0.812325,20.000000
4.163000,13,"LINK_TORSO_YAW",4.030000,0.200000,0.133000,20.000000,0.000000,0.000000,20.000000,0.000000,0.000000,0.000000,0.000000,0.012160,0.000000,0.910900,19.728667,3.180187,-0.816157,20.000000
4.164000,13,"LINK_TORSO_YAW",4.030000,0.200000,0.134000,20.000000,0.000000,0.000000,20.000000,0.000000,0.000000,0.000000,0.000000,0.012160,0.000000,0.910900,19.727573,3.186033,-0.819791,20.000000
4.165000,13,"LINK_TORSO_YAW",4.030000,0.200000,0.135000,20.000000,0.000000,0.000000,20.000000,0.000000,0.000000,0.000000,0.000000,0.012160,0.000000,0.910900,19.726505,3.191739,-0.823279,20.000000
4.166000,13,"LINK_TORSO_YAW",4.030000,0.200000,0.136000,20.000000,0.000000,0.000000,20.000000,0.000000,0.000000,0.000000,0.000000,0.012160,0.000000,0.910900,19.725478,3.197202,-0.826695,20.000000
4.167000,13,"LINK_TORSO_YAW",4.030000,0.200000,0.137000,20.000000,0.000000,0.000000,20.000000,0.000000,0.000000,0.000000,0.000000,0.012160,0.000000,0.910900,19.724459,3.202603,-0.830101,20.000000
4.168000,13,"LINK_TORSO_YAW",4.030000,0.200000,0.138000,20.000000,0.000000,0.000000,20.000000,0.000000,0.000000,0.000000,0.000000,0.012160,0.000000,0.910900,19.723482,3.207719,-0.833550,20.000000
4.169000,13,"LINK_TORSO_YAW",4.030000,0.200000,0.139000,20.000000,0.000000,0.000000,20.000000,0.000000,0.000000,0.000000,0.000000,0.012160,0.000000,0.910900,19.722533,3.212622,-0.837104,20.000000
4.170000,13,"LINK_TORSO_YAW",4.030000,0.200000,0.140000,20.000000,0.000000,0.000000,20.000000,0.000000,0.000000,0.000000,0.000000,0.012160,0.000000,0.910900,19.721572,3.217552,-0.840808,20.000000
4.171000,13,"LINK_TORSO_YAW",4.030000,0.200000,0.141000,20.000000,0.000000,0.000000,20.000000,0.000000,0.000000,0.000000,0.000000,0.012160,0.000000,0.910900,19.720642,3.222240,-0.844648,20.000000
4.172000,13,"LINK_TORSO_YAW",4.030000,0.200000,0.142000,20.000000,0.000000,0.000000,20.000000,0.000000,0.000000,0.000000,0.000000,0.012160,0.000000,0.910900,19.719732,3.226751,-0.848682,20.000000
4.173000,13,"LINK_TORSO_YAW",4.030000,0.200000,0.143000,20.000000,0.000000,0.000000,20.000000,0.000000,0.000000,0.000000,0.000000,0.012160,0.000000,0.910900,19.718825,3.231158,-0.852959,20.000000
4.174000,13,"LINK_TORSO_YAW",4.030000,0.200000,0.144000,20.000000,0.000000,0.000000,20.000000,0.000000,0.000000,0.000000,0.000000,0.012160,0.000000,0.910900,19.717938,3.235358,-0.857541,20.000000
4.175000,13,"LINK_TORSO_YAW",4.030000,0.200000,0.145000,20.000000,0.000000,0.000000,20.000000,0.000000,0.000000,0.000000,0.000000,0.012160,0.000000,0.910900,19.717083,3.239428,-0.861818,20.000000
4.176000,13,"LINK_TORSO_YAW",4.030000,0.200000,0.146000,20.000000,0.000000,0.000000,20.000000,0.000000,0.000000,0.000000,0.000000,0.012160,0.000000,0.910900,19.716265,3.243330,-0.865849,20.000000
4.177000,13,"LINK_TORSO_YAW",4.030000,0.200000,0.147000,20.000000,0.000000,0.000000,20.000000,0.000000,0.000000,0.000000,0.000000,0.012160,0.000000,0.910900,19.715479,3.247080,-0.869693,20.000000
4.178000,13,"LINK_TORSO_YAW",4.030000,0.200000,0.148000,20.000000,0.000000,0.000000,20.000000,0.000000,0.000000,0.000000,0.000000,0.012160,0.000000,0.910900,19.714739,3.250585,-0.873371,20.000000
4.179000,13,"LINK_TORSO_YAW",4.030000,0.200000,0.149000,20.000000,0.000000,0.000000,20.000000,0.000000,0.000000,0.000000,0.000000,0.012160,0.000000,0.910900,19.714015,3.254008,-0.876943,20.000000
4.180000,13,"LINK_TORSO_YAW",4.030000,0.200000,0.150000,20.000000,0.000000,0.000000,20.000000,0.000000,0.000000,0.000000,0.000000,0.012160,0.000000,0.910900,19.713338,3.257158,-0.880465,20.000000
4.181000,13,"LINK_TORSO_YAW",4.030000,0.200000,0.151000,20.000000,0.000000,0.000000,20.000000,0.000000,0.000000,0.000000,0.000000,0.012160,0.000000,0.910900,19.712683,3.260166,-0.884000,20.000000
4.182000,13,"LINK_TORSO_YAW",4.030000,0.200000,0.152000,20.000000,0.000000,0.000000,20.000000,0.000000,0.000000,0.000000,0.000000,0.012160,0.000000,0.910900,19.712046,3.263037,-0.887594,20.000000
4.183000,13,"LINK_TORSO_YAW",4.030000,0.200000,0.153000,20.000000,0.000000,0.000000,20.000000,0.000000,0.000000,0.000000,0.000000,0.012160,0.000000,0.910900,19.711441,3.265681,-0.891308,20.000000
4.184000,13,"LINK_TORSO_YAW",4.030000,0.200000,0.154000,20.000000,0.000000,0.000000,20.000000,0.000000,0.000000,0.000000,0.000000,0.012160,0.000000,0.910900,19.710858,3.268130,-0.895220,20.000000
4.185000,13,"LINK_TORSO_YAW",4.030000,0.200000,0.155000,20.000000,0.000000,0.000000,20.000000,0.000000,0.000000,0.000000,0.000000,0.012160,0.000000,0.910900,19.710290,3.270407,-0.899383,20.000000
4.186000,13,"LINK_TORSO_YAW",4.030000,0.200000,0.156000,20.000000,0.000000,0.000000,20.000000,0.000000,0.000000,0.000000,0.000000,0.012160,0.000000,0.910900,19.709783,3.272405,-0.903236,20.000000
4.187000,13,"LINK_TORSO_YAW",4.030000,0.200000,0.157000,20.000000,0.000000,0.000000,20.000000,0.000000,0.000000,0.000000,0.000000,0.012160,0.000000,0.910900,19.709300,3.274312,-0.906843,20.000000
4.188000,13,"LINK_TORSO_YAW",4.030000,0.200000,0.158000,20.000000,0.000000,0.000000,20.000000,0.000000,0.000000,0.000000,0.000000,0.012160,0.000000,0.910900,19.708868,3.275966,-0.910256,20.000000
4.189000,13,"LINK_TORSO_YAW",4.030000,0.200000,0.159000,20.000000,0.000000,0.000000,20.000000,0.000000,0.000000,0.000000,0.000000,0.012160,0.000000,0.910900,19.708472,3.277432,-0.913540,20.000000
4.190000,13,"LINK_TORSO_YAW",4.030000,0.200000,0.160000,20.000000,0.000000,0.000000,20.000000,0.000000,0.000000,0.000000,0.000000,0.012160,0.000000,0.910900,19.708119,3.278668,-0.916726,20.000000
4.191000,13,"LINK_TORSO_YAW",4.030000,0.200000,0.161000,20.000000,0.000000,0.000000,20.000000,0.000000,0.000000,0.000000,0.000000,0.012160,0.000000,0.910900,19.707797,3.279718,-0.919895,20.000000
4.192000,13,"LINK_TORSO_YAW",4.030000,0.200000,0.162000,20.000000,0.000000,0.000000,20.000000,0.000000,0.000000,0.000000,0.000000,0.012160,0.000000,0.910900,19.707497,3.280618,-0.923094,20.000000
4.193000,13,"LINK_TORSO_YAW",4.030000,0.200000,0.163000,20.000000,0.000000,0.000000,20.000000,0.000000,0.000000,0.000000,0.000000,0.012160,0.000000,0.910900,19.707234,3.281271,-0.926375,20.000000
4.194000,13,"LINK_TORSO_YAW",4.030000,0.200000,0.164000,20.000000,0.000000,0.000000,20.000000,0.000000,0.000000,0.000000,0.000000,0.012160,0.000000,0.910900,19.706992,3.281759,-0.929799,20.000000
4.195000,13,"LINK_TORSO_YAW",4.030000,0.200000,0.165000,20.000000,0.000000,0.000000,20.000000,0.000000,0.000000,0.000000,0.000000,0.012160,0.000000,0.910900,19.706781,3.282000,-0.933418,20.000000
4.196000,13,"LINK_TORSO_YAW",4.030000,0.200000,0.166000,20.000000,0.000000,0.000000,20.000000,0.000000,0.000000,0.000000,0.000000,0.012160,0.000000,0.910900,19.706588,3.282057,-0.937280,20.000000
4.197000,13,"LINK_TORSO_YAW",4.030000,0.200000,0.167000,20.000000,0.000000,0.000000,20.000000,0.000000,0.000000,0.000000,0.000000,0.012160,0.000000,0.910900,19.706438,3.281940,-0.940834,20.000000
4.198000,13,"LINK_TORSO_YAW",4.030000,0.200000,0.168000,20.000000,0.000000,0.000000,20.000000,0.000000,0.000000,0.000000,0.000000,0.012160,0.000000,0.910900,19.706342,3.281548,-0.944218,20.000000
4.199000,13,"LINK_TORSO_YAW",4.030000,0.200000,0.169000,20.000000,0.000000,0.000000,20.000000,0.000000,0.000000,0.000000,0.000000,0.012160,0.000000,0.910900,19.706278,3.280991,-0.947484,20.000000
4.200000,13,"LINK_TORSO_YAW",4.030000,0.200000,0.170000,20.000000,0.000000,0.000000,20.000000,0.000000,0.000000,0.000000,0.000000,0.012160,0.000000,0.910900,19.706267,3.280130,-0.950683,20.000000
4.201000,13,"LINK_TORSO_YAW",4.030000,0.200000,0.171000,20.000000,0.000000,0.000000,20.000000,0.000000,0.000000,0.000000,0.000000,0.012160,0.000000,0.910900,19.706286,3.279085,-0.953876,20.000000
4.202000,13,"LINK_TORSO_YAW",4.030000,0.200000,0.172000,20.000000,0.000000,0.000000,20.000000,0.000000,0.000000,0.000000,0.000000,0.012160,0.000000,0.910900,19.706348,3.277769,-0.957112,20.000000
4.203000,13,"LINK_TORSO_YAW",4.030000,0.200000,0.173000,20.000000,0.000000,0.000000,20.000000,0.000000,0.000000,0.000000,0.000000,0.012160,0.000000,0.910900,19.706445,3.276226,-0.960400,20.000000
4.204000,13,"LINK_TORSO_YAW",4.030000,0.200000,0.174000,20.000000,0.000000,0.000000,20.000000,0.000000,0.000000,0.000000,0.000000,0.012160,0.000000,0.910900,19.706572,3.274453,-0.963839,20.000000
4.205000,13,"LINK_TORSO_YAW",4.030000,0.200000,0.175000,20.000000,0.000000,0.000000,20.000000,0.000000,0.000000,0.000000,0.000000,0.012160,0.000000,0.910900,19.706712,3.272513,-0.967544,20.000000
4.206000,13,"LINK_TORSO_YAW",4.030000,0.200000,0.176000,20.000000,0.000000,0.000000,20.000000,0.000000,0.000000,0.000000,0.000000,0.012160,0.000000,0.910900,19.706882,3.270301,-0.971568,20.000000
4.207000,13,"LINK_TORSO_YAW",4.030000,0.200000,0.177000,20.000000,0.000000,0.000000,20.000000,0.000000,0.000000,0.000000,0.000000,0.012160,0.000000,0.910900,19.707059,3.267924,-0.975958,20.000000
4.208000,13,"LINK_TORSO_YAW",4.030000,0.200000,0.178000,20.000000,0.000000,0.000000,20.000000,0.000000,0.000000,0.000000,0.000000,0.012160,0.000000,0.910900,19.707256,3.265301,-0.980747,20.000000
4.209000,13,"LINK_TORSO_YAW",4.030000,0.200000,0.179000,20.000000,0.000000,0.000000,20.000000,0.000000,0.000000,0.000000,0.000000,0.012160,0.000000,0.910900,19.707492,3.262495,-0.985328,20.000000
4.210000,13,"LINK_TORSO_YAW",4.030000,0.200000,0.180000,20.000000,0.000000,0.000000,20.000000,0.000000,0.000000,0.000000,0.000000,0.012160,0.000000,0.910900,19.707794,3.259334,-0.989740,20.000000
4.211000,13,"LINK_TORSO_YAW",4.030000,0.200000,0.181000,20.000000,0.000000,0.000000,20.000000,0.000000,0.000000,0.000000,0.000000,0.012160,0.000000,0.910900,19.708145,3.255900,-0.994052,20.000000
4.212000,13,"LINK_TORSO_YAW",4.030000,0.200000,0.182000,20.000000,0.000000,0.000000,20.000000,0.000000,0.000000,0.000000,0.000000,0.012160,0.000000,0.910900,19.708523,3.252304,-0.998311,20.000000
4.213000,13,"LINK_TORSO_YAW",4.030000,0.200000,0.183000,20.000000,0.000000,0.000000,20.000000,0.000000,0.000000,0.000000,0.000000,0.012160,0.000000,0.910900,19.708953,3.248397,-1.002552,20.000000
4.214000,13,"LINK_TORSO_YAW",4.030000,0.200000,0.184000,20.000000,0.000000,0.000000,20.000000,0.000000,0.000000,0.000000,0.000000,0.012160,0.000000,0.910900,19.709417,3.244268,-1.006777,20.000000
4.215000,13,"LINK_TORSO_YAW",4.030000,0.200000,0.185000,20.000000,0.000000,0.000000,20.000000,0.000000,0.000000,0.000000,0.000000,0.012160,0.000000,0.910900,19.709918,3.239882,-1.011089,20.000000
4.216000,13,"LINK_TORSO_YAW",4.030000,0.200000,0.186000,20.000000,0.000000,0.000000,20.000000,0.000000,0.000000,0.000000,0.000000,0.012160,0.000000,0.910900,19.710437,3.235338,-1.015516,20.000000
4.217000,13,"LINK_TORSO_YAW",4.030000,0.200000,0.187000,20.000000,0.000000,0.000000,20.000000,0.000000,0.000000,0.000000,0.000000,0.012160,0.000000,0.910900,19.710992,3.230500,-1.020123,20.000000
4.218000,13,"LINK_TORSO_YAW",4.030000,0.200000,0.188000,20.000000,0.000000,0.000000,20.000000,0.000000,0.000000,0.000000,0.000000,0.012160,0.000000,0.910900,19.711559,3.225505,-1.024961,20.000000
4.219000,13,"LINK_TORSO_YAW",4.030000,0.200000,0.189000,20.000000,0.000000,0.000000,20.000000,0.000000,0.000000,0.000000,0.000000,0.012160,0.000000,0.910900,19.712153,3.220236,-1.030092,20.000000
4.220000,13,"LINK_TORSO_YAW",4.030000,0.200000,0.190000,20.000000,0.000000,0.000000,20.000000,0.000000,0.000000,0.000000,0.000000,0.012160,0.000000,0.910900,19.712789,3.214781,-1.034952,20.000000
4.221000,13,"LINK_TORSO_YAW",4.030000,0.200000,0.191000,20.000000,0.000000,0.000000,20.000000,0.000000,0.000000,0.000000,0.000000,0.012160,0.000000,0.910900,19.713500,3.208933,-1.039545,20.000000
4.222000,13,"LINK_TORSO_YAW",4.030000,0.200000,0.192000,20.000000,0.000000,0.000000,20.000000,0.000000,0.000000,0.000000,0.000000,0.012160,0.000000,0.910900,19.714243,3.202930,-1.043968,20.000000
4.223000,13,"LINK_TORSO_YAW",4.030000,0.200000,0.193000,20.000000,0.000000,0.000000,20.000000,0.000000,0.000000,0.000000,0.000000,0.012160,0.000000,0.910900,19.715047,3.196569,-1.048278,20.000000
4.224000,13,"LINK_TORSO_YAW",4.030000,0.200000,0.194000,20.000000,0.000000,0.000000,20.000000,0.000000,0.000000,0.000000,0.000000,0.012160,0.000000,0.910900,19.715873,3.190071,-1.052514,20.000000
4.225000,13,"LINK_TORSO_YAW",4.030000,0.200000,0.195000,20.000000,0.000000,0.000000,20.000000,0.000000,0.000000,0.000000,0.000000,0.012160,0.000000,0.910900,19.716751,3.183222,-1.056803,20.000000
4.226000,13,"LINK_TORSO_YAW",4.030000,0.200000,0.196000,20.000000,0.000000,0.000000,20.000000,0.000000,0.000000,0.000000,0.000000,0.012160,0.000000,0.910900,19.717645,3.176217,-1.061194,20.000000
4.227000,13,"LINK_TORSO_YAW",4.030000,0.200000,0.197000,20.000000,0.000000,0.000000,20.000000,0.000000,0.000000,0.000000,0.000000,0.012160,0.000000,0.910900,19.718578,3.168898,-1.065714,20.000000
4.228000,13,"LINK_TORSO_YAW",4.030000,0.200000,0.198000,20.000000,0.000000,0.000000,20.000000,0.000000,0.000000,0.000000,0.000000,0.012160,0.000000,0.910900,19.719520,3.161444,-1.070423,20.000000
4.229000,13,"LINK_TORSO_YAW",4.030000,0.200000,0.199000,20.000000,0.000000,0.000000,20.000000,0.000000,0.000000,0.000000,0.000000,0.012160,0.000000,0.910900,19.720500,3.153648,-1.075350,20.000000
4.230000,13,"LINK_TORSO_YAW",4.030000,0.200000,0.200000,20.000000,0.000000,0.000000,20.000000,0.000000,0.000000,0.000000,0.000000,0.012160,0.000000,0.910900,19.721481,3.145724,-1.080564,20.000000
4.231000,14,"LINK_TORSO_YAW",4.230000,0.200000,0.001000,20.000000,0.000000,0.000000,20.000000,0.000000,0.000000,0.000000,0.000000,0.012160,0.000000,0.910900,19.722525,3.137449,-1.085559,20.000000
4.232000,14,"LINK_TORSO_YAW",4.230000,0.200000,0.002000,20.000000,0.000000,0.000000,20.000000,0.000000,0.000000,0.000000,0.000000,0.012160,0.000000,0.910900,19.723605,3.128959,-1.090414,20.000000
4.233000,14,"LINK_TORSO_YAW",4.230000,0.200000,0.003000,20.000000,0.000000,0.000000,20.000000,0.000000,0.000000,0.000000,0.000000,0.012160,0.000000,0.910900,19.724745,3.120105,-1.095156,20.000000
4.234000,14,"LINK_TORSO_YAW",4.230000,0.200000,0.004000,20.000000,0.000000,0.000000,20.000000,0.000000,0.000000,0.000000,0.000000,0.012160,0.000000,0.910900,19.725911,3.111077,-1.099838,20.000000
4.235000,14,"LINK_TORSO_YAW",4.230000,0.200000,0.005000,20.000000,0.000000,0.000000,20.000000,0.000000,0.000000,0.000000,0.000000,0.012160,0.000000,0.910900,19.727136,3.101653,-1.104471,20.000000
4.236000,14,"LINK_TORSO_YAW",4.230000,0.200000,0.006000,20.000000,0.000000,0.000000,20.000000,0.000000,0.000000,0.000000,0.000000,0.012160,0.000000,0.910900,19.728375,3.092088,-1.109149,20.000000
4.237000,14,"LINK_TORSO_YAW",4.230000,0.200000,0.007000,20.000000,0.000000,0.000000,20.000000,0.000000,0.000000,0.000000,0.000000,0.012160,0.000000,0.910900,19.729660,3.082159,-1.113910,20.000000
4.238000,14,"LINK_TORSO_YAW",4.230000,0.200000,0.008000,20.000000,0.000000,0.000000,20.000000,0.000000,0.000000,0.000000,0.000000,0.012160,0.000000,0.910900,19.730966,3.071992,-1.118858,20.000000
4.239000,14,"LINK_TORSO_YAW",4.230000,0.200000,0.009000,20.000000,0.000000,0.000000,20.000000,0.000000,0.000000,0.000000,0.000000,0.012160,0.000000,0.910900,19.732272,3.061679,-1.124078,20.000000
4.240000,14,"LINK_TORSO_YAW",4.230000,0.200000,0.010000,20.000000,0.000000,0.000000,20.000000,0.000000,0.000000,0.000000,0.000000,0.012160,0.000000,0.910900,19.733611,3.050999,-1.129600,20.000000
4.241000,14,"LINK_TORSO_YAW",4.230000,0.200000,0.011000,20.000000,0.000000,0.000000,20.000000,0.000000,0.000000,0.000000,0.000000,0.012160,0.000000,0.910900,19.734970,3.040018,-1.135458,20.000000
4.242000,14,"LINK_TORSO_YAW",4.230000,0.200000,0.012000,20.000000,0.000000,0.000000,20.000000,0.000000,0.000000,0.000000,0.000000,0.012160,0.000000,0.910900,19.736368,3.028800,-1.141126,20.000000
4.243000,14,"LINK_TORSO_YAW",4.230000,0.200000,0.013000,20.000000,0.000000,0.000000,20.000000,0.000000,0.000000,0.000000,0.000000,0.012160,0.000000,0.910900,19.737827,3.017196,-1.146612,20.000000
4.244000,14,"LINK_TORSO_YAW",4.230000,0.200000,0.014000,20.000000,0.000000,0.000000,20.000000,0.000000,0.000000,0.000000,0.000000,0.012160,0.000000,0.910900,19.739322,3.005357,-1.151951,20.000000
4.245000,14,"LINK_TORSO_YAW",4.230000,0.200000,0.015000,20.000000,0.000000,0.000000,20.000000,0.000000,0.000000,0.000000,0.000000,0.012160,0.000000,0.910900,19.740871,2.993126,-1.157242,20.000000
4.246000,14,"LINK_TORSO_YAW",4.230000,0.200000,0.016000,20.000000,0.000000,0.000000,20.000000,0.000000,0.000000,0.000000,0.000000,0.012160,0.000000,0.910900,19.742439,2.980708,-1.162540,20.000000
4.247000,14,"LINK_TORSO_YAW",4.230000,0.200000,0.017000,20.000000,0.000000,0.000000,20.000000,0.000000,0.000000,0.000000,0.000000,0.012160,0.000000,0.910900,19.744061,2.967852,-1.167869,20.000000
4.248000,14,"LINK_TORSO_YAW",4.230000,0.200000,0.018000,20.000000,0.000000,0.000000,20.000000,0.000000,0.000000,0.000000,0.000000,0.012160,0.000000,0.910900,19.745689,2.954846,-1.173302,20.000000
4.249000,14,"LINK_TORSO_YAW",4.230000,0.200000,0.019000,20.000000,0.000000,0.000000,20.000000,0.000000,0.000000,0.000000,0.000000,0.012160,0.000000,0.910900,19.747358,2.941446,-1.178880,20.000000
4.250000,14,"LINK_TORSO_YAW",4.230000,0.200000,0.020000,20.000000,0.000000,0.000000,20.000000,0.000000,0.000000,0.000000,0.000000,0.012160,0.000000,0.910900,19.749038,2.927812,-1.184656,20.000000
4.251000,14,"LINK_TORSO_YAW",4.230000,0.200000,0.021000,20.000000,0.000000,0.000000,20.000000,0.000000,0.000000,0.000000,0.000000,0.012160,0.000000,0.910900,19.750722,2.913882,-1.190912,20.000000
4.252000,14,"LINK_TORSO_YAW",4.230000,0.200000,0.022000,20.000000,0.000000,0.000000,20.000000,0.000000,0.000000,0.000000,0.000000,0.012160,0.000000,0.910900,19.752433,2.899569,-1.197450,20.000000
4.253000,14,"LINK_TORSO_YAW",4.230000,0.200000,0.023000,20.000000,0.000000,0.000000,20.000000,0.000000,0.000000,0.000000,0.000000,0.012160,0.000000,0.910900,19.754191,2.884962,-1.203723,20.000000
4.254000,14,"LINK_TORSO_YAW",4.230000,0.200000,0.024000,20.000000,0.000000,0.000000,20.000000,0.000000,0.000000,0.000000,0.000000,0.012160,0.000000,0.910900,19.755980,2.870137,-1.209781,20.000000
4.255000,14,"LINK_TORSO_YAW",4.230000,0.200000,0.025000,20.000000,0.000000,0.000000,20.000000,0.000000,0.000000,0.000000,0.000000,0.012160,0.000000,0.910900,19.757845,2.854779,-1.215652,20.000000
4.256000,14,"LINK_TORSO_YAW",4.230000,0.200000,0.026000,20.000000,0.000000,0.000000,20.000000,0.000000,0.000000,0.000000,0.000000,0.012160,0.000000,0.910900,19.759729,2.839237,-1.221418,20.000000
4.257000,14,"LINK_TORSO_YAW",4.230000,0.200000,0.027000,20.000000,0.000000,0.000000,20.000000,0.000000,0.000000,0.000000,0.000000,0.012160,0.000000,0.910900,19.761628,2.823512,-1.227132,20.000000
4.258000,14,"LINK_TORSO_YAW",4.230000,0.200000,0.028000,20.000000,0.000000,0.000000,20.000000,0.000000,0.000000,0.000000,0.000000,0.012160,0.000000,0.910900,19.763587,2.807242,-1.232898,20.000000
4.259000,14,"LINK_TORSO_YAW",4.230000,0.200000,0.029000,20.000000,0.000000,0.000000,20.000000,0.000000,0.000000,0.000000,0.000000,0.012160,0.000000,0.910900,19.765577,2.790603,-1.238756,20.000000
4.260000,14,"LINK_TORSO_YAW",4.230000,0.200000,0.030000,20.000000,0.000000,0.000000,20.000000,0.000000,0.000000,0.000000,0.000000,0.012160,0.000000,0.910900,19.767572,2.773730,-1.244791,20.000000
4.261000,14,"LINK_TORSO_YAW",4.230000,0.200000,0.031000,20.000000,0.000000,0.000000,20.000000,0.000000,0.000000,0.000000,0.000000,0.012160,0.000000,0.910900,19.769569,2.756626,-1.251058,20.000000
4.263000,14,"LINK_TORSO_YAW",4.230000,0.200000,0.033000,20.000000,0.000000,0.000000,20.000000,0.000000,0.000000,0.000000,0.000000,0.012160,0.000000,0.910900,19.773608,2.721435,-1.264200,20.000000
4.264000,14,"LINK_TORSO_YAW",4.230000,0.200000,0.034000,20.000000,0.000000,0.000000,20.000000,0.000000,0.000000,0.000000,0.000000,0.012160,0.000000,0.910900,19.775712,2.703141,-1.270529,20.000000
4.265000,14,"LINK_TORSO_YAW",4.230000,0.200000,0.035000,20.000000,0.000000,0.000000,20.000000,0.000000,0.000000,0.000000,0.000000,0.012160,0.000000,0.910900,19.777836,2.684629,-1.276696,20.000000
4.266000,14,"LINK_TORSO_YAW",4.230000,0.200000,0.036000,20.000000,0.000000,0.000000,20.000000,0.000000,0.000000,0.000000,0.000000,0.012160,0.000000,0.910900,19.780008,2.665672,-1.282757,20.000000
4.267000,14,"LINK_TORSO_YAW",4.230000,0.200000,0.037000,20.000000,0.000000,0.000000,20.000000,0.000000,0.000000,0.000000,0.000000,0.012160,0.000000,0.910900,19.782188,2.646523,-1.288776,20.000000
4.268000,14,"LINK_TORSO_YAW",4.230000,0.200000,0.038000,20.000000,0.000000,0.000000,20.000000,0.000000,0.000000,0.000000,0.000000,0.012160,0.000000,0.910900,19.784366,2.627181,-1.294906,20.000000
4.269000,14,"LINK_TORSO_YAW",4.230000,0.200000,0.039000,20.000000,0.000000,0.000000,20.000000,0.000000,0.000000,0.000000,0.000000,0.012160,0.000000,0.910900,19.786614,2.607112,-1.301102,20.000000
4.271000,14,"LINK_TORSO_YAW",4.230000,0.200000,0.041000,20.000000,0.000000,0.000000,20.000000,0.000000,0.000000,0.000000,0.000000,0.012160,0.000000,0.910900,19.791070,2.566324,-1.314351,20.000000
4.272000,14,"LINK_TORSO_YAW",4.230000,0.200000,0.042000,20.000000,0.000000,0.000000,20.000000,0.000000,0.000000,0.000000,0.000000,0.012160,0.000000,0.910900,19.793266,2.545632,-1.321512,20.000000
4.273000,14,"LINK_TORSO_YAW",4.230000,0.200000,0.043000,20.000000,0.000000,0.000000,20.000000,0.000000,0.000000,0.000000,0.000000,0.012160,0.000000,0.910900,19.795474,2.524469,-1.329006,20.000000
4.274000,14,"LINK_TORSO_YAW",4.230000,0.200000,0.044000,20.000000,0.000000,0.000000,20.000000,0.000000,0.000000,0.000000,0.000000,0.012160,0.000000,0.910900,19.797658,2.503088,-1.336897,20.000000
4.275000,14,"LINK_TORSO_YAW",4.230000,0.200000,0.045000,20.000000,0.000000,0.000000,20.000000,0.000000,0.000000,0.000000,0.000000,0.012160,0.000000,0.910900,19.799876,2.481200,-1.344822,20.000000
4.277000,14,"LINK_TORSO_YAW",4.230000,0.200000,0.047000,20.000000,0.000000,0.000000,20.000000,0.000000,0.000000,0.000000,0.000000,0.012160,0.000000,0.910900,19.804399,2.436181,-1.360445,20.000000
4.278000,14,"LINK_TORSO_YAW",4.230000,0.200000,0.048000,20.000000,0.000000,0.000000,20.000000,0.000000,0.000000,0.000000,0.000000,0.012160,0.000000,0.910900,19.806670,2.413239,-1.368250,20.000000
4.280000,14,"LINK_TORSO_YAW",4.230000,0.200000,0.050000,20.000000,0.000000,0.000000,20.000000,0.000000,0.000000,0.000000,0.000000,0.012160,0.000000,0.910900,19.811191,2.366245,-1.384770,20.000000
4.281000,14,"LINK_TORSO_YAW",4.230000,0.200000,0.051000,20.000000,0.000000,0.000000,20.000000,0.000000,0.000000,0.000000,0.000000,0.012160,0.000000,0.910900,19.813461,2.342163,-1.393214,20.000000
4.282000,14,"LINK_TORSO_YAW",4.230000,0.200000,0.052000,20.000000,0.000000,0.000000,20.000000,0.000000,0.000000,0.000000,0.000000,0.012160,0.000000,0.910900,19.815723,2.317788,-1.401778,20.000000
4.287000,14,"LINK_TORSO_YAW",4.230000,0.200000,0.057000,20.000000,0.000000,0.000000,20.000000,0.000000,0.000000,0.000000,0.000000,0.012160,0.000000,0.910900,19.826658,2.191244,-1.449862,20.000000
4.289000,14,"LINK_TORSO_YAW",4.230000,0.200000,0.059000,20.000000,0.000000,0.000000,20.000000,0.000000,0.000000,0.000000,0.000000,0.012160,0.000000,0.910900,19.831011,2.137501,-1.470411,20.000000
4.290000,14,"LINK_TORSO_YAW",4.230000,0.200000,0.060000,20.000000,0.000000,0.000000,20.000000,0.000000,0.000000,0.000000,0.000000,0.012160,0.000000,0.910900,19.833184,2.110067,-1.480690,20.000000
4.291000,14,"LINK_TORSO_YAW",4.230000,0.200000,0.061000,20.000000,0.000000,0.000000,20.000000,0.000000,0.000000,0.000000,0.000000,0.012160,0.000000,0.910900,19.835322,2.082360,-1.491233,20.000000
4.292000,14,"LINK_TORSO_YAW",4.230000,0.200000,0.062000,20.000000,0.000000,0.000000,20.000000,0.000000,0.000000,0.000000,0.000000,0.012160,0.000000,0.910900,19.837417,2.054393,-1.502119,20.000000
4.293000,14,"LINK_TORSO_YAW",4.230000,0.200000,0.063000,20.000000,0.000000,0.000000,20.000000,0.000000,0.000000,0.000000,0.000000,0.012160,0.000000,0.910900,19.839460,2.026177,-1.513421,20.000000
4.295000,14,"LINK_TORSO_YAW",4.230000,0.200000,0.065000,20.000000,0.000000,0.000000,20.000000,0.000000,0.000000,0.000000,0.000000,0.012160,0.000000,0.910900,19.843361,1.969019,-1.537525,20.000000
4.301000,14,"LINK_TORSO_YAW",4.230000,0.200000,0.071000,20.000000,0.000000,0.000000,20.000000,0.000000,0.000000,0.000000,0.000000,0.012160,0.000000,0.910900,19.854493,1.785450,-1.615948,20.000000
4.305000,14,"LINK_TORSO_YAW",4.230000,0.200000,0.075000,20.000000,0.000000,0.000000,20.000000,0.000000,0.000000,0.000000,0.000000,0.012160,0.000000,0.910900,19.860863,1.657865,-1.672602,20.000000
4.306000,14,"LINK_TORSO_YAW",4.230000,0.200000,0.076000,20.000000,0.000000,0.000000,20.000000,0.000000,0.000000,0.000000,0.000000,0.012160,0.000000,0.910900,19.862269,1.625441,-1.687666,20.000000
4.308000,14,"LINK_TORSO_YAW",4.230000,0.200000,0.078000,20.000000,0.000000,0.000000,20.000000,0.000000,0.000000,0.000000,0.000000,0.012160,0.000000,0.910900,19.864861,1.559371,-1.719207,20.000000
4.309000,14,"LINK_TORSO_YAW",4.230000,0.200000,0.079000,20.000000,0.000000,0.000000,20.000000,0.000000,0.000000,0.000000,0.000000,0.012160,0.000000,0.910900,19.866139,1.525265,-1.734956,20.000000
4.310000,14,"LINK_TORSO_YAW",4.230000,0.200000,0.080000,20.000000,0.000000,0.000000,20.000000,0.000000,0.000000,0.000000,0.000000,0.012160,0.000000,0.910900,19.867367,1.490982,-1.750626,20.000000
4.311000,14,"LINK_TORSO_YAW",4.230000,0.200000,0.081000,20.000000,0.000000,0.000000,20.000000,0.000000,0.000000,0.000000,0.000000,0.012160,0.000000,0.910900,19.868537,1.456533,-1.766278,20.000000
4.312000,14,"LINK_TORSO_YAW",4.230000,0.200000,0.082000,20.000000,0.000000,0.000000,20.000000,0.000000,0.000000,0.000000,0.000000,0.012160,0.000000,0.910900,19.869648,1.422099,-1.781775,20.000000
4.313000,14,"LINK_TORSO_YAW",4.230000,0.200000,0.083000,20.000000,0.000000,0.000000,20.000000,0.000000,0.000000,0.000000,0.000000,0.012160,0.000000,0.910900,19.870696,1.387675,-1.797168,20.000000
4.314000,14,"LINK_TORSO_YAW",4.230000,0.200000,0.084000,20.000000,0.000000,0.000000,20.000000,0.000000,0.000000,0.000000,0.000000,0.012160,0.000000,0.910900,19.871676,1.353260,-1.812504,20.000000
4.315000,14,"LINK_TORSO_YAW",4.230000,0.200000,0.085000,20.000000,0.000000,0.000000,20.000000,0.000000,0.000000,0.000000,0.000000,0.012160,0.000000,0.910900,19.872586,1.318853,-1.827833,20.000000
4.316000,14,"LINK_TORSO_YAW",4.230000,0.200000,0.086000,20.000000,0.000000,0.000000,20.000000,0.000000,0.000000,0.000000,0.000000,0.012160,0.000000,0.910900,19.873419,1.284452,-1.843206,20.000000
4.317000,14,"LINK_TORSO_YAW",4.230000,0.200000,0.087000,20.000000,0.000000,0.000000,20.000000,0.000000,0.000000,0.000000,0.000000,0.012160,0.000000,0.910900,19.874171,1.250060,-1.858675,20.000000
4.318000,14,"LINK_TORSO_YAW",4.230000,0.200000,0.088000,20.000000,0.000000,0.000000,20.000000,0.000000,0.000000,0.000000,0.000000,0.012160,0.000000,0.910900,19.874838,1.215676,-1.874290,20.000000
4.319000,14,"LINK_TORSO_YAW",4.230000,0.200000,0.089000,20.000000,0.000000,0.000000,20.000000,0.000000,0.000000,0.000000,0.000000,0.012160,0.000000,0.910900,19.875441,1.181379,-1.889764,20.000000
4.320000,14,"LINK_TORSO_YAW",4.230000,0.200000,0.090000,20.000000,0.000000,0.000000,20.000000,0.000000,0.000000,0.000000,0.000000,0.012160,0.000000,0.910900,19.876029,1.147228,-1.904558,20.000000
4.321000,14,"LINK_TORSO_YAW",4.230000,0.200000,0.091000,20.000000,0.000000,0.000000,20.000000,0.000000,0.000000,0.000000,0.000000,0.012160,0.000000,0.910900,19.876596,1.113218,-1.918769,20.000000
4.322000,14,"LINK_TORSO_YAW",4.230000,0.200000,0.092000,20.000000,0.000000,0.000000,20.000000,0.000000,0.000000,0.000000,0.000000,0.012160,0.000000,0.910900,19.877137,1.079321,-1.932485,20.000000
4.323000,14,"LINK_TORSO_YAW",4.230000,0.200000,0.093000,20.000000,0.000000,0.000000,20.000000,0.000000,0.000000,0.000000,0.000000,0.012160,0.000000,0.910900,19.877647,1.045510,-1.945776,20.000000
4.324000,14,"LINK_TORSO_YAW",4.230000,0.200000,0.094000,20.000000,0.000000,0.000000,20.000000,0.000000,0.000000,0.000000,0.000000,0.012160,0.000000,0.910900,19.878123,1.011772,-1.958708,20.000000
4.325000,14,"LINK_TORSO_YAW",4.230000,0.200000,0.095000,20.000000,0.000000,0.000000,20.000000,0.000000,0.000000,0.000000,0.000000,0.012160,0.000000,0.910900,19.878558,0.978112,-1.971347,20.000000
4.327000,14,"LINK_TORSO_YAW",4.230000,0.200000,0.097000,20.000000,0.000000,0.000000,20.000000,0.000000,0.000000,0.000000,0.000000,0.012160,0.000000,0.910900,19.879353,0.911569,-1.995082,20.000000
4.328000,14,"LINK_TORSO_YAW",4.230000,0.200000,0.098000,20.000000,0.000000,0.000000,20.000000,0.000000,0.000000,0.000000,0.000000,0.012160,0.000000,0.910900,19.879375,0.881925,-2.008148,20.000000
4.329000,14,"LINK_TORSO_YAW",4.230000,0.200000,0.099000,20.000000,0.000000,0.000000,20.000000,0.000000,0.000000,0.000000,0.000000,0.012160,0.000000,0.910900,19.879289,0.853021,-2.021444,20.000000
4.330000,14,"LINK_TORSO_YAW",4.230000,0.200000,0.100000,20.000000,0.000000,0.000000,20.000000,0.000000,0.000000,0.000000,0.000000,0.012160,0.000000,0.910900,19.879147,0.824591,-2.034591,20.000000
4.331000,14,"LINK_TORSO_YAW",4.230000,0.200000,0.101000,20.000000,0.000000,0.000000,20.000000,0.000000,0.000000,0.000000,0.000000,0.012160,0.000000,0.910900,19.878966,0.796609,-2.047469,20.000000
4.332000,14,"LINK_TORSO_YAW",4.230000,0.200000,0.102000,20.000000,0.000000,0.000000,20.000000,0.000000,0.000000,0.000000,0.000000,0.012160,0.000000,0.910900,19.878860,0.768043,-2.059373,20.000000
4.333000,14,"LINK_TORSO_YAW",4.230000,0.200000,0.103000,20.000000,0.000000,0.000000,20.000000,0.000000,0.000000,0.000000,0.000000,0.012160,0.000000,0.910900,19.878789,0.740018,-2.070298,20.000000
4.334000,14,"LINK_TORSO_YAW",4.230000,0.200000,0.104000,20.000000,0.000000,0.000000,20.000000,0.000000,0.000000,0.000000,0.000000,0.012160,0.000000,0.910900,19.878748,0.712548,-2.080301,20.000000
4.335000,14,"LINK_TORSO_YAW",4.230000,0.200000,0.105000,20.000000,0.000000,0.000000,20.000000,0.000000,0.000000,0.000000,0.000000,0.012160,0.000000,0.910900,19.878735,0.685651,-2.089441,20.000000
4.336000,14,"LINK_TORSO_YAW",4.230000,0.200000,0.106000,20.000000,0.000000,0.000000,20.000000,0.000000,0.000000,0.000000,0.000000,0.012160,0.000000,0.910900,19.878747,0.659344,-2.097783,20.000000
4.337000,14,"LINK_TORSO_YAW",4.230000,0.200000,0.107000,20.000000,0.000000,0.000000,20.000000,0.000000,0.000000,0.000000,0.000000,0.012160,0.000000,0.910900,19.878778,0.633648,-2.105396,20.000000
4.340000,14,"LINK_TORSO_YAW",4.230000,0.200000,0.110000,20.000000,0.000000,0.000000,20.000000,0.000000,0.000000,0.000000,0.000000,0.012160,0.000000,0.910900,19.878873,0.560416,-2.125171,20.000000
4.341000,14,"LINK_TORSO_YAW",4.230000,0.200000,0.111000,20.000000,0.000000,0.000000,20.000000,0.000000,0.000000,0.000000,0.000000,0.012160,0.000000,0.910900,19.878992,0.535573,-2.130455,20.000000
4.342000,14,"LINK_TORSO_YAW",4.230000,0.200000,0.112000,20.000000,0.000000,0.000000,20.000000,0.000000,0.000000,0.000000,0.000000,0.012160,0.000000,0.910900,19.879093,0.511391,-2.135453,20.000000
4.343000,14,"LINK_TORSO_YAW",4.230000,0.200000,0.113000,20.000000,0.000000,0.000000,20.000000,0.000000,0.000000,0.000000,0.000000,0.012160,0.000000,0.910900,19.879226,0.487828,-2.139714,20.000000
4.344000,14,"LINK_TORSO_YAW",4.230000,0.200000,0.114000,20.000000,0.000000,0.000000,20.000000,0.000000,0.000000,0.000000,0.000000,0.012160,0.000000,0.910900,19.879388,0.464906,-2.143312,20.000000
4.345000,14,"LINK_TORSO_YAW",4.230000,0.200000,0.115000,20.000000,0.000000,0.000000,20.000000,0.000000,0.000000,0.000000,0.000000,0.012160,0.000000,0.910900,19.879572,0.442653,-2.146315,20.000000
4.346000,14,"LINK_TORSO_YAW",4.230000,0.200000,0.116000,20.000000,0.000000,0.000000,20.000000,0.000000,0.000000,0.000000,0.000000,0.012160,0.000000,0.910900,19.879737,0.421131,-2.149117,20.000000
4.347000,14,"LINK_TORSO_YAW",4.230000,0.200000,0.117000,20.000000,0.000000,0.000000,20.000000,0.000000,0.000000,0.000000,0.000000,0.012160,0.000000,0.910900,19.879884,0.400352,-2.151731,20.000000
4.348000,14,"LINK_TORSO_YAW",4.230000,0.200000,0.118000,20.000000,0.000000,0.000000,20.000000,0.000000,0.000000,0.000000,0.000000,0.012160,0.000000,0.910900,19.880011,0.380322,-2.154182,20.000000
4.349000,14,"LINK_TORSO_YAW",4.230000,0.200000,0.119000,20.000000,0.000000,0.000000,20.000000,0.000000,0.000000,0.000000,0.000000,0.012160,0.000000,0.910900,19.880119,0.361048,-2.156501,20.000000
4.350000,14,"LINK_TORSO_YAW",4.230000,0.200000,0.120000,20.000000,0.000000,0.000000,20.000000,0.000000,0.000000,0.000000,0.000000,0.012160,0.000000,0.910900,19.880205,0.342534,-2.158726,20.000000
4.351000,14,"LINK_TORSO_YAW",4.230000,0.200000,0.121000,20.000000,0.000000,0.000000,20.000000,0.000000,0.000000,0.000000,0.000000,0.012160,0.000000,0.910900,19.880267,0.324784,-2.160906,20.000000
4.352000,14,"LINK_TORSO_YAW",4.230000,0.200000,0.122000,20.000000,0.000000,0.000000,20.000000,0.000000,0.000000,0.000000,0.000000,0.012160,0.000000,0.910900,19.880299,0.307802,-2.163089,20.000000
4.353000,14,"LINK_TORSO_YAW",4.230000,0.200000,0.123000,20.000000,0.000000,0.000000,20.000000,0.000000,0.000000,0.000000,0.000000,0.012160,0.000000,0.910900,19.880277,0.291566,-2.165547,20.000000
4.354000,14,"LINK_TORSO_YAW",4.230000,0.200000,0.124000,20.000000,0.000000,0.000000,20.000000,0.000000,0.000000,0.000000,0.000000,0.012160,0.000000,0.910900,19.880263,0.276037,-2.167703,20.000000
4.355000,14,"LINK_TORSO_YAW",4.230000,0.200000,0.125000,20.000000,0.000000,0.000000,20.000000,0.000000,0.000000,0.000000,0.000000,0.012160,0.000000,0.910900,19.880256,0.261217,-2.169608,20.000000
4.356000,14,"LINK_TORSO_YAW",4.230000,0.200000,0.126000,20.000000,0.000000,0.000000,20.000000,0.000000,0.000000,0.000000,0.000000,0.012160,0.000000,0.910900,19.880249,0.247107,-2.171317,20.000000
4.357000,14,"LINK_TORSO_YAW",4.230000,0.200000,0.127000,20.000000,0.000000,0.000000,20.000000,0.000000,0.000000,0.000000,0.000000,0.012160,0.000000,0.910900,19.880240,0.233707,-2.172887,20.000000
4.358000,14,"LINK_TORSO_YAW",4.230000,0.200000,0.128000,20.000000,0.000000,0.000000,20.000000,0.000000,0.000000,0.000000,0.000000,0.012160,0.000000,0.910900,19.880222,0.221016,-2.174378,20.000000
4.359000,14,"LINK_TORSO_YAW",4.230000,0.200000,0.129000,20.000000,0.000000,0.000000,20.000000,0.000000,0.000000,0.000000,0.000000,0.012160,0.000000,0.910900,19.880190,0.209028,-2.175854,20.000000
4.360000,14,"LINK_TORSO_YAW",4.230000,0.200000,0.130000,20.000000,0.000000,0.000000,20.000000,0.000000,0.000000,0.000000,0.000000,0.012160,0.000000,0.910900,19.880112,0.197707,-2.177628,20.000000
4.361000,14,"LINK_TORSO_YAW",4.230000,0.200000,0.131000,20.000000,0.000000,0.000000,20.000000,0.000000,0.000000,0.000000,0.000000,0.012160,0.000000,0.910900,19.879983,0.187048,-2.179748,20.000000
4.362000,14,"LINK_TORSO_YAW",4.230000,0.200000,0.132000,20.000000,0.000000,0.000000,20.000000,0.000000,0.000000,0.000000,0.000000,0.012160,0.000000,0.910900,19.879799,0.177047,-2.182259,20.000000
4.363000,14,"LINK_TORSO_YAW",4.230000,0.200000,0.133000,20.000000,0.000000,0.000000,20.000000,0.000000,0.000000,0.000000,0.000000,0.012160,0.000000,0.910900,19.879556,0.167703,-2.185208,20.000000
4.364000,14,"LINK_TORSO_YAW",4.230000,0.200000,0.134000,20.000000,0.000000,0.000000,20.000000,0.000000,0.000000,0.000000,0.000000,0.012160,0.000000,0.910900,19.879249,0.159013,-2.188643,20.000000
4.365000,14,"LINK_TORSO_YAW",4.230000,0.200000,0.135000,20.000000,0.000000,0.000000,20.000000,0.000000,0.000000,0.000000,0.000000,0.012160,0.000000,0.910900,19.878875,0.150979,-2.192610,20.000000
4.366000,14,"LINK_TORSO_YAW",4.230000,0.200000,0.136000,20.000000,0.000000,0.000000,20.000000,0.000000,0.000000,0.000000,0.000000,0.012160,0.000000,0.910900,19.878484,0.143622,-2.196646,20.000000
4.367000,14,"LINK_TORSO_YAW",4.230000,0.200000,0.137000,20.000000,0.000000,0.000000,20.000000,0.000000,0.000000,0.000000,0.000000,0.012160,0.000000,0.910900,19.878072,0.136940,-2.200792,20.000000
4.368000,14,"LINK_TORSO_YAW",4.230000,0.200000,0.138000,20.000000,0.000000,0.000000,20.000000,0.000000,0.000000,0.000000,0.000000,0.012160,0.000000,0.910900,19.877637,0.130932,-2.205088,20.000000
4.369000,14,"LINK_TORSO_YAW",4.230000,0.200000,0.139000,20.000000,0.000000,0.000000,20.000000,0.000000,0.000000,0.000000,0.000000,0.012160,0.000000,0.910900,19.877173,0.125594,-2.209577,20.000000
4.370000,14,"LINK_TORSO_YAW",4.230000,0.200000,0.140000,20.000000,0.000000,0.000000,20.000000,0.000000,0.000000,0.000000,0.000000,0.012160,0.000000,0.910900,19.876676,0.120924,-2.214302,20.000000
4.371000,14,"LINK_TORSO_YAW",4.230000,0.200000,0.141000,20.000000,0.000000,0.000000,20.000000,0.000000,0.000000,0.000000,0.000000,0.012160,0.000000,0.910900,19.876142,0.116917,-2.219306,20.000000
4.372000,14,"LINK_TORSO_YAW",4.230000,0.200000,0.142000,20.000000,0.000000,0.000000,20.000000,0.000000,0.000000,0.000000,0.000000,0.012160,0.000000,0.910900,19.875566,0.113569,-2.224633,20.000000
4.373000,14,"LINK_TORSO_YAW",4.230000,0.200000,0.143000,20.000000,0.000000,0.000000,20.000000,0.000000,0.000000,0.000000,0.000000,0.012160,0.000000,0.910900,19.874935,0.110896,-2.230396,20.000000
4.374000,14,"LINK_TORSO_YAW",4.230000,0.200000,0.144000,20.000000,0.000000,0.000000,20.000000,0.000000,0.000000,0.000000,0.000000,0.012160,0.000000,0.910900,19.874245,0.108891,-2.236631,20.000000
4.375000,14,"LINK_TORSO_YAW",4.230000,0.200000,0.145000,20.000000,0.000000,0.000000,20.000000,0.000000,0.000000,0.000000,0.000000,0.012160,0.000000,0.910900,19.873492,0.107547,-2.243377,20.000000
4.376000,14,"LINK_TORSO_YAW",4.230000,0.200000,0.146000,20.000000,0.000000,0.000000,20.000000,0.000000,0.000000,0.000000,0.000000,0.012160,0.000000,0.910900,19.872671,0.106855,-2.250671,20.000000
4.377000,14,"LINK_TORSO_YAW",4.230000,0.200000,0.147000,20.000000,0.000000,0.000000,20.000000,0.000000,0.000000,0.000000,0.000000,0.012160,0.000000,0.910900,19.871847,0.106768,-2.257940,20.000000
4.378000,14,"LINK_TORSO_YAW",4.230000,0.200000,0.148000,20.000000,0.000000,0.000000,20.000000,0.000000,0.000000,0.000000,0.000000,0.012160,0.000000,0.910900,19.871015,0.107278,-2.265231,20.000000
4.379000,14,"LINK_TORSO_YAW",4.230000,0.200000,0.149000,20.000000,0.000000,0.000000,20.000000,0.000000,0.000000,0.000000,0.000000,0.012160,0.000000,0.910900,19.870168,0.108375,-2.272594,20.000000
4.380000,14,"LINK_TORSO_YAW",4.230000,0.200000,0.150000,20.000000,0.000000,0.000000,20.000000,0.000000,0.000000,0.000000,0.000000,0.012160,0.000000,0.910900,19.869302,0.110087,-2.280069,20.000000
4.381000,14,"LINK_TORSO_YAW",4.230000,0.200000,0.151000,20.000000,0.000000,0.000000,20.000000,0.000000,0.000000,0.000000,0.000000,0.012160,0.000000,0.910900,19.868412,0.112402,-2.287702,20.000000
4.382000,14,"LINK_TORSO_YAW",4.230000,0.200000,0.152000,20.000000,0.000000,0.000000,20.000000,0.000000,0.000000,0.000000,0.000000,0.012160,0.000000,0.910900,19.867491,0.115309,-2.295538,20.000000
4.383000,14,"LINK_TORSO_YAW",4.230000,0.200000,0.153000,20.000000,0.000000,0.000000,20.000000,0.000000,0.000000,0.000000,0.000000,0.012160,0.000000,0.910900,19.866535,0.118798,-2.303624,20.000000
4.384000,14,"LINK_TORSO_YAW",4.230000,0.200000,0.154000,20.000000,0.000000,0.000000,20.000000,0.000000,0.000000,0.000000,0.000000,0.012160,0.000000,0.910900,19.865537,0.122860,-2.312003,20.000000
4.385000,14,"LINK_TORSO_YAW",4.230000,0.200000,0.155000,20.000000,0.000000,0.000000,20.000000,0.000000,0.000000,0.000000,0.000000,0.012160,0.000000,0.910900,19.864491,0.127486,-2.320721,20.000000
4.386000,14,"LINK_TORSO_YAW",4.230000,0.200000,0.156000,20.000000,0.000000,0.000000,20.000000,0.000000,0.000000,0.000000,0.000000,0.012160,0.000000,0.910900,19.863395,0.132689,-2.329793,20.000000
4.387000,14,"LINK_TORSO_YAW",4.230000,0.200000,0.157000,20.000000,0.000000,0.000000,20.000000,0.000000,0.000000,0.000000,0.000000,0.012160,0.000000,0.910900,19.862242,0.138455,-2.339266,20.000000
4.388000,14,"LINK_TORSO_YAW",4.230000,0.200000,0.158000,20.000000,0.000000,0.000000,20.000000,0.000000,0.000000,0.000000,0.000000,0.012160,0.000000,0.910900,19.861099,0.144735,-2.348574,20.000000
4.389000,14,"LINK_TORSO_YAW",4.230000,0.200000,0.159000,20.000000,0.000000,0.000000,20.000000,0.000000,0.000000,0.000000,0.000000,0.012160,0.000000,0.910900,19.859959,0.151517,-2.357772,20.000000
4.390000,14,"LINK_TORSO_YAW",4.230000,0.200000,0.160000,20.000000,0.000000,0.000000,20.000000,0.000000,0.000000,0.000000,0.000000,0.012160,0.000000,0.910900,19.858814,0.158789,-2.366914,20.000000
4.391000,14,"LINK_TORSO_YAW",4.230000,0.200000,0.161000,20.000000,0.000000,0.000000,20.000000,0.000000,0.000000,0.000000,0.000000,0.012160,0.000000,0.910900,19.857659,0.166539,-2.376054,20.000000
4.392000,14,"LINK_TORSO_YAW",4.230000,0.200000,0.162000,20.000000,0.000000,0.000000,20.000000,0.000000,0.000000,0.000000,0.000000,0.012160,0.000000,0.910900,19.856487,0.174757,-2.385245,20.000000
4.393000,14,"LINK_TORSO_YAW",4.230000,0.200000,0.163000,20.000000,0.000000,0.000000,20.000000,0.000000,0.000000,0.000000,0.000000,0.012160,0.000000,0.910900,19.855291,0.183466,-2.394528,20.000000
4.394000,14,"LINK_TORSO_YAW",4.230000,0.200000,0.164000,20.000000,0.000000,0.000000,20.000000,0.000000,0.000000,0.000000,0.000000,0.012160,0.000000,0.910900,19.854065,0.192654,-2.403953,20.000000
4.395000,14,"LINK_TORSO_YAW",4.230000,0.200000,0.165000,20.000000,0.000000,0.000000,20.000000,0.000000,0.000000,0.000000,0.000000,0.012160,0.000000,0.910900,19.852816,0.202361,-2.413455,20.000000
4.396000,14,"LINK_TORSO_YAW",4.230000,0.200000,0.166000,20.000000,0.000000,0.000000,20.000000,0.000000,0.000000,0.000000,0.000000,0.012160,0.000000,0.910900,19.851534,0.212582,-2.423100,20.000000
4.397000,14,"LINK_TORSO_YAW",4.230000,0.200000,0.167000,20.000000,0.000000,0.000000,20.000000,0.000000,0.000000,0.000000,0.000000,0.012160,0.000000,0.910900,19.850210,0.223303,-2.432961,20.000000
4.398000,14,"LINK_TORSO_YAW",4.230000,0.200000,0.168000,20.000000,0.000000,0.000000,20.000000,0.000000,0.000000,0.000000,0.000000,0.012160,0.000000,0.910900,19.848835,0.234523,-2.443104,20.000000
4.399000,14,"LINK_TORSO_YAW",4.230000,0.200000,0.169000,20.000000,0.000000,0.000000,20.000000,0.000000,0.000000,0.000000,0.000000,0.012160,0.000000,0.910900,19.847457,0.244929,-2.453257,20.000000
4.400000,14,"LINK_TORSO_YAW",4.230000,0.200000,0.170000,20.000000,0.000000,0.000000,20.000000,0.000000,0.000000,0.000000,0.000000,0.012160,0.000000,0.910900,19.846078,0.255526,-2.463306,20.000000
4.401000,14,"LINK_TORSO_YAW",4.230000,0.200000,0.171000,20.000000,0.000000,0.000000,20.000000,0.000000,0.000000,0.000000,0.000000,0.012160,0.000000,0.910900,19.844693,0.266306,-2.473305,20.000000
4.402000,14,"LINK_TORSO_YAW",4.230000,0.200000,0.172000,20.000000,0.000000,0.000000,20.000000,0.000000,0.000000,0.000000,0.000000,0.012160,0.000000,0.910900,19.843294,0.277259,-2.483306,20.000000
4.403000,14,"LINK_TORSO_YAW",4.230000,0.200000,0.173000,20.000000,0.000000,0.000000,20.000000,0.000000,0.000000,0.000000,0.000000,0.012160,0.000000,0.910900,19.841883,0.288632,-2.493264,20.000000
4.404000,14,"LINK_TORSO_YAW",4.230000,0.200000,0.174000,20.000000,0.000000,0.000000,20.000000,0.000000,0.000000,0.000000,0.000000,0.012160,0.000000,0.910900,19.840452,0.300412,-2.503243,20.000000
4.405000,14,"LINK_TORSO_YAW",4.230000,0.200000,0.175000,20.000000,0.000000,0.000000,20.000000,0.000000,0.000000,0.000000,0.000000,0.012160,0.000000,0.910900,19.838983,0.312355,-2.513404,20.000000
4.406000,14,"LINK_TORSO_YAW",4.230000,0.200000,0.176000,20.000000,0.000000,0.000000,20.000000,0.000000,0.000000,0.000000,0.000000,0.012160,0.000000,0.910900,19.837456,0.325800,-2.523728,20.000000
4.407000,14,"LINK_TORSO_YAW",4.230000,0.200000,0.177000,20.000000,0.000000,0.000000,20.000000,0.000000,0.000000,0.000000,0.000000,0.012160,0.000000,0.910900,19.835884,0.339533,-2.534250,20.000000
4.408000,14,"LINK_TORSO_YAW",4.230000,0.200000,0.178000,20.000000,0.000000,0.000000,20.000000,0.000000,0.000000,0.000000,0.000000,0.012160,0.000000,0.910900,19.834250,0.353422,-2.545118,20.000000
4.409000,14,"LINK_TORSO_YAW",4.230000,0.200000,0.179000,20.000000,0.000000,0.000000,20.000000,0.000000,0.000000,0.000000,0.000000,0.012160,0.000000,0.910900,19.832546,0.367469,-2.556379,20.000000
4.410000,14,"LINK_TORSO_YAW",4.230000,0.200000,0.180000,20.000000,0.000000,0.000000,20.000000,0.000000,0.000000,0.000000,0.000000,0.012160,0.000000,0.910900,19.830772,0.381873,-2.568005,20.000000
4.411000,14,"LINK_TORSO_YAW",4.230000,0.200000,0.181000,20.000000,0.000000,0.000000,20.000000,0.000000,0.000000,0.000000,0.000000,0.012160,0.000000,0.910900,19.828993,0.396360,-2.579522,20.000000
4.412000,14,"LINK_TORSO_YAW",4.230000,0.200000,0.182000,20.000000,0.000000,0.000000,20.000000,0.000000,0.000000,0.000000,0.000000,0.012160,0.000000,0.910900,19.827201,0.410957,-2.590986,20.000000
4.413000,14,"LINK_TORSO_YAW",4.230000,0.200000,0.183000,20.000000,0.000000,0.000000,20.000000,0.000000,0.000000,0.000000,0.000000,0.012160,0.000000,0.910900,19.825388,0.425697,-2.602454,20.000000
4.415000,14,"LINK_TORSO_YAW",4.230000,0.200000,0.185000,20.000000,0.000000,0.000000,20.000000,0.000000,0.000000,0.000000,0.000000,0.012160,0.000000,0.910900,19.821680,0.455928,-2.625478,20.000000
4.416000,14,"LINK_TORSO_YAW",4.230000,0.200000,0.186000,20.000000,0.000000,0.000000,20.000000,0.000000,0.000000,0.000000,0.000000,0.012160,0.000000,0.910900,19.819760,0.472310,-2.637054,20.000000
4.417000,14,"LINK_TORSO_YAW",4.230000,0.200000,0.187000,20.000000,0.000000,0.000000,20.000000,0.000000,0.000000,0.000000,0.000000,0.012160,0.000000,0.910900,19.817757,0.490000,-2.648853,20.000000
4.418000,14,"LINK_TORSO_YAW",4.230000,0.200000,0.188000,20.000000,0.000000,0.000000,20.000000,0.000000,0.000000,0.000000,0.000000,0.012160,0.000000,0.910900,19.815702,0.507914,-2.660826,20.000000
4.419000,14,"LINK_TORSO_YAW",4.230000,0.200000,0.189000,20.000000,0.000000,0.000000,20.000000,0.000000,0.000000,0.000000,0.000000,0.012160,0.000000,0.910900,19.813588,0.525972,-2.673027,20.000000
4.420000,14,"LINK_TORSO_YAW",4.230000,0.200000,0.190000,20.000000,0.000000,0.000000,20.000000,0.000000,0.000000,0.000000,0.000000,0.012160,0.000000,0.910900,19.811409,0.544162,-2.685507,20.000000
4.421000,14,"LINK_TORSO_YAW",4.230000,0.200000,0.191000,20.000000,0.000000,0.000000,20.000000,0.000000,0.000000,0.000000,0.000000,0.012160,0.000000,0.910900,19.809162,0.562522,-2.698271,20.000000
4.422000,14,"LINK_TORSO_YAW",4.230000,0.200000,0.192000,20.000000,0.000000,0.000000,20.000000,0.000000,0.000000,0.000000,0.000000,0.012160,0.000000,0.910900,19.806839,0.581041,-2.711365,20.000000
4.423000,14,"LINK_TORSO_YAW",4.230000,0.200000,0.193000,20.000000,0.000000,0.000000,20.000000,0.000000,0.000000,0.000000,0.000000,0.012160,0.000000,0.910900,19.804525,0.599661,-2.724189,20.000000
4.424000,14,"LINK_TORSO_YAW",4.230000,0.200000,0.194000,20.000000,0.000000,0.000000,20.000000,0.000000,0.000000,0.000000,0.000000,0.012160,0.000000,0.910900,19.802210,0.618385,-2.736798,20.000000
4.425000,14,"LINK_TORSO_YAW",4.230000,0.200000,0.195000,20.000000,0.000000,0.000000,20.000000,0.000000,0.000000,0.000000,0.000000,0.012160,0.000000,0.910900,19.799841,0.638138,-2.749380,20.000000
4.426000,14,"LINK_TORSO_YAW",4.230000,0.200000,0.196000,20.000000,0.000000,0.000000,20.000000,0.000000,0.000000,0.000000,0.000000,0.012160,0.000000,0.910900,19.797458,0.657995,-2.761828,20.000000
4.427000,14,"LINK_TORSO_YAW",4.230000,0.200000,0.197000,20.000000,0.000000,0.000000,20.000000,0.000000,0.000000,0.000000,0.000000,0.012160,0.000000,0.910900,19.795026,0.679236,-2.774095,20.000000
4.428000,14,"LINK_TORSO_YAW",4.230000,0.200000,0.198000,20.000000,0.000000,0.000000,20.000000,0.000000,0.000000,0.000000,0.000000,0.012160,0.000000,0.910900,19.792559,0.700550,-2.786365,20.000000
4.429000,14,"LINK_TORSO_YAW",4.230000,0.200000,0.199000,20.000000,0.000000,0.000000,20.000000,0.000000,0.000000,0.000000,0.000000,0.012160,0.000000,0.910900,19.790054,0.722070,-2.798641,20.000000
4.430000,14,"LINK_TORSO_YAW",4.230000,0.200000,0.200000,20.000000,0.000000,0.000000,20.000000,0.000000,0.000000,0.000000,0.000000,0.012160,0.000000,0.910900,19.787501,0.743794,-2.810976,20.000000
4.431000,15,"LINK_TORSO_YAW",4.430000,0.200000,0.001000,20.000000,0.000000,0.000000,20.000000,0.000000,0.000000,0.000000,0.000000,0.012160,0.000000,0.910900,19.784892,0.765719,-2.823421,20.000000
4.432000,15,"LINK_TORSO_YAW",4.430000,0.200000,0.002000,20.000000,0.000000,0.000000,20.000000,0.000000,0.000000,0.000000,0.000000,0.012160,0.000000,0.910900,19.782221,0.787687,-2.836068,20.000000
4.433000,15,"LINK_TORSO_YAW",4.430000,0.200000,0.003000,20.000000,0.000000,0.000000,20.000000,0.000000,0.000000,0.000000,0.000000,0.012160,0.000000,0.910900,19.779480,0.809690,-2.848961,20.000000
4.434000,15,"LINK_TORSO_YAW",4.430000,0.200000,0.004000,20.000000,0.000000,0.000000,20.000000,0.000000,0.000000,0.000000,0.000000,0.012160,0.000000,0.910900,19.776748,0.831823,-2.861519,20.000000
4.435000,15,"LINK_TORSO_YAW",4.430000,0.200000,0.005000,20.000000,0.000000,0.000000,20.000000,0.000000,0.000000,0.000000,0.000000,0.012160,0.000000,0.910900,19.774006,0.854053,-2.873893,20.000000
4.436000,15,"LINK_TORSO_YAW",4.430000,0.200000,0.006000,20.000000,0.000000,0.000000,20.000000,0.000000,0.000000,0.000000,0.000000,0.012160,0.000000,0.910900,19.771245,0.876487,-2.886111,20.000000
4.437000,15,"LINK_TORSO_YAW",4.430000,0.200000,0.007000,20.000000,0.000000,0.000000,20.000000,0.000000,0.000000,0.000000,0.000000,0.012160,0.000000,0.910900,19.768456,0.899136,-2.898223,20.000000
4.438000,15,"LINK_TORSO_YAW",4.430000,0.200000,0.008000,20.000000,0.000000,0.000000,20.000000,0.000000,0.000000,0.000000,0.000000,0.012160,0.000000,0.910900,19.765635,0.921881,-2.910292,20.000000
4.439000,15,"LINK_TORSO_YAW",4.430000,0.200000,0.009000,20.000000,0.000000,0.000000,20.000000,0.000000,0.000000,0.000000,0.000000,0.012160,0.000000,0.910900,19.762771,0.944737,-2.922386,20.000000
4.441000,15,"LINK_TORSO_YAW",4.430000,0.200000,0.011000,20.000000,0.000000,0.000000,20.000000,0.000000,0.000000,0.000000,0.000000,0.012160,0.000000,0.910900,19.756861,0.990835,-2.946981,20.000000
4.442000,15,"LINK_TORSO_YAW",4.430000,0.200000,0.012000,20.000000,0.000000,0.000000,20.000000,0.000000,0.000000,0.000000,0.000000,0.012160,0.000000,0.910900,19.753686,1.015826,-2.959728,20.000000
4.443000,15,"LINK_TORSO_YAW",4.430000,0.200000,0.013000,20.000000,0.000000,0.000000,20.000000,0.000000,0.000000,0.000000,0.000000,0.012160,0.000000,0.910900,19.750436,1.040933,-2.972667,20.000000
4.444000,15,"LINK_TORSO_YAW",4.430000,0.200000,0.014000,20.000000,0.000000,0.000000,20.000000,0.000000,0.000000,0.000000,0.000000,0.012160,0.000000,0.910900,19.747102,1.066154,-2.985843,20.000000
4.445000,15,"LINK_TORSO_YAW",4.430000,0.200000,0.015000,20.000000,0.000000,0.000000,20.000000,0.000000,0.000000,0.000000,0.000000,0.012160,0.000000,0.910900,19.743678,1.091492,-2.999301,20.000000
4.446000,15,"LINK_TORSO_YAW",4.430000,0.200000,0.016000,20.000000,0.000000,0.000000,20.000000,0.000000,0.000000,0.000000,0.000000,0.012160,0.000000,0.910900,19.740884,1.116600,-3.008437,20.000000
4.447000,15,"LINK_TORSO_YAW",4.430000,0.200000,0.017000,20.000000,0.000000,0.000000,20.000000,0.000000,0.000000,0.000000,0.000000,0.012160,0.000000,0.910900,19.738047,1.141936,-3.017530,20.000000
4.448000,15,"LINK_TORSO_YAW",4.430000,0.200000,0.018000,20.000000,0.000000,0.000000,20.000000,0.000000,0.000000,0.000000,0.000000,0.012160,0.000000,0.910900,19.735159,1.167503,-3.026620,20.000000
4.449000,15,"LINK_TORSO_YAW",4.430000,0.200000,0.019000,20.000000,0.000000,0.000000,20.000000,0.000000,0.000000,0.000000,0.000000,0.012160,0.000000,0.910900,19.732193,1.193344,-3.035866,20.000000
4.450000,15,"LINK_TORSO_YAW",4.430000,0.200000,0.020000,20.000000,0.000000,0.000000,20.000000,0.000000,0.000000,0.000000,0.000000,0.012160,0.000000,0.910900,19.729141,1.219482,-3.045302,20.000000
4.451000,15,"LINK_TORSO_YAW",4.430000,0.200000,0.021000,20.000000,0.000000,0.000000,20.000000,0.000000,0.000000,0.000000,0.000000,0.012160,0.000000,0.910900,19.725994,1.245936,-3.054963,20.000000
4.452000,15,"LINK_TORSO_YAW",4.430000,0.200000,0.022000,20.000000,0.000000,0.000000,20.000000,0.000000,0.000000,0.000000,0.000000,0.012160,0.000000,0.910900,19.722745,1.272726,-3.064882,20.000000
4.454000,15,"LINK_TORSO_YAW",4.430000,0.200000,0.024000,20.000000,0.000000,0.000000,20.000000,0.000000,0.000000,0.000000,0.000000,0.012160,0.000000,0.910900,19.715690,1.330693,-3.085582,20.000000
4.455000,15,"LINK_TORSO_YAW",4.430000,0.200000,0.025000,20.000000,0.000000,0.000000,20.000000,0.000000,0.000000,0.000000,0.000000,0.012160,0.000000,0.910900,19.711965,1.360047,-3.096562,20.000000
4.456000,15,"LINK_TORSO_YAW",4.430000,0.200000,0.026000,20.000000,0.000000,0.000000,20.000000,0.000000,0.000000,0.000000,0.000000,0.012160,0.000000,0.910900,19.708112,1.389563,-3.107964,20.000000
4.457000,15,"LINK_TORSO_YAW",4.430000,0.200000,0.027000,20.000000,0.000000,0.000000,20.000000,0.000000,0.000000,0.000000,0.000000,0.012160,0.000000,0.910900,19.704218,1.419219,-3.119229,20.000000
4.458000,15,"LINK_TORSO_YAW",4.430000,0.200000,0.028000,20.000000,0.000000,0.000000,20.000000,0.000000,0.000000,0.000000,0.000000,0.012160,0.000000,0.910900,19.700276,1.449016,-3.130409,20.000000
4.461000,15,"LINK_TORSO_YAW",4.430000,0.200000,0.031000,20.000000,0.000000,0.000000,20.000000,0.000000,0.000000,0.000000,0.000000,0.012160,0.000000,0.910900,19.687921,1.539302,-3.164855,20.000000
4.462000,15,"LINK_TORSO_YAW",4.430000,0.200000,0.032000,20.000000,0.000000,0.000000,20.000000,0.000000,0.000000,0.000000,0.000000,0.012160,0.000000,0.910900,19.683599,1.569749,-3.176765,20.000000
4.463000,15,"LINK_TORSO_YAW",4.430000,0.200000,0.033000,20.000000,0.000000,0.000000,20.000000,0.000000,0.000000,0.000000,0.000000,0.012160,0.000000,0.910900,19.679181,1.600404,-3.188814,20.000000
4.464000,15,"LINK_TORSO_YAW",4.430000,0.200000,0.034000,20.000000,0.000000,0.000000,20.000000,0.000000,0.000000,0.000000,0.000000,0.012160,0.000000,0.910900,19.674641,1.631392,-3.201101,20.000000
4.465000,15,"LINK_TORSO_YAW",4.430000,0.200000,0.035000,20.000000,0.000000,0.000000,20.000000,0.000000,0.000000,0.000000,0.000000,0.012160,0.000000,0.910900,19.669969,1.662724,-3.213668,20.000000
4.466000,15,"LINK_TORSO_YAW",4.430000,0.200000,0.036000,20.000000,0.000000,0.000000,20.000000,0.000000,0.000000,0.000000,0.000000,0.012160,0.000000,0.910900,19.665154,1.694407,-3.226560,20.000000
4.467000,15,"LINK_TORSO_YAW",4.430000,0.200000,0.037000,20.000000,0.000000,0.000000,20.000000,0.000000,0.000000,0.000000,0.000000,0.012160,0.000000,0.910900,19.660187,1.726448,-3.239819,20.000000
4.468000,15,"LINK_TORSO_YAW",4.430000,0.200000,0.038000,20.000000,0.000000,0.000000,20.000000,0.000000,0.000000,0.000000,0.000000,0.012160,0.000000,0.910900,19.655057,1.758850,-3.253489,20.000000
4.469000,15,"LINK_TORSO_YAW",4.430000,0.200000,0.039000,20.000000,0.000000,0.000000,20.000000,0.000000,0.000000,0.000000,0.000000,0.012160,0.000000,0.910900,19.649841,1.791672,-3.267059,20.000000
4.470000,15,"LINK_TORSO_YAW",4.430000,0.200000,0.040000,20.000000,0.000000,0.000000,20.000000,0.000000,0.000000,0.000000,0.000000,0.012160,0.000000,0.910900,19.644530,1.824910,-3.280574,20.000000
4.473000,15,"LINK_TORSO_YAW",4.430000,0.200000,0.043000,20.000000,0.000000,0.000000,20.000000,0.000000,0.000000,0.000000,0.000000,0.012160,0.000000,0.910900,19.627829,1.926552,-3.322158,20.000000
4.474000,15,"LINK_TORSO_YAW",4.430000,0.200000,0.044000,20.000000,0.000000,0.000000,20.000000,0.000000,0.000000,0.000000,0.000000,0.012160,0.000000,0.910900,19.621987,1.961149,-3.336392,20.000000
4.475000,15,"LINK_TORSO_YAW",4.430000,0.200000,0.045000,20.000000,0.000000,0.000000,20.000000,0.000000,0.000000,0.000000,0.000000,0.012160,0.000000,0.910900,19.615769,1.998630,-3.350685,20.000000
4.476000,15,"LINK_TORSO_YAW",4.430000,0.200000,0.046000,20.000000,0.000000,0.000000,20.000000,0.000000,0.000000,0.000000,0.000000,0.012160,0.000000,0.910900,19.609386,2.036619,-3.365140,20.000000
4.477000,15,"LINK_TORSO_YAW",4.430000,0.200000,0.047000,20.000000,0.000000,0.000000,20.000000,0.000000,0.000000,0.000000,0.000000,0.012160,0.000000,0.910900,19.602841,2.075171,-3.379686,20.000000
4.480000,15,"LINK_TORSO_YAW",4.430000,0.200000,0.050000,20.000000,0.000000,0.000000,20.000000,0.000000,0.000000,0.000000,0.000000,0.012160,0.000000,0.910900,19.584351,2.190014,-3.414243,20.000000
4.481000,15,"LINK_TORSO_YAW",4.430000,0.200000,0.051000,20.000000,0.000000,0.000000,20.000000,0.000000,0.000000,0.000000,0.000000,0.012160,0.000000,0.910900,19.577877,2.229227,-3.425971,20.000000
4.482000,15,"LINK_TORSO_YAW",4.430000,0.200000,0.052000,20.000000,0.000000,0.000000,20.000000,0.000000,0.000000,0.000000,0.000000,0.012160,0.000000,0.910900,19.571287,2.269048,-3.437463,20.000000
4.483000,15,"LINK_TORSO_YAW",4.430000,0.200000,0.053000,20.000000,0.000000,0.000000,20.000000,0.000000,0.000000,0.000000,0.000000,0.012160,0.000000,0.910900,19.564546,2.309491,-3.448883,20.000000
4.484000,15,"LINK_TORSO_YAW",4.430000,0.200000,0.054000,20.000000,0.000000,0.000000,20.000000,0.000000,0.000000,0.000000,0.000000,0.012160,0.000000,0.910900,19.557641,2.350550,-3.460287,20.000000
4.485000,15,"LINK_TORSO_YAW",4.430000,0.200000,0.055000,20.000000,0.000000,0.000000,20.000000,0.000000,0.000000,0.000000,0.000000,0.012160,0.000000,0.910900,19.550560,2.392220,-3.471726,20.000000
4.489000,15,"LINK_TORSO_YAW",4.430000,0.200000,0.059000,20.000000,0.000000,0.000000,20.000000,0.000000,0.000000,0.000000,0.000000,0.012160,0.000000,0.910900,19.519894,2.563197,-3.521898,20.000000
4.490000,15,"LINK_TORSO_YAW",4.430000,0.200000,0.060000,20.000000,0.000000,0.000000,20.000000,0.000000,0.000000,0.000000,0.000000,0.012160,0.000000,0.910900,19.511612,2.607095,-3.535540,20.000000
4.494000,15,"LINK_TORSO_YAW",4.430000,0.200000,0.064000,20.000000,0.000000,0.000000,20.000000,0.000000,0.000000,0.000000,0.000000,0.012160,0.000000,0.910900,19.476367,2.786914,-3.592245,20.000000
4.495000,15,"LINK_TORSO_YAW",4.430000,0.200000,0.065000,20.000000,0.000000,0.000000,20.000000,0.000000,0.000000,0.000000,0.000000,0.012160,0.000000,0.910900,19.467126,2.832945,-3.606303,20.000000
4.496000,15,"LINK_TORSO_YAW",4.430000,0.200000,0.066000,20.000000,0.000000,0.000000,20.000000,0.000000,0.000000,0.000000,0.000000,0.012160,0.000000,0.910900,19.456740,2.877138,-3.627307,20.000000
4.508000,15,"LINK_TORSO_YAW",4.430000,0.200000,0.078000,20.000000,0.000000,0.000000,20.000000,0.000000,0.000000,0.000000,0.000000,0.012160,0.000000,0.910900,19.308989,3.422568,-3.930520,20.000000
4.510000,15,"LINK_TORSO_YAW",4.430000,0.200000,0.080000,20.000000,0.000000,0.000000,20.000000,0.000000,0.000000,0.000000,0.000000,0.012160,0.000000,0.910900,19.284648,3.513203,-3.969855,20.000000
4.511000,15,"LINK_TORSO_YAW",4.430000,0.200000,0.081000,20.000000,0.000000,0.000000,20.000000,0.000000,0.000000,0.000000,0.000000,0.012160,0.000000,0.910900,19.272080,3.559416,-3.989673,20.000000
4.512000,15,"LINK_TORSO_YAW",4.430000,0.200000,0.082000,20.000000,0.000000,0.000000,20.000000,0.000000,0.000000,0.000000,0.000000,0.012160,0.000000,0.910900,19.259179,3.606191,-4.009912,20.000000
4.513000,15,"LINK_TORSO_YAW",4.430000,0.200000,0.083000,20.000000,0.000000,0.000000,20.000000,0.000000,0.000000,0.000000,0.000000,0.012160,0.000000,0.910900,19.245931,3.653505,-4.030639,20.000000
4.524000,15,"LINK_TORSO_YAW",4.430000,0.200000,0.094000,20.000000,0.000000,0.000000,20.000000,0.000000,0.000000,0.000000,0.000000,0.012160,0.000000,0.910900,19.080417,4.202125,-4.275490,20.000000
4.526000,15,"LINK_TORSO_YAW",4.430000,0.200000,0.096000,20.000000,0.000000,0.000000,20.000000,0.000000,0.000000,0.000000,0.000000,0.012160,0.000000,0.910900,19.046275,4.306576,-4.323520,20.000000
4.531000,15,"LINK_TORSO_YAW",4.430000,0.200000,0.101000,20.000000,0.000000,0.000000,20.000000,0.000000,0.000000,0.000000,0.000000,0.012160,0.000000,0.910900,18.964278,4.559035,-4.423953,20.000000
4.544000,15,"LINK_TORSO_YAW",4.430000,0.200000,0.114000,20.000000,0.000000,0.000000,20.000000,0.000000,0.000000,0.000000,0.000000,0.012160,0.000000,0.910900,18.716096,5.245612,-4.710766,20.000000
4.548000,15,"LINK_TORSO_YAW",4.430000,0.200000,0.118000,20.000000,0.000000,0.000000,20.000000,0.000000,0.000000,0.000000,0.000000,0.012160,0.000000,0.910900,18.630464,5.461669,-4.803747,20.000000
4.567000,15,"LINK_TORSO_YAW",4.430000,0.200000,0.137000,20.000000,0.000000,0.000000,20.000000,0.000000,0.000000,0.000000,0.000000,0.012160,0.000000,0.910900,18.210389,6.430657,-5.198884,20.000000
4.568000,15,"LINK_TORSO_YAW",4.430000,0.200000,0.138000,20.000000,0.000000,0.000000,20.000000,0.000000,0.000000,0.000000,0.000000,0.012160,0.000000,0.910900,18.187154,6.480006,-5.218905,20.000000
4.569000,15,"LINK_TORSO_YAW",4.430000,0.200000,0.139000,20.000000,0.000000,0.000000,20.000000,0.000000,0.000000,0.000000,0.000000,0.012160,0.000000,0.910900,18.163862,6.529095,-5.238801,20.000000
4.573000,15,"LINK_TORSO_YAW",4.430000,0.200000,0.143000,20.000000,0.000000,0.000000,20.000000,0.000000,0.000000,0.000000,0.000000,0.012160,0.000000,0.910900,18.076169,6.714973,-5.306717,20.000000
4.574000,15,"LINK_TORSO_YAW",4.430000,0.200000,0.144000,20.000000,0.000000,0.000000,20.000000,0.000000,0.000000,0.000000,0.000000,0.012160,0.000000,0.910900,18.054622,6.759923,-5.322976,20.000000
4.575000,15,"LINK_TORSO_YAW",4.430000,0.200000,0.145000,20.000000,0.000000,0.000000,20.000000,0.000000,0.000000,0.000000,0.000000,0.012160,0.000000,0.910900,18.033348,6.803948,-5.338973,20.000000
4.576000,15,"LINK_TORSO_YAW",4.430000,0.200000,0.146000,20.000000,0.000000,0.000000,20.000000,0.000000,0.000000,0.000000,0.000000,0.012160,0.000000,0.910900,18.012443,6.847142,-5.354301,20.000000
4.577000,15,"LINK_TORSO_YAW",4.430000,0.200000,0.147000,20.000000,0.000000,0.000000,20.000000,0.000000,0.000000,0.000000,0.000000,0.012160,0.000000,0.910900,17.991967,6.889522,-5.368760,20.000000
4.578000,15,"LINK_TORSO_YAW",4.430000,0.200000,0.148000,20.000000,0.000000,0.000000,20.000000,0.000000,0.000000,0.000000,0.000000,0.012160,0.000000,0.910900,17.971779,6.931262,-5.382635,20.000000
4.579000,15,"LINK_TORSO_YAW",4.430000,0.200000,0.149000,20.000000,0.000000,0.000000,20.000000,0.000000,0.000000,0.000000,0.000000,0.012160,0.000000,0.910900,17.951814,6.972398,-5.396113,20.000000
4.580000,15,"LINK_TORSO_YAW",4.430000,0.200000,0.150000,20.000000,0.000000,0.000000,20.000000,0.000000,0.000000,0.000000,0.000000,0.012160,0.000000,0.910900,17.932004,7.012975,-5.409380,20.000000
4.581000,15,"LINK_TORSO_YAW",4.430000,0.200000,0.151000,20.000000,0.000000,0.000000,20.000000,0.000000,0.000000,0.000000,0.000000,0.012160,0.000000,0.910900,17.912277,7.053049,-5.422623,20.000000
4.582000,15,"LINK_TORSO_YAW",4.430000,0.200000,0.152000,20.000000,0.000000,0.000000,20.000000,0.000000,0.000000,0.000000,0.000000,0.012160,0.000000,0.910900,17.892568,7.092666,-5.435999,20.000000
4.583000,15,"LINK_TORSO_YAW",4.430000,0.200000,0.153000,20.000000,0.000000,0.000000,20.000000,0.000000,0.000000,0.000000,0.000000,0.012160,0.000000,0.910900,17.872823,7.131868,-5.449647,20.000000
4.584000,15,"LINK_TORSO_YAW",4.430000,0.200000,0.154000,20.000000,0.000000,0.000000,20.000000,0.000000,0.000000,0.000000,0.000000,0.012160,0.000000,0.910900,17.853054,7.170650,-5.463538,20.000000
4.585000,15,"LINK_TORSO_YAW",4.430000,0.200000,0.155000,20.000000,0.000000,0.000000,20.000000,0.000000,0.000000,0.000000,0.000000,0.012160,0.000000,0.910900,17.833227,7.209041,-5.477752,20.000000
4.586000,15,"LINK_TORSO_YAW",4.430000,0.200000,0.156000,20.000000,0.000000,0.000000,20.000000,0.000000,0.000000,0.000000,0.000000,0.012160,0.000000,0.910900,17.813313,7.247063,-5.492353,20.000000
4.587000,15,"LINK_TORSO_YAW",4.430000,0.200000,0.157000,20.000000,0.000000,0.000000,20.000000,0.000000,0.000000,0.000000,0.000000,0.012160,0.000000,0.910900,17.793291,7.284734,-5.507400,20.000000
4.588000,15,"LINK_TORSO_YAW",4.430000,0.200000,0.158000,20.000000,0.000000,0.000000,20.000000,0.000000,0.000000,0.000000,0.000000,0.012160,0.000000,0.910900,17.772994,7.320992,-5.524831,20.000000
4.589000,15,"LINK_TORSO_YAW",4.430000,0.200000,0.159000,20.000000,0.000000,0.000000,20.000000,0.000000,0.000000,0.000000,0.000000,0.012160,0.000000,0.910900,17.752418,7.356506,-5.543776,20.000000
4.590000,15,"LINK_TORSO_YAW",4.430000,0.200000,0.160000,20.000000,0.000000,0.000000,20.000000,0.000000,0.000000,0.000000,0.000000,0.012160,0.000000,0.910900,17.731974,7.391599,-5.562498,20.000000
4.591000,15,"LINK_TORSO_YAW",4.430000,0.200000,0.161000,20.000000,0.000000,0.000000,20.000000,0.000000,0.000000,0.000000,0.000000,0.012160,0.000000,0.910900,17.711706,7.425991,-5.581231,20.000000
4.592000,15,"LINK_TORSO_YAW",4.430000,0.200000,0.162000,20.000000,0.000000,0.000000,20.000000,0.000000,0.000000,0.000000,0.000000,0.012160,0.000000,0.910900,17.691613,7.459699,-5.599976,20.000000
4.593000,15,"LINK_TORSO_YAW",4.430000,0.200000,0.163000,20.000000,0.000000,0.000000,20.000000,0.000000,0.000000,0.000000,0.000000,0.012160,0.000000,0.910900,17.671694,7.492744,-5.618720,20.000000
4.594000,15,"LINK_TORSO_YAW",4.430000,0.200000,0.164000,20.000000,0.000000,0.000000,20.000000,0.000000,0.000000,0.000000,0.000000,0.012160,0.000000,0.910900,17.651953,7.525140,-5.637449,20.000000
4.595000,15,"LINK_TORSO_YAW",4.430000,0.200000,0.165000,20.000000,0.000000,0.000000,20.000000,0.000000,0.000000,0.000000,0.000000,0.012160,0.000000,0.910900,17.632379,7.556909,-5.656176,20.000000
4.596000,15,"LINK_TORSO_YAW",4.430000,0.200000,0.166000,20.000000,0.000000,0.000000,20.000000,0.000000,0.000000,0.000000,0.000000,0.012160,0.000000,0.910900,17.612964,7.588071,-5.674918,20.000000
4.597000,15,"LINK_TORSO_YAW",4.430000,0.200000,0.167000,20.000000,0.000000,0.000000,20.000000,0.000000,0.000000,0.000000,0.000000,0.012160,0.000000,0.910900,17.593694,7.618646,-5.693696,20.000000
4.598000,15,"LINK_TORSO_YAW",4.430000,0.200000,0.168000,20.000000,0.000000,0.000000,20.000000,0.000000,0.000000,0.000000,0.000000,0.012160,0.000000,0.910900,17.574564,7.648348,-5.712920,20.000000
4.599000,15,"LINK_TORSO_YAW",4.430000,0.200000,0.169000,20.000000,0.000000,0.000000,20.000000,0.000000,0.000000,0.000000,0.000000,0.012160,0.000000,0.910900,17.555577,7.677210,-5.732553,20.000000
4.600000,15,"LINK_TORSO_YAW",4.430000,0.200000,0.170000,20.000000,0.000000,0.000000,20.000000,0.000000,0.000000,0.000000,0.000000,0.012160,0.000000,0.910900,17.536997,7.705128,-5.751934,20.000000
4.601000,15,"LINK_TORSO_YAW",4.430000,0.200000,0.171000,20.000000,0.000000,0.000000,20.000000,0.000000,0.000000,0.000000,0.000000,0.012160,0.000000,0.910900,17.518826,7.732116,-5.771058,20.000000
4.602000,15,"LINK_TORSO_YAW",4.430000,0.200000,0.172000,20.000000,0.000000,0.000000,20.000000,0.000000,0.000000,0.000000,0.000000,0.012160,0.000000,0.910900,17.501063,7.758190,-5.789929,20.000000
4.603000,15,"LINK_TORSO_YAW",4.430000,0.200000,0.173000,20.000000,0.000000,0.000000,20.000000,0.000000,0.000000,0.000000,0.000000,0.012160,0.000000,0.910900,17.483704,7.783363,-5.808559,20.000000
4.604000,15,"LINK_TORSO_YAW",4.430000,0.200000,0.174000,20.000000,0.000000,0.000000,20.000000,0.000000,0.000000,0.000000,0.000000,0.012160,0.000000,0.910900,17.466724,7.807390,-5.827368,20.000000
4.605000,15,"LINK_TORSO_YAW",4.430000,0.200000,0.175000,20.000000,0.000000,0.000000,20.000000,0.000000,0.000000,0.000000,0.000000,0.012160,0.000000,0.910900,17.450129,7.830300,-5.846316,20.000000
4.606000,15,"LINK_TORSO_YAW",4.430000,0.200000,0.176000,20.000000,0.000000,0.000000,20.000000,0.000000,0.000000,0.000000,0.000000,0.012160,0.000000,0.910900,17.433909,7.852128,-5.865398,20.000000
4.607000,15,"LINK_TORSO_YAW",4.430000,0.200000,0.177000,20.000000,0.000000,0.000000,20.000000,0.000000,0.000000,0.000000,0.000000,0.012160,0.000000,0.910900,17.418059,7.872897,-5.884616,20.000000
4.608000,15,"LINK_TORSO_YAW",4.430000,0.200000,0.178000,20.000000,0.000000,0.000000,20.000000,0.000000,0.000000,0.000000,0.000000,0.012160,0.000000,0.910900,17.402573,7.892619,-5.903982,20.000000
4.609000,15,"LINK_TORSO_YAW",4.430000,0.200000,0.179000,20.000000,0.000000,0.000000,20.000000,0.000000,0.000000,0.000000,0.000000,0.012160,0.000000,0.910900,17.387443,7.911306,-5.923517,20.000000
4.611000,15,"LINK_TORSO_YAW",4.430000,0.200000,0.181000,20.000000,0.000000,0.000000,20.000000,0.000000,0.000000,0.000000,0.000000,0.012160,0.000000,0.910900,17.358914,7.945027,-5.961932,20.000000
4.612000,15,"LINK_TORSO_YAW",4.430000,0.200000,0.182000,20.000000,0.000000,0.000000,20.000000,0.000000,0.000000,0.000000,0.000000,0.012160,0.000000,0.910900,17.345450,7.959914,-5.981231,20.000000
4.613000,15,"LINK_TORSO_YAW",4.430000,0.200000,0.183000,20.000000,0.000000,0.000000,20.000000,0.000000,0.000000,0.000000,0.000000,0.012160,0.000000,0.910900,17.332483,7.973572,-6.000597,20.000000
4.614000,15,"LINK_TORSO_YAW",4.430000,0.200000,0.184000,20.000000,0.000000,0.000000,20.000000,0.000000,0.000000,0.000000,0.000000,0.012160,0.000000,0.910900,17.320008,7.986028,-6.020023,20.000000
4.615000,15,"LINK_TORSO_YAW",4.430000,0.200000,0.185000,20.000000,0.000000,0.000000,20.000000,0.000000,0.000000,0.000000,0.000000,0.012160,0.000000,0.910900,17.308026,7.997282,-6.039512,20.000000
4.616000,15,"LINK_TORSO_YAW",4.430000,0.200000,0.186000,20.000000,0.000000,0.000000,20.000000,0.000000,0.000000,0.000000,0.000000,0.012160,0.000000,0.910900,17.296539,8.007330,-6.059076,20.000000
4.617000,15,"LINK_TORSO_YAW",4.430000,0.200000,0.187000,20.000000,0.000000,0.000000,20.000000,0.000000,0.000000,0.000000,0.000000,0.012160,0.000000,0.910900,17.285542,8.016172,-6.078735,20.000000
4.618000,15,"LINK_TORSO_YAW",4.430000,0.200000,0.188000,20.000000,0.000000,0.000000,20.000000,0.000000,0.000000,0.000000,0.000000,0.012160,0.000000,0.910900,17.275013,8.023720,-6.098675,20.000000
4.619000,15,"LINK_TORSO_YAW",4.430000,0.200000,0.189000,20.000000,0.000000,0.000000,20.000000,0.000000,0.000000,0.000000,0.000000,0.012160,0.000000,0.910900,17.264947,8.029967,-6.118924,20.000000
4.620000,15,"LINK_TORSO_YAW",4.430000,0.200000,0.190000,20.000000,0.000000,0.000000,20.000000,0.000000,0.000000,0.000000,0.000000,0.012160,0.000000,0.910900,17.255332,8.034919,-6.139512,20.000000
4.622000,15,"LINK_TORSO_YAW",4.430000,0.200000,0.192000,20.000000,0.000000,0.000000,20.000000,0.000000,0.000000,0.000000,0.000000,0.012160,0.000000,0.910900,17.237720,8.040716,-6.181253,20.000000
4.623000,15,"LINK_TORSO_YAW",4.430000,0.200000,0.193000,20.000000,0.000000,0.000000,20.000000,0.000000,0.000000,0.000000,0.000000,0.012160,0.000000,0.910900,17.229930,8.041523,-6.201890,20.000000
4.624000,15,"LINK_TORSO_YAW",4.430000,0.200000,0.194000,20.000000,0.000000,0.000000,20.000000,0.000000,0.000000,0.000000,0.000000,0.012160,0.000000,0.910900,17.222767,8.041001,-6.222426,20.000000
4.625000,15,"LINK_TORSO_YAW",4.430000,0.200000,0.195000,20.000000,0.000000,0.000000,20.000000,0.000000,0.000000,0.000000,0.000000,0.012160,0.000000,0.910900,17.216172,8.039181,-6.242996,20.000000
4.626000,15,"LINK_TORSO_YAW",4.430000,0.200000,0.196000,20.000000,0.000000,0.000000,20.000000,0.000000,0.000000,0.000000,0.000000,0.012160,0.000000,0.910900,17.210127,8.036063,-6.263644,20.000000
4.627000,15,"LINK_TORSO_YAW",4.430000,0.200000,0.197000,20.000000,0.000000,0.000000,20.000000,0.000000,0.000000,0.000000,0.000000,0.012160,0.000000,0.910900,17.204614,8.031647,-6.284416,20.000000
4.628000,15,"LINK_TORSO_YAW",4.430000,0.200000,0.198000,20.000000,0.000000,0.000000,20.000000,0.000000,0.000000,0.000000,0.000000,0.012160,0.000000,0.910900,17.199372,8.027091,-6.304555,20.000000
4.629000,15,"LINK_TORSO_YAW",4.430000,0.200000,0.199000,20.000000,0.000000,0.000000,20.000000,0.000000,0.000000,0.000000,0.000000,0.012160,0.000000,0.910900,17.194616,8.021225,-6.324961,20.000000
4.631000,16,"LINK_TORSO_YAW",4.630000,0.200000,0.001000,20.000000,0.000000,0.000000,20.000000,0.000000,0.000000,0.000000,0.000000,0.012160,0.000000,0.910900,17.186509,8.005435,-6.366860,20.000000
4.632000,16,"LINK_TORSO_YAW",4.630000,0.200000,0.002000,20.000000,0.000000,0.000000,20.000000,0.000000,0.000000,0.000000,0.000000,0.012160,0.000000,0.910900,17.183034,7.995581,-6.388587,20.000000
4.633000,16,"LINK_TORSO_YAW",4.630000,0.200000,0.003000,20.000000,0.000000,0.000000,20.000000,0.000000,0.000000,0.000000,0.000000,0.012160,0.000000,0.910900,17.179886,7.984474,-6.410903,20.000000
4.634000,16,"LINK_TORSO_YAW",4.630000,0.200000,0.004000,20.000000,0.000000,0.000000,20.000000,0.000000,0.000000,0.000000,0.000000,0.012160,0.000000,0.910900,17.177320,7.972025,-6.433233,20.000000
4.636000,16,"LINK_TORSO_YAW",4.630000,0.200000,0.006000,20.000000,0.000000,0.000000,20.000000,0.000000,0.000000,0.000000,0.000000,0.012160,0.000000,0.910900,17.173850,7.942985,-6.478260,20.000000
4.637000,16,"LINK_TORSO_YAW",4.630000,0.200000,0.007000,20.000000,0.000000,0.000000,20.000000,0.000000,0.000000,0.000000,0.000000,0.012160,0.000000,0.910900,17.172876,7.926434,-6.501076,20.000000
4.638000,16,"LINK_TORSO_YAW",4.630000,0.200000,0.008000,20.000000,0.000000,0.000000,20.000000,0.000000,0.000000,0.000000,0.000000,0.012160,0.000000,0.910900,17.172368,7.908573,-6.524127,20.000000
4.639000,16,"LINK_TORSO_YAW",4.630000,0.200000,0.009000,20.000000,0.000000,0.000000,20.000000,0.000000,0.000000,0.000000,0.000000,0.012160,0.000000,0.910900,17.172257,7.889442,-6.547540,20.000000
4.642000,16,"LINK_TORSO_YAW",4.630000,0.200000,0.012000,20.000000,0.000000,0.000000,20.000000,0.000000,0.000000,0.000000,0.000000,0.012160,0.000000,0.910900,17.174077,7.823965,-6.620925,20.000000
4.643000,16,"LINK_TORSO_YAW",4.630000,0.200000,0.013000,20.000000,0.000000,0.000000,20.000000,0.000000,0.000000,0.000000,0.000000,0.012160,0.000000,0.910900,17.175257,7.799563,-6.646606,20.000000
4.644000,16,"LINK_TORSO_YAW",4.630000,0.200000,0.014000,20.000000,0.000000,0.000000,20.000000,0.000000,0.000000,0.000000,0.000000,0.012160,0.000000,0.910900,17.176663,7.773981,-6.672890,20.000000
4.645000,16,"LINK_TORSO_YAW",4.630000,0.200000,0.015000,20.000000,0.000000,0.000000,20.000000,0.000000,0.000000,0.000000,0.000000,0.012160,0.000000,0.910900,17.178515,7.747171,-6.699252,20.000000
4.649000,16,"LINK_TORSO_YAW",4.630000,0.200000,0.019000,20.000000,0.000000,0.000000,20.000000,0.000000,0.000000,0.000000,0.000000,0.012160,0.000000,0.910900,17.189379,7.627704,-6.807598,20.000000
4.650000,16,"LINK_TORSO_YAW",4.630000,0.200000,0.020000,20.000000,0.000000,0.000000,20.000000,0.000000,0.000000,0.000000,0.000000,0.012160,0.000000,0.910900,17.192781,7.594851,-6.835681,20.000000
4.651000,16,"LINK_TORSO_YAW",4.630000,0.200000,0.021000,20.000000,0.000000,0.000000,20.000000,0.000000,0.000000,0.000000,0.000000,0.012160,0.000000,0.910900,17.196433,7.560853,-6.864124,20.000000
4.653000,16,"LINK_TORSO_YAW",4.630000,0.200000,0.023000,20.000000,0.000000,0.000000,20.000000,0.000000,0.000000,0.000000,0.000000,0.012160,0.000000,0.910900,17.204271,7.489329,-6.922646,20.000000
4.658000,16,"LINK_TORSO_YAW",4.630000,0.200000,0.028000,20.000000,0.000000,0.000000,20.000000,0.000000,0.000000,0.000000,0.000000,0.012160,0.000000,0.910900,17.239643,7.279843,-7.056811,20.000000
4.659000,16,"LINK_TORSO_YAW",4.630000,0.200000,0.029000,20.000000,0.000000,0.000000,20.000000,0.000000,0.000000,0.000000,0.000000,0.012160,0.000000,0.910900,17.246709,7.234612,-7.086002,20.000000
4.669000,16,"LINK_TORSO_YAW",4.630000,0.200000,0.039000,20.000000,0.000000,0.000000,20.000000,0.000000,0.000000,0.000000,0.000000,0.012160,0.000000,0.910900,17.307217,6.723248,-7.433585,20.000000
4.676000,16,"LINK_TORSO_YAW",4.630000,0.200000,0.046000,20.000000,0.000000,0.000000,20.000000,0.000000,0.000000,0.000000,0.000000,0.012160,0.000000,0.910900,17.346218,6.296634,-7.711104,20.000000
4.677000,16,"LINK_TORSO_YAW",4.630000,0.200000,0.047000,20.000000,0.000000,0.000000,20.000000,0.000000,0.000000,0.000000,0.000000,0.012160,0.000000,0.910900,17.350864,6.225159,-7.758537,20.000000
4.693000,16,"LINK_TORSO_YAW",4.630000,0.200000,0.063000,20.000000,0.000000,0.000000,20.000000,0.000000,0.000000,0.000000,0.000000,0.012160,0.000000,0.910900,17.309289,4.993556,-8.686363,20.000000
4.694000,16,"LINK_TORSO_YAW",4.630000,0.200000,0.064000,20.000000,0.000000,0.000000,20.000000,0.000000,0.000000,0.000000,0.000000,0.012160,0.000000,0.910900,17.299326,4.911352,-8.752825,20.000000
4.695000,16,"LINK_TORSO_YAW",4.630000,0.200000,0.065000,20.000000,0.000000,0.000000,20.000000,0.000000,0.000000,0.000000,0.000000,0.012160,0.000000,0.910900,17.292612,4.828856,-8.811795,20.000000
4.696000,16,"LINK_TORSO_YAW",4.630000,0.200000,0.066000,20.000000,0.000000,0.000000,20.000000,0.000000,0.000000,0.000000,0.000000,0.012160,0.000000,0.910900,17.284770,4.745965,-8.872009,20.000000
4.697000,16,"LINK_TORSO_YAW",4.630000,0.200000,0.067000,20.000000,0.000000,0.000000,20.000000,0.000000,0.000000,0.000000,0.000000,0.012160,0.000000,0.910900,17.275770,4.662706,-8.933472,20.000000
4.698000,16,"LINK_TORSO_YAW",4.630000,0.200000,0.068000,20.000000,0.000000,0.000000,20.000000,0.000000,0.000000,0.000000,0.000000,0.012160,0.000000,0.910900,17.266258,4.574310,-8.997334,20.000000
4.703000,16,"LINK_TORSO_YAW",4.630000,0.200000,0.073000,20.000000,0.000000,0.000000,20.000000,0.000000,0.000000,0.000000,0.000000,0.012160,0.000000,0.910900,17.198480,4.128298,-9.336457,20.000000
4.704000,16,"LINK_TORSO_YAW",4.630000,0.200000,0.074000,20.000000,0.000000,0.000000,20.000000,0.000000,0.000000,0.000000,0.000000,0.012160,0.000000,0.910900,17.180949,4.038214,-9.407860,20.000000
4.708000,16,"LINK_TORSO_YAW",4.630000,0.200000,0.078000,20.000000,0.000000,0.000000,20.000000,0.000000,0.000000,0.000000,0.000000,0.012160,0.000000,0.910900,17.097856,3.675725,-9.703215,20.000000
4.709000,16,"LINK_TORSO_YAW",4.630000,0.200000,0.079000,20.000000,0.000000,0.000000,20.000000,0.000000,0.000000,0.000000,0.000000,0.012160,0.000000,0.910900,17.073636,3.584540,-9.779673,20.000000
4.712000,16,"LINK_TORSO_YAW",4.630000,0.200000,0.082000,20.000000,0.000000,0.000000,20.000000,0.000000,0.000000,0.000000,0.000000,0.012160,0.000000,0.910900,16.992279,3.309869,-10.015349,20.000000
4.713000,16,"LINK_TORSO_YAW",4.630000,0.200000,0.083000,20.000000,0.000000,0.000000,20.000000,0.000000,0.000000,0.000000,0.000000,0.012160,0.000000,0.910900,16.962420,3.214440,-10.096717,20.000000
4.716000,16,"LINK_TORSO_YAW",4.630000,0.200000,0.086000,20.000000,0.000000,0.000000,20.000000,0.000000,0.000000,0.000000,0.000000,0.012160,0.000000,0.910900,16.864720,2.927451,-10.344624,20.000000
4.717000,16,"LINK_TORSO_YAW",4.630000,0.200000,0.087000,20.000000,0.000000,0.000000,20.000000,0.000000,0.000000,0.000000,0.000000,0.012160,0.000000,0.910900,16.829706,2.831624,-10.427986,20.000000
4.718000,16,"LINK_TORSO_YAW",4.630000,0.200000,0.088000,20.000000,0.000000,0.000000,20.000000,0.000000,0.000000,0.000000,0.000000,0.012160,0.000000,0.910900,16.793443,2.735631,-10.511736,20.000000
4.719000,16,"LINK_TORSO_YAW",4.630000,0.200000,0.089000,20.000000,0.000000,0.000000,20.000000,0.000000,0.000000,0.000000,0.000000,0.012160,0.000000,0.910900,16.755922,2.639431,-10.595871,20.000000
4.720000,16,"LINK_TORSO_YAW",4.630000,0.200000,0.090000,20.000000,0.000000,0.000000,20.000000,0.000000,0.000000,0.000000,0.000000,0.012160,0.000000,0.910900,16.717129,2.543026,-10.680384,20.000000
4.721000,16,"LINK_TORSO_YAW",4.630000,0.200000,0.091000,20.000000,0.000000,0.000000,20.000000,0.000000,0.000000,0.000000,0.000000,0.012160,0.000000,0.910900,16.677049,2.446439,-10.765267,20.000000
4.722000,16,"LINK_TORSO_YAW",4.630000,0.200000,0.092000,20.000000,0.000000,0.000000,20.000000,0.000000,0.000000,0.000000,0.000000,0.012160,0.000000,0.910900,16.635645,2.349600,-10.850562,20.000000
4.723000,16,"LINK_TORSO_YAW",4.630000,0.200000,0.093000,20.000000,0.000000,0.000000,20.000000,0.000000,0.000000,0.000000,0.000000,0.012160,0.000000,0.910900,16.592903,2.252512,-10.936259,20.000000
4.724000,16,"LINK_TORSO_YAW",4.630000,0.200000,0.094000,20.000000,0.000000,0.000000,20.000000,0.000000,0.000000,0.000000,0.000000,0.012160,0.000000,0.910900,16.548794,2.155220,-11.022361,20.000000
4.725000,16,"LINK_TORSO_YAW",4.630000,0.200000,0.095000,20.000000,0.000000,0.000000,20.000000,0.000000,0.000000,0.000000,0.000000,0.012160,0.000000,0.910900,16.503301,2.057749,-11.108857,20.000000
4.726000,16,"LINK_TORSO_YAW",4.630000,0.200000,0.096000,20.000000,0.000000,0.000000,20.000000,0.000000,0.000000,0.000000,0.000000,0.012160,0.000000,0.910900,16.456407,1.960118,-11.195741,20.000000
4.727000,16,"LINK_TORSO_YAW",4.630000,0.200000,0.097000,20.000000,0.000000,0.000000,20.000000,0.000000,0.000000,0.000000,0.000000,0.012160,0.000000,0.910900,16.408471,1.862333,-11.282455,20.000000
4.728000,16,"LINK_TORSO_YAW",4.630000,0.200000,0.098000,20.000000,0.000000,0.000000,20.000000,0.000000,0.000000,0.000000,0.000000,0.012160,0.000000,0.910900,16.359431,1.761565,-11.369517,20.000000
4.729000,16,"LINK_TORSO_YAW",4.630000,0.200000,0.099000,20.000000,0.000000,0.000000,20.000000,0.000000,0.000000,0.000000,0.000000,0.012160,0.000000,0.910900,16.309253,1.660666,-11.456459,20.000000
4.730000,16,"LINK_TORSO_YAW",4.630000,0.200000,0.100000,20.000000,0.000000,0.000000,20.000000,0.000000,0.000000,0.000000,0.000000,0.012160,0.000000,0.910900,16.257935,1.559626,-11.543272,20.000000
4.731000,16,"LINK_TORSO_YAW",4.630000,0.200000,0.101000,20.000000,0.000000,0.000000,20.000000,0.000000,0.000000,0.000000,0.000000,0.012160,0.000000,0.910900,16.205453,1.458487,-11.629966,20.000000
4.732000,16,"LINK_TORSO_YAW",4.630000,0.200000,0.102000,20.000000,0.000000,0.000000,20.000000,0.000000,0.000000,0.000000,0.000000,0.012160,0.000000,0.910900,16.159136,1.362547,-11.705801,20.000000
4.733000,16,"LINK_TORSO_YAW",4.630000,0.200000,0.103000,20.000000,0.000000,0.000000,20.000000,0.000000,0.000000,0.000000,0.000000,0.012160,0.000000,0.910900,16.115629,1.278379,-11.775069,20.000000
4.734000,16,"LINK_TORSO_YAW",4.630000,0.200000,0.104000,20.000000,0.000000,0.000000,20.000000,0.000000,0.000000,0.000000,0.000000,0.012160,0.000000,0.910900,16.071009,1.194812,-11.844624,20.000000
4.735000,16,"LINK_TORSO_YAW",4.630000,0.200000,0.105000,20.000000,0.000000,0.000000,20.000000,0.000000,0.000000,0.000000,0.000000,0.012160,0.000000,0.910900,16.025242,1.111895,-11.914500,20.000000
4.736000,16,"LINK_TORSO_YAW",4.630000,0.200000,0.106000,20.000000,0.000000,0.000000,20.000000,0.000000,0.000000,0.000000,0.000000,0.012160,0.000000,0.910900,15.978062,1.025567,-11.985398,20.000000
4.737000,16,"LINK_TORSO_YAW",4.630000,0.200000,0.107000,20.000000,0.000000,0.000000,20.000000,0.000000,0.000000,0.000000,0.000000,0.012160,0.000000,0.910900,15.929668,0.940095,-12.056613,20.000000
4.738000,16,"LINK_TORSO_YAW",4.630000,0.200000,0.108000,20.000000,0.000000,0.000000,20.000000,0.000000,0.000000,0.000000,0.000000,0.012160,0.000000,0.910900,15.880403,0.855499,-12.127692,20.000000
4.739000,16,"LINK_TORSO_YAW",4.630000,0.200000,0.109000,20.000000,0.000000,0.000000,20.000000,0.000000,0.000000,0.000000,0.000000,0.012160,0.000000,0.910900,15.830250,0.771769,-12.198670,20.000000
4.740000,16,"LINK_TORSO_YAW",4.630000,0.200000,0.110000,20.000000,0.000000,0.000000,20.000000,0.000000,0.000000,0.000000,0.000000,0.012160,0.000000,0.910900,15.779179,0.688950,-12.269590,20.000000
4.741000,16,"LINK_TORSO_YAW",4.630000,0.200000,0.111000,20.000000,0.000000,0.000000,20.000000,0.000000,0.000000,0.000000,0.000000,0.012160,0.000000,0.910900,15.727176,0.607025,-12.340480,20.000000
4.742000,16,"LINK_TORSO_YAW",4.630000,0.200000,0.112000,20.000000,0.000000,0.000000,20.000000,0.000000,0.000000,0.000000,0.000000,0.012160,0.000000,0.910900,15.674245,0.526099,-12.411336,20.000000
4.743000,16,"LINK_TORSO_YAW",4.630000,0.200000,0.113000,20.000000,0.000000,0.000000,20.000000,0.000000,0.000000,0.000000,0.000000,0.012160,0.000000,0.910900,15.620363,0.446194,-12.482194,20.000000
4.744000,16,"LINK_TORSO_YAW",4.630000,0.200000,0.114000,20.000000,0.000000,0.000000,20.000000,0.000000,0.000000,0.000000,0.000000,0.012160,0.000000,0.910900,15.565522,0.367278,-12.553073,20.000000
4.745000,16,"LINK_TORSO_YAW",4.630000,0.200000,0.115000,20.000000,0.000000,0.000000,20.000000,0.000000,0.000000,0.000000,0.000000,0.012160,0.000000,0.910900,15.509693,0.289398,-12.624011,20.000000
4.746000,16,"LINK_TORSO_YAW",4.630000,0.200000,0.116000,20.000000,0.000000,0.000000,20.000000,0.000000,0.000000,0.000000,0.000000,0.012160,0.000000,0.910900,15.452869,0.212519,-12.695025,20.000000
4.747000,16,"LINK_TORSO_YAW",4.630000,0.200000,0.117000,20.000000,0.000000,0.000000,20.000000,0.000000,0.000000,0.000000,0.000000,0.012160,0.000000,0.910900,15.395027,0.136659,-12.766146,20.000000
4.748000,16,"LINK_TORSO_YAW",4.630000,0.200000,0.118000,20.000000,0.000000,0.000000,20.000000,0.000000,0.000000,0.000000,0.000000,0.012160,0.000000,0.910900,15.336501,0.061811,-12.836975,20.000000
4.749000,16,"LINK_TORSO_YAW",4.630000,0.200000,0.119000,20.000000,0.000000,0.000000,20.000000,0.000000,0.000000,0.000000,0.000000,0.012160,0.000000,0.910900,15.277275,-0.012034,-12.907545,20.000000
4.750000,16,"LINK_TORSO_YAW",4.630000,0.200000,0.120000,20.000000,0.000000,0.000000,20.000000,0.000000,0.000000,0.000000,0.000000,0.012160,0.000000,0.910900,15.217353,-0.084923,-12.977865,20.000000
4.751000,16,"LINK_TORSO_YAW",4.630000,0.200000,0.121000,20.000000,0.000000,0.000000,20.000000,0.000000,0.000000,0.000000,0.000000,0.012160,0.000000,0.910900,15.156706,-0.156831,-13.047975,20.000000
4.752000,16,"LINK_TORSO_YAW",4.630000,0.200000,0.122000,20.000000,0.000000,0.000000,20.000000,0.000000,0.000000,0.000000,0.000000,0.012160,0.000000,0.910900,15.095320,-0.227739,-13.117905,20.000000
4.753000,16,"LINK_TORSO_YAW",4.630000,0.200000,0.123000,20.000000,0.000000,0.000000,20.000000,0.000000,0.000000,0.000000,0.000000,0.012160,0.000000,0.910900,15.033188,-0.297688,-13.187671,20.000000
4.754000,16,"LINK_TORSO_YAW",4.630000,0.200000,0.124000,20.000000,0.000000,0.000000,20.000000,0.000000,0.000000,0.000000,0.000000,0.012160,0.000000,0.910900,14.970289,-0.366718,-13.257298,20.000000
4.755000,16,"LINK_TORSO_YAW",4.630000,0.200000,0.125000,20.000000,0.000000,0.000000,20.000000,0.000000,0.000000,0.000000,0.000000,0.012160,0.000000,0.910900,14.906619,-0.434867,-13.326800,20.000000
4.756000,16,"LINK_TORSO_YAW",4.630000,0.200000,0.126000,20.000000,0.000000,0.000000,20.000000,0.000000,0.000000,0.000000,0.000000,0.012160,0.000000,0.910900,14.835332,-0.504436,-13.403674,20.000000
4.757000,16,"LINK_TORSO_YAW",4.630000,0.200000,0.127000,20.000000,0.000000,0.000000,20.000000,0.000000,0.000000,0.000000,0.000000,0.012160,0.000000,0.910900,14.757104,-0.575287,-13.486917,20.000000
4.758000,16,"LINK_TORSO_YAW",4.630000,0.200000,0.128000,20.000000,0.000000,0.000000,20.000000,0.000000,0.000000,0.000000,0.000000,0.012160,0.000000,0.910900,14.672980,-0.647302,-13.575148,20.000000
4.759000,16,"LINK_TORSO_YAW",4.630000,0.200000,0.129000,20.000000,0.000000,0.000000,20.000000,0.000000,0.000000,0.000000,0.000000,0.012160,0.000000,0.910900,14.583560,-0.720400,-13.667509,20.000000
4.760000,16,"LINK_TORSO_YAW",4.630000,0.200000,0.130000,20.000000,0.000000,0.000000,20.000000,0.000000,0.000000,0.000000,0.000000,0.012160,0.000000,0.910900,14.489334,-0.794569,-13.763279,20.000000
4.761000,16,"LINK_TORSO_YAW",4.630000,0.200000,0.131000,20.000000,0.000000,0.000000,20.000000,0.000000,0.000000,0.000000,0.000000,0.012160,0.000000,0.910900,14.390743,-0.869692,-13.861824,20.000000
4.762000,16,"LINK_TORSO_YAW",4.630000,0.200000,0.132000,20.000000,0.000000,0.000000,20.000000,0.000000,0.000000,0.000000,0.000000,0.012160,0.000000,0.910900,14.288201,-0.945711,-13.962555,20.000000
4.763000,16,"LINK_TORSO_YAW",4.630000,0.200000,0.133000,20.000000,0.000000,0.000000,20.000000,0.000000,0.000000,0.000000,0.000000,0.012160,0.000000,0.910900,14.182037,-1.022538,-14.065001,20.000000
4.764000,16,"LINK_TORSO_YAW",4.630000,0.200000,0.134000,20.000000,0.000000,0.000000,20.000000,0.000000,0.000000,0.000000,0.000000,0.012160,0.000000,0.910900,14.072393,-1.100222,-14.168884,20.000000
4.765000,16,"LINK_TORSO_YAW",4.630000,0.200000,0.135000,20.000000,0.000000,0.000000,20.000000,0.000000,0.000000,0.000000,0.000000,0.012160,0.000000,0.910900,13.959521,-1.178710,-14.273836,20.000000
4.766000,16,"LINK_TORSO_YAW",4.630000,0.200000,0.136000,20.000000,0.000000,0.000000,20.000000,0.000000,0.000000,0.000000,0.000000,0.012160,0.000000,0.910900,13.843713,-1.258149,-14.379453,20.000000
4.767000,16,"LINK_TORSO_YAW",4.630000,0.200000,0.137000,20.000000,0.000000,0.000000,20.000000,0.000000,0.000000,0.000000,0.000000,0.012160,0.000000,0.910900,13.725059,-1.338587,-14.485542,20.000000
4.768000,16,"LINK_TORSO_YAW",4.630000,0.200000,0.138000,20.000000,0.000000,0.000000,20.000000,0.000000,0.000000,0.000000,0.000000,0.012160,0.000000,0.910900,13.604033,-1.420018,-14.591567,20.000000
4.769000,16,"LINK_TORSO_YAW",4.630000,0.200000,0.139000,20.000000,0.000000,0.000000,20.000000,0.000000,0.000000,0.000000,0.000000,0.012160,0.000000,0.910900,13.480695,-1.502498,-14.697393,20.000000
4.770000,16,"LINK_TORSO_YAW",4.630000,0.200000,0.140000,20.000000,0.000000,0.000000,20.000000,0.000000,0.000000,0.000000,0.000000,0.012160,0.000000,0.910900,13.355079,-1.586044,-14.802916,20.000000
4.771000,16,"LINK_TORSO_YAW",4.630000,0.200000,0.141000,20.000000,0.000000,0.000000,20.000000,0.000000,0.000000,0.000000,0.000000,0.012160,0.000000,0.910900,13.227214,-1.670669,-14.908041,20.000000
4.772000,16,"LINK_TORSO_YAW",4.630000,0.200000,0.142000,20.000000,0.000000,0.000000,20.000000,0.000000,0.000000,0.000000,0.000000,0.012160,0.000000,0.910900,13.097208,-1.756524,-15.012587,20.000000
4.773000,16,"LINK_TORSO_YAW",4.630000,0.200000,0.143000,20.000000,0.000000,0.000000,20.000000,0.000000,0.000000,0.000000,0.000000,0.012160,0.000000,0.910900,12.965093,-1.843674,-15.116455,20.000000
4.774000,16,"LINK_TORSO_YAW",4.630000,0.200000,0.144000,20.000000,0.000000,0.000000,20.000000,0.000000,0.000000,0.000000,0.000000,0.012160,0.000000,0.910900,12.830867,-1.932126,-15.219584,20.000000
4.775000,16,"LINK_TORSO_YAW",4.630000,0.200000,0.145000,20.000000,0.000000,0.000000,20.000000,0.000000,0.000000,0.000000,0.000000,0.012160,0.000000,0.910900,12.694529,-2.021883,-15.321910,20.000000
4.776000,16,"LINK_TORSO_YAW",4.630000,0.200000,0.146000,20.000000,0.000000,0.000000,20.000000,0.000000,0.000000,0.000000,0.000000,0.012160,0.000000,0.910900,12.556087,-2.113008,-15.423355,20.000000
4.777000,16,"LINK_TORSO_YAW",4.630000,0.200000,0.147000,20.000000,0.000000,0.000000,20.000000,0.000000,0.000000,0.000000,0.000000,0.012160,0.000000,0.910900,12.415525,-2.205496,-15.523869,20.000000
4.778000,16,"LINK_TORSO_YAW",4.630000,0.200000,0.148000,20.000000,0.000000,0.000000,20.000000,0.000000,0.000000,0.000000,0.000000,0.012160,0.000000,0.910900,12.272806,-2.299420,-15.623408,20.000000
4.779000,16,"LINK_TORSO_YAW",4.630000,0.200000,0.149000,20.000000,0.000000,0.000000,20.000000,0.000000,0.000000,0.000000,0.000000,0.012160,0.000000,0.910900,12.128615,-2.394782,-15.721378,20.000000
4.780000,16,"LINK_TORSO_YAW",4.630000,0.200000,0.150000,20.000000,0.000000,0.000000,20.000000,0.000000,0.000000,0.000000,0.000000,0.012160,0.000000,0.910900,11.982916,-2.491635,-15.817759,20.000000
4.781000,16,"LINK_TORSO_YAW",4.630000,0.200000,0.151000,20.000000,0.000000,0.000000,20.000000,0.000000,0.000000,0.000000,0.000000,0.012160,0.000000,0.910900,11.835699,-2.589976,-15.912519,20.000000
4.782000,16,"LINK_TORSO_YAW",4.630000,0.200000,0.152000,20.000000,0.000000,0.000000,20.000000,0.000000,0.000000,0.000000,0.000000,0.012160,0.000000,0.910900,11.693589,-2.684012,-16.001752,20.000000
4.783000,16,"LINK_TORSO_YAW",4.630000,0.200000,0.153000,20.000000,0.000000,0.000000,20.000000,0.000000,0.000000,0.000000,0.000000,0.012160,0.000000,0.910900,11.551090,-2.778768,-16.088840,20.000000
4.784000,16,"LINK_TORSO_YAW",4.630000,0.200000,0.154000,20.000000,0.000000,0.000000,20.000000,0.000000,0.000000,0.000000,0.000000,0.012160,0.000000,0.910900,11.409132,-2.873117,-16.173339,20.000000
4.785000,16,"LINK_TORSO_YAW",4.630000,0.200000,0.155000,20.000000,0.000000,0.000000,20.000000,0.000000,0.000000,0.000000,0.000000,0.012160,0.000000,0.910900,11.265545,-2.968798,-16.256498,20.000000
4.786000,16,"LINK_TORSO_YAW",4.630000,0.200000,0.156000,20.000000,0.000000,0.000000,20.000000,0.000000,0.000000,0.000000,0.000000,0.012160,0.000000,0.910900,11.120377,-3.065762,-16.338247,20.000000
4.787000,16,"LINK_TORSO_YAW",4.630000,0.200000,0.157000,20.000000,0.000000,0.000000,20.000000,0.000000,0.000000,0.000000,0.000000,0.012160,0.000000,0.910900,10.973605,-3.164042,-16.418551,20.000000
4.788000,16,"LINK_TORSO_YAW",4.630000,0.200000,0.158000,20.000000,0.000000,0.000000,20.000000,0.000000,0.000000,0.000000,0.000000,0.012160,0.000000,0.910900,10.825198,-3.263623,-16.497389,20.000000
4.789000,16,"LINK_TORSO_YAW",4.630000,0.200000,0.159000,20.000000,0.000000,0.000000,20.000000,0.000000,0.000000,0.000000,0.000000,0.012160,0.000000,0.910900,10.675135,-3.364533,-16.574722,20.000000
4.790000,16,"LINK_TORSO_YAW",4.630000,0.200000,0.160000,20.000000,0.000000,0.000000,20.000000,0.000000,0.000000,0.000000,0.000000,0.012160,0.000000,0.910900,10.523384,-3.466755,-16.650526,20.000000
4.791000,16,"LINK_TORSO_YAW",4.630000,0.200000,0.161000,20.000000,0.000000,0.000000,20.000000,0.000000,0.000000,0.000000,0.000000,0.012160,0.000000,0.910900,10.370520,-3.570319,-16.724388,20.000000
4.792000,16,"LINK_TORSO_YAW",4.630000,0.200000,0.162000,20.000000,0.000000,0.000000,20.000000,0.000000,0.000000,0.000000,0.000000,0.012160,0.000000,0.910900,10.216514,-3.675208,-16.796300,20.000000
4.793000,16,"LINK_TORSO_YAW",4.630000,0.200000,0.163000,20.000000,0.000000,0.000000,20.000000,0.000000,0.000000,0.000000,0.000000,0.012160,0.000000,0.910900,10.061391,-3.781422,-16.866217,20.000000
4.794000,16,"LINK_TORSO_YAW",4.630000,0.200000,0.164000,20.000000,0.000000,0.000000,20.000000,0.000000,0.000000,0.000000,0.000000,0.012160,0.000000,0.910900,9.905119,-3.888944,-16.934130,20.000000
4.795000,16,"LINK_TORSO_YAW",4.630000,0.200000,0.165000,20.000000,0.000000,0.000000,20.000000,0.000000,0.000000,0.000000,0.000000,0.012160,0.000000,0.910900,9.747674,-3.997794,-17.000015,20.000000
4.796000,16,"LINK_TORSO_YAW",4.630000,0.200000,0.166000,20.000000,0.000000,0.000000,20.000000,0.000000,0.000000,0.000000,0.000000,0.012160,0.000000,0.910900,9.589029,-4.107881,-17.063875,20.000000
4.797000,16,"LINK_TORSO_YAW",4.630000,0.200000,0.167000,20.000000,0.000000,0.000000,20.000000,0.000000,0.000000,0.000000,0.000000,0.012160,0.000000,0.910900,9.429166,-4.219193,-17.125689,20.000000
4.798000,16,"LINK_TORSO_YAW",4.630000,0.200000,0.168000,20.000000,0.000000,0.000000,20.000000,0.000000,0.000000,0.000000,0.000000,0.012160,0.000000,0.910900,9.268060,-4.331712,-17.185440,20.000000
4.799000,16,"LINK_TORSO_YAW",4.630000,0.200000,0.169000,20.000000,0.000000,0.000000,20.000000,0.000000,0.000000,0.000000,0.000000,0.012160,0.000000,0.910900,9.105676,-4.445420,-17.243112,20.000000
4.800000,16,"LINK_TORSO_YAW",4.630000,0.200000,0.170000,20.000000,0.000000,0.000000,20.000000,0.000000,0.000000,0.000000,0.000000,0.012160,0.000000,0.910900,8.941970,-4.560352,-17.298681,20.000000
4.801000,16,"LINK_TORSO_YAW",4.630000,0.200000,0.171000,20.000000,0.000000,0.000000,20.000000,0.000000,0.000000,0.000000,0.000000,0.012160,0.000000,0.910900,8.776912,-4.676476,-17.352129,20.000000
4.802000,16,"LINK_TORSO_YAW",4.630000,0.200000,0.172000,20.000000,0.000000,0.000000,20.000000,0.000000,0.000000,0.000000,0.000000,0.012160,0.000000,0.910900,8.611307,-4.792628,-17.403336,20.000000
4.803000,16,"LINK_TORSO_YAW",4.630000,0.200000,0.173000,20.000000,0.000000,0.000000,20.000000,0.000000,0.000000,0.000000,0.000000,0.012160,0.000000,0.910900,8.444966,-4.909864,-17.452100,20.000000
4.804000,16,"LINK_TORSO_YAW",4.630000,0.200000,0.174000,20.000000,0.000000,0.000000,20.000000,0.000000,0.000000,0.000000,0.000000,0.012160,0.000000,0.910900,8.277865,-5.028191,-17.498407,20.000000
4.805000,16,"LINK_TORSO_YAW",4.630000,0.200000,0.175000,20.000000,0.000000,0.000000,20.000000,0.000000,0.000000,0.000000,0.000000,0.012160,0.000000,0.910900,8.109972,-5.147578,-17.542257,20.000000
4.806000,16,"LINK_TORSO_YAW",4.630000,0.200000,0.176000,20.000000,0.000000,0.000000,20.000000,0.000000,0.000000,0.000000,0.000000,0.012160,0.000000,0.910900,7.941341,-5.268932,-17.583329,20.000000
4.807000,16,"LINK_TORSO_YAW",4.630000,0.200000,0.177000,20.000000,0.000000,0.000000,20.000000,0.000000,0.000000,0.000000,0.000000,0.012160,0.000000,0.910900,7.766332,-5.383646,-17.626697,20.000000
4.808000,16,"LINK_TORSO_YAW",4.630000,0.200000,0.178000,20.000000,0.000000,0.000000,20.000000,0.000000,0.000000,0.000000,0.000000,0.012160,0.000000,0.910900,7.588947,-5.498643,-17.668413,20.000000
4.809000,16,"LINK_TORSO_YAW",4.630000,0.200000,0.179000,20.000000,0.000000,0.000000,20.000000,0.000000,0.000000,0.000000,0.000000,0.012160,0.000000,0.910900,7.409948,-5.614524,-17.707902,20.000000
4.810000,16,"LINK_TORSO_YAW",4.630000,0.200000,0.180000,20.000000,0.000000,0.000000,20.000000,0.000000,0.000000,0.000000,0.000000,0.012160,0.000000,0.910900,7.229583,-5.731381,-17.744982,20.000000
4.811000,16,"LINK_TORSO_YAW",4.630000,0.200000,0.181000,20.000000,0.000000,0.000000,20.000000,0.000000,0.000000,0.000000,0.000000,0.012160,0.000000,0.910900,7.047936,-5.849186,-17.779584,20.000000
4.812000,16,"LINK_TORSO_YAW",4.630000,0.200000,0.182000,20.000000,0.000000,0.000000,20.000000,0.000000,0.000000,0.000000,0.000000,0.012160,0.000000,0.910900,6.865041,-5.967946,-17.811648,20.000000
4.813000,16,"LINK_TORSO_YAW",4.630000,0.200000,0.183000,20.000000,0.000000,0.000000,20.000000,0.000000,0.000000,0.000000,0.000000,0.012160,0.000000,0.910900,6.680867,-6.087623,-17.841156,20.000000
4.814000,16,"LINK_TORSO_YAW",4.630000,0.200000,0.184000,20.000000,0.000000,0.000000,20.000000,0.000000,0.000000,0.000000,0.000000,0.012160,0.000000,0.910900,6.496181,-6.208084,-17.867829,20.000000
4.815000,16,"LINK_TORSO_YAW",4.630000,0.200000,0.185000,20.000000,0.000000,0.000000,20.000000,0.000000,0.000000,0.000000,0.000000,0.012160,0.000000,0.910900,6.311632,-6.329566,-17.891336,20.000000
4.816000,16,"LINK_TORSO_YAW",4.630000,0.200000,0.186000,20.000000,0.000000,0.000000,20.000000,0.000000,0.000000,0.000000,0.000000,0.012160,0.000000,0.910900,6.126114,-6.451581,-17.912225,20.000000
4.817000,16,"LINK_TORSO_YAW",4.630000,0.200000,0.187000,20.000000,0.000000,0.000000,20.000000,0.000000,0.000000,0.000000,0.000000,0.012160,0.000000,0.910900,5.939833,-6.574211,-17.930369,20.000000
4.818000,16,"LINK_TORSO_YAW",4.630000,0.200000,0.188000,20.000000,0.000000,0.000000,20.000000,0.000000,0.000000,0.000000,0.000000,0.012160,0.000000,0.910900,5.753796,-6.697681,-17.945331,20.000000
4.819000,16,"LINK_TORSO_YAW",4.630000,0.200000,0.189000,20.000000,0.000000,0.000000,20.000000,0.000000,0.000000,0.000000,0.000000,0.012160,0.000000,0.910900,5.567977,-6.821924,-17.957143,20.000000
4.820000,16,"LINK_TORSO_YAW",4.630000,0.200000,0.190000,20.000000,0.000000,0.000000,20.000000,0.000000,0.000000,0.000000,0.000000,0.012160,0.000000,0.910900,5.381251,-6.946355,-17.966365,20.000000
4.821000,16,"LINK_TORSO_YAW",4.630000,0.200000,0.191000,20.000000,0.000000,0.000000,20.000000,0.000000,0.000000,0.000000,0.000000,0.012160,0.000000,0.910900,5.194922,-7.071441,-17.972410,20.000000
4.822000,16,"LINK_TORSO_YAW",4.630000,0.200000,0.192000,20.000000,0.000000,0.000000,20.000000,0.000000,0.000000,0.000000,0.000000,0.012160,0.000000,0.910900,5.008962,-7.197167,-17.975291,20.000000
4.823000,16,"LINK_TORSO_YAW",4.630000,0.200000,0.193000,20.000000,0.000000,0.000000,20.000000,0.000000,0.000000,0.000000,0.000000,0.012160,0.000000,0.910900,4.823332,-7.323467,-17.975047,20.000000
4.824000,16,"LINK_TORSO_YAW",4.630000,0.200000,0.194000,20.000000,0.000000,0.000000,20.000000,0.000000,0.000000,0.000000,0.000000,0.012160,0.000000,0.910900,4.636392,-7.449749,-17.972343,20.000000
4.825000,16,"LINK_TORSO_YAW",4.630000,0.200000,0.195000,20.000000,0.000000,0.000000,20.000000,0.000000,0.000000,0.000000,0.000000,0.012160,0.000000,0.910900,4.450426,-7.576542,-17.966350,20.000000
4.826000,16,"LINK_TORSO_YAW",4.630000,0.200000,0.196000,20.000000,0.000000,0.000000,20.000000,0.000000,0.000000,0.000000,0.000000,0.012160,0.000000,0.910900,4.265411,-7.703787,-17.957114,20.000000
4.827000,16,"LINK_TORSO_YAW",4.630000,0.200000,0.197000,20.000000,0.000000,0.000000,20.000000,0.000000,0.000000,0.000000,0.000000,0.012160,0.000000,0.910900,4.081472,-7.831402,-17.944657,20.000000
4.828000,16,"LINK_TORSO_YAW",4.630000,0.200000,0.198000,20.000000,0.000000,0.000000,20.000000,0.000000,0.000000,0.000000,0.000000,0.012160,0.000000,0.910900,3.898580,-7.959364,-17.929016,20.000000
4.829000,16,"LINK_TORSO_YAW",4.630000,0.200000,0.199000,20.000000,0.000000,0.000000,20.000000,0.000000,0.000000,0.000000,0.000000,0.012160,0.000000,0.910900,3.714259,-8.086850,-17.911090,20.000000
4.830000,16,"LINK_TORSO_YAW",4.630000,0.200000,0.200000,20.000000,0.000000,0.000000,20.000000,0.000000,0.000000,0.000000,0.000000,0.012160,0.000000,0.910900,3.531032,-8.214633,-17.889987,20.000000
4.831000,17,"LINK_TORSO_YAW",4.830000,0.200000,0.001000,20.000000,0.000000,0.000000,20.000000,0.000000,0.000000,0.000000,0.000000,0.012160,0.000000,0.910900,3.348853,-8.342652,-17.865759,20.000000
4.832000,17,"LINK_TORSO_YAW",4.830000,0.200000,0.002000,20.000000,0.000000,0.000000,20.000000,0.000000,0.000000,0.000000,0.000000,0.012160,0.000000,0.910900,3.167696,-8.470880,-17.838439,20.000000
4.833000,17,"LINK_TORSO_YAW",4.830000,0.200000,0.003000,20.000000,0.000000,0.000000,20.000000,0.000000,0.000000,0.000000,0.000000,0.012160,0.000000,0.910900,2.987518,-8.599255,-17.808075,20.000000
4.834000,17,"LINK_TORSO_YAW",4.830000,0.200000,0.004000,20.000000,0.000000,0.000000,20.000000,0.000000,0.000000,0.000000,0.000000,0.012160,0.000000,0.910900,2.805628,-8.726843,-17.775564,20.000000
4.835000,17,"LINK_TORSO_YAW",4.830000,0.200000,0.005000,20.000000,0.000000,0.000000,20.000000,0.000000,0.000000,0.000000,0.000000,0.012160,0.000000,0.910900,2.624847,-8.854497,-17.740013,20.000000
4.836000,17,"LINK_TORSO_YAW",4.830000,0.200000,0.006000,20.000000,0.000000,0.000000,20.000000,0.000000,0.000000,0.000000,0.000000,0.012160,0.000000,0.910900,2.447143,-8.980454,-17.702060,20.000000
4.837000,17,"LINK_TORSO_YAW",4.830000,0.200000,0.007000,20.000000,0.000000,0.000000,20.000000,0.000000,0.000000,0.000000,0.000000,0.012160,0.000000,0.910900,2.271215,-9.106344,-17.661146,20.000000
4.838000,17,"LINK_TORSO_YAW",4.830000,0.200000,0.008000,20.000000,0.000000,0.000000,20.000000,0.000000,0.000000,0.000000,0.000000,0.012160,0.000000,0.910900,2.097028,-9.232141,-17.617322,20.000000
4.839000,17,"LINK_TORSO_YAW",4.830000,0.200000,0.009000,20.000000,0.000000,0.000000,20.000000,0.000000,0.000000,0.000000,0.000000,0.012160,0.000000,0.910900,1.924526,-9.357793,-17.570655,20.000000
4.840000,17,"LINK_TORSO_YAW",4.830000,0.200000,0.010000,20.000000,0.000000,0.000000,20.000000,0.000000,0.000000,0.000000,0.000000,0.012160,0.000000,0.910900,1.753675,-9.483275,-17.521190,20.000000
4.841000,17,"LINK_TORSO_YAW",4.830000,0.200000,0.011000,20.000000,0.000000,0.000000,20.000000,0.000000,0.000000,0.000000,0.000000,0.012160,0.000000,0.910900,1.584491,-9.608501,-17.469004,20.000000
4.842000,17,"LINK_TORSO_YAW",4.830000,0.200000,0.012000,20.000000,0.000000,0.000000,20.000000,0.000000,0.000000,0.000000,0.000000,0.012160,0.000000,0.910900,1.416936,-9.733451,-17.414139,20.000000
4.843000,17,"LINK_TORSO_YAW",4.830000,0.200000,0.013000,20.000000,0.000000,0.000000,20.000000,0.000000,0.000000,0.000000,0.000000,0.012160,0.000000,0.910900,1.250952,-9.858063,-17.356662,20.000000
4.844000,17,"LINK_TORSO_YAW",4.830000,0.200000,0.014000,20.000000,0.000000,0.000000,20.000000,0.000000,0.000000,0.000000,0.000000,0.012160,0.000000,0.910900,1.086503,-9.982315,-17.296615,20.000000
4.845000,17,"LINK_TORSO_YAW",4.830000,0.200000,0.015000,20.000000,0.000000,0.000000,20.000000,0.000000,0.000000,0.000000,0.000000,0.012160,0.000000,0.910900,0.923536,-10.106158,-17.234055,20.000000
4.846000,17,"LINK_TORSO_YAW",4.830000,0.200000,0.016000,20.000000,0.000000,0.000000,20.000000,0.000000,0.000000,0.000000,0.000000,0.012160,0.000000,0.910900,0.767169,-10.225381,-17.171285,20.000000
4.847000,17,"LINK_TORSO_YAW",4.830000,0.200000,0.017000,20.000000,0.000000,0.000000,20.000000,0.000000,0.000000,0.000000,0.000000,0.012160,0.000000,0.910900,0.613376,-10.343195,-17.106785,20.000000
4.848000,17,"LINK_TORSO_YAW",4.830000,0.200000,0.018000,20.000000,0.000000,0.000000,20.000000,0.000000,0.000000,0.000000,0.000000,0.012160,0.000000,0.910900,0.461382,-10.460552,-17.040070,20.000000
4.849000,17,"LINK_TORSO_YAW",4.830000,0.200000,0.019000,20.000000,0.000000,0.000000,20.000000,0.000000,0.000000,0.000000,0.000000,0.012160,0.000000,0.910900,0.311121,-10.577392,-16.971211,20.000000
4.850000,17,"LINK_TORSO_YAW",4.830000,0.200000,0.020000,20.000000,0.000000,0.000000,20.000000,0.000000,0.000000,0.000000,0.000000,0.012160,0.000000,0.910900,0.162546,-10.693684,-16.900258,20.000000
4.851000,17,"LINK_TORSO_YAW",4.830000,0.200000,0.021000,20.000000,0.000000,0.000000,20.000000,0.000000,0.000000,0.000000,0.000000,0.012160,0.000000,0.910900,0.015596,-10.809376,-16.827274,20.000000
4.852000,17,"LINK_TORSO_YAW",4.830000,0.200000,0.022000,20.000000,0.000000,0.000000,20.000000,0.000000,0.000000,0.000000,0.000000,0.012160,0.000000,0.910900,-0.129776,-10.924441,-16.752306,20.000000
4.853000,17,"LINK_TORSO_YAW",4.830000,0.200000,0.023000,20.000000,0.000000,0.000000,20.000000,0.000000,0.000000,0.000000,0.000000,0.012160,0.000000,0.910900,-0.273631,-11.038830,-16.675411,20.000000
4.854000,17,"LINK_TORSO_YAW",4.830000,0.200000,0.024000,20.000000,0.000000,0.000000,20.000000,0.000000,0.000000,0.000000,0.000000,0.012160,0.000000,0.910900,-0.416032,-11.152479,-16.596660,20.000000
4.855000,17,"LINK_TORSO_YAW",4.830000,0.200000,0.025000,20.000000,0.000000,0.000000,20.000000,0.000000,0.000000,0.000000,0.000000,0.012160,0.000000,0.910900,-0.557042,-11.265343,-16.516106,20.000000
4.856000,17,"LINK_TORSO_YAW",4.830000,0.200000,0.026000,20.000000,0.000000,0.000000,20.000000,0.000000,0.000000,0.000000,0.000000,0.012160,0.000000,0.910900,-0.694871,-11.376599,-16.434419,20.000000
4.857000,17,"LINK_TORSO_YAW",4.830000,0.200000,0.027000,20.000000,0.000000,0.000000,20.000000,0.000000,0.000000,0.000000,0.000000,0.012160,0.000000,0.910900,-0.831383,-11.486943,-16.351114,20.000000
4.858000,17,"LINK_TORSO_YAW",4.830000,0.200000,0.028000,20.000000,0.000000,0.000000,20.000000,0.000000,0.000000,0.000000,0.000000,0.012160,0.000000,0.910900,-0.966621,-11.596368,-16.266219,20.000000
4.859000,17,"LINK_TORSO_YAW",4.830000,0.200000,0.029000,20.000000,0.000000,0.000000,20.000000,0.000000,0.000000,0.000000,0.000000,0.012160,0.000000,0.910900,-1.096590,-11.702123,-16.182021,20.000000
4.860000,17,"LINK_TORSO_YAW",4.830000,0.200000,0.030000,20.000000,0.000000,0.000000,20.000000,0.000000,0.000000,0.000000,0.000000,0.012160,0.000000,0.910900,-1.223914,-11.806268,-16.097021,20.000000
4.861000,17,"LINK_TORSO_YAW",4.830000,0.200000,0.031000,20.000000,0.000000,0.000000,20.000000,0.000000,0.000000,0.000000,0.000000,0.012160,0.000000,0.910900,-1.349718,-11.909468,-16.010710,20.000000
4.862000,17,"LINK_TORSO_YAW",4.830000,0.200000,0.032000,20.000000,0.000000,0.000000,20.000000,0.000000,0.000000,0.000000,0.000000,0.012160,0.000000,0.910900,-1.474057,-12.011708,-15.923129,20.000000
4.863000,17,"LINK_TORSO_YAW",4.830000,0.200000,0.033000,20.000000,0.000000,0.000000,20.000000,0.000000,0.000000,0.000000,0.000000,0.012160,0.000000,0.910900,-1.597001,-12.112947,-15.834333,20.000000
4.864000,17,"LINK_TORSO_YAW",4.830000,0.200000,0.034000,20.000000,0.000000,0.000000,20.000000,0.000000,0.000000,0.000000,0.000000,0.012160,0.000000,0.910900,-1.718604,-12.213173,-15.744358,20.000000
4.865000,17,"LINK_TORSO_YAW",4.830000,0.200000,0.035000,20.000000,0.000000,0.000000,20.000000,0.000000,0.000000,0.000000,0.000000,0.012160,0.000000,0.910900,-1.838937,-12.312355,-15.653249,20.000000
4.866000,17,"LINK_TORSO_YAW",4.830000,0.200000,0.036000,20.000000,0.000000,0.000000,20.000000,0.000000,0.000000,0.000000,0.000000,0.012160,0.000000,0.910900,-1.958050,-12.410486,-15.561037,20.000000
4.867000,17,"LINK_TORSO_YAW",4.830000,0.200000,0.037000,20.000000,0.000000,0.000000,20.000000,0.000000,0.000000,0.000000,0.000000,0.012160,0.000000,0.910900,-2.076014,-12.507540,-15.467760,20.000000
4.868000,17,"LINK_TORSO_YAW",4.830000,0.200000,0.038000,20.000000,0.000000,0.000000,20.000000,0.000000,0.000000,0.000000,0.000000,0.012160,0.000000,0.910900,-2.192897,-12.603504,-15.373447,20.000000
4.869000,17,"LINK_TORSO_YAW",4.830000,0.200000,0.039000,20.000000,0.000000,0.000000,20.000000,0.000000,0.000000,0.000000,0.000000,0.012160,0.000000,0.910900,-2.308765,-12.698357,-15.278133,20.000000
4.870000,17,"LINK_TORSO_YAW",4.830000,0.200000,0.040000,20.000000,0.000000,0.000000,20.000000,0.000000,0.000000,0.000000,0.000000,0.012160,0.000000,0.910900,-2.423016,-12.792119,-15.181920,20.000000
4.871000,17,"LINK_TORSO_YAW",4.830000,0.200000,0.041000,20.000000,0.000000,0.000000,20.000000,0.000000,0.000000,0.000000,0.000000,0.012160,0.000000,0.910900,-2.533407,-12.882949,-15.086798,20.000000
4.872000,17,"LINK_TORSO_YAW",4.830000,0.200000,0.042000,20.000000,0.000000,0.000000,20.000000,0.000000,0.000000,0.000000,0.000000,0.012160,0.000000,0.910900,-2.642433,-12.972695,-14.990888,20.000000
4.873000,17,"LINK_TORSO_YAW",4.830000,0.200000,0.043000,20.000000,0.000000,0.000000,20.000000,0.000000,0.000000,0.000000,0.000000,0.012160,0.000000,0.910900,-2.750172,-13.061338,-14.894227,20.000000
4.874000,17,"LINK_TORSO_YAW",4.830000,0.200000,0.044000,20.000000,0.000000,0.000000,20.000000,0.000000,0.000000,0.000000,0.000000,0.012160,0.000000,0.910900,-2.856683,-13.148874,-14.796840,20.000000
4.875000,17,"LINK_TORSO_YAW",4.830000,0.200000,0.045000,20.000000,0.000000,0.000000,20.000000,0.000000,0.000000,0.000000,0.000000,0.012160,0.000000,0.910900,-2.962048,-13.235297,-14.698748,20.000000
4.876000,17,"LINK_TORSO_YAW",4.830000,0.200000,0.046000,20.000000,0.000000,0.000000,20.000000,0.000000,0.000000,0.000000,0.000000,0.012160,0.000000,0.910900,-3.049029,-13.281560,-14.639112,20.000000
4.877000,17,"LINK_TORSO_YAW",4.830000,0.200000,0.047000,20.000000,0.000000,0.000000,20.000000,0.000000,0.000000,0.000000,0.000000,0.012160,0.000000,0.910900,-3.121257,-13.294440,-14.612173,20.000000
4.878000,17,"LINK_TORSO_YAW",4.830000,0.200000,0.048000,20.000000,0.000000,0.000000,20.000000,0.000000,0.000000,0.000000,0.000000,0.012160,0.000000,0.910900,-3.183172,-13.281463,-14.610618,20.000000
4.879000,17,"LINK_TORSO_YAW",4.830000,0.200000,0.049000,20.000000,0.000000,0.000000,20.000000,0.000000,0.000000,0.000000,0.000000,0.012160,0.000000,0.910900,-3.237635,-13.247429,-14.629537,20.000000
4.880000,17,"LINK_TORSO_YAW",4.830000,0.200000,0.050000,20.000000,0.000000,0.000000,20.000000,0.000000,0.000000,0.000000,0.000000,0.012160,0.000000,0.910900,-3.286853,-13.196001,-14.664997,20.000000
4.881000,17,"LINK_TORSO_YAW",4.830000,0.200000,0.051000,20.000000,0.000000,0.000000,20.000000,0.000000,0.000000,0.000000,0.000000,0.012160,0.000000,0.910900,-3.332482,-13.129545,-14.714266,20.000000
4.882000,17,"LINK_TORSO_YAW",4.830000,0.200000,0.052000,20.000000,0.000000,0.000000,20.000000,0.000000,0.000000,0.000000,0.000000,0.012160,0.000000,0.910900,-3.375539,-13.050088,-14.775011,20.000000
4.883000,17,"LINK_TORSO_YAW",4.830000,0.200000,0.053000,20.000000,0.000000,0.000000,20.000000,0.000000,0.000000,0.000000,0.000000,0.012160,0.000000,0.910900,-3.417103,-12.959316,-14.845186,20.000000
4.884000,17,"LINK_TORSO_YAW",4.830000,0.200000,0.054000,20.000000,0.000000,0.000000,20.000000,0.000000,0.000000,0.000000,0.000000,0.012160,0.000000,0.910900,-3.458068,-12.858715,-14.922976,20.000000
4.885000,17,"LINK_TORSO_YAW",4.830000,0.200000,0.055000,20.000000,0.000000,0.000000,20.000000,0.000000,0.000000,0.000000,0.000000,0.012160,0.000000,0.910900,-3.499191,-12.749582,-15.006793,20.000000
4.886000,17,"LINK_TORSO_YAW",4.830000,0.200000,0.056000,20.000000,0.000000,0.000000,20.000000,0.000000,0.000000,0.000000,0.000000,0.012160,0.000000,0.910900,-3.541022,-12.632632,-15.095621,20.000000
4.887000,17,"LINK_TORSO_YAW",4.830000,0.200000,0.057000,20.000000,0.000000,0.000000,20.000000,0.000000,0.000000,0.000000,0.000000,0.012160,0.000000,0.910900,-3.580211,-12.504334,-15.192884,20.000000
4.888000,17,"LINK_TORSO_YAW",4.830000,0.200000,0.058000,20.000000,0.000000,0.000000,20.000000,0.000000,0.000000,0.000000,0.000000,0.012160,0.000000,0.910900,-3.621079,-12.369994,-15.292843,20.000000
4.889000,17,"LINK_TORSO_YAW",4.830000,0.200000,0.059000,20.000000,0.000000,0.000000,20.000000,0.000000,0.000000,0.000000,0.000000,0.012160,0.000000,0.910900,-3.664573,-12.230637,-15.394233,20.000000
4.890000,17,"LINK_TORSO_YAW",4.830000,0.200000,0.060000,20.000000,0.000000,0.000000,20.000000,0.000000,0.000000,0.000000,0.000000,0.012160,0.000000,0.910900,-3.711647,-12.087829,-15.495421,20.000000
4.891000,17,"LINK_TORSO_YAW",4.830000,0.200000,0.061000,20.000000,0.000000,0.000000,20.000000,0.000000,0.000000,0.000000,0.000000,0.012160,0.000000,0.910900,-3.762477,-11.942298,-15.595682,20.000000
4.892000,17,"LINK_TORSO_YAW",4.830000,0.200000,0.062000,20.000000,0.000000,0.000000,20.000000,0.000000,0.000000,0.000000,0.000000,0.012160,0.000000,0.910900,-3.815914,-11.793131,-15.695887,20.000000
4.893000,17,"LINK_TORSO_YAW",4.830000,0.200000,0.063000,20.000000,0.000000,0.000000,20.000000,0.000000,0.000000,0.000000,0.000000,0.012160,0.000000,0.910900,-3.862227,-11.644983,-15.794859,20.000000
4.894000,17,"LINK_TORSO_YAW",4.830000,0.200000,0.064000,20.000000,0.000000,0.000000,20.000000,0.000000,0.000000,0.000000,0.000000,0.012160,0.000000,0.910900,-3.900691,-11.497127,-15.893416,20.000000
4.895000,17,"LINK_TORSO_YAW",4.830000,0.200000,0.065000,20.000000,0.000000,0.000000,20.000000,0.000000,0.000000,0.000000,0.000000,0.012160,0.000000,0.910900,-3.932929,-11.349439,-15.991320,20.000000
4.896000,17,"LINK_TORSO_YAW",4.830000,0.200000,0.066000,20.000000,0.000000,0.000000,20.000000,0.000000,0.000000,0.000000,0.000000,0.012160,0.000000,0.910900,-3.958727,-11.200524,-16.089647,20.000000
4.897000,17,"LINK_TORSO_YAW",4.830000,0.200000,0.067000,20.000000,0.000000,0.000000,20.000000,0.000000,0.000000,0.000000,0.000000,0.012160,0.000000,0.910900,-3.981219,-11.051785,-16.186659,20.000000
4.898000,17,"LINK_TORSO_YAW",4.830000,0.200000,0.068000,20.000000,0.000000,0.000000,20.000000,0.000000,0.000000,0.000000,0.000000,0.012160,0.000000,0.910900,-4.001444,-10.903282,-16.282103,20.000000
4.899000,17,"LINK_TORSO_YAW",4.830000,0.200000,0.069000,20.000000,0.000000,0.000000,20.000000,0.000000,0.000000,0.000000,0.000000,0.012160,0.000000,0.910900,-4.020287,-10.755129,-16.375729,20.000000
4.900000,17,"LINK_TORSO_YAW",4.830000,0.200000,0.070000,20.000000,0.000000,0.000000,20.000000,0.000000,0.000000,0.000000,0.000000,0.012160,0.000000,0.910900,-4.038496,-10.607445,-16.467321,20.000000
4.901000,17,"LINK_TORSO_YAW",4.830000,0.200000,0.071000,20.000000,0.000000,0.000000,20.000000,0.000000,0.000000,0.000000,0.000000,0.012160,0.000000,0.910900,-4.056703,-10.460382,-16.556678,20.000000
4.902000,17,"LINK_TORSO_YAW",4.830000,0.200000,0.072000,20.000000,0.000000,0.000000,20.000000,0.000000,0.000000,0.000000,0.000000,0.012160,0.000000,0.910900,-4.075723,-10.314129,-16.643534,20.000000
4.903000,17,"LINK_TORSO_YAW",4.830000,0.200000,0.073000,20.000000,0.000000,0.000000,20.000000,0.000000,0.000000,0.000000,0.000000,0.012160,0.000000,0.910900,-4.095960,-10.168864,-16.727741,20.000000
4.904000,17,"LINK_TORSO_YAW",4.830000,0.200000,0.074000,20.000000,0.000000,0.000000,20.000000,0.000000,0.000000,0.000000,0.000000,0.012160,0.000000,0.910900,-4.117734,-10.024749,-16.809184,20.000000
4.905000,17,"LINK_TORSO_YAW",4.830000,0.200000,0.075000,20.000000,0.000000,0.000000,20.000000,0.000000,0.000000,0.000000,0.000000,0.012160,0.000000,0.910900,-4.140890,-9.881973,-16.887855,20.000000
4.906000,17,"LINK_TORSO_YAW",4.830000,0.200000,0.076000,20.000000,0.000000,0.000000,20.000000,0.000000,0.000000,0.000000,0.000000,0.012160,0.000000,0.910900,-4.165635,-9.740696,-16.963676,20.000000
4.907000,17,"LINK_TORSO_YAW",4.830000,0.200000,0.077000,20.000000,0.000000,0.000000,20.000000,0.000000,0.000000,0.000000,0.000000,0.012160,0.000000,0.910900,-4.192137,-9.601091,-17.036580,20.000000
4.908000,17,"LINK_TORSO_YAW",4.830000,0.200000,0.078000,20.000000,0.000000,0.000000,20.000000,0.000000,0.000000,0.000000,0.000000,0.012160,0.000000,0.910900,-4.220446,-9.463362,-17.106508,20.000000
4.909000,17,"LINK_TORSO_YAW",4.830000,0.200000,0.079000,20.000000,0.000000,0.000000,20.000000,0.000000,0.000000,0.000000,0.000000,0.012160,0.000000,0.910900,-4.250939,-9.327762,-17.173304,20.000000
4.910000,17,"LINK_TORSO_YAW",4.830000,0.200000,0.080000,20.000000,0.000000,0.000000,20.000000,0.000000,0.000000,0.000000,0.000000,0.012160,0.000000,0.910900,-4.284350,-9.194605,-17.236693,20.000000
4.911000,17,"LINK_TORSO_YAW",4.830000,0.200000,0.081000,20.000000,0.000000,0.000000,20.000000,0.000000,0.000000,0.000000,0.000000,0.012160,0.000000,0.910900,-4.320578,-9.063988,-17.296726,20.000000
4.912000,17,"LINK_TORSO_YAW",4.830000,0.200000,0.082000,20.000000,0.000000,0.000000,20.000000,0.000000,0.000000,0.000000,0.000000,0.012160,0.000000,0.910900,-4.359534,-8.936013,-17.353447,20.000000
4.913000,17,"LINK_TORSO_YAW",4.830000,0.200000,0.083000,20.000000,0.000000,0.000000,20.000000,0.000000,0.000000,0.000000,0.000000,0.012160,0.000000,0.910900,-4.401132,-8.810739,-17.406921,20.000000
4.914000,17,"LINK_TORSO_YAW",4.830000,0.200000,0.084000,20.000000,0.000000,0.000000,20.000000,0.000000,0.000000,0.000000,0.000000,0.012160,0.000000,0.910900,-4.440906,-8.684574,-17.460141,20.000000
4.915000,17,"LINK_TORSO_YAW",4.830000,0.200000,0.085000,20.000000,0.000000,0.000000,20.000000,0.000000,0.000000,0.000000,0.000000,0.012160,0.000000,0.910900,-4.483316,-8.561336,-17.510094,20.000000
4.916000,17,"LINK_TORSO_YAW",4.830000,0.200000,0.086000,20.000000,0.000000,0.000000,20.000000,0.000000,0.000000,0.000000,0.000000,0.012160,0.000000,0.910900,-4.527888,-8.441168,-17.556905,20.000000
4.917000,17,"LINK_TORSO_YAW",4.830000,0.200000,0.087000,20.000000,0.000000,0.000000,20.000000,0.000000,0.000000,0.000000,0.000000,0.012160,0.000000,0.910900,-4.578526,-8.325624,-17.598894,20.000000
4.918000,17,"LINK_TORSO_YAW",4.830000,0.200000,0.088000,20.000000,0.000000,0.000000,20.000000,0.000000,0.000000,0.000000,0.000000,0.012160,0.000000,0.910900,-4.634721,-8.214567,-17.636333,20.000000
4.919000,17,"LINK_TORSO_YAW",4.830000,0.200000,0.089000,20.000000,0.000000,0.000000,20.000000,0.000000,0.000000,0.000000,0.000000,0.012160,0.000000,0.910900,-4.695892,-8.107802,-17.669526,20.000000
4.920000,17,"LINK_TORSO_YAW",4.830000,0.200000,0.090000,20.000000,0.000000,0.000000,20.000000,0.000000,0.000000,0.000000,0.000000,0.012160,0.000000,0.910900,-4.761539,-8.005172,-17.698728,20.000000
4.921000,17,"LINK_TORSO_YAW",4.830000,0.200000,0.091000,20.000000,0.000000,0.000000,20.000000,0.000000,0.000000,0.000000,0.000000,0.012160,0.000000,0.910900,-4.831197,-7.906518,-17.724179,20.000000
4.922000,17,"LINK_TORSO_YAW",4.830000,0.200000,0.092000,20.000000,0.000000,0.000000,20.000000,0.000000,0.000000,0.000000,0.000000,0.012160,0.000000,0.910900,-4.903378,-7.811335,-17.746547,20.000000
4.923000,17,"LINK_TORSO_YAW",4.830000,0.200000,0.093000,20.000000,0.000000,0.000000,20.000000,0.000000,0.000000,0.000000,0.000000,0.012160,0.000000,0.910900,-4.978012,-7.719619,-17.765891,20.000000
4.924000,17,"LINK_TORSO_YAW",4.830000,0.200000,0.094000,20.000000,0.000000,0.000000,20.000000,0.000000,0.000000,0.000000,0.000000,0.012160,0.000000,0.910900,-5.049546,-7.628395,-17.785097,20.000000
4.925000,17,"LINK_TORSO_YAW",4.830000,0.200000,0.095000,20.000000,0.000000,0.000000,20.000000,0.000000,0.000000,0.000000,0.000000,0.012160,0.000000,0.910900,-5.118527,-7.537938,-17.803937,20.000000
4.926000,17,"LINK_TORSO_YAW",4.830000,0.200000,0.096000,20.000000,0.000000,0.000000,20.000000,0.000000,0.000000,0.000000,0.000000,0.012160,0.000000,0.910900,-5.185129,-7.448473,-17.822309,20.000000
4.927000,17,"LINK_TORSO_YAW",4.830000,0.200000,0.097000,20.000000,0.000000,0.000000,20.000000,0.000000,0.000000,0.000000,0.000000,0.012160,0.000000,0.910900,-5.249777,-7.360202,-17.840047,20.000000
4.928000,17,"LINK_TORSO_YAW",4.830000,0.200000,0.098000,20.000000,0.000000,0.000000,20.000000,0.000000,0.000000,0.000000,0.000000,0.012160,0.000000,0.910900,-5.312835,-7.273318,-17.857005,20.000000
4.929000,17,"LINK_TORSO_YAW",4.830000,0.200000,0.099000,20.000000,0.000000,0.000000,20.000000,0.000000,0.000000,0.000000,0.000000,0.012160,0.000000,0.910900,-5.374643,-7.188119,-17.873001,20.000000
4.930000,17,"LINK_TORSO_YAW",4.830000,0.200000,0.100000,20.000000,0.000000,0.000000,20.000000,0.000000,0.000000,0.000000,0.000000,0.012160,0.000000,0.910900,-5.435449,-7.104721,-17.887952,20.000000
4.931000,17,"LINK_TORSO_YAW",4.830000,0.200000,0.101000,20.000000,0.000000,0.000000,20.000000,0.000000,0.000000,0.000000,0.000000,0.012160,0.000000,0.910900,-5.495173,-7.009777,-17.907152,20.000000
4.932000,17,"LINK_TORSO_YAW",4.830000,0.200000,0.102000,20.000000,0.000000,0.000000,20.000000,0.000000,0.000000,0.000000,0.000000,0.012160,0.000000,0.910900,-5.554118,-6.916890,-17.925078,20.000000
4.933000,17,"LINK_TORSO_YAW",4.830000,0.200000,0.103000,20.000000,0.000000,0.000000,20.000000,0.000000,0.000000,0.000000,0.000000,0.012160,0.000000,0.910900,-5.612414,-6.826095,-17.941718,20.000000
4.934000,17,"LINK_TORSO_YAW",4.830000,0.200000,0.104000,20.000000,0.000000,0.000000,20.000000,0.000000,0.000000,0.000000,0.000000,0.012160,0.000000,0.910900,-5.670182,-6.737421,-17.957065,20.000000
4.935000,17,"LINK_TORSO_YAW",4.830000,0.200000,0.105000,20.000000,0.000000,0.000000,20.000000,0.000000,0.000000,0.000000,0.000000,0.012160,0.000000,0.910900,-5.727498,-6.650883,-17.971130,20.000000
4.936000,17,"LINK_TORSO_YAW",4.830000,0.200000,0.106000,20.000000,0.000000,0.000000,20.000000,0.000000,0.000000,0.000000,0.000000,0.012160,0.000000,0.910900,-5.784240,-6.566426,-17.984010,20.000000
4.937000,17,"LINK_TORSO_YAW",4.830000,0.200000,0.107000,20.000000,0.000000,0.000000,20.000000,0.000000,0.000000,0.000000,0.000000,0.012160,0.000000,0.910900,-5.840490,-6.484040,-17.995719,20.000000
4.938000,17,"LINK_TORSO_YAW",4.830000,0.200000,0.108000,20.000000,0.000000,0.000000,20.000000,0.000000,0.000000,0.000000,0.000000,0.012160,0.000000,0.910900,-5.896342,-6.403693,-18.006273,20.000000
4.939000,17,"LINK_TORSO_YAW",4.830000,0.200000,0.109000,20.000000,0.000000,0.000000,20.000000,0.000000,0.000000,0.000000,0.000000,0.012160,0.000000,0.910900,-5.951830,-6.325358,-18.015704,20.000000
4.940000,17,"LINK_TORSO_YAW",4.830000,0.200000,0.110000,20.000000,0.000000,0.000000,20.000000,0.000000,0.000000,0.000000,0.000000,0.012160,0.000000,0.910900,-6.007019,-6.249175,-18.023971,20.000000
4.941000,17,"LINK_TORSO_YAW",4.830000,0.200000,0.111000,20.000000,0.000000,0.000000,20.000000,0.000000,0.000000,0.000000,0.000000,0.012160,0.000000,0.910900,-6.061932,-6.175101,-18.031115,20.000000
4.942000,17,"LINK_TORSO_YAW",4.830000,0.200000,0.112000,20.000000,0.000000,0.000000,20.000000,0.000000,0.000000,0.000000,0.000000,0.012160,0.000000,0.910900,-6.116595,-6.103104,-18.037167,20.000000
4.943000,17,"LINK_TORSO_YAW",4.830000,0.200000,0.113000,20.000000,0.000000,0.000000,20.000000,0.000000,0.000000,0.000000,0.000000,0.012160,0.000000,0.910900,-6.171031,-6.033140,-18.042162,20.000000
4.944000,17,"LINK_TORSO_YAW",4.830000,0.200000,0.114000,20.000000,0.000000,0.000000,20.000000,0.000000,0.000000,0.000000,0.000000,0.012160,0.000000,0.910900,-6.227510,-5.962930,-18.046096,20.000000
4.945000,17,"LINK_TORSO_YAW",4.830000,0.200000,0.115000,20.000000,0.000000,0.000000,20.000000,0.000000,0.000000,0.000000,0.000000,0.012160,0.000000,0.910900,-6.283410,-5.894734,-18.049124,20.000000
4.946000,17,"LINK_TORSO_YAW",4.830000,0.200000,0.116000,20.000000,0.000000,0.000000,20.000000,0.000000,0.000000,0.000000,0.000000,0.012160,0.000000,0.910900,-6.338778,-5.828503,-18.051273,20.000000
4.947000,17,"LINK_TORSO_YAW",4.830000,0.200000,0.117000,20.000000,0.000000,0.000000,20.000000,0.000000,0.000000,0.000000,0.000000,0.012160,0.000000,0.910900,-6.393661,-5.764194,-18.052566,20.000000
4.948000,17,"LINK_TORSO_YAW",4.830000,0.200000,0.118000,20.000000,0.000000,0.000000,20.000000,0.000000,0.000000,0.000000,0.000000,0.012160,0.000000,0.910900,-6.448097,-5.701751,-18.053035,20.000000
4.949000,17,"LINK_TORSO_YAW",4.830000,0.200000,0.119000,20.000000,0.000000,0.000000,20.000000,0.000000,0.000000,0.000000,0.000000,0.012160,0.000000,0.910900,-6.502096,-5.641102,-18.052720,20.000000
4.950000,17,"LINK_TORSO_YAW",4.830000,0.200000,0.120000,20.000000,0.000000,0.000000,20.000000,0.000000,0.000000,0.000000,0.000000,0.012160,0.000000,0.910900,-6.556782,-5.583727,-18.050779,20.000000
4.951000,17,"LINK_TORSO_YAW",4.830000,0.200000,0.121000,20.000000,0.000000,0.000000,20.000000,0.000000,0.000000,0.000000,0.000000,0.012160,0.000000,0.910900,-6.612101,-5.529613,-18.047257,20.000000
4.952000,17,"LINK_TORSO_YAW",4.830000,0.200000,0.122000,20.000000,0.000000,0.000000,20.000000,0.000000,0.000000,0.000000,0.000000,0.012160,0.000000,0.910900,-6.668048,-5.478686,-18.042204,20.000000
4.953000,17,"LINK_TORSO_YAW",4.830000,0.200000,0.123000,20.000000,0.000000,0.000000,20.000000,0.000000,0.000000,0.000000,0.000000,0.012160,0.000000,0.910900,-6.724613,-5.430861,-18.035668,20.000000
4.954000,17,"LINK_TORSO_YAW",4.830000,0.200000,0.124000,20.000000,0.000000,0.000000,20.000000,0.000000,0.000000,0.000000,0.000000,0.012160,0.000000,0.910900,-6.781811,-5.386061,-18.027684,20.000000
4.955000,17,"LINK_TORSO_YAW",4.830000,0.200000,0.125000,20.000000,0.000000,0.000000,20.000000,0.000000,0.000000,0.000000,0.000000,0.012160,0.000000,0.910900,-6.839667,-5.344211,-18.018278,20.000000
4.956000,17,"LINK_TORSO_YAW",4.830000,0.200000,0.126000,20.000000,0.000000,0.000000,20.000000,0.000000,0.000000,0.000000,0.000000,0.012160,0.000000,0.910900,-6.898178,-5.305219,-18.007493,20.000000
4.957000,17,"LINK_TORSO_YAW",4.830000,0.200000,0.127000,20.000000,0.000000,0.000000,20.000000,0.000000,0.000000,0.000000,0.000000,0.012160,0.000000,0.910900,-6.954238,-5.265741,-17.997515,20.000000
4.958000,17,"LINK_TORSO_YAW",4.830000,0.200000,0.128000,20.000000,0.000000,0.000000,20.000000,0.000000,0.000000,0.000000,0.000000,0.012160,0.000000,0.910900,-7.008102,-5.226033,-17.988193,20.000000
4.959000,17,"LINK_TORSO_YAW",4.830000,0.200000,0.129000,20.000000,0.000000,0.000000,20.000000,0.000000,0.000000,0.000000,0.000000,0.012160,0.000000,0.910900,-7.060057,-5.186282,-17.979379,20.000000
4.960000,17,"LINK_TORSO_YAW",4.830000,0.200000,0.130000,20.000000,0.000000,0.000000,20.000000,0.000000,0.000000,0.000000,0.000000,0.012160,0.000000,0.910900,-7.110358,-5.146639,-17.970946,20.000000
0.633000,18,"LINK_TORSO_YAW",0.632000,0.200000,0.001000,20.000000,0.000000,0.000000,20.000000,0.000000,0.000000,0.000000,0.000000,0.012160,0.000000,0.910900,19.982692,-0.381218,-0.739376,20.000000
0.634000,18,"LINK_TORSO_YAW",0.632000,0.200000,0.002000,20.000000,0.000000,0.000000,20.000000,0.000000,0.000000,0.000000,0.000000,0.012160,0.000000,0.910900,19.982984,-0.373357,-0.735494,20.000000
0.635000,18,"LINK_TORSO_YAW",0.632000,0.200000,0.003000,20.000000,0.000000,0.000000,20.000000,0.000000,0.000000,0.000000,0.000000,0.012160,0.000000,0.910900,19.983271,-0.365402,-0.731692,20.000000
0.636000,18,"LINK_TORSO_YAW",0.632000,0.200000,0.004000,20.000000,0.000000,0.000000,20.000000,0.000000,0.000000,0.000000,0.000000,0.012160,0.000000,0.910900,19.983546,-0.357457,-0.728094,20.000000
0.637000,18,"LINK_TORSO_YAW",0.632000,0.200000,0.005000,20.000000,0.000000,0.000000,20.000000,0.000000,0.000000,0.000000,0.000000,0.012160,0.000000,0.910900,19.983808,-0.349482,-0.724750,20.000000
0.638000,18,"LINK_TORSO_YAW",0.632000,0.200000,0.006000,20.000000,0.000000,0.000000,20.000000,0.000000,0.000000,0.000000,0.000000,0.012160,0.000000,0.910900,19.984057,-0.341480,-0.721713,20.000000
0.639000,18,"LINK_TORSO_YAW",0.632000,0.200000,0.007000,20.000000,0.000000,0.000000,20.000000,0.000000,0.000000,0.000000,0.000000,0.012160,0.000000,0.910900,19.984288,-0.333501,-0.719028,20.000000
0.640000,18,"LINK_TORSO_YAW",0.632000,0.200000,0.008000,20.000000,0.000000,0.000000,20.000000,0.000000,0.000000,0.000000,0.000000,0.012160,0.000000,0.910900,19.984501,-0.325555,-0.716745,20.000000
0.641000,18,"LINK_TORSO_YAW",0.632000,0.200000,0.009000,20.000000,0.000000,0.000000,20.000000,0.000000,0.000000,0.000000,0.000000,0.012160,0.000000,0.910900,19.984695,-0.317591,-0.714919,20.000000
0.642000,18,"LINK_TORSO_YAW",0.632000,0.200000,0.010000,20.000000,0.000000,0.000000,20.000000,0.000000,0.000000,0.000000,0.000000,0.012160,0.000000,0.910900,19.984867,-0.309719,-0.713555,20.000000
0.643000,18,"LINK_TORSO_YAW",0.632000,0.200000,0.011000,20.000000,0.000000,0.000000,20.000000,0.000000,0.000000,0.000000,0.000000,0.012160,0.000000,0.910900,19.985017,-0.301852,-0.712715,20.000000
0.644000,18,"LINK_TORSO_YAW",0.632000,0.200000,0.012000,20.000000,0.000000,0.000000,20.000000,0.000000,0.000000,0.000000,0.000000,0.012160,0.000000,0.910900,19.985164,-0.294018,-0.711880,20.000000
0.645000,18,"LINK_TORSO_YAW",0.632000,0.200000,0.013000,20.000000,0.000000,0.000000,20.000000,0.000000,0.000000,0.000000,0.000000,0.012160,0.000000,0.910900,19.985306,-0.286136,-0.711107,20.000000
0.646000,18,"LINK_TORSO_YAW",0.632000,0.200000,0.014000,20.000000,0.000000,0.000000,20.000000,0.000000,0.000000,0.000000,0.000000,0.012160,0.000000,0.910900,19.985441,-0.278229,-0.710461,20.000000
0.647000,18,"LINK_TORSO_YAW",0.632000,0.200000,0.015000,20.000000,0.000000,0.000000,20.000000,0.000000,0.000000,0.000000,0.000000,0.012160,0.000000,0.910900,19.985565,-0.270378,-0.709986,20.000000
0.648000,18,"LINK_TORSO_YAW",0.632000,0.200000,0.016000,20.000000,0.000000,0.000000,20.000000,0.000000,0.000000,0.000000,0.000000,0.012160,0.000000,0.910900,19.985679,-0.262506,-0.709736,20.000000
0.649000,18,"LINK_TORSO_YAW",0.632000,0.200000,0.017000,20.000000,0.000000,0.000000,20.000000,0.000000,0.000000,0.000000,0.000000,0.012160,0.000000,0.910900,19.985781,-0.254646,-0.709722,20.000000
0.650000,18,"LINK_TORSO_YAW",0.632000,0.200000,0.018000,20.000000,0.000000,0.000000,20.000000,0.000000,0.000000,0.000000,0.000000,0.012160,0.000000,0.910900,19.985870,-0.246878,-0.709977,20.000000
0.651000,18,"LINK_TORSO_YAW",0.632000,0.200000,0.019000,20.000000,0.000000,0.000000,20.000000,0.000000,0.000000,0.000000,0.000000,0.012160,0.000000,0.910900,19.985943,-0.239133,-0.710566,20.000000
0.652000,18,"LINK_TORSO_YAW",0.632000,0.200000,0.020000,20.000000,0.000000,0.000000,20.000000,0.000000,0.000000,0.000000,0.000000,0.012160,0.000000,0.910900,19.985999,-0.231393,-0.711545,20.000000
0.653000,18,"LINK_TORSO_YAW",0.632000,0.200000,0.021000,20.000000,0.000000,0.000000,20.000000,0.000000,0.000000,0.000000,0.000000,0.012160,0.000000,0.910900,19.986036,-0.223761,-0.712943,20.000000
0.654000,18,"LINK_TORSO_YAW",0.632000,0.200000,0.022000,20.000000,0.000000,0.000000,20.000000,0.000000,0.000000,0.000000,0.000000,0.012160,0.000000,0.910900,19.986052,-0.216184,-0.714826,20.000000
0.655000,18,"LINK_TORSO_YAW",0.632000,0.200000,0.023000,20.000000,0.000000,0.000000,20.000000,0.000000,0.000000,0.000000,0.000000,0.012160,0.000000,0.910900,19.986070,-0.208605,-0.716585,20.000000
0.656000,18,"LINK_TORSO_YAW",0.632000,0.200000,0.024000,20.000000,0.000000,0.000000,20.000000,0.000000,0.000000,0.000000,0.000000,0.012160,0.000000,0.910900,19.986087,-0.200967,-0.718284,20.000000
0.657000,18,"LINK_TORSO_YAW",0.632000,0.200000,0.025000,20.000000,0.000000,0.000000,20.000000,0.000000,0.000000,0.000000,0.000000,0.012160,0.000000,0.910900,19.986101,-0.193398,-0.719974,20.000000
0.658000,18,"LINK_TORSO_YAW",0.632000,0.200000,0.026000,20.000000,0.000000,0.000000,20.000000,0.000000,0.000000,0.000000,0.000000,0.012160,0.000000,0.910900,19.986110,-0.185864,-0.721710,20.000000
0.659000,18,"LINK_TORSO_YAW",0.632000,0.200000,0.027000,20.000000,0.000000,0.000000,20.000000,0.000000,0.000000,0.000000,0.000000,0.012160,0.000000,0.910900,19.986112,-0.178348,-0.723546,20.000000
0.660000,18,"LINK_TORSO_YAW",0.632000,0.200000,0.028000,20.000000,0.000000,0.000000,20.000000,0.000000,0.000000,0.000000,0.000000,0.012160,0.000000,0.910900,19.986105,-0.170791,-0.725547,20.000000
0.661000,18,"LINK_TORSO_YAW",0.632000,0.200000,0.029000,20.000000,0.000000,0.000000,20.000000,0.000000,0.000000,0.000000,0.000000,0.012160,0.000000,0.910900,19.986088,-0.163367,-0.727744,20.000000
0.662000,18,"LINK_TORSO_YAW",0.632000,0.200000,0.030000,20.000000,0.000000,0.000000,20.000000,0.000000,0.000000,0.000000,0.000000,0.012160,0.000000,0.910900,19.986058,-0.155984,-0.730173,20.000000
0.663000,18,"LINK_TORSO_YAW",0.632000,0.200000,0.031000,20.000000,0.000000,0.000000,20.000000,0.000000,0.000000,0.000000,0.000000,0.012160,0.000000,0.910900,19.986014,-0.148657,-0.732889,20.000000
0.664000,18,"LINK_TORSO_YAW",0.632000,0.200000,0.032000,20.000000,0.000000,0.000000,20.000000,0.000000,0.000000,0.000000,0.000000,0.012160,0.000000,0.910900,19.985955,-0.141339,-0.735951,20.000000
0.665000,18,"LINK_TORSO_YAW",0.632000,0.200000,0.033000,20.000000,0.000000,0.000000,20.000000,0.000000,0.000000,0.000000,0.000000,0.012160,0.000000,0.910900,19.985878,-0.134172,-0.739388,20.000000
0.666000,18,"LINK_TORSO_YAW",0.632000,0.200000,0.034000,20.000000,0.000000,0.000000,20.000000,0.000000,0.000000,0.000000,0.000000,0.012160,0.000000,0.910900,19.985780,-0.127087,-0.743264,20.000000
0.667000,18,"LINK_TORSO_YAW",0.632000,0.200000,0.035000,20.000000,0.000000,0.000000,20.000000,0.000000,0.000000,0.000000,0.000000,0.012160,0.000000,0.910900,19.985686,-0.120011,-0.746959,20.000000
0.668000,18,"LINK_TORSO_YAW",0.632000,0.200000,0.036000,20.000000,0.000000,0.000000,20.000000,0.000000,0.000000,0.000000,0.000000,0.012160,0.000000,0.910900,19.985594,-0.112884,-0.750538,20.000000
0.669000,18,"LINK_TORSO_YAW",0.632000,0.200000,0.037000,20.000000,0.000000,0.000000,20.000000,0.000000,0.000000,0.000000,0.000000,0.012160,0.000000,0.910900,19.985503,-0.105852,-0.753974,20.000000
0.670000,18,"LINK_TORSO_YAW",0.632000,0.200000,0.038000,20.000000,0.000000,0.000000,20.000000,0.000000,0.000000,0.000000,0.000000,0.012160,0.000000,0.910900,19.985411,-0.098891,-0.757337,20.000000
0.671000,18,"LINK_TORSO_YAW",0.632000,0.200000,0.039000,20.000000,0.000000,0.000000,20.000000,0.000000,0.000000,0.000000,0.000000,0.012160,0.000000,0.910900,19.985317,-0.091978,-0.760682,20.000000
0.672000,18,"LINK_TORSO_YAW",0.632000,0.200000,0.040000,20.000000,0.000000,0.000000,20.000000,0.000000,0.000000,0.000000,0.000000,0.012160,0.000000,0.910900,19.985218,-0.085050,-0.764074,20.000000
0.673000,18,"LINK_TORSO_YAW",0.632000,0.200000,0.041000,20.000000,0.000000,0.000000,20.000000,0.000000,0.000000,0.000000,0.000000,0.012160,0.000000,0.910900,19.985113,-0.078255,-0.767547,20.000000
0.674000,18,"LINK_TORSO_YAW",0.632000,0.200000,0.042000,20.000000,0.000000,0.000000,20.000000,0.000000,0.000000,0.000000,0.000000,0.012160,0.000000,0.910900,19.984999,-0.071525,-0.771170,20.000000
0.675000,18,"LINK_TORSO_YAW",0.632000,0.200000,0.043000,20.000000,0.000000,0.000000,20.000000,0.000000,0.000000,0.000000,0.000000,0.012160,0.000000,0.910900,19.984874,-0.064861,-0.774991,20.000000
0.676000,18,"LINK_TORSO_YAW",0.632000,0.200000,0.044000,20.000000,0.000000,0.000000,20.000000,0.000000,0.000000,0.000000,0.000000,0.012160,0.000000,0.910900,19.984737,-0.058230,-0.779038,20.000000
0.677000,18,"LINK_TORSO_YAW",0.632000,0.200000,0.045000,20.000000,0.000000,0.000000,20.000000,0.000000,0.000000,0.000000,0.000000,0.012160,0.000000,0.910900,19.984586,-0.051777,-0.783342,20.000000
0.678000,18,"LINK_TORSO_YAW",0.632000,0.200000,0.046000,20.000000,0.000000,0.000000,20.000000,0.000000,0.000000,0.000000,0.000000,0.012160,0.000000,0.910900,19.984444,-0.045390,-0.787356,20.000000
0.679000,18,"LINK_TORSO_YAW",0.632000,0.200000,0.047000,20.000000,0.000000,0.000000,20.000000,0.000000,0.000000,0.000000,0.000000,0.012160,0.000000,0.910900,19.984308,-0.039087,-0.791136,20.000000
0.680000,18,"LINK_TORSO_YAW",0.632000,0.200000,0.048000,20.000000,0.000000,0.000000,20.000000,0.000000,0.000000,0.000000,0.000000,0.012160,0.000000,0.910900,19.984176,-0.032827,-0.794753,20.000000
0.681000,18,"LINK_TORSO_YAW",0.632000,0.200000,0.049000,20.000000,0.000000,0.000000,20.000000,0.000000,0.000000,0.000000,0.000000,0.012160,0.000000,0.910900,19.984046,-0.026732,-0.798247,20.000000
0.682000,18,"LINK_TORSO_YAW",0.632000,0.200000,0.050000,20.000000,0.000000,0.000000,20.000000,0.000000,0.000000,0.000000,0.000000,0.012160,0.000000,0.910900,19.983915,-0.020706,-0.801685,20.000000
0.683000,18,"LINK_TORSO_YAW",0.632000,0.200000,0.051000,20.000000,0.000000,0.000000,20.000000,0.000000,0.000000,0.000000,0.000000,0.012160,0.000000,0.910900,19.983784,-0.014825,-0.805092,20.000000
0.684000,18,"LINK_TORSO_YAW",0.632000,0.200000,0.052000,20.000000,0.000000,0.000000,20.000000,0.000000,0.000000,0.000000,0.000000,0.012160,0.000000,0.910900,19.983648,-0.008960,-0.808534,20.000000
0.685000,18,"LINK_TORSO_YAW",0.632000,0.200000,0.053000,20.000000,0.000000,0.000000,20.000000,0.000000,0.000000,0.000000,0.000000,0.012160,0.000000,0.910900,19.983508,-0.003295,-0.812045,20.000000
0.686000,18,"LINK_TORSO_YAW",0.632000,0.200000,0.054000,20.000000,0.000000,0.000000,20.000000,0.000000,0.000000,0.000000,0.000000,0.012160,0.000000,0.910900,19.983359,0.002256,-0.815693,20.000000
0.687000,18,"LINK_TORSO_YAW",0.632000,0.200000,0.055000,20.000000,0.000000,0.000000,20.000000,0.000000,0.000000,0.000000,0.000000,0.012160,0.000000,0.910900,19.983200,0.007779,-0.819538,20.000000
0.688000,18,"LINK_TORSO_YAW",0.632000,0.200000,0.056000,20.000000,0.000000,0.000000,20.000000,0.000000,0.000000,0.000000,0.000000,0.012160,0.000000,0.910900,19.983030,0.013076,-0.823615,20.000000
0.689000,18,"LINK_TORSO_YAW",0.632000,0.200000,0.057000,20.000000,0.000000,0.000000,20.000000,0.000000,0.000000,0.000000,0.000000,0.012160,0.000000,0.910900,19.982871,0.018252,-0.827366,20.000000
0.690000,18,"LINK_TORSO_YAW",0.632000,0.200000,0.058000,20.000000,0.000000,0.000000,20.000000,0.000000,0.000000,0.000000,0.000000,0.012160,0.000000,0.910900,19.982721,0.023350,-0.830862,20.000000
0.691000,18,"LINK_TORSO_YAW",0.632000,0.200000,0.059000,20.000000,0.000000,0.000000,20.000000,0.000000,0.000000,0.000000,0.000000,0.012160,0.000000,0.910900,19.982578,0.028257,-0.834142,20.000000
0.692000,18,"LINK_TORSO_YAW",0.632000,0.200000,0.060000,20.000000,0.000000,0.000000,20.000000,0.000000,0.000000,0.000000,0.000000,0.012160,0.000000,0.910900,19.982439,0.032991,-0.837272,20.000000
0.693000,18,"LINK_TORSO_YAW",0.632000,0.200000,0.061000,20.000000,0.000000,0.000000,20.000000,0.000000,0.000000,0.000000,0.000000,0.012160,0.000000,0.910900,19.982303,0.037659,-0.840322,20.000000
0.694000,18,"LINK_TORSO_YAW",0.632000,0.200000,0.062000,20.000000,0.000000,0.000000,20.000000,0.000000,0.000000,0.000000,0.000000,0.012160,0.000000,0.910900,19.982168,0.042114,-0.843326,20.000000
0.695000,18,"LINK_TORSO_YAW",0.632000,0.200000,0.063000,20.000000,0.000000,0.000000,20.000000,0.000000,0.000000,0.000000,0.000000,0.012160,0.000000,0.910900,19.982030,0.046407,-0.846352,20.000000
0.696000,18,"LINK_TORSO_YAW",0.632000,0.200000,0.064000,20.000000,0.000000,0.000000,20.000000,0.000000,0.000000,0.000000,0.000000,0.012160,0.000000,0.910900,19.981888,0.050654,-0.849459,20.000000
0.697000,18,"LINK_TORSO_YAW",0.632000,0.200000,0.065000,20.000000,0.000000,0.000000,20.000000,0.000000,0.000000,0.000000,0.000000,0.012160,0.000000,0.910900,19.981740,0.054653,-0.852684,20.000000
0.698000,18,"LINK_TORSO_YAW",0.632000,0.200000,0.066000,20.000000,0.000000,0.000000,20.000000,0.000000,0.000000,0.000000,0.000000,0.012160,0.000000,0.910900,19.981583,0.058611,-0.856098,20.000000
0.699000,18,"LINK_TORSO_YAW",0.632000,0.200000,0.067000,20.000000,0.000000,0.000000,20.000000,0.000000,0.000000,0.000000,0.000000,0.012160,0.000000,0.910900,19.981416,0.062307,-0.859739,20.000000
0.700000,18,"LINK_TORSO_YAW",0.632000,0.200000,0.068000,20.000000,0.000000,0.000000,20.000000,0.000000,0.000000,0.000000,0.000000,0.012160,0.000000,0.910900,19.981261,0.065936,-0.863063,20.000000
0.701000,18,"LINK_TORSO_YAW",0.632000,0.200000,0.069000,20.000000,0.000000,0.000000,20.000000,0.000000,0.000000,0.000000,0.000000,0.012160,0.000000,0.910900,19.981117,0.069292,-0.866114,20.000000
0.702000,18,"LINK_TORSO_YAW",0.632000,0.200000,0.070000,20.000000,0.000000,0.000000,20.000000,0.000000,0.000000,0.000000,0.000000,0.012160,0.000000,0.910900,19.980982,0.072556,-0.868970,20.000000
0.703000,18,"LINK_TORSO_YAW",0.632000,0.200000,0.071000,20.000000,0.000000,0.000000,20.000000,0.000000,0.000000,0.000000,0.000000,0.012160,0.000000,0.910900,19.980853,0.075590,-0.871656,20.000000
0.704000,18,"LINK_TORSO_YAW",0.632000,0.200000,0.072000,20.000000,0.000000,0.000000,20.000000,0.000000,0.000000,0.000000,0.000000,0.012160,0.000000,0.910900,19.980729,0.078498,-0.874243,20.000000
0.705000,18,"LINK_TORSO_YAW",0.632000,0.200000,0.073000,20.000000,0.000000,0.000000,20.000000,0.000000,0.000000,0.000000,0.000000,0.012160,0.000000,0.910900,19.980608,0.081138,-0.876775,20.000000
0.706000,18,"LINK_TORSO_YAW",0.632000,0.200000,0.074000,20.000000,0.000000,0.000000,20.000000,0.000000,0.000000,0.000000,0.000000,0.012160,0.000000,0.910900,19.980485,0.083735,-0.879322,20.000000
0.707000,18,"LINK_TORSO_YAW",0.632000,0.200000,0.075000,20.000000,0.000000,0.000000,20.000000,0.000000,0.000000,0.000000,0.000000,0.012160,0.000000,0.910900,19.980361,0.086034,-0.881922,20.000000
0.708000,18,"LINK_TORSO_YAW",0.632000,0.200000,0.076000,20.000000,0.000000,0.000000,20.000000,0.000000,0.000000,0.000000,0.000000,0.012160,0.000000,0.910900,19.980230,0.088285,-0.884646,20.000000
0.709000,18,"LINK_TORSO_YAW",0.632000,0.200000,0.077000,20.000000,0.000000,0.000000,20.000000,0.000000,0.000000,0.000000,0.000000,0.012160,0.000000,0.910900,19.980091,0.090484,-0.887563,20.000000
0.710000,18,"LINK_TORSO_YAW",0.632000,0.200000,0.078000,20.000000,0.000000,0.000000,20.000000,0.000000,0.000000,0.000000,0.000000,0.012160,0.000000,0.910900,19.979943,0.092285,-0.890704,20.000000
0.711000,18,"LINK_TORSO_YAW",0.632000,0.200000,0.079000,20.000000,0.000000,0.000000,20.000000,0.000000,0.000000,0.000000,0.000000,0.012160,0.000000,0.910900,19.979782,0.093952,-0.894134,20.000000
0.712000,18,"LINK_TORSO_YAW",0.632000,0.200000,0.080000,20.000000,0.000000,0.000000,20.000000,0.000000,0.000000,0.000000,0.000000,0.012160,0.000000,0.910900,19.979635,0.095561,-0.897248,20.000000
0.713000,18,"LINK_TORSO_YAW",0.632000,0.200000,0.081000,20.000000,0.000000,0.000000,20.000000,0.000000,0.000000,0.000000,0.000000,0.012160,0.000000,0.910900,19.979500,0.097020,-0.900098,20.000000
0.714000,18,"LINK_TORSO_YAW",0.632000,0.200000,0.082000,20.000000,0.000000,0.000000,20.000000,0.000000,0.000000,0.000000,0.000000,0.012160,0.000000,0.910900,19.979376,0.098093,-0.902724,20.000000
0.715000,18,"LINK_TORSO_YAW",0.632000,0.200000,0.083000,20.000000,0.000000,0.000000,20.000000,0.000000,0.000000,0.000000,0.000000,0.012160,0.000000,0.910900,19.979259,0.099038,-0.905199,20.000000
0.716000,18,"LINK_TORSO_YAW",0.632000,0.200000,0.084000,20.000000,0.000000,0.000000,20.000000,0.000000,0.000000,0.000000,0.000000,0.012160,0.000000,0.910900,19.979147,0.099834,-0.907594,20.000000
0.717000,18,"LINK_TORSO_YAW",0.632000,0.200000,0.085000,20.000000,0.000000,0.000000,20.000000,0.000000,0.000000,0.000000,0.000000,0.012160,0.000000,0.910900,19.979035,0.100531,-0.909970,20.000000
0.718000,18,"LINK_TORSO_YAW",0.632000,0.200000,0.086000,20.000000,0.000000,0.000000,20.000000,0.000000,0.000000,0.000000,0.000000,0.012160,0.000000,0.910900,19.978925,0.100876,-0.912354,20.000000
0.719000,18,"LINK_TORSO_YAW",0.632000,0.200000,0.087000,20.000000,0.000000,0.000000,20.000000,0.000000,0.000000,0.000000,0.000000,0.012160,0.000000,0.910900,19.978811,0.101044,-0.914817,20.000000
0.720000,18,"LINK_TORSO_YAW",0.632000,0.200000,0.088000,20.000000,0.000000,0.000000,20.000000,0.000000,0.000000,0.000000,0.000000,0.012160,0.000000,0.910900,19.978691,0.101158,-0.917418,20.000000
0.721000,18,"LINK_TORSO_YAW",0.632000,0.200000,0.089000,20.000000,0.000000,0.000000,20.000000,0.000000,0.000000,0.000000,0.000000,0.012160,0.000000,0.910900,19.978563,0.101251,-0.920206,20.000000
0.722000,18,"LINK_TORSO_YAW",0.632000,0.200000,0.090000,20.000000,0.000000,0.000000,20.000000,0.000000,0.000000,0.000000,0.000000,0.012160,0.000000,0.910900,19.978450,0.100878,-0.922682,20.000000
0.723000,18,"LINK_TORSO_YAW",0.632000,0.200000,0.091000,20.000000,0.000000,0.000000,20.000000,0.000000,0.000000,0.000000,0.000000,0.012160,0.000000,0.910900,19.978349,0.100401,-0.924929,20.000000
0.724000,18,"LINK_TORSO_YAW",0.632000,0.200000,0.092000,20.000000,0.000000,0.000000,20.000000,0.000000,0.000000,0.000000,0.000000,0.012160,0.000000,0.910900,19.978255,0.099891,-0.927005,20.000000
0.725000,18,"LINK_TORSO_YAW",0.632000,0.200000,0.093000,20.000000,0.000000,0.000000,20.000000,0.000000,0.000000,0.000000,0.000000,0.012160,0.000000,0.910900,19.978170,0.098951,-0.928934,20.000000
0.726000,18,"LINK_TORSO_YAW",0.632000,0.200000,0.094000,20.000000,0.000000,0.000000,20.000000,0.000000,0.000000,0.000000,0.000000,0.012160,0.000000,0.910900,19.978088,0.097929,-0.930802,20.000000
0.727000,18,"LINK_TORSO_YAW",0.632000,0.200000,0.095000,20.000000,0.000000,0.000000,20.000000,0.000000,0.000000,0.000000,0.000000,0.012160,0.000000,0.910900,19.978007,0.096896,-0.932661,20.000000
0.728000,18,"LINK_TORSO_YAW",0.632000,0.200000,0.096000,20.000000,0.000000,0.000000,20.000000,0.000000,0.000000,0.000000,0.000000,0.012160,0.000000,0.910900,19.977926,0.095436,-0.934541,20.000000
0.729000,18,"LINK_TORSO_YAW",0.632000,0.200000,0.097000,20.000000,0.000000,0.000000,20.000000,0.000000,0.000000,0.000000,0.000000,0.012160,0.000000,0.910900,19.977839,0.093920,-0.936546,20.000000
0.730000,18,"LINK_TORSO_YAW",0.632000,0.200000,0.098000,20.000000,0.000000,0.000000,20.000000,0.000000,0.000000,0.000000,0.000000,0.012160,0.000000,0.910900,19.977744,0.092409,-0.938726,20.000000
0.731000,18,"LINK_TORSO_YAW",0.632000,0.200000,0.099000,20.000000,0.000000,0.000000,20.000000,0.000000,0.000000,0.000000,0.000000,0.012160,0.000000,0.910900,19.977641,0.090502,-0.941111,20.000000
0.732000,18,"LINK_TORSO_YAW",0.632000,0.200000,0.100000,20.000000,0.000000,0.000000,20.000000,0.000000,0.000000,0.000000,0.000000,0.012160,0.000000,0.910900,19.977525,0.088533,-0.943737,20.000000
0.733000,18,"LINK_TORSO_YAW",0.632000,0.200000,0.101000,20.000000,0.000000,0.000000,20.000000,0.000000,0.000000,0.000000,0.000000,0.012160,0.000000,0.910900,19.977395,0.086575,-0.946685,20.000000
0.734000,18,"LINK_TORSO_YAW",0.632000,0.200000,0.102000,20.000000,0.000000,0.000000,20.000000,0.000000,0.000000,0.000000,0.000000,0.012160,0.000000,0.910900,19.977277,0.084557,-0.949336,20.000000
0.735000,18,"LINK_TORSO_YAW",0.632000,0.200000,0.103000,20.000000,0.000000,0.000000,20.000000,0.000000,0.000000,0.000000,0.000000,0.012160,0.000000,0.910900,19.977174,0.082097,-0.951728,20.000000
0.736000,18,"LINK_TORSO_YAW",0.632000,0.200000,0.104000,20.000000,0.000000,0.000000,20.000000,0.000000,0.000000,0.000000,0.000000,0.012160,0.000000,0.910900,19.977079,0.079570,-0.953930,20.000000
0.737000,18,"LINK_TORSO_YAW",0.632000,0.200000,0.105000,20.000000,0.000000,0.000000,20.000000,0.000000,0.000000,0.000000,0.000000,0.012160,0.000000,0.910900,19.976991,0.076898,-0.955996,20.000000
0.738000,18,"LINK_TORSO_YAW",0.632000,0.200000,0.106000,20.000000,0.000000,0.000000,20.000000,0.000000,0.000000,0.000000,0.000000,0.012160,0.000000,0.910900,19.976906,0.074160,-0.957991,20.000000
0.739000,18,"LINK_TORSO_YAW",0.632000,0.200000,0.107000,20.000000,0.000000,0.000000,20.000000,0.000000,0.000000,0.000000,0.000000,0.012160,0.000000,0.910900,19.976820,0.071448,-0.959969,20.000000
0.740000,18,"LINK_TORSO_YAW",0.632000,0.200000,0.108000,20.000000,0.000000,0.000000,20.000000,0.000000,0.000000,0.000000,0.000000,0.012160,0.000000,0.910900,19.976736,0.068221,-0.961960,20.000000
0.741000,18,"LINK_TORSO_YAW",0.632000,0.200000,0.109000,20.000000,0.000000,0.000000,20.000000,0.000000,0.000000,0.000000,0.000000,0.012160,0.000000,0.910900,19.976646,0.064968,-0.964044,20.000000
0.742000,18,"LINK_TORSO_YAW",0.632000,0.200000,0.110000,20.000000,0.000000,0.000000,20.000000,0.000000,0.000000,0.000000,0.000000,0.012160,0.000000,0.910900,19.976548,0.061762,-0.966298,20.000000
0.743000,18,"LINK_TORSO_YAW",0.632000,0.200000,0.111000,20.000000,0.000000,0.000000,20.000000,0.000000,0.000000,0.000000,0.000000,0.012160,0.000000,0.910900,19.976438,0.058482,-0.968773,20.000000
0.744000,18,"LINK_TORSO_YAW",0.632000,0.200000,0.112000,20.000000,0.000000,0.000000,20.000000,0.000000,0.000000,0.000000,0.000000,0.012160,0.000000,0.910900,19.976315,0.054867,-0.971504,20.000000
0.745000,18,"LINK_TORSO_YAW",0.632000,0.200000,0.113000,20.000000,0.000000,0.000000,20.000000,0.000000,0.000000,0.000000,0.000000,0.012160,0.000000,0.910900,19.976206,0.051285,-0.973951,20.000000
0.746000,18,"LINK_TORSO_YAW",0.632000,0.200000,0.114000,20.000000,0.000000,0.000000,20.000000,0.000000,0.000000,0.000000,0.000000,0.012160,0.000000,0.910900,19.976107,0.047573,-0.976164,20.000000
0.747000,18,"LINK_TORSO_YAW",0.632000,0.200000,0.115000,20.000000,0.000000,0.000000,20.000000,0.000000,0.000000,0.000000,0.000000,0.012160,0.000000,0.910900,19.976015,0.043819,-0.978209,20.000000
0.748000,18,"LINK_TORSO_YAW",0.632000,0.200000,0.116000,20.000000,0.000000,0.000000,20.000000,0.000000,0.000000,0.000000,0.000000,0.012160,0.000000,0.910900,19.975928,0.040127,-0.980142,20.000000
0.749000,18,"LINK_TORSO_YAW",0.632000,0.200000,0.117000,20.000000,0.000000,0.000000,20.000000,0.000000,0.000000,0.000000,0.000000,0.012160,0.000000,0.910900,19.975845,0.035922,-0.981992,20.000000
0.750000,18,"LINK_TORSO_YAW",0.632000,0.200000,0.118000,20.000000,0.000000,0.000000,20.000000,0.000000,0.000000,0.000000,0.000000,0.012160,0.000000,0.910900,19.975761,0.031808,-0.983845,20.000000
0.751000,18,"LINK_TORSO_YAW",0.632000,0.200000,0.119000,20.000000,0.000000,0.000000,20.000000,0.000000,0.000000,0.000000,0.000000,0.012160,0.000000,0.910900,19.975674,0.027612,-0.985751,20.000000
0.752000,18,"LINK_TORSO_YAW",0.632000,0.200000,0.120000,20.000000,0.000000,0.000000,20.000000,0.000000,0.000000,0.000000,0.000000,0.012160,0.000000,0.910900,19.975579,0.023408,-0.987770,20.000000
0.753000,18,"LINK_TORSO_YAW",0.632000,0.200000,0.121000,20.000000,0.000000,0.000000,20.000000,0.000000,0.000000,0.000000,0.000000,0.012160,0.000000,0.910900,19.975475,0.019275,-0.989958,20.000000
0.754000,18,"LINK_TORSO_YAW",0.632000,0.200000,0.122000,20.000000,0.000000,0.000000,20.000000,0.000000,0.000000,0.000000,0.000000,0.012160,0.000000,0.910900,19.975359,0.015043,-0.992364,20.000000
0.755000,18,"LINK_TORSO_YAW",0.632000,0.200000,0.123000,20.000000,0.000000,0.000000,20.000000,0.000000,0.000000,0.000000,0.000000,0.012160,0.000000,0.910900,19.975230,0.010469,-0.995016,20.000000
0.756000,18,"LINK_TORSO_YAW",0.632000,0.200000,0.124000,20.000000,0.000000,0.000000,20.000000,0.000000,0.000000,0.000000,0.000000,0.012160,0.000000,0.910900,19.975116,0.006043,-0.997357,20.000000
0.757000,18,"LINK_TORSO_YAW",0.632000,0.200000,0.125000,20.000000,0.000000,0.000000,20.000000,0.000000,0.000000,0.000000,0.000000,0.012160,0.000000,0.910900,19.975012,0.001595,-0.999446,20.000000
0.758000,18,"LINK_TORSO_YAW",0.632000,0.200000,0.126000,20.000000,0.000000,0.000000,20.000000,0.000000,0.000000,0.000000,0.000000,0.012160,0.000000,0.910900,19.974916,-0.002789,-1.001352,20.000000
0.759000,18,"LINK_TORSO_YAW",0.632000,0.200000,0.127000,20.000000,0.000000,0.000000,20.000000,0.000000,0.000000,0.000000,0.000000,0.012160,0.000000,0.910900,19.974826,-0.007060,-1.003133,20.000000
0.760000,18,"LINK_TORSO_YAW",0.632000,0.200000,0.128000,20.000000,0.000000,0.000000,20.000000,0.000000,0.000000,0.000000,0.000000,0.012160,0.000000,0.910900,19.974738,-0.011412,-1.004842,20.000000
0.761000,18,"LINK_TORSO_YAW",0.632000,0.200000,0.129000,20.000000,0.000000,0.000000,20.000000,0.000000,0.000000,0.000000,0.000000,0.012160,0.000000,0.910900,19.974650,-0.015660,-1.006542,20.000000
0.762000,18,"LINK_TORSO_YAW",0.632000,0.200000,0.130000,20.000000,0.000000,0.000000,20.000000,0.000000,0.000000,0.000000,0.000000,0.012160,0.000000,0.910900,19.974558,-0.019988,-1.008286,20.000000
0.763000,18,"LINK_TORSO_YAW",0.632000,0.200000,0.131000,20.000000,0.000000,0.000000,20.000000,0.000000,0.000000,0.000000,0.000000,0.012160,0.000000,0.910900,19.974462,-0.024764,-1.010074,20.000000
0.764000,18,"LINK_TORSO_YAW",0.632000,0.200000,0.132000,20.000000,0.000000,0.000000,20.000000,0.000000,0.000000,0.000000,0.000000,0.012160,0.000000,0.910900,19.974359,-0.029348,-1.011991,20.000000
0.765000,18,"LINK_TORSO_YAW",0.632000,0.200000,0.133000,20.000000,0.000000,0.000000,20.000000,0.000000,0.000000,0.000000,0.000000,0.012160,0.000000,0.910900,19.974245,-0.033888,-1.014092,20.000000
0.766000,18,"LINK_TORSO_YAW",0.632000,0.200000,0.134000,20.000000,0.000000,0.000000,20.000000,0.000000,0.000000,0.000000,0.000000,0.012160,0.000000,0.910900,19.974118,-0.038318,-1.016431,20.000000
0.767000,18,"LINK_TORSO_YAW",0.632000,0.200000,0.135000,20.000000,0.000000,0.000000,20.000000,0.000000,0.000000,0.000000,0.000000,0.012160,0.000000,0.910900,19.974007,-0.042660,-1.018444,20.000000
0.768000,18,"LINK_TORSO_YAW",0.632000,0.200000,0.136000,20.000000,0.000000,0.000000,20.000000,0.000000,0.000000,0.000000,0.000000,0.012160,0.000000,0.910900,19.973908,-0.047128,-1.020192,20.000000
0.769000,18,"LINK_TORSO_YAW",0.632000,0.200000,0.137000,20.000000,0.000000,0.000000,20.000000,0.000000,0.000000,0.000000,0.000000,0.012160,0.000000,0.910900,19.973823,-0.051453,-1.021642,20.000000
0.770000,18,"LINK_TORSO_YAW",0.632000,0.200000,0.138000,20.000000,0.000000,0.000000,20.000000,0.000000,0.000000,0.000000,0.000000,0.012160,0.000000,0.910900,19.973750,-0.055620,-1.022847,20.000000
0.771000,18,"LINK_TORSO_YAW",0.632000,0.200000,0.139000,20.000000,0.000000,0.000000,20.000000,0.000000,0.000000,0.000000,0.000000,0.012160,0.000000,0.910900,19.973686,-0.059765,-1.023873,20.000000
0.772000,18,"LINK_TORSO_YAW",0.632000,0.200000,0.140000,20.000000,0.000000,0.000000,20.000000,0.000000,0.000000,0.000000,0.000000,0.012160,0.000000,0.910900,19.973624,-0.064288,-1.024804,20.000000
0.773000,18,"LINK_TORSO_YAW",0.632000,0.200000,0.141000,20.000000,0.000000,0.000000,20.000000,0.000000,0.000000,0.000000,0.000000,0.012160,0.000000,0.910900,19.973563,-0.068651,-1.025708,20.000000
0.774000,18,"LINK_TORSO_YAW",0.632000,0.200000,0.142000,20.000000,0.000000,0.000000,20.000000,0.000000,0.000000,0.000000,0.000000,0.012160,0.000000,0.910900,19.973500,-0.072944,-1.026641,20.000000
0.775000,18,"LINK_TORSO_YAW",0.632000,0.200000,0.143000,20.000000,0.000000,0.000000,20.000000,0.000000,0.000000,0.000000,0.000000,0.012160,0.000000,0.910900,19.973431,-0.077102,-1.027671,20.000000
0.776000,18,"LINK_TORSO_YAW",0.632000,0.200000,0.144000,20.000000,0.000000,0.000000,20.000000,0.000000,0.000000,0.000000,0.000000,0.012160,0.000000,0.910900,19.973363,-0.081007,-1.028688,20.000000
0.777000,18,"LINK_TORSO_YAW",0.632000,0.200000,0.145000,20.000000,0.000000,0.000000,20.000000,0.000000,0.000000,0.000000,0.000000,0.012160,0.000000,0.910900,19.973294,-0.084633,-1.029739,20.000000
0.778000,18,"LINK_TORSO_YAW",0.632000,0.200000,0.146000,20.000000,0.000000,0.000000,20.000000,0.000000,0.000000,0.000000,0.000000,0.012160,0.000000,0.910900,19.973222,-0.088052,-1.030852,20.000000
0.779000,18,"LINK_TORSO_YAW",0.632000,0.200000,0.147000,20.000000,0.000000,0.000000,20.000000,0.000000,0.000000,0.000000,0.000000,0.012160,0.000000,0.910900,19.973176,-0.091287,-1.031467,20.000000
0.780000,18,"LINK_TORSO_YAW",0.632000,0.200000,0.148000,20.000000,0.000000,0.000000,20.000000,0.000000,0.000000,0.000000,0.000000,0.012160,0.000000,0.910900,19.973153,-0.094317,-1.031638,20.000000
0.781000,18,"LINK_TORSO_YAW",0.632000,0.200000,0.149000,20.000000,0.000000,0.000000,20.000000,0.000000,0.000000,0.000000,0.000000,0.012160,0.000000,0.910900,19.973148,-0.097253,-1.031452,20.000000
0.782000,18,"LINK_TORSO_YAW",0.632000,0.200000,0.150000,20.000000,0.000000,0.000000,20.000000,0.000000,0.000000,0.000000,0.000000,0.012160,0.000000,0.910900,19.973161,-0.099994,-1.030947,20.000000
0.783000,18,"LINK_TORSO_YAW",0.632000,0.200000,0.151000,20.000000,0.000000,0.000000,20.000000,0.000000,0.000000,0.000000,0.000000,0.012160,0.000000,0.910900,19.973199,-0.103016,-1.029908,20.000000
0.784000,18,"LINK_TORSO_YAW",0.632000,0.200000,0.152000,20.000000,0.000000,0.000000,20.000000,0.000000,0.000000,0.000000,0.000000,0.012160,0.000000,0.910900,19.973260,-0.105720,-1.028446,20.000000
0.785000,18,"LINK_TORSO_YAW",0.632000,0.200000,0.153000,20.000000,0.000000,0.000000,20.000000,0.000000,0.000000,0.000000,0.000000,0.012160,0.000000,0.910900,19.973340,-0.108241,-1.026633,20.000000
0.786000,18,"LINK_TORSO_YAW",0.632000,0.200000,0.154000,20.000000,0.000000,0.000000,20.000000,0.000000,0.000000,0.000000,0.000000,0.012160,0.000000,0.910900,19.973436,-0.110439,-1.024533,20.000000
0.787000,18,"LINK_TORSO_YAW",0.632000,0.200000,0.155000,20.000000,0.000000,0.000000,20.000000,0.000000,0.000000,0.000000,0.000000,0.012160,0.000000,0.910900,19.973542,-0.112449,-1.022244,20.000000
0.788000,18,"LINK_TORSO_YAW",0.632000,0.200000,0.156000,20.000000,0.000000,0.000000,20.000000,0.000000,0.000000,0.000000,0.000000,0.012160,0.000000,0.910900,19.973658,-0.114170,-1.019772,20.000000
0.789000,18,"LINK_TORSO_YAW",0.632000,0.200000,0.157000,20.000000,0.000000,0.000000,20.000000,0.000000,0.000000,0.000000,0.000000,0.012160,0.000000,0.910900,19.973782,-0.115598,-1.017182,20.000000
0.790000,18,"LINK_TORSO_YAW",0.632000,0.200000,0.158000,20.000000,0.000000,0.000000,20.000000,0.000000,0.000000,0.000000,0.000000,0.012160,0.000000,0.910900,19.973933,-0.116885,-1.014073,20.000000
0.793000,18,"LINK_TORSO_YAW",0.632000,0.200000,0.161000,20.000000,0.000000,0.000000,20.000000,0.000000,0.000000,0.000000,0.000000,0.012160,0.000000,0.910900,19.974515,-0.118820,-1.002308,20.000000
0.797000,18,"LINK_TORSO_YAW",0.632000,0.200000,0.165000,20.000000,0.000000,0.000000,20.000000,0.000000,0.000000,0.000000,0.000000,0.012160,0.000000,0.910900,19.975472,-0.116912,-0.983292,20.000000
0.799000,18,"LINK_TORSO_YAW",0.632000,0.200000,0.167000,20.000000,0.000000,0.000000,20.000000,0.000000,0.000000,0.000000,0.000000,0.012160,0.000000,0.910900,19.975935,-0.113868,-0.974188,20.000000
0.801000,18,"LINK_TORSO_YAW",0.632000,0.200000,0.169000,20.000000,0.000000,0.000000,20.000000,0.000000,0.000000,0.000000,0.000000,0.012160,0.000000,0.910900,19.976354,-0.110235,-0.965991,20.000000
0.802000,18,"LINK_TORSO_YAW",0.632000,0.200000,0.170000,20.000000,0.000000,0.000000,20.000000,0.000000,0.000000,0.000000,0.000000,0.012160,0.000000,0.910900,19.976572,-0.107754,-0.961759,20.000000
0.803000,18,"LINK_TORSO_YAW",0.632000,0.200000,0.171000,20.000000,0.000000,0.000000,20.000000,0.000000,0.000000,0.000000,0.000000,0.012160,0.000000,0.910900,19.976795,-0.105379,-0.957378,20.000000
0.804000,18,"LINK_TORSO_YAW",0.632000,0.200000,0.172000,20.000000,0.000000,0.000000,20.000000,0.000000,0.000000,0.000000,0.000000,0.012160,0.000000,0.910900,19.977017,-0.102643,-0.953020,20.000000
0.805000,18,"LINK_TORSO_YAW",0.632000,0.200000,0.173000,20.000000,0.000000,0.000000,20.000000,0.000000,0.000000,0.000000,0.000000,0.012160,0.000000,0.910900,19.977238,-0.099500,-0.948717,20.000000
0.806000,18,"LINK_TORSO_YAW",0.632000,0.200000,0.174000,20.000000,0.000000,0.000000,20.000000,0.000000,0.000000,0.000000,0.000000,0.012160,0.000000,0.910900,19.977455,-0.095958,-0.944502,20.000000
0.807000,18,"LINK_TORSO_YAW",0.632000,0.200000,0.175000,20.000000,0.000000,0.000000,20.000000,0.000000,0.000000,0.000000,0.000000,0.012160,0.000000,0.910900,19.977666,-0.092027,-0.940414,20.000000
0.808000,18,"LINK_TORSO_YAW",0.632000,0.200000,0.176000,20.000000,0.000000,0.000000,20.000000,0.000000,0.000000,0.000000,0.000000,0.012160,0.000000,0.910900,19.977870,-0.087717,-0.936494,20.000000
0.809000,18,"LINK_TORSO_YAW",0.632000,0.200000,0.177000,20.000000,0.000000,0.000000,20.000000,0.000000,0.000000,0.000000,0.000000,0.012160,0.000000,0.910900,19.978062,-0.083501,-0.932770,20.000000
0.810000,18,"LINK_TORSO_YAW",0.632000,0.200000,0.178000,20.000000,0.000000,0.000000,20.000000,0.000000,0.000000,0.000000,0.000000,0.012160,0.000000,0.910900,19.978242,-0.078926,-0.929312,20.000000
0.811000,18,"LINK_TORSO_YAW",0.632000,0.200000,0.179000,20.000000,0.000000,0.000000,20.000000,0.000000,0.000000,0.000000,0.000000,0.012160,0.000000,0.910900,19.978396,-0.073976,-0.926406,20.000000
0.812000,18,"LINK_TORSO_YAW",0.632000,0.200000,0.180000,20.000000,0.000000,0.000000,20.000000,0.000000,0.000000,0.000000,0.000000,0.012160,0.000000,0.910900,19.978522,-0.069301,-0.924052,20.000000
0.813000,18,"LINK_TORSO_YAW",0.632000,0.200000,0.181000,20.000000,0.000000,0.000000,20.000000,0.000000,0.000000,0.000000,0.000000,0.012160,0.000000,0.910900,19.978619,-0.064269,-0.922315,20.000000
0.814000,18,"LINK_TORSO_YAW",0.632000,0.200000,0.182000,20.000000,0.000000,0.000000,20.000000,0.000000,0.000000,0.000000,0.000000,0.012160,0.000000,0.910900,19.978716,-0.059411,-0.920536,20.000000
0.815000,18,"LINK_TORSO_YAW",0.632000,0.200000,0.183000,20.000000,0.000000,0.000000,20.000000,0.000000,0.000000,0.000000,0.000000,0.012160,0.000000,0.910900,19.978811,-0.054320,-0.918780,20.000000
0.816000,18,"LINK_TORSO_YAW",0.632000,0.200000,0.184000,20.000000,0.000000,0.000000,20.000000,0.000000,0.000000,0.000000,0.000000,0.012160,0.000000,0.910900,19.978902,-0.048964,-0.917103,20.000000
0.817000,18,"LINK_TORSO_YAW",0.632000,0.200000,0.185000,20.000000,0.000000,0.000000,20.000000,0.000000,0.000000,0.000000,0.000000,0.012160,0.000000,0.910900,19.978986,-0.043391,-0.915556,20.000000
0.818000,18,"LINK_TORSO_YAW",0.632000,0.200000,0.186000,20.000000,0.000000,0.000000,20.000000,0.000000,0.000000,0.000000,0.000000,0.012160,0.000000,0.910900,19.979055,-0.037454,-0.914318,20.000000
0.819000,18,"LINK_TORSO_YAW",0.632000,0.200000,0.187000,20.000000,0.000000,0.000000,20.000000,0.000000,0.000000,0.000000,0.000000,0.012160,0.000000,0.910900,19.979105,-0.031634,-0.913439,20.000000
0.820000,18,"LINK_TORSO_YAW",0.632000,0.200000,0.188000,20.000000,0.000000,0.000000,20.000000,0.000000,0.000000,0.000000,0.000000,0.012160,0.000000,0.910900,19.979135,-0.025617,-0.912974,20.000000
0.821000,18,"LINK_TORSO_YAW",0.632000,0.200000,0.189000,20.000000,0.000000,0.000000,20.000000,0.000000,0.000000,0.000000,0.000000,0.012160,0.000000,0.910900,19.979142,-0.019462,-0.912967,20.000000
0.822000,18,"LINK_TORSO_YAW",0.632000,0.200000,0.190000,20.000000,0.000000,0.000000,20.000000,0.000000,0.000000,0.000000,0.000000,0.012160,0.000000,0.910900,19.979125,-0.013429,-0.913450,20.000000
0.823000,18,"LINK_TORSO_YAW",0.632000,0.200000,0.191000,20.000000,0.000000,0.000000,20.000000,0.000000,0.000000,0.000000,0.000000,0.012160,0.000000,0.910900,19.979082,-0.007075,-0.914458,20.000000
0.824000,18,"LINK_TORSO_YAW",0.632000,0.200000,0.192000,20.000000,0.000000,0.000000,20.000000,0.000000,0.000000,0.000000,0.000000,0.012160,0.000000,0.910900,19.979010,-0.000614,-0.916047,20.000000
0.825000,18,"LINK_TORSO_YAW",0.632000,0.200000,0.193000,20.000000,0.000000,0.000000,20.000000,0.000000,0.000000,0.000000,0.000000,0.012160,0.000000,0.910900,19.978932,0.005662,-0.917734,20.000000
0.826000,18,"LINK_TORSO_YAW",0.632000,0.200000,0.194000,20.000000,0.000000,0.000000,20.000000,0.000000,0.000000,0.000000,0.000000,0.012160,0.000000,0.910900,19.978846,0.012207,-0.919555,20.000000
0.827000,18,"LINK_TORSO_YAW",0.632000,0.200000,0.195000,20.000000,0.000000,0.000000,20.000000,0.000000,0.000000,0.000000,0.000000,0.012160,0.000000,0.910900,19.978748,0.018612,-0.921561,20.000000
0.828000,18,"LINK_TORSO_YAW",0.632000,0.200000,0.196000,20.000000,0.000000,0.000000,20.000000,0.000000,0.000000,0.000000,0.000000,0.012160,0.000000,0.910900,19.978638,0.025063,-0.923805,20.000000
0.829000,18,"LINK_TORSO_YAW",0.632000,0.200000,0.197000,20.000000,0.000000,0.000000,20.000000,0.000000,0.000000,0.000000,0.000000,0.012160,0.000000,0.910900,19.978513,0.031597,-0.926302,20.000000
0.830000,18,"LINK_TORSO_YAW",0.632000,0.200000,0.198000,20.000000,0.000000,0.000000,20.000000,0.000000,0.000000,0.000000,0.000000,0.012160,0.000000,0.910900,19.978370,0.038155,-0.929126,20.000000
0.831000,18,"LINK_TORSO_YAW",0.632000,0.200000,0.199000,20.000000,0.000000,0.000000,20.000000,0.000000,0.000000,0.000000,0.000000,0.012160,0.000000,0.910900,19.978208,0.044642,-0.932306,20.000000
0.832000,18,"LINK_TORSO_YAW",0.632000,0.200000,0.200000,20.000000,0.000000,0.000000,20.000000,0.000000,0.000000,0.000000,0.000000,0.012160,0.000000,0.910900,19.978023,0.051358,-0.935934,20.000000
0.833000,19,"LINK_TORSO_YAW",0.832000,0.200000,0.001000,20.000000,0.000000,0.000000,20.000000,0.000000,0.000000,0.000000,0.000000,0.012160,0.000000,0.910900,19.977811,0.058052,-0.940047,20.000000
0.834000,19,"LINK_TORSO_YAW",0.832000,0.200000,0.002000,20.000000,0.000000,0.000000,20.000000,0.000000,0.000000,0.000000,0.000000,0.012160,0.000000,0.910900,19.977571,0.064756,-0.944700,20.000000
0.835000,19,"LINK_TORSO_YAW",0.832000,0.200000,0.003000,20.000000,0.000000,0.000000,20.000000,0.000000,0.000000,0.000000,0.000000,0.012160,0.000000,0.910900,19.977301,0.071629,-0.949905,20.000000
0.836000,19,"LINK_TORSO_YAW",0.832000,0.200000,0.004000,20.000000,0.000000,0.000000,20.000000,0.000000,0.000000,0.000000,0.000000,0.012160,0.000000,0.910900,19.977027,0.078470,-0.955117,20.000000
0.837000,19,"LINK_TORSO_YAW",0.832000,0.200000,0.005000,20.000000,0.000000,0.000000,20.000000,0.000000,0.000000,0.000000,0.000000,0.012160,0.000000,0.910900,19.976747,0.085192,-0.960370,20.000000
0.838000,19,"LINK_TORSO_YAW",0.832000,0.200000,0.006000,20.000000,0.000000,0.000000,20.000000,0.000000,0.000000,0.000000,0.000000,0.012160,0.000000,0.910900,19.976463,0.092097,-0.965639,20.000000
0.839000,19,"LINK_TORSO_YAW",0.832000,0.200000,0.007000,20.000000,0.000000,0.000000,20.000000,0.000000,0.000000,0.000000,0.000000,0.012160,0.000000,0.910900,19.976171,0.098948,-0.970972,20.000000
0.840000,19,"LINK_TORSO_YAW",0.832000,0.200000,0.008000,20.000000,0.000000,0.000000,20.000000,0.000000,0.000000,0.000000,0.000000,0.012160,0.000000,0.910900,19.975870,0.105750,-0.976437,20.000000
0.841000,19,"LINK_TORSO_YAW",0.832000,0.200000,0.009000,20.000000,0.000000,0.000000,20.000000,0.000000,0.000000,0.000000,0.000000,0.012160,0.000000,0.910900,19.975557,0.112491,-0.982081,20.000000
0.842000,19,"LINK_TORSO_YAW",0.832000,0.200000,0.010000,20.000000,0.000000,0.000000,20.000000,0.000000,0.000000,0.000000,0.000000,0.012160,0.000000,0.910900,19.975229,0.119372,-0.987913,20.000000
0.843000,19,"LINK_TORSO_YAW",0.832000,0.200000,0.011000,20.000000,0.000000,0.000000,20.000000,0.000000,0.000000,0.000000,0.000000,0.012160,0.000000,0.910900,19.974885,0.126169,-0.994016,20.000000
0.844000,19,"LINK_TORSO_YAW",0.832000,0.200000,0.012000,20.000000,0.000000,0.000000,20.000000,0.000000,0.000000,0.000000,0.000000,0.012160,0.000000,0.910900,19.974520,0.132868,-1.000440,20.000000
0.845000,19,"LINK_TORSO_YAW",0.832000,0.200000,0.013000,20.000000,0.000000,0.000000,20.000000,0.000000,0.000000,0.000000,0.000000,0.012160,0.000000,0.910900,19.974133,0.139696,-1.007222,20.000000
0.846000,19,"LINK_TORSO_YAW",0.832000,0.200000,0.014000,20.000000,0.000000,0.000000,20.000000,0.000000,0.000000,0.000000,0.000000,0.012160,0.000000,0.910900,19.973726,0.146409,-1.014320,20.000000
0.847000,19,"LINK_TORSO_YAW",0.832000,0.200000,0.015000,20.000000,0.000000,0.000000,20.000000,0.000000,0.000000,0.000000,0.000000,0.012160,0.000000,0.910900,19.973295,0.153006,-1.021802,20.000000
0.848000,19,"LINK_TORSO_YAW",0.832000,0.200000,0.016000,20.000000,0.000000,0.000000,20.000000,0.000000,0.000000,0.000000,0.000000,0.012160,0.000000,0.910900,19.972871,0.159667,-1.029047,20.000000
0.849000,19,"LINK_TORSO_YAW",0.832000,0.200000,0.017000,20.000000,0.000000,0.000000,20.000000,0.000000,0.000000,0.000000,0.000000,0.012160,0.000000,0.910900,19.972452,0.166154,-1.036124,20.000000
0.850000,19,"LINK_TORSO_YAW",0.832000,0.200000,0.018000,20.000000,0.000000,0.000000,20.000000,0.000000,0.000000,0.000000,0.000000,0.012160,0.000000,0.910900,19.972038,0.172436,-1.043056,20.000000
0.851000,19,"LINK_TORSO_YAW",0.832000,0.200000,0.019000,20.000000,0.000000,0.000000,20.000000,0.000000,0.000000,0.000000,0.000000,0.012160,0.000000,0.910900,19.971623,0.178821,-1.049912,20.000000
0.852000,19,"LINK_TORSO_YAW",0.832000,0.200000,0.020000,20.000000,0.000000,0.000000,20.000000,0.000000,0.000000,0.000000,0.000000,0.012160,0.000000,0.910900,19.971210,0.185002,-1.056664,20.000000
0.853000,19,"LINK_TORSO_YAW",0.832000,0.200000,0.021000,20.000000,0.000000,0.000000,20.000000,0.000000,0.000000,0.000000,0.000000,0.012160,0.000000,0.910900,19.970798,0.190972,-1.063369,20.000000
0.854000,19,"LINK_TORSO_YAW",0.832000,0.200000,0.022000,20.000000,0.000000,0.000000,20.000000,0.000000,0.000000,0.000000,0.000000,0.012160,0.000000,0.910900,19.970383,0.197001,-1.070050,20.000000
0.855000,19,"LINK_TORSO_YAW",0.832000,0.200000,0.023000,20.000000,0.000000,0.000000,20.000000,0.000000,0.000000,0.000000,0.000000,0.012160,0.000000,0.910900,19.969962,0.202802,-1.076797,20.000000
0.856000,19,"LINK_TORSO_YAW",0.832000,0.200000,0.024000,20.000000,0.000000,0.000000,20.000000,0.000000,0.000000,0.000000,0.000000,0.012160,0.000000,0.910900,19.969533,0.208368,-1.083665,20.000000
0.857000,19,"LINK_TORSO_YAW",0.832000,0.200000,0.025000,20.000000,0.000000,0.000000,20.000000,0.000000,0.000000,0.000000,0.000000,0.012160,0.000000,0.910900,19.969092,0.214002,-1.090682,20.000000
0.858000,19,"LINK_TORSO_YAW",0.832000,0.200000,0.026000,20.000000,0.000000,0.000000,20.000000,0.000000,0.000000,0.000000,0.000000,0.012160,0.000000,0.910900,19.968641,0.219404,-1.097828,20.000000
0.859000,19,"LINK_TORSO_YAW",0.832000,0.200000,0.027000,20.000000,0.000000,0.000000,20.000000,0.000000,0.000000,0.000000,0.000000,0.012160,0.000000,0.910900,19.968213,0.224570,-1.104548,20.000000
0.860000,19,"LINK_TORSO_YAW",0.832000,0.200000,0.028000,20.000000,0.000000,0.000000,20.000000,0.000000,0.000000,0.000000,0.000000,0.012160,0.000000,0.910900,19.967805,0.229549,-1.110887,20.000000
0.861000,19,"LINK_TORSO_YAW",0.832000,0.200000,0.029000,20.000000,0.000000,0.000000,20.000000,0.000000,0.000000,0.000000,0.000000,0.012160,0.000000,0.910900,19.967410,0.234640,-1.116914,20.000000
0.862000,19,"LINK_TORSO_YAW",0.832000,0.200000,0.030000,20.000000,0.000000,0.000000,20.000000,0.000000,0.000000,0.000000,0.000000,0.012160,0.000000,0.910900,19.967026,0.239538,-1.122717,20.000000
0.863000,19,"LINK_TORSO_YAW",0.832000,0.200000,0.031000,20.000000,0.000000,0.000000,20.000000,0.000000,0.000000,0.000000,0.000000,0.012160,0.000000,0.910900,19.966653,0.244148,-1.128340,20.000000
0.864000,19,"LINK_TORSO_YAW",0.832000,0.200000,0.032000,20.000000,0.000000,0.000000,20.000000,0.000000,0.000000,0.000000,0.000000,0.012160,0.000000,0.910900,19.966287,0.248472,-1.133857,20.000000
0.865000,19,"LINK_TORSO_YAW",0.832000,0.200000,0.033000,20.000000,0.000000,0.000000,20.000000,0.000000,0.000000,0.000000,0.000000,0.012160,0.000000,0.910900,19.965926,0.252837,-1.139236,20.000000
0.866000,19,"LINK_TORSO_YAW",0.832000,0.200000,0.034000,20.000000,0.000000,0.000000,20.000000,0.000000,0.000000,0.000000,0.000000,0.012160,0.000000,0.910900,19.965571,0.256937,-1.144535,20.000000
0.867000,19,"LINK_TORSO_YAW",0.832000,0.200000,0.035000,20.000000,0.000000,0.000000,20.000000,0.000000,0.000000,0.000000,0.000000,0.012160,0.000000,0.910900,19.965218,0.260721,-1.149831,20.000000
0.868000,19,"LINK_TORSO_YAW",0.832000,0.200000,0.036000,20.000000,0.000000,0.000000,20.000000,0.000000,0.000000,0.000000,0.000000,0.012160,0.000000,0.910900,19.964859,0.264508,-1.155176,20.000000
0.869000,19,"LINK_TORSO_YAW",0.832000,0.200000,0.037000,20.000000,0.000000,0.000000,20.000000,0.000000,0.000000,0.000000,0.000000,0.012160,0.000000,0.910900,19.964497,0.268021,-1.160621,20.000000
0.870000,19,"LINK_TORSO_YAW",0.832000,0.200000,0.038000,20.000000,0.000000,0.000000,20.000000,0.000000,0.000000,0.000000,0.000000,0.012160,0.000000,0.910900,19.964162,0.271270,-1.165617,20.000000
0.871000,19,"LINK_TORSO_YAW",0.832000,0.200000,0.039000,20.000000,0.000000,0.000000,20.000000,0.000000,0.000000,0.000000,0.000000,0.012160,0.000000,0.910900,19.963846,0.274582,-1.170230,20.000000
0.872000,19,"LINK_TORSO_YAW",0.832000,0.200000,0.040000,20.000000,0.000000,0.000000,20.000000,0.000000,0.000000,0.000000,0.000000,0.012160,0.000000,0.910900,19.963554,0.277562,-1.174511,20.000000
0.873000,19,"LINK_TORSO_YAW",0.832000,0.200000,0.041000,20.000000,0.000000,0.000000,20.000000,0.000000,0.000000,0.000000,0.000000,0.012160,0.000000,0.910900,19.963281,0.280234,-1.178511,20.000000
0.874000,19,"LINK_TORSO_YAW",0.832000,0.200000,0.042000,20.000000,0.000000,0.000000,20.000000,0.000000,0.000000,0.000000,0.000000,0.012160,0.000000,0.910900,19.963019,0.282945,-1.182296,20.000000
0.875000,19,"LINK_TORSO_YAW",0.832000,0.200000,0.043000,20.000000,0.000000,0.000000,20.000000,0.000000,0.000000,0.000000,0.000000,0.012160,0.000000,0.910900,19.962769,0.285317,-1.185944,20.000000
0.876000,19,"LINK_TORSO_YAW",0.832000,0.200000,0.044000,20.000000,0.000000,0.000000,20.000000,0.000000,0.000000,0.000000,0.000000,0.012160,0.000000,0.910900,19.962526,0.287427,-1.189517,20.000000
0.877000,19,"LINK_TORSO_YAW",0.832000,0.200000,0.045000,20.000000,0.000000,0.000000,20.000000,0.000000,0.000000,0.000000,0.000000,0.012160,0.000000,0.910900,19.962284,0.289551,-1.193050,20.000000
0.878000,19,"LINK_TORSO_YAW",0.832000,0.200000,0.046000,20.000000,0.000000,0.000000,20.000000,0.000000,0.000000,0.000000,0.000000,0.012160,0.000000,0.910900,19.962045,0.291295,-1.196623,20.000000
0.879000,19,"LINK_TORSO_YAW",0.832000,0.200000,0.047000,20.000000,0.000000,0.000000,20.000000,0.000000,0.000000,0.000000,0.000000,0.012160,0.000000,0.910900,19.961804,0.292667,-1.200302,20.000000
0.880000,19,"LINK_TORSO_YAW",0.832000,0.200000,0.048000,20.000000,0.000000,0.000000,20.000000,0.000000,0.000000,0.000000,0.000000,0.012160,0.000000,0.910900,19.961554,0.294041,-1.204124,20.000000
0.881000,19,"LINK_TORSO_YAW",0.832000,0.200000,0.049000,20.000000,0.000000,0.000000,20.000000,0.000000,0.000000,0.000000,0.000000,0.012160,0.000000,0.910900,19.961331,0.295090,-1.207551,20.000000
0.882000,19,"LINK_TORSO_YAW",0.832000,0.200000,0.050000,20.000000,0.000000,0.000000,20.000000,0.000000,0.000000,0.000000,0.000000,0.012160,0.000000,0.910900,19.961133,0.295854,-1.210641,20.000000
0.883000,19,"LINK_TORSO_YAW",0.832000,0.200000,0.051000,20.000000,0.000000,0.000000,20.000000,0.000000,0.000000,0.000000,0.000000,0.012160,0.000000,0.910900,19.960949,0.296689,-1.213464,20.000000
0.884000,19,"LINK_TORSO_YAW",0.832000,0.200000,0.052000,20.000000,0.000000,0.000000,20.000000,0.000000,0.000000,0.000000,0.000000,0.012160,0.000000,0.910900,19.960782,0.297231,-1.216080,20.000000
0.885000,19,"LINK_TORSO_YAW",0.832000,0.200000,0.053000,20.000000,0.000000,0.000000,20.000000,0.000000,0.000000,0.000000,0.000000,0.012160,0.000000,0.910900,19.960624,0.297461,-1.218601,20.000000
0.886000,19,"LINK_TORSO_YAW",0.832000,0.200000,0.054000,20.000000,0.000000,0.000000,20.000000,0.000000,0.000000,0.000000,0.000000,0.012160,0.000000,0.910900,19.960469,0.297819,-1.221064,20.000000
0.887000,19,"LINK_TORSO_YAW",0.832000,0.200000,0.055000,20.000000,0.000000,0.000000,20.000000,0.000000,0.000000,0.000000,0.000000,0.012160,0.000000,0.910900,19.960315,0.297917,-1.223547,20.000000
0.888000,19,"LINK_TORSO_YAW",0.832000,0.200000,0.056000,20.000000,0.000000,0.000000,20.000000,0.000000,0.000000,0.000000,0.000000,0.012160,0.000000,0.910900,19.960161,0.297681,-1.226108,20.000000
0.889000,19,"LINK_TORSO_YAW",0.832000,0.200000,0.057000,20.000000,0.000000,0.000000,20.000000,0.000000,0.000000,0.000000,0.000000,0.012160,0.000000,0.910900,19.959999,0.297585,-1.228779,20.000000
0.890000,19,"LINK_TORSO_YAW",0.832000,0.200000,0.058000,20.000000,0.000000,0.000000,20.000000,0.000000,0.000000,0.000000,0.000000,0.012160,0.000000,0.910900,19.959828,0.297233,-1.231635,20.000000
0.891000,19,"LINK_TORSO_YAW",0.832000,0.200000,0.059000,20.000000,0.000000,0.000000,20.000000,0.000000,0.000000,0.000000,0.000000,0.012160,0.000000,0.910900,19.959646,0.296576,-1.234738,20.000000
0.892000,19,"LINK_TORSO_YAW",0.832000,0.200000,0.060000,20.000000,0.000000,0.000000,20.000000,0.000000,0.000000,0.000000,0.000000,0.012160,0.000000,0.910900,19.959478,0.296094,-1.237557,20.000000
0.893000,19,"LINK_TORSO_YAW",0.832000,0.200000,0.061000,20.000000,0.000000,0.000000,20.000000,0.000000,0.000000,0.000000,0.000000,0.012160,0.000000,0.910900,19.959328,0.295365,-1.240162,20.000000
0.894000,19,"LINK_TORSO_YAW",0.832000,0.200000,0.062000,20.000000,0.000000,0.000000,20.000000,0.000000,0.000000,0.000000,0.000000,0.012160,0.000000,0.910900,19.959194,0.294460,-1.242527,20.000000
0.895000,19,"LINK_TORSO_YAW",0.832000,0.200000,0.063000,20.000000,0.000000,0.000000,20.000000,0.000000,0.000000,0.000000,0.000000,0.012160,0.000000,0.910900,19.959065,0.293539,-1.244807,20.000000
0.896000,19,"LINK_TORSO_YAW",0.832000,0.200000,0.064000,20.000000,0.000000,0.000000,20.000000,0.000000,0.000000,0.000000,0.000000,0.012160,0.000000,0.910900,19.958942,0.292424,-1.247042,20.000000
0.897000,19,"LINK_TORSO_YAW",0.832000,0.200000,0.065000,20.000000,0.000000,0.000000,20.000000,0.000000,0.000000,0.000000,0.000000,0.012160,0.000000,0.910900,19.958821,0.291067,-1.249295,20.000000
0.898000,19,"LINK_TORSO_YAW",0.832000,0.200000,0.066000,20.000000,0.000000,0.000000,20.000000,0.000000,0.000000,0.000000,0.000000,0.012160,0.000000,0.910900,19.958690,0.289845,-1.251680,20.000000
0.899000,19,"LINK_TORSO_YAW",0.832000,0.200000,0.067000,20.000000,0.000000,0.000000,20.000000,0.000000,0.000000,0.000000,0.000000,0.012160,0.000000,0.910900,19.958549,0.288396,-1.254255,20.000000
0.900000,19,"LINK_TORSO_YAW",0.832000,0.200000,0.068000,20.000000,0.000000,0.000000,20.000000,0.000000,0.000000,0.000000,0.000000,0.012160,0.000000,0.910900,19.958396,0.286665,-1.257075,20.000000
0.901000,19,"LINK_TORSO_YAW",0.832000,0.200000,0.069000,20.000000,0.000000,0.000000,20.000000,0.000000,0.000000,0.000000,0.000000,0.012160,0.000000,0.910900,19.958223,0.285178,-1.260167,20.000000
0.902000,19,"LINK_TORSO_YAW",0.832000,0.200000,0.070000,20.000000,0.000000,0.000000,20.000000,0.000000,0.000000,0.000000,0.000000,0.012160,0.000000,0.910900,19.958030,0.283459,-1.263596,20.000000
0.903000,19,"LINK_TORSO_YAW",0.832000,0.200000,0.071000,20.000000,0.000000,0.000000,20.000000,0.000000,0.000000,0.000000,0.000000,0.012160,0.000000,0.910900,19.957855,0.281535,-1.266791,20.000000
0.904000,19,"LINK_TORSO_YAW",0.832000,0.200000,0.072000,20.000000,0.000000,0.000000,20.000000,0.000000,0.000000,0.000000,0.000000,0.012160,0.000000,0.910900,19.957689,0.279676,-1.269813,20.000000
0.905000,19,"LINK_TORSO_YAW",0.832000,0.200000,0.073000,20.000000,0.000000,0.000000,20.000000,0.000000,0.000000,0.000000,0.000000,0.012160,0.000000,0.910900,19.957532,0.277690,-1.272717,20.000000
0.906000,19,"LINK_TORSO_YAW",0.832000,0.200000,0.074000,20.000000,0.000000,0.000000,20.000000,0.000000,0.000000,0.000000,0.000000,0.012160,0.000000,0.910900,19.957380,0.275517,-1.275567,20.000000
0.907000,19,"LINK_TORSO_YAW",0.832000,0.200000,0.075000,20.000000,0.000000,0.000000,20.000000,0.000000,0.000000,0.000000,0.000000,0.012160,0.000000,0.910900,19.957226,0.273491,-1.278410,20.000000
0.908000,19,"LINK_TORSO_YAW",0.832000,0.200000,0.076000,20.000000,0.000000,0.000000,20.000000,0.000000,0.000000,0.000000,0.000000,0.012160,0.000000,0.910900,19.957071,0.271211,-1.281307,20.000000
0.909000,19,"LINK_TORSO_YAW",0.832000,0.200000,0.077000,20.000000,0.000000,0.000000,20.000000,0.000000,0.000000,0.000000,0.000000,0.012160,0.000000,0.910900,19.956911,0.268844,-1.284297,20.000000
0.910000,19,"LINK_TORSO_YAW",0.832000,0.200000,0.078000,20.000000,0.000000,0.000000,20.000000,0.000000,0.000000,0.000000,0.000000,0.012160,0.000000,0.910900,19.956743,0.266320,-1.287438,20.000000
0.911000,19,"LINK_TORSO_YAW",0.832000,0.200000,0.079000,20.000000,0.000000,0.000000,20.000000,0.000000,0.000000,0.000000,0.000000,0.012160,0.000000,0.910900,19.956559,0.263950,-1.290775,20.000000
0.912000,19,"LINK_TORSO_YAW",0.832000,0.200000,0.080000,20.000000,0.000000,0.000000,20.000000,0.000000,0.000000,0.000000,0.000000,0.012160,0.000000,0.910900,19.956355,0.261496,-1.294411,20.000000
0.913000,19,"LINK_TORSO_YAW",0.832000,0.200000,0.081000,20.000000,0.000000,0.000000,20.000000,0.000000,0.000000,0.000000,0.000000,0.012160,0.000000,0.910900,19.956130,0.258880,-1.298400,20.000000
0.914000,19,"LINK_TORSO_YAW",0.832000,0.200000,0.082000,20.000000,0.000000,0.000000,20.000000,0.000000,0.000000,0.000000,0.000000,0.012160,0.000000,0.910900,19.955922,0.256016,-1.302171,20.000000
0.915000,19,"LINK_TORSO_YAW",0.832000,0.200000,0.083000,20.000000,0.000000,0.000000,20.000000,0.000000,0.000000,0.000000,0.000000,0.012160,0.000000,0.910900,19.955720,0.253463,-1.305756,20.000000
0.916000,19,"LINK_TORSO_YAW",0.832000,0.200000,0.084000,20.000000,0.000000,0.000000,20.000000,0.000000,0.000000,0.000000,0.000000,0.012160,0.000000,0.910900,19.955527,0.250748,-1.309218,20.000000
0.917000,19,"LINK_TORSO_YAW",0.832000,0.200000,0.085000,20.000000,0.000000,0.000000,20.000000,0.000000,0.000000,0.000000,0.000000,0.012160,0.000000,0.910900,19.955341,0.247795,-1.312616,20.000000
0.918000,19,"LINK_TORSO_YAW",0.832000,0.200000,0.086000,20.000000,0.000000,0.000000,20.000000,0.000000,0.000000,0.000000,0.000000,0.012160,0.000000,0.910900,19.955160,0.244907,-1.315909,20.000000
0.919000,19,"LINK_TORSO_YAW",0.832000,0.200000,0.087000,20.000000,0.000000,0.000000,20.000000,0.000000,0.000000,0.000000,0.000000,0.012160,0.000000,0.910900,19.954976,0.241803,-1.319271,20.000000
0.920000,19,"LINK_TORSO_YAW",0.832000,0.200000,0.088000,20.000000,0.000000,0.000000,20.000000,0.000000,0.000000,0.000000,0.000000,0.012160,0.000000,0.910900,19.954779,0.239134,-1.322722,20.000000
0.921000,19,"LINK_TORSO_YAW",0.832000,0.200000,0.089000,20.000000,0.000000,0.000000,20.000000,0.000000,0.000000,0.000000,0.000000,0.012160,0.000000,0.910900,19.954573,0.236270,-1.326342,20.000000
0.922000,19,"LINK_TORSO_YAW",0.832000,0.200000,0.090000,20.000000,0.000000,0.000000,20.000000,0.000000,0.000000,0.000000,0.000000,0.012160,0.000000,0.910900,19.954352,0.233412,-1.330167,20.000000
0.923000,19,"LINK_TORSO_YAW",0.832000,0.200000,0.091000,20.000000,0.000000,0.000000,20.000000,0.000000,0.000000,0.000000,0.000000,0.012160,0.000000,0.910900,19.954114,0.230395,-1.334255,20.000000
0.924000,19,"LINK_TORSO_YAW",0.832000,0.200000,0.092000,20.000000,0.000000,0.000000,20.000000,0.000000,0.000000,0.000000,0.000000,0.012160,0.000000,0.910900,19.953855,0.227411,-1.338641,20.000000
0.925000,19,"LINK_TORSO_YAW",0.832000,0.200000,0.093000,20.000000,0.000000,0.000000,20.000000,0.000000,0.000000,0.000000,0.000000,0.012160,0.000000,0.910900,19.953568,0.224699,-1.343362,20.000000
0.926000,19,"LINK_TORSO_YAW",0.832000,0.200000,0.094000,20.000000,0.000000,0.000000,20.000000,0.000000,0.000000,0.000000,0.000000,0.012160,0.000000,0.910900,19.953299,0.221994,-1.347808,20.000000
0.927000,19,"LINK_TORSO_YAW",0.832000,0.200000,0.095000,20.000000,0.000000,0.000000,20.000000,0.000000,0.000000,0.000000,0.000000,0.012160,0.000000,0.910900,19.953044,0.219085,-1.352052,20.000000
0.928000,19,"LINK_TORSO_YAW",0.832000,0.200000,0.096000,20.000000,0.000000,0.000000,20.000000,0.000000,0.000000,0.000000,0.000000,0.012160,0.000000,0.910900,19.952798,0.216179,-1.356134,20.000000
0.929000,19,"LINK_TORSO_YAW",0.832000,0.200000,0.097000,20.000000,0.000000,0.000000,20.000000,0.000000,0.000000,0.000000,0.000000,0.012160,0.000000,0.910900,19.952561,0.213082,-1.360119,20.000000
0.930000,19,"LINK_TORSO_YAW",0.832000,0.200000,0.098000,20.000000,0.000000,0.000000,20.000000,0.000000,0.000000,0.000000,0.000000,0.012160,0.000000,0.910900,19.952322,0.210330,-1.364041,20.000000
0.931000,19,"LINK_TORSO_YAW",0.832000,0.200000,0.099000,20.000000,0.000000,0.000000,20.000000,0.000000,0.000000,0.000000,0.000000,0.012160,0.000000,0.910900,19.952082,0.207719,-1.367949,20.000000
0.932000,19,"LINK_TORSO_YAW",0.832000,0.200000,0.100000,20.000000,0.000000,0.000000,20.000000,0.000000,0.000000,0.000000,0.000000,0.012160,0.000000,0.910900,19.951835,0.205097,-1.371935,20.000000
0.933000,19,"LINK_TORSO_YAW",0.832000,0.200000,0.101000,20.000000,0.000000,0.000000,20.000000,0.000000,0.000000,0.000000,0.000000,0.012160,0.000000,0.910900,19.951580,0.202336,-1.376053,20.000000
0.934000,19,"LINK_TORSO_YAW",0.832000,0.200000,0.102000,20.000000,0.000000,0.000000,20.000000,0.000000,0.000000,0.000000,0.000000,0.012160,0.000000,0.910900,19.951315,0.199579,-1.380291,20.000000
0.935000,19,"LINK_TORSO_YAW",0.832000,0.200000,0.103000,20.000000,0.000000,0.000000,20.000000,0.000000,0.000000,0.000000,0.000000,0.012160,0.000000,0.910900,19.951032,0.197028,-1.384741,20.000000
0.936000,19,"LINK_TORSO_YAW",0.832000,0.200000,0.104000,20.000000,0.000000,0.000000,20.000000,0.000000,0.000000,0.000000,0.000000,0.012160,0.000000,0.910900,19.950729,0.194462,-1.389464,20.000000
0.937000,19,"LINK_TORSO_YAW",0.832000,0.200000,0.105000,20.000000,0.000000,0.000000,20.000000,0.000000,0.000000,0.000000,0.000000,0.012160,0.000000,0.910900,19.950441,0.192257,-1.393890,20.000000
0.938000,19,"LINK_TORSO_YAW",0.832000,0.200000,0.106000,20.000000,0.000000,0.000000,20.000000,0.000000,0.000000,0.000000,0.000000,0.012160,0.000000,0.910900,19.950170,0.189889,-1.398091,20.000000
0.939000,19,"LINK_TORSO_YAW",0.832000,0.200000,0.107000,20.000000,0.000000,0.000000,20.000000,0.000000,0.000000,0.000000,0.000000,0.012160,0.000000,0.910900,19.949909,0.187708,-1.402100,20.000000
0.940000,19,"LINK_TORSO_YAW",0.832000,0.200000,0.108000,20.000000,0.000000,0.000000,20.000000,0.000000,0.000000,0.000000,0.000000,0.012160,0.000000,0.910900,19.949657,0.185389,-1.405995,20.000000
0.941000,19,"LINK_TORSO_YAW",0.832000,0.200000,0.109000,20.000000,0.000000,0.000000,20.000000,0.000000,0.000000,0.000000,0.000000,0.012160,0.000000,0.910900,19.949409,0.182940,-1.409828,20.000000
0.942000,19,"LINK_TORSO_YAW",0.832000,0.200000,0.110000,20.000000,0.000000,0.000000,20.000000,0.000000,0.000000,0.000000,0.000000,0.012160,0.000000,0.910900,19.949160,0.180751,-1.413630,20.000000
0.943000,19,"LINK_TORSO_YAW",0.832000,0.200000,0.111000,20.000000,0.000000,0.000000,20.000000,0.000000,0.000000,0.000000,0.000000,0.012160,0.000000,0.910900,19.948904,0.179013,-1.417451,20.000000
0.944000,19,"LINK_TORSO_YAW",0.832000,0.200000,0.112000,20.000000,0.000000,0.000000,20.000000,0.000000,0.000000,0.000000,0.000000,0.012160,0.000000,0.910900,19.948642,0.177180,-1.421366,20.000000
0.945000,19,"LINK_TORSO_YAW",0.832000,0.200000,0.113000,20.000000,0.000000,0.000000,20.000000,0.000000,0.000000,0.000000,0.000000,0.012160,0.000000,0.910900,19.948368,0.175600,-1.425406,20.000000
0.946000,19,"LINK_TORSO_YAW",0.832000,0.200000,0.114000,20.000000,0.000000,0.000000,20.000000,0.000000,0.000000,0.000000,0.000000,0.012160,0.000000,0.910900,19.948079,0.174057,-1.429626,20.000000
0.947000,19,"LINK_TORSO_YAW",0.832000,0.200000,0.115000,20.000000,0.000000,0.000000,20.000000,0.000000,0.000000,0.000000,0.000000,0.012160,0.000000,0.910900,19.947770,0.172482,-1.434126,20.000000
0.948000,19,"LINK_TORSO_YAW",0.832000,0.200000,0.116000,20.000000,0.000000,0.000000,20.000000,0.000000,0.000000,0.000000,0.000000,0.012160,0.000000,0.910900,19.947479,0.171170,-1.438324,20.000000
0.949000,19,"LINK_TORSO_YAW",0.832000,0.200000,0.117000,20.000000,0.000000,0.000000,20.000000,0.000000,0.000000,0.000000,0.000000,0.012160,0.000000,0.910900,19.947204,0.169797,-1.442294,20.000000
0.950000,19,"LINK_TORSO_YAW",0.832000,0.200000,0.118000,20.000000,0.000000,0.000000,20.000000,0.000000,0.000000,0.000000,0.000000,0.012160,0.000000,0.910900,19.946942,0.168327,-1.446090,20.000000
0.951000,19,"LINK_TORSO_YAW",0.832000,0.200000,0.119000,20.000000,0.000000,0.000000,20.000000,0.000000,0.000000,0.000000,0.000000,0.012160,0.000000,0.910900,19.946683,0.167750,-1.449719,20.000000
0.952000,19,"LINK_TORSO_YAW",0.832000,0.200000,0.120000,20.000000,0.000000,0.000000,20.000000,0.000000,0.000000,0.000000,0.000000,0.012160,0.000000,0.910900,19.946427,0.167096,-1.453313,20.000000
0.953000,19,"LINK_TORSO_YAW",0.832000,0.200000,0.121000,20.000000,0.000000,0.000000,20.000000,0.000000,0.000000,0.000000,0.000000,0.012160,0.000000,0.910900,19.946170,0.166373,-1.456925,20.000000
0.954000,19,"LINK_TORSO_YAW",0.832000,0.200000,0.122000,20.000000,0.000000,0.000000,20.000000,0.000000,0.000000,0.000000,0.000000,0.012160,0.000000,0.910900,19.945906,0.165951,-1.460586,20.000000
0.955000,19,"LINK_TORSO_YAW",0.832000,0.200000,0.123000,20.000000,0.000000,0.000000,20.000000,0.000000,0.000000,0.000000,0.000000,0.012160,0.000000,0.910900,19.945634,0.165567,-1.464335,20.000000
0.956000,19,"LINK_TORSO_YAW",0.832000,0.200000,0.124000,20.000000,0.000000,0.000000,20.000000,0.000000,0.000000,0.000000,0.000000,0.012160,0.000000,0.910900,19.945349,0.165172,-1.468251,20.000000
0.957000,19,"LINK_TORSO_YAW",0.832000,0.200000,0.125000,20.000000,0.000000,0.000000,20.000000,0.000000,0.000000,0.000000,0.000000,0.012160,0.000000,0.910900,19.945046,0.165118,-1.472367,20.000000
0.958000,19,"LINK_TORSO_YAW",0.832000,0.200000,0.126000,20.000000,0.000000,0.000000,20.000000,0.000000,0.000000,0.000000,0.000000,0.012160,0.000000,0.910900,19.944723,0.165045,-1.476751,20.000000
0.959000,19,"LINK_TORSO_YAW",0.832000,0.200000,0.127000,20.000000,0.000000,0.000000,20.000000,0.000000,0.000000,0.000000,0.000000,0.012160,0.000000,0.910900,19.944372,0.164990,-1.481488,20.000000
0.960000,19,"LINK_TORSO_YAW",0.832000,0.200000,0.128000,20.000000,0.000000,0.000000,20.000000,0.000000,0.000000,0.000000,0.000000,0.012160,0.000000,0.910900,19.944037,0.165529,-1.485935,20.000000
0.961000,19,"LINK_TORSO_YAW",0.832000,0.200000,0.129000,20.000000,0.000000,0.000000,20.000000,0.000000,0.000000,0.000000,0.000000,0.012160,0.000000,0.910900,19.943713,0.166584,-1.490153,20.000000
0.962000,19,"LINK_TORSO_YAW",0.832000,0.200000,0.130000,20.000000,0.000000,0.000000,20.000000,0.000000,0.000000,0.000000,0.000000,0.012160,0.000000,0.910900,19.943401,0.167668,-1.494209,20.000000
0.963000,19,"LINK_TORSO_YAW",0.832000,0.200000,0.131000,20.000000,0.000000,0.000000,20.000000,0.000000,0.000000,0.000000,0.000000,0.012160,0.000000,0.910900,19.943096,0.168795,-1.498141,20.000000
0.964000,19,"LINK_TORSO_YAW",0.832000,0.200000,0.132000,20.000000,0.000000,0.000000,20.000000,0.000000,0.000000,0.000000,0.000000,0.012160,0.000000,0.910900,19.942795,0.169871,-1.502028,20.000000
0.965000,19,"LINK_TORSO_YAW",0.832000,0.200000,0.133000,20.000000,0.000000,0.000000,20.000000,0.000000,0.000000,0.000000,0.000000,0.012160,0.000000,0.910900,19.942492,0.170902,-1.505922,20.000000
0.966000,19,"LINK_TORSO_YAW",0.832000,0.200000,0.134000,20.000000,0.000000,0.000000,20.000000,0.000000,0.000000,0.000000,0.000000,0.012160,0.000000,0.910900,19.942178,0.172458,-1.509901,20.000000
0.967000,19,"LINK_TORSO_YAW",0.832000,0.200000,0.135000,20.000000,0.000000,0.000000,20.000000,0.000000,0.000000,0.000000,0.000000,0.012160,0.000000,0.910900,19.941851,0.173987,-1.514032,20.000000
0.968000,19,"LINK_TORSO_YAW",0.832000,0.200000,0.136000,20.000000,0.000000,0.000000,20.000000,0.000000,0.000000,0.000000,0.000000,0.012160,0.000000,0.910900,19.941508,0.175533,-1.518367,20.000000
0.969000,19,"LINK_TORSO_YAW",0.832000,0.200000,0.137000,20.000000,0.000000,0.000000,20.000000,0.000000,0.000000,0.000000,0.000000,0.012160,0.000000,0.910900,19.941146,0.177167,-1.522926,20.000000
0.970000,19,"LINK_TORSO_YAW",0.832000,0.200000,0.138000,20.000000,0.000000,0.000000,20.000000,0.000000,0.000000,0.000000,0.000000,0.012160,0.000000,0.910900,19.940757,0.179286,-1.527762,20.000000
0.971000,19,"LINK_TORSO_YAW",0.832000,0.200000,0.139000,20.000000,0.000000,0.000000,20.000000,0.000000,0.000000,0.000000,0.000000,0.012160,0.000000,0.910900,19.940385,0.182076,-1.532289,20.000000
0.972000,19,"LINK_TORSO_YAW",0.832000,0.200000,0.140000,20.000000,0.000000,0.000000,20.000000,0.000000,0.000000,0.000000,0.000000,0.012160,0.000000,0.910900,19.940027,0.184818,-1.536610,20.000000
0.973000,19,"LINK_TORSO_YAW",0.832000,0.200000,0.141000,20.000000,0.000000,0.000000,20.000000,0.000000,0.000000,0.000000,0.000000,0.012160,0.000000,0.910900,19.939677,0.187576,-1.540813,20.000000
0.974000,19,"LINK_TORSO_YAW",0.832000,0.200000,0.142000,20.000000,0.000000,0.000000,20.000000,0.000000,0.000000,0.000000,0.000000,0.012160,0.000000,0.910900,19.939332,0.190414,-1.544926,20.000000
0.975000,19,"LINK_TORSO_YAW",0.832000,0.200000,0.143000,20.000000,0.000000,0.000000,20.000000,0.000000,0.000000,0.000000,0.000000,0.012160,0.000000,0.910900,19.938983,0.193876,-1.548991,20.000000
0.976000,19,"LINK_TORSO_YAW",0.832000,0.200000,0.144000,20.000000,0.000000,0.000000,20.000000,0.000000,0.000000,0.000000,0.000000,0.012160,0.000000,0.910900,19.938630,0.197322,-1.553088,20.000000
0.978000,19,"LINK_TORSO_YAW",0.832000,0.200000,0.146000,20.000000,0.000000,0.000000,20.000000,0.000000,0.000000,0.000000,0.000000,0.012160,0.000000,0.910900,19.937885,0.204228,-1.561741,20.000000
0.979000,19,"LINK_TORSO_YAW",0.832000,0.200000,0.147000,20.000000,0.000000,0.000000,20.000000,0.000000,0.000000,0.000000,0.000000,0.012160,0.000000,0.910900,19.937485,0.207720,-1.566375,20.000000
0.980000,19,"LINK_TORSO_YAW",0.832000,0.200000,0.148000,20.000000,0.000000,0.000000,20.000000,0.000000,0.000000,0.000000,0.000000,0.012160,0.000000,0.910900,19.937058,0.211829,-1.571256,20.000000
0.981000,19,"LINK_TORSO_YAW",0.832000,0.200000,0.149000,20.000000,0.000000,0.000000,20.000000,0.000000,0.000000,0.000000,0.000000,0.012160,0.000000,0.910900,19.936603,0.215973,-1.576457,20.000000
0.982000,19,"LINK_TORSO_YAW",0.832000,0.200000,0.150000,20.000000,0.000000,0.000000,20.000000,0.000000,0.000000,0.000000,0.000000,0.012160,0.000000,0.910900,19.936115,0.220187,-1.582030,20.000000
0.983000,19,"LINK_TORSO_YAW",0.832000,0.200000,0.151000,20.000000,0.000000,0.000000,20.000000,0.000000,0.000000,0.000000,0.000000,0.012160,0.000000,0.910900,19.935641,0.225166,-1.587303,20.000000
0.984000,19,"LINK_TORSO_YAW",0.832000,0.200000,0.152000,20.000000,0.000000,0.000000,20.000000,0.000000,0.000000,0.000000,0.000000,0.012160,0.000000,0.910900,19.935178,0.230143,-1.592393,20.000000
0.985000,19,"LINK_TORSO_YAW",0.832000,0.200000,0.153000,20.000000,0.000000,0.000000,20.000000,0.000000,0.000000,0.000000,0.000000,0.012160,0.000000,0.910900,19.934723,0.235119,-1.597358,20.000000
0.986000,19,"LINK_TORSO_YAW",0.832000,0.200000,0.154000,20.000000,0.000000,0.000000,20.000000,0.000000,0.000000,0.000000,0.000000,0.012160,0.000000,0.910900,19.934270,0.240100,-1.602252,20.000000
0.987000,19,"LINK_TORSO_YAW",0.832000,0.200000,0.155000,20.000000,0.000000,0.000000,20.000000,0.000000,0.000000,0.000000,0.000000,0.012160,0.000000,0.910900,19.933807,0.245955,-1.607127,20.000000
0.988000,19,"LINK_TORSO_YAW",0.832000,0.200000,0.156000,20.000000,0.000000,0.000000,20.000000,0.000000,0.000000,0.000000,0.000000,0.012160,0.000000,0.910900,19.933333,0.251904,-1.612068,20.000000
0.989000,19,"LINK_TORSO_YAW",0.832000,0.200000,0.157000,20.000000,0.000000,0.000000,20.000000,0.000000,0.000000,0.000000,0.000000,0.012160,0.000000,0.910900,19.932846,0.257953,-1.617130,20.000000
0.990000,19,"LINK_TORSO_YAW",0.832000,0.200000,0.158000,20.000000,0.000000,0.000000,20.000000,0.000000,0.000000,0.000000,0.000000,0.012160,0.000000,0.910900,19.932342,0.264030,-1.622357,20.000000
0.991000,19,"LINK_TORSO_YAW",0.832000,0.200000,0.159000,20.000000,0.000000,0.000000,20.000000,0.000000,0.000000,0.000000,0.000000,0.012160,0.000000,0.910900,19.931816,0.270165,-1.627802,20.000000
0.993000,19,"LINK_TORSO_YAW",0.832000,0.200000,0.161000,20.000000,0.000000,0.000000,20.000000,0.000000,0.000000,0.000000,0.000000,0.012160,0.000000,0.910900,19.930663,0.282708,-1.639739,20.000000
0.994000,19,"LINK_TORSO_YAW",0.832000,0.200000,0.162000,20.000000,0.000000,0.000000,20.000000,0.000000,0.000000,0.000000,0.000000,0.012160,0.000000,0.910900,19.930025,0.289176,-1.646354,20.000000
0.995000,19,"LINK_TORSO_YAW",0.832000,0.200000,0.163000,20.000000,0.000000,0.000000,20.000000,0.000000,0.000000,0.000000,0.000000,0.012160,0.000000,0.910900,19.929403,0.295676,-1.652718,20.000000
0.996000,19,"LINK_TORSO_YAW",0.832000,0.200000,0.164000,20.000000,0.000000,0.000000,20.000000,0.000000,0.000000,0.000000,0.000000,0.012160,0.000000,0.910900,19.928782,0.303113,-1.658844,20.000000
0.997000,19,"LINK_TORSO_YAW",0.832000,0.200000,0.165000,20.000000,0.000000,0.000000,20.000000,0.000000,0.000000,0.000000,0.000000,0.012160,0.000000,0.910900,19.928168,0.310570,-1.664834,20.000000
0.998000,19,"LINK_TORSO_YAW",0.832000,0.200000,0.166000,20.000000,0.000000,0.000000,20.000000,0.000000,0.000000,0.000000,0.000000,0.012160,0.000000,0.910900,19.927548,0.318903,-1.670670,20.000000
0.999000,19,"LINK_TORSO_YAW",0.832000,0.200000,0.167000,20.000000,0.000000,0.000000,20.000000,0.000000,0.000000,0.000000,0.000000,0.012160,0.000000,0.910900,19.926921,0.327329,-1.676506,20.000000
1.000000,19,"LINK_TORSO_YAW",0.832000,0.200000,0.168000,20.000000,0.000000,0.000000,20.000000,0.000000,0.000000,0.000000,0.000000,0.012160,0.000000,0.910900,19.926282,0.335856,-1.682401,20.000000
1.002000,19,"LINK_TORSO_YAW",0.832000,0.200000,0.170000,20.000000,0.000000,0.000000,20.000000,0.000000,0.000000,0.000000,0.000000,0.012160,0.000000,0.910900,19.924931,0.353237,-1.694797,20.000000
1.003000,19,"LINK_TORSO_YAW",0.832000,0.200000,0.171000,20.000000,0.000000,0.000000,20.000000,0.000000,0.000000,0.000000,0.000000,0.012160,0.000000,0.910900,19.924209,0.362152,-1.701389,20.000000
1.004000,19,"LINK_TORSO_YAW",0.832000,0.200000,0.172000,20.000000,0.000000,0.000000,20.000000,0.000000,0.000000,0.000000,0.000000,0.012160,0.000000,0.910900,19.923459,0.371171,-1.708217,20.000000
1.005000,19,"LINK_TORSO_YAW",0.832000,0.200000,0.173000,20.000000,0.000000,0.000000,20.000000,0.000000,0.000000,0.000000,0.000000,0.012160,0.000000,0.910900,19.922675,0.380285,-1.715340,20.000000
1.007000,19,"LINK_TORSO_YAW",0.832000,0.200000,0.175000,20.000000,0.000000,0.000000,20.000000,0.000000,0.000000,0.000000,0.000000,0.012160,0.000000,0.910900,19.921121,0.398658,-1.729168,20.000000
1.008000,19,"LINK_TORSO_YAW",0.832000,0.200000,0.176000,20.000000,0.000000,0.000000,20.000000,0.000000,0.000000,0.000000,0.000000,0.012160,0.000000,0.910900,19.920344,0.408023,-1.735919,20.000000
1.009000,19,"LINK_TORSO_YAW",0.832000,0.200000,0.177000,20.000000,0.000000,0.000000,20.000000,0.000000,0.000000,0.000000,0.000000,0.012160,0.000000,0.910900,19.919566,0.417561,-1.742566,20.000000
1.010000,19,"LINK_TORSO_YAW",0.832000,0.200000,0.178000,20.000000,0.000000,0.000000,20.000000,0.000000,0.000000,0.000000,0.000000,0.012160,0.000000,0.910900,19.918773,0.428045,-1.749070,20.000000
1.011000,19,"LINK_TORSO_YAW",0.832000,0.200000,0.179000,20.000000,0.000000,0.000000,20.000000,0.000000,0.000000,0.000000,0.000000,0.012160,0.000000,0.910900,19.917967,0.438683,-1.755600,20.000000
1.015000,19,"LINK_TORSO_YAW",0.832000,0.200000,0.183000,20.000000,0.000000,0.000000,20.000000,0.000000,0.000000,0.000000,0.000000,0.012160,0.000000,0.910900,19.914405,0.482557,-1.784269,20.000000
1.016000,19,"LINK_TORSO_YAW",0.832000,0.200000,0.184000,20.000000,0.000000,0.000000,20.000000,0.000000,0.000000,0.000000,0.000000,0.012160,0.000000,0.910900,19.913414,0.493862,-1.792221,20.000000
1.017000,19,"LINK_TORSO_YAW",0.832000,0.200000,0.185000,20.000000,0.000000,0.000000,20.000000,0.000000,0.000000,0.000000,0.000000,0.012160,0.000000,0.910900,19.912382,0.505384,-1.800455,20.000000
1.018000,19,"LINK_TORSO_YAW",0.832000,0.200000,0.186000,20.000000,0.000000,0.000000,20.000000,0.000000,0.000000,0.000000,0.000000,0.012160,0.000000,0.910900,19.911364,0.517077,-1.808377,20.000000
1.028000,19,"LINK_TORSO_YAW",0.832000,0.200000,0.196000,20.000000,0.000000,0.000000,20.000000,0.000000,0.000000,0.000000,0.000000,0.012160,0.000000,0.910900,19.899744,0.645236,-1.893104,20.000000
1.029000,19,"LINK_TORSO_YAW",0.832000,0.200000,0.197000,20.000000,0.000000,0.000000,20.000000,0.000000,0.000000,0.000000,0.000000,0.012160,0.000000,0.910900,19.898376,0.658622,-1.902849,20.000000
1.030000,19,"LINK_TORSO_YAW",0.832000,0.200000,0.198000,20.000000,0.000000,0.000000,20.000000,0.000000,0.000000,0.000000,0.000000,0.012160,0.000000,0.910900,19.897018,0.672167,-1.912289,20.000000
1.031000,19,"LINK_TORSO_YAW",0.832000,0.200000,0.199000,20.000000,0.000000,0.000000,20.000000,0.000000,0.000000,0.000000,0.000000,0.012160,0.000000,0.910900,19.895662,0.685846,-1.921526,20.000000
1.032000,19,"LINK_TORSO_YAW",0.832000,0.200000,0.200000,20.000000,0.000000,0.000000,20.000000,0.000000,0.000000,0.000000,0.000000,0.012160,0.000000,0.910900,19.894298,0.699649,-1.930651,20.000000
1.038000,20,"LINK_TORSO_YAW",1.033000,0.200000,0.005000,20.000000,0.000000,0.000000,20.000000,0.000000,0.000000,0.000000,0.000000,0.012160,0.000000,0.910900,19.885584,0.784898,-1.986824,20.000000
1.041000,20,"LINK_TORSO_YAW",1.033000,0.200000,0.008000,20.000000,0.000000,0.000000,20.000000,0.000000,0.000000,0.000000,0.000000,0.012160,0.000000,0.910900,19.880495,0.834884,-2.017149,20.000000
1.047000,20,"LINK_TORSO_YAW",1.033000,0.200000,0.014000,20.000000,0.000000,0.000000,20.000000,0.000000,0.000000,0.000000,0.000000,0.012160,0.000000,0.910900,19.870017,0.937617,-2.074436,20.000000
1.052000,20,"LINK_TORSO_YAW",1.033000,0.200000,0.019000,20.000000,0.000000,0.000000,20.000000,0.000000,0.000000,0.000000,0.000000,0.012160,0.000000,0.910900,19.860622,1.025762,-2.122151,20.000000
1.060000,20,"LINK_TORSO_YAW",1.033000,0.200000,0.027000,20.000000,0.000000,0.000000,20.000000,0.000000,0.000000,0.000000,0.000000,0.012160,0.000000,0.910900,19.845630,1.174310,-2.184481,20.000000
1.080000,20,"LINK_TORSO_YAW",1.033000,0.200000,0.047000,20.000000,0.000000,0.000000,20.000000,0.000000,0.000000,0.000000,0.000000,0.012160,0.000000,0.910900,19.814118,1.538361,-2.243698,20.000000
1.081000,20,"LINK_TORSO_YAW",1.033000,0.200000,0.048000,20.000000,0.000000,0.000000,20.000000,0.000000,0.000000,0.000000,0.000000,0.012160,0.000000,0.910900,19.812958,1.554654,-2.242709,20.000000
1.082000,20,"LINK_TORSO_YAW",1.033000,0.200000,0.049000,20.000000,0.000000,0.000000,20.000000,0.000000,0.000000,0.000000,0.000000,0.012160,0.000000,0.910900,19.811908,1.570498,-2.240944,20.000000
1.083000,20,"LINK_TORSO_YAW",1.033000,0.200000,0.050000,20.000000,0.000000,0.000000,20.000000,0.000000,0.000000,0.000000,0.000000,0.012160,0.000000,0.910900,19.810966,1.585869,-2.238446,20.000000
1.084000,20,"LINK_TORSO_YAW",1.033000,0.200000,0.051000,20.000000,0.000000,0.000000,20.000000,0.000000,0.000000,0.000000,0.000000,0.012160,0.000000,0.910900,19.810036,1.600984,-2.235915,20.000000
1.085000,20,"LINK_TORSO_YAW",1.033000,0.200000,0.052000,20.000000,0.000000,0.000000,20.000000,0.000000,0.000000,0.000000,0.000000,0.012160,0.000000,0.910900,19.809077,1.615825,-2.233738,20.000000
1.086000,20,"LINK_TORSO_YAW",1.033000,0.200000,0.053000,20.000000,0.000000,0.000000,20.000000,0.000000,0.000000,0.000000,0.000000,0.012160,0.000000,0.910900,19.808090,1.630380,-2.231912,20.000000
1.087000,20,"LINK_TORSO_YAW",1.033000,0.200000,0.054000,20.000000,0.000000,0.000000,20.000000,0.000000,0.000000,0.000000,0.000000,0.012160,0.000000,0.910900,19.807077,1.644638,-2.230440,20.000000
1.088000,20,"LINK_TORSO_YAW",1.033000,0.200000,0.055000,20.000000,0.000000,0.000000,20.000000,0.000000,0.000000,0.000000,0.000000,0.012160,0.000000,0.910900,19.806118,1.658540,-2.228660,20.000000
1.089000,20,"LINK_TORSO_YAW",1.033000,0.200000,0.056000,20.000000,0.000000,0.000000,20.000000,0.000000,0.000000,0.000000,0.000000,0.012160,0.000000,0.910900,19.805212,1.672079,-2.226597,20.000000
1.090000,20,"LINK_TORSO_YAW",1.033000,0.200000,0.057000,20.000000,0.000000,0.000000,20.000000,0.000000,0.000000,0.000000,0.000000,0.012160,0.000000,0.910900,19.804355,1.685254,-2.224284,20.000000
1.091000,20,"LINK_TORSO_YAW",1.033000,0.200000,0.058000,20.000000,0.000000,0.000000,20.000000,0.000000,0.000000,0.000000,0.000000,0.012160,0.000000,0.910900,19.803544,1.698062,-2.221761,20.000000
1.092000,20,"LINK_TORSO_YAW",1.033000,0.200000,0.059000,20.000000,0.000000,0.000000,20.000000,0.000000,0.000000,0.000000,0.000000,0.012160,0.000000,0.910900,19.802716,1.710457,-2.219632,20.000000
1.093000,20,"LINK_TORSO_YAW",1.033000,0.200000,0.060000,20.000000,0.000000,0.000000,20.000000,0.000000,0.000000,0.000000,0.000000,0.012160,0.000000,0.910900,19.801870,1.722440,-2.217912,20.000000
1.094000,20,"LINK_TORSO_YAW",1.033000,0.200000,0.061000,20.000000,0.000000,0.000000,20.000000,0.000000,0.000000,0.000000,0.000000,0.012160,0.000000,0.910900,19.801005,1.734015,-2.216620,20.000000
1.095000,20,"LINK_TORSO_YAW",1.033000,0.200000,0.062000,20.000000,0.000000,0.000000,20.000000,0.000000,0.000000,0.000000,0.000000,0.012160,0.000000,0.910900,19.800117,1.745183,-2.215782,20.000000
1.096000,20,"LINK_TORSO_YAW",1.033000,0.200000,0.063000,20.000000,0.000000,0.000000,20.000000,0.000000,0.000000,0.000000,0.000000,0.012160,0.000000,0.910900,19.799205,1.755950,-2.215429,20.000000
1.097000,20,"LINK_TORSO_YAW",1.033000,0.200000,0.064000,20.000000,0.000000,0.000000,20.000000,0.000000,0.000000,0.000000,0.000000,0.012160,0.000000,0.910900,19.798264,1.766321,-2.215595,20.000000
1.098000,20,"LINK_TORSO_YAW",1.033000,0.200000,0.065000,20.000000,0.000000,0.000000,20.000000,0.000000,0.000000,0.000000,0.000000,0.012160,0.000000,0.910900,19.797262,1.776272,-2.216587,20.000000
1.099000,20,"LINK_TORSO_YAW",1.033000,0.200000,0.066000,20.000000,0.000000,0.000000,20.000000,0.000000,0.000000,0.000000,0.000000,0.012160,0.000000,0.910900,19.796272,1.785760,-2.217811,20.000000
1.100000,20,"LINK_TORSO_YAW",1.033000,0.200000,0.067000,20.000000,0.000000,0.000000,20.000000,0.000000,0.000000,0.000000,0.000000,0.012160,0.000000,0.910900,19.795288,1.794792,-2.219300,20.000000
1.101000,20,"LINK_TORSO_YAW",1.033000,0.200000,0.068000,20.000000,0.000000,0.000000,20.000000,0.000000,0.000000,0.000000,0.000000,0.012160,0.000000,0.910900,19.794307,1.803378,-2.221089,20.000000
1.102000,20,"LINK_TORSO_YAW",1.033000,0.200000,0.069000,20.000000,0.000000,0.000000,20.000000,0.000000,0.000000,0.000000,0.000000,0.012160,0.000000,0.910900,19.793324,1.811526,-2.223217,20.000000
1.103000,20,"LINK_TORSO_YAW",1.033000,0.200000,0.070000,20.000000,0.000000,0.000000,20.000000,0.000000,0.000000,0.000000,0.000000,0.012160,0.000000,0.910900,19.792334,1.819245,-2.225724,20.000000
1.104000,20,"LINK_TORSO_YAW",1.033000,0.200000,0.071000,20.000000,0.000000,0.000000,20.000000,0.000000,0.000000,0.000000,0.000000,0.012160,0.000000,0.910900,19.791333,1.826547,-2.228650,20.000000
1.105000,20,"LINK_TORSO_YAW",1.033000,0.200000,0.072000,20.000000,0.000000,0.000000,20.000000,0.000000,0.000000,0.000000,0.000000,0.012160,0.000000,0.910900,19.790299,1.833404,-2.232193,20.000000
1.106000,20,"LINK_TORSO_YAW",1.033000,0.200000,0.073000,20.000000,0.000000,0.000000,20.000000,0.000000,0.000000,0.000000,0.000000,0.012160,0.000000,0.910900,19.789230,1.839828,-2.236383,20.000000
1.107000,20,"LINK_TORSO_YAW",1.033000,0.200000,0.074000,20.000000,0.000000,0.000000,20.000000,0.000000,0.000000,0.000000,0.000000,0.012160,0.000000,0.910900,19.788120,1.845835,-2.241250,20.000000
1.108000,20,"LINK_TORSO_YAW",1.033000,0.200000,0.075000,20.000000,0.000000,0.000000,20.000000,0.000000,0.000000,0.000000,0.000000,0.012160,0.000000,0.910900,19.786964,1.851435,-2.246828,20.000000
1.109000,20,"LINK_TORSO_YAW",1.033000,0.200000,0.076000,20.000000,0.000000,0.000000,20.000000,0.000000,0.000000,0.000000,0.000000,0.012160,0.000000,0.910900,19.785758,1.856641,-2.253148,20.000000
1.110000,20,"LINK_TORSO_YAW",1.033000,0.200000,0.077000,20.000000,0.000000,0.000000,20.000000,0.000000,0.000000,0.000000,0.000000,0.012160,0.000000,0.910900,19.784570,1.861406,-2.259637,20.000000
1.111000,20,"LINK_TORSO_YAW",1.033000,0.200000,0.078000,20.000000,0.000000,0.000000,20.000000,0.000000,0.000000,0.000000,0.000000,0.012160,0.000000,0.910900,19.783396,1.865735,-2.266338,20.000000
1.112000,20,"LINK_TORSO_YAW",1.033000,0.200000,0.079000,20.000000,0.000000,0.000000,20.000000,0.000000,0.000000,0.000000,0.000000,0.012160,0.000000,0.910900,19.782127,1.871226,-2.272873,20.000000
1.113000,20,"LINK_TORSO_YAW",1.033000,0.200000,0.080000,20.000000,0.000000,0.000000,20.000000,0.000000,0.000000,0.000000,0.000000,0.012160,0.000000,0.910900,19.780859,1.876214,-2.279793,20.000000
1.114000,20,"LINK_TORSO_YAW",1.033000,0.200000,0.081000,20.000000,0.000000,0.000000,20.000000,0.000000,0.000000,0.000000,0.000000,0.012160,0.000000,0.910900,19.779583,1.880715,-2.287138,20.000000
1.115000,20,"LINK_TORSO_YAW",1.033000,0.200000,0.082000,20.000000,0.000000,0.000000,20.000000,0.000000,0.000000,0.000000,0.000000,0.012160,0.000000,0.910900,19.778295,1.884746,-2.294947,20.000000
1.116000,20,"LINK_TORSO_YAW",1.033000,0.200000,0.083000,20.000000,0.000000,0.000000,20.000000,0.000000,0.000000,0.000000,0.000000,0.012160,0.000000,0.910900,19.776988,1.888322,-2.303257,20.000000
1.117000,20,"LINK_TORSO_YAW",1.033000,0.200000,0.084000,20.000000,0.000000,0.000000,20.000000,0.000000,0.000000,0.000000,0.000000,0.012160,0.000000,0.910900,19.775655,1.891460,-2.312107,20.000000
1.118000,20,"LINK_TORSO_YAW",1.033000,0.200000,0.085000,20.000000,0.000000,0.000000,20.000000,0.000000,0.000000,0.000000,0.000000,0.012160,0.000000,0.910900,19.774294,1.894149,-2.321530,20.000000
1.119000,20,"LINK_TORSO_YAW",1.033000,0.200000,0.086000,20.000000,0.000000,0.000000,20.000000,0.000000,0.000000,0.000000,0.000000,0.012160,0.000000,0.910900,19.772897,1.896407,-2.331560,20.000000
1.120000,20,"LINK_TORSO_YAW",1.033000,0.200000,0.087000,20.000000,0.000000,0.000000,20.000000,0.000000,0.000000,0.000000,0.000000,0.012160,0.000000,0.910900,19.771460,1.898246,-2.342232,20.000000
1.121000,20,"LINK_TORSO_YAW",1.033000,0.200000,0.088000,20.000000,0.000000,0.000000,20.000000,0.000000,0.000000,0.000000,0.000000,0.012160,0.000000,0.910900,19.770059,1.899553,-2.352967,20.000000
1.122000,20,"LINK_TORSO_YAW",1.033000,0.200000,0.089000,20.000000,0.000000,0.000000,20.000000,0.000000,0.000000,0.000000,0.000000,0.012160,0.000000,0.910900,19.768690,1.900340,-2.363811,20.000000
1.123000,20,"LINK_TORSO_YAW",1.033000,0.200000,0.090000,20.000000,0.000000,0.000000,20.000000,0.000000,0.000000,0.000000,0.000000,0.012160,0.000000,0.910900,19.767345,1.900619,-2.374806,20.000000
1.124000,20,"LINK_TORSO_YAW",1.033000,0.200000,0.091000,20.000000,0.000000,0.000000,20.000000,0.000000,0.000000,0.000000,0.000000,0.012160,0.000000,0.910900,19.766019,1.900401,-2.385995,20.000000
1.125000,20,"LINK_TORSO_YAW",1.033000,0.200000,0.092000,20.000000,0.000000,0.000000,20.000000,0.000000,0.000000,0.000000,0.000000,0.012160,0.000000,0.910900,19.764709,1.899689,-2.397383,20.000000
1.126000,20,"LINK_TORSO_YAW",1.033000,0.200000,0.093000,20.000000,0.000000,0.000000,20.000000,0.000000,0.000000,0.000000,0.000000,0.012160,0.000000,0.910900,19.763409,1.898505,-2.409013,20.000000
1.127000,20,"LINK_TORSO_YAW",1.033000,0.200000,0.094000,20.000000,0.000000,0.000000,20.000000,0.000000,0.000000,0.000000,0.000000,0.012160,0.000000,0.910900,19.762115,1.896831,-2.420915,20.000000
1.128000,20,"LINK_TORSO_YAW",1.033000,0.200000,0.095000,20.000000,0.000000,0.000000,20.000000,0.000000,0.000000,0.000000,0.000000,0.012160,0.000000,0.910900,19.760821,1.894687,-2.433128,20.000000
1.129000,20,"LINK_TORSO_YAW",1.033000,0.200000,0.096000,20.000000,0.000000,0.000000,20.000000,0.000000,0.000000,0.000000,0.000000,0.012160,0.000000,0.910900,19.759518,1.892090,-2.445695,20.000000
1.130000,20,"LINK_TORSO_YAW",1.033000,0.200000,0.097000,20.000000,0.000000,0.000000,20.000000,0.000000,0.000000,0.000000,0.000000,0.012160,0.000000,0.910900,19.758200,1.889057,-2.458656,20.000000
1.131000,20,"LINK_TORSO_YAW",1.033000,0.200000,0.098000,20.000000,0.000000,0.000000,20.000000,0.000000,0.000000,0.000000,0.000000,0.012160,0.000000,0.910900,19.756860,1.885592,-2.472051,20.000000
1.132000,20,"LINK_TORSO_YAW",1.033000,0.200000,0.099000,20.000000,0.000000,0.000000,20.000000,0.000000,0.000000,0.000000,0.000000,0.012160,0.000000,0.910900,19.755503,1.881697,-2.485823,20.000000
1.133000,20,"LINK_TORSO_YAW",1.033000,0.200000,0.100000,20.000000,0.000000,0.000000,20.000000,0.000000,0.000000,0.000000,0.000000,0.012160,0.000000,0.910900,19.754217,1.877274,-2.499354,20.000000
1.134000,20,"LINK_TORSO_YAW",1.033000,0.200000,0.101000,20.000000,0.000000,0.000000,20.000000,0.000000,0.000000,0.000000,0.000000,0.012160,0.000000,0.910900,19.752992,1.872340,-2.512701,20.000000
1.135000,20,"LINK_TORSO_YAW",1.033000,0.200000,0.102000,20.000000,0.000000,0.000000,20.000000,0.000000,0.000000,0.000000,0.000000,0.012160,0.000000,0.910900,19.751819,1.866912,-2.525923,20.000000
1.136000,20,"LINK_TORSO_YAW",1.033000,0.200000,0.103000,20.000000,0.000000,0.000000,20.000000,0.000000,0.000000,0.000000,0.000000,0.012160,0.000000,0.910900,19.750690,1.861008,-2.539074,20.000000
1.137000,20,"LINK_TORSO_YAW",1.033000,0.200000,0.104000,20.000000,0.000000,0.000000,20.000000,0.000000,0.000000,0.000000,0.000000,0.012160,0.000000,0.910900,19.749731,1.853240,-2.552183,20.000000
1.138000,20,"LINK_TORSO_YAW",1.033000,0.200000,0.105000,20.000000,0.000000,0.000000,20.000000,0.000000,0.000000,0.000000,0.000000,0.012160,0.000000,0.910900,19.748799,1.844987,-2.565342,20.000000
1.139000,20,"LINK_TORSO_YAW",1.033000,0.200000,0.106000,20.000000,0.000000,0.000000,20.000000,0.000000,0.000000,0.000000,0.000000,0.012160,0.000000,0.910900,19.747877,1.836367,-2.578589,20.000000
1.140000,20,"LINK_TORSO_YAW",1.033000,0.200000,0.107000,20.000000,0.000000,0.000000,20.000000,0.000000,0.000000,0.000000,0.000000,0.012160,0.000000,0.910900,19.746956,1.827400,-2.591978,20.000000
1.141000,20,"LINK_TORSO_YAW",1.033000,0.200000,0.108000,20.000000,0.000000,0.000000,20.000000,0.000000,0.000000,0.000000,0.000000,0.012160,0.000000,0.910900,19.746025,1.818107,-2.605565,20.000000
1.142000,20,"LINK_TORSO_YAW",1.033000,0.200000,0.109000,20.000000,0.000000,0.000000,20.000000,0.000000,0.000000,0.000000,0.000000,0.012160,0.000000,0.910900,19.745074,1.808531,-2.619402,20.000000
1.143000,20,"LINK_TORSO_YAW",1.033000,0.200000,0.110000,20.000000,0.000000,0.000000,20.000000,0.000000,0.000000,0.000000,0.000000,0.012160,0.000000,0.910900,19.744165,1.798700,-2.632988,20.000000
1.144000,20,"LINK_TORSO_YAW",1.033000,0.200000,0.111000,20.000000,0.000000,0.000000,20.000000,0.000000,0.000000,0.000000,0.000000,0.012160,0.000000,0.910900,19.743349,1.787982,-2.646375,20.000000
1.145000,20,"LINK_TORSO_YAW",1.033000,0.200000,0.112000,20.000000,0.000000,0.000000,20.000000,0.000000,0.000000,0.000000,0.000000,0.012160,0.000000,0.910900,19.742481,1.778217,-2.659398,20.000000
1.146000,20,"LINK_TORSO_YAW",1.033000,0.200000,0.113000,20.000000,0.000000,0.000000,20.000000,0.000000,0.000000,0.000000,0.000000,0.012160,0.000000,0.910900,19.741619,1.768234,-2.672422,20.000000
1.147000,20,"LINK_TORSO_YAW",1.033000,0.200000,0.114000,20.000000,0.000000,0.000000,20.000000,0.000000,0.000000,0.000000,0.000000,0.012160,0.000000,0.910900,19.740753,1.758049,-2.685502,20.000000
1.148000,20,"LINK_TORSO_YAW",1.033000,0.200000,0.115000,20.000000,0.000000,0.000000,20.000000,0.000000,0.000000,0.000000,0.000000,0.012160,0.000000,0.910900,19.739928,1.747094,-2.698686,20.000000
1.149000,20,"LINK_TORSO_YAW",1.033000,0.200000,0.116000,20.000000,0.000000,0.000000,20.000000,0.000000,0.000000,0.000000,0.000000,0.012160,0.000000,0.910900,19.739080,1.735971,-2.712034,20.000000
1.150000,20,"LINK_TORSO_YAW",1.033000,0.200000,0.117000,20.000000,0.000000,0.000000,20.000000,0.000000,0.000000,0.000000,0.000000,0.012160,0.000000,0.910900,19.738200,1.724693,-2.725599,20.000000
1.151000,20,"LINK_TORSO_YAW",1.033000,0.200000,0.118000,20.000000,0.000000,0.000000,20.000000,0.000000,0.000000,0.000000,0.000000,0.012160,0.000000,0.910900,19.737306,1.713042,-2.739386,20.000000
1.152000,20,"LINK_TORSO_YAW",1.033000,0.200000,0.119000,20.000000,0.000000,0.000000,20.000000,0.000000,0.000000,0.000000,0.000000,0.012160,0.000000,0.910900,19.736376,1.700973,-2.753572,20.000000
1.153000,20,"LINK_TORSO_YAW",1.033000,0.200000,0.120000,20.000000,0.000000,0.000000,20.000000,0.000000,0.000000,0.000000,0.000000,0.012160,0.000000,0.910900,19.735375,1.688732,-2.768244,20.000000
1.154000,20,"LINK_TORSO_YAW",1.033000,0.200000,0.121000,20.000000,0.000000,0.000000,20.000000,0.000000,0.000000,0.000000,0.000000,0.012160,0.000000,0.910900,19.734294,1.676335,-2.783444,20.000000
1.155000,20,"LINK_TORSO_YAW",1.033000,0.200000,0.122000,20.000000,0.000000,0.000000,20.000000,0.000000,0.000000,0.000000,0.000000,0.012160,0.000000,0.910900,19.733221,1.663756,-2.798558,20.000000
1.156000,20,"LINK_TORSO_YAW",1.033000,0.200000,0.123000,20.000000,0.000000,0.000000,20.000000,0.000000,0.000000,0.000000,0.000000,0.012160,0.000000,0.910900,19.732210,1.650268,-2.813627,20.000000
1.157000,20,"LINK_TORSO_YAW",1.033000,0.200000,0.124000,20.000000,0.000000,0.000000,20.000000,0.000000,0.000000,0.000000,0.000000,0.012160,0.000000,0.910900,19.731188,1.636638,-2.828717,20.000000
1.158000,20,"LINK_TORSO_YAW",1.033000,0.200000,0.125000,20.000000,0.000000,0.000000,20.000000,0.000000,0.000000,0.000000,0.000000,0.012160,0.000000,0.910900,19.730144,1.622668,-2.844006,20.000000
1.160000,20,"LINK_TORSO_YAW",1.033000,0.200000,0.127000,20.000000,0.000000,0.000000,20.000000,0.000000,0.000000,0.000000,0.000000,0.012160,0.000000,0.910900,19.727946,1.593747,-2.875432,20.000000
1.161000,20,"LINK_TORSO_YAW",1.033000,0.200000,0.128000,20.000000,0.000000,0.000000,20.000000,0.000000,0.000000,0.000000,0.000000,0.012160,0.000000,0.910900,19.726776,1.578826,-2.891643,20.000000
1.162000,20,"LINK_TORSO_YAW",1.033000,0.200000,0.129000,20.000000,0.000000,0.000000,20.000000,0.000000,0.000000,0.000000,0.000000,0.012160,0.000000,0.910900,19.725537,1.563782,-2.908225,20.000000
1.163000,20,"LINK_TORSO_YAW",1.033000,0.200000,0.130000,20.000000,0.000000,0.000000,20.000000,0.000000,0.000000,0.000000,0.000000,0.012160,0.000000,0.910900,19.724276,1.547912,-2.925216,20.000000
1.164000,20,"LINK_TORSO_YAW",1.033000,0.200000,0.131000,20.000000,0.000000,0.000000,20.000000,0.000000,0.000000,0.000000,0.000000,0.012160,0.000000,0.910900,19.722903,1.531780,-2.942917,20.000000
1.165000,20,"LINK_TORSO_YAW",1.033000,0.200000,0.132000,20.000000,0.000000,0.000000,20.000000,0.000000,0.000000,0.000000,0.000000,0.012160,0.000000,0.910900,19.721491,1.515391,-2.960809,20.000000
1.166000,20,"LINK_TORSO_YAW",1.033000,0.200000,0.133000,20.000000,0.000000,0.000000,20.000000,0.000000,0.000000,0.000000,0.000000,0.012160,0.000000,0.910900,19.720032,1.498773,-2.978928,20.000000
1.167000,20,"LINK_TORSO_YAW",1.033000,0.200000,0.134000,20.000000,0.000000,0.000000,20.000000,0.000000,0.000000,0.000000,0.000000,0.012160,0.000000,0.910900,19.718518,1.481951,-2.997308,20.000000
1.168000,20,"LINK_TORSO_YAW",1.033000,0.200000,0.135000,20.000000,0.000000,0.000000,20.000000,0.000000,0.000000,0.000000,0.000000,0.012160,0.000000,0.910900,19.716942,1.464940,-3.015983,20.000000
1.169000,20,"LINK_TORSO_YAW",1.033000,0.200000,0.136000,20.000000,0.000000,0.000000,20.000000,0.000000,0.000000,0.000000,0.000000,0.012160,0.000000,0.910900,19.715359,1.446667,-3.035093,20.000000
1.170000,20,"LINK_TORSO_YAW",1.033000,0.200000,0.137000,20.000000,0.000000,0.000000,20.000000,0.000000,0.000000,0.000000,0.000000,0.012160,0.000000,0.910900,19.713732,1.427333,-3.054749,20.000000
1.171000,20,"LINK_TORSO_YAW",1.033000,0.200000,0.138000,20.000000,0.000000,0.000000,20.000000,0.000000,0.000000,0.000000,0.000000,0.012160,0.000000,0.910900,19.711992,1.407765,-3.074993,20.000000
1.172000,20,"LINK_TORSO_YAW",1.033000,0.200000,0.139000,20.000000,0.000000,0.000000,20.000000,0.000000,0.000000,0.000000,0.000000,0.012160,0.000000,0.910900,19.710130,1.387976,-3.095849,20.000000
1.174000,20,"LINK_TORSO_YAW",1.033000,0.200000,0.141000,20.000000,0.000000,0.000000,20.000000,0.000000,0.000000,0.000000,0.000000,0.012160,0.000000,0.910900,19.706021,1.347502,-3.139579,20.000000
1.175000,20,"LINK_TORSO_YAW",1.033000,0.200000,0.142000,20.000000,0.000000,0.000000,20.000000,0.000000,0.000000,0.000000,0.000000,0.012160,0.000000,0.910900,19.703837,1.326939,-3.161970,20.000000
1.176000,20,"LINK_TORSO_YAW",1.033000,0.200000,0.143000,20.000000,0.000000,0.000000,20.000000,0.000000,0.000000,0.000000,0.000000,0.012160,0.000000,0.910900,19.701579,1.306142,-3.184618,20.000000
1.177000,20,"LINK_TORSO_YAW",1.033000,0.200000,0.144000,20.000000,0.000000,0.000000,20.000000,0.000000,0.000000,0.000000,0.000000,0.012160,0.000000,0.910900,19.699240,1.285129,-3.207552,20.000000
1.178000,20,"LINK_TORSO_YAW",1.033000,0.200000,0.145000,20.000000,0.000000,0.000000,20.000000,0.000000,0.000000,0.000000,0.000000,0.012160,0.000000,0.910900,19.696873,1.263025,-3.230786,20.000000
1.179000,20,"LINK_TORSO_YAW",1.033000,0.200000,0.146000,20.000000,0.000000,0.000000,20.000000,0.000000,0.000000,0.000000,0.000000,0.012160,0.000000,0.910900,19.694445,1.239943,-3.254440,20.000000
1.180000,20,"LINK_TORSO_YAW",1.033000,0.200000,0.147000,20.000000,0.000000,0.000000,20.000000,0.000000,0.000000,0.000000,0.000000,0.012160,0.000000,0.910900,19.691910,1.216694,-3.278466,20.000000
1.181000,20,"LINK_TORSO_YAW",1.033000,0.200000,0.148000,20.000000,0.000000,0.000000,20.000000,0.000000,0.000000,0.000000,0.000000,0.012160,0.000000,0.910900,19.689260,1.193292,-3.302894,20.000000
1.182000,20,"LINK_TORSO_YAW",1.033000,0.200000,0.149000,20.000000,0.000000,0.000000,20.000000,0.000000,0.000000,0.000000,0.000000,0.012160,0.000000,0.910900,19.686476,1.169594,-3.327870,20.000000
1.183000,20,"LINK_TORSO_YAW",1.033000,0.200000,0.150000,20.000000,0.000000,0.000000,20.000000,0.000000,0.000000,0.000000,0.000000,0.012160,0.000000,0.910900,19.683550,1.145605,-3.353425,20.000000
1.184000,20,"LINK_TORSO_YAW",1.033000,0.200000,0.151000,20.000000,0.000000,0.000000,20.000000,0.000000,0.000000,0.000000,0.000000,0.012160,0.000000,0.910900,19.680472,1.121333,-3.379589,20.000000
1.185000,20,"LINK_TORSO_YAW",1.033000,0.200000,0.152000,20.000000,0.000000,0.000000,20.000000,0.000000,0.000000,0.000000,0.000000,0.012160,0.000000,0.910900,19.677333,1.096154,-3.406025,20.000000
1.186000,20,"LINK_TORSO_YAW",1.033000,0.200000,0.153000,20.000000,0.000000,0.000000,20.000000,0.000000,0.000000,0.000000,0.000000,0.012160,0.000000,0.910900,19.674118,1.070813,-3.432558,20.000000
1.187000,20,"LINK_TORSO_YAW",1.033000,0.200000,0.154000,20.000000,0.000000,0.000000,20.000000,0.000000,0.000000,0.000000,0.000000,0.012160,0.000000,0.910900,19.670816,1.045330,-3.459229,20.000000
1.188000,20,"LINK_TORSO_YAW",1.033000,0.200000,0.155000,20.000000,0.000000,0.000000,20.000000,0.000000,0.000000,0.000000,0.000000,0.012160,0.000000,0.910900,19.667404,1.019675,-3.486185,20.000000
1.189000,20,"LINK_TORSO_YAW",1.033000,0.200000,0.156000,20.000000,0.000000,0.000000,20.000000,0.000000,0.000000,0.000000,0.000000,0.012160,0.000000,0.910900,19.663872,0.993856,-3.513460,20.000000
1.190000,20,"LINK_TORSO_YAW",1.033000,0.200000,0.157000,20.000000,0.000000,0.000000,20.000000,0.000000,0.000000,0.000000,0.000000,0.012160,0.000000,0.910900,19.660211,0.967883,-3.541088,20.000000
1.191000,20,"LINK_TORSO_YAW",1.033000,0.200000,0.158000,20.000000,0.000000,0.000000,20.000000,0.000000,0.000000,0.000000,0.000000,0.012160,0.000000,0.910900,19.656463,0.940817,-3.569081,20.000000
1.192000,20,"LINK_TORSO_YAW",1.033000,0.200000,0.159000,20.000000,0.000000,0.000000,20.000000,0.000000,0.000000,0.000000,0.000000,0.012160,0.000000,0.910900,19.652649,0.911893,-3.597479,20.000000
1.194000,20,"LINK_TORSO_YAW",1.033000,0.200000,0.161000,20.000000,0.000000,0.000000,20.000000,0.000000,0.000000,0.000000,0.000000,0.012160,0.000000,0.910900,19.644469,0.853710,-3.655957,20.000000
1.195000,20,"LINK_TORSO_YAW",1.033000,0.200000,0.162000,20.000000,0.000000,0.000000,20.000000,0.000000,0.000000,0.000000,0.000000,0.012160,0.000000,0.910900,19.640181,0.824302,-3.685623,20.000000
1.196000,20,"LINK_TORSO_YAW",1.033000,0.200000,0.163000,20.000000,0.000000,0.000000,20.000000,0.000000,0.000000,0.000000,0.000000,0.012160,0.000000,0.910900,19.635799,0.794657,-3.715362,20.000000
1.197000,20,"LINK_TORSO_YAW",1.033000,0.200000,0.164000,20.000000,0.000000,0.000000,20.000000,0.000000,0.000000,0.000000,0.000000,0.012160,0.000000,0.910900,19.631313,0.764780,-3.745217,20.000000
1.198000,20,"LINK_TORSO_YAW",1.033000,0.200000,0.165000,20.000000,0.000000,0.000000,20.000000,0.000000,0.000000,0.000000,0.000000,0.012160,0.000000,0.910900,19.626719,0.734784,-3.775183,20.000000
1.199000,20,"LINK_TORSO_YAW",1.033000,0.200000,0.166000,20.000000,0.000000,0.000000,20.000000,0.000000,0.000000,0.000000,0.000000,0.012160,0.000000,0.910900,19.622050,0.703702,-3.805256,20.000000
1.200000,20,"LINK_TORSO_YAW",1.033000,0.200000,0.167000,20.000000,0.000000,0.000000,20.000000,0.000000,0.000000,0.000000,0.000000,0.012160,0.000000,0.910900,19.617230,0.672407,-3.835645,20.000000
1.202000,20,"LINK_TORSO_YAW",1.033000,0.200000,0.169000,20.000000,0.000000,0.000000,20.000000,0.000000,0.000000,0.000000,0.000000,0.012160,0.000000,0.910900,19.607046,0.609300,-3.897754,20.000000
1.203000,20,"LINK_TORSO_YAW",1.033000,0.200000,0.170000,20.000000,0.000000,0.000000,20.000000,0.000000,0.000000,0.000000,0.000000,0.012160,0.000000,0.910900,19.601683,0.577513,-3.929440,20.000000
1.204000,20,"LINK_TORSO_YAW",1.033000,0.200000,0.171000,20.000000,0.000000,0.000000,20.000000,0.000000,0.000000,0.000000,0.000000,0.012160,0.000000,0.910900,19.596147,0.545551,-3.961490,20.000000
1.205000,20,"LINK_TORSO_YAW",1.033000,0.200000,0.172000,20.000000,0.000000,0.000000,20.000000,0.000000,0.000000,0.000000,0.000000,0.012160,0.000000,0.910900,19.590538,0.513411,-3.993397,20.000000
1.206000,20,"LINK_TORSO_YAW",1.033000,0.200000,0.173000,20.000000,0.000000,0.000000,20.000000,0.000000,0.000000,0.000000,0.000000,0.012160,0.000000,0.910900,19.584836,0.481022,-4.025272,20.000000
1.207000,20,"LINK_TORSO_YAW",1.033000,0.200000,0.174000,20.000000,0.000000,0.000000,20.000000,0.000000,0.000000,0.000000,0.000000,0.012160,0.000000,0.910900,19.579043,0.447465,-4.057199,20.000000
1.209000,20,"LINK_TORSO_YAW",1.033000,0.200000,0.176000,20.000000,0.000000,0.000000,20.000000,0.000000,0.000000,0.000000,0.000000,0.012160,0.000000,0.910900,19.566979,0.379707,-4.121791,20.000000
1.210000,20,"LINK_TORSO_YAW",1.033000,0.200000,0.177000,20.000000,0.000000,0.000000,20.000000,0.000000,0.000000,0.000000,0.000000,0.012160,0.000000,0.910900,19.560699,0.345480,-4.154480,20.000000
1.211000,20,"LINK_TORSO_YAW",1.033000,0.200000,0.178000,20.000000,0.000000,0.000000,20.000000,0.000000,0.000000,0.000000,0.000000,0.012160,0.000000,0.910900,19.554284,0.311064,-4.187268,20.000000
1.212000,20,"LINK_TORSO_YAW",1.033000,0.200000,0.179000,20.000000,0.000000,0.000000,20.000000,0.000000,0.000000,0.000000,0.000000,0.012160,0.000000,0.910900,19.547720,0.276469,-4.220213,20.000000
1.213000,20,"LINK_TORSO_YAW",1.033000,0.200000,0.180000,20.000000,0.000000,0.000000,20.000000,0.000000,0.000000,0.000000,0.000000,0.012160,0.000000,0.910900,19.540982,0.241685,-4.253423,20.000000
1.214000,20,"LINK_TORSO_YAW",1.033000,0.200000,0.181000,20.000000,0.000000,0.000000,20.000000,0.000000,0.000000,0.000000,0.000000,0.012160,0.000000,0.910900,19.534038,0.206657,-4.287035,20.000000
1.215000,20,"LINK_TORSO_YAW",1.033000,0.200000,0.182000,20.000000,0.000000,0.000000,20.000000,0.000000,0.000000,0.000000,0.000000,0.012160,0.000000,0.910900,19.528331,0.175446,-4.314335,20.000000
1.216000,20,"LINK_TORSO_YAW",1.033000,0.200000,0.183000,20.000000,0.000000,0.000000,20.000000,0.000000,0.000000,0.000000,0.000000,0.012160,0.000000,0.910900,19.522668,0.143721,-4.341058,20.000000
1.217000,20,"LINK_TORSO_YAW",1.033000,0.200000,0.184000,20.000000,0.000000,0.000000,20.000000,0.000000,0.000000,0.000000,0.000000,0.012160,0.000000,0.910900,19.517035,0.112101,-4.367240,20.000000
1.218000,20,"LINK_TORSO_YAW",1.033000,0.200000,0.185000,20.000000,0.000000,0.000000,20.000000,0.000000,0.000000,0.000000,0.000000,0.012160,0.000000,0.910900,19.511402,0.080602,-4.393030,20.000000
1.219000,20,"LINK_TORSO_YAW",1.033000,0.200000,0.186000,20.000000,0.000000,0.000000,20.000000,0.000000,0.000000,0.000000,0.000000,0.012160,0.000000,0.910900,19.505751,0.049251,-4.418512,20.000000
1.220000,20,"LINK_TORSO_YAW",1.033000,0.200000,0.187000,20.000000,0.000000,0.000000,20.000000,0.000000,0.000000,0.000000,0.000000,0.012160,0.000000,0.910900,19.500056,0.018053,-4.443814,20.000000
1.221000,20,"LINK_TORSO_YAW",1.033000,0.200000,0.188000,20.000000,0.000000,0.000000,20.000000,0.000000,0.000000,0.000000,0.000000,0.012160,0.000000,0.910900,19.494293,-0.013004,-4.469047,20.000000
1.222000,20,"LINK_TORSO_YAW",1.033000,0.200000,0.189000,20.000000,0.000000,0.000000,20.000000,0.000000,0.000000,0.000000,0.000000,0.012160,0.000000,0.910900,19.488425,-0.043956,-4.494369,20.000000
1.223000,20,"LINK_TORSO_YAW",1.033000,0.200000,0.190000,20.000000,0.000000,0.000000,20.000000,0.000000,0.000000,0.000000,0.000000,0.012160,0.000000,0.910900,19.482434,-0.074814,-4.519864,20.000000
1.224000,20,"LINK_TORSO_YAW",1.033000,0.200000,0.191000,20.000000,0.000000,0.000000,20.000000,0.000000,0.000000,0.000000,0.000000,0.012160,0.000000,0.910900,19.476299,-0.105590,-4.545615,20.000000
1.225000,20,"LINK_TORSO_YAW",1.033000,0.200000,0.192000,20.000000,0.000000,0.000000,20.000000,0.000000,0.000000,0.000000,0.000000,0.012160,0.000000,0.910900,19.470127,-0.136296,-4.571166,20.000000
1.226000,20,"LINK_TORSO_YAW",1.033000,0.200000,0.193000,20.000000,0.000000,0.000000,20.000000,0.000000,0.000000,0.000000,0.000000,0.012160,0.000000,0.910900,19.463900,-0.166931,-4.596599,20.000000
1.227000,20,"LINK_TORSO_YAW",1.033000,0.200000,0.194000,20.000000,0.000000,0.000000,20.000000,0.000000,0.000000,0.000000,0.000000,0.012160,0.000000,0.910900,19.457600,-0.197493,-4.621989,20.000000
1.234000,20,"LINK_TORSO_YAW",1.033000,0.200000,0.201000,20.000000,0.000000,0.000000,20.000000,0.000000,0.000000,0.000000,0.000000,0.012160,0.000000,0.910900,19.408425,-0.406511,-4.811214,20.000000
1.235000,21,"LINK_TORSO_YAW",1.234000,0.200000,0.001000,20.000000,0.000000,0.000000,20.000000,0.000000,0.000000,0.000000,0.000000,0.012160,0.000000,0.910900,19.400580,-0.435835,-4.840201,20.000000
1.236000,21,"LINK_TORSO_YAW",1.234000,0.200000,0.002000,20.000000,0.000000,0.000000,20.000000,0.000000,0.000000,0.000000,0.000000,0.012160,0.000000,0.910900,19.392602,-0.465222,-4.869347,20.000000
1.237000,21,"LINK_TORSO_YAW",1.234000,0.200000,0.003000,20.000000,0.000000,0.000000,20.000000,0.000000,0.000000,0.000000,0.000000,0.012160,0.000000,0.910900,19.384629,-0.494680,-4.898106,20.000000
1.239000,21,"LINK_TORSO_YAW",1.234000,0.200000,0.005000,20.000000,0.000000,0.000000,20.000000,0.000000,0.000000,0.000000,0.000000,0.012160,0.000000,0.910900,19.368488,-0.553568,-4.955323,20.000000
1.258000,21,"LINK_TORSO_YAW",1.234000,0.200000,0.024000,20.000000,0.000000,0.000000,20.000000,0.000000,0.000000,0.000000,0.000000,0.012160,0.000000,0.910900,19.173841,-1.119867,-5.577607,20.000000
1.259000,21,"LINK_TORSO_YAW",1.234000,0.200000,0.025000,20.000000,0.000000,0.000000,20.000000,0.000000,0.000000,0.000000,0.000000,0.012160,0.000000,0.910900,19.161690,-1.149539,-5.613216,20.000000
1.260000,21,"LINK_TORSO_YAW",1.234000,0.200000,0.026000,20.000000,0.000000,0.000000,20.000000,0.000000,0.000000,0.000000,0.000000,0.012160,0.000000,0.910900,19.149346,-1.179291,-5.649057,20.000000
1.261000,21,"LINK_TORSO_YAW",1.234000,0.200000,0.027000,20.000000,0.000000,0.000000,20.000000,0.000000,0.000000,0.000000,0.000000,0.012160,0.000000,0.910900,19.136969,-1.209133,-5.684577,20.000000
1.273000,21,"LINK_TORSO_YAW",1.234000,0.200000,0.039000,20.000000,0.000000,0.000000,20.000000,0.000000,0.000000,0.000000,0.000000,0.012160,0.000000,0.910900,18.977772,-1.576436,-6.112202,20.000000
1.274000,21,"LINK_TORSO_YAW",1.234000,0.200000,0.040000,20.000000,0.000000,0.000000,20.000000,0.000000,0.000000,0.000000,0.000000,0.012160,0.000000,0.910900,18.963332,-1.608183,-6.148640,20.000000
1.275000,21,"LINK_TORSO_YAW",1.234000,0.200000,0.041000,20.000000,0.000000,0.000000,20.000000,0.000000,0.000000,0.000000,0.000000,0.012160,0.000000,0.910900,18.948775,-1.640180,-6.184962,20.000000
1.283000,21,"LINK_TORSO_YAW",1.234000,0.200000,0.049000,20.000000,0.000000,0.000000,20.000000,0.000000,0.000000,0.000000,0.000000,0.012160,0.000000,0.910900,18.825364,-1.904678,-6.479034,20.000000
1.284000,21,"LINK_TORSO_YAW",1.234000,0.200000,0.050000,20.000000,0.000000,0.000000,20.000000,0.000000,0.000000,0.000000,0.000000,0.012160,0.000000,0.910900,18.809038,-1.938883,-6.516196,20.000000
1.285000,21,"LINK_TORSO_YAW",1.234000,0.200000,0.051000,20.000000,0.000000,0.000000,20.000000,0.000000,0.000000,0.000000,0.000000,0.012160,0.000000,0.910900,18.792662,-1.973288,-6.553015,20.000000
1.286000,21,"LINK_TORSO_YAW",1.234000,0.200000,0.052000,20.000000,0.000000,0.000000,20.000000,0.000000,0.000000,0.000000,0.000000,0.012160,0.000000,0.910900,18.776162,-2.007968,-6.589675,20.000000
1.287000,21,"LINK_TORSO_YAW",1.234000,0.200000,0.053000,20.000000,0.000000,0.000000,20.000000,0.000000,0.000000,0.000000,0.000000,0.012160,0.000000,0.910900,18.759514,-2.042932,-6.626240,20.000000
1.288000,21,"LINK_TORSO_YAW",1.234000,0.200000,0.054000,20.000000,0.000000,0.000000,20.000000,0.000000,0.000000,0.000000,0.000000,0.012160,0.000000,0.910900,18.742715,-2.078141,-6.662729,20.000000
1.289000,21,"LINK_TORSO_YAW",1.234000,0.200000,0.055000,20.000000,0.000000,0.000000,20.000000,0.000000,0.000000,0.000000,0.000000,0.012160,0.000000,0.910900,18.725741,-2.113596,-6.699203,20.000000
1.290000,21,"LINK_TORSO_YAW",1.234000,0.200000,0.056000,20.000000,0.000000,0.000000,20.000000,0.000000,0.000000,0.000000,0.000000,0.012160,0.000000,0.910900,18.708571,-2.149291,-6.735719,20.000000
1.291000,21,"LINK_TORSO_YAW",1.234000,0.200000,0.057000,20.000000,0.000000,0.000000,20.000000,0.000000,0.000000,0.000000,0.000000,0.012160,0.000000,0.910900,18.691183,-2.185220,-6.772333,20.000000
1.292000,21,"LINK_TORSO_YAW",1.234000,0.200000,0.058000,20.000000,0.000000,0.000000,20.000000,0.000000,0.000000,0.000000,0.000000,0.012160,0.000000,0.910900,18.673563,-2.221423,-6.809061,20.000000
1.293000,21,"LINK_TORSO_YAW",1.234000,0.200000,0.059000,20.000000,0.000000,0.000000,20.000000,0.000000,0.000000,0.000000,0.000000,0.012160,0.000000,0.910900,18.655681,-2.257864,-6.845992,20.000000
1.294000,21,"LINK_TORSO_YAW",1.234000,0.200000,0.060000,20.000000,0.000000,0.000000,20.000000,0.000000,0.000000,0.000000,0.000000,0.012160,0.000000,0.910900,18.637513,-2.294536,-6.883183,20.000000
1.295000,21,"LINK_TORSO_YAW",1.234000,0.200000,0.061000,20.000000,0.000000,0.000000,20.000000,0.000000,0.000000,0.000000,0.000000,0.012160,0.000000,0.910900,18.619031,-2.331361,-6.920726,20.000000
1.296000,21,"LINK_TORSO_YAW",1.234000,0.200000,0.062000,20.000000,0.000000,0.000000,20.000000,0.000000,0.000000,0.000000,0.000000,0.012160,0.000000,0.910900,18.600854,-2.367699,-6.957172,20.000000
1.297000,21,"LINK_TORSO_YAW",1.234000,0.200000,0.063000,20.000000,0.000000,0.000000,20.000000,0.000000,0.000000,0.000000,0.000000,0.012160,0.000000,0.910900,18.582830,-2.403761,-6.992878,20.000000
1.298000,21,"LINK_TORSO_YAW",1.234000,0.200000,0.064000,20.000000,0.000000,0.000000,20.000000,0.000000,0.000000,0.000000,0.000000,0.012160,0.000000,0.910900,18.564821,-2.439679,-7.028186,20.000000
1.299000,21,"LINK_TORSO_YAW",1.234000,0.200000,0.065000,20.000000,0.000000,0.000000,20.000000,0.000000,0.000000,0.000000,0.000000,0.012160,0.000000,0.910900,18.546710,-2.475555,-7.063370,20.000000
1.300000,21,"LINK_TORSO_YAW",1.234000,0.200000,0.066000,20.000000,0.000000,0.000000,20.000000,0.000000,0.000000,0.000000,0.000000,0.012160,0.000000,0.910900,18.528397,-2.511459,-7.098667,20.000000
1.301000,21,"LINK_TORSO_YAW",1.234000,0.200000,0.067000,20.000000,0.000000,0.000000,20.000000,0.000000,0.000000,0.000000,0.000000,0.012160,0.000000,0.910900,18.509805,-2.547449,-7.134256,20.000000
1.302000,21,"LINK_TORSO_YAW",1.234000,0.200000,0.068000,20.000000,0.000000,0.000000,20.000000,0.000000,0.000000,0.000000,0.000000,0.012160,0.000000,0.910900,18.490899,-2.583501,-7.170228,20.000000
1.303000,21,"LINK_TORSO_YAW",1.234000,0.200000,0.069000,20.000000,0.000000,0.000000,20.000000,0.000000,0.000000,0.000000,0.000000,0.012160,0.000000,0.910900,18.471609,-2.619669,-7.206732,20.000000
1.304000,21,"LINK_TORSO_YAW",1.234000,0.200000,0.070000,20.000000,0.000000,0.000000,20.000000,0.000000,0.000000,0.000000,0.000000,0.012160,0.000000,0.910900,18.451877,-2.656003,-7.243885,20.000000
1.305000,21,"LINK_TORSO_YAW",1.234000,0.200000,0.071000,20.000000,0.000000,0.000000,20.000000,0.000000,0.000000,0.000000,0.000000,0.012160,0.000000,0.910900,18.431642,-2.692569,-7.281803,20.000000
1.306000,21,"LINK_TORSO_YAW",1.234000,0.200000,0.072000,20.000000,0.000000,0.000000,20.000000,0.000000,0.000000,0.000000,0.000000,0.012160,0.000000,0.910900,18.410858,-2.730637,-7.320104,20.000000
1.307000,21,"LINK_TORSO_YAW",1.234000,0.200000,0.073000,20.000000,0.000000,0.000000,20.000000,0.000000,0.000000,0.000000,0.000000,0.012160,0.000000,0.910900,18.387708,-2.763090,-7.365970,20.000000
1.308000,21,"LINK_TORSO_YAW",1.234000,0.200000,0.074000,20.000000,0.000000,0.000000,20.000000,0.000000,0.000000,0.000000,0.000000,0.012160,0.000000,0.910900,18.363473,-2.794985,-7.414237,20.000000
1.309000,21,"LINK_TORSO_YAW",1.234000,0.200000,0.075000,20.000000,0.000000,0.000000,20.000000,0.000000,0.000000,0.000000,0.000000,0.012160,0.000000,0.910900,18.338553,-2.826760,-7.463705,20.000000
1.310000,21,"LINK_TORSO_YAW",1.234000,0.200000,0.076000,20.000000,0.000000,0.000000,20.000000,0.000000,0.000000,0.000000,0.000000,0.012160,0.000000,0.910900,18.313165,-2.858589,-7.513751,20.000000
1.311000,21,"LINK_TORSO_YAW",1.234000,0.200000,0.077000,20.000000,0.000000,0.000000,20.000000,0.000000,0.000000,0.000000,0.000000,0.012160,0.000000,0.910900,18.287399,-2.890554,-7.564107,20.000000
1.312000,21,"LINK_TORSO_YAW",1.234000,0.200000,0.078000,20.000000,0.000000,0.000000,20.000000,0.000000,0.000000,0.000000,0.000000,0.012160,0.000000,0.910900,18.261292,-2.922678,-7.614668,20.000000
1.313000,21,"LINK_TORSO_YAW",1.234000,0.200000,0.079000,20.000000,0.000000,0.000000,20.000000,0.000000,0.000000,0.000000,0.000000,0.012160,0.000000,0.910900,18.234925,-2.955033,-7.665200,20.000000
1.314000,21,"LINK_TORSO_YAW",1.234000,0.200000,0.080000,20.000000,0.000000,0.000000,20.000000,0.000000,0.000000,0.000000,0.000000,0.012160,0.000000,0.910900,18.208277,-2.987582,-7.715762,20.000000
1.315000,21,"LINK_TORSO_YAW",1.234000,0.200000,0.081000,20.000000,0.000000,0.000000,20.000000,0.000000,0.000000,0.000000,0.000000,0.012160,0.000000,0.910900,18.181425,-3.019548,-7.766473,20.000000
1.316000,21,"LINK_TORSO_YAW",1.234000,0.200000,0.082000,20.000000,0.000000,0.000000,20.000000,0.000000,0.000000,0.000000,0.000000,0.012160,0.000000,0.910900,18.154339,-3.051572,-7.817152,20.000000
1.317000,21,"LINK_TORSO_YAW",1.234000,0.200000,0.083000,20.000000,0.000000,0.000000,20.000000,0.000000,0.000000,0.000000,0.000000,0.012160,0.000000,0.910900,18.127037,-3.083644,-7.867762,20.000000
1.318000,21,"LINK_TORSO_YAW",1.234000,0.200000,0.084000,20.000000,0.000000,0.000000,20.000000,0.000000,0.000000,0.000000,0.000000,0.012160,0.000000,0.910900,18.099775,-3.115752,-7.917717,20.000000
1.319000,21,"LINK_TORSO_YAW",1.234000,0.200000,0.085000,20.000000,0.000000,0.000000,20.000000,0.000000,0.000000,0.000000,0.000000,0.012160,0.000000,0.910900,18.072552,-3.147857,-7.967048,20.000000
1.320000,21,"LINK_TORSO_YAW",1.234000,0.200000,0.086000,20.000000,0.000000,0.000000,20.000000,0.000000,0.000000,0.000000,0.000000,0.012160,0.000000,0.910900,18.045365,-3.179932,-8.015787,20.000000
1.321000,21,"LINK_TORSO_YAW",1.234000,0.200000,0.087000,20.000000,0.000000,0.000000,20.000000,0.000000,0.000000,0.000000,0.000000,0.012160,0.000000,0.910900,18.018115,-3.212067,-8.064128,20.000000
1.322000,21,"LINK_TORSO_YAW",1.234000,0.200000,0.088000,20.000000,0.000000,0.000000,20.000000,0.000000,0.000000,0.000000,0.000000,0.012160,0.000000,0.910900,17.991078,-3.243816,-8.111644,20.000000
1.323000,21,"LINK_TORSO_YAW",1.234000,0.200000,0.089000,20.000000,0.000000,0.000000,20.000000,0.000000,0.000000,0.000000,0.000000,0.012160,0.000000,0.910900,17.964128,-3.275331,-8.158574,20.000000
1.324000,21,"LINK_TORSO_YAW",1.234000,0.200000,0.090000,20.000000,0.000000,0.000000,20.000000,0.000000,0.000000,0.000000,0.000000,0.012160,0.000000,0.910900,17.937255,-3.306591,-8.204959,20.000000
1.325000,21,"LINK_TORSO_YAW",1.234000,0.200000,0.091000,20.000000,0.000000,0.000000,20.000000,0.000000,0.000000,0.000000,0.000000,0.012160,0.000000,0.910900,17.910449,-3.337579,-8.250841,20.000000
1.326000,21,"LINK_TORSO_YAW",1.234000,0.200000,0.092000,20.000000,0.000000,0.000000,20.000000,0.000000,0.000000,0.000000,0.000000,0.012160,0.000000,0.910900,17.883701,-3.368278,-8.296262,20.000000
1.327000,21,"LINK_TORSO_YAW",1.234000,0.200000,0.093000,20.000000,0.000000,0.000000,20.000000,0.000000,0.000000,0.000000,0.000000,0.012160,0.000000,0.910900,17.856996,-3.398670,-8.341266,20.000000
1.328000,21,"LINK_TORSO_YAW",1.234000,0.200000,0.094000,20.000000,0.000000,0.000000,20.000000,0.000000,0.000000,0.000000,0.000000,0.012160,0.000000,0.910900,17.830419,-3.428512,-8.385789,20.000000
1.329000,21,"LINK_TORSO_YAW",1.234000,0.200000,0.095000,20.000000,0.000000,0.000000,20.000000,0.000000,0.000000,0.000000,0.000000,0.012160,0.000000,0.910900,17.804227,-3.457814,-8.429295,20.000000
1.330000,21,"LINK_TORSO_YAW",1.234000,0.200000,0.096000,20.000000,0.000000,0.000000,20.000000,0.000000,0.000000,0.000000,0.000000,0.012160,0.000000,0.910900,17.778407,-3.486566,-8.471841,20.000000
1.331000,21,"LINK_TORSO_YAW",1.234000,0.200000,0.097000,20.000000,0.000000,0.000000,20.000000,0.000000,0.000000,0.000000,0.000000,0.012160,0.000000,0.910900,17.752947,-3.514760,-8.513481,20.000000
1.332000,21,"LINK_TORSO_YAW",1.234000,0.200000,0.098000,20.000000,0.000000,0.000000,20.000000,0.000000,0.000000,0.000000,0.000000,0.012160,0.000000,0.910900,17.727828,-3.542384,-8.554275,20.000000
1.333000,21,"LINK_TORSO_YAW",1.234000,0.200000,0.099000,20.000000,0.000000,0.000000,20.000000,0.000000,0.000000,0.000000,0.000000,0.012160,0.000000,0.910900,17.703034,-3.569431,-8.594286,20.000000
1.334000,21,"LINK_TORSO_YAW",1.234000,0.200000,0.100000,20.000000,0.000000,0.000000,20.000000,0.000000,0.000000,0.000000,0.000000,0.012160,0.000000,0.910900,17.678545,-3.595894,-8.633574,20.000000
1.335000,21,"LINK_TORSO_YAW",1.234000,0.200000,0.101000,20.000000,0.000000,0.000000,20.000000,0.000000,0.000000,0.000000,0.000000,0.012160,0.000000,0.910900,17.654413,-3.621550,-8.672144,20.000000
1.336000,21,"LINK_TORSO_YAW",1.234000,0.200000,0.102000,20.000000,0.000000,0.000000,20.000000,0.000000,0.000000,0.000000,0.000000,0.012160,0.000000,0.910900,17.630631,-3.646391,-8.710034,20.000000
1.337000,21,"LINK_TORSO_YAW",1.234000,0.200000,0.103000,20.000000,0.000000,0.000000,20.000000,0.000000,0.000000,0.000000,0.000000,0.012160,0.000000,0.910900,17.607188,-3.670409,-8.747287,20.000000
1.338000,21,"LINK_TORSO_YAW",1.234000,0.200000,0.104000,20.000000,0.000000,0.000000,20.000000,0.000000,0.000000,0.000000,0.000000,0.012160,0.000000,0.910900,17.584073,-3.693595,-8.783948,20.000000
1.339000,21,"LINK_TORSO_YAW",1.234000,0.200000,0.105000,20.000000,0.000000,0.000000,20.000000,0.000000,0.000000,0.000000,0.000000,0.012160,0.000000,0.910900,17.561266,-3.715960,-8.820066,20.000000
1.340000,21,"LINK_TORSO_YAW",1.234000,0.200000,0.106000,20.000000,0.000000,0.000000,20.000000,0.000000,0.000000,0.000000,0.000000,0.012160,0.000000,0.910900,17.538743,-3.737541,-8.855693,20.000000
1.341000,21,"LINK_TORSO_YAW",1.234000,0.200000,0.107000,20.000000,0.000000,0.000000,20.000000,0.000000,0.000000,0.000000,0.000000,0.012160,0.000000,0.910900,17.516810,-3.758270,-8.890262,20.000000
1.342000,21,"LINK_TORSO_YAW",1.234000,0.200000,0.108000,20.000000,0.000000,0.000000,20.000000,0.000000,0.000000,0.000000,0.000000,0.012160,0.000000,0.910900,17.495417,-3.778081,-8.923927,20.000000
1.343000,21,"LINK_TORSO_YAW",1.234000,0.200000,0.109000,20.000000,0.000000,0.000000,20.000000,0.000000,0.000000,0.000000,0.000000,0.012160,0.000000,0.910900,17.474536,-3.796995,-8.956754,20.000000
1.344000,21,"LINK_TORSO_YAW",1.234000,0.200000,0.110000,20.000000,0.000000,0.000000,20.000000,0.000000,0.000000,0.000000,0.000000,0.012160,0.000000,0.910900,17.454141,-3.815004,-8.988810,20.000000
1.345000,21,"LINK_TORSO_YAW",1.234000,0.200000,0.111000,20.000000,0.000000,0.000000,20.000000,0.000000,0.000000,0.000000,0.000000,0.012160,0.000000,0.910900,17.434208,-3.832100,-9.020166,20.000000
1.346000,21,"LINK_TORSO_YAW",1.234000,0.200000,0.112000,20.000000,0.000000,0.000000,20.000000,0.000000,0.000000,0.000000,0.000000,0.012160,0.000000,0.910900,17.414711,-3.848275,-9.050890,20.000000
1.347000,21,"LINK_TORSO_YAW",1.234000,0.200000,0.113000,20.000000,0.000000,0.000000,20.000000,0.000000,0.000000,0.000000,0.000000,0.012160,0.000000,0.910900,17.395624,-3.863520,-9.081050,20.000000
1.348000,21,"LINK_TORSO_YAW",1.234000,0.200000,0.114000,20.000000,0.000000,0.000000,20.000000,0.000000,0.000000,0.000000,0.000000,0.012160,0.000000,0.910900,17.376934,-3.877817,-9.110692,20.000000
1.349000,21,"LINK_TORSO_YAW",1.234000,0.200000,0.115000,20.000000,0.000000,0.000000,20.000000,0.000000,0.000000,0.000000,0.000000,0.012160,0.000000,0.910900,17.358583,-3.891096,-9.139966,20.000000
1.350000,21,"LINK_TORSO_YAW",1.234000,0.200000,0.116000,20.000000,0.000000,0.000000,20.000000,0.000000,0.000000,0.000000,0.000000,0.012160,0.000000,0.910900,17.340539,-3.903354,-9.168944,20.000000
1.351000,21,"LINK_TORSO_YAW",1.234000,0.200000,0.117000,20.000000,0.000000,0.000000,20.000000,0.000000,0.000000,0.000000,0.000000,0.012160,0.000000,0.910900,17.322776,-3.914584,-9.197689,20.000000
1.353000,21,"LINK_TORSO_YAW",1.234000,0.200000,0.119000,20.000000,0.000000,0.000000,20.000000,0.000000,0.000000,0.000000,0.000000,0.012160,0.000000,0.910900,17.289019,-3.933675,-9.252894,20.000000
1.354000,21,"LINK_TORSO_YAW",1.234000,0.200000,0.120000,20.000000,0.000000,0.000000,20.000000,0.000000,0.000000,0.000000,0.000000,0.012160,0.000000,0.910900,17.272958,-3.941531,-9.279508,20.000000
1.355000,21,"LINK_TORSO_YAW",1.234000,0.200000,0.121000,20.000000,0.000000,0.000000,20.000000,0.000000,0.000000,0.000000,0.000000,0.012160,0.000000,0.910900,17.257346,-3.948377,-9.305607,20.000000
1.356000,21,"LINK_TORSO_YAW",1.234000,0.200000,0.122000,20.000000,0.000000,0.000000,20.000000,0.000000,0.000000,0.000000,0.000000,0.012160,0.000000,0.910900,17.242115,-3.954199,-9.331333,20.000000
1.357000,21,"LINK_TORSO_YAW",1.234000,0.200000,0.123000,20.000000,0.000000,0.000000,20.000000,0.000000,0.000000,0.000000,0.000000,0.012160,0.000000,0.910900,17.227247,-3.958970,-9.356736,20.000000
1.358000,21,"LINK_TORSO_YAW",1.234000,0.200000,0.124000,20.000000,0.000000,0.000000,20.000000,0.000000,0.000000,0.000000,0.000000,0.012160,0.000000,0.910900,17.212712,-3.962643,-9.381898,20.000000
1.359000,21,"LINK_TORSO_YAW",1.234000,0.200000,0.125000,20.000000,0.000000,0.000000,20.000000,0.000000,0.000000,0.000000,0.000000,0.012160,0.000000,0.910900,17.198482,-3.965187,-9.406885,20.000000
1.360000,21,"LINK_TORSO_YAW",1.234000,0.200000,0.126000,20.000000,0.000000,0.000000,20.000000,0.000000,0.000000,0.000000,0.000000,0.012160,0.000000,0.910900,17.184527,-3.966592,-9.431764,20.000000
1.361000,21,"LINK_TORSO_YAW",1.234000,0.200000,0.127000,20.000000,0.000000,0.000000,20.000000,0.000000,0.000000,0.000000,0.000000,0.012160,0.000000,0.910900,17.170814,-3.966853,-9.456596,20.000000
1.363000,21,"LINK_TORSO_YAW",1.234000,0.200000,0.129000,20.000000,0.000000,0.000000,20.000000,0.000000,0.000000,0.000000,0.000000,0.012160,0.000000,0.910900,17.144201,-3.963763,-9.506049,20.000000
1.364000,21,"LINK_TORSO_YAW",1.234000,0.200000,0.130000,20.000000,0.000000,0.000000,20.000000,0.000000,0.000000,0.000000,0.000000,0.012160,0.000000,0.910900,17.131518,-3.960459,-9.530260,20.000000
1.365000,21,"LINK_TORSO_YAW",1.234000,0.200000,0.131000,20.000000,0.000000,0.000000,20.000000,0.000000,0.000000,0.000000,0.000000,0.012160,0.000000,0.910900,17.119187,-3.956019,-9.554231,20.000000
1.366000,21,"LINK_TORSO_YAW",1.234000,0.200000,0.132000,20.000000,0.000000,0.000000,20.000000,0.000000,0.000000,0.000000,0.000000,0.012160,0.000000,0.910900,17.107176,-3.950442,-9.578023,20.000000
1.367000,21,"LINK_TORSO_YAW",1.234000,0.200000,0.133000,20.000000,0.000000,0.000000,20.000000,0.000000,0.000000,0.000000,0.000000,0.012160,0.000000,0.910900,17.095451,-3.943729,-9.601696,20.000000
1.368000,21,"LINK_TORSO_YAW",1.234000,0.200000,0.134000,20.000000,0.000000,0.000000,20.000000,0.000000,0.000000,0.000000,0.000000,0.012160,0.000000,0.910900,17.083978,-3.935876,-9.625310,20.000000
1.370000,21,"LINK_TORSO_YAW",1.234000,0.200000,0.136000,20.000000,0.000000,0.000000,20.000000,0.000000,0.000000,0.000000,0.000000,0.012160,0.000000,0.910900,17.061516,-3.916520,-9.672929,20.000000
1.371000,21,"LINK_TORSO_YAW",1.234000,0.200000,0.137000,20.000000,0.000000,0.000000,20.000000,0.000000,0.000000,0.000000,0.000000,0.012160,0.000000,0.910900,17.050443,-3.905051,-9.697059,20.000000
1.372000,21,"LINK_TORSO_YAW",1.234000,0.200000,0.138000,20.000000,0.000000,0.000000,20.000000,0.000000,0.000000,0.000000,0.000000,0.012160,0.000000,0.910900,17.039414,-3.892454,-9.721480,20.000000
1.373000,21,"LINK_TORSO_YAW",1.234000,0.200000,0.139000,20.000000,0.000000,0.000000,20.000000,0.000000,0.000000,0.000000,0.000000,0.012160,0.000000,0.910900,17.028397,-3.878732,-9.746237,20.000000
1.374000,21,"LINK_TORSO_YAW",1.234000,0.200000,0.140000,20.000000,0.000000,0.000000,20.000000,0.000000,0.000000,0.000000,0.000000,0.012160,0.000000,0.910900,17.017362,-3.863891,-9.771374,20.000000
1.377000,21,"LINK_TORSO_YAW",1.234000,0.200000,0.143000,20.000000,0.000000,0.000000,20.000000,0.000000,0.000000,0.000000,0.000000,0.012160,0.000000,0.910900,16.985712,-3.812355,-9.846396,20.000000
1.378000,21,"LINK_TORSO_YAW",1.234000,0.200000,0.144000,20.000000,0.000000,0.000000,20.000000,0.000000,0.000000,0.000000,0.000000,0.012160,0.000000,0.910900,16.975397,-3.793055,-9.871607,20.000000
1.379000,21,"LINK_TORSO_YAW",1.234000,0.200000,0.145000,20.000000,0.000000,0.000000,20.000000,0.000000,0.000000,0.000000,0.000000,0.012160,0.000000,0.910900,16.965110,-3.772852,-9.897000,20.000000
1.380000,21,"LINK_TORSO_YAW",1.234000,0.200000,0.146000,20.000000,0.000000,0.000000,20.000000,0.000000,0.000000,0.000000,0.000000,0.012160,0.000000,0.910900,16.954828,-3.751748,-9.922610,20.000000
1.381000,21,"LINK_TORSO_YAW",1.234000,0.200000,0.147000,20.000000,0.000000,0.000000,20.000000,0.000000,0.000000,0.000000,0.000000,0.012160,0.000000,0.910900,16.944524,-3.729743,-9.948474,20.000000
1.382000,21,"LINK_TORSO_YAW",1.234000,0.200000,0.148000,20.000000,0.000000,0.000000,20.000000,0.000000,0.000000,0.000000,0.000000,0.012160,0.000000,0.910900,16.934169,-3.706841,-9.974629,20.000000
1.383000,21,"LINK_TORSO_YAW",1.234000,0.200000,0.149000,20.000000,0.000000,0.000000,20.000000,0.000000,0.000000,0.000000,0.000000,0.012160,0.000000,0.910900,16.923685,-3.683028,-10.001209,20.000000
1.387000,21,"LINK_TORSO_YAW",1.234000,0.200000,0.153000,20.000000,0.000000,0.000000,20.000000,0.000000,0.000000,0.000000,0.000000,0.012160,0.000000,0.910900,16.880811,-3.578129,-10.111143,20.000000
1.388000,21,"LINK_TORSO_YAW",1.234000,0.200000,0.154000,20.000000,0.000000,0.000000,20.000000,0.000000,0.000000,0.000000,0.000000,0.012160,0.000000,0.910900,16.870096,-3.549689,-10.139011,20.000000
1.389000,21,"LINK_TORSO_YAW",1.234000,0.200000,0.155000,20.000000,0.000000,0.000000,20.000000,0.000000,0.000000,0.000000,0.000000,0.012160,0.000000,0.910900,16.859343,-3.520507,-10.167034,20.000000
1.390000,21,"LINK_TORSO_YAW",1.234000,0.200000,0.156000,20.000000,0.000000,0.000000,20.000000,0.000000,0.000000,0.000000,0.000000,0.012160,0.000000,0.910900,16.848485,-3.490538,-10.195327,20.000000
1.393000,21,"LINK_TORSO_YAW",1.234000,0.200000,0.159000,20.000000,0.000000,0.000000,20.000000,0.000000,0.000000,0.000000,0.000000,0.012160,0.000000,0.910900,16.815030,-3.395478,-10.282291,20.000000
1.394000,21,"LINK_TORSO_YAW",1.234000,0.200000,0.160000,20.000000,0.000000,0.000000,20.000000,0.000000,0.000000,0.000000,0.000000,0.012160,0.000000,0.910900,16.803518,-3.359540,-10.312869,20.000000
1.395000,21,"LINK_TORSO_YAW",1.234000,0.200000,0.161000,20.000000,0.000000,0.000000,20.000000,0.000000,0.000000,0.000000,0.000000,0.012160,0.000000,0.910900,16.791710,-3.322769,-10.343968,20.000000
1.396000,21,"LINK_TORSO_YAW",1.234000,0.200000,0.162000,20.000000,0.000000,0.000000,20.000000,0.000000,0.000000,0.000000,0.000000,0.012160,0.000000,0.910900,16.782362,-3.283639,-10.371598,20.000000
1.401000,21,"LINK_TORSO_YAW",1.234000,0.200000,0.167000,20.000000,0.000000,0.000000,20.000000,0.000000,0.000000,0.000000,0.000000,0.012160,0.000000,0.910900,16.729867,-3.077078,-10.518705,20.000000
1.404000,21,"LINK_TORSO_YAW",1.234000,0.200000,0.170000,20.000000,0.000000,0.000000,20.000000,0.000000,0.000000,0.000000,0.000000,0.012160,0.000000,0.910900,16.694120,-2.944829,-10.612932,20.000000
1.414000,21,"LINK_TORSO_YAW",1.234000,0.200000,0.180000,20.000000,0.000000,0.000000,20.000000,0.000000,0.000000,0.000000,0.000000,0.012160,0.000000,0.910900,16.555603,-2.453847,-10.949459,20.000000
1.421000,21,"LINK_TORSO_YAW",1.234000,0.200000,0.187000,20.000000,0.000000,0.000000,20.000000,0.000000,0.000000,0.000000,0.000000,0.012160,0.000000,0.910900,16.430303,-2.074538,-11.213449,20.000000
1.422000,21,"LINK_TORSO_YAW",1.234000,0.200000,0.188000,20.000000,0.000000,0.000000,20.000000,0.000000,0.000000,0.000000,0.000000,0.012160,0.000000,0.910900,16.408679,-2.013084,-11.256232,20.000000
1.424000,21,"LINK_TORSO_YAW",1.234000,0.200000,0.190000,20.000000,0.000000,0.000000,20.000000,0.000000,0.000000,0.000000,0.000000,0.012160,0.000000,0.910900,16.362869,-1.889450,-11.344007,20.000000
1.434000,21,"LINK_TORSO_YAW",1.234000,0.200000,0.200000,20.000000,0.000000,0.000000,20.000000,0.000000,0.000000,0.000000,0.000000,0.012160,0.000000,0.910900,16.096774,-1.257214,-11.803104,20.000000
1.436000,22,"LINK_TORSO_YAW",1.435000,0.200000,0.001000,20.000000,0.000000,0.000000,20.000000,0.000000,0.000000,0.000000,0.000000,0.012160,0.000000,0.910900,16.036861,-1.129470,-11.897200,20.000000
1.438000,22,"LINK_TORSO_YAW",1.435000,0.200000,0.003000,20.000000,0.000000,0.000000,20.000000,0.000000,0.000000,0.000000,0.000000,0.012160,0.000000,0.910900,15.971702,-0.996884,-11.996289,20.000000
1.439000,22,"LINK_TORSO_YAW",1.435000,0.200000,0.004000,20.000000,0.000000,0.000000,20.000000,0.000000,0.000000,0.000000,0.000000,0.012160,0.000000,0.910900,15.937590,-0.930279,-12.046901,20.000000
1.440000,22,"LINK_TORSO_YAW",1.435000,0.200000,0.005000,20.000000,0.000000,0.000000,20.000000,0.000000,0.000000,0.000000,0.000000,0.012160,0.000000,0.910900,15.902146,-0.860631,-12.098804,20.000000
1.441000,22,"LINK_TORSO_YAW",1.435000,0.200000,0.006000,20.000000,0.000000,0.000000,20.000000,0.000000,0.000000,0.000000,0.000000,0.012160,0.000000,0.910900,15.865362,-0.791099,-12.151726,20.000000
1.442000,22,"LINK_TORSO_YAW",1.435000,0.200000,0.007000,20.000000,0.000000,0.000000,20.000000,0.000000,0.000000,0.000000,0.000000,0.012160,0.000000,0.910900,15.827213,-0.721706,-12.205674,20.000000
1.446000,22,"LINK_TORSO_YAW",1.435000,0.200000,0.011000,20.000000,0.000000,0.000000,20.000000,0.000000,0.000000,0.000000,0.000000,0.012160,0.000000,0.910900,15.662901,-0.446012,-12.428782,20.000000
1.452000,22,"LINK_TORSO_YAW",1.435000,0.200000,0.017000,20.000000,0.000000,0.000000,20.000000,0.000000,0.000000,0.000000,0.000000,0.012160,0.000000,0.910900,15.403926,-0.039754,-12.756076,20.000000
1.461000,22,"LINK_TORSO_YAW",1.435000,0.200000,0.026000,20.000000,0.000000,0.000000,20.000000,0.000000,0.000000,0.000000,0.000000,0.012160,0.000000,0.910900,14.932542,0.576930,-13.292342,20.000000
1.468000,22,"LINK_TORSO_YAW",1.435000,0.200000,0.033000,20.000000,0.000000,0.000000,20.000000,0.000000,0.000000,0.000000,0.000000,0.012160,0.000000,0.910900,14.531455,1.030370,-13.703108,20.000000
1.471000,22,"LINK_TORSO_YAW",1.435000,0.200000,0.036000,20.000000,0.000000,0.000000,20.000000,0.000000,0.000000,0.000000,0.000000,0.012160,0.000000,0.910900,14.341686,1.227062,-13.885617,20.000000
1.472000,22,"LINK_TORSO_YAW",1.435000,0.200000,0.037000,20.000000,0.000000,0.000000,20.000000,0.000000,0.000000,0.000000,0.000000,0.012160,0.000000,0.910900,14.276667,1.291691,-13.946624,20.000000
1.473000,22,"LINK_TORSO_YAW",1.435000,0.200000,0.038000,20.000000,0.000000,0.000000,20.000000,0.000000,0.000000,0.000000,0.000000,0.012160,0.000000,0.910900,14.210725,1.355846,-14.007747,20.000000
1.478000,22,"LINK_TORSO_YAW",1.435000,0.200000,0.043000,20.000000,0.000000,0.000000,20.000000,0.000000,0.000000,0.000000,0.000000,0.012160,0.000000,0.910900,13.866641,1.669375,-14.315357,20.000000
1.480000,22,"LINK_TORSO_YAW",1.435000,0.200000,0.045000,20.000000,0.000000,0.000000,20.000000,0.000000,0.000000,0.000000,0.000000,0.012160,0.000000,0.910900,13.731104,1.788791,-14.431112,20.000000
1.481000,22,"LINK_TORSO_YAW",1.435000,0.200000,0.046000,20.000000,0.000000,0.000000,20.000000,0.000000,0.000000,0.000000,0.000000,0.012160,0.000000,0.910900,13.661852,1.847810,-14.489285,20.000000
1.487000,22,"LINK_TORSO_YAW",1.435000,0.200000,0.052000,20.000000,0.000000,0.000000,20.000000,0.000000,0.000000,0.000000,0.000000,0.012160,0.000000,0.910900,13.228157,2.191989,-14.839510,20.000000
1.488000,22,"LINK_TORSO_YAW",1.435000,0.200000,0.053000,20.000000,0.000000,0.000000,20.000000,0.000000,0.000000,0.000000,0.000000,0.012160,0.000000,0.910900,13.152672,2.247815,-14.898139,20.000000
1.492000,22,"LINK_TORSO_YAW",1.435000,0.200000,0.057000,20.000000,0.000000,0.000000,20.000000,0.000000,0.000000,0.000000,0.000000,0.012160,0.000000,0.910900,12.841536,2.467297,-15.132990,20.000000
1.494000,22,"LINK_TORSO_YAW",1.435000,0.200000,0.059000,20.000000,0.000000,0.000000,20.000000,0.000000,0.000000,0.000000,0.000000,0.012160,0.000000,0.910900,12.681919,2.574907,-15.249223,20.000000
1.495000,22,"LINK_TORSO_YAW",1.435000,0.200000,0.060000,20.000000,0.000000,0.000000,20.000000,0.000000,0.000000,0.000000,0.000000,0.012160,0.000000,0.910900,12.601221,2.628242,-15.306912,20.000000
1.498000,22,"LINK_TORSO_YAW",1.435000,0.200000,0.063000,20.000000,0.000000,0.000000,20.000000,0.000000,0.000000,0.000000,0.000000,0.012160,0.000000,0.910900,12.355278,2.786646,-15.478427,20.000000
1.499000,22,"LINK_TORSO_YAW",1.435000,0.200000,0.064000,20.000000,0.000000,0.000000,20.000000,0.000000,0.000000,0.000000,0.000000,0.012160,0.000000,0.910900,12.271903,2.838996,-15.535138,20.000000
1.500000,22,"LINK_TORSO_YAW",1.435000,0.200000,0.065000,20.000000,0.000000,0.000000,20.000000,0.000000,0.000000,0.000000,0.000000,0.012160,0.000000,0.910900,12.192581,2.889291,-15.588231,20.000000
1.501000,22,"LINK_TORSO_YAW",1.435000,0.200000,0.066000,20.000000,0.000000,0.000000,20.000000,0.000000,0.000000,0.000000,0.000000,0.012160,0.000000,0.910900,12.112236,2.939456,-15.641398,20.000000
1.503000,22,"LINK_TORSO_YAW",1.435000,0.200000,0.068000,20.000000,0.000000,0.000000,20.000000,0.000000,0.000000,0.000000,0.000000,0.012160,0.000000,0.910900,11.949030,3.039377,-15.747472,20.000000
1.504000,22,"LINK_TORSO_YAW",1.435000,0.200000,0.069000,20.000000,0.000000,0.000000,20.000000,0.000000,0.000000,0.000000,0.000000,0.012160,0.000000,0.910900,11.863763,3.089832,-15.802027,20.000000
1.505000,22,"LINK_TORSO_YAW",1.435000,0.200000,0.070000,20.000000,0.000000,0.000000,20.000000,0.000000,0.000000,0.000000,0.000000,0.012160,0.000000,0.910900,11.775084,3.140878,-15.858193,20.000000
1.506000,22,"LINK_TORSO_YAW",1.435000,0.200000,0.071000,20.000000,0.000000,0.000000,20.000000,0.000000,0.000000,0.000000,0.000000,0.012160,0.000000,0.910900,11.683039,3.192550,-15.915849,20.000000
1.507000,22,"LINK_TORSO_YAW",1.435000,0.200000,0.072000,20.000000,0.000000,0.000000,20.000000,0.000000,0.000000,0.000000,0.000000,0.012160,0.000000,0.910900,11.587679,3.244892,-15.974867,20.000000
1.508000,22,"LINK_TORSO_YAW",1.435000,0.200000,0.073000,20.000000,0.000000,0.000000,20.000000,0.000000,0.000000,0.000000,0.000000,0.012160,0.000000,0.910900,11.489063,3.297946,-16.035117,20.000000
1.509000,22,"LINK_TORSO_YAW",1.435000,0.200000,0.074000,20.000000,0.000000,0.000000,20.000000,0.000000,0.000000,0.000000,0.000000,0.012160,0.000000,0.910900,11.387329,3.351680,-16.096427,20.000000
1.510000,22,"LINK_TORSO_YAW",1.435000,0.200000,0.075000,20.000000,0.000000,0.000000,20.000000,0.000000,0.000000,0.000000,0.000000,0.012160,0.000000,0.910900,11.282537,3.406121,-16.158673,20.000000
1.511000,22,"LINK_TORSO_YAW",1.435000,0.200000,0.076000,20.000000,0.000000,0.000000,20.000000,0.000000,0.000000,0.000000,0.000000,0.012160,0.000000,0.910900,11.174747,3.461293,-16.221729,20.000000
1.512000,22,"LINK_TORSO_YAW",1.435000,0.200000,0.077000,20.000000,0.000000,0.000000,20.000000,0.000000,0.000000,0.000000,0.000000,0.012160,0.000000,0.910900,11.064041,3.517229,-16.285457,20.000000
1.513000,22,"LINK_TORSO_YAW",1.435000,0.200000,0.078000,20.000000,0.000000,0.000000,20.000000,0.000000,0.000000,0.000000,0.000000,0.012160,0.000000,0.910900,10.950455,3.573954,-16.349752,20.000000
1.514000,22,"LINK_TORSO_YAW",1.435000,0.200000,0.079000,20.000000,0.000000,0.000000,20.000000,0.000000,0.000000,0.000000,0.000000,0.012160,0.000000,0.910900,10.834028,3.631494,-16.414508,20.000000
1.515000,22,"LINK_TORSO_YAW",1.435000,0.200000,0.080000,20.000000,0.000000,0.000000,20.000000,0.000000,0.000000,0.000000,0.000000,0.012160,0.000000,0.910900,10.715364,3.689831,-16.479263,20.000000
1.516000,22,"LINK_TORSO_YAW",1.435000,0.200000,0.081000,20.000000,0.000000,0.000000,20.000000,0.000000,0.000000,0.000000,0.000000,0.012160,0.000000,0.910900,10.594658,3.748877,-16.543855,20.000000
1.517000,22,"LINK_TORSO_YAW",1.435000,0.200000,0.082000,20.000000,0.000000,0.000000,20.000000,0.000000,0.000000,0.000000,0.000000,0.012160,0.000000,0.910900,10.471931,3.808654,-16.608215,20.000000
1.539000,22,"LINK_TORSO_YAW",1.435000,0.200000,0.104000,20.000000,0.000000,0.000000,20.000000,0.000000,0.000000,0.000000,0.000000,0.012160,0.000000,0.910900,7.384682,5.307457,-17.812843,20.000000
1.540000,22,"LINK_TORSO_YAW",1.435000,0.200000,0.105000,20.000000,0.000000,0.000000,20.000000,0.000000,0.000000,0.000000,0.000000,0.012160,0.000000,0.910900,7.231714,5.383118,-17.852853,20.000000
1.541000,22,"LINK_TORSO_YAW",1.435000,0.200000,0.106000,20.000000,0.000000,0.000000,20.000000,0.000000,0.000000,0.000000,0.000000,0.012160,0.000000,0.910900,7.078135,5.459358,-17.891211,20.000000
1.542000,22,"LINK_TORSO_YAW",1.435000,0.200000,0.107000,20.000000,0.000000,0.000000,20.000000,0.000000,0.000000,0.000000,0.000000,0.012160,0.000000,0.910900,6.923919,5.536174,-17.927915,20.000000
1.562000,22,"LINK_TORSO_YAW",1.435000,0.200000,0.127000,20.000000,0.000000,0.000000,20.000000,0.000000,0.000000,0.000000,0.000000,0.012160,0.000000,0.910900,3.724711,7.161812,-18.298497,20.000000
1.563000,22,"LINK_TORSO_YAW",1.435000,0.200000,0.128000,20.000000,0.000000,0.000000,20.000000,0.000000,0.000000,0.000000,0.000000,0.012160,0.000000,0.910900,3.559129,7.248889,-18.297164,20.000000
1.564000,22,"LINK_TORSO_YAW",1.435000,0.200000,0.129000,20.000000,0.000000,0.000000,20.000000,0.000000,0.000000,0.000000,0.000000,0.012160,0.000000,0.910900,3.392524,7.338809,-18.292968,20.000000
1.565000,22,"LINK_TORSO_YAW",1.435000,0.200000,0.130000,20.000000,0.000000,0.000000,20.000000,0.000000,0.000000,0.000000,0.000000,0.012160,0.000000,0.910900,3.225061,7.430994,-18.286042,20.000000
1.566000,22,"LINK_TORSO_YAW",1.435000,0.200000,0.131000,20.000000,0.000000,0.000000,20.000000,0.000000,0.000000,0.000000,0.000000,0.012160,0.000000,0.910900,3.034298,7.535173,-18.276055,20.000000
1.567000,22,"LINK_TORSO_YAW",1.435000,0.200000,0.132000,20.000000,0.000000,0.000000,20.000000,0.000000,0.000000,0.000000,0.000000,0.012160,0.000000,0.910900,2.839128,7.644233,-18.262121,20.000000
1.568000,22,"LINK_TORSO_YAW",1.435000,0.200000,0.133000,20.000000,0.000000,0.000000,20.000000,0.000000,0.000000,0.000000,0.000000,0.012160,0.000000,0.910900,2.644263,7.755980,-18.244250,20.000000
1.569000,22,"LINK_TORSO_YAW",1.435000,0.200000,0.134000,20.000000,0.000000,0.000000,20.000000,0.000000,0.000000,0.000000,0.000000,0.012160,0.000000,0.910900,2.449796,7.868620,-18.223153,20.000000
1.570000,22,"LINK_TORSO_YAW",1.435000,0.200000,0.135000,20.000000,0.000000,0.000000,20.000000,0.000000,0.000000,0.000000,0.000000,0.012160,0.000000,0.910900,2.255755,7.981828,-18.198956,20.000000
1.571000,22,"LINK_TORSO_YAW",1.435000,0.200000,0.136000,20.000000,0.000000,0.000000,20.000000,0.000000,0.000000,0.000000,0.000000,0.012160,0.000000,0.910900,2.062155,8.095318,-18.171773,20.000000
1.572000,22,"LINK_TORSO_YAW",1.435000,0.200000,0.137000,20.000000,0.000000,0.000000,20.000000,0.000000,0.000000,0.000000,0.000000,0.012160,0.000000,0.910900,1.855284,8.214051,-18.140763,20.000000
1.573000,22,"LINK_TORSO_YAW",1.435000,0.200000,0.138000,20.000000,0.000000,0.000000,20.000000,0.000000,0.000000,0.000000,0.000000,0.012160,0.000000,0.910900,1.649374,8.332834,-18.106448,20.000000
1.574000,22,"LINK_TORSO_YAW",1.435000,0.200000,0.139000,20.000000,0.000000,0.000000,20.000000,0.000000,0.000000,0.000000,0.000000,0.012160,0.000000,0.910900,1.445007,8.451465,-18.068888,20.000000
1.575000,22,"LINK_TORSO_YAW",1.435000,0.200000,0.140000,20.000000,0.000000,0.000000,20.000000,0.000000,0.000000,0.000000,0.000000,0.012160,0.000000,0.910900,1.242148,8.569730,-18.028222,20.000000
1.576000,22,"LINK_TORSO_YAW",1.435000,0.200000,0.141000,20.000000,0.000000,0.000000,20.000000,0.000000,0.000000,0.000000,0.000000,0.012160,0.000000,0.910900,1.040761,8.687430,-17.984587,20.000000
1.577000,22,"LINK_TORSO_YAW",1.435000,0.200000,0.142000,20.000000,0.000000,0.000000,20.000000,0.000000,0.000000,0.000000,0.000000,0.012160,0.000000,0.910900,0.840492,8.805120,-17.937766,20.000000
1.578000,22,"LINK_TORSO_YAW",1.435000,0.200000,0.143000,20.000000,0.000000,0.000000,20.000000,0.000000,0.000000,0.000000,0.000000,0.012160,0.000000,0.910900,0.641369,8.922491,-17.887923,20.000000
1.579000,22,"LINK_TORSO_YAW",1.435000,0.200000,0.144000,20.000000,0.000000,0.000000,20.000000,0.000000,0.000000,0.000000,0.000000,0.012160,0.000000,0.910900,0.443451,9.039217,-17.835243,20.000000
1.580000,22,"LINK_TORSO_YAW",1.435000,0.200000,0.145000,20.000000,0.000000,0.000000,20.000000,0.000000,0.000000,0.000000,0.000000,0.012160,0.000000,0.910900,0.231739,9.152590,-17.781350,20.000000
1.581000,22,"LINK_TORSO_YAW",1.435000,0.200000,0.146000,20.000000,0.000000,0.000000,20.000000,0.000000,0.000000,0.000000,0.000000,0.012160,0.000000,0.910900,0.021885,9.265185,-17.724443,20.000000
1.590000,22,"LINK_TORSO_YAW",1.435000,0.200000,0.155000,20.000000,0.000000,0.000000,20.000000,0.000000,0.000000,0.000000,0.000000,0.012160,0.000000,0.910900,-1.768104,10.182416,-17.122856,20.000000
1.591000,22,"LINK_TORSO_YAW",1.435000,0.200000,0.156000,20.000000,0.000000,0.000000,20.000000,0.000000,0.000000,0.000000,0.000000,0.012160,0.000000,0.910900,-1.927913,10.203382,-17.093103,20.000000
1.592000,22,"LINK_TORSO_YAW",1.435000,0.200000,0.157000,20.000000,0.000000,0.000000,20.000000,0.000000,0.000000,0.000000,0.000000,0.012160,0.000000,0.910900,-2.063252,10.163548,-17.101032,20.000000
1.593000,22,"LINK_TORSO_YAW",1.435000,0.200000,0.158000,20.000000,0.000000,0.000000,20.000000,0.000000,0.000000,0.000000,0.000000,0.012160,0.000000,0.910900,-2.177380,10.076096,-17.138591,20.000000
1.594000,22,"LINK_TORSO_YAW",1.435000,0.200000,0.159000,20.000000,0.000000,0.000000,20.000000,0.000000,0.000000,0.000000,0.000000,0.012160,0.000000,0.910900,-2.275824,9.943918,-17.202881,20.000000
1.595000,22,"LINK_TORSO_YAW",1.435000,0.200000,0.160000,20.000000,0.000000,0.000000,20.000000,0.000000,0.000000,0.000000,0.000000,0.012160,0.000000,0.910900,-2.361701,9.772477,-17.289334,20.000000
1.596000,22,"LINK_TORSO_YAW",1.435000,0.200000,0.161000,20.000000,0.000000,0.000000,20.000000,0.000000,0.000000,0.000000,0.000000,0.012160,0.000000,0.910900,-2.437975,9.567410,-17.393129,20.000000
1.597000,22,"LINK_TORSO_YAW",1.435000,0.200000,0.162000,20.000000,0.000000,0.000000,20.000000,0.000000,0.000000,0.000000,0.000000,0.012160,0.000000,0.910900,-2.507130,9.333698,-17.509894,20.000000
1.598000,22,"LINK_TORSO_YAW",1.435000,0.200000,0.163000,20.000000,0.000000,0.000000,20.000000,0.000000,0.000000,0.000000,0.000000,0.012160,0.000000,0.910900,-2.570714,9.076272,-17.635553,20.000000
1.599000,22,"LINK_TORSO_YAW",1.435000,0.200000,0.164000,20.000000,0.000000,0.000000,20.000000,0.000000,0.000000,0.000000,0.000000,0.012160,0.000000,0.910900,-2.630500,8.799145,-17.766697,20.000000
1.600000,22,"LINK_TORSO_YAW",1.435000,0.200000,0.165000,20.000000,0.000000,0.000000,20.000000,0.000000,0.000000,0.000000,0.000000,0.012160,0.000000,0.910900,-2.687719,8.505788,-17.900495,20.000000
1.601000,22,"LINK_TORSO_YAW",1.435000,0.200000,0.166000,20.000000,0.000000,0.000000,20.000000,0.000000,0.000000,0.000000,0.000000,0.012160,0.000000,0.910900,-2.740222,8.212855,-18.028871,20.000000
1.602000,22,"LINK_TORSO_YAW",1.435000,0.200000,0.167000,20.000000,0.000000,0.000000,20.000000,0.000000,0.000000,0.000000,0.000000,0.012160,0.000000,0.910900,-2.778354,7.920984,-18.153202,20.000000
1.603000,22,"LINK_TORSO_YAW",1.435000,0.200000,0.168000,20.000000,0.000000,0.000000,20.000000,0.000000,0.000000,0.000000,0.000000,0.012160,0.000000,0.910900,-2.803824,7.629748,-18.273629,20.000000
1.604000,22,"LINK_TORSO_YAW",1.435000,0.200000,0.169000,20.000000,0.000000,0.000000,20.000000,0.000000,0.000000,0.000000,0.000000,0.012160,0.000000,0.910900,-2.833032,7.336214,-18.388961,20.000000
1.605000,22,"LINK_TORSO_YAW",1.435000,0.200000,0.170000,20.000000,0.000000,0.000000,20.000000,0.000000,0.000000,0.000000,0.000000,0.012160,0.000000,0.910900,-2.855478,7.043273,-18.499691,20.000000
1.606000,22,"LINK_TORSO_YAW",1.435000,0.200000,0.171000,20.000000,0.000000,0.000000,20.000000,0.000000,0.000000,0.000000,0.000000,0.012160,0.000000,0.910900,-2.870252,6.750951,-18.606083,20.000000
1.607000,22,"LINK_TORSO_YAW",1.435000,0.200000,0.172000,20.000000,0.000000,0.000000,20.000000,0.000000,0.000000,0.000000,0.000000,0.012160,0.000000,0.910900,-2.879411,6.460050,-18.707665,20.000000
1.608000,22,"LINK_TORSO_YAW",1.435000,0.200000,0.173000,20.000000,0.000000,0.000000,20.000000,0.000000,0.000000,0.000000,0.000000,0.012160,0.000000,0.910900,-2.883357,6.170457,-18.804566,20.000000
1.609000,22,"LINK_TORSO_YAW",1.435000,0.200000,0.174000,20.000000,0.000000,0.000000,20.000000,0.000000,0.000000,0.000000,0.000000,0.012160,0.000000,0.910900,-2.881856,5.882060,-18.896991,20.000000
1.610000,22,"LINK_TORSO_YAW",1.435000,0.200000,0.175000,20.000000,0.000000,0.000000,20.000000,0.000000,0.000000,0.000000,0.000000,0.012160,0.000000,0.910900,-2.875676,5.595037,-18.984890,20.000000
1.611000,22,"LINK_TORSO_YAW",1.435000,0.200000,0.176000,20.000000,0.000000,0.000000,20.000000,0.000000,0.000000,0.000000,0.000000,0.012160,0.000000,0.910900,-2.865463,5.309659,-19.068210,20.000000
1.612000,22,"LINK_TORSO_YAW",1.435000,0.200000,0.177000,20.000000,0.000000,0.000000,20.000000,0.000000,0.000000,0.000000,0.000000,0.012160,0.000000,0.910900,-2.851052,5.026650,-19.146913,20.000000
1.613000,22,"LINK_TORSO_YAW",1.435000,0.200000,0.178000,20.000000,0.000000,0.000000,20.000000,0.000000,0.000000,0.000000,0.000000,0.012160,0.000000,0.910900,-2.833415,4.746135,-19.220977,20.000000
1.614000,22,"LINK_TORSO_YAW",1.435000,0.200000,0.179000,20.000000,0.000000,0.000000,20.000000,0.000000,0.000000,0.000000,0.000000,0.012160,0.000000,0.910900,-2.813589,4.468292,-19.290362,20.000000
1.662000,23,"LINK_TORSO_YAW",1.636000,0.200000,0.026000,20.000000,0.000000,0.000000,20.000000,0.000000,0.000000,0.000000,0.000000,0.012160,0.000000,0.910900,-2.070383,-3.704575,-19.544555,20.000000
1.688000,23,"LINK_TORSO_YAW",1.636000,0.200000,0.052000,20.000000,0.000000,0.000000,20.000000,0.000000,0.000000,0.000000,0.000000,0.012160,0.000000,0.910900,-1.747673,-5.190828,-19.235409,20.000000
1.689000,23,"LINK_TORSO_YAW",1.636000,0.200000,0.053000,20.000000,0.000000,0.000000,20.000000,0.000000,0.000000,0.000000,0.000000,0.012160,0.000000,0.910900,-1.735652,-5.247647,-19.221075,20.000000
1.690000,23,"LINK_TORSO_YAW",1.636000,0.200000,0.054000,20.000000,0.000000,0.000000,20.000000,0.000000,0.000000,0.000000,0.000000,0.012160,0.000000,0.910900,-1.723151,-5.305631,-19.206276,20.000000
1.691000,23,"LINK_TORSO_YAW",1.636000,0.200000,0.055000,20.000000,0.000000,0.000000,20.000000,0.000000,0.000000,0.000000,0.000000,0.012160,0.000000,0.910900,-1.710613,-5.365137,-19.190860,20.000000
1.692000,23,"LINK_TORSO_YAW",1.636000,0.200000,0.056000,20.000000,0.000000,0.000000,20.000000,0.000000,0.000000,0.000000,0.000000,0.012160,0.000000,0.910900,-1.698082,-5.426263,-19.174780,20.000000
1.694000,23,"LINK_TORSO_YAW",1.636000,0.200000,0.058000,20.000000,0.000000,0.000000,20.000000,0.000000,0.000000,0.000000,0.000000,0.012160,0.000000,0.910900,-1.673156,-5.553770,-19.140433,20.000000
1.695000,23,"LINK_TORSO_YAW",1.636000,0.200000,0.059000,20.000000,0.000000,0.000000,20.000000,0.000000,0.000000,0.000000,0.000000,0.012160,0.000000,0.910900,-1.662007,-5.619758,-19.122135,20.000000
1.696000,23,"LINK_TORSO_YAW",1.636000,0.200000,0.060000,20.000000,0.000000,0.000000,20.000000,0.000000,0.000000,0.000000,0.000000,0.012160,0.000000,0.910900,-1.639056,-5.687264,-19.104149,20.000000
1.697000,23,"LINK_TORSO_YAW",1.636000,0.200000,0.061000,20.000000,0.000000,0.000000,20.000000,0.000000,0.000000,0.000000,0.000000,0.012160,0.000000,0.910900,-1.605421,-5.755807,-19.086469,20.000000
1.698000,23,"LINK_TORSO_YAW",1.636000,0.200000,0.062000,20.000000,0.000000,0.000000,20.000000,0.000000,0.000000,0.000000,0.000000,0.012160,0.000000,0.910900,-1.562895,-5.825237,-19.068927,20.000000
1.699000,23,"LINK_TORSO_YAW",1.636000,0.200000,0.063000,20.000000,0.000000,0.000000,20.000000,0.000000,0.000000,0.000000,0.000000,0.012160,0.000000,0.910900,-1.513154,-5.895661,-19.051287,20.000000
1.700000,23,"LINK_TORSO_YAW",1.636000,0.200000,0.064000,20.000000,0.000000,0.000000,20.000000,0.000000,0.000000,0.000000,0.000000,0.012160,0.000000,0.910900,-1.457531,-5.967203,-19.033342,20.000000
1.701000,23,"LINK_TORSO_YAW",1.636000,0.200000,0.065000,20.000000,0.000000,0.000000,20.000000,0.000000,0.000000,0.000000,0.000000,0.012160,0.000000,0.910900,-1.397253,-6.039969,-19.014901,20.000000
1.702000,23,"LINK_TORSO_YAW",1.636000,0.200000,0.066000,20.000000,0.000000,0.000000,20.000000,0.000000,0.000000,0.000000,0.000000,0.012160,0.000000,0.910900,-1.333364,-6.114059,-18.995800,20.000000
1.703000,23,"LINK_TORSO_YAW",1.636000,0.200000,0.067000,20.000000,0.000000,0.000000,20.000000,0.000000,0.000000,0.000000,0.000000,0.012160,0.000000,0.910900,-1.267470,-6.189762,-18.975784,20.000000
1.704000,23,"LINK_TORSO_YAW",1.636000,0.200000,0.068000,20.000000,0.000000,0.000000,20.000000,0.000000,0.000000,0.000000,0.000000,0.012160,0.000000,0.910900,-1.200280,-6.267168,-18.954734,20.000000
1.705000,23,"LINK_TORSO_YAW",1.636000,0.200000,0.069000,20.000000,0.000000,0.000000,20.000000,0.000000,0.000000,0.000000,0.000000,0.012160,0.000000,0.910900,-1.135739,-6.346683,-18.932240,20.000000
1.706000,23,"LINK_TORSO_YAW",1.636000,0.200000,0.070000,20.000000,0.000000,0.000000,20.000000,0.000000,0.000000,0.000000,0.000000,0.012160,0.000000,0.910900,-1.073760,-6.428319,-18.908299,20.000000
1.707000,23,"LINK_TORSO_YAW",1.636000,0.200000,0.071000,20.000000,0.000000,0.000000,20.000000,0.000000,0.000000,0.000000,0.000000,0.012160,0.000000,0.910900,-1.014265,-6.512083,-18.882904,20.000000
1.708000,23,"LINK_TORSO_YAW",1.636000,0.200000,0.072000,20.000000,0.000000,0.000000,20.000000,0.000000,0.000000,0.000000,0.000000,0.012160,0.000000,0.910900,-0.957183,-6.597978,-18.856046,20.000000
1.718000,23,"LINK_TORSO_YAW",1.636000,0.200000,0.082000,20.000000,0.000000,0.000000,20.000000,0.000000,0.000000,0.000000,0.000000,0.012160,0.000000,0.910900,-0.519022,-7.585155,-18.498542,20.000000
1.719000,23,"LINK_TORSO_YAW",1.636000,0.200000,0.083000,20.000000,0.000000,0.000000,20.000000,0.000000,0.000000,0.000000,0.000000,0.012160,0.000000,0.910900,-0.479503,-7.694939,-18.454214,20.000000
1.720000,23,"LINK_TORSO_YAW",1.636000,0.200000,0.084000,20.000000,0.000000,0.000000,20.000000,0.000000,0.000000,0.000000,0.000000,0.012160,0.000000,0.910900,-0.434570,-7.805155,-18.408984,20.000000
1.721000,23,"LINK_TORSO_YAW",1.636000,0.200000,0.085000,20.000000,0.000000,0.000000,20.000000,0.000000,0.000000,0.000000,0.000000,0.012160,0.000000,0.910900,-0.385135,-7.915880,-18.362748,20.000000
1.722000,23,"LINK_TORSO_YAW",1.636000,0.200000,0.086000,20.000000,0.000000,0.000000,20.000000,0.000000,0.000000,0.000000,0.000000,0.012160,0.000000,0.910900,-0.332529,-8.027400,-18.315301,20.000000
1.723000,23,"LINK_TORSO_YAW",1.636000,0.200000,0.087000,20.000000,0.000000,0.000000,20.000000,0.000000,0.000000,0.000000,0.000000,0.012160,0.000000,0.910900,-0.277448,-8.139702,-18.266589,20.000000
1.724000,23,"LINK_TORSO_YAW",1.636000,0.200000,0.088000,20.000000,0.000000,0.000000,20.000000,0.000000,0.000000,0.000000,0.000000,0.012160,0.000000,0.910900,-0.220720,-8.252944,-18.216481,20.000000
1.725000,23,"LINK_TORSO_YAW",1.636000,0.200000,0.089000,20.000000,0.000000,0.000000,20.000000,0.000000,0.000000,0.000000,0.000000,0.012160,0.000000,0.910900,-0.163031,-8.367240,-18.164876,20.000000
1.726000,23,"LINK_TORSO_YAW",1.636000,0.200000,0.090000,20.000000,0.000000,0.000000,20.000000,0.000000,0.000000,0.000000,0.000000,0.012160,0.000000,0.910900,-0.104974,-8.482681,-18.111684,20.000000
1.729000,23,"LINK_TORSO_YAW",1.636000,0.200000,0.093000,20.000000,0.000000,0.000000,20.000000,0.000000,0.000000,0.000000,0.000000,0.012160,0.000000,0.910900,0.059559,-8.838245,-17.941067,20.000000
1.730000,23,"LINK_TORSO_YAW",1.636000,0.200000,0.094000,20.000000,0.000000,0.000000,20.000000,0.000000,0.000000,0.000000,0.000000,0.012160,0.000000,0.910900,0.105818,-8.945213,-17.887760,20.000000
1.731000,23,"LINK_TORSO_YAW",1.636000,0.200000,0.095000,20.000000,0.000000,0.000000,20.000000,0.000000,0.000000,0.000000,0.000000,0.012160,0.000000,0.910900,0.147123,-9.040842,-17.839325,20.000000
1.732000,23,"LINK_TORSO_YAW",1.636000,0.200000,0.096000,20.000000,0.000000,0.000000,20.000000,0.000000,0.000000,0.000000,0.000000,0.012160,0.000000,0.910900,0.184370,-9.127563,-17.794763,20.000000
1.733000,23,"LINK_TORSO_YAW",1.636000,0.200000,0.097000,20.000000,0.000000,0.000000,20.000000,0.000000,0.000000,0.000000,0.000000,0.012160,0.000000,0.910900,0.217666,-9.206918,-17.753459,20.000000
1.734000,23,"LINK_TORSO_YAW",1.636000,0.200000,0.098000,20.000000,0.000000,0.000000,20.000000,0.000000,0.000000,0.000000,0.000000,0.012160,0.000000,0.910900,0.247044,-9.279984,-17.714990,20.000000
1.735000,23,"LINK_TORSO_YAW",1.636000,0.200000,0.099000,20.000000,0.000000,0.000000,20.000000,0.000000,0.000000,0.000000,0.000000,0.012160,0.000000,0.910900,0.272621,-9.347841,-17.678901,20.000000
1.736000,23,"LINK_TORSO_YAW",1.636000,0.200000,0.100000,20.000000,0.000000,0.000000,20.000000,0.000000,0.000000,0.000000,0.000000,0.012160,0.000000,0.910900,0.294040,-9.411385,-17.644812,20.000000
1.737000,23,"LINK_TORSO_YAW",1.636000,0.200000,0.101000,20.000000,0.000000,0.000000,20.000000,0.000000,0.000000,0.000000,0.000000,0.012160,0.000000,0.910900,0.310320,-9.468214,-17.614103,20.000000
1.738000,23,"LINK_TORSO_YAW",1.636000,0.200000,0.102000,20.000000,0.000000,0.000000,20.000000,0.000000,0.000000,0.000000,0.000000,0.012160,0.000000,0.910900,0.322677,-9.522124,-17.584795,20.000000
1.739000,23,"LINK_TORSO_YAW",1.636000,0.200000,0.103000,20.000000,0.000000,0.000000,20.000000,0.000000,0.000000,0.000000,0.000000,0.012160,0.000000,0.910900,0.331229,-9.573536,-17.556700,20.000000
1.740000,23,"LINK_TORSO_YAW",1.636000,0.200000,0.104000,20.000000,0.000000,0.000000,20.000000,0.000000,0.000000,0.000000,0.000000,0.012160,0.000000,0.910900,0.336091,-9.622825,-17.529640,20.000000
1.741000,23,"LINK_TORSO_YAW",1.636000,0.200000,0.105000,20.000000,0.000000,0.000000,20.000000,0.000000,0.000000,0.000000,0.000000,0.012160,0.000000,0.910900,0.349368,-9.657605,-17.510243,20.000000
1.742000,23,"LINK_TORSO_YAW",1.636000,0.200000,0.106000,20.000000,0.000000,0.000000,20.000000,0.000000,0.000000,0.000000,0.000000,0.012160,0.000000,0.910900,0.358574,-9.691168,-17.491503,20.000000
1.743000,23,"LINK_TORSO_YAW",1.636000,0.200000,0.107000,20.000000,0.000000,0.000000,20.000000,0.000000,0.000000,0.000000,0.000000,0.012160,0.000000,0.910900,0.364408,-9.723958,-17.473175,20.000000
1.744000,23,"LINK_TORSO_YAW",1.636000,0.200000,0.108000,20.000000,0.000000,0.000000,20.000000,0.000000,0.000000,0.000000,0.000000,0.012160,0.000000,0.910900,0.366926,-9.756161,-17.455162,20.000000
1.745000,23,"LINK_TORSO_YAW",1.636000,0.200000,0.109000,20.000000,0.000000,0.000000,20.000000,0.000000,0.000000,0.000000,0.000000,0.012160,0.000000,0.910900,0.366214,-9.787931,-17.437382,20.000000
1.746000,23,"LINK_TORSO_YAW",1.636000,0.200000,0.110000,20.000000,0.000000,0.000000,20.000000,0.000000,0.000000,0.000000,0.000000,0.012160,0.000000,0.910900,0.362404,-9.819394,-17.419763,20.000000
1.747000,23,"LINK_TORSO_YAW",1.636000,0.200000,0.111000,20.000000,0.000000,0.000000,20.000000,0.000000,0.000000,0.000000,0.000000,0.012160,0.000000,0.910900,0.355541,-9.850598,-17.402279,20.000000
1.748000,23,"LINK_TORSO_YAW",1.636000,0.200000,0.112000,20.000000,0.000000,0.000000,20.000000,0.000000,0.000000,0.000000,0.000000,0.012160,0.000000,0.910900,0.345159,-9.881559,-17.384926,20.000000
1.749000,23,"LINK_TORSO_YAW",1.636000,0.200000,0.113000,20.000000,0.000000,0.000000,20.000000,0.000000,0.000000,0.000000,0.000000,0.012160,0.000000,0.910900,0.330345,-9.903498,-17.372726,20.000000
1.750000,23,"LINK_TORSO_YAW",1.636000,0.200000,0.114000,20.000000,0.000000,0.000000,20.000000,0.000000,0.000000,0.000000,0.000000,0.012160,0.000000,0.910900,0.312013,-9.925336,-17.360598,20.000000
1.751000,23,"LINK_TORSO_YAW",1.636000,0.200000,0.115000,20.000000,0.000000,0.000000,20.000000,0.000000,0.000000,0.000000,0.000000,0.012160,0.000000,0.910900,0.297016,-9.938721,-17.353201,20.000000
1.752000,23,"LINK_TORSO_YAW",1.636000,0.200000,0.116000,20.000000,0.000000,0.000000,20.000000,0.000000,0.000000,0.000000,0.000000,0.012160,0.000000,0.910900,0.278486,-9.952594,-17.345556,20.000000
1.755000,23,"LINK_TORSO_YAW",1.636000,0.200000,0.119000,20.000000,0.000000,0.000000,20.000000,0.000000,0.000000,0.000000,0.000000,0.012160,0.000000,0.910900,0.207570,-10.016074,-17.309973,20.000000
1.756000,23,"LINK_TORSO_YAW",1.636000,0.200000,0.120000,20.000000,0.000000,0.000000,20.000000,0.000000,0.000000,0.000000,0.000000,0.012160,0.000000,0.910900,0.179781,-10.044148,-17.294010,20.000000
1.760000,23,"LINK_TORSO_YAW",1.636000,0.200000,0.124000,20.000000,0.000000,0.000000,20.000000,0.000000,0.000000,0.000000,0.000000,0.012160,0.000000,0.910900,0.050334,-10.189486,-17.209644,20.000000
1.762000,23,"LINK_TORSO_YAW",1.636000,0.200000,0.126000,20.000000,0.000000,0.000000,20.000000,0.000000,0.000000,0.000000,0.000000,0.012160,0.000000,0.910900,-0.024019,-10.281528,-17.154871,20.000000
1.763000,23,"LINK_TORSO_YAW",1.636000,0.200000,0.127000,20.000000,0.000000,0.000000,20.000000,0.000000,0.000000,0.000000,0.000000,0.012160,0.000000,0.910900,-0.063649,-10.332243,-17.124272,20.000000
1.764000,23,"LINK_TORSO_YAW",1.636000,0.200000,0.128000,20.000000,0.000000,0.000000,20.000000,0.000000,0.000000,0.000000,0.000000,0.012160,0.000000,0.910900,-0.104858,-10.385980,-17.091531,20.000000
1.765000,23,"LINK_TORSO_YAW",1.636000,0.200000,0.129000,20.000000,0.000000,0.000000,20.000000,0.000000,0.000000,0.000000,0.000000,0.012160,0.000000,0.910900,-0.147021,-10.442478,-17.056759,20.000000
1.767000,23,"LINK_TORSO_YAW",1.636000,0.200000,0.131000,20.000000,0.000000,0.000000,20.000000,0.000000,0.000000,0.000000,0.000000,0.012160,0.000000,0.910900,-0.233412,-10.562307,-16.981849,20.000000
1.768000,23,"LINK_TORSO_YAW",1.636000,0.200000,0.132000,20.000000,0.000000,0.000000,20.000000,0.000000,0.000000,0.000000,0.000000,0.012160,0.000000,0.910900,-0.277376,-10.625476,-16.941733,20.000000
1.769000,23,"LINK_TORSO_YAW",1.636000,0.200000,0.133000,20.000000,0.000000,0.000000,20.000000,0.000000,0.000000,0.000000,0.000000,0.012160,0.000000,0.910900,-0.325789,-10.685129,-16.903309,20.000000
1.770000,23,"LINK_TORSO_YAW",1.636000,0.200000,0.134000,20.000000,0.000000,0.000000,20.000000,0.000000,0.000000,0.000000,0.000000,0.012160,0.000000,0.910900,-0.374297,-10.738255,-16.868604,20.000000
1.771000,23,"LINK_TORSO_YAW",1.636000,0.200000,0.135000,20.000000,0.000000,0.000000,20.000000,0.000000,0.000000,0.000000,0.000000,0.012160,0.000000,0.910900,-0.424326,-10.784512,-16.837881,20.000000
1.772000,23,"LINK_TORSO_YAW",1.636000,0.200000,0.136000,20.000000,0.000000,0.000000,20.000000,0.000000,0.000000,0.000000,0.000000,0.012160,0.000000,0.910900,-0.466269,-10.813139,-16.818401,20.000000
1.773000,23,"LINK_TORSO_YAW",1.636000,0.200000,0.137000,20.000000,0.000000,0.000000,20.000000,0.000000,0.000000,0.000000,0.000000,0.012160,0.000000,0.910900,-0.509846,-10.836684,-16.801974,20.000000
1.774000,23,"LINK_TORSO_YAW",1.636000,0.200000,0.138000,20.000000,0.000000,0.000000,20.000000,0.000000,0.000000,0.000000,0.000000,0.012160,0.000000,0.910900,-0.554872,-10.856122,-16.787994,20.000000
1.775000,23,"LINK_TORSO_YAW",1.636000,0.200000,0.139000,20.000000,0.000000,0.000000,20.000000,0.000000,0.000000,0.000000,0.000000,0.012160,0.000000,0.910900,-0.600844,-10.872262,-16.775962,20.000000
1.776000,23,"LINK_TORSO_YAW",1.636000,0.200000,0.140000,20.000000,0.000000,0.000000,20.000000,0.000000,0.000000,0.000000,0.000000,0.012160,0.000000,0.910900,-0.646610,-10.890728,-16.762277,20.000000
1.777000,23,"LINK_TORSO_YAW",1.636000,0.200000,0.141000,20.000000,0.000000,0.000000,20.000000,0.000000,0.000000,0.000000,0.000000,0.012160,0.000000,0.910900,-0.692145,-10.911465,-16.746966,20.000000
1.778000,23,"LINK_TORSO_YAW",1.636000,0.200000,0.142000,20.000000,0.000000,0.000000,20.000000,0.000000,0.000000,0.000000,0.000000,0.012160,0.000000,0.910900,-0.737433,-10.934420,-16.730053,20.000000
1.779000,23,"LINK_TORSO_YAW",1.636000,0.200000,0.143000,20.000000,0.000000,0.000000,20.000000,0.000000,0.000000,0.000000,0.000000,0.012160,0.000000,0.910900,-0.782469,-10.959539,-16.711560,20.000000
1.780000,23,"LINK_TORSO_YAW",1.636000,0.200000,0.144000,20.000000,0.000000,0.000000,20.000000,0.000000,0.000000,0.000000,0.000000,0.012160,0.000000,0.910900,-0.827260,-10.986768,-16.691512,20.000000
1.781000,23,"LINK_TORSO_YAW",1.636000,0.200000,0.145000,20.000000,0.000000,0.000000,20.000000,0.000000,0.000000,0.000000,0.000000,0.012160,0.000000,0.910900,-0.871598,-11.015882,-16.670053,20.000000
1.782000,23,"LINK_TORSO_YAW",1.636000,0.200000,0.146000,20.000000,0.000000,0.000000,20.000000,0.000000,0.000000,0.000000,0.000000,0.012160,0.000000,0.910900,-0.915519,-11.046839,-16.647197,20.000000
1.783000,23,"LINK_TORSO_YAW",1.636000,0.200000,0.147000,20.000000,0.000000,0.000000,20.000000,0.000000,0.000000,0.000000,0.000000,0.012160,0.000000,0.910900,-0.959064,-11.079595,-16.622959,20.000000
1.784000,23,"LINK_TORSO_YAW",1.636000,0.200000,0.148000,20.000000,0.000000,0.000000,20.000000,0.000000,0.000000,0.000000,0.000000,0.012160,0.000000,0.910900,-1.002277,-11.114105,-16.597353,20.000000
1.785000,23,"LINK_TORSO_YAW",1.636000,0.200000,0.149000,20.000000,0.000000,0.000000,20.000000,0.000000,0.000000,0.000000,0.000000,0.012160,0.000000,0.910900,-1.045207,-11.150322,-16.570391,20.000000
1.786000,23,"LINK_TORSO_YAW",1.636000,0.200000,0.150000,20.000000,0.000000,0.000000,20.000000,0.000000,0.000000,0.000000,0.000000,0.012160,0.000000,0.910900,-1.088311,-11.187028,-16.542853,20.000000
1.787000,23,"LINK_TORSO_YAW",1.636000,0.200000,0.151000,20.000000,0.000000,0.000000,20.000000,0.000000,0.000000,0.000000,0.000000,0.012160,0.000000,0.910900,-1.131188,-11.217397,-16.519395,20.000000
1.788000,23,"LINK_TORSO_YAW",1.636000,0.200000,0.152000,20.000000,0.000000,0.000000,20.000000,0.000000,0.000000,0.000000,0.000000,0.012160,0.000000,0.910900,-1.173601,-11.242401,-16.499427,20.000000
1.789000,23,"LINK_TORSO_YAW",1.636000,0.200000,0.153000,20.000000,0.000000,0.000000,20.000000,0.000000,0.000000,0.000000,0.000000,0.012160,0.000000,0.910900,-1.215295,-11.262453,-16.482725,20.000000
1.790000,23,"LINK_TORSO_YAW",1.636000,0.200000,0.154000,20.000000,0.000000,0.000000,20.000000,0.000000,0.000000,0.000000,0.000000,0.012160,0.000000,0.910900,-1.256363,-11.278416,-16.468724,20.000000
1.791000,23,"LINK_TORSO_YAW",1.636000,0.200000,0.155000,20.000000,0.000000,0.000000,20.000000,0.000000,0.000000,0.000000,0.000000,0.012160,0.000000,0.910900,-1.296888,-11.291016,-16.456945,20.000000
1.792000,23,"LINK_TORSO_YAW",1.636000,0.200000,0.156000,20.000000,0.000000,0.000000,20.000000,0.000000,0.000000,0.000000,0.000000,0.012160,0.000000,0.910900,-1.336698,-11.304916,-16.444212,20.000000
1.793000,23,"LINK_TORSO_YAW",1.636000,0.200000,0.157000,20.000000,0.000000,0.000000,20.000000,0.000000,0.000000,0.000000,0.000000,0.012160,0.000000,0.910900,-1.375923,-11.320108,-16.430520,20.000000
1.794000,23,"LINK_TORSO_YAW",1.636000,0.200000,0.158000,20.000000,0.000000,0.000000,20.000000,0.000000,0.000000,0.000000,0.000000,0.012160,0.000000,0.910900,-1.414502,-11.336541,-16.415908,20.000000
1.795000,23,"LINK_TORSO_YAW",1.636000,0.200000,0.159000,20.000000,0.000000,0.000000,20.000000,0.000000,0.000000,0.000000,0.000000,0.012160,0.000000,0.910900,-1.452545,-11.354235,-16.400350,20.000000
1.796000,23,"LINK_TORSO_YAW",1.636000,0.200000,0.160000,20.000000,0.000000,0.000000,20.000000,0.000000,0.000000,0.000000,0.000000,0.012160,0.000000,0.910900,-1.490169,-11.373193,-16.383829,20.000000
1.797000,23,"LINK_TORSO_YAW",1.636000,0.200000,0.161000,20.000000,0.000000,0.000000,20.000000,0.000000,0.000000,0.000000,0.000000,0.012160,0.000000,0.910900,-1.527481,-11.393415,-16.366334,20.000000
1.798000,23,"LINK_TORSO_YAW",1.636000,0.200000,0.162000,20.000000,0.000000,0.000000,20.000000,0.000000,0.000000,0.000000,0.000000,0.012160,0.000000,0.910900,-1.563999,-11.414695,-16.348047,20.000000
1.799000,23,"LINK_TORSO_YAW",1.636000,0.200000,0.163000,20.000000,0.000000,0.000000,20.000000,0.000000,0.000000,0.000000,0.000000,0.012160,0.000000,0.910900,-1.599825,-11.437033,-16.328957,20.000000
1.800000,23,"LINK_TORSO_YAW",1.636000,0.200000,0.164000,20.000000,0.000000,0.000000,20.000000,0.000000,0.000000,0.000000,0.000000,0.012160,0.000000,0.910900,-1.635054,-11.460431,-16.309050,20.000000
1.801000,23,"LINK_TORSO_YAW",1.636000,0.200000,0.165000,20.000000,0.000000,0.000000,20.000000,0.000000,0.000000,0.000000,0.000000,0.012160,0.000000,0.910900,-1.669828,-11.479285,-16.292258,20.000000
1.802000,23,"LINK_TORSO_YAW",1.636000,0.200000,0.166000,20.000000,0.000000,0.000000,20.000000,0.000000,0.000000,0.000000,0.000000,0.012160,0.000000,0.910900,-1.704205,-11.494361,-16.278063,20.000000
1.803000,23,"LINK_TORSO_YAW",1.636000,0.200000,0.167000,20.000000,0.000000,0.000000,20.000000,0.000000,0.000000,0.000000,0.000000,0.012160,0.000000,0.910900,-1.738261,-11.506301,-16.266023,20.000000
1.805000,23,"LINK_TORSO_YAW",1.636000,0.200000,0.169000,20.000000,0.000000,0.000000,20.000000,0.000000,0.000000,0.000000,0.000000,0.012160,0.000000,0.910900,-1.805668,-11.526130,-16.244626,20.000000
1.806000,23,"LINK_TORSO_YAW",1.636000,0.200000,0.170000,20.000000,0.000000,0.000000,20.000000,0.000000,0.000000,0.000000,0.000000,0.012160,0.000000,0.910900,-1.839088,-11.537713,-16.232650,20.000000
1.807000,23,"LINK_TORSO_YAW",1.636000,0.200000,0.171000,20.000000,0.000000,0.000000,20.000000,0.000000,0.000000,0.000000,0.000000,0.012160,0.000000,0.910900,-1.872004,-11.552067,-16.218673,20.000000
1.808000,23,"LINK_TORSO_YAW",1.636000,0.200000,0.172000,20.000000,0.000000,0.000000,20.000000,0.000000,0.000000,0.000000,0.000000,0.012160,0.000000,0.910900,-1.904866,-11.567422,-16.203896,20.000000
