timestamp,perturbation_id,body_name,start_time,duration,elapsed_time,force_x,force_y,force_z,force_magnitude,torque_x,torque_y,torque_z,torque_magnitude,std_pose_x,std_pose_y,std_pose_z,world_force_x,world_force_y,world_force_z,world_force_magnitude
0.102500,1,"LINK_TORSO_YAW",0.102400,0.200000,0.000100,20.000000,0.000000,0.000000,20.000000,0.000000,0.000000,0.000000,0.000000,0.012160,0.000000,0.910900,19.994558,0.002726,0.466515,20.000000
0.102600,1,"LINK_TORSO_YAW",0.102400,0.200000,0.000200,20.000000,0.000000,0.000000,20.000000,0.000000,0.000000,0.000000,0.000000,0.012160,0.000000,0.910900,19.994535,0.002731,0.467511,20.000000
0.102700,1,"LINK_TORSO_YAW",0.102400,0.200000,0.000300,20.000000,0.000000,0.000000,20.000000,0.000000,0.000000,0.000000,0.000000,0.012160,0.000000,0.910900,19.994512,0.002737,0.468506,20.000000
0.102800,1,"LINK_TORSO_YAW",0.102400,0.200000,0.000400,20.000000,0.000000,0.000000,20.000000,0.000000,0.000000,0.000000,0.000000,0.012160,0.000000,0.910900,19.994488,0.002742,0.469500,20.000000
0.102900,1,"LINK_TORSO_YAW",0.102400,0.200000,0.000500,20.000000,0.000000,0.000000,20.000000,0.000000,0.000000,0.000000,0.000000,0.012160,0.000000,0.910900,19.994465,0.002747,0.470493,20.000000
0.103000,1,"LINK_TORSO_YAW",0.102400,0.200000,0.000600,20.000000,0.000000,0.000000,20.000000,0.000000,0.000000,0.000000,0.000000,0.012160,0.000000,0.910900,19.994442,0.002753,0.471484,20.000000
0.103100,1,"LINK_TORSO_YAW",0.102400,0.200000,0.000700,20.000000,0.000000,0.000000,20.000000,0.000000,0.000000,0.000000,0.000000,0.012160,0.000000,0.910900,19.994418,0.002758,0.472472,20.000000
0.103200,1,"LINK_TORSO_YAW",0.102400,0.200000,0.000800,20.000000,0.000000,0.000000,20.000000,0.000000,0.000000,0.000000,0.000000,0.012160,0.000000,0.910900,19.994395,0.002764,0.473457,20.000000
0.103300,1,"LINK_TORSO_YAW",0.102400,0.200000,0.000900,20.000000,0.000000,0.000000,20.000000,0.000000,0.000000,0.000000,0.000000,0.012160,0.000000,0.910900,19.994372,0.002770,0.474439,20.000000
0.103400,1,"LINK_TORSO_YAW",0.102400,0.200000,0.001000,20.000000,0.000000,0.000000,20.000000,0.000000,0.000000,0.000000,0.000000,0.012160,0.000000,0.910900,19.994348,0.002776,0.475417,20.000000
0.103500,1,"LINK_TORSO_YAW",0.102400,0.200000,0.001100,20.000000,0.000000,0.000000,20.000000,0.000000,0.000000,0.000000,0.000000,0.012160,0.000000,0.910900,19.994325,0.002782,0.476390,20.000000
0.103600,1,"LINK_TORSO_YAW",0.102400,0.200000,0.001200,20.000000,0.000000,0.000000,20.000000,0.000000,0.000000,0.000000,0.000000,0.012160,0.000000,0.910900,19.994302,0.002788,0.477363,20.000000
0.103700,1,"LINK_TORSO_YAW",0.102400,0.200000,0.001300,20.000000,0.000000,0.000000,20.000000,0.000000,0.000000,0.000000,0.000000,0.012160,0.000000,0.910900,19.994279,0.002794,0.478336,20.000000
0.103800,1,"LINK_TORSO_YAW",0.102400,0.200000,0.001400,20.000000,0.000000,0.000000,20.000000,0.000000,0.000000,0.000000,0.000000,0.012160,0.000000,0.910900,19.994256,0.002800,0.479308,20.000000
0.103900,1,"LINK_TORSO_YAW",0.102400,0.200000,0.001500,20.000000,0.000000,0.000000,20.000000,0.000000,0.000000,0.000000,0.000000,0.012160,0.000000,0.910900,19.994232,0.002806,0.480279,20.000000
0.104000,1,"LINK_TORSO_YAW",0.102400,0.200000,0.001600,20.000000,0.000000,0.000000,20.000000,0.000000,0.000000,0.000000,0.000000,0.012160,0.000000,0.910900,19.994209,0.002813,0.481248,20.000000
0.104100,1,"LINK_TORSO_YAW",0.102400,0.200000,0.001700,20.000000,0.000000,0.000000,20.000000,0.000000,0.000000,0.000000,0.000000,0.012160,0.000000,0.910900,19.994186,0.002819,0.482215,20.000000
0.104200,1,"LINK_TORSO_YAW",0.102400,0.200000,0.001800,20.000000,0.000000,0.000000,20.000000,0.000000,0.000000,0.000000,0.000000,0.012160,0.000000,0.910900,19.994162,0.002826,0.483178,20.000000
0.104300,1,"LINK_TORSO_YAW",0.102400,0.200000,0.001900,20.000000,0.000000,0.000000,20.000000,0.000000,0.000000,0.000000,0.000000,0.012160,0.000000,0.910900,19.994139,0.002832,0.484138,20.000000
0.104400,1,"LINK_TORSO_YAW",0.102400,0.200000,0.002000,20.000000,0.000000,0.000000,20.000000,0.000000,0.000000,0.000000,0.000000,0.012160,0.000000,0.910900,19.994116,0.002839,0.485094,20.000000
0.104500,1,"LINK_TORSO_YAW",0.102400,0.200000,0.002100,20.000000,0.000000,0.000000,20.000000,0.000000,0.000000,0.000000,0.000000,0.012160,0.000000,0.910900,19.994093,0.002846,0.486045,20.000000
0.104600,1,"LINK_TORSO_YAW",0.102400,0.200000,0.002200,20.000000,0.000000,0.000000,20.000000,0.000000,0.000000,0.000000,0.000000,0.012160,0.000000,0.910900,19.994070,0.002853,0.486991,20.000000
0.104700,1,"LINK_TORSO_YAW",0.102400,0.200000,0.002300,20.000000,0.000000,0.000000,20.000000,0.000000,0.000000,0.000000,0.000000,0.012160,0.000000,0.910900,19.994047,0.002860,0.487937,20.000000
0.104800,1,"LINK_TORSO_YAW",0.102400,0.200000,0.002400,20.000000,0.000000,0.000000,20.000000,0.000000,0.000000,0.000000,0.000000,0.012160,0.000000,0.910900,19.994024,0.002868,0.488883,20.000000
0.104900,1,"LINK_TORSO_YAW",0.102400,0.200000,0.002500,20.000000,0.000000,0.000000,20.000000,0.000000,0.000000,0.000000,0.000000,0.012160,0.000000,0.910900,19.994001,0.002875,0.489828,20.000000
0.105000,1,"LINK_TORSO_YAW",0.102400,0.200000,0.002600,20.000000,0.000000,0.000000,20.000000,0.000000,0.000000,0.000000,0.000000,0.012160,0.000000,0.910900,19.993977,0.002882,0.490772,20.000000
0.105100,1,"LINK_TORSO_YAW",0.102400,0.200000,0.002700,20.000000,0.000000,0.000000,20.000000,0.000000,0.000000,0.000000,0.000000,0.012160,0.000000,0.910900,19.993954,0.002890,0.491714,20.000000
0.105200,1,"LINK_TORSO_YAW",0.102400,0.200000,0.002800,20.000000,0.000000,0.000000,20.000000,0.000000,0.000000,0.000000,0.000000,0.012160,0.000000,0.910900,19.993931,0.002897,0.492654,20.000000
0.105300,1,"LINK_TORSO_YAW",0.102400,0.200000,0.002900,20.000000,0.000000,0.000000,20.000000,0.000000,0.000000,0.000000,0.000000,0.012160,0.000000,0.910900,19.993908,0.002905,0.493590,20.000000
0.105400,1,"LINK_TORSO_YAW",0.102400,0.200000,0.003000,20.000000,0.000000,0.000000,20.000000,0.000000,0.000000,0.000000,0.000000,0.012160,0.000000,0.910900,19.993885,0.002912,0.494523,20.000000
0.105500,1,"LINK_TORSO_YAW",0.102400,0.200000,0.003100,20.000000,0.000000,0.000000,20.000000,0.000000,0.000000,0.000000,0.000000,0.012160,0.000000,0.910900,19.993862,0.002920,0.495452,20.000000
0.105600,1,"LINK_TORSO_YAW",0.102400,0.200000,0.003200,20.000000,0.000000,0.000000,20.000000,0.000000,0.000000,0.000000,0.000000,0.012160,0.000000,0.910900,19.993839,0.002928,0.496376,20.000000
0.105700,1,"LINK_TORSO_YAW",0.102400,0.200000,0.003300,20.000000,0.000000,0.000000,20.000000,0.000000,0.000000,0.000000,0.000000,0.012160,0.000000,0.910900,19.993816,0.002936,0.497295,20.000000
0.105800,1,"LINK_TORSO_YAW",0.102400,0.200000,0.003400,20.000000,0.000000,0.000000,20.000000,0.000000,0.000000,0.000000,0.000000,0.012160,0.000000,0.910900,19.993793,0.002945,0.498215,20.000000
0.105900,1,"LINK_TORSO_YAW",0.102400,0.200000,0.003500,20.000000,0.000000,0.000000,20.000000,0.000000,0.000000,0.000000,0.000000,0.012160,0.000000,0.910900,19.993770,0.002953,0.499134,20.000000
0.106000,1,"LINK_TORSO_YAW",0.102400,0.200000,0.003600,20.000000,0.000000,0.000000,20.000000,0.000000,0.000000,0.000000,0.000000,0.012160,0.000000,0.910900,19.993748,0.002961,0.500052,20.000000
0.106100,1,"LINK_TORSO_YAW",0.102400,0.200000,0.003700,20.000000,0.000000,0.000000,20.000000,0.000000,0.000000,0.000000,0.000000,0.012160,0.000000,0.910900,19.993725,0.002969,0.500969,20.000000
0.106200,1,"LINK_TORSO_YAW",0.102400,0.200000,0.003800,20.000000,0.000000,0.000000,20.000000,0.000000,0.000000,0.000000,0.000000,0.012160,0.000000,0.910900,19.993702,0.002978,0.501884,20.000000
0.106300,1,"LINK_TORSO_YAW",0.102400,0.200000,0.003900,20.000000,0.000000,0.000000,20.000000,0.000000,0.000000,0.000000,0.000000,0.012160,0.000000,0.910900,19.993679,0.002986,0.502797,20.000000
0.106400,1,"LINK_TORSO_YAW",0.102400,0.200000,0.004000,20.000000,0.000000,0.000000,20.000000,0.000000,0.000000,0.000000,0.000000,0.012160,0.000000,0.910900,19.993656,0.002995,0.503706,20.000000
0.106500,1,"LINK_TORSO_YAW",0.102400,0.200000,0.004100,20.000000,0.000000,0.000000,20.000000,0.000000,0.000000,0.000000,0.000000,0.012160,0.000000,0.910900,19.993633,0.003004,0.504613,20.000000
0.106600,1,"LINK_TORSO_YAW",0.102400,0.200000,0.004200,20.000000,0.000000,0.000000,20.000000,0.000000,0.000000,0.000000,0.000000,0.012160,0.000000,0.910900,19.993610,0.003013,0.505515,20.000000
0.106700,1,"LINK_TORSO_YAW",0.102400,0.200000,0.004300,20.000000,0.000000,0.000000,20.000000,0.000000,0.000000,0.000000,0.000000,0.012160,0.000000,0.910900,19.993587,0.003022,0.506412,20.000000
0.106800,1,"LINK_TORSO_YAW",0.102400,0.200000,0.004400,20.000000,0.000000,0.000000,20.000000,0.000000,0.000000,0.000000,0.000000,0.012160,0.000000,0.910900,19.993565,0.003031,0.507305,20.000000
0.106900,1,"LINK_TORSO_YAW",0.102400,0.200000,0.004500,20.000000,0.000000,0.000000,20.000000,0.000000,0.000000,0.000000,0.000000,0.012160,0.000000,0.910900,19.993542,0.003040,0.508197,20.000000
0.107000,1,"LINK_TORSO_YAW",0.102400,0.200000,0.004600,20.000000,0.000000,0.000000,20.000000,0.000000,0.000000,0.000000,0.000000,0.012160,0.000000,0.910900,19.993519,0.003049,0.509090,20.000000
0.107100,1,"LINK_TORSO_YAW",0.102400,0.200000,0.004700,20.000000,0.000000,0.000000,20.000000,0.000000,0.000000,0.000000,0.000000,0.012160,0.000000,0.910900,19.993497,0.003059,0.509981,20.000000
0.107200,1,"LINK_TORSO_YAW",0.102400,0.200000,0.004800,20.000000,0.000000,0.000000,20.000000,0.000000,0.000000,0.000000,0.000000,0.012160,0.000000,0.910900,19.993474,0.003068,0.510872,20.000000
0.107300,1,"LINK_TORSO_YAW",0.102400,0.200000,0.004900,20.000000,0.000000,0.000000,20.000000,0.000000,0.000000,0.000000,0.000000,0.012160,0.000000,0.910900,19.993451,0.003078,0.511760,20.000000
0.107400,1,"LINK_TORSO_YAW",0.102400,0.200000,0.005000,20.000000,0.000000,0.000000,20.000000,0.000000,0.000000,0.000000,0.000000,0.012160,0.000000,0.910900,19.993429,0.003087,0.512646,20.000000
0.107500,1,"LINK_TORSO_YAW",0.102400,0.200000,0.005100,20.000000,0.000000,0.000000,20.000000,0.000000,0.000000,0.000000,0.000000,0.012160,0.000000,0.910900,19.993406,0.003097,0.513529,20.000000
0.107600,1,"LINK_TORSO_YAW",0.102400,0.200000,0.005200,20.000000,0.000000,0.000000,20.000000,0.000000,0.000000,0.000000,0.000000,0.012160,0.000000,0.910900,19.993383,0.003107,0.514408,20.000000
0.107700,1,"LINK_TORSO_YAW",0.102400,0.200000,0.005300,20.000000,0.000000,0.000000,20.000000,0.000000,0.000000,0.000000,0.000000,0.012160,0.000000,0.910900,19.993361,0.003116,0.515284,20.000000
0.107800,1,"LINK_TORSO_YAW",0.102400,0.200000,0.005400,20.000000,0.000000,0.000000,20.000000,0.000000,0.000000,0.000000,0.000000,0.012160,0.000000,0.910900,19.993338,0.003126,0.516155,20.000000
0.107900,1,"LINK_TORSO_YAW",0.102400,0.200000,0.005500,20.000000,0.000000,0.000000,20.000000,0.000000,0.000000,0.000000,0.000000,0.012160,0.000000,0.910900,19.993316,0.003137,0.517021,20.000000
0.108000,1,"LINK_TORSO_YAW",0.102400,0.200000,0.005600,20.000000,0.000000,0.000000,20.000000,0.000000,0.000000,0.000000,0.000000,0.012160,0.000000,0.910900,19.993293,0.003147,0.517887,20.000000
0.108100,1,"LINK_TORSO_YAW",0.102400,0.200000,0.005700,20.000000,0.000000,0.000000,20.000000,0.000000,0.000000,0.000000,0.000000,0.012160,0.000000,0.910900,19.993271,0.003157,0.518753,20.000000
0.108200,1,"LINK_TORSO_YAW",0.102400,0.200000,0.005800,20.000000,0.000000,0.000000,20.000000,0.000000,0.000000,0.000000,0.000000,0.012160,0.000000,0.910900,19.993249,0.003168,0.519618,20.000000
0.108300,1,"LINK_TORSO_YAW",0.102400,0.200000,0.005900,20.000000,0.000000,0.000000,20.000000,0.000000,0.000000,0.000000,0.000000,0.012160,0.000000,0.910900,19.993226,0.003178,0.520481,20.000000
0.108400,1,"LINK_TORSO_YAW",0.102400,0.200000,0.006000,20.000000,0.000000,0.000000,20.000000,0.000000,0.000000,0.000000,0.000000,0.012160,0.000000,0.910900,19.993204,0.003188,0.521343,20.000000
0.108500,1,"LINK_TORSO_YAW",0.102400,0.200000,0.006100,20.000000,0.000000,0.000000,20.000000,0.000000,0.000000,0.000000,0.000000,0.012160,0.000000,0.910900,19.993181,0.003199,0.522203,20.000000
0.108600,1,"LINK_TORSO_YAW",0.102400,0.200000,0.006200,20.000000,0.000000,0.000000,20.000000,0.000000,0.000000,0.000000,0.000000,0.012160,0.000000,0.910900,19.993159,0.003210,0.523059,20.000000
0.108700,1,"LINK_TORSO_YAW",0.102400,0.200000,0.006300,20.000000,0.000000,0.000000,20.000000,0.000000,0.000000,0.000000,0.000000,0.012160,0.000000,0.910900,19.993136,0.003220,0.523912,20.000000
0.108800,1,"LINK_TORSO_YAW",0.102400,0.200000,0.006400,20.000000,0.000000,0.000000,20.000000,0.000000,0.000000,0.000000,0.000000,0.012160,0.000000,0.910900,19.993114,0.003231,0.524761,20.000000
0.108900,1,"LINK_TORSO_YAW",0.102400,0.200000,0.006500,20.000000,0.000000,0.000000,20.000000,0.000000,0.000000,0.000000,0.000000,0.012160,0.000000,0.910900,19.993092,0.003242,0.525606,20.000000
0.109000,1,"LINK_TORSO_YAW",0.102400,0.200000,0.006600,20.000000,0.000000,0.000000,20.000000,0.000000,0.000000,0.000000,0.000000,0.012160,0.000000,0.910900,19.993070,0.003254,0.526445,20.000000
0.109100,1,"LINK_TORSO_YAW",0.102400,0.200000,0.006700,20.000000,0.000000,0.000000,20.000000,0.000000,0.000000,0.000000,0.000000,0.012160,0.000000,0.910900,19.993048,0.003265,0.527279,20.000000
0.109200,1,"LINK_TORSO_YAW",0.102400,0.200000,0.006800,20.000000,0.000000,0.000000,20.000000,0.000000,0.000000,0.000000,0.000000,0.012160,0.000000,0.910900,19.993026,0.003276,0.528113,20.000000
0.109300,1,"LINK_TORSO_YAW",0.102400,0.200000,0.006900,20.000000,0.000000,0.000000,20.000000,0.000000,0.000000,0.000000,0.000000,0.012160,0.000000,0.910900,19.993004,0.003288,0.528946,20.000000
0.109400,1,"LINK_TORSO_YAW",0.102400,0.200000,0.007000,20.000000,0.000000,0.000000,20.000000,0.000000,0.000000,0.000000,0.000000,0.012160,0.000000,0.910900,19.992982,0.003299,0.529779,20.000000
0.109500,1,"LINK_TORSO_YAW",0.102400,0.200000,0.007100,20.000000,0.000000,0.000000,20.000000,0.000000,0.000000,0.000000,0.000000,0.012160,0.000000,0.910900,19.992960,0.003311,0.530611,20.000000
0.109600,1,"LINK_TORSO_YAW",0.102400,0.200000,0.007200,20.000000,0.000000,0.000000,20.000000,0.000000,0.000000,0.000000,0.000000,0.012160,0.000000,0.910900,19.992938,0.003322,0.531441,20.000000
0.109700,1,"LINK_TORSO_YAW",0.102400,0.200000,0.007300,20.000000,0.000000,0.000000,20.000000,0.000000,0.000000,0.000000,0.000000,0.012160,0.000000,0.910900,19.992916,0.003334,0.532269,20.000000
0.109800,1,"LINK_TORSO_YAW",0.102400,0.200000,0.007400,20.000000,0.000000,0.000000,20.000000,0.000000,0.000000,0.000000,0.000000,0.012160,0.000000,0.910900,19.992894,0.003346,0.533093,20.000000
0.109900,1,"LINK_TORSO_YAW",0.102400,0.200000,0.007500,20.000000,0.000000,0.000000,20.000000,0.000000,0.000000,0.000000,0.000000,0.012160,0.000000,0.910900,19.992872,0.003358,0.533914,20.000000
0.110000,1,"LINK_TORSO_YAW",0.102400,0.200000,0.007600,20.000000,0.000000,0.000000,20.000000,0.000000,0.000000,0.000000,0.000000,0.012160,0.000000,0.910900,19.992850,0.003370,0.534731,20.000000
0.110100,1,"LINK_TORSO_YAW",0.102400,0.200000,0.007700,20.000000,0.000000,0.000000,20.000000,0.000000,0.000000,0.000000,0.000000,0.012160,0.000000,0.910900,19.992828,0.003382,0.535544,20.000000
0.110200,1,"LINK_TORSO_YAW",0.102400,0.200000,0.007800,20.000000,0.000000,0.000000,20.000000,0.000000,0.000000,0.000000,0.000000,0.012160,0.000000,0.910900,19.992806,0.003395,0.536356,20.000000
0.110300,1,"LINK_TORSO_YAW",0.102400,0.200000,0.007900,20.000000,0.000000,0.000000,20.000000,0.000000,0.000000,0.000000,0.000000,0.012160,0.000000,0.910900,19.992785,0.003407,0.537169,20.000000
0.110400,1,"LINK_TORSO_YAW",0.102400,0.200000,0.008000,20.000000,0.000000,0.000000,20.000000,0.000000,0.000000,0.000000,0.000000,0.012160,0.000000,0.910900,19.992763,0.003419,0.537981,20.000000
0.110500,1,"LINK_TORSO_YAW",0.102400,0.200000,0.008100,20.000000,0.000000,0.000000,20.000000,0.000000,0.000000,0.000000,0.000000,0.012160,0.000000,0.910900,19.992741,0.003431,0.538791,20.000000
0.110600,1,"LINK_TORSO_YAW",0.102400,0.200000,0.008200,20.000000,0.000000,0.000000,20.000000,0.000000,0.000000,0.000000,0.000000,0.012160,0.000000,0.910900,19.992719,0.003444,0.539600,20.000000
0.110700,1,"LINK_TORSO_YAW",0.102400,0.200000,0.008300,20.000000,0.000000,0.000000,20.000000,0.000000,0.000000,0.000000,0.000000,0.012160,0.000000,0.910900,19.992697,0.003456,0.540406,20.000000
0.110800,1,"LINK_TORSO_YAW",0.102400,0.200000,0.008400,20.000000,0.000000,0.000000,20.000000,0.000000,0.000000,0.000000,0.000000,0.012160,0.000000,0.910900,19.992676,0.003469,0.541210,20.000000
0.110900,1,"LINK_TORSO_YAW",0.102400,0.200000,0.008500,20.000000,0.000000,0.000000,20.000000,0.000000,0.000000,0.000000,0.000000,0.012160,0.000000,0.910900,19.992654,0.003482,0.542010,20.000000
0.111000,1,"LINK_TORSO_YAW",0.102400,0.200000,0.008600,20.000000,0.000000,0.000000,20.000000,0.000000,0.000000,0.000000,0.000000,0.012160,0.000000,0.910900,19.992632,0.003495,0.542806,20.000000
0.111100,1,"LINK_TORSO_YAW",0.102400,0.200000,0.008700,20.000000,0.000000,0.000000,20.000000,0.000000,0.000000,0.000000,0.000000,0.012160,0.000000,0.910900,19.992611,0.003508,0.543597,20.000000
0.111200,1,"LINK_TORSO_YAW",0.102400,0.200000,0.008800,20.000000,0.000000,0.000000,20.000000,0.000000,0.000000,0.000000,0.000000,0.012160,0.000000,0.910900,19.992589,0.003521,0.544383,20.000000
0.111300,1,"LINK_TORSO_YAW",0.102400,0.200000,0.008900,20.000000,0.000000,0.000000,20.000000,0.000000,0.000000,0.000000,0.000000,0.012160,0.000000,0.910900,19.992568,0.003534,0.545164,20.000000
0.111400,1,"LINK_TORSO_YAW",0.102400,0.200000,0.009000,20.000000,0.000000,0.000000,20.000000,0.000000,0.000000,0.000000,0.000000,0.012160,0.000000,0.910900,19.992547,0.003548,0.545945,20.000000
0.111500,1,"LINK_TORSO_YAW",0.102400,0.200000,0.009100,20.000000,0.000000,0.000000,20.000000,0.000000,0.000000,0.000000,0.000000,0.012160,0.000000,0.910900,19.992526,0.003561,0.546726,20.000000
0.111600,1,"LINK_TORSO_YAW",0.102400,0.200000,0.009200,20.000000,0.000000,0.000000,20.000000,0.000000,0.000000,0.000000,0.000000,0.012160,0.000000,0.910900,19.992504,0.003574,0.547506,20.000000
0.111700,1,"LINK_TORSO_YAW",0.102400,0.200000,0.009300,20.000000,0.000000,0.000000,20.000000,0.000000,0.000000,0.000000,0.000000,0.012160,0.000000,0.910900,19.992483,0.003588,0.548285,20.000000
0.111800,1,"LINK_TORSO_YAW",0.102400,0.200000,0.009400,20.000000,0.000000,0.000000,20.000000,0.000000,0.000000,0.000000,0.000000,0.012160,0.000000,0.910900,19.992462,0.003602,0.549062,20.000000
0.111900,1,"LINK_TORSO_YAW",0.102400,0.200000,0.009500,20.000000,0.000000,0.000000,20.000000,0.000000,0.000000,0.000000,0.000000,0.012160,0.000000,0.910900,19.992440,0.003615,0.549836,20.000000
0.112000,1,"LINK_TORSO_YAW",0.102400,0.200000,0.009600,20.000000,0.000000,0.000000,20.000000,0.000000,0.000000,0.000000,0.000000,0.012160,0.000000,0.910900,19.992419,0.003629,0.550608,20.000000
0.112100,1,"LINK_TORSO_YAW",0.102400,0.200000,0.009700,20.000000,0.000000,0.000000,20.000000,0.000000,0.000000,0.000000,0.000000,0.012160,0.000000,0.910900,19.992398,0.003643,0.551376,20.000000
0.112200,1,"LINK_TORSO_YAW",0.102400,0.200000,0.009800,20.000000,0.000000,0.000000,20.000000,0.000000,0.000000,0.000000,0.000000,0.012160,0.000000,0.910900,19.992377,0.003657,0.552141,20.000000
0.112300,1,"LINK_TORSO_YAW",0.102400,0.200000,0.009900,20.000000,0.000000,0.000000,20.000000,0.000000,0.000000,0.000000,0.000000,0.012160,0.000000,0.910900,19.992356,0.003671,0.552900,20.000000
0.112400,1,"LINK_TORSO_YAW",0.102400,0.200000,0.010000,20.000000,0.000000,0.000000,20.000000,0.000000,0.000000,0.000000,0.000000,0.012160,0.000000,0.910900,19.992335,0.003685,0.553655,20.000000
0.112500,1,"LINK_TORSO_YAW",0.102400,0.200000,0.010100,20.000000,0.000000,0.000000,20.000000,0.000000,0.000000,0.000000,0.000000,0.012160,0.000000,0.910900,19.992314,0.003700,0.554410,20.000000
0.112600,1,"LINK_TORSO_YAW",0.102400,0.200000,0.010200,20.000000,0.000000,0.000000,20.000000,0.000000,0.000000,0.000000,0.000000,0.012160,0.000000,0.910900,19.992293,0.003714,0.555165,20.000000
0.112700,1,"LINK_TORSO_YAW",0.102400,0.200000,0.010300,20.000000,0.000000,0.000000,20.000000,0.000000,0.000000,0.000000,0.000000,0.012160,0.000000,0.910900,19.992272,0.003729,0.555919,20.000000
0.112800,1,"LINK_TORSO_YAW",0.102400,0.200000,0.010400,20.000000,0.000000,0.000000,20.000000,0.000000,0.000000,0.000000,0.000000,0.012160,0.000000,0.910900,19.992251,0.003743,0.556672,20.000000
0.112900,1,"LINK_TORSO_YAW",0.102400,0.200000,0.010500,20.000000,0.000000,0.000000,20.000000,0.000000,0.000000,0.000000,0.000000,0.012160,0.000000,0.910900,19.992230,0.003757,0.557423,20.000000
0.113000,1,"LINK_TORSO_YAW",0.102400,0.200000,0.010600,20.000000,0.000000,0.000000,20.000000,0.000000,0.000000,0.000000,0.000000,0.012160,0.000000,0.910900,19.992209,0.003772,0.558172,20.000000
0.113100,1,"LINK_TORSO_YAW",0.102400,0.200000,0.010700,20.000000,0.000000,0.000000,20.000000,0.000000,0.000000,0.000000,0.000000,0.012160,0.000000,0.910900,19.992188,0.003787,0.558917,20.000000
0.113200,1,"LINK_TORSO_YAW",0.102400,0.200000,0.010800,20.000000,0.000000,0.000000,20.000000,0.000000,0.000000,0.000000,0.000000,0.012160,0.000000,0.910900,19.992168,0.003802,0.559660,20.000000
0.113300,1,"LINK_TORSO_YAW",0.102400,0.200000,0.010900,20.000000,0.000000,0.000000,20.000000,0.000000,0.000000,0.000000,0.000000,0.012160,0.000000,0.910900,19.992147,0.003817,0.560398,20.000000
0.113400,1,"LINK_TORSO_YAW",0.102400,0.200000,0.011000,20.000000,0.000000,0.000000,20.000000,0.000000,0.000000,0.000000,0.000000,0.012160,0.000000,0.910900,19.992126,0.003832,0.561137,20.000000
0.113500,1,"LINK_TORSO_YAW",0.102400,0.200000,0.011100,20.000000,0.000000,0.000000,20.000000,0.000000,0.000000,0.000000,0.000000,0.012160,0.000000,0.910900,19.992105,0.003847,0.561875,20.000000
0.113600,1,"LINK_TORSO_YAW",0.102400,0.200000,0.011200,20.000000,0.000000,0.000000,20.000000,0.000000,0.000000,0.000000,0.000000,0.012160,0.000000,0.910900,19.992085,0.003862,0.562613,20.000000
0.113700,1,"LINK_TORSO_YAW",0.102400,0.200000,0.011300,20.000000,0.000000,0.000000,20.000000,0.000000,0.000000,0.000000,0.000000,0.012160,0.000000,0.910900,19.992064,0.003877,0.563350,20.000000
0.113800,1,"LINK_TORSO_YAW",0.102400,0.200000,0.011400,20.000000,0.000000,0.000000,20.000000,0.000000,0.000000,0.000000,0.000000,0.012160,0.000000,0.910900,19.992043,0.003892,0.564084,20.000000
0.113900,1,"LINK_TORSO_YAW",0.102400,0.200000,0.011500,20.000000,0.000000,0.000000,20.000000,0.000000,0.000000,0.000000,0.000000,0.012160,0.000000,0.910900,19.992023,0.003907,0.564817,20.000000
0.114000,1,"LINK_TORSO_YAW",0.102400,0.200000,0.011600,20.000000,0.000000,0.000000,20.000000,0.000000,0.000000,0.000000,0.000000,0.012160,0.000000,0.910900,19.992002,0.003922,0.565546,20.000000
0.114100,1,"LINK_TORSO_YAW",0.102400,0.200000,0.011700,20.000000,0.000000,0.000000,20.000000,0.000000,0.000000,0.000000,0.000000,0.012160,0.000000,0.910900,19.991981,0.003938,0.566272,20.000000
0.114200,1,"LINK_TORSO_YAW",0.102400,0.200000,0.011800,20.000000,0.000000,0.000000,20.000000,0.000000,0.000000,0.000000,0.000000,0.012160,0.000000,0.910900,19.991961,0.003953,0.566994,20.000000
0.114300,1,"LINK_TORSO_YAW",0.102400,0.200000,0.011900,20.000000,0.000000,0.000000,20.000000,0.000000,0.000000,0.000000,0.000000,0.012160,0.000000,0.910900,19.991941,0.003969,0.567712,20.000000
0.114400,1,"LINK_TORSO_YAW",0.102400,0.200000,0.012000,20.000000,0.000000,0.000000,20.000000,0.000000,0.000000,0.000000,0.000000,0.012160,0.000000,0.910900,19.991920,0.003985,0.568425,20.000000
0.114500,1,"LINK_TORSO_YAW",0.102400,0.200000,0.012100,20.000000,0.000000,0.000000,20.000000,0.000000,0.000000,0.000000,0.000000,0.012160,0.000000,0.910900,19.991900,0.004001,0.569137,20.000000
0.114600,1,"LINK_TORSO_YAW",0.102400,0.200000,0.012200,20.000000,0.000000,0.000000,20.000000,0.000000,0.000000,0.000000,0.000000,0.012160,0.000000,0.910900,19.991880,0.004017,0.569850,20.000000
0.114700,1,"LINK_TORSO_YAW",0.102400,0.200000,0.012300,20.000000,0.000000,0.000000,20.000000,0.000000,0.000000,0.000000,0.000000,0.012160,0.000000,0.910900,19.991859,0.004033,0.570562,20.000000
0.114800,1,"LINK_TORSO_YAW",0.102400,0.200000,0.012400,20.000000,0.000000,0.000000,20.000000,0.000000,0.000000,0.000000,0.000000,0.012160,0.000000,0.910900,19.991839,0.004049,0.571273,20.000000
0.114900,1,"LINK_TORSO_YAW",0.102400,0.200000,0.012500,20.000000,0.000000,0.000000,20.000000,0.000000,0.000000,0.000000,0.000000,0.012160,0.000000,0.910900,19.991819,0.004065,0.571982,20.000000
0.115000,1,"LINK_TORSO_YAW",0.102400,0.200000,0.012600,20.000000,0.000000,0.000000,20.000000,0.000000,0.000000,0.000000,0.000000,0.012160,0.000000,0.910900,19.991799,0.004081,0.572689,20.000000
0.115100,1,"LINK_TORSO_YAW",0.102400,0.200000,0.012700,20.000000,0.000000,0.000000,20.000000,0.000000,0.000000,0.000000,0.000000,0.012160,0.000000,0.910900,19.991778,0.004097,0.573393,20.000000
0.115200,1,"LINK_TORSO_YAW",0.102400,0.200000,0.012800,20.000000,0.000000,0.000000,20.000000,0.000000,0.000000,0.000000,0.000000,0.012160,0.000000,0.910900,19.991758,0.004114,0.574093,20.000000
0.115300,1,"LINK_TORSO_YAW",0.102400,0.200000,0.012900,20.000000,0.000000,0.000000,20.000000,0.000000,0.000000,0.000000,0.000000,0.012160,0.000000,0.910900,19.991738,0.004130,0.574789,20.000000
0.115400,1,"LINK_TORSO_YAW",0.102400,0.200000,0.013000,20.000000,0.000000,0.000000,20.000000,0.000000,0.000000,0.000000,0.000000,0.012160,0.000000,0.910900,19.991718,0.004147,0.575481,20.000000
0.115500,1,"LINK_TORSO_YAW",0.102400,0.200000,0.013100,20.000000,0.000000,0.000000,20.000000,0.000000,0.000000,0.000000,0.000000,0.012160,0.000000,0.910900,19.991698,0.004164,0.576174,20.000000
0.115600,1,"LINK_TORSO_YAW",0.102400,0.200000,0.013200,20.000000,0.000000,0.000000,20.000000,0.000000,0.000000,0.000000,0.000000,0.012160,0.000000,0.910900,19.991678,0.004180,0.576866,20.000000
0.115700,1,"LINK_TORSO_YAW",0.102400,0.200000,0.013300,20.000000,0.000000,0.000000,20.000000,0.000000,0.000000,0.000000,0.000000,0.012160,0.000000,0.910900,19.991659,0.004197,0.577557,20.000000
0.115800,1,"LINK_TORSO_YAW",0.102400,0.200000,0.013400,20.000000,0.000000,0.000000,20.000000,0.000000,0.000000,0.000000,0.000000,0.012160,0.000000,0.910900,19.991639,0.004214,0.578247,20.000000
0.115900,1,"LINK_TORSO_YAW",0.102400,0.200000,0.013500,20.000000,0.000000,0.000000,20.000000,0.000000,0.000000,0.000000,0.000000,0.012160,0.000000,0.910900,19.991619,0.004231,0.578936,20.000000
0.116000,1,"LINK_TORSO_YAW",0.102400,0.200000,0.013600,20.000000,0.000000,0.000000,20.000000,0.000000,0.000000,0.000000,0.000000,0.012160,0.000000,0.910900,19.991599,0.004247,0.579622,20.000000
0.116100,1,"LINK_TORSO_YAW",0.102400,0.200000,0.013700,20.000000,0.000000,0.000000,20.000000,0.000000,0.000000,0.000000,0.000000,0.012160,0.000000,0.910900,19.991579,0.004265,0.580305,20.000000
0.116200,1,"LINK_TORSO_YAW",0.102400,0.200000,0.013800,20.000000,0.000000,0.000000,20.000000,0.000000,0.000000,0.000000,0.000000,0.012160,0.000000,0.910900,19.991559,0.004282,0.580985,20.000000
0.116300,1,"LINK_TORSO_YAW",0.102400,0.200000,0.013900,20.000000,0.000000,0.000000,20.000000,0.000000,0.000000,0.000000,0.000000,0.012160,0.000000,0.910900,19.991540,0.004299,0.581661,20.000000
0.116400,1,"LINK_TORSO_YAW",0.102400,0.200000,0.014000,20.000000,0.000000,0.000000,20.000000,0.000000,0.000000,0.000000,0.000000,0.012160,0.000000,0.910900,19.991520,0.004316,0.582332,20.000000
0.116500,1,"LINK_TORSO_YAW",0.102400,0.200000,0.014100,20.000000,0.000000,0.000000,20.000000,0.000000,0.000000,0.000000,0.000000,0.012160,0.000000,0.910900,19.991501,0.004334,0.582998,20.000000
0.116600,1,"LINK_TORSO_YAW",0.102400,0.200000,0.014200,20.000000,0.000000,0.000000,20.000000,0.000000,0.000000,0.000000,0.000000,0.012160,0.000000,0.910900,19.991481,0.004352,0.583659,20.000000
0.116700,1,"LINK_TORSO_YAW",0.102400,0.200000,0.014300,20.000000,0.000000,0.000000,20.000000,0.000000,0.000000,0.000000,0.000000,0.012160,0.000000,0.910900,19.991462,0.004369,0.584320,20.000000
0.116800,1,"LINK_TORSO_YAW",0.102400,0.200000,0.014400,20.000000,0.000000,0.000000,20.000000,0.000000,0.000000,0.000000,0.000000,0.012160,0.000000,0.910900,19.991443,0.004387,0.584981,20.000000
0.116900,1,"LINK_TORSO_YAW",0.102400,0.200000,0.014500,20.000000,0.000000,0.000000,20.000000,0.000000,0.000000,0.000000,0.000000,0.012160,0.000000,0.910900,19.991423,0.004405,0.585642,20.000000
0.117000,1,"LINK_TORSO_YAW",0.102400,0.200000,0.014600,20.000000,0.000000,0.000000,20.000000,0.000000,0.000000,0.000000,0.000000,0.012160,0.000000,0.910900,19.991404,0.004423,0.586301,20.000000
0.117100,1,"LINK_TORSO_YAW",0.102400,0.200000,0.014700,20.000000,0.000000,0.000000,20.000000,0.000000,0.000000,0.000000,0.000000,0.012160,0.000000,0.910900,19.991385,0.004441,0.586958,20.000000
0.117200,1,"LINK_TORSO_YAW",0.102400,0.200000,0.014800,20.000000,0.000000,0.000000,20.000000,0.000000,0.000000,0.000000,0.000000,0.012160,0.000000,0.910900,19.991365,0.004459,0.587613,20.000000
0.117300,1,"LINK_TORSO_YAW",0.102400,0.200000,0.014900,20.000000,0.000000,0.000000,20.000000,0.000000,0.000000,0.000000,0.000000,0.012160,0.000000,0.910900,19.991346,0.004477,0.588265,20.000000
0.117400,1,"LINK_TORSO_YAW",0.102400,0.200000,0.015000,20.000000,0.000000,0.000000,20.000000,0.000000,0.000000,0.000000,0.000000,0.012160,0.000000,0.910900,19.991327,0.004495,0.588914,20.000000
0.117500,1,"LINK_TORSO_YAW",0.102400,0.200000,0.015100,20.000000,0.000000,0.000000,20.000000,0.000000,0.000000,0.000000,0.000000,0.012160,0.000000,0.910900,19.991308,0.004513,0.589559,20.000000
0.117600,1,"LINK_TORSO_YAW",0.102400,0.200000,0.015200,20.000000,0.000000,0.000000,20.000000,0.000000,0.000000,0.000000,0.000000,0.012160,0.000000,0.910900,19.991289,0.004532,0.590199,20.000000
0.117700,1,"LINK_TORSO_YAW",0.102400,0.200000,0.015300,20.000000,0.000000,0.000000,20.000000,0.000000,0.000000,0.000000,0.000000,0.012160,0.000000,0.910900,19.991270,0.004551,0.590834,20.000000
0.117800,1,"LINK_TORSO_YAW",0.102400,0.200000,0.015400,20.000000,0.000000,0.000000,20.000000,0.000000,0.000000,0.000000,0.000000,0.012160,0.000000,0.910900,19.991252,0.004569,0.591470,20.000000
0.117900,1,"LINK_TORSO_YAW",0.102400,0.200000,0.015500,20.000000,0.000000,0.000000,20.000000,0.000000,0.000000,0.000000,0.000000,0.012160,0.000000,0.910900,19.991233,0.004588,0.592106,20.000000
0.118000,1,"LINK_TORSO_YAW",0.102400,0.200000,0.015600,20.000000,0.000000,0.000000,20.000000,0.000000,0.000000,0.000000,0.000000,0.012160,0.000000,0.910900,19.991214,0.004607,0.592741,20.000000
0.118100,1,"LINK_TORSO_YAW",0.102400,0.200000,0.015700,20.000000,0.000000,0.000000,20.000000,0.000000,0.000000,0.000000,0.000000,0.012160,0.000000,0.910900,19.991195,0.004625,0.593374,20.000000
0.118200,1,"LINK_TORSO_YAW",0.102400,0.200000,0.015800,20.000000,0.000000,0.000000,20.000000,0.000000,0.000000,0.000000,0.000000,0.012160,0.000000,0.910900,19.991176,0.004644,0.594006,20.000000
0.118300,1,"LINK_TORSO_YAW",0.102400,0.200000,0.015900,20.000000,0.000000,0.000000,20.000000,0.000000,0.000000,0.000000,0.000000,0.012160,0.000000,0.910900,19.991158,0.004663,0.594636,20.000000
0.118400,1,"LINK_TORSO_YAW",0.102400,0.200000,0.016000,20.000000,0.000000,0.000000,20.000000,0.000000,0.000000,0.000000,0.000000,0.012160,0.000000,0.910900,19.991139,0.004682,0.595263,20.000000
0.118500,1,"LINK_TORSO_YAW",0.102400,0.200000,0.016100,20.000000,0.000000,0.000000,20.000000,0.000000,0.000000,0.000000,0.000000,0.012160,0.000000,0.910900,19.991120,0.004701,0.595886,20.000000
0.118600,1,"LINK_TORSO_YAW",0.102400,0.200000,0.016200,20.000000,0.000000,0.000000,20.000000,0.000000,0.000000,0.000000,0.000000,0.012160,0.000000,0.910900,19.991102,0.004720,0.596506,20.000000
0.118700,1,"LINK_TORSO_YAW",0.102400,0.200000,0.016300,20.000000,0.000000,0.000000,20.000000,0.000000,0.000000,0.000000,0.000000,0.012160,0.000000,0.910900,19.991084,0.004740,0.597121,20.000000
0.118800,1,"LINK_TORSO_YAW",0.102400,0.200000,0.016400,20.000000,0.000000,0.000000,20.000000,0.000000,0.000000,0.000000,0.000000,0.012160,0.000000,0.910900,19.991065,0.004759,0.597731,20.000000
0.118900,1,"LINK_TORSO_YAW",0.102400,0.200000,0.016500,20.000000,0.000000,0.000000,20.000000,0.000000,0.000000,0.000000,0.000000,0.012160,0.000000,0.910900,19.991047,0.004779,0.598335,20.000000
0.119000,1,"LINK_TORSO_YAW",0.102400,0.200000,0.016600,20.000000,0.000000,0.000000,20.000000,0.000000,0.000000,0.000000,0.000000,0.012160,0.000000,0.910900,19.991029,0.004799,0.598940,20.000000
0.119100,1,"LINK_TORSO_YAW",0.102400,0.200000,0.016700,20.000000,0.000000,0.000000,20.000000,0.000000,0.000000,0.000000,0.000000,0.012160,0.000000,0.910900,19.991011,0.004819,0.599545,20.000000
0.119200,1,"LINK_TORSO_YAW",0.102400,0.200000,0.016800,20.000000,0.000000,0.000000,20.000000,0.000000,0.000000,0.000000,0.000000,0.012160,0.000000,0.910900,19.990993,0.004838,0.600149,20.000000
0.119300,1,"LINK_TORSO_YAW",0.102400,0.200000,0.016900,20.000000,0.000000,0.000000,20.000000,0.000000,0.000000,0.000000,0.000000,0.012160,0.000000,0.910900,19.990975,0.004858,0.600751,20.000000
0.119400,1,"LINK_TORSO_YAW",0.102400,0.200000,0.017000,20.000000,0.000000,0.000000,20.000000,0.000000,0.000000,0.000000,0.000000,0.012160,0.000000,0.910900,19.990957,0.004878,0.601353,20.000000
0.119500,1,"LINK_TORSO_YAW",0.102400,0.200000,0.017100,20.000000,0.000000,0.000000,20.000000,0.000000,0.000000,0.000000,0.000000,0.012160,0.000000,0.910900,19.990939,0.004898,0.601951,20.000000
0.119600,1,"LINK_TORSO_YAW",0.102400,0.200000,0.017200,20.000000,0.000000,0.000000,20.000000,0.000000,0.000000,0.000000,0.000000,0.012160,0.000000,0.910900,19.990921,0.004918,0.602547,20.000000
0.119700,1,"LINK_TORSO_YAW",0.102400,0.200000,0.017300,20.000000,0.000000,0.000000,20.000000,0.000000,0.000000,0.000000,0.000000,0.012160,0.000000,0.910900,19.990903,0.004938,0.603140,20.000000
0.119800,1,"LINK_TORSO_YAW",0.102400,0.200000,0.017400,20.000000,0.000000,0.000000,20.000000,0.000000,0.000000,0.000000,0.000000,0.012160,0.000000,0.910900,19.990885,0.004959,0.603729,20.000000
0.119900,1,"LINK_TORSO_YAW",0.102400,0.200000,0.017500,20.000000,0.000000,0.000000,20.000000,0.000000,0.000000,0.000000,0.000000,0.012160,0.000000,0.910900,19.990867,0.004979,0.604313,20.000000
0.120000,1,"LINK_TORSO_YAW",0.102400,0.200000,0.017600,20.000000,0.000000,0.000000,20.000000,0.000000,0.000000,0.000000,0.000000,0.012160,0.000000,0.910900,19.990850,0.005000,0.604892,20.000000
0.120100,1,"LINK_TORSO_YAW",0.102400,0.200000,0.017700,20.000000,0.000000,0.000000,20.000000,0.000000,0.000000,0.000000,0.000000,0.012160,0.000000,0.910900,19.990832,0.005020,0.605472,20.000000
0.120200,1,"LINK_TORSO_YAW",0.102400,0.200000,0.017800,20.000000,0.000000,0.000000,20.000000,0.000000,0.000000,0.000000,0.000000,0.012160,0.000000,0.910900,19.990815,0.005041,0.606051,20.000000
0.120300,1,"LINK_TORSO_YAW",0.102400,0.200000,0.017900,20.000000,0.000000,0.000000,20.000000,0.000000,0.000000,0.000000,0.000000,0.012160,0.000000,0.910900,19.990797,0.005062,0.606630,20.000000
0.120400,1,"LINK_TORSO_YAW",0.102400,0.200000,0.018000,20.000000,0.000000,0.000000,20.000000,0.000000,0.000000,0.000000,0.000000,0.012160,0.000000,0.910900,19.990780,0.005082,0.607208,20.000000
0.120500,1,"LINK_TORSO_YAW",0.102400,0.200000,0.018100,20.000000,0.000000,0.000000,20.000000,0.000000,0.000000,0.000000,0.000000,0.012160,0.000000,0.910900,19.990762,0.005103,0.607784,20.000000
0.120600,1,"LINK_TORSO_YAW",0.102400,0.200000,0.018200,20.000000,0.000000,0.000000,20.000000,0.000000,0.000000,0.000000,0.000000,0.012160,0.000000,0.910900,19.990745,0.005124,0.608357,20.000000
0.120700,1,"LINK_TORSO_YAW",0.102400,0.200000,0.018300,20.000000,0.000000,0.000000,20.000000,0.000000,0.000000,0.000000,0.000000,0.012160,0.000000,0.910900,19.990727,0.005145,0.608928,20.000000
0.120800,1,"LINK_TORSO_YAW",0.102400,0.200000,0.018400,20.000000,0.000000,0.000000,20.000000,0.000000,0.000000,0.000000,0.000000,0.012160,0.000000,0.910900,19.990710,0.005166,0.609496,20.000000
0.120900,1,"LINK_TORSO_YAW",0.102400,0.200000,0.018500,20.000000,0.000000,0.000000,20.000000,0.000000,0.000000,0.000000,0.000000,0.012160,0.000000,0.910900,19.990693,0.005187,0.610059,20.000000
0.121000,1,"LINK_TORSO_YAW",0.102400,0.200000,0.018600,20.000000,0.000000,0.000000,20.000000,0.000000,0.000000,0.000000,0.000000,0.012160,0.000000,0.910900,19.990676,0.005208,0.610618,20.000000
0.121100,1,"LINK_TORSO_YAW",0.102400,0.200000,0.018700,20.000000,0.000000,0.000000,20.000000,0.000000,0.000000,0.000000,0.000000,0.012160,0.000000,0.910900,19.990659,0.005230,0.611172,20.000000
0.121200,1,"LINK_TORSO_YAW",0.102400,0.200000,0.018800,20.000000,0.000000,0.000000,20.000000,0.000000,0.000000,0.000000,0.000000,0.012160,0.000000,0.910900,19.990642,0.005252,0.611721,20.000000
0.121300,1,"LINK_TORSO_YAW",0.102400,0.200000,0.018900,20.000000,0.000000,0.000000,20.000000,0.000000,0.000000,0.000000,0.000000,0.012160,0.000000,0.910900,19.990625,0.005273,0.612270,20.000000
0.121400,1,"LINK_TORSO_YAW",0.102400,0.200000,0.019000,20.000000,0.000000,0.000000,20.000000,0.000000,0.000000,0.000000,0.000000,0.012160,0.000000,0.910900,19.990608,0.005295,0.612819,20.000000
0.121500,1,"LINK_TORSO_YAW",0.102400,0.200000,0.019100,20.000000,0.000000,0.000000,20.000000,0.000000,0.000000,0.000000,0.000000,0.012160,0.000000,0.910900,19.990592,0.005317,0.613367,20.000000
0.121600,1,"LINK_TORSO_YAW",0.102400,0.200000,0.019200,20.000000,0.000000,0.000000,20.000000,0.000000,0.000000,0.000000,0.000000,0.012160,0.000000,0.910900,19.990575,0.005338,0.613914,20.000000
0.121700,1,"LINK_TORSO_YAW",0.102400,0.200000,0.019300,20.000000,0.000000,0.000000,20.000000,0.000000,0.000000,0.000000,0.000000,0.012160,0.000000,0.910900,19.990558,0.005360,0.614460,20.000000
0.121800,1,"LINK_TORSO_YAW",0.102400,0.200000,0.019400,20.000000,0.000000,0.000000,20.000000,0.000000,0.000000,0.000000,0.000000,0.012160,0.000000,0.910900,19.990541,0.005382,0.615003,20.000000
0.121900,1,"LINK_TORSO_YAW",0.102400,0.200000,0.019500,20.000000,0.000000,0.000000,20.000000,0.000000,0.000000,0.000000,0.000000,0.012160,0.000000,0.910900,19.990525,0.005404,0.615543,20.000000
0.122000,1,"LINK_TORSO_YAW",0.102400,0.200000,0.019600,20.000000,0.000000,0.000000,20.000000,0.000000,0.000000,0.000000,0.000000,0.012160,0.000000,0.910900,19.990508,0.005426,0.616080,20.000000
0.122100,1,"LINK_TORSO_YAW",0.102400,0.200000,0.019700,20.000000,0.000000,0.000000,20.000000,0.000000,0.000000,0.000000,0.000000,0.012160,0.000000,0.910900,19.990492,0.005448,0.616613,20.000000
0.122200,1,"LINK_TORSO_YAW",0.102400,0.200000,0.019800,20.000000,0.000000,0.000000,20.000000,0.000000,0.000000,0.000000,0.000000,0.012160,0.000000,0.910900,19.990475,0.005471,0.617141,20.000000
0.122300,1,"LINK_TORSO_YAW",0.102400,0.200000,0.019900,20.000000,0.000000,0.000000,20.000000,0.000000,0.000000,0.000000,0.000000,0.012160,0.000000,0.910900,19.990459,0.005493,0.617665,20.000000
0.122400,1,"LINK_TORSO_YAW",0.102400,0.200000,0.020000,20.000000,0.000000,0.000000,20.000000,0.000000,0.000000,0.000000,0.000000,0.012160,0.000000,0.910900,19.990443,0.005516,0.618189,20.000000
0.122500,1,"LINK_TORSO_YAW",0.102400,0.200000,0.020100,20.000000,0.000000,0.000000,20.000000,0.000000,0.000000,0.000000,0.000000,0.012160,0.000000,0.910900,19.990427,0.005538,0.618713,20.000000
0.122600,1,"LINK_TORSO_YAW",0.102400,0.200000,0.020200,20.000000,0.000000,0.000000,20.000000,0.000000,0.000000,0.000000,0.000000,0.012160,0.000000,0.910900,19.990411,0.005561,0.619236,20.000000
0.122700,1,"LINK_TORSO_YAW",0.102400,0.200000,0.020300,20.000000,0.000000,0.000000,20.000000,0.000000,0.000000,0.000000,0.000000,0.012160,0.000000,0.910900,19.990394,0.005584,0.619758,20.000000
0.122800,1,"LINK_TORSO_YAW",0.102400,0.200000,0.020400,20.000000,0.000000,0.000000,20.000000,0.000000,0.000000,0.000000,0.000000,0.012160,0.000000,0.910900,19.990378,0.005606,0.620279,20.000000
0.122900,1,"LINK_TORSO_YAW",0.102400,0.200000,0.020500,20.000000,0.000000,0.000000,20.000000,0.000000,0.000000,0.000000,0.000000,0.012160,0.000000,0.910900,19.990362,0.005629,0.620797,20.000000
0.123000,1,"LINK_TORSO_YAW",0.102400,0.200000,0.020600,20.000000,0.000000,0.000000,20.000000,0.000000,0.000000,0.000000,0.000000,0.012160,0.000000,0.910900,19.990346,0.005652,0.621312,20.000000
0.123100,1,"LINK_TORSO_YAW",0.102400,0.200000,0.020700,20.000000,0.000000,0.000000,20.000000,0.000000,0.000000,0.000000,0.000000,0.012160,0.000000,0.910900,19.990330,0.005675,0.621824,20.000000
0.123200,1,"LINK_TORSO_YAW",0.102400,0.200000,0.020800,20.000000,0.000000,0.000000,20.000000,0.000000,0.000000,0.000000,0.000000,0.012160,0.000000,0.910900,19.990314,0.005698,0.622332,20.000000
0.123300,1,"LINK_TORSO_YAW",0.102400,0.200000,0.020900,20.000000,0.000000,0.000000,20.000000,0.000000,0.000000,0.000000,0.000000,0.012160,0.000000,0.910900,19.990299,0.005721,0.622836,20.000000
0.123400,1,"LINK_TORSO_YAW",0.102400,0.200000,0.021000,20.000000,0.000000,0.000000,20.000000,0.000000,0.000000,0.000000,0.000000,0.012160,0.000000,0.910900,19.990283,0.005744,0.623340,20.000000
0.123500,1,"LINK_TORSO_YAW",0.102400,0.200000,0.021100,20.000000,0.000000,0.000000,20.000000,0.000000,0.000000,0.000000,0.000000,0.012160,0.000000,0.910900,19.990267,0.005768,0.623844,20.000000
0.123600,1,"LINK_TORSO_YAW",0.102400,0.200000,0.021200,20.000000,0.000000,0.000000,20.000000,0.000000,0.000000,0.000000,0.000000,0.012160,0.000000,0.910900,19.990252,0.005791,0.624348,20.000000
0.123700,1,"LINK_TORSO_YAW",0.102400,0.200000,0.021300,20.000000,0.000000,0.000000,20.000000,0.000000,0.000000,0.000000,0.000000,0.012160,0.000000,0.910900,19.990236,0.005814,0.624850,20.000000
0.123800,1,"LINK_TORSO_YAW",0.102400,0.200000,0.021400,20.000000,0.000000,0.000000,20.000000,0.000000,0.000000,0.000000,0.000000,0.012160,0.000000,0.910900,19.990220,0.005838,0.625351,20.000000
0.123900,1,"LINK_TORSO_YAW",0.102400,0.200000,0.021500,20.000000,0.000000,0.000000,20.000000,0.000000,0.000000,0.000000,0.000000,0.012160,0.000000,0.910900,19.990205,0.005861,0.625849,20.000000
0.124000,1,"LINK_TORSO_YAW",0.102400,0.200000,0.021600,20.000000,0.000000,0.000000,20.000000,0.000000,0.000000,0.000000,0.000000,0.012160,0.000000,0.910900,19.990189,0.005885,0.626344,20.000000
0.124100,1,"LINK_TORSO_YAW",0.102400,0.200000,0.021700,20.000000,0.000000,0.000000,20.000000,0.000000,0.000000,0.000000,0.000000,0.012160,0.000000,0.910900,19.990174,0.005908,0.626836,20.000000
0.124200,1,"LINK_TORSO_YAW",0.102400,0.200000,0.021800,20.000000,0.000000,0.000000,20.000000,0.000000,0.000000,0.000000,0.000000,0.012160,0.000000,0.910900,19.990158,0.005932,0.627325,20.000000
0.124300,1,"LINK_TORSO_YAW",0.102400,0.200000,0.021900,20.000000,0.000000,0.000000,20.000000,0.000000,0.000000,0.000000,0.000000,0.012160,0.000000,0.910900,19.990143,0.005956,0.627809,20.000000
0.124400,1,"LINK_TORSO_YAW",0.102400,0.200000,0.022000,20.000000,0.000000,0.000000,20.000000,0.000000,0.000000,0.000000,0.000000,0.012160,0.000000,0.910900,19.990128,0.005980,0.628287,20.000000
0.124500,1,"LINK_TORSO_YAW",0.102400,0.200000,0.022100,20.000000,0.000000,0.000000,20.000000,0.000000,0.000000,0.000000,0.000000,0.012160,0.000000,0.910900,19.990113,0.006004,0.628767,20.000000
0.124600,1,"LINK_TORSO_YAW",0.102400,0.200000,0.022200,20.000000,0.000000,0.000000,20.000000,0.000000,0.000000,0.000000,0.000000,0.012160,0.000000,0.910900,19.990098,0.006028,0.629246,20.000000
0.124700,1,"LINK_TORSO_YAW",0.102400,0.200000,0.022300,20.000000,0.000000,0.000000,20.000000,0.000000,0.000000,0.000000,0.000000,0.012160,0.000000,0.910900,19.990083,0.006052,0.629725,20.000000
0.124800,1,"LINK_TORSO_YAW",0.102400,0.200000,0.022400,20.000000,0.000000,0.000000,20.000000,0.000000,0.000000,0.000000,0.000000,0.012160,0.000000,0.910900,19.990068,0.006076,0.630202,20.000000
0.124900,1,"LINK_TORSO_YAW",0.102400,0.200000,0.022500,20.000000,0.000000,0.000000,20.000000,0.000000,0.000000,0.000000,0.000000,0.012160,0.000000,0.910900,19.990053,0.006101,0.630678,20.000000
0.125000,1,"LINK_TORSO_YAW",0.102400,0.200000,0.022600,20.000000,0.000000,0.000000,20.000000,0.000000,0.000000,0.000000,0.000000,0.012160,0.000000,0.910900,19.990038,0.006125,0.631152,20.000000
0.125100,1,"LINK_TORSO_YAW",0.102400,0.200000,0.022700,20.000000,0.000000,0.000000,20.000000,0.000000,0.000000,0.000000,0.000000,0.012160,0.000000,0.910900,19.990023,0.006149,0.631622,20.000000
0.125200,1,"LINK_TORSO_YAW",0.102400,0.200000,0.022800,20.000000,0.000000,0.000000,20.000000,0.000000,0.000000,0.000000,0.000000,0.012160,0.000000,0.910900,19.990008,0.006174,0.632090,20.000000
0.125300,1,"LINK_TORSO_YAW",0.102400,0.200000,0.022900,20.000000,0.000000,0.000000,20.000000,0.000000,0.000000,0.000000,0.000000,0.012160,0.000000,0.910900,19.989993,0.006199,0.632553,20.000000
0.125400,1,"LINK_TORSO_YAW",0.102400,0.200000,0.023000,20.000000,0.000000,0.000000,20.000000,0.000000,0.000000,0.000000,0.000000,0.012160,0.000000,0.910900,19.989979,0.006223,0.633012,20.000000
0.125500,1,"LINK_TORSO_YAW",0.102400,0.200000,0.023100,20.000000,0.000000,0.000000,20.000000,0.000000,0.000000,0.000000,0.000000,0.012160,0.000000,0.910900,19.989965,0.006248,0.633467,20.000000
0.125600,1,"LINK_TORSO_YAW",0.102400,0.200000,0.023200,20.000000,0.000000,0.000000,20.000000,0.000000,0.000000,0.000000,0.000000,0.012160,0.000000,0.910900,19.989950,0.006273,0.633915,20.000000
0.125700,1,"LINK_TORSO_YAW",0.102400,0.200000,0.023300,20.000000,0.000000,0.000000,20.000000,0.000000,0.000000,0.000000,0.000000,0.012160,0.000000,0.910900,19.989936,0.006298,0.634364,20.000000
0.125800,1,"LINK_TORSO_YAW",0.102400,0.200000,0.023400,20.000000,0.000000,0.000000,20.000000,0.000000,0.000000,0.000000,0.000000,0.012160,0.000000,0.910900,19.989922,0.006324,0.634814,20.000000
0.125900,1,"LINK_TORSO_YAW",0.102400,0.200000,0.023500,20.000000,0.000000,0.000000,20.000000,0.000000,0.000000,0.000000,0.000000,0.012160,0.000000,0.910900,19.989908,0.006349,0.635262,20.000000
0.126000,1,"LINK_TORSO_YAW",0.102400,0.200000,0.023600,20.000000,0.000000,0.000000,20.000000,0.000000,0.000000,0.000000,0.000000,0.012160,0.000000,0.910900,19.989893,0.006374,0.635709,20.000000
0.126100,1,"LINK_TORSO_YAW",0.102400,0.200000,0.023700,20.000000,0.000000,0.000000,20.000000,0.000000,0.000000,0.000000,0.000000,0.012160,0.000000,0.910900,19.989879,0.006399,0.636155,20.000000
0.126200,1,"LINK_TORSO_YAW",0.102400,0.200000,0.023800,20.000000,0.000000,0.000000,20.000000,0.000000,0.000000,0.000000,0.000000,0.012160,0.000000,0.910900,19.989865,0.006424,0.636598,20.000000
0.126300,1,"LINK_TORSO_YAW",0.102400,0.200000,0.023900,20.000000,0.000000,0.000000,20.000000,0.000000,0.000000,0.000000,0.000000,0.012160,0.000000,0.910900,19.989851,0.006450,0.637039,20.000000
0.126400,1,"LINK_TORSO_YAW",0.102400,0.200000,0.024000,20.000000,0.000000,0.000000,20.000000,0.000000,0.000000,0.000000,0.000000,0.012160,0.000000,0.910900,19.989837,0.006475,0.637476,20.000000
0.126500,1,"LINK_TORSO_YAW",0.102400,0.200000,0.024100,20.000000,0.000000,0.000000,20.000000,0.000000,0.000000,0.000000,0.000000,0.012160,0.000000,0.910900,19.989823,0.006501,0.637910,20.000000
0.126600,1,"LINK_TORSO_YAW",0.102400,0.200000,0.024200,20.000000,0.000000,0.000000,20.000000,0.000000,0.000000,0.000000,0.000000,0.012160,0.000000,0.910900,19.989809,0.006527,0.638339,20.000000
0.126700,1,"LINK_TORSO_YAW",0.102400,0.200000,0.024300,20.000000,0.000000,0.000000,20.000000,0.000000,0.000000,0.000000,0.000000,0.012160,0.000000,0.910900,19.989796,0.006553,0.638768,20.000000
0.126800,1,"LINK_TORSO_YAW",0.102400,0.200000,0.024400,20.000000,0.000000,0.000000,20.000000,0.000000,0.000000,0.000000,0.000000,0.012160,0.000000,0.910900,19.989782,0.006578,0.639198,20.000000
0.126900,1,"LINK_TORSO_YAW",0.102400,0.200000,0.024500,20.000000,0.000000,0.000000,20.000000,0.000000,0.000000,0.000000,0.000000,0.012160,0.000000,0.910900,19.989768,0.006604,0.639627,20.000000
0.127000,1,"LINK_TORSO_YAW",0.102400,0.200000,0.024600,20.000000,0.000000,0.000000,20.000000,0.000000,0.000000,0.000000,0.000000,0.012160,0.000000,0.910900,19.989755,0.006630,0.640054,20.000000
0.127100,1,"LINK_TORSO_YAW",0.102400,0.200000,0.024700,20.000000,0.000000,0.000000,20.000000,0.000000,0.000000,0.000000,0.000000,0.012160,0.000000,0.910900,19.989741,0.006656,0.640480,20.000000
0.127200,1,"LINK_TORSO_YAW",0.102400,0.200000,0.024800,20.000000,0.000000,0.000000,20.000000,0.000000,0.000000,0.000000,0.000000,0.012160,0.000000,0.910900,19.989727,0.006682,0.640904,20.000000
0.127300,1,"LINK_TORSO_YAW",0.102400,0.200000,0.024900,20.000000,0.000000,0.000000,20.000000,0.000000,0.000000,0.000000,0.000000,0.012160,0.000000,0.910900,19.989714,0.006708,0.641325,20.000000
0.127400,1,"LINK_TORSO_YAW",0.102400,0.200000,0.025000,20.000000,0.000000,0.000000,20.000000,0.000000,0.000000,0.000000,0.000000,0.012160,0.000000,0.910900,19.989700,0.006734,0.641743,20.000000
0.127500,1,"LINK_TORSO_YAW",0.102400,0.200000,0.025100,20.000000,0.000000,0.000000,20.000000,0.000000,0.000000,0.000000,0.000000,0.012160,0.000000,0.910900,19.989687,0.006761,0.642157,20.000000
0.127600,1,"LINK_TORSO_YAW",0.102400,0.200000,0.025200,20.000000,0.000000,0.000000,20.000000,0.000000,0.000000,0.000000,0.000000,0.012160,0.000000,0.910900,19.989674,0.006787,0.642566,20.000000
0.127700,1,"LINK_TORSO_YAW",0.102400,0.200000,0.025300,20.000000,0.000000,0.000000,20.000000,0.000000,0.000000,0.000000,0.000000,0.012160,0.000000,0.910900,19.989661,0.006814,0.642971,20.000000
0.127800,1,"LINK_TORSO_YAW",0.102400,0.200000,0.025400,20.000000,0.000000,0.000000,20.000000,0.000000,0.000000,0.000000,0.000000,0.012160,0.000000,0.910900,19.989648,0.006840,0.643370,20.000000
0.127900,1,"LINK_TORSO_YAW",0.102400,0.200000,0.025500,20.000000,0.000000,0.000000,20.000000,0.000000,0.000000,0.000000,0.000000,0.012160,0.000000,0.910900,19.989635,0.006867,0.643769,20.000000
0.128000,1,"LINK_TORSO_YAW",0.102400,0.200000,0.025600,20.000000,0.000000,0.000000,20.000000,0.000000,0.000000,0.000000,0.000000,0.012160,0.000000,0.910900,19.989622,0.006894,0.644169,20.000000
0.128100,1,"LINK_TORSO_YAW",0.102400,0.200000,0.025700,20.000000,0.000000,0.000000,20.000000,0.000000,0.000000,0.000000,0.000000,0.012160,0.000000,0.910900,19.989609,0.006921,0.644568,20.000000
0.128200,1,"LINK_TORSO_YAW",0.102400,0.200000,0.025800,20.000000,0.000000,0.000000,20.000000,0.000000,0.000000,0.000000,0.000000,0.012160,0.000000,0.910900,19.989597,0.006948,0.644965,20.000000
0.128300,1,"LINK_TORSO_YAW",0.102400,0.200000,0.025900,20.000000,0.000000,0.000000,20.000000,0.000000,0.000000,0.000000,0.000000,0.012160,0.000000,0.910900,19.989584,0.006975,0.645362,20.000000
0.128400,1,"LINK_TORSO_YAW",0.102400,0.200000,0.026000,20.000000,0.000000,0.000000,20.000000,0.000000,0.000000,0.000000,0.000000,0.012160,0.000000,0.910900,19.989571,0.007002,0.645755,20.000000
0.128500,1,"LINK_TORSO_YAW",0.102400,0.200000,0.026100,20.000000,0.000000,0.000000,20.000000,0.000000,0.000000,0.000000,0.000000,0.012160,0.000000,0.910900,19.989558,0.007029,0.646147,20.000000
0.128600,1,"LINK_TORSO_YAW",0.102400,0.200000,0.026200,20.000000,0.000000,0.000000,20.000000,0.000000,0.000000,0.000000,0.000000,0.012160,0.000000,0.910900,19.989546,0.007056,0.646534,20.000000
0.128700,1,"LINK_TORSO_YAW",0.102400,0.200000,0.026300,20.000000,0.000000,0.000000,20.000000,0.000000,0.000000,0.000000,0.000000,0.012160,0.000000,0.910900,19.989533,0.007083,0.646918,20.000000
0.128800,1,"LINK_TORSO_YAW",0.102400,0.200000,0.026400,20.000000,0.000000,0.000000,20.000000,0.000000,0.000000,0.000000,0.000000,0.012160,0.000000,0.910900,19.989521,0.007111,0.647298,20.000000
0.128900,1,"LINK_TORSO_YAW",0.102400,0.200000,0.026500,20.000000,0.000000,0.000000,20.000000,0.000000,0.000000,0.000000,0.000000,0.012160,0.000000,0.910900,19.989509,0.007138,0.647672,20.000000
0.129000,1,"LINK_TORSO_YAW",0.102400,0.200000,0.026600,20.000000,0.000000,0.000000,20.000000,0.000000,0.000000,0.000000,0.000000,0.012160,0.000000,0.910900,19.989497,0.007166,0.648048,20.000000
0.129100,1,"LINK_TORSO_YAW",0.102400,0.200000,0.026700,20.000000,0.000000,0.000000,20.000000,0.000000,0.000000,0.000000,0.000000,0.012160,0.000000,0.910900,19.989485,0.007194,0.648423,20.000000
0.129200,1,"LINK_TORSO_YAW",0.102400,0.200000,0.026800,20.000000,0.000000,0.000000,20.000000,0.000000,0.000000,0.000000,0.000000,0.012160,0.000000,0.910900,19.989472,0.007221,0.648797,20.000000
0.129300,1,"LINK_TORSO_YAW",0.102400,0.200000,0.026900,20.000000,0.000000,0.000000,20.000000,0.000000,0.000000,0.000000,0.000000,0.012160,0.000000,0.910900,19.989460,0.007249,0.649171,20.000000
0.129400,1,"LINK_TORSO_YAW",0.102400,0.200000,0.027000,20.000000,0.000000,0.000000,20.000000,0.000000,0.000000,0.000000,0.000000,0.012160,0.000000,0.910900,19.989448,0.007277,0.649542,20.000000
0.129500,1,"LINK_TORSO_YAW",0.102400,0.200000,0.027100,20.000000,0.000000,0.000000,20.000000,0.000000,0.000000,0.000000,0.000000,0.012160,0.000000,0.910900,19.989436,0.007304,0.649912,20.000000
0.129600,1,"LINK_TORSO_YAW",0.102400,0.200000,0.027200,20.000000,0.000000,0.000000,20.000000,0.000000,0.000000,0.000000,0.000000,0.012160,0.000000,0.910900,19.989424,0.007332,0.650279,20.000000
0.129700,1,"LINK_TORSO_YAW",0.102400,0.200000,0.027300,20.000000,0.000000,0.000000,20.000000,0.000000,0.000000,0.000000,0.000000,0.012160,0.000000,0.910900,19.989412,0.007360,0.650642,20.000000
0.129800,1,"LINK_TORSO_YAW",0.102400,0.200000,0.027400,20.000000,0.000000,0.000000,20.000000,0.000000,0.000000,0.000000,0.000000,0.012160,0.000000,0.910900,19.989401,0.007389,0.651002,20.000000
0.129900,1,"LINK_TORSO_YAW",0.102400,0.200000,0.027500,20.000000,0.000000,0.000000,20.000000,0.000000,0.000000,0.000000,0.000000,0.012160,0.000000,0.910900,19.989389,0.007417,0.651357,20.000000
0.130000,1,"LINK_TORSO_YAW",0.102400,0.200000,0.027600,20.000000,0.000000,0.000000,20.000000,0.000000,0.000000,0.000000,0.000000,0.012160,0.000000,0.910900,19.989378,0.007445,0.651707,20.000000
0.130100,1,"LINK_TORSO_YAW",0.102400,0.200000,0.027700,20.000000,0.000000,0.000000,20.000000,0.000000,0.000000,0.000000,0.000000,0.012160,0.000000,0.910900,19.989366,0.007474,0.652052,20.000000
0.130200,1,"LINK_TORSO_YAW",0.102400,0.200000,0.027800,20.000000,0.000000,0.000000,20.000000,0.000000,0.000000,0.000000,0.000000,0.012160,0.000000,0.910900,19.989355,0.007502,0.652397,20.000000
0.130300,1,"LINK_TORSO_YAW",0.102400,0.200000,0.027900,20.000000,0.000000,0.000000,20.000000,0.000000,0.000000,0.000000,0.000000,0.012160,0.000000,0.910900,19.989344,0.007531,0.652743,20.000000
0.130400,1,"LINK_TORSO_YAW",0.102400,0.200000,0.028000,20.000000,0.000000,0.000000,20.000000,0.000000,0.000000,0.000000,0.000000,0.012160,0.000000,0.910900,19.989333,0.007560,0.653088,20.000000
0.130500,1,"LINK_TORSO_YAW",0.102400,0.200000,0.028100,20.000000,0.000000,0.000000,20.000000,0.000000,0.000000,0.000000,0.000000,0.012160,0.000000,0.910900,19.989321,0.007588,0.653431,20.000000
0.130600,1,"LINK_TORSO_YAW",0.102400,0.200000,0.028200,20.000000,0.000000,0.000000,20.000000,0.000000,0.000000,0.000000,0.000000,0.012160,0.000000,0.910900,19.989310,0.007617,0.653773,20.000000
0.130700,1,"LINK_TORSO_YAW",0.102400,0.200000,0.028300,20.000000,0.000000,0.000000,20.000000,0.000000,0.000000,0.000000,0.000000,0.012160,0.000000,0.910900,19.989299,0.007646,0.654113,20.000000
0.130800,1,"LINK_TORSO_YAW",0.102400,0.200000,0.028400,20.000000,0.000000,0.000000,20.000000,0.000000,0.000000,0.000000,0.000000,0.012160,0.000000,0.910900,19.989288,0.007675,0.654450,20.000000
0.130900,1,"LINK_TORSO_YAW",0.102400,0.200000,0.028500,20.000000,0.000000,0.000000,20.000000,0.000000,0.000000,0.000000,0.000000,0.012160,0.000000,0.910900,19.989277,0.007704,0.654784,20.000000
0.131000,1,"LINK_TORSO_YAW",0.102400,0.200000,0.028600,20.000000,0.000000,0.000000,20.000000,0.000000,0.000000,0.000000,0.000000,0.012160,0.000000,0.910900,19.989266,0.007733,0.655114,20.000000
0.131100,1,"LINK_TORSO_YAW",0.102400,0.200000,0.028700,20.000000,0.000000,0.000000,20.000000,0.000000,0.000000,0.000000,0.000000,0.012160,0.000000,0.910900,19.989256,0.007762,0.655439,20.000000
0.131200,1,"LINK_TORSO_YAW",0.102400,0.200000,0.028800,20.000000,0.000000,0.000000,20.000000,0.000000,0.000000,0.000000,0.000000,0.012160,0.000000,0.910900,19.989245,0.007792,0.655760,20.000000
0.131300,1,"LINK_TORSO_YAW",0.102400,0.200000,0.028900,20.000000,0.000000,0.000000,20.000000,0.000000,0.000000,0.000000,0.000000,0.012160,0.000000,0.910900,19.989235,0.007821,0.656081,20.000000
0.131400,1,"LINK_TORSO_YAW",0.102400,0.200000,0.029000,20.000000,0.000000,0.000000,20.000000,0.000000,0.000000,0.000000,0.000000,0.012160,0.000000,0.910900,19.989224,0.007850,0.656402,20.000000
0.131500,1,"LINK_TORSO_YAW",0.102400,0.200000,0.029100,20.000000,0.000000,0.000000,20.000000,0.000000,0.000000,0.000000,0.000000,0.012160,0.000000,0.910900,19.989213,0.007880,0.656723,20.000000
0.131600,1,"LINK_TORSO_YAW",0.102400,0.200000,0.029200,20.000000,0.000000,0.000000,20.000000,0.000000,0.000000,0.000000,0.000000,0.012160,0.000000,0.910900,19.989203,0.007909,0.657042,20.000000
0.131700,1,"LINK_TORSO_YAW",0.102400,0.200000,0.029300,20.000000,0.000000,0.000000,20.000000,0.000000,0.000000,0.000000,0.000000,0.012160,0.000000,0.910900,19.989192,0.007939,0.657360,20.000000
0.131800,1,"LINK_TORSO_YAW",0.102400,0.200000,0.029400,20.000000,0.000000,0.000000,20.000000,0.000000,0.000000,0.000000,0.000000,0.012160,0.000000,0.910900,19.989182,0.007969,0.657676,20.000000
0.131900,1,"LINK_TORSO_YAW",0.102400,0.200000,0.029500,20.000000,0.000000,0.000000,20.000000,0.000000,0.000000,0.000000,0.000000,0.012160,0.000000,0.910900,19.989172,0.007998,0.657988,20.000000
0.132000,1,"LINK_TORSO_YAW",0.102400,0.200000,0.029600,20.000000,0.000000,0.000000,20.000000,0.000000,0.000000,0.000000,0.000000,0.012160,0.000000,0.910900,19.989162,0.008028,0.658298,20.000000
0.132100,1,"LINK_TORSO_YAW",0.102400,0.200000,0.029700,20.000000,0.000000,0.000000,20.000000,0.000000,0.000000,0.000000,0.000000,0.012160,0.000000,0.910900,19.989151,0.008058,0.658604,20.000000
0.132200,1,"LINK_TORSO_YAW",0.102400,0.200000,0.029800,20.000000,0.000000,0.000000,20.000000,0.000000,0.000000,0.000000,0.000000,0.012160,0.000000,0.910900,19.989142,0.008088,0.658905,20.000000
0.132300,1,"LINK_TORSO_YAW",0.102400,0.200000,0.029900,20.000000,0.000000,0.000000,20.000000,0.000000,0.000000,0.000000,0.000000,0.012160,0.000000,0.910900,19.989132,0.008118,0.659202,20.000000
0.132400,1,"LINK_TORSO_YAW",0.102400,0.200000,0.030000,20.000000,0.000000,0.000000,20.000000,0.000000,0.000000,0.000000,0.000000,0.012160,0.000000,0.910900,19.989122,0.008149,0.659499,20.000000
0.132500,1,"LINK_TORSO_YAW",0.102400,0.200000,0.030100,20.000000,0.000000,0.000000,20.000000,0.000000,0.000000,0.000000,0.000000,0.012160,0.000000,0.910900,19.989112,0.008179,0.659796,20.000000
0.132600,1,"LINK_TORSO_YAW",0.102400,0.200000,0.030200,20.000000,0.000000,0.000000,20.000000,0.000000,0.000000,0.000000,0.000000,0.012160,0.000000,0.910900,19.989102,0.008209,0.660092,20.000000
0.132700,1,"LINK_TORSO_YAW",0.102400,0.200000,0.030300,20.000000,0.000000,0.000000,20.000000,0.000000,0.000000,0.000000,0.000000,0.012160,0.000000,0.910900,19.989093,0.008239,0.660388,20.000000
0.132800,1,"LINK_TORSO_YAW",0.102400,0.200000,0.030400,20.000000,0.000000,0.000000,20.000000,0.000000,0.000000,0.000000,0.000000,0.012160,0.000000,0.910900,19.989083,0.008270,0.660681,20.000000
0.132900,1,"LINK_TORSO_YAW",0.102400,0.200000,0.030500,20.000000,0.000000,0.000000,20.000000,0.000000,0.000000,0.000000,0.000000,0.012160,0.000000,0.910900,19.989073,0.008300,0.660973,20.000000
0.133000,1,"LINK_TORSO_YAW",0.102400,0.200000,0.030600,20.000000,0.000000,0.000000,20.000000,0.000000,0.000000,0.000000,0.000000,0.012160,0.000000,0.910900,19.989064,0.008331,0.661262,20.000000
0.133100,1,"LINK_TORSO_YAW",0.102400,0.200000,0.030700,20.000000,0.000000,0.000000,20.000000,0.000000,0.000000,0.000000,0.000000,0.012160,0.000000,0.910900,19.989054,0.008361,0.661547,20.000000
0.133200,1,"LINK_TORSO_YAW",0.102400,0.200000,0.030800,20.000000,0.000000,0.000000,20.000000,0.000000,0.000000,0.000000,0.000000,0.012160,0.000000,0.910900,19.989045,0.008392,0.661829,20.000000
0.133300,1,"LINK_TORSO_YAW",0.102400,0.200000,0.030900,20.000000,0.000000,0.000000,20.000000,0.000000,0.000000,0.000000,0.000000,0.012160,0.000000,0.910900,19.989036,0.008423,0.662106,20.000000
0.133400,1,"LINK_TORSO_YAW",0.102400,0.200000,0.031000,20.000000,0.000000,0.000000,20.000000,0.000000,0.000000,0.000000,0.000000,0.012160,0.000000,0.910900,19.989027,0.008454,0.662379,20.000000
0.133500,1,"LINK_TORSO_YAW",0.102400,0.200000,0.031100,20.000000,0.000000,0.000000,20.000000,0.000000,0.000000,0.000000,0.000000,0.012160,0.000000,0.910900,19.989018,0.008485,0.662652,20.000000
0.133600,1,"LINK_TORSO_YAW",0.102400,0.200000,0.031200,20.000000,0.000000,0.000000,20.000000,0.000000,0.000000,0.000000,0.000000,0.012160,0.000000,0.910900,19.989008,0.008516,0.662925,20.000000
0.133700,1,"LINK_TORSO_YAW",0.102400,0.200000,0.031300,20.000000,0.000000,0.000000,20.000000,0.000000,0.000000,0.000000,0.000000,0.012160,0.000000,0.910900,19.988999,0.008547,0.663197,20.000000
0.133800,1,"LINK_TORSO_YAW",0.102400,0.200000,0.031400,20.000000,0.000000,0.000000,20.000000,0.000000,0.000000,0.000000,0.000000,0.012160,0.000000,0.910900,19.988990,0.008578,0.663468,20.000000
0.133900,1,"LINK_TORSO_YAW",0.102400,0.200000,0.031500,20.000000,0.000000,0.000000,20.000000,0.000000,0.000000,0.000000,0.000000,0.012160,0.000000,0.910900,19.988981,0.008609,0.663738,20.000000
0.134000,1,"LINK_TORSO_YAW",0.102400,0.200000,0.031600,20.000000,0.000000,0.000000,20.000000,0.000000,0.000000,0.000000,0.000000,0.012160,0.000000,0.910900,19.988973,0.008640,0.664006,20.000000
0.134100,1,"LINK_TORSO_YAW",0.102400,0.200000,0.031700,20.000000,0.000000,0.000000,20.000000,0.000000,0.000000,0.000000,0.000000,0.012160,0.000000,0.910900,19.988964,0.008672,0.664270,20.000000
0.134200,1,"LINK_TORSO_YAW",0.102400,0.200000,0.031800,20.000000,0.000000,0.000000,20.000000,0.000000,0.000000,0.000000,0.000000,0.012160,0.000000,0.910900,19.988955,0.008703,0.664532,20.000000
0.134300,1,"LINK_TORSO_YAW",0.102400,0.200000,0.031900,20.000000,0.000000,0.000000,20.000000,0.000000,0.000000,0.000000,0.000000,0.012160,0.000000,0.910900,19.988946,0.008735,0.664790,20.000000
0.134400,1,"LINK_TORSO_YAW",0.102400,0.200000,0.032000,20.000000,0.000000,0.000000,20.000000,0.000000,0.000000,0.000000,0.000000,0.012160,0.000000,0.910900,19.988938,0.008766,0.665043,20.000000
0.134500,1,"LINK_TORSO_YAW",0.102400,0.200000,0.032100,20.000000,0.000000,0.000000,20.000000,0.000000,0.000000,0.000000,0.000000,0.012160,0.000000,0.910900,19.988929,0.008798,0.665297,20.000000
0.134600,1,"LINK_TORSO_YAW",0.102400,0.200000,0.032200,20.000000,0.000000,0.000000,20.000000,0.000000,0.000000,0.000000,0.000000,0.012160,0.000000,0.910900,19.988921,0.008830,0.665551,20.000000
0.134700,1,"LINK_TORSO_YAW",0.102400,0.200000,0.032300,20.000000,0.000000,0.000000,20.000000,0.000000,0.000000,0.000000,0.000000,0.012160,0.000000,0.910900,19.988913,0.008861,0.665804,20.000000
0.134800,1,"LINK_TORSO_YAW",0.102400,0.200000,0.032400,20.000000,0.000000,0.000000,20.000000,0.000000,0.000000,0.000000,0.000000,0.012160,0.000000,0.910900,19.988904,0.008893,0.666057,20.000000
0.134900,1,"LINK_TORSO_YAW",0.102400,0.200000,0.032500,20.000000,0.000000,0.000000,20.000000,0.000000,0.000000,0.000000,0.000000,0.012160,0.000000,0.910900,19.988896,0.008925,0.666307,20.000000
0.135000,1,"LINK_TORSO_YAW",0.102400,0.200000,0.032600,20.000000,0.000000,0.000000,20.000000,0.000000,0.000000,0.000000,0.000000,0.012160,0.000000,0.910900,19.988887,0.008957,0.666556,20.000000
0.135100,1,"LINK_TORSO_YAW",0.102400,0.200000,0.032700,20.000000,0.000000,0.000000,20.000000,0.000000,0.000000,0.000000,0.000000,0.012160,0.000000,0.910900,19.988879,0.008989,0.666801,20.000000
0.135200,1,"LINK_TORSO_YAW",0.102400,0.200000,0.032800,20.000000,0.000000,0.000000,20.000000,0.000000,0.000000,0.000000,0.000000,0.012160,0.000000,0.910900,19.988871,0.009021,0.667044,20.000000
0.135300,1,"LINK_TORSO_YAW",0.102400,0.200000,0.032900,20.000000,0.000000,0.000000,20.000000,0.000000,0.000000,0.000000,0.000000,0.012160,0.000000,0.910900,19.988863,0.009053,0.667283,20.000000
0.135400,1,"LINK_TORSO_YAW",0.102400,0.200000,0.033000,20.000000,0.000000,0.000000,20.000000,0.000000,0.000000,0.000000,0.000000,0.012160,0.000000,0.910900,19.988855,0.009085,0.667517,20.000000
0.135500,1,"LINK_TORSO_YAW",0.102400,0.200000,0.033100,20.000000,0.000000,0.000000,20.000000,0.000000,0.000000,0.000000,0.000000,0.012160,0.000000,0.910900,19.988848,0.009118,0.667747,20.000000
0.135600,1,"LINK_TORSO_YAW",0.102400,0.200000,0.033200,20.000000,0.000000,0.000000,20.000000,0.000000,0.000000,0.000000,0.000000,0.012160,0.000000,0.910900,19.988840,0.009150,0.667971,20.000000
0.135700,1,"LINK_TORSO_YAW",0.102400,0.200000,0.033300,20.000000,0.000000,0.000000,20.000000,0.000000,0.000000,0.000000,0.000000,0.012160,0.000000,0.910900,19.988833,0.009183,0.668195,20.000000
0.135800,1,"LINK_TORSO_YAW",0.102400,0.200000,0.033400,20.000000,0.000000,0.000000,20.000000,0.000000,0.000000,0.000000,0.000000,0.012160,0.000000,0.910900,19.988825,0.009216,0.668420,20.000000
0.135900,1,"LINK_TORSO_YAW",0.102400,0.200000,0.033500,20.000000,0.000000,0.000000,20.000000,0.000000,0.000000,0.000000,0.000000,0.012160,0.000000,0.910900,19.988818,0.009248,0.668644,20.000000
0.136000,1,"LINK_TORSO_YAW",0.102400,0.200000,0.033600,20.000000,0.000000,0.000000,20.000000,0.000000,0.000000,0.000000,0.000000,0.012160,0.000000,0.910900,19.988810,0.009281,0.668867,20.000000
0.136100,1,"LINK_TORSO_YAW",0.102400,0.200000,0.033700,20.000000,0.000000,0.000000,20.000000,0.000000,0.000000,0.000000,0.000000,0.012160,0.000000,0.910900,19.988803,0.009314,0.669088,20.000000
0.136200,1,"LINK_TORSO_YAW",0.102400,0.200000,0.033800,20.000000,0.000000,0.000000,20.000000,0.000000,0.000000,0.000000,0.000000,0.012160,0.000000,0.910900,19.988795,0.009346,0.669308,20.000000
0.136300,1,"LINK_TORSO_YAW",0.102400,0.200000,0.033900,20.000000,0.000000,0.000000,20.000000,0.000000,0.000000,0.000000,0.000000,0.012160,0.000000,0.910900,19.988788,0.009379,0.669524,20.000000
0.136400,1,"LINK_TORSO_YAW",0.102400,0.200000,0.034000,20.000000,0.000000,0.000000,20.000000,0.000000,0.000000,0.000000,0.000000,0.012160,0.000000,0.910900,19.988781,0.009412,0.669737,20.000000
0.136500,1,"LINK_TORSO_YAW",0.102400,0.200000,0.034100,20.000000,0.000000,0.000000,20.000000,0.000000,0.000000,0.000000,0.000000,0.012160,0.000000,0.910900,19.988774,0.009445,0.669947,20.000000
0.136600,1,"LINK_TORSO_YAW",0.102400,0.200000,0.034200,20.000000,0.000000,0.000000,20.000000,0.000000,0.000000,0.000000,0.000000,0.012160,0.000000,0.910900,19.988767,0.009479,0.670152,20.000000
0.136700,1,"LINK_TORSO_YAW",0.102400,0.200000,0.034300,20.000000,0.000000,0.000000,20.000000,0.000000,0.000000,0.000000,0.000000,0.012160,0.000000,0.910900,19.988760,0.009512,0.670352,20.000000
0.136800,1,"LINK_TORSO_YAW",0.102400,0.200000,0.034400,20.000000,0.000000,0.000000,20.000000,0.000000,0.000000,0.000000,0.000000,0.012160,0.000000,0.910900,19.988754,0.009545,0.670553,20.000000
0.136900,1,"LINK_TORSO_YAW",0.102400,0.200000,0.034500,20.000000,0.000000,0.000000,20.000000,0.000000,0.000000,0.000000,0.000000,0.012160,0.000000,0.910900,19.988747,0.009579,0.670754,20.000000
0.137000,1,"LINK_TORSO_YAW",0.102400,0.200000,0.034600,20.000000,0.000000,0.000000,20.000000,0.000000,0.000000,0.000000,0.000000,0.012160,0.000000,0.910900,19.988740,0.009612,0.670954,20.000000
0.137100,1,"LINK_TORSO_YAW",0.102400,0.200000,0.034700,20.000000,0.000000,0.000000,20.000000,0.000000,0.000000,0.000000,0.000000,0.012160,0.000000,0.910900,19.988733,0.009646,0.671153,20.000000
0.137200,1,"LINK_TORSO_YAW",0.102400,0.200000,0.034800,20.000000,0.000000,0.000000,20.000000,0.000000,0.000000,0.000000,0.000000,0.012160,0.000000,0.910900,19.988727,0.009679,0.671351,20.000000
0.137300,1,"LINK_TORSO_YAW",0.102400,0.200000,0.034900,20.000000,0.000000,0.000000,20.000000,0.000000,0.000000,0.000000,0.000000,0.012160,0.000000,0.910900,19.988720,0.009713,0.671547,20.000000
0.137400,1,"LINK_TORSO_YAW",0.102400,0.200000,0.035000,20.000000,0.000000,0.000000,20.000000,0.000000,0.000000,0.000000,0.000000,0.012160,0.000000,0.910900,19.988714,0.009747,0.671739,20.000000
0.137500,1,"LINK_TORSO_YAW",0.102400,0.200000,0.035100,20.000000,0.000000,0.000000,20.000000,0.000000,0.000000,0.000000,0.000000,0.012160,0.000000,0.910900,19.988707,0.009780,0.671929,20.000000
0.137600,1,"LINK_TORSO_YAW",0.102400,0.200000,0.035200,20.000000,0.000000,0.000000,20.000000,0.000000,0.000000,0.000000,0.000000,0.012160,0.000000,0.910900,19.988701,0.009814,0.672115,20.000000
0.137700,1,"LINK_TORSO_YAW",0.102400,0.200000,0.035300,20.000000,0.000000,0.000000,20.000000,0.000000,0.000000,0.000000,0.000000,0.012160,0.000000,0.910900,19.988695,0.009848,0.672296,20.000000
0.137800,1,"LINK_TORSO_YAW",0.102400,0.200000,0.035400,20.000000,0.000000,0.000000,20.000000,0.000000,0.000000,0.000000,0.000000,0.012160,0.000000,0.910900,19.988689,0.009882,0.672472,20.000000
0.137900,1,"LINK_TORSO_YAW",0.102400,0.200000,0.035500,20.000000,0.000000,0.000000,20.000000,0.000000,0.000000,0.000000,0.000000,0.012160,0.000000,0.910900,19.988683,0.009917,0.672650,20.000000
0.138000,1,"LINK_TORSO_YAW",0.102400,0.200000,0.035600,20.000000,0.000000,0.000000,20.000000,0.000000,0.000000,0.000000,0.000000,0.012160,0.000000,0.910900,19.988677,0.009951,0.672827,20.000000
0.138100,1,"LINK_TORSO_YAW",0.102400,0.200000,0.035700,20.000000,0.000000,0.000000,20.000000,0.000000,0.000000,0.000000,0.000000,0.012160,0.000000,0.910900,19.988671,0.009985,0.673003,20.000000
0.138200,1,"LINK_TORSO_YAW",0.102400,0.200000,0.035800,20.000000,0.000000,0.000000,20.000000,0.000000,0.000000,0.000000,0.000000,0.012160,0.000000,0.910900,19.988665,0.010019,0.673179,20.000000
0.138300,1,"LINK_TORSO_YAW",0.102400,0.200000,0.035900,20.000000,0.000000,0.000000,20.000000,0.000000,0.000000,0.000000,0.000000,0.012160,0.000000,0.910900,19.988659,0.010053,0.673353,20.000000
0.138400,1,"LINK_TORSO_YAW",0.102400,0.200000,0.036000,20.000000,0.000000,0.000000,20.000000,0.000000,0.000000,0.000000,0.000000,0.012160,0.000000,0.910900,19.988653,0.010088,0.673525,20.000000
0.138500,1,"LINK_TORSO_YAW",0.102400,0.200000,0.036100,20.000000,0.000000,0.000000,20.000000,0.000000,0.000000,0.000000,0.000000,0.012160,0.000000,0.910900,19.988648,0.010122,0.673694,20.000000
0.138600,1,"LINK_TORSO_YAW",0.102400,0.200000,0.036200,20.000000,0.000000,0.000000,20.000000,0.000000,0.000000,0.000000,0.000000,0.012160,0.000000,0.910900,19.988642,0.010157,0.673860,20.000000
0.138700,1,"LINK_TORSO_YAW",0.102400,0.200000,0.036300,20.000000,0.000000,0.000000,20.000000,0.000000,0.000000,0.000000,0.000000,0.012160,0.000000,0.910900,19.988637,0.010191,0.674022,20.000000
0.138800,1,"LINK_TORSO_YAW",0.102400,0.200000,0.036400,20.000000,0.000000,0.000000,20.000000,0.000000,0.000000,0.000000,0.000000,0.012160,0.000000,0.910900,19.988631,0.010226,0.674179,20.000000
0.138900,1,"LINK_TORSO_YAW",0.102400,0.200000,0.036500,20.000000,0.000000,0.000000,20.000000,0.000000,0.000000,0.000000,0.000000,0.012160,0.000000,0.910900,19.988626,0.010261,0.674332,20.000000
0.139000,1,"LINK_TORSO_YAW",0.102400,0.200000,0.036600,20.000000,0.000000,0.000000,20.000000,0.000000,0.000000,0.000000,0.000000,0.012160,0.000000,0.910900,19.988621,0.010296,0.674486,20.000000
0.139100,1,"LINK_TORSO_YAW",0.102400,0.200000,0.036700,20.000000,0.000000,0.000000,20.000000,0.000000,0.000000,0.000000,0.000000,0.012160,0.000000,0.910900,19.988616,0.010331,0.674639,20.000000
0.139200,1,"LINK_TORSO_YAW",0.102400,0.200000,0.036800,20.000000,0.000000,0.000000,20.000000,0.000000,0.000000,0.000000,0.000000,0.012160,0.000000,0.910900,19.988610,0.010366,0.674792,20.000000
0.139300,1,"LINK_TORSO_YAW",0.102400,0.200000,0.036900,20.000000,0.000000,0.000000,20.000000,0.000000,0.000000,0.000000,0.000000,0.012160,0.000000,0.910900,19.988605,0.010401,0.674944,20.000000
0.139400,1,"LINK_TORSO_YAW",0.102400,0.200000,0.037000,20.000000,0.000000,0.000000,20.000000,0.000000,0.000000,0.000000,0.000000,0.012160,0.000000,0.910900,19.988600,0.010436,0.675095,20.000000
0.139500,1,"LINK_TORSO_YAW",0.102400,0.200000,0.037100,20.000000,0.000000,0.000000,20.000000,0.000000,0.000000,0.000000,0.000000,0.012160,0.000000,0.910900,19.988595,0.010471,0.675243,20.000000
0.139600,1,"LINK_TORSO_YAW",0.102400,0.200000,0.037200,20.000000,0.000000,0.000000,20.000000,0.000000,0.000000,0.000000,0.000000,0.012160,0.000000,0.910900,19.988590,0.010506,0.675388,20.000000
0.139700,1,"LINK_TORSO_YAW",0.102400,0.200000,0.037300,20.000000,0.000000,0.000000,20.000000,0.000000,0.000000,0.000000,0.000000,0.012160,0.000000,0.910900,19.988585,0.010542,0.675530,20.000000
0.139800,1,"LINK_TORSO_YAW",0.102400,0.200000,0.037400,20.000000,0.000000,0.000000,20.000000,0.000000,0.000000,0.000000,0.000000,0.012160,0.000000,0.910900,19.988581,0.010577,0.675669,20.000000
0.139900,1,"LINK_TORSO_YAW",0.102400,0.200000,0.037500,20.000000,0.000000,0.000000,20.000000,0.000000,0.000000,0.000000,0.000000,0.012160,0.000000,0.910900,19.988576,0.010613,0.675803,20.000000
0.140000,1,"LINK_TORSO_YAW",0.102400,0.200000,0.037600,20.000000,0.000000,0.000000,20.000000,0.000000,0.000000,0.000000,0.000000,0.012160,0.000000,0.910900,19.988572,0.010648,0.675933,20.000000
0.140100,1,"LINK_TORSO_YAW",0.102400,0.200000,0.037700,20.000000,0.000000,0.000000,20.000000,0.000000,0.000000,0.000000,0.000000,0.012160,0.000000,0.910900,19.988567,0.010684,0.676062,20.000000
0.140200,1,"LINK_TORSO_YAW",0.102400,0.200000,0.037800,20.000000,0.000000,0.000000,20.000000,0.000000,0.000000,0.000000,0.000000,0.012160,0.000000,0.910900,19.988563,0.010720,0.676192,20.000000
0.140300,1,"LINK_TORSO_YAW",0.102400,0.200000,0.037900,20.000000,0.000000,0.000000,20.000000,0.000000,0.000000,0.000000,0.000000,0.012160,0.000000,0.910900,19.988559,0.010755,0.676322,20.000000
0.140400,1,"LINK_TORSO_YAW",0.102400,0.200000,0.038000,20.000000,0.000000,0.000000,20.000000,0.000000,0.000000,0.000000,0.000000,0.012160,0.000000,0.910900,19.988554,0.010791,0.676450,20.000000
0.140500,1,"LINK_TORSO_YAW",0.102400,0.200000,0.038100,20.000000,0.000000,0.000000,20.000000,0.000000,0.000000,0.000000,0.000000,0.012160,0.000000,0.910900,19.988550,0.010827,0.676577,20.000000
0.140600,1,"LINK_TORSO_YAW",0.102400,0.200000,0.038200,20.000000,0.000000,0.000000,20.000000,0.000000,0.000000,0.000000,0.000000,0.012160,0.000000,0.910900,19.988546,0.010863,0.676702,20.000000
0.140700,1,"LINK_TORSO_YAW",0.102400,0.200000,0.038300,20.000000,0.000000,0.000000,20.000000,0.000000,0.000000,0.000000,0.000000,0.012160,0.000000,0.910900,19.988541,0.010899,0.676824,20.000000
0.140800,1,"LINK_TORSO_YAW",0.102400,0.200000,0.038400,20.000000,0.000000,0.000000,20.000000,0.000000,0.000000,0.000000,0.000000,0.012160,0.000000,0.910900,19.988537,0.010935,0.676942,20.000000
0.140900,1,"LINK_TORSO_YAW",0.102400,0.200000,0.038500,20.000000,0.000000,0.000000,20.000000,0.000000,0.000000,0.000000,0.000000,0.012160,0.000000,0.910900,19.988534,0.010971,0.677057,20.000000
0.141000,1,"LINK_TORSO_YAW",0.102400,0.200000,0.038600,20.000000,0.000000,0.000000,20.000000,0.000000,0.000000,0.000000,0.000000,0.012160,0.000000,0.910900,19.988530,0.011007,0.677168,20.000000
0.141100,1,"LINK_TORSO_YAW",0.102400,0.200000,0.038700,20.000000,0.000000,0.000000,20.000000,0.000000,0.000000,0.000000,0.000000,0.012160,0.000000,0.910900,19.988526,0.011043,0.677274,20.000000
0.141200,1,"LINK_TORSO_YAW",0.102400,0.200000,0.038800,20.000000,0.000000,0.000000,20.000000,0.000000,0.000000,0.000000,0.000000,0.012160,0.000000,0.910900,19.988523,0.011080,0.677380,20.000000
0.141300,1,"LINK_TORSO_YAW",0.102400,0.200000,0.038900,20.000000,0.000000,0.000000,20.000000,0.000000,0.000000,0.000000,0.000000,0.012160,0.000000,0.910900,19.988519,0.011116,0.677487,20.000000
0.141400,1,"LINK_TORSO_YAW",0.102400,0.200000,0.039000,20.000000,0.000000,0.000000,20.000000,0.000000,0.000000,0.000000,0.000000,0.012160,0.000000,0.910900,19.988515,0.011153,0.677593,20.000000
0.141500,1,"LINK_TORSO_YAW",0.102400,0.200000,0.039100,20.000000,0.000000,0.000000,20.000000,0.000000,0.000000,0.000000,0.000000,0.012160,0.000000,0.910900,19.988512,0.011189,0.677698,20.000000
0.141600,1,"LINK_TORSO_YAW",0.102400,0.200000,0.039200,20.000000,0.000000,0.000000,20.000000,0.000000,0.000000,0.000000,0.000000,0.012160,0.000000,0.910900,19.988508,0.011226,0.677801,20.000000
0.141700,1,"LINK_TORSO_YAW",0.102400,0.200000,0.039300,20.000000,0.000000,0.000000,20.000000,0.000000,0.000000,0.000000,0.000000,0.012160,0.000000,0.910900,19.988505,0.011262,0.677902,20.000000
0.141800,1,"LINK_TORSO_YAW",0.102400,0.200000,0.039400,20.000000,0.000000,0.000000,20.000000,0.000000,0.000000,0.000000,0.000000,0.012160,0.000000,0.910900,19.988501,0.011299,0.678001,20.000000
0.141900,1,"LINK_TORSO_YAW",0.102400,0.200000,0.039500,20.000000,0.000000,0.000000,20.000000,0.000000,0.000000,0.000000,0.000000,0.012160,0.000000,0.910900,19.988498,0.011335,0.678096,20.000000
0.142000,1,"LINK_TORSO_YAW",0.102400,0.200000,0.039600,20.000000,0.000000,0.000000,20.000000,0.000000,0.000000,0.000000,0.000000,0.012160,0.000000,0.910900,19.988495,0.011372,0.678188,20.000000
0.142100,1,"LINK_TORSO_YAW",0.102400,0.200000,0.039700,20.000000,0.000000,0.000000,20.000000,0.000000,0.000000,0.000000,0.000000,0.012160,0.000000,0.910900,19.988492,0.011409,0.678275,20.000000
0.142200,1,"LINK_TORSO_YAW",0.102400,0.200000,0.039800,20.000000,0.000000,0.000000,20.000000,0.000000,0.000000,0.000000,0.000000,0.012160,0.000000,0.910900,19.988489,0.011446,0.678358,20.000000
0.142300,1,"LINK_TORSO_YAW",0.102400,0.200000,0.039900,20.000000,0.000000,0.000000,20.000000,0.000000,0.000000,0.000000,0.000000,0.012160,0.000000,0.910900,19.988486,0.011483,0.678441,20.000000
0.142400,1,"LINK_TORSO_YAW",0.102400,0.200000,0.040000,20.000000,0.000000,0.000000,20.000000,0.000000,0.000000,0.000000,0.000000,0.012160,0.000000,0.910900,19.988484,0.011520,0.678524,20.000000
0.142500,1,"LINK_TORSO_YAW",0.102400,0.200000,0.040100,20.000000,0.000000,0.000000,20.000000,0.000000,0.000000,0.000000,0.000000,0.012160,0.000000,0.910900,19.988481,0.011558,0.678606,20.000000
0.142600,1,"LINK_TORSO_YAW",0.102400,0.200000,0.040200,20.000000,0.000000,0.000000,20.000000,0.000000,0.000000,0.000000,0.000000,0.012160,0.000000,0.910900,19.988478,0.011595,0.678688,20.000000
0.142700,1,"LINK_TORSO_YAW",0.102400,0.200000,0.040300,20.000000,0.000000,0.000000,20.000000,0.000000,0.000000,0.000000,0.000000,0.012160,0.000000,0.910900,19.988475,0.011632,0.678768,20.000000
0.142800,1,"LINK_TORSO_YAW",0.102400,0.200000,0.040400,20.000000,0.000000,0.000000,20.000000,0.000000,0.000000,0.000000,0.000000,0.012160,0.000000,0.910900,19.988472,0.011669,0.678846,20.000000
0.142900,1,"LINK_TORSO_YAW",0.102400,0.200000,0.040500,20.000000,0.000000,0.000000,20.000000,0.000000,0.000000,0.000000,0.000000,0.012160,0.000000,0.910900,19.988470,0.011706,0.678921,20.000000
0.143000,1,"LINK_TORSO_YAW",0.102400,0.200000,0.040600,20.000000,0.000000,0.000000,20.000000,0.000000,0.000000,0.000000,0.000000,0.012160,0.000000,0.910900,19.988467,0.011744,0.678993,20.000000
0.143100,1,"LINK_TORSO_YAW",0.102400,0.200000,0.040700,20.000000,0.000000,0.000000,20.000000,0.000000,0.000000,0.000000,0.000000,0.012160,0.000000,0.910900,19.988465,0.011781,0.679061,20.000000
0.143200,1,"LINK_TORSO_YAW",0.102400,0.200000,0.040800,20.000000,0.000000,0.000000,20.000000,0.000000,0.000000,0.000000,0.000000,0.012160,0.000000,0.910900,19.988463,0.011819,0.679125,20.000000
0.143300,1,"LINK_TORSO_YAW",0.102400,0.200000,0.040900,20.000000,0.000000,0.000000,20.000000,0.000000,0.000000,0.000000,0.000000,0.012160,0.000000,0.910900,19.988461,0.011857,0.679184,20.000000
0.143400,1,"LINK_TORSO_YAW",0.102400,0.200000,0.041000,20.000000,0.000000,0.000000,20.000000,0.000000,0.000000,0.000000,0.000000,0.012160,0.000000,0.910900,19.988459,0.011894,0.679244,20.000000
0.143500,1,"LINK_TORSO_YAW",0.102400,0.200000,0.041100,20.000000,0.000000,0.000000,20.000000,0.000000,0.000000,0.000000,0.000000,0.012160,0.000000,0.910900,19.988457,0.011932,0.679304,20.000000
0.143600,1,"LINK_TORSO_YAW",0.102400,0.200000,0.041200,20.000000,0.000000,0.000000,20.000000,0.000000,0.000000,0.000000,0.000000,0.012160,0.000000,0.910900,19.988455,0.011970,0.679363,20.000000
0.143700,1,"LINK_TORSO_YAW",0.102400,0.200000,0.041300,20.000000,0.000000,0.000000,20.000000,0.000000,0.000000,0.000000,0.000000,0.012160,0.000000,0.910900,19.988453,0.012008,0.679421,20.000000
0.143800,1,"LINK_TORSO_YAW",0.102400,0.200000,0.041400,20.000000,0.000000,0.000000,20.000000,0.000000,0.000000,0.000000,0.000000,0.012160,0.000000,0.910900,19.988451,0.012045,0.679478,20.000000
0.143900,1,"LINK_TORSO_YAW",0.102400,0.200000,0.041500,20.000000,0.000000,0.000000,20.000000,0.000000,0.000000,0.000000,0.000000,0.012160,0.000000,0.910900,19.988449,0.012083,0.679533,20.000000
0.144000,1,"LINK_TORSO_YAW",0.102400,0.200000,0.041600,20.000000,0.000000,0.000000,20.000000,0.000000,0.000000,0.000000,0.000000,0.012160,0.000000,0.910900,19.988447,0.012121,0.679585,20.000000
0.144100,1,"LINK_TORSO_YAW",0.102400,0.200000,0.041700,20.000000,0.000000,0.000000,20.000000,0.000000,0.000000,0.000000,0.000000,0.012160,0.000000,0.910900,19.988445,0.012159,0.679633,20.000000
0.144200,1,"LINK_TORSO_YAW",0.102400,0.200000,0.041800,20.000000,0.000000,0.000000,20.000000,0.000000,0.000000,0.000000,0.000000,0.012160,0.000000,0.910900,19.988444,0.012197,0.679678,20.000000
0.144300,1,"LINK_TORSO_YAW",0.102400,0.200000,0.041900,20.000000,0.000000,0.000000,20.000000,0.000000,0.000000,0.000000,0.000000,0.012160,0.000000,0.910900,19.988442,0.012236,0.679719,20.000000
0.144400,1,"LINK_TORSO_YAW",0.102400,0.200000,0.042000,20.000000,0.000000,0.000000,20.000000,0.000000,0.000000,0.000000,0.000000,0.012160,0.000000,0.910900,19.988441,0.012274,0.679755,20.000000
0.144500,1,"LINK_TORSO_YAW",0.102400,0.200000,0.042100,20.000000,0.000000,0.000000,20.000000,0.000000,0.000000,0.000000,0.000000,0.012160,0.000000,0.910900,19.988440,0.012312,0.679791,20.000000
0.144600,1,"LINK_TORSO_YAW",0.102400,0.200000,0.042200,20.000000,0.000000,0.000000,20.000000,0.000000,0.000000,0.000000,0.000000,0.012160,0.000000,0.910900,19.988439,0.012351,0.679828,20.000000
0.144700,1,"LINK_TORSO_YAW",0.102400,0.200000,0.042300,20.000000,0.000000,0.000000,20.000000,0.000000,0.000000,0.000000,0.000000,0.012160,0.000000,0.910900,19.988437,0.012389,0.679864,20.000000
0.144800,1,"LINK_TORSO_YAW",0.102400,0.200000,0.042400,20.000000,0.000000,0.000000,20.000000,0.000000,0.000000,0.000000,0.000000,0.012160,0.000000,0.910900,19.988436,0.012427,0.679899,20.000000
0.144900,1,"LINK_TORSO_YAW",0.102400,0.200000,0.042500,20.000000,0.000000,0.000000,20.000000,0.000000,0.000000,0.000000,0.000000,0.012160,0.000000,0.910900,19.988435,0.012466,0.679933,20.000000
0.145000,1,"LINK_TORSO_YAW",0.102400,0.200000,0.042600,20.000000,0.000000,0.000000,20.000000,0.000000,0.000000,0.000000,0.000000,0.012160,0.000000,0.910900,19.988434,0.012504,0.679964,20.000000
0.145100,1,"LINK_TORSO_YAW",0.102400,0.200000,0.042700,20.000000,0.000000,0.000000,20.000000,0.000000,0.000000,0.000000,0.000000,0.012160,0.000000,0.910900,19.988433,0.012543,0.679993,20.000000
0.145200,1,"LINK_TORSO_YAW",0.102400,0.200000,0.042800,20.000000,0.000000,0.000000,20.000000,0.000000,0.000000,0.000000,0.000000,0.012160,0.000000,0.910900,19.988432,0.012581,0.680018,20.000000
0.145300,1,"LINK_TORSO_YAW",0.102400,0.200000,0.042900,20.000000,0.000000,0.000000,20.000000,0.000000,0.000000,0.000000,0.000000,0.012160,0.000000,0.910900,19.988431,0.012620,0.680040,20.000000
0.145400,1,"LINK_TORSO_YAW",0.102400,0.200000,0.043000,20.000000,0.000000,0.000000,20.000000,0.000000,0.000000,0.000000,0.000000,0.012160,0.000000,0.910900,19.988431,0.012659,0.680058,20.000000
0.145500,1,"LINK_TORSO_YAW",0.102400,0.200000,0.043100,20.000000,0.000000,0.000000,20.000000,0.000000,0.000000,0.000000,0.000000,0.012160,0.000000,0.910900,19.988430,0.012698,0.680070,20.000000
0.145600,1,"LINK_TORSO_YAW",0.102400,0.200000,0.043200,20.000000,0.000000,0.000000,20.000000,0.000000,0.000000,0.000000,0.000000,0.012160,0.000000,0.910900,19.988430,0.012737,0.680084,20.000000
0.145700,1,"LINK_TORSO_YAW",0.102400,0.200000,0.043300,20.000000,0.000000,0.000000,20.000000,0.000000,0.000000,0.000000,0.000000,0.012160,0.000000,0.910900,19.988429,0.012776,0.680097,20.000000
0.145800,1,"LINK_TORSO_YAW",0.102400,0.200000,0.043400,20.000000,0.000000,0.000000,20.000000,0.000000,0.000000,0.000000,0.000000,0.012160,0.000000,0.910900,19.988429,0.012815,0.680110,20.000000
0.145900,1,"LINK_TORSO_YAW",0.102400,0.200000,0.043500,20.000000,0.000000,0.000000,20.000000,0.000000,0.000000,0.000000,0.000000,0.012160,0.000000,0.910900,19.988428,0.012854,0.680122,20.000000
0.146000,1,"LINK_TORSO_YAW",0.102400,0.200000,0.043600,20.000000,0.000000,0.000000,20.000000,0.000000,0.000000,0.000000,0.000000,0.012160,0.000000,0.910900,19.988428,0.012893,0.680132,20.000000
0.146100,1,"LINK_TORSO_YAW",0.102400,0.200000,0.043700,20.000000,0.000000,0.000000,20.000000,0.000000,0.000000,0.000000,0.000000,0.012160,0.000000,0.910900,19.988428,0.012932,0.680140,20.000000
0.146200,1,"LINK_TORSO_YAW",0.102400,0.200000,0.043800,20.000000,0.000000,0.000000,20.000000,0.000000,0.000000,0.000000,0.000000,0.012160,0.000000,0.910900,19.988427,0.012971,0.680146,20.000000
0.146300,1,"LINK_TORSO_YAW",0.102400,0.200000,0.043900,20.000000,0.000000,0.000000,20.000000,0.000000,0.000000,0.000000,0.000000,0.012160,0.000000,0.910900,19.988427,0.013010,0.680148,20.000000
0.146400,1,"LINK_TORSO_YAW",0.102400,0.200000,0.044000,20.000000,0.000000,0.000000,20.000000,0.000000,0.000000,0.000000,0.000000,0.012160,0.000000,0.910900,19.988427,0.013049,0.680147,20.000000
0.146500,1,"LINK_TORSO_YAW",0.102400,0.200000,0.044100,20.000000,0.000000,0.000000,20.000000,0.000000,0.000000,0.000000,0.000000,0.012160,0.000000,0.910900,19.988428,0.013089,0.680142,20.000000
0.146600,1,"LINK_TORSO_YAW",0.102400,0.200000,0.044200,20.000000,0.000000,0.000000,20.000000,0.000000,0.000000,0.000000,0.000000,0.012160,0.000000,0.910900,19.988428,0.013128,0.680131,20.000000
0.146700,1,"LINK_TORSO_YAW",0.102400,0.200000,0.044300,20.000000,0.000000,0.000000,20.000000,0.000000,0.000000,0.000000,0.000000,0.012160,0.000000,0.910900,19.988428,0.013167,0.680121,20.000000
0.146800,1,"LINK_TORSO_YAW",0.102400,0.200000,0.044400,20.000000,0.000000,0.000000,20.000000,0.000000,0.000000,0.000000,0.000000,0.012160,0.000000,0.910900,19.988428,0.013207,0.680112,20.000000
0.146900,1,"LINK_TORSO_YAW",0.102400,0.200000,0.044500,20.000000,0.000000,0.000000,20.000000,0.000000,0.000000,0.000000,0.000000,0.012160,0.000000,0.910900,19.988429,0.013246,0.680102,20.000000
0.147000,1,"LINK_TORSO_YAW",0.102400,0.200000,0.044600,20.000000,0.000000,0.000000,20.000000,0.000000,0.000000,0.000000,0.000000,0.012160,0.000000,0.910900,19.988429,0.013286,0.680090,20.000000
0.147100,1,"LINK_TORSO_YAW",0.102400,0.200000,0.044700,20.000000,0.000000,0.000000,20.000000,0.000000,0.000000,0.000000,0.000000,0.012160,0.000000,0.910900,19.988430,0.013325,0.680078,20.000000
0.147200,1,"LINK_TORSO_YAW",0.102400,0.200000,0.044800,20.000000,0.000000,0.000000,20.000000,0.000000,0.000000,0.000000,0.000000,0.012160,0.000000,0.910900,19.988430,0.013365,0.680063,20.000000
0.147300,1,"LINK_TORSO_YAW",0.102400,0.200000,0.044900,20.000000,0.000000,0.000000,20.000000,0.000000,0.000000,0.000000,0.000000,0.012160,0.000000,0.910900,19.988431,0.013404,0.680045,20.000000
0.147400,1,"LINK_TORSO_YAW",0.102400,0.200000,0.045000,20.000000,0.000000,0.000000,20.000000,0.000000,0.000000,0.000000,0.000000,0.012160,0.000000,0.910900,19.988431,0.013444,0.680025,20.000000
0.147500,1,"LINK_TORSO_YAW",0.102400,0.200000,0.045100,20.000000,0.000000,0.000000,20.000000,0.000000,0.000000,0.000000,0.000000,0.012160,0.000000,0.910900,19.988432,0.013484,0.680001,20.000000
0.147600,1,"LINK_TORSO_YAW",0.102400,0.200000,0.045200,20.000000,0.000000,0.000000,20.000000,0.000000,0.000000,0.000000,0.000000,0.012160,0.000000,0.910900,19.988433,0.013524,0.679972,20.000000
0.147700,1,"LINK_TORSO_YAW",0.102400,0.200000,0.045300,20.000000,0.000000,0.000000,20.000000,0.000000,0.000000,0.000000,0.000000,0.012160,0.000000,0.910900,19.988434,0.013564,0.679939,20.000000
0.147800,1,"LINK_TORSO_YAW",0.102400,0.200000,0.045400,20.000000,0.000000,0.000000,20.000000,0.000000,0.000000,0.000000,0.000000,0.012160,0.000000,0.910900,19.988435,0.013604,0.679906,20.000000
0.147900,1,"LINK_TORSO_YAW",0.102400,0.200000,0.045500,20.000000,0.000000,0.000000,20.000000,0.000000,0.000000,0.000000,0.000000,0.012160,0.000000,0.910900,19.988436,0.013643,0.679873,20.000000
0.148000,1,"LINK_TORSO_YAW",0.102400,0.200000,0.045600,20.000000,0.000000,0.000000,20.000000,0.000000,0.000000,0.000000,0.000000,0.012160,0.000000,0.910900,19.988437,0.013683,0.679840,20.000000
0.148100,1,"LINK_TORSO_YAW",0.102400,0.200000,0.045700,20.000000,0.000000,0.000000,20.000000,0.000000,0.000000,0.000000,0.000000,0.012160,0.000000,0.910900,19.988439,0.013723,0.679806,20.000000
0.148200,1,"LINK_TORSO_YAW",0.102400,0.200000,0.045800,20.000000,0.000000,0.000000,20.000000,0.000000,0.000000,0.000000,0.000000,0.012160,0.000000,0.910900,19.988440,0.013763,0.679770,20.000000
0.148300,1,"LINK_TORSO_YAW",0.102400,0.200000,0.045900,20.000000,0.000000,0.000000,20.000000,0.000000,0.000000,0.000000,0.000000,0.012160,0.000000,0.910900,19.988441,0.013803,0.679732,20.000000
0.148400,1,"LINK_TORSO_YAW",0.102400,0.200000,0.046000,20.000000,0.000000,0.000000,20.000000,0.000000,0.000000,0.000000,0.000000,0.012160,0.000000,0.910900,19.988442,0.013843,0.679692,20.000000
0.148500,1,"LINK_TORSO_YAW",0.102400,0.200000,0.046100,20.000000,0.000000,0.000000,20.000000,0.000000,0.000000,0.000000,0.000000,0.012160,0.000000,0.910900,19.988444,0.013884,0.679648,20.000000
0.148600,1,"LINK_TORSO_YAW",0.102400,0.200000,0.046200,20.000000,0.000000,0.000000,20.000000,0.000000,0.000000,0.000000,0.000000,0.012160,0.000000,0.910900,19.988445,0.013924,0.679601,20.000000
0.148700,1,"LINK_TORSO_YAW",0.102400,0.200000,0.046300,20.000000,0.000000,0.000000,20.000000,0.000000,0.000000,0.000000,0.000000,0.012160,0.000000,0.910900,19.988447,0.013964,0.679550,20.000000
0.148800,1,"LINK_TORSO_YAW",0.102400,0.200000,0.046400,20.000000,0.000000,0.000000,20.000000,0.000000,0.000000,0.000000,0.000000,0.012160,0.000000,0.910900,19.988449,0.014004,0.679493,20.000000
0.148900,1,"LINK_TORSO_YAW",0.102400,0.200000,0.046500,20.000000,0.000000,0.000000,20.000000,0.000000,0.000000,0.000000,0.000000,0.012160,0.000000,0.910900,19.988451,0.014045,0.679438,20.000000
0.149000,1,"LINK_TORSO_YAW",0.102400,0.200000,0.046600,20.000000,0.000000,0.000000,20.000000,0.000000,0.000000,0.000000,0.000000,0.012160,0.000000,0.910900,19.988453,0.014085,0.679382,20.000000
0.149100,1,"LINK_TORSO_YAW",0.102400,0.200000,0.046700,20.000000,0.000000,0.000000,20.000000,0.000000,0.000000,0.000000,0.000000,0.012160,0.000000,0.910900,19.988455,0.014125,0.679326,20.000000
0.149200,1,"LINK_TORSO_YAW",0.102400,0.200000,0.046800,20.000000,0.000000,0.000000,20.000000,0.000000,0.000000,0.000000,0.000000,0.012160,0.000000,0.910900,19.988456,0.014166,0.679269,20.000000
0.149300,1,"LINK_TORSO_YAW",0.102400,0.200000,0.046900,20.000000,0.000000,0.000000,20.000000,0.000000,0.000000,0.000000,0.000000,0.012160,0.000000,0.910900,19.988458,0.014206,0.679210,20.000000
0.149400,1,"LINK_TORSO_YAW",0.102400,0.200000,0.047000,20.000000,0.000000,0.000000,20.000000,0.000000,0.000000,0.000000,0.000000,0.012160,0.000000,0.910900,19.988460,0.014246,0.679150,20.000000
0.149500,1,"LINK_TORSO_YAW",0.102400,0.200000,0.047100,20.000000,0.000000,0.000000,20.000000,0.000000,0.000000,0.000000,0.000000,0.012160,0.000000,0.910900,19.988463,0.014287,0.679086,20.000000
0.149600,1,"LINK_TORSO_YAW",0.102400,0.200000,0.047200,20.000000,0.000000,0.000000,20.000000,0.000000,0.000000,0.000000,0.000000,0.012160,0.000000,0.910900,19.988465,0.014328,0.679020,20.000000
0.149700,1,"LINK_TORSO_YAW",0.102400,0.200000,0.047300,20.000000,0.000000,0.000000,20.000000,0.000000,0.000000,0.000000,0.000000,0.012160,0.000000,0.910900,19.988467,0.014368,0.678950,20.000000
0.149800,1,"LINK_TORSO_YAW",0.102400,0.200000,0.047400,20.000000,0.000000,0.000000,20.000000,0.000000,0.000000,0.000000,0.000000,0.012160,0.000000,0.910900,19.988470,0.014409,0.678875,20.000000
0.149900,1,"LINK_TORSO_YAW",0.102400,0.200000,0.047500,20.000000,0.000000,0.000000,20.000000,0.000000,0.000000,0.000000,0.000000,0.012160,0.000000,0.910900,19.988472,0.014450,0.678796,20.000000
0.150000,1,"LINK_TORSO_YAW",0.102400,0.200000,0.047600,20.000000,0.000000,0.000000,20.000000,0.000000,0.000000,0.000000,0.000000,0.012160,0.000000,0.910900,19.988475,0.014490,0.678717,20.000000
0.150100,1,"LINK_TORSO_YAW",0.102400,0.200000,0.047700,20.000000,0.000000,0.000000,20.000000,0.000000,0.000000,0.000000,0.000000,0.012160,0.000000,0.910900,19.988478,0.014531,0.678639,20.000000
0.150200,1,"LINK_TORSO_YAW",0.102400,0.200000,0.047800,20.000000,0.000000,0.000000,20.000000,0.000000,0.000000,0.000000,0.000000,0.012160,0.000000,0.910900,19.988480,0.014572,0.678560,20.000000
0.150300,1,"LINK_TORSO_YAW",0.102400,0.200000,0.047900,20.000000,0.000000,0.000000,20.000000,0.000000,0.000000,0.000000,0.000000,0.012160,0.000000,0.910900,19.988483,0.014612,0.678480,20.000000
0.150400,1,"LINK_TORSO_YAW",0.102400,0.200000,0.048000,20.000000,0.000000,0.000000,20.000000,0.000000,0.000000,0.000000,0.000000,0.012160,0.000000,0.910900,19.988486,0.014653,0.678399,20.000000
0.150500,1,"LINK_TORSO_YAW",0.102400,0.200000,0.048100,20.000000,0.000000,0.000000,20.000000,0.000000,0.000000,0.000000,0.000000,0.012160,0.000000,0.910900,19.988488,0.014694,0.678315,20.000000
0.150600,1,"LINK_TORSO_YAW",0.102400,0.200000,0.048200,20.000000,0.000000,0.000000,20.000000,0.000000,0.000000,0.000000,0.000000,0.012160,0.000000,0.910900,19.988491,0.014735,0.678229,20.000000
0.150700,1,"LINK_TORSO_YAW",0.102400,0.200000,0.048300,20.000000,0.000000,0.000000,20.000000,0.000000,0.000000,0.000000,0.000000,0.012160,0.000000,0.910900,19.988494,0.014776,0.678140,20.000000
0.150800,1,"LINK_TORSO_YAW",0.102400,0.200000,0.048400,20.000000,0.000000,0.000000,20.000000,0.000000,0.000000,0.000000,0.000000,0.012160,0.000000,0.910900,19.988498,0.014817,0.678047,20.000000
0.150900,1,"LINK_TORSO_YAW",0.102400,0.200000,0.048500,20.000000,0.000000,0.000000,20.000000,0.000000,0.000000,0.000000,0.000000,0.012160,0.000000,0.910900,19.988501,0.014858,0.677950,20.000000
0.151000,1,"LINK_TORSO_YAW",0.102400,0.200000,0.048600,20.000000,0.000000,0.000000,20.000000,0.000000,0.000000,0.000000,0.000000,0.012160,0.000000,0.910900,19.988504,0.014899,0.677848,20.000000
0.151100,1,"LINK_TORSO_YAW",0.102400,0.200000,0.048700,20.000000,0.000000,0.000000,20.000000,0.000000,0.000000,0.000000,0.000000,0.012160,0.000000,0.910900,19.988508,0.014940,0.677746,20.000000
0.151200,1,"LINK_TORSO_YAW",0.102400,0.200000,0.048800,20.000000,0.000000,0.000000,20.000000,0.000000,0.000000,0.000000,0.000000,0.012160,0.000000,0.910900,19.988511,0.014981,0.677645,20.000000
0.151300,1,"LINK_TORSO_YAW",0.102400,0.200000,0.048900,20.000000,0.000000,0.000000,20.000000,0.000000,0.000000,0.000000,0.000000,0.012160,0.000000,0.910900,19.988514,0.015022,0.677544,20.000000
0.151400,1,"LINK_TORSO_YAW",0.102400,0.200000,0.049000,20.000000,0.000000,0.000000,20.000000,0.000000,0.000000,0.000000,0.000000,0.012160,0.000000,0.910900,19.988518,0.015063,0.677441,20.000000
0.151500,1,"LINK_TORSO_YAW",0.102400,0.200000,0.049100,20.000000,0.000000,0.000000,20.000000,0.000000,0.000000,0.000000,0.000000,0.012160,0.000000,0.910900,19.988521,0.015104,0.677337,20.000000
0.151600,1,"LINK_TORSO_YAW",0.102400,0.200000,0.049200,20.000000,0.000000,0.000000,20.000000,0.000000,0.000000,0.000000,0.000000,0.012160,0.000000,0.910900,19.988525,0.015145,0.677230,20.000000
0.151700,1,"LINK_TORSO_YAW",0.102400,0.200000,0.049300,20.000000,0.000000,0.000000,20.000000,0.000000,0.000000,0.000000,0.000000,0.012160,0.000000,0.910900,19.988529,0.015186,0.677122,20.000000
0.151800,1,"LINK_TORSO_YAW",0.102400,0.200000,0.049400,20.000000,0.000000,0.000000,20.000000,0.000000,0.000000,0.000000,0.000000,0.012160,0.000000,0.910900,19.988532,0.015227,0.677010,20.000000
0.151900,1,"LINK_TORSO_YAW",0.102400,0.200000,0.049500,20.000000,0.000000,0.000000,20.000000,0.000000,0.000000,0.000000,0.000000,0.012160,0.000000,0.910900,19.988536,0.015268,0.676894,20.000000
0.152000,1,"LINK_TORSO_YAW",0.102400,0.200000,0.049600,20.000000,0.000000,0.000000,20.000000,0.000000,0.000000,0.000000,0.000000,0.012160,0.000000,0.910900,19.988540,0.015310,0.676774,20.000000
0.152100,1,"LINK_TORSO_YAW",0.102400,0.200000,0.049700,20.000000,0.000000,0.000000,20.000000,0.000000,0.000000,0.000000,0.000000,0.012160,0.000000,0.910900,19.988544,0.015351,0.676649,20.000000
0.152200,1,"LINK_TORSO_YAW",0.102400,0.200000,0.049800,20.000000,0.000000,0.000000,20.000000,0.000000,0.000000,0.000000,0.000000,0.012160,0.000000,0.910900,19.988549,0.015392,0.676525,20.000000
0.152300,1,"LINK_TORSO_YAW",0.102400,0.200000,0.049900,20.000000,0.000000,0.000000,20.000000,0.000000,0.000000,0.000000,0.000000,0.012160,0.000000,0.910900,19.988553,0.015433,0.676401,20.000000
0.152400,1,"LINK_TORSO_YAW",0.102400,0.200000,0.050000,20.000000,0.000000,0.000000,20.000000,0.000000,0.000000,0.000000,0.000000,0.012160,0.000000,0.910900,19.988557,0.015475,0.676277,20.000000
0.152500,1,"LINK_TORSO_YAW",0.102400,0.200000,0.050100,20.000000,0.000000,0.000000,20.000000,0.000000,0.000000,0.000000,0.000000,0.012160,0.000000,0.910900,19.988561,0.015516,0.676152,20.000000
0.152600,1,"LINK_TORSO_YAW",0.102400,0.200000,0.050200,20.000000,0.000000,0.000000,20.000000,0.000000,0.000000,0.000000,0.000000,0.012160,0.000000,0.910900,19.988565,0.015557,0.676025,20.000000
0.152700,1,"LINK_TORSO_YAW",0.102400,0.200000,0.050300,20.000000,0.000000,0.000000,20.000000,0.000000,0.000000,0.000000,0.000000,0.012160,0.000000,0.910900,19.988570,0.015598,0.675896,20.000000
0.152800,1,"LINK_TORSO_YAW",0.102400,0.200000,0.050400,20.000000,0.000000,0.000000,20.000000,0.000000,0.000000,0.000000,0.000000,0.012160,0.000000,0.910900,19.988574,0.015640,0.675764,20.000000
0.152900,1,"LINK_TORSO_YAW",0.102400,0.200000,0.050500,20.000000,0.000000,0.000000,20.000000,0.000000,0.000000,0.000000,0.000000,0.012160,0.000000,0.910900,19.988579,0.015681,0.675630,20.000000
0.153000,1,"LINK_TORSO_YAW",0.102400,0.200000,0.050600,20.000000,0.000000,0.000000,20.000000,0.000000,0.000000,0.000000,0.000000,0.012160,0.000000,0.910900,19.988583,0.015723,0.675491,20.000000
0.153100,1,"LINK_TORSO_YAW",0.102400,0.200000,0.050700,20.000000,0.000000,0.000000,20.000000,0.000000,0.000000,0.000000,0.000000,0.012160,0.000000,0.910900,19.988588,0.015764,0.675349,20.000000
0.153200,1,"LINK_TORSO_YAW",0.102400,0.200000,0.050800,20.000000,0.000000,0.000000,20.000000,0.000000,0.000000,0.000000,0.000000,0.012160,0.000000,0.910900,19.988593,0.015806,0.675202,20.000000
0.153300,1,"LINK_TORSO_YAW",0.102400,0.200000,0.050900,20.000000,0.000000,0.000000,20.000000,0.000000,0.000000,0.000000,0.000000,0.012160,0.000000,0.910900,19.988598,0.015847,0.675055,20.000000
0.153400,1,"LINK_TORSO_YAW",0.102400,0.200000,0.051000,20.000000,0.000000,0.000000,20.000000,0.000000,0.000000,0.000000,0.000000,0.012160,0.000000,0.910900,19.988603,0.015888,0.674908,20.000000
0.153500,1,"LINK_TORSO_YAW",0.102400,0.200000,0.051100,20.000000,0.000000,0.000000,20.000000,0.000000,0.000000,0.000000,0.000000,0.012160,0.000000,0.910900,19.988608,0.015930,0.674761,20.000000
0.153600,1,"LINK_TORSO_YAW",0.102400,0.200000,0.051200,20.000000,0.000000,0.000000,20.000000,0.000000,0.000000,0.000000,0.000000,0.012160,0.000000,0.910900,19.988613,0.015971,0.674614,20.000000
0.153700,1,"LINK_TORSO_YAW",0.102400,0.200000,0.051300,20.000000,0.000000,0.000000,20.000000,0.000000,0.000000,0.000000,0.000000,0.012160,0.000000,0.910900,19.988618,0.016013,0.674464,20.000000
0.153800,1,"LINK_TORSO_YAW",0.102400,0.200000,0.051400,20.000000,0.000000,0.000000,20.000000,0.000000,0.000000,0.000000,0.000000,0.012160,0.000000,0.910900,19.988623,0.016054,0.674313,20.000000
0.153900,1,"LINK_TORSO_YAW",0.102400,0.200000,0.051500,20.000000,0.000000,0.000000,20.000000,0.000000,0.000000,0.000000,0.000000,0.012160,0.000000,0.910900,19.988628,0.016096,0.674158,20.000000
0.154000,1,"LINK_TORSO_YAW",0.102400,0.200000,0.051600,20.000000,0.000000,0.000000,20.000000,0.000000,0.000000,0.000000,0.000000,0.012160,0.000000,0.910900,19.988633,0.016138,0.674001,20.000000
0.154100,1,"LINK_TORSO_YAW",0.102400,0.200000,0.051700,20.000000,0.000000,0.000000,20.000000,0.000000,0.000000,0.000000,0.000000,0.012160,0.000000,0.910900,19.988639,0.016179,0.673840,20.000000
0.154200,1,"LINK_TORSO_YAW",0.102400,0.200000,0.051800,20.000000,0.000000,0.000000,20.000000,0.000000,0.000000,0.000000,0.000000,0.012160,0.000000,0.910900,19.988644,0.016221,0.673675,20.000000
0.154300,1,"LINK_TORSO_YAW",0.102400,0.200000,0.051900,20.000000,0.000000,0.000000,20.000000,0.000000,0.000000,0.000000,0.000000,0.012160,0.000000,0.910900,19.988650,0.016262,0.673505,20.000000
0.154400,1,"LINK_TORSO_YAW",0.102400,0.200000,0.052000,20.000000,0.000000,0.000000,20.000000,0.000000,0.000000,0.000000,0.000000,0.012160,0.000000,0.910900,19.988656,0.016304,0.673336,20.000000
0.154500,1,"LINK_TORSO_YAW",0.102400,0.200000,0.052100,20.000000,0.000000,0.000000,20.000000,0.000000,0.000000,0.000000,0.000000,0.012160,0.000000,0.910900,19.988661,0.016345,0.673167,20.000000
0.154600,1,"LINK_TORSO_YAW",0.102400,0.200000,0.052200,20.000000,0.000000,0.000000,20.000000,0.000000,0.000000,0.000000,0.000000,0.012160,0.000000,0.910900,19.988667,0.016387,0.672998,20.000000
0.154700,1,"LINK_TORSO_YAW",0.102400,0.200000,0.052300,20.000000,0.000000,0.000000,20.000000,0.000000,0.000000,0.000000,0.000000,0.012160,0.000000,0.910900,19.988673,0.016428,0.672827,20.000000
0.154800,1,"LINK_TORSO_YAW",0.102400,0.200000,0.052400,20.000000,0.000000,0.000000,20.000000,0.000000,0.000000,0.000000,0.000000,0.012160,0.000000,0.910900,19.988678,0.016470,0.672655,20.000000
0.154900,1,"LINK_TORSO_YAW",0.102400,0.200000,0.052500,20.000000,0.000000,0.000000,20.000000,0.000000,0.000000,0.000000,0.000000,0.012160,0.000000,0.910900,19.988684,0.016512,0.672481,20.000000
0.155000,1,"LINK_TORSO_YAW",0.102400,0.200000,0.052600,20.000000,0.000000,0.000000,20.000000,0.000000,0.000000,0.000000,0.000000,0.012160,0.000000,0.910900,19.988690,0.016553,0.672304,20.000000
0.155100,1,"LINK_TORSO_YAW",0.102400,0.200000,0.052700,20.000000,0.000000,0.000000,20.000000,0.000000,0.000000,0.000000,0.000000,0.012160,0.000000,0.910900,19.988696,0.016595,0.672125,20.000000
0.155200,1,"LINK_TORSO_YAW",0.102400,0.200000,0.052800,20.000000,0.000000,0.000000,20.000000,0.000000,0.000000,0.000000,0.000000,0.012160,0.000000,0.910900,19.988702,0.016637,0.671941,20.000000
0.155300,1,"LINK_TORSO_YAW",0.102400,0.200000,0.052900,20.000000,0.000000,0.000000,20.000000,0.000000,0.000000,0.000000,0.000000,0.012160,0.000000,0.910900,19.988709,0.016679,0.671754,20.000000
0.155400,1,"LINK_TORSO_YAW",0.102400,0.200000,0.053000,20.000000,0.000000,0.000000,20.000000,0.000000,0.000000,0.000000,0.000000,0.012160,0.000000,0.910900,19.988715,0.016720,0.671561,20.000000
0.155500,1,"LINK_TORSO_YAW",0.102400,0.200000,0.053100,20.000000,0.000000,0.000000,20.000000,0.000000,0.000000,0.000000,0.000000,0.012160,0.000000,0.910900,19.988721,0.016762,0.671370,20.000000
0.155600,1,"LINK_TORSO_YAW",0.102400,0.200000,0.053200,20.000000,0.000000,0.000000,20.000000,0.000000,0.000000,0.000000,0.000000,0.012160,0.000000,0.910900,19.988728,0.016803,0.671178,20.000000
0.155700,1,"LINK_TORSO_YAW",0.102400,0.200000,0.053300,20.000000,0.000000,0.000000,20.000000,0.000000,0.000000,0.000000,0.000000,0.012160,0.000000,0.910900,19.988734,0.016845,0.670986,20.000000
0.155800,1,"LINK_TORSO_YAW",0.102400,0.200000,0.053400,20.000000,0.000000,0.000000,20.000000,0.000000,0.000000,0.000000,0.000000,0.012160,0.000000,0.910900,19.988741,0.016887,0.670793,20.000000
0.155900,1,"LINK_TORSO_YAW",0.102400,0.200000,0.053500,20.000000,0.000000,0.000000,20.000000,0.000000,0.000000,0.000000,0.000000,0.012160,0.000000,0.910900,19.988747,0.016928,0.670599,20.000000
0.156000,1,"LINK_TORSO_YAW",0.102400,0.200000,0.053600,20.000000,0.000000,0.000000,20.000000,0.000000,0.000000,0.000000,0.000000,0.012160,0.000000,0.910900,19.988754,0.016970,0.670402,20.000000
0.156100,1,"LINK_TORSO_YAW",0.102400,0.200000,0.053700,20.000000,0.000000,0.000000,20.000000,0.000000,0.000000,0.000000,0.000000,0.012160,0.000000,0.910900,19.988760,0.017012,0.670203,20.000000
0.156200,1,"LINK_TORSO_YAW",0.102400,0.200000,0.053800,20.000000,0.000000,0.000000,20.000000,0.000000,0.000000,0.000000,0.000000,0.012160,0.000000,0.910900,19.988767,0.017053,0.670001,20.000000
0.156300,1,"LINK_TORSO_YAW",0.102400,0.200000,0.053900,20.000000,0.000000,0.000000,20.000000,0.000000,0.000000,0.000000,0.000000,0.012160,0.000000,0.910900,19.988774,0.017095,0.669795,20.000000
0.156400,1,"LINK_TORSO_YAW",0.102400,0.200000,0.054000,20.000000,0.000000,0.000000,20.000000,0.000000,0.000000,0.000000,0.000000,0.012160,0.000000,0.910900,19.988781,0.017137,0.669585,20.000000
0.156500,1,"LINK_TORSO_YAW",0.102400,0.200000,0.054100,20.000000,0.000000,0.000000,20.000000,0.000000,0.000000,0.000000,0.000000,0.012160,0.000000,0.910900,19.988788,0.017178,0.669370,20.000000
0.156600,1,"LINK_TORSO_YAW",0.102400,0.200000,0.054200,20.000000,0.000000,0.000000,20.000000,0.000000,0.000000,0.000000,0.000000,0.012160,0.000000,0.910900,19.988795,0.017220,0.669156,20.000000
0.156700,1,"LINK_TORSO_YAW",0.102400,0.200000,0.054300,20.000000,0.000000,0.000000,20.000000,0.000000,0.000000,0.000000,0.000000,0.012160,0.000000,0.910900,19.988802,0.017262,0.668942,20.000000
0.156800,1,"LINK_TORSO_YAW",0.102400,0.200000,0.054400,20.000000,0.000000,0.000000,20.000000,0.000000,0.000000,0.000000,0.000000,0.012160,0.000000,0.910900,19.988809,0.017303,0.668728,20.000000
0.156900,1,"LINK_TORSO_YAW",0.102400,0.200000,0.054500,20.000000,0.000000,0.000000,20.000000,0.000000,0.000000,0.000000,0.000000,0.012160,0.000000,0.910900,19.988817,0.017345,0.668513,20.000000
0.157000,1,"LINK_TORSO_YAW",0.102400,0.200000,0.054600,20.000000,0.000000,0.000000,20.000000,0.000000,0.000000,0.000000,0.000000,0.012160,0.000000,0.910900,19.988824,0.017387,0.668296,20.000000
0.157100,1,"LINK_TORSO_YAW",0.102400,0.200000,0.054700,20.000000,0.000000,0.000000,20.000000,0.000000,0.000000,0.000000,0.000000,0.012160,0.000000,0.910900,19.988831,0.017428,0.668077,20.000000
0.157200,1,"LINK_TORSO_YAW",0.102400,0.200000,0.054800,20.000000,0.000000,0.000000,20.000000,0.000000,0.000000,0.000000,0.000000,0.012160,0.000000,0.910900,19.988838,0.017470,0.667856,20.000000
0.157300,1,"LINK_TORSO_YAW",0.102400,0.200000,0.054900,20.000000,0.000000,0.000000,20.000000,0.000000,0.000000,0.000000,0.000000,0.012160,0.000000,0.910900,19.988846,0.017512,0.667631,20.000000
0.157400,1,"LINK_TORSO_YAW",0.102400,0.200000,0.055000,20.000000,0.000000,0.000000,20.000000,0.000000,0.000000,0.000000,0.000000,0.012160,0.000000,0.910900,19.988854,0.017553,0.667403,20.000000
0.157500,1,"LINK_TORSO_YAW",0.102400,0.200000,0.055100,20.000000,0.000000,0.000000,20.000000,0.000000,0.000000,0.000000,0.000000,0.012160,0.000000,0.910900,19.988861,0.017595,0.667170,20.000000
0.157600,1,"LINK_TORSO_YAW",0.102400,0.200000,0.055200,20.000000,0.000000,0.000000,20.000000,0.000000,0.000000,0.000000,0.000000,0.012160,0.000000,0.910900,19.988869,0.017636,0.666933,20.000000
0.157700,1,"LINK_TORSO_YAW",0.102400,0.200000,0.055300,20.000000,0.000000,0.000000,20.000000,0.000000,0.000000,0.000000,0.000000,0.012160,0.000000,0.910900,19.988877,0.017678,0.666697,20.000000
0.157800,1,"LINK_TORSO_YAW",0.102400,0.200000,0.055400,20.000000,0.000000,0.000000,20.000000,0.000000,0.000000,0.000000,0.000000,0.012160,0.000000,0.910900,19.988885,0.017719,0.666461,20.000000
0.157900,1,"LINK_TORSO_YAW",0.102400,0.200000,0.055500,20.000000,0.000000,0.000000,20.000000,0.000000,0.000000,0.000000,0.000000,0.012160,0.000000,0.910900,19.988893,0.017761,0.666224,20.000000
0.158000,1,"LINK_TORSO_YAW",0.102400,0.200000,0.055600,20.000000,0.000000,0.000000,20.000000,0.000000,0.000000,0.000000,0.000000,0.012160,0.000000,0.910900,19.988901,0.017803,0.665986,20.000000
0.158100,1,"LINK_TORSO_YAW",0.102400,0.200000,0.055700,20.000000,0.000000,0.000000,20.000000,0.000000,0.000000,0.000000,0.000000,0.012160,0.000000,0.910900,19.988908,0.017844,0.665747,20.000000
0.158200,1,"LINK_TORSO_YAW",0.102400,0.200000,0.055800,20.000000,0.000000,0.000000,20.000000,0.000000,0.000000,0.000000,0.000000,0.012160,0.000000,0.910900,19.988916,0.017886,0.665506,20.000000
0.158300,1,"LINK_TORSO_YAW",0.102400,0.200000,0.055900,20.000000,0.000000,0.000000,20.000000,0.000000,0.000000,0.000000,0.000000,0.012160,0.000000,0.910900,19.988925,0.017927,0.665262,20.000000
0.158400,1,"LINK_TORSO_YAW",0.102400,0.200000,0.056000,20.000000,0.000000,0.000000,20.000000,0.000000,0.000000,0.000000,0.000000,0.012160,0.000000,0.910900,19.988933,0.017969,0.665016,20.000000
0.158500,1,"LINK_TORSO_YAW",0.102400,0.200000,0.056100,20.000000,0.000000,0.000000,20.000000,0.000000,0.000000,0.000000,0.000000,0.012160,0.000000,0.910900,19.988941,0.018011,0.664765,20.000000
0.158600,1,"LINK_TORSO_YAW",0.102400,0.200000,0.056200,20.000000,0.000000,0.000000,20.000000,0.000000,0.000000,0.000000,0.000000,0.012160,0.000000,0.910900,19.988949,0.018052,0.664510,20.000000
0.158700,1,"LINK_TORSO_YAW",0.102400,0.200000,0.056300,20.000000,0.000000,0.000000,20.000000,0.000000,0.000000,0.000000,0.000000,0.012160,0.000000,0.910900,19.988958,0.018093,0.664251,20.000000
0.158800,1,"LINK_TORSO_YAW",0.102400,0.200000,0.056400,20.000000,0.000000,0.000000,20.000000,0.000000,0.000000,0.000000,0.000000,0.012160,0.000000,0.910900,19.988967,0.018135,0.663992,20.000000
0.158900,1,"LINK_TORSO_YAW",0.102400,0.200000,0.056500,20.000000,0.000000,0.000000,20.000000,0.000000,0.000000,0.000000,0.000000,0.012160,0.000000,0.910900,19.988975,0.018176,0.663734,20.000000
0.159000,1,"LINK_TORSO_YAW",0.102400,0.200000,0.056600,20.000000,0.000000,0.000000,20.000000,0.000000,0.000000,0.000000,0.000000,0.012160,0.000000,0.910900,19.988984,0.018218,0.663475,20.000000
0.159100,1,"LINK_TORSO_YAW",0.102400,0.200000,0.056700,20.000000,0.000000,0.000000,20.000000,0.000000,0.000000,0.000000,0.000000,0.012160,0.000000,0.910900,19.988992,0.018259,0.663215,20.000000
0.159200,1,"LINK_TORSO_YAW",0.102400,0.200000,0.056800,20.000000,0.000000,0.000000,20.000000,0.000000,0.000000,0.000000,0.000000,0.012160,0.000000,0.910900,19.989001,0.018300,0.662954,20.000000
0.159300,1,"LINK_TORSO_YAW",0.102400,0.200000,0.056900,20.000000,0.000000,0.000000,20.000000,0.000000,0.000000,0.000000,0.000000,0.012160,0.000000,0.910900,19.989010,0.018342,0.662690,20.000000
0.159400,1,"LINK_TORSO_YAW",0.102400,0.200000,0.057000,20.000000,0.000000,0.000000,20.000000,0.000000,0.000000,0.000000,0.000000,0.012160,0.000000,0.910900,19.989018,0.018383,0.662424,20.000000
0.159500,1,"LINK_TORSO_YAW",0.102400,0.200000,0.057100,20.000000,0.000000,0.000000,20.000000,0.000000,0.000000,0.000000,0.000000,0.012160,0.000000,0.910900,19.989027,0.018425,0.662155,20.000000
0.159600,1,"LINK_TORSO_YAW",0.102400,0.200000,0.057200,20.000000,0.000000,0.000000,20.000000,0.000000,0.000000,0.000000,0.000000,0.012160,0.000000,0.910900,19.989036,0.018466,0.661883,20.000000
0.159700,1,"LINK_TORSO_YAW",0.102400,0.200000,0.057300,20.000000,0.000000,0.000000,20.000000,0.000000,0.000000,0.000000,0.000000,0.012160,0.000000,0.910900,19.989045,0.018507,0.661606,20.000000
0.159800,1,"LINK_TORSO_YAW",0.102400,0.200000,0.057400,20.000000,0.000000,0.000000,20.000000,0.000000,0.000000,0.000000,0.000000,0.012160,0.000000,0.910900,19.989055,0.018549,0.661324,20.000000
0.159900,1,"LINK_TORSO_YAW",0.102400,0.200000,0.057500,20.000000,0.000000,0.000000,20.000000,0.000000,0.000000,0.000000,0.000000,0.012160,0.000000,0.910900,19.989064,0.018590,0.661043,20.000000
0.160000,1,"LINK_TORSO_YAW",0.102400,0.200000,0.057600,20.000000,0.000000,0.000000,20.000000,0.000000,0.000000,0.000000,0.000000,0.012160,0.000000,0.910900,19.989073,0.018631,0.660763,20.000000
0.160100,1,"LINK_TORSO_YAW",0.102400,0.200000,0.057700,20.000000,0.000000,0.000000,20.000000,0.000000,0.000000,0.000000,0.000000,0.012160,0.000000,0.910900,19.989082,0.018672,0.660482,20.000000
0.160200,1,"LINK_TORSO_YAW",0.102400,0.200000,0.057800,20.000000,0.000000,0.000000,20.000000,0.000000,0.000000,0.000000,0.000000,0.012160,0.000000,0.910900,19.989092,0.018713,0.660200,20.000000
0.160300,1,"LINK_TORSO_YAW",0.102400,0.200000,0.057900,20.000000,0.000000,0.000000,20.000000,0.000000,0.000000,0.000000,0.000000,0.012160,0.000000,0.910900,19.989101,0.018755,0.659916,20.000000
0.160400,1,"LINK_TORSO_YAW",0.102400,0.200000,0.058000,20.000000,0.000000,0.000000,20.000000,0.000000,0.000000,0.000000,0.000000,0.012160,0.000000,0.910900,19.989110,0.018796,0.659631,20.000000
0.160500,1,"LINK_TORSO_YAW",0.102400,0.200000,0.058100,20.000000,0.000000,0.000000,20.000000,0.000000,0.000000,0.000000,0.000000,0.012160,0.000000,0.910900,19.989120,0.018837,0.659342,20.000000
0.160600,1,"LINK_TORSO_YAW",0.102400,0.200000,0.058200,20.000000,0.000000,0.000000,20.000000,0.000000,0.000000,0.000000,0.000000,0.012160,0.000000,0.910900,19.989129,0.018878,0.659051,20.000000
0.160700,1,"LINK_TORSO_YAW",0.102400,0.200000,0.058300,20.000000,0.000000,0.000000,20.000000,0.000000,0.000000,0.000000,0.000000,0.012160,0.000000,0.910900,19.989139,0.018919,0.658756,20.000000
0.160800,1,"LINK_TORSO_YAW",0.102400,0.200000,0.058400,20.000000,0.000000,0.000000,20.000000,0.000000,0.000000,0.000000,0.000000,0.012160,0.000000,0.910900,19.989149,0.018960,0.658457,20.000000
0.160900,1,"LINK_TORSO_YAW",0.102400,0.200000,0.058500,20.000000,0.000000,0.000000,20.000000,0.000000,0.000000,0.000000,0.000000,0.012160,0.000000,0.910900,19.989159,0.019001,0.658154,20.000000
0.161000,1,"LINK_TORSO_YAW",0.102400,0.200000,0.058600,20.000000,0.000000,0.000000,20.000000,0.000000,0.000000,0.000000,0.000000,0.012160,0.000000,0.910900,19.989169,0.019042,0.657845,20.000000
0.161100,1,"LINK_TORSO_YAW",0.102400,0.200000,0.058700,20.000000,0.000000,0.000000,20.000000,0.000000,0.000000,0.000000,0.000000,0.012160,0.000000,0.910900,19.989179,0.019083,0.657537,20.000000
0.161200,1,"LINK_TORSO_YAW",0.102400,0.200000,0.058800,20.000000,0.000000,0.000000,20.000000,0.000000,0.000000,0.000000,0.000000,0.012160,0.000000,0.910900,19.989189,0.019124,0.657229,20.000000
0.161300,1,"LINK_TORSO_YAW",0.102400,0.200000,0.058900,20.000000,0.000000,0.000000,20.000000,0.000000,0.000000,0.000000,0.000000,0.012160,0.000000,0.910900,19.989199,0.019165,0.656920,20.000000
0.161400,1,"LINK_TORSO_YAW",0.102400,0.200000,0.059000,20.000000,0.000000,0.000000,20.000000,0.000000,0.000000,0.000000,0.000000,0.012160,0.000000,0.910900,19.989209,0.019206,0.656611,20.000000
0.161500,1,"LINK_TORSO_YAW",0.102400,0.200000,0.059100,20.000000,0.000000,0.000000,20.000000,0.000000,0.000000,0.000000,0.000000,0.012160,0.000000,0.910900,19.989220,0.019246,0.656300,20.000000
0.161600,1,"LINK_TORSO_YAW",0.102400,0.200000,0.059200,20.000000,0.000000,0.000000,20.000000,0.000000,0.000000,0.000000,0.000000,0.012160,0.000000,0.910900,19.989230,0.019287,0.655987,20.000000
0.161700,1,"LINK_TORSO_YAW",0.102400,0.200000,0.059300,20.000000,0.000000,0.000000,20.000000,0.000000,0.000000,0.000000,0.000000,0.012160,0.000000,0.910900,19.989240,0.019328,0.655672,20.000000
0.161800,1,"LINK_TORSO_YAW",0.102400,0.200000,0.059400,20.000000,0.000000,0.000000,20.000000,0.000000,0.000000,0.000000,0.000000,0.012160,0.000000,0.910900,19.989251,0.019369,0.655353,20.000000
0.161900,1,"LINK_TORSO_YAW",0.102400,0.200000,0.059500,20.000000,0.000000,0.000000,20.000000,0.000000,0.000000,0.000000,0.000000,0.012160,0.000000,0.910900,19.989261,0.019409,0.655031,20.000000
0.162000,1,"LINK_TORSO_YAW",0.102400,0.200000,0.059600,20.000000,0.000000,0.000000,20.000000,0.000000,0.000000,0.000000,0.000000,0.012160,0.000000,0.910900,19.989272,0.019450,0.654705,20.000000
0.162100,1,"LINK_TORSO_YAW",0.102400,0.200000,0.059700,20.000000,0.000000,0.000000,20.000000,0.000000,0.000000,0.000000,0.000000,0.012160,0.000000,0.910900,19.989282,0.019490,0.654374,20.000000
0.162200,1,"LINK_TORSO_YAW",0.102400,0.200000,0.059800,20.000000,0.000000,0.000000,20.000000,0.000000,0.000000,0.000000,0.000000,0.012160,0.000000,0.910900,19.989293,0.019531,0.654044,20.000000
0.162300,1,"LINK_TORSO_YAW",0.102400,0.200000,0.059900,20.000000,0.000000,0.000000,20.000000,0.000000,0.000000,0.000000,0.000000,0.012160,0.000000,0.910900,19.989304,0.019571,0.653714,20.000000
0.162400,1,"LINK_TORSO_YAW",0.102400,0.200000,0.060000,20.000000,0.000000,0.000000,20.000000,0.000000,0.000000,0.000000,0.000000,0.012160,0.000000,0.910900,19.989315,0.019612,0.653383,20.000000
0.162500,1,"LINK_TORSO_YAW",0.102400,0.200000,0.060100,20.000000,0.000000,0.000000,20.000000,0.000000,0.000000,0.000000,0.000000,0.012160,0.000000,0.910900,19.989326,0.019652,0.653052,20.000000
0.162600,1,"LINK_TORSO_YAW",0.102400,0.200000,0.060200,20.000000,0.000000,0.000000,20.000000,0.000000,0.000000,0.000000,0.000000,0.012160,0.000000,0.910900,19.989336,0.019693,0.652719,20.000000
0.162700,1,"LINK_TORSO_YAW",0.102400,0.200000,0.060300,20.000000,0.000000,0.000000,20.000000,0.000000,0.000000,0.000000,0.000000,0.012160,0.000000,0.910900,19.989347,0.019733,0.652384,20.000000
0.162800,1,"LINK_TORSO_YAW",0.102400,0.200000,0.060400,20.000000,0.000000,0.000000,20.000000,0.000000,0.000000,0.000000,0.000000,0.012160,0.000000,0.910900,19.989358,0.019774,0.652047,20.000000
0.162900,1,"LINK_TORSO_YAW",0.102400,0.200000,0.060500,20.000000,0.000000,0.000000,20.000000,0.000000,0.000000,0.000000,0.000000,0.012160,0.000000,0.910900,19.989369,0.019814,0.651706,20.000000
0.163000,1,"LINK_TORSO_YAW",0.102400,0.200000,0.060600,20.000000,0.000000,0.000000,20.000000,0.000000,0.000000,0.000000,0.000000,0.012160,0.000000,0.910900,19.989381,0.019854,0.651362,20.000000
0.163100,1,"LINK_TORSO_YAW",0.102400,0.200000,0.060700,20.000000,0.000000,0.000000,20.000000,0.000000,0.000000,0.000000,0.000000,0.012160,0.000000,0.910900,19.989392,0.019894,0.651014,20.000000
0.163200,1,"LINK_TORSO_YAW",0.102400,0.200000,0.060800,20.000000,0.000000,0.000000,20.000000,0.000000,0.000000,0.000000,0.000000,0.012160,0.000000,0.910900,19.989403,0.019935,0.650661,20.000000
0.163300,1,"LINK_TORSO_YAW",0.102400,0.200000,0.060900,20.000000,0.000000,0.000000,20.000000,0.000000,0.000000,0.000000,0.000000,0.012160,0.000000,0.910900,19.989415,0.019975,0.650309,20.000000
0.163400,1,"LINK_TORSO_YAW",0.102400,0.200000,0.061000,20.000000,0.000000,0.000000,20.000000,0.000000,0.000000,0.000000,0.000000,0.012160,0.000000,0.910900,19.989426,0.020015,0.649957,20.000000
0.163500,1,"LINK_TORSO_YAW",0.102400,0.200000,0.061100,20.000000,0.000000,0.000000,20.000000,0.000000,0.000000,0.000000,0.000000,0.012160,0.000000,0.910900,19.989438,0.020055,0.649605,20.000000
0.163600,1,"LINK_TORSO_YAW",0.102400,0.200000,0.061200,20.000000,0.000000,0.000000,20.000000,0.000000,0.000000,0.000000,0.000000,0.012160,0.000000,0.910900,19.989449,0.020095,0.649251,20.000000
0.163700,1,"LINK_TORSO_YAW",0.102400,0.200000,0.061300,20.000000,0.000000,0.000000,20.000000,0.000000,0.000000,0.000000,0.000000,0.012160,0.000000,0.910900,19.989460,0.020135,0.648896,20.000000
0.163800,1,"LINK_TORSO_YAW",0.102400,0.200000,0.061400,20.000000,0.000000,0.000000,20.000000,0.000000,0.000000,0.000000,0.000000,0.012160,0.000000,0.910900,19.989472,0.020175,0.648540,20.000000
0.163900,1,"LINK_TORSO_YAW",0.102400,0.200000,0.061500,20.000000,0.000000,0.000000,20.000000,0.000000,0.000000,0.000000,0.000000,0.012160,0.000000,0.910900,19.989484,0.020215,0.648180,20.000000
0.164000,1,"LINK_TORSO_YAW",0.102400,0.200000,0.061600,20.000000,0.000000,0.000000,20.000000,0.000000,0.000000,0.000000,0.000000,0.012160,0.000000,0.910900,19.989495,0.020255,0.647818,20.000000
0.164100,1,"LINK_TORSO_YAW",0.102400,0.200000,0.061700,20.000000,0.000000,0.000000,20.000000,0.000000,0.000000,0.000000,0.000000,0.012160,0.000000,0.910900,19.989507,0.020294,0.647452,20.000000
0.164200,1,"LINK_TORSO_YAW",0.102400,0.200000,0.061800,20.000000,0.000000,0.000000,20.000000,0.000000,0.000000,0.000000,0.000000,0.012160,0.000000,0.910900,19.989519,0.020334,0.647082,20.000000
0.164300,1,"LINK_TORSO_YAW",0.102400,0.200000,0.061900,20.000000,0.000000,0.000000,20.000000,0.000000,0.000000,0.000000,0.000000,0.012160,0.000000,0.910900,19.989531,0.020374,0.646712,20.000000
0.164400,1,"LINK_TORSO_YAW",0.102400,0.200000,0.062000,20.000000,0.000000,0.000000,20.000000,0.000000,0.000000,0.000000,0.000000,0.012160,0.000000,0.910900,19.989543,0.020414,0.646343,20.000000
0.164500,1,"LINK_TORSO_YAW",0.102400,0.200000,0.062100,20.000000,0.000000,0.000000,20.000000,0.000000,0.000000,0.000000,0.000000,0.012160,0.000000,0.910900,19.989555,0.020453,0.645973,20.000000
0.164600,1,"LINK_TORSO_YAW",0.102400,0.200000,0.062200,20.000000,0.000000,0.000000,20.000000,0.000000,0.000000,0.000000,0.000000,0.012160,0.000000,0.910900,19.989567,0.020493,0.645603,20.000000
0.164700,1,"LINK_TORSO_YAW",0.102400,0.200000,0.062300,20.000000,0.000000,0.000000,20.000000,0.000000,0.000000,0.000000,0.000000,0.012160,0.000000,0.910900,19.989579,0.020533,0.645231,20.000000
0.164800,1,"LINK_TORSO_YAW",0.102400,0.200000,0.062400,20.000000,0.000000,0.000000,20.000000,0.000000,0.000000,0.000000,0.000000,0.012160,0.000000,0.910900,19.989591,0.020572,0.644857,20.000000
0.164900,1,"LINK_TORSO_YAW",0.102400,0.200000,0.062500,20.000000,0.000000,0.000000,20.000000,0.000000,0.000000,0.000000,0.000000,0.012160,0.000000,0.910900,19.989603,0.020612,0.644480,20.000000
0.165000,1,"LINK_TORSO_YAW",0.102400,0.200000,0.062600,20.000000,0.000000,0.000000,20.000000,0.000000,0.000000,0.000000,0.000000,0.012160,0.000000,0.910900,19.989615,0.020651,0.644101,20.000000
0.165100,1,"LINK_TORSO_YAW",0.102400,0.200000,0.062700,20.000000,0.000000,0.000000,20.000000,0.000000,0.000000,0.000000,0.000000,0.012160,0.000000,0.910900,19.989627,0.020691,0.643718,20.000000
0.165200,1,"LINK_TORSO_YAW",0.102400,0.200000,0.062800,20.000000,0.000000,0.000000,20.000000,0.000000,0.000000,0.000000,0.000000,0.012160,0.000000,0.910900,19.989640,0.020730,0.643330,20.000000
0.165300,1,"LINK_TORSO_YAW",0.102400,0.200000,0.062900,20.000000,0.000000,0.000000,20.000000,0.000000,0.000000,0.000000,0.000000,0.012160,0.000000,0.910900,19.989652,0.020769,0.642938,20.000000
0.165400,1,"LINK_TORSO_YAW",0.102400,0.200000,0.063000,20.000000,0.000000,0.000000,20.000000,0.000000,0.000000,0.000000,0.000000,0.012160,0.000000,0.910900,19.989665,0.020808,0.642541,20.000000
0.165500,1,"LINK_TORSO_YAW",0.102400,0.200000,0.063100,20.000000,0.000000,0.000000,20.000000,0.000000,0.000000,0.000000,0.000000,0.012160,0.000000,0.910900,19.989678,0.020847,0.642145,20.000000
0.165600,1,"LINK_TORSO_YAW",0.102400,0.200000,0.063200,20.000000,0.000000,0.000000,20.000000,0.000000,0.000000,0.000000,0.000000,0.012160,0.000000,0.910900,19.989690,0.020886,0.641749,20.000000
0.165700,1,"LINK_TORSO_YAW",0.102400,0.200000,0.063300,20.000000,0.000000,0.000000,20.000000,0.000000,0.000000,0.000000,0.000000,0.012160,0.000000,0.910900,19.989703,0.020925,0.641352,20.000000
0.165800,1,"LINK_TORSO_YAW",0.102400,0.200000,0.063400,20.000000,0.000000,0.000000,20.000000,0.000000,0.000000,0.000000,0.000000,0.012160,0.000000,0.910900,19.989716,0.020965,0.640954,20.000000
0.165900,1,"LINK_TORSO_YAW",0.102400,0.200000,0.063500,20.000000,0.000000,0.000000,20.000000,0.000000,0.000000,0.000000,0.000000,0.012160,0.000000,0.910900,19.989729,0.021004,0.640555,20.000000
0.166000,1,"LINK_TORSO_YAW",0.102400,0.200000,0.063600,20.000000,0.000000,0.000000,20.000000,0.000000,0.000000,0.000000,0.000000,0.012160,0.000000,0.910900,19.989741,0.021042,0.640154,20.000000
0.166100,1,"LINK_TORSO_YAW",0.102400,0.200000,0.063700,20.000000,0.000000,0.000000,20.000000,0.000000,0.000000,0.000000,0.000000,0.012160,0.000000,0.910900,19.989754,0.021081,0.639751,20.000000
0.166200,1,"LINK_TORSO_YAW",0.102400,0.200000,0.063800,20.000000,0.000000,0.000000,20.000000,0.000000,0.000000,0.000000,0.000000,0.012160,0.000000,0.910900,19.989767,0.021120,0.639344,20.000000
0.166300,1,"LINK_TORSO_YAW",0.102400,0.200000,0.063900,20.000000,0.000000,0.000000,20.000000,0.000000,0.000000,0.000000,0.000000,0.012160,0.000000,0.910900,19.989780,0.021159,0.638934,20.000000
0.166400,1,"LINK_TORSO_YAW",0.102400,0.200000,0.064000,20.000000,0.000000,0.000000,20.000000,0.000000,0.000000,0.000000,0.000000,0.012160,0.000000,0.910900,19.989793,0.021198,0.638520,20.000000
0.166500,1,"LINK_TORSO_YAW",0.102400,0.200000,0.064100,20.000000,0.000000,0.000000,20.000000,0.000000,0.000000,0.000000,0.000000,0.012160,0.000000,0.910900,19.989807,0.021236,0.638101,20.000000
0.166600,1,"LINK_TORSO_YAW",0.102400,0.200000,0.064200,20.000000,0.000000,0.000000,20.000000,0.000000,0.000000,0.000000,0.000000,0.012160,0.000000,0.910900,19.989820,0.021274,0.637683,20.000000
0.166700,1,"LINK_TORSO_YAW",0.102400,0.200000,0.064300,20.000000,0.000000,0.000000,20.000000,0.000000,0.000000,0.000000,0.000000,0.012160,0.000000,0.910900,19.989833,0.021313,0.637265,20.000000
0.166800,1,"LINK_TORSO_YAW",0.102400,0.200000,0.064400,20.000000,0.000000,0.000000,20.000000,0.000000,0.000000,0.000000,0.000000,0.012160,0.000000,0.910900,19.989847,0.021351,0.636846,20.000000
0.166900,1,"LINK_TORSO_YAW",0.102400,0.200000,0.064500,20.000000,0.000000,0.000000,20.000000,0.000000,0.000000,0.000000,0.000000,0.012160,0.000000,0.910900,19.989860,0.021390,0.636427,20.000000
0.167000,1,"LINK_TORSO_YAW",0.102400,0.200000,0.064600,20.000000,0.000000,0.000000,20.000000,0.000000,0.000000,0.000000,0.000000,0.012160,0.000000,0.910900,19.989873,0.021428,0.636006,20.000000
0.167100,1,"LINK_TORSO_YAW",0.102400,0.200000,0.064700,20.000000,0.000000,0.000000,20.000000,0.000000,0.000000,0.000000,0.000000,0.012160,0.000000,0.910900,19.989887,0.021467,0.635584,20.000000
0.167200,1,"LINK_TORSO_YAW",0.102400,0.200000,0.064800,20.000000,0.000000,0.000000,20.000000,0.000000,0.000000,0.000000,0.000000,0.012160,0.000000,0.910900,19.989900,0.021505,0.635158,20.000000
0.167300,1,"LINK_TORSO_YAW",0.102400,0.200000,0.064900,20.000000,0.000000,0.000000,20.000000,0.000000,0.000000,0.000000,0.000000,0.012160,0.000000,0.910900,19.989914,0.021543,0.634730,20.000000
0.167400,1,"LINK_TORSO_YAW",0.102400,0.200000,0.065000,20.000000,0.000000,0.000000,20.000000,0.000000,0.000000,0.000000,0.000000,0.012160,0.000000,0.910900,19.989927,0.021581,0.634298,20.000000
0.167500,1,"LINK_TORSO_YAW",0.102400,0.200000,0.065100,20.000000,0.000000,0.000000,20.000000,0.000000,0.000000,0.000000,0.000000,0.012160,0.000000,0.910900,19.989941,0.021619,0.633862,20.000000
0.167600,1,"LINK_TORSO_YAW",0.102400,0.200000,0.065200,20.000000,0.000000,0.000000,20.000000,0.000000,0.000000,0.000000,0.000000,0.012160,0.000000,0.910900,19.989955,0.021657,0.633422,20.000000
0.167700,1,"LINK_TORSO_YAW",0.102400,0.200000,0.065300,20.000000,0.000000,0.000000,20.000000,0.000000,0.000000,0.000000,0.000000,0.012160,0.000000,0.910900,19.989969,0.021695,0.632982,20.000000
0.167800,1,"LINK_TORSO_YAW",0.102400,0.200000,0.065400,20.000000,0.000000,0.000000,20.000000,0.000000,0.000000,0.000000,0.000000,0.012160,0.000000,0.910900,19.989983,0.021733,0.632542,20.000000
0.167900,1,"LINK_TORSO_YAW",0.102400,0.200000,0.065500,20.000000,0.000000,0.000000,20.000000,0.000000,0.000000,0.000000,0.000000,0.012160,0.000000,0.910900,19.989997,0.021770,0.632102,20.000000
0.168000,1,"LINK_TORSO_YAW",0.102400,0.200000,0.065600,20.000000,0.000000,0.000000,20.000000,0.000000,0.000000,0.000000,0.000000,0.012160,0.000000,0.910900,19.990011,0.021808,0.631661,20.000000
0.168100,1,"LINK_TORSO_YAW",0.102400,0.200000,0.065700,20.000000,0.000000,0.000000,20.000000,0.000000,0.000000,0.000000,0.000000,0.012160,0.000000,0.910900,19.990025,0.021846,0.631219,20.000000
0.168200,1,"LINK_TORSO_YAW",0.102400,0.200000,0.065800,20.000000,0.000000,0.000000,20.000000,0.000000,0.000000,0.000000,0.000000,0.012160,0.000000,0.910900,19.990039,0.021884,0.630774,20.000000
0.168300,1,"LINK_TORSO_YAW",0.102400,0.200000,0.065900,20.000000,0.000000,0.000000,20.000000,0.000000,0.000000,0.000000,0.000000,0.012160,0.000000,0.910900,19.990053,0.021921,0.630328,20.000000
0.168400,1,"LINK_TORSO_YAW",0.102400,0.200000,0.066000,20.000000,0.000000,0.000000,20.000000,0.000000,0.000000,0.000000,0.000000,0.012160,0.000000,0.910900,19.990067,0.021959,0.629878,20.000000
0.168500,1,"LINK_TORSO_YAW",0.102400,0.200000,0.066100,20.000000,0.000000,0.000000,20.000000,0.000000,0.000000,0.000000,0.000000,0.012160,0.000000,0.910900,19.990081,0.021996,0.629424,20.000000
0.168600,1,"LINK_TORSO_YAW",0.102400,0.200000,0.066200,20.000000,0.000000,0.000000,20.000000,0.000000,0.000000,0.000000,0.000000,0.012160,0.000000,0.910900,19.990095,0.022033,0.628967,20.000000
0.168700,1,"LINK_TORSO_YAW",0.102400,0.200000,0.066300,20.000000,0.000000,0.000000,20.000000,0.000000,0.000000,0.000000,0.000000,0.012160,0.000000,0.910900,19.990110,0.022071,0.628504,20.000000
0.168800,1,"LINK_TORSO_YAW",0.102400,0.200000,0.066400,20.000000,0.000000,0.000000,20.000000,0.000000,0.000000,0.000000,0.000000,0.012160,0.000000,0.910900,19.990124,0.022108,0.628043,20.000000
0.168900,1,"LINK_TORSO_YAW",0.102400,0.200000,0.066500,20.000000,0.000000,0.000000,20.000000,0.000000,0.000000,0.000000,0.000000,0.012160,0.000000,0.910900,19.990139,0.022145,0.627582,20.000000
0.169000,1,"LINK_TORSO_YAW",0.102400,0.200000,0.066600,20.000000,0.000000,0.000000,20.000000,0.000000,0.000000,0.000000,0.000000,0.012160,0.000000,0.910900,19.990153,0.022182,0.627120,20.000000
0.169100,1,"LINK_TORSO_YAW",0.102400,0.200000,0.066700,20.000000,0.000000,0.000000,20.000000,0.000000,0.000000,0.000000,0.000000,0.012160,0.000000,0.910900,19.990168,0.022219,0.626657,20.000000
0.169200,1,"LINK_TORSO_YAW",0.102400,0.200000,0.066800,20.000000,0.000000,0.000000,20.000000,0.000000,0.000000,0.000000,0.000000,0.012160,0.000000,0.910900,19.990182,0.022256,0.626193,20.000000
0.169300,1,"LINK_TORSO_YAW",0.102400,0.200000,0.066900,20.000000,0.000000,0.000000,20.000000,0.000000,0.000000,0.000000,0.000000,0.012160,0.000000,0.910900,19.990197,0.022293,0.625727,20.000000
0.169400,1,"LINK_TORSO_YAW",0.102400,0.200000,0.067000,20.000000,0.000000,0.000000,20.000000,0.000000,0.000000,0.000000,0.000000,0.012160,0.000000,0.910900,19.990211,0.022330,0.625259,20.000000
0.169500,1,"LINK_TORSO_YAW",0.102400,0.200000,0.067100,20.000000,0.000000,0.000000,20.000000,0.000000,0.000000,0.000000,0.000000,0.012160,0.000000,0.910900,19.990226,0.022367,0.624788,20.000000
0.169600,1,"LINK_TORSO_YAW",0.102400,0.200000,0.067200,20.000000,0.000000,0.000000,20.000000,0.000000,0.000000,0.000000,0.000000,0.012160,0.000000,0.910900,19.990241,0.022404,0.624313,20.000000
0.169700,1,"LINK_TORSO_YAW",0.102400,0.200000,0.067300,20.000000,0.000000,0.000000,20.000000,0.000000,0.000000,0.000000,0.000000,0.012160,0.000000,0.910900,19.990256,0.022440,0.623833,20.000000
0.169800,1,"LINK_TORSO_YAW",0.102400,0.200000,0.067400,20.000000,0.000000,0.000000,20.000000,0.000000,0.000000,0.000000,0.000000,0.012160,0.000000,0.910900,19.990271,0.022477,0.623350,20.000000
0.169900,1,"LINK_TORSO_YAW",0.102400,0.200000,0.067500,20.000000,0.000000,0.000000,20.000000,0.000000,0.000000,0.000000,0.000000,0.012160,0.000000,0.910900,19.990286,0.022513,0.622867,20.000000
0.170000,1,"LINK_TORSO_YAW",0.102400,0.200000,0.067600,20.000000,0.000000,0.000000,20.000000,0.000000,0.000000,0.000000,0.000000,0.012160,0.000000,0.910900,19.990301,0.022549,0.622384,20.000000
0.170100,1,"LINK_TORSO_YAW",0.102400,0.200000,0.067700,20.000000,0.000000,0.000000,20.000000,0.000000,0.000000,0.000000,0.000000,0.012160,0.000000,0.910900,19.990316,0.022586,0.621901,20.000000
0.170200,1,"LINK_TORSO_YAW",0.102400,0.200000,0.067800,20.000000,0.000000,0.000000,20.000000,0.000000,0.000000,0.000000,0.000000,0.012160,0.000000,0.910900,19.990331,0.022622,0.621417,20.000000
0.170300,1,"LINK_TORSO_YAW",0.102400,0.200000,0.067900,20.000000,0.000000,0.000000,20.000000,0.000000,0.000000,0.000000,0.000000,0.012160,0.000000,0.910900,19.990346,0.022658,0.620931,20.000000
0.170400,1,"LINK_TORSO_YAW",0.102400,0.200000,0.068000,20.000000,0.000000,0.000000,20.000000,0.000000,0.000000,0.000000,0.000000,0.012160,0.000000,0.910900,19.990361,0.022695,0.620444,20.000000
0.170500,1,"LINK_TORSO_YAW",0.102400,0.200000,0.068100,20.000000,0.000000,0.000000,20.000000,0.000000,0.000000,0.000000,0.000000,0.012160,0.000000,0.910900,19.990376,0.022731,0.619954,20.000000
0.170600,1,"LINK_TORSO_YAW",0.102400,0.200000,0.068200,20.000000,0.000000,0.000000,20.000000,0.000000,0.000000,0.000000,0.000000,0.012160,0.000000,0.910900,19.990391,0.022767,0.619461,20.000000
0.170700,1,"LINK_TORSO_YAW",0.102400,0.200000,0.068300,20.000000,0.000000,0.000000,20.000000,0.000000,0.000000,0.000000,0.000000,0.012160,0.000000,0.910900,19.990407,0.022803,0.618964,20.000000
0.170800,1,"LINK_TORSO_YAW",0.102400,0.200000,0.068400,20.000000,0.000000,0.000000,20.000000,0.000000,0.000000,0.000000,0.000000,0.012160,0.000000,0.910900,19.990422,0.022839,0.618464,20.000000
0.170900,1,"LINK_TORSO_YAW",0.102400,0.200000,0.068500,20.000000,0.000000,0.000000,20.000000,0.000000,0.000000,0.000000,0.000000,0.012160,0.000000,0.910900,19.990438,0.022874,0.617958,20.000000
0.171000,1,"LINK_TORSO_YAW",0.102400,0.200000,0.068600,20.000000,0.000000,0.000000,20.000000,0.000000,0.000000,0.000000,0.000000,0.012160,0.000000,0.910900,19.990454,0.022910,0.617448,20.000000
0.171100,1,"LINK_TORSO_YAW",0.102400,0.200000,0.068700,20.000000,0.000000,0.000000,20.000000,0.000000,0.000000,0.000000,0.000000,0.012160,0.000000,0.910900,19.990469,0.022946,0.616938,20.000000
0.171200,1,"LINK_TORSO_YAW",0.102400,0.200000,0.068800,20.000000,0.000000,0.000000,20.000000,0.000000,0.000000,0.000000,0.000000,0.012160,0.000000,0.910900,19.990485,0.022981,0.616429,20.000000
0.171300,1,"LINK_TORSO_YAW",0.102400,0.200000,0.068900,20.000000,0.000000,0.000000,20.000000,0.000000,0.000000,0.000000,0.000000,0.012160,0.000000,0.910900,19.990501,0.023017,0.615919,20.000000
0.171400,1,"LINK_TORSO_YAW",0.102400,0.200000,0.069000,20.000000,0.000000,0.000000,20.000000,0.000000,0.000000,0.000000,0.000000,0.012160,0.000000,0.910900,19.990516,0.023052,0.615409,20.000000
0.171500,1,"LINK_TORSO_YAW",0.102400,0.200000,0.069100,20.000000,0.000000,0.000000,20.000000,0.000000,0.000000,0.000000,0.000000,0.012160,0.000000,0.910900,19.990532,0.023088,0.614897,20.000000
0.171600,1,"LINK_TORSO_YAW",0.102400,0.200000,0.069200,20.000000,0.000000,0.000000,20.000000,0.000000,0.000000,0.000000,0.000000,0.012160,0.000000,0.910900,19.990548,0.023123,0.614383,20.000000
0.171700,1,"LINK_TORSO_YAW",0.102400,0.200000,0.069300,20.000000,0.000000,0.000000,20.000000,0.000000,0.000000,0.000000,0.000000,0.012160,0.000000,0.910900,19.990564,0.023158,0.613866,20.000000
0.171800,1,"LINK_TORSO_YAW",0.102400,0.200000,0.069400,20.000000,0.000000,0.000000,20.000000,0.000000,0.000000,0.000000,0.000000,0.012160,0.000000,0.910900,19.990579,0.023193,0.613347,20.000000
0.171900,1,"LINK_TORSO_YAW",0.102400,0.200000,0.069500,20.000000,0.000000,0.000000,20.000000,0.000000,0.000000,0.000000,0.000000,0.012160,0.000000,0.910900,19.990595,0.023228,0.612824,20.000000
0.172000,1,"LINK_TORSO_YAW",0.102400,0.200000,0.069600,20.000000,0.000000,0.000000,20.000000,0.000000,0.000000,0.000000,0.000000,0.012160,0.000000,0.910900,19.990612,0.023263,0.612297,20.000000
0.172100,1,"LINK_TORSO_YAW",0.102400,0.200000,0.069700,20.000000,0.000000,0.000000,20.000000,0.000000,0.000000,0.000000,0.000000,0.012160,0.000000,0.910900,19.990628,0.023298,0.611765,20.000000
0.172200,1,"LINK_TORSO_YAW",0.102400,0.200000,0.069800,20.000000,0.000000,0.000000,20.000000,0.000000,0.000000,0.000000,0.000000,0.012160,0.000000,0.910900,19.990644,0.023333,0.611234,20.000000
0.172300,1,"LINK_TORSO_YAW",0.102400,0.200000,0.069900,20.000000,0.000000,0.000000,20.000000,0.000000,0.000000,0.000000,0.000000,0.012160,0.000000,0.910900,19.990660,0.023368,0.610704,20.000000
0.172400,1,"LINK_TORSO_YAW",0.102400,0.200000,0.070000,20.000000,0.000000,0.000000,20.000000,0.000000,0.000000,0.000000,0.000000,0.012160,0.000000,0.910900,19.990676,0.023402,0.610173,20.000000
0.172500,1,"LINK_TORSO_YAW",0.102400,0.200000,0.070100,20.000000,0.000000,0.000000,20.000000,0.000000,0.000000,0.000000,0.000000,0.012160,0.000000,0.910900,19.990693,0.023437,0.609641,20.000000
0.172600,1,"LINK_TORSO_YAW",0.102400,0.200000,0.070200,20.000000,0.000000,0.000000,20.000000,0.000000,0.000000,0.000000,0.000000,0.012160,0.000000,0.910900,19.990709,0.023472,0.609107,20.000000
0.172700,1,"LINK_TORSO_YAW",0.102400,0.200000,0.070300,20.000000,0.000000,0.000000,20.000000,0.000000,0.000000,0.000000,0.000000,0.012160,0.000000,0.910900,19.990725,0.023506,0.608572,20.000000
0.172800,1,"LINK_TORSO_YAW",0.102400,0.200000,0.070400,20.000000,0.000000,0.000000,20.000000,0.000000,0.000000,0.000000,0.000000,0.012160,0.000000,0.910900,19.990741,0.023541,0.608034,20.000000
0.172900,1,"LINK_TORSO_YAW",0.102400,0.200000,0.070500,20.000000,0.000000,0.000000,20.000000,0.000000,0.000000,0.000000,0.000000,0.012160,0.000000,0.910900,19.990758,0.023575,0.607494,20.000000
0.173000,1,"LINK_TORSO_YAW",0.102400,0.200000,0.070600,20.000000,0.000000,0.000000,20.000000,0.000000,0.000000,0.000000,0.000000,0.012160,0.000000,0.910900,19.990774,0.023609,0.606949,20.000000
0.173100,1,"LINK_TORSO_YAW",0.102400,0.200000,0.070700,20.000000,0.000000,0.000000,20.000000,0.000000,0.000000,0.000000,0.000000,0.012160,0.000000,0.910900,19.990791,0.023643,0.606401,20.000000
0.173200,1,"LINK_TORSO_YAW",0.102400,0.200000,0.070800,20.000000,0.000000,0.000000,20.000000,0.000000,0.000000,0.000000,0.000000,0.012160,0.000000,0.910900,19.990808,0.023677,0.605848,20.000000
0.173300,1,"LINK_TORSO_YAW",0.102400,0.200000,0.070900,20.000000,0.000000,0.000000,20.000000,0.000000,0.000000,0.000000,0.000000,0.012160,0.000000,0.910900,19.990824,0.023711,0.605296,20.000000
0.173400,1,"LINK_TORSO_YAW",0.102400,0.200000,0.071000,20.000000,0.000000,0.000000,20.000000,0.000000,0.000000,0.000000,0.000000,0.012160,0.000000,0.910900,19.990841,0.023745,0.604744,20.000000
0.173500,1,"LINK_TORSO_YAW",0.102400,0.200000,0.071100,20.000000,0.000000,0.000000,20.000000,0.000000,0.000000,0.000000,0.000000,0.012160,0.000000,0.910900,19.990858,0.023779,0.604191,20.000000
0.173600,1,"LINK_TORSO_YAW",0.102400,0.200000,0.071200,20.000000,0.000000,0.000000,20.000000,0.000000,0.000000,0.000000,0.000000,0.012160,0.000000,0.910900,19.990874,0.023813,0.603638,20.000000
0.173700,1,"LINK_TORSO_YAW",0.102400,0.200000,0.071300,20.000000,0.000000,0.000000,20.000000,0.000000,0.000000,0.000000,0.000000,0.012160,0.000000,0.910900,19.990891,0.023847,0.603084,20.000000
0.173800,1,"LINK_TORSO_YAW",0.102400,0.200000,0.071400,20.000000,0.000000,0.000000,20.000000,0.000000,0.000000,0.000000,0.000000,0.012160,0.000000,0.910900,19.990908,0.023880,0.602527,20.000000
0.173900,1,"LINK_TORSO_YAW",0.102400,0.200000,0.071500,20.000000,0.000000,0.000000,20.000000,0.000000,0.000000,0.000000,0.000000,0.012160,0.000000,0.910900,19.990925,0.023914,0.601968,20.000000
0.174000,1,"LINK_TORSO_YAW",0.102400,0.200000,0.071600,20.000000,0.000000,0.000000,20.000000,0.000000,0.000000,0.000000,0.000000,0.012160,0.000000,0.910900,19.990941,0.023947,0.601406,20.000000
0.174100,1,"LINK_TORSO_YAW",0.102400,0.200000,0.071700,20.000000,0.000000,0.000000,20.000000,0.000000,0.000000,0.000000,0.000000,0.012160,0.000000,0.910900,19.990958,0.023981,0.600840,20.000000
0.174200,1,"LINK_TORSO_YAW",0.102400,0.200000,0.071800,20.000000,0.000000,0.000000,20.000000,0.000000,0.000000,0.000000,0.000000,0.012160,0.000000,0.910900,19.990975,0.024014,0.600271,20.000000
0.174300,1,"LINK_TORSO_YAW",0.102400,0.200000,0.071900,20.000000,0.000000,0.000000,20.000000,0.000000,0.000000,0.000000,0.000000,0.012160,0.000000,0.910900,19.990992,0.024047,0.599702,20.000000
0.174400,1,"LINK_TORSO_YAW",0.102400,0.200000,0.072000,20.000000,0.000000,0.000000,20.000000,0.000000,0.000000,0.000000,0.000000,0.012160,0.000000,0.910900,19.991009,0.024080,0.599133,20.000000
0.174500,1,"LINK_TORSO_YAW",0.102400,0.200000,0.072100,20.000000,0.000000,0.000000,20.000000,0.000000,0.000000,0.000000,0.000000,0.012160,0.000000,0.910900,19.991026,0.024114,0.598564,20.000000
0.174600,1,"LINK_TORSO_YAW",0.102400,0.200000,0.072200,20.000000,0.000000,0.000000,20.000000,0.000000,0.000000,0.000000,0.000000,0.012160,0.000000,0.910900,19.991043,0.024147,0.597994,20.000000
0.174700,1,"LINK_TORSO_YAW",0.102400,0.200000,0.072300,20.000000,0.000000,0.000000,20.000000,0.000000,0.000000,0.000000,0.000000,0.012160,0.000000,0.910900,19.991061,0.024180,0.597423,20.000000
0.174800,1,"LINK_TORSO_YAW",0.102400,0.200000,0.072400,20.000000,0.000000,0.000000,20.000000,0.000000,0.000000,0.000000,0.000000,0.012160,0.000000,0.910900,19.991078,0.024213,0.596850,20.000000
0.174900,1,"LINK_TORSO_YAW",0.102400,0.200000,0.072500,20.000000,0.000000,0.000000,20.000000,0.000000,0.000000,0.000000,0.000000,0.012160,0.000000,0.910900,19.991095,0.024245,0.596274,20.000000
0.175000,1,"LINK_TORSO_YAW",0.102400,0.200000,0.072600,20.000000,0.000000,0.000000,20.000000,0.000000,0.000000,0.000000,0.000000,0.012160,0.000000,0.910900,19.991112,0.024278,0.595696,20.000000
0.175100,1,"LINK_TORSO_YAW",0.102400,0.200000,0.072700,20.000000,0.000000,0.000000,20.000000,0.000000,0.000000,0.000000,0.000000,0.012160,0.000000,0.910900,19.991129,0.024311,0.595114,20.000000
0.175200,1,"LINK_TORSO_YAW",0.102400,0.200000,0.072800,20.000000,0.000000,0.000000,20.000000,0.000000,0.000000,0.000000,0.000000,0.012160,0.000000,0.910900,19.991147,0.024343,0.594527,20.000000
0.175300,1,"LINK_TORSO_YAW",0.102400,0.200000,0.072900,20.000000,0.000000,0.000000,20.000000,0.000000,0.000000,0.000000,0.000000,0.012160,0.000000,0.910900,19.991164,0.024376,0.593937,20.000000
0.175400,1,"LINK_TORSO_YAW",0.102400,0.200000,0.073000,20.000000,0.000000,0.000000,20.000000,0.000000,0.000000,0.000000,0.000000,0.012160,0.000000,0.910900,19.991182,0.024408,0.593341,20.000000
0.175500,1,"LINK_TORSO_YAW",0.102400,0.200000,0.073100,20.000000,0.000000,0.000000,20.000000,0.000000,0.000000,0.000000,0.000000,0.012160,0.000000,0.910900,19.991199,0.024440,0.592746,20.000000
0.175600,1,"LINK_TORSO_YAW",0.102400,0.200000,0.073200,20.000000,0.000000,0.000000,20.000000,0.000000,0.000000,0.000000,0.000000,0.012160,0.000000,0.910900,19.991217,0.024472,0.592152,20.000000
0.175700,1,"LINK_TORSO_YAW",0.102400,0.200000,0.073300,20.000000,0.000000,0.000000,20.000000,0.000000,0.000000,0.000000,0.000000,0.012160,0.000000,0.910900,19.991235,0.024505,0.591557,20.000000
0.175800,1,"LINK_TORSO_YAW",0.102400,0.200000,0.073400,20.000000,0.000000,0.000000,20.000000,0.000000,0.000000,0.000000,0.000000,0.012160,0.000000,0.910900,19.991252,0.024537,0.590961,20.000000
0.175900,1,"LINK_TORSO_YAW",0.102400,0.200000,0.073500,20.000000,0.000000,0.000000,20.000000,0.000000,0.000000,0.000000,0.000000,0.012160,0.000000,0.910900,19.991270,0.024569,0.590364,20.000000
0.176000,1,"LINK_TORSO_YAW",0.102400,0.200000,0.073600,20.000000,0.000000,0.000000,20.000000,0.000000,0.000000,0.000000,0.000000,0.012160,0.000000,0.910900,19.991287,0.024601,0.589765,20.000000
0.176100,1,"LINK_TORSO_YAW",0.102400,0.200000,0.073700,20.000000,0.000000,0.000000,20.000000,0.000000,0.000000,0.000000,0.000000,0.012160,0.000000,0.910900,19.991305,0.024633,0.589163,20.000000
0.176200,1,"LINK_TORSO_YAW",0.102400,0.200000,0.073800,20.000000,0.000000,0.000000,20.000000,0.000000,0.000000,0.000000,0.000000,0.012160,0.000000,0.910900,19.991323,0.024664,0.588559,20.000000
0.176300,1,"LINK_TORSO_YAW",0.102400,0.200000,0.073900,20.000000,0.000000,0.000000,20.000000,0.000000,0.000000,0.000000,0.000000,0.012160,0.000000,0.910900,19.991341,0.024696,0.587951,20.000000
0.176400,1,"LINK_TORSO_YAW",0.102400,0.200000,0.074000,20.000000,0.000000,0.000000,20.000000,0.000000,0.000000,0.000000,0.000000,0.012160,0.000000,0.910900,19.991359,0.024728,0.587338,20.000000
0.176500,1,"LINK_TORSO_YAW",0.102400,0.200000,0.074100,20.000000,0.000000,0.000000,20.000000,0.000000,0.000000,0.000000,0.000000,0.012160,0.000000,0.910900,19.991377,0.024759,0.586722,20.000000
0.176600,1,"LINK_TORSO_YAW",0.102400,0.200000,0.074200,20.000000,0.000000,0.000000,20.000000,0.000000,0.000000,0.000000,0.000000,0.012160,0.000000,0.910900,19.991395,0.024791,0.586106,20.000000
0.176700,1,"LINK_TORSO_YAW",0.102400,0.200000,0.074300,20.000000,0.000000,0.000000,20.000000,0.000000,0.000000,0.000000,0.000000,0.012160,0.000000,0.910900,19.991413,0.024822,0.585491,20.000000
0.176800,1,"LINK_TORSO_YAW",0.102400,0.200000,0.074400,20.000000,0.000000,0.000000,20.000000,0.000000,0.000000,0.000000,0.000000,0.012160,0.000000,0.910900,19.991431,0.024853,0.584875,20.000000
0.176900,1,"LINK_TORSO_YAW",0.102400,0.200000,0.074500,20.000000,0.000000,0.000000,20.000000,0.000000,0.000000,0.000000,0.000000,0.012160,0.000000,0.910900,19.991449,0.024885,0.584258,20.000000
0.177000,1,"LINK_TORSO_YAW",0.102400,0.200000,0.074600,20.000000,0.000000,0.000000,20.000000,0.000000,0.000000,0.000000,0.000000,0.012160,0.000000,0.910900,19.991467,0.024916,0.583640,20.000000
0.177100,1,"LINK_TORSO_YAW",0.102400,0.200000,0.074700,20.000000,0.000000,0.000000,20.000000,0.000000,0.000000,0.000000,0.000000,0.012160,0.000000,0.910900,19.991485,0.024947,0.583020,20.000000
0.177200,1,"LINK_TORSO_YAW",0.102400,0.200000,0.074800,20.000000,0.000000,0.000000,20.000000,0.000000,0.000000,0.000000,0.000000,0.012160,0.000000,0.910900,19.991503,0.024978,0.582397,20.000000
0.177300,1,"LINK_TORSO_YAW",0.102400,0.200000,0.074900,20.000000,0.000000,0.000000,20.000000,0.000000,0.000000,0.000000,0.000000,0.012160,0.000000,0.910900,19.991521,0.025009,0.581772,20.000000
0.177400,1,"LINK_TORSO_YAW",0.102400,0.200000,0.075000,20.000000,0.000000,0.000000,20.000000,0.000000,0.000000,0.000000,0.000000,0.012160,0.000000,0.910900,19.991539,0.025040,0.581143,20.000000
0.177500,1,"LINK_TORSO_YAW",0.102400,0.200000,0.075100,20.000000,0.000000,0.000000,20.000000,0.000000,0.000000,0.000000,0.000000,0.012160,0.000000,0.910900,19.991558,0.025070,0.580510,20.000000
0.177600,1,"LINK_TORSO_YAW",0.102400,0.200000,0.075200,20.000000,0.000000,0.000000,20.000000,0.000000,0.000000,0.000000,0.000000,0.012160,0.000000,0.910900,19.991576,0.025101,0.579873,20.000000
0.177700,1,"LINK_TORSO_YAW",0.102400,0.200000,0.075300,20.000000,0.000000,0.000000,20.000000,0.000000,0.000000,0.000000,0.000000,0.012160,0.000000,0.910900,19.991595,0.025132,0.579236,20.000000
0.177800,1,"LINK_TORSO_YAW",0.102400,0.200000,0.075400,20.000000,0.000000,0.000000,20.000000,0.000000,0.000000,0.000000,0.000000,0.012160,0.000000,0.910900,19.991613,0.025162,0.578600,20.000000
0.177900,1,"LINK_TORSO_YAW",0.102400,0.200000,0.075500,20.000000,0.000000,0.000000,20.000000,0.000000,0.000000,0.000000,0.000000,0.012160,0.000000,0.910900,19.991631,0.025193,0.577963,20.000000
0.178000,1,"LINK_TORSO_YAW",0.102400,0.200000,0.075600,20.000000,0.000000,0.000000,20.000000,0.000000,0.000000,0.000000,0.000000,0.012160,0.000000,0.910900,19.991650,0.025223,0.577326,20.000000
0.178100,1,"LINK_TORSO_YAW",0.102400,0.200000,0.075700,20.000000,0.000000,0.000000,20.000000,0.000000,0.000000,0.000000,0.000000,0.012160,0.000000,0.910900,19.991668,0.025253,0.576687,20.000000
0.178200,1,"LINK_TORSO_YAW",0.102400,0.200000,0.075800,20.000000,0.000000,0.000000,20.000000,0.000000,0.000000,0.000000,0.000000,0.012160,0.000000,0.910900,19.991687,0.025283,0.576046,20.000000
0.178300,1,"LINK_TORSO_YAW",0.102400,0.200000,0.075900,20.000000,0.000000,0.000000,20.000000,0.000000,0.000000,0.000000,0.000000,0.012160,0.000000,0.910900,19.991705,0.025314,0.575403,20.000000
0.178400,1,"LINK_TORSO_YAW",0.102400,0.200000,0.076000,20.000000,0.000000,0.000000,20.000000,0.000000,0.000000,0.000000,0.000000,0.012160,0.000000,0.910900,19.991724,0.025344,0.574756,20.000000
0.178500,1,"LINK_TORSO_YAW",0.102400,0.200000,0.076100,20.000000,0.000000,0.000000,20.000000,0.000000,0.000000,0.000000,0.000000,0.012160,0.000000,0.910900,19.991742,0.025373,0.574107,20.000000
0.178600,1,"LINK_TORSO_YAW",0.102400,0.200000,0.076200,20.000000,0.000000,0.000000,20.000000,0.000000,0.000000,0.000000,0.000000,0.012160,0.000000,0.910900,19.991761,0.025403,0.573453,20.000000
0.178700,1,"LINK_TORSO_YAW",0.102400,0.200000,0.076300,20.000000,0.000000,0.000000,20.000000,0.000000,0.000000,0.000000,0.000000,0.012160,0.000000,0.910900,19.991780,0.025433,0.572795,20.000000
0.178800,1,"LINK_TORSO_YAW",0.102400,0.200000,0.076400,20.000000,0.000000,0.000000,20.000000,0.000000,0.000000,0.000000,0.000000,0.012160,0.000000,0.910900,19.991799,0.025463,0.572138,20.000000
0.178900,1,"LINK_TORSO_YAW",0.102400,0.200000,0.076500,20.000000,0.000000,0.000000,20.000000,0.000000,0.000000,0.000000,0.000000,0.012160,0.000000,0.910900,19.991817,0.025492,0.571481,20.000000
0.179000,1,"LINK_TORSO_YAW",0.102400,0.200000,0.076600,20.000000,0.000000,0.000000,20.000000,0.000000,0.000000,0.000000,0.000000,0.012160,0.000000,0.910900,19.991836,0.025522,0.570823,20.000000
0.179100,1,"LINK_TORSO_YAW",0.102400,0.200000,0.076700,20.000000,0.000000,0.000000,20.000000,0.000000,0.000000,0.000000,0.000000,0.012160,0.000000,0.910900,19.991855,0.025552,0.570165,20.000000
0.179200,1,"LINK_TORSO_YAW",0.102400,0.200000,0.076800,20.000000,0.000000,0.000000,20.000000,0.000000,0.000000,0.000000,0.000000,0.012160,0.000000,0.910900,19.991874,0.025581,0.569505,20.000000
0.179300,1,"LINK_TORSO_YAW",0.102400,0.200000,0.076900,20.000000,0.000000,0.000000,20.000000,0.000000,0.000000,0.000000,0.000000,0.012160,0.000000,0.910900,19.991892,0.025610,0.568844,20.000000
0.179400,1,"LINK_TORSO_YAW",0.102400,0.200000,0.077000,20.000000,0.000000,0.000000,20.000000,0.000000,0.000000,0.000000,0.000000,0.012160,0.000000,0.910900,19.991911,0.025640,0.568180,20.000000
0.179500,1,"LINK_TORSO_YAW",0.102400,0.200000,0.077100,20.000000,0.000000,0.000000,20.000000,0.000000,0.000000,0.000000,0.000000,0.012160,0.000000,0.910900,19.991930,0.025669,0.567513,20.000000
0.179600,1,"LINK_TORSO_YAW",0.102400,0.200000,0.077200,20.000000,0.000000,0.000000,20.000000,0.000000,0.000000,0.000000,0.000000,0.012160,0.000000,0.910900,19.991949,0.025698,0.566843,20.000000
0.179700,1,"LINK_TORSO_YAW",0.102400,0.200000,0.077300,20.000000,0.000000,0.000000,20.000000,0.000000,0.000000,0.000000,0.000000,0.012160,0.000000,0.910900,19.991968,0.025727,0.566168,20.000000
0.179800,1,"LINK_TORSO_YAW",0.102400,0.200000,0.077400,20.000000,0.000000,0.000000,20.000000,0.000000,0.000000,0.000000,0.000000,0.012160,0.000000,0.910900,19.991987,0.025756,0.565490,20.000000
0.179900,1,"LINK_TORSO_YAW",0.102400,0.200000,0.077500,20.000000,0.000000,0.000000,20.000000,0.000000,0.000000,0.000000,0.000000,0.012160,0.000000,0.910900,19.992006,0.025784,0.564812,20.000000
0.180000,1,"LINK_TORSO_YAW",0.102400,0.200000,0.077600,20.000000,0.000000,0.000000,20.000000,0.000000,0.000000,0.000000,0.000000,0.012160,0.000000,0.910900,19.992026,0.025813,0.564135,20.000000
0.180100,1,"LINK_TORSO_YAW",0.102400,0.200000,0.077700,20.000000,0.000000,0.000000,20.000000,0.000000,0.000000,0.000000,0.000000,0.012160,0.000000,0.910900,19.992045,0.025842,0.563457,20.000000
0.180200,1,"LINK_TORSO_YAW",0.102400,0.200000,0.077800,20.000000,0.000000,0.000000,20.000000,0.000000,0.000000,0.000000,0.000000,0.012160,0.000000,0.910900,19.992064,0.025871,0.562778,20.000000
0.180300,1,"LINK_TORSO_YAW",0.102400,0.200000,0.077900,20.000000,0.000000,0.000000,20.000000,0.000000,0.000000,0.000000,0.000000,0.012160,0.000000,0.910900,19.992083,0.025899,0.562098,20.000000
0.180400,1,"LINK_TORSO_YAW",0.102400,0.200000,0.078000,20.000000,0.000000,0.000000,20.000000,0.000000,0.000000,0.000000,0.000000,0.012160,0.000000,0.910900,19.992102,0.025928,0.561416,20.000000
0.180500,1,"LINK_TORSO_YAW",0.102400,0.200000,0.078100,20.000000,0.000000,0.000000,20.000000,0.000000,0.000000,0.000000,0.000000,0.012160,0.000000,0.910900,19.992121,0.025956,0.560731,20.000000
0.180600,1,"LINK_TORSO_YAW",0.102400,0.200000,0.078200,20.000000,0.000000,0.000000,20.000000,0.000000,0.000000,0.000000,0.000000,0.012160,0.000000,0.910900,19.992140,0.025984,0.560044,20.000000
0.180700,1,"LINK_TORSO_YAW",0.102400,0.200000,0.078300,20.000000,0.000000,0.000000,20.000000,0.000000,0.000000,0.000000,0.000000,0.012160,0.000000,0.910900,19.992160,0.026012,0.559353,20.000000
0.180800,1,"LINK_TORSO_YAW",0.102400,0.200000,0.078400,20.000000,0.000000,0.000000,20.000000,0.000000,0.000000,0.000000,0.000000,0.012160,0.000000,0.910900,19.992179,0.026041,0.558658,20.000000
0.180900,1,"LINK_TORSO_YAW",0.102400,0.200000,0.078500,20.000000,0.000000,0.000000,20.000000,0.000000,0.000000,0.000000,0.000000,0.012160,0.000000,0.910900,19.992199,0.026069,0.557959,20.000000
0.181000,1,"LINK_TORSO_YAW",0.102400,0.200000,0.078600,20.000000,0.000000,0.000000,20.000000,0.000000,0.000000,0.000000,0.000000,0.012160,0.000000,0.910900,19.992218,0.026097,0.557261,20.000000
0.181100,1,"LINK_TORSO_YAW",0.102400,0.200000,0.078700,20.000000,0.000000,0.000000,20.000000,0.000000,0.000000,0.000000,0.000000,0.012160,0.000000,0.910900,19.992237,0.026125,0.556563,20.000000
0.181200,1,"LINK_TORSO_YAW",0.102400,0.200000,0.078800,20.000000,0.000000,0.000000,20.000000,0.000000,0.000000,0.000000,0.000000,0.012160,0.000000,0.910900,19.992257,0.026152,0.555865,20.000000
0.181300,1,"LINK_TORSO_YAW",0.102400,0.200000,0.078900,20.000000,0.000000,0.000000,20.000000,0.000000,0.000000,0.000000,0.000000,0.012160,0.000000,0.910900,19.992276,0.026180,0.555166,20.000000
0.181400,1,"LINK_TORSO_YAW",0.102400,0.200000,0.079000,20.000000,0.000000,0.000000,20.000000,0.000000,0.000000,0.000000,0.000000,0.012160,0.000000,0.910900,19.992296,0.026208,0.554465,20.000000
0.181500,1,"LINK_TORSO_YAW",0.102400,0.200000,0.079100,20.000000,0.000000,0.000000,20.000000,0.000000,0.000000,0.000000,0.000000,0.012160,0.000000,0.910900,19.992315,0.026236,0.553763,20.000000
0.181600,1,"LINK_TORSO_YAW",0.102400,0.200000,0.079200,20.000000,0.000000,0.000000,20.000000,0.000000,0.000000,0.000000,0.000000,0.012160,0.000000,0.910900,19.992334,0.026263,0.553058,20.000000
0.181700,1,"LINK_TORSO_YAW",0.102400,0.200000,0.079300,20.000000,0.000000,0.000000,20.000000,0.000000,0.000000,0.000000,0.000000,0.012160,0.000000,0.910900,19.992354,0.026290,0.552351,20.000000
0.181800,1,"LINK_TORSO_YAW",0.102400,0.200000,0.079400,20.000000,0.000000,0.000000,20.000000,0.000000,0.000000,0.000000,0.000000,0.012160,0.000000,0.910900,19.992374,0.026318,0.551639,20.000000
0.181900,1,"LINK_TORSO_YAW",0.102400,0.200000,0.079500,20.000000,0.000000,0.000000,20.000000,0.000000,0.000000,0.000000,0.000000,0.012160,0.000000,0.910900,19.992393,0.026345,0.550924,20.000000
0.182000,1,"LINK_TORSO_YAW",0.102400,0.200000,0.079600,20.000000,0.000000,0.000000,20.000000,0.000000,0.000000,0.000000,0.000000,0.012160,0.000000,0.910900,19.992413,0.026372,0.550205,20.000000
0.182100,1,"LINK_TORSO_YAW",0.102400,0.200000,0.079700,20.000000,0.000000,0.000000,20.000000,0.000000,0.000000,0.000000,0.000000,0.012160,0.000000,0.910900,19.992433,0.026399,0.549487,20.000000
0.182200,1,"LINK_TORSO_YAW",0.102400,0.200000,0.079800,20.000000,0.000000,0.000000,20.000000,0.000000,0.000000,0.000000,0.000000,0.012160,0.000000,0.910900,19.992452,0.026427,0.548768,20.000000
0.182300,1,"LINK_TORSO_YAW",0.102400,0.200000,0.079900,20.000000,0.000000,0.000000,20.000000,0.000000,0.000000,0.000000,0.000000,0.012160,0.000000,0.910900,19.992472,0.026454,0.548050,20.000000
0.182400,1,"LINK_TORSO_YAW",0.102400,0.200000,0.080000,20.000000,0.000000,0.000000,20.000000,0.000000,0.000000,0.000000,0.000000,0.012160,0.000000,0.910900,19.992492,0.026481,0.547330,20.000000
0.182500,1,"LINK_TORSO_YAW",0.102400,0.200000,0.080100,20.000000,0.000000,0.000000,20.000000,0.000000,0.000000,0.000000,0.000000,0.012160,0.000000,0.910900,19.992511,0.026507,0.546610,20.000000
0.182600,1,"LINK_TORSO_YAW",0.102400,0.200000,0.080200,20.000000,0.000000,0.000000,20.000000,0.000000,0.000000,0.000000,0.000000,0.012160,0.000000,0.910900,19.992531,0.026534,0.545887,20.000000
0.182700,1,"LINK_TORSO_YAW",0.102400,0.200000,0.080300,20.000000,0.000000,0.000000,20.000000,0.000000,0.000000,0.000000,0.000000,0.012160,0.000000,0.910900,19.992551,0.026561,0.545162,20.000000
0.182800,1,"LINK_TORSO_YAW",0.102400,0.200000,0.080400,20.000000,0.000000,0.000000,20.000000,0.000000,0.000000,0.000000,0.000000,0.012160,0.000000,0.910900,19.992571,0.026587,0.544434,20.000000
0.182900,1,"LINK_TORSO_YAW",0.102400,0.200000,0.080500,20.000000,0.000000,0.000000,20.000000,0.000000,0.000000,0.000000,0.000000,0.012160,0.000000,0.910900,19.992591,0.026614,0.543703,20.000000
0.183000,1,"LINK_TORSO_YAW",0.102400,0.200000,0.080600,20.000000,0.000000,0.000000,20.000000,0.000000,0.000000,0.000000,0.000000,0.012160,0.000000,0.910900,19.992611,0.026640,0.542968,20.000000
0.183100,1,"LINK_TORSO_YAW",0.102400,0.200000,0.080700,20.000000,0.000000,0.000000,20.000000,0.000000,0.000000,0.000000,0.000000,0.012160,0.000000,0.910900,19.992631,0.026667,0.542228,20.000000
0.183200,1,"LINK_TORSO_YAW",0.102400,0.200000,0.080800,20.000000,0.000000,0.000000,20.000000,0.000000,0.000000,0.000000,0.000000,0.012160,0.000000,0.910900,19.992651,0.026693,0.541490,20.000000
0.183300,1,"LINK_TORSO_YAW",0.102400,0.200000,0.080900,20.000000,0.000000,0.000000,20.000000,0.000000,0.000000,0.000000,0.000000,0.012160,0.000000,0.910900,19.992671,0.026719,0.540751,20.000000
0.183400,1,"LINK_TORSO_YAW",0.102400,0.200000,0.081000,20.000000,0.000000,0.000000,20.000000,0.000000,0.000000,0.000000,0.000000,0.012160,0.000000,0.910900,19.992690,0.026746,0.540013,20.000000
0.183500,1,"LINK_TORSO_YAW",0.102400,0.200000,0.081100,20.000000,0.000000,0.000000,20.000000,0.000000,0.000000,0.000000,0.000000,0.012160,0.000000,0.910900,19.992710,0.026772,0.539273,20.000000
0.183600,1,"LINK_TORSO_YAW",0.102400,0.200000,0.081200,20.000000,0.000000,0.000000,20.000000,0.000000,0.000000,0.000000,0.000000,0.012160,0.000000,0.910900,19.992730,0.026798,0.538533,20.000000
0.183700,1,"LINK_TORSO_YAW",0.102400,0.200000,0.081300,20.000000,0.000000,0.000000,20.000000,0.000000,0.000000,0.000000,0.000000,0.012160,0.000000,0.910900,19.992750,0.026824,0.537790,20.000000
0.183800,1,"LINK_TORSO_YAW",0.102400,0.200000,0.081400,20.000000,0.000000,0.000000,20.000000,0.000000,0.000000,0.000000,0.000000,0.012160,0.000000,0.910900,19.992770,0.026850,0.537045,20.000000
0.183900,1,"LINK_TORSO_YAW",0.102400,0.200000,0.081500,20.000000,0.000000,0.000000,20.000000,0.000000,0.000000,0.000000,0.000000,0.012160,0.000000,0.910900,19.992790,0.026875,0.536297,20.000000
0.184000,1,"LINK_TORSO_YAW",0.102400,0.200000,0.081600,20.000000,0.000000,0.000000,20.000000,0.000000,0.000000,0.000000,0.000000,0.012160,0.000000,0.910900,19.992810,0.026901,0.535546,20.000000
0.184100,1,"LINK_TORSO_YAW",0.102400,0.200000,0.081700,20.000000,0.000000,0.000000,20.000000,0.000000,0.000000,0.000000,0.000000,0.012160,0.000000,0.910900,19.992831,0.026927,0.534790,20.000000
0.184200,1,"LINK_TORSO_YAW",0.102400,0.200000,0.081800,20.000000,0.000000,0.000000,20.000000,0.000000,0.000000,0.000000,0.000000,0.012160,0.000000,0.910900,19.992851,0.026952,0.534031,20.000000
0.184300,1,"LINK_TORSO_YAW",0.102400,0.200000,0.081900,20.000000,0.000000,0.000000,20.000000,0.000000,0.000000,0.000000,0.000000,0.012160,0.000000,0.910900,19.992871,0.026978,0.533273,20.000000
0.184400,1,"LINK_TORSO_YAW",0.102400,0.200000,0.082000,20.000000,0.000000,0.000000,20.000000,0.000000,0.000000,0.000000,0.000000,0.012160,0.000000,0.910900,19.992891,0.027003,0.532514,20.000000
0.184500,1,"LINK_TORSO_YAW",0.102400,0.200000,0.082100,20.000000,0.000000,0.000000,20.000000,0.000000,0.000000,0.000000,0.000000,0.012160,0.000000,0.910900,19.992911,0.027029,0.531756,20.000000
0.184600,1,"LINK_TORSO_YAW",0.102400,0.200000,0.082200,20.000000,0.000000,0.000000,20.000000,0.000000,0.000000,0.000000,0.000000,0.012160,0.000000,0.910900,19.992932,0.027054,0.530996,20.000000
0.184700,1,"LINK_TORSO_YAW",0.102400,0.200000,0.082300,20.000000,0.000000,0.000000,20.000000,0.000000,0.000000,0.000000,0.000000,0.012160,0.000000,0.910900,19.992952,0.027079,0.530236,20.000000
0.184800,1,"LINK_TORSO_YAW",0.102400,0.200000,0.082400,20.000000,0.000000,0.000000,20.000000,0.000000,0.000000,0.000000,0.000000,0.012160,0.000000,0.910900,19.992972,0.027104,0.529473,20.000000
0.184900,1,"LINK_TORSO_YAW",0.102400,0.200000,0.082500,20.000000,0.000000,0.000000,20.000000,0.000000,0.000000,0.000000,0.000000,0.012160,0.000000,0.910900,19.992992,0.027130,0.528708,20.000000
0.185000,1,"LINK_TORSO_YAW",0.102400,0.200000,0.082600,20.000000,0.000000,0.000000,20.000000,0.000000,0.000000,0.000000,0.000000,0.012160,0.000000,0.910900,19.993012,0.027155,0.527940,20.000000
0.185100,1,"LINK_TORSO_YAW",0.102400,0.200000,0.082700,20.000000,0.000000,0.000000,20.000000,0.000000,0.000000,0.000000,0.000000,0.012160,0.000000,0.910900,19.993033,0.027179,0.527169,20.000000
0.185200,1,"LINK_TORSO_YAW",0.102400,0.200000,0.082800,20.000000,0.000000,0.000000,20.000000,0.000000,0.000000,0.000000,0.000000,0.012160,0.000000,0.910900,19.993053,0.027204,0.526394,20.000000
0.185300,1,"LINK_TORSO_YAW",0.102400,0.200000,0.082900,20.000000,0.000000,0.000000,20.000000,0.000000,0.000000,0.000000,0.000000,0.012160,0.000000,0.910900,19.993073,0.027229,0.525615,20.000000
0.185400,1,"LINK_TORSO_YAW",0.102400,0.200000,0.083000,20.000000,0.000000,0.000000,20.000000,0.000000,0.000000,0.000000,0.000000,0.012160,0.000000,0.910900,19.993094,0.027254,0.524837,20.000000
0.185500,1,"LINK_TORSO_YAW",0.102400,0.200000,0.083100,20.000000,0.000000,0.000000,20.000000,0.000000,0.000000,0.000000,0.000000,0.012160,0.000000,0.910900,19.993114,0.027279,0.524059,20.000000
0.185600,1,"LINK_TORSO_YAW",0.102400,0.200000,0.083200,20.000000,0.000000,0.000000,20.000000,0.000000,0.000000,0.000000,0.000000,0.012160,0.000000,0.910900,19.993135,0.027303,0.523280,20.000000
0.185700,1,"LINK_TORSO_YAW",0.102400,0.200000,0.083300,20.000000,0.000000,0.000000,20.000000,0.000000,0.000000,0.000000,0.000000,0.012160,0.000000,0.910900,19.993155,0.027328,0.522501,20.000000
0.185800,1,"LINK_TORSO_YAW",0.102400,0.200000,0.083400,20.000000,0.000000,0.000000,20.000000,0.000000,0.000000,0.000000,0.000000,0.012160,0.000000,0.910900,19.993175,0.027352,0.521721,20.000000
0.185900,1,"LINK_TORSO_YAW",0.102400,0.200000,0.083500,20.000000,0.000000,0.000000,20.000000,0.000000,0.000000,0.000000,0.000000,0.012160,0.000000,0.910900,19.993196,0.027377,0.520938,20.000000
0.186000,1,"LINK_TORSO_YAW",0.102400,0.200000,0.083600,20.000000,0.000000,0.000000,20.000000,0.000000,0.000000,0.000000,0.000000,0.012160,0.000000,0.910900,19.993216,0.027401,0.520154,20.000000
0.186100,1,"LINK_TORSO_YAW",0.102400,0.200000,0.083700,20.000000,0.000000,0.000000,20.000000,0.000000,0.000000,0.000000,0.000000,0.012160,0.000000,0.910900,19.993237,0.027425,0.519366,20.000000
0.186200,1,"LINK_TORSO_YAW",0.102400,0.200000,0.083800,20.000000,0.000000,0.000000,20.000000,0.000000,0.000000,0.000000,0.000000,0.012160,0.000000,0.910900,19.993257,0.027449,0.518575,20.000000
0.186300,1,"LINK_TORSO_YAW",0.102400,0.200000,0.083900,20.000000,0.000000,0.000000,20.000000,0.000000,0.000000,0.000000,0.000000,0.012160,0.000000,0.910900,19.993278,0.027473,0.517781,20.000000
0.186400,1,"LINK_TORSO_YAW",0.102400,0.200000,0.084000,20.000000,0.000000,0.000000,20.000000,0.000000,0.000000,0.000000,0.000000,0.012160,0.000000,0.910900,19.993298,0.027498,0.516982,20.000000
0.186500,1,"LINK_TORSO_YAW",0.102400,0.200000,0.084100,20.000000,0.000000,0.000000,20.000000,0.000000,0.000000,0.000000,0.000000,0.012160,0.000000,0.910900,19.993319,0.027522,0.516184,20.000000
0.186600,1,"LINK_TORSO_YAW",0.102400,0.200000,0.084200,20.000000,0.000000,0.000000,20.000000,0.000000,0.000000,0.000000,0.000000,0.012160,0.000000,0.910900,19.993339,0.027546,0.515386,20.000000
0.186700,1,"LINK_TORSO_YAW",0.102400,0.200000,0.084300,20.000000,0.000000,0.000000,20.000000,0.000000,0.000000,0.000000,0.000000,0.012160,0.000000,0.910900,19.993360,0.027569,0.514588,20.000000
0.186800,1,"LINK_TORSO_YAW",0.102400,0.200000,0.084400,20.000000,0.000000,0.000000,20.000000,0.000000,0.000000,0.000000,0.000000,0.012160,0.000000,0.910900,19.993380,0.027593,0.513790,20.000000
0.186900,1,"LINK_TORSO_YAW",0.102400,0.200000,0.084500,20.000000,0.000000,0.000000,20.000000,0.000000,0.000000,0.000000,0.000000,0.012160,0.000000,0.910900,19.993401,0.027617,0.512989,20.000000
0.187000,1,"LINK_TORSO_YAW",0.102400,0.200000,0.084600,20.000000,0.000000,0.000000,20.000000,0.000000,0.000000,0.000000,0.000000,0.012160,0.000000,0.910900,19.993421,0.027640,0.512188,20.000000
0.187100,1,"LINK_TORSO_YAW",0.102400,0.200000,0.084700,20.000000,0.000000,0.000000,20.000000,0.000000,0.000000,0.000000,0.000000,0.012160,0.000000,0.910900,19.993442,0.027664,0.511383,20.000000
0.187200,1,"LINK_TORSO_YAW",0.102400,0.200000,0.084800,20.000000,0.000000,0.000000,20.000000,0.000000,0.000000,0.000000,0.000000,0.012160,0.000000,0.910900,19.993463,0.027688,0.510576,20.000000
0.187300,1,"LINK_TORSO_YAW",0.102400,0.200000,0.084900,20.000000,0.000000,0.000000,20.000000,0.000000,0.000000,0.000000,0.000000,0.012160,0.000000,0.910900,19.993483,0.027711,0.509766,20.000000
0.187400,1,"LINK_TORSO_YAW",0.102400,0.200000,0.085000,20.000000,0.000000,0.000000,20.000000,0.000000,0.000000,0.000000,0.000000,0.012160,0.000000,0.910900,19.993504,0.027734,0.508951,20.000000
0.187500,1,"LINK_TORSO_YAW",0.102400,0.200000,0.085100,20.000000,0.000000,0.000000,20.000000,0.000000,0.000000,0.000000,0.000000,0.012160,0.000000,0.910900,19.993525,0.027758,0.508133,20.000000
0.187600,1,"LINK_TORSO_YAW",0.102400,0.200000,0.085200,20.000000,0.000000,0.000000,20.000000,0.000000,0.000000,0.000000,0.000000,0.012160,0.000000,0.910900,19.993546,0.027781,0.507311,20.000000
0.187700,1,"LINK_TORSO_YAW",0.102400,0.200000,0.085300,20.000000,0.000000,0.000000,20.000000,0.000000,0.000000,0.000000,0.000000,0.012160,0.000000,0.910900,19.993566,0.027804,0.506489,20.000000
0.187800,1,"LINK_TORSO_YAW",0.102400,0.200000,0.085400,20.000000,0.000000,0.000000,20.000000,0.000000,0.000000,0.000000,0.000000,0.012160,0.000000,0.910900,19.993587,0.027828,0.505667,20.000000
0.187900,1,"LINK_TORSO_YAW",0.102400,0.200000,0.085500,20.000000,0.000000,0.000000,20.000000,0.000000,0.000000,0.000000,0.000000,0.012160,0.000000,0.910900,19.993608,0.027851,0.504845,20.000000
0.188000,1,"LINK_TORSO_YAW",0.102400,0.200000,0.085600,20.000000,0.000000,0.000000,20.000000,0.000000,0.000000,0.000000,0.000000,0.012160,0.000000,0.910900,19.993629,0.027874,0.504023,20.000000
0.188100,1,"LINK_TORSO_YAW",0.102400,0.200000,0.085700,20.000000,0.000000,0.000000,20.000000,0.000000,0.000000,0.000000,0.000000,0.012160,0.000000,0.910900,19.993649,0.027897,0.503199,20.000000
0.188200,1,"LINK_TORSO_YAW",0.102400,0.200000,0.085800,20.000000,0.000000,0.000000,20.000000,0.000000,0.000000,0.000000,0.000000,0.012160,0.000000,0.910900,19.993670,0.027920,0.502373,20.000000
0.188300,1,"LINK_TORSO_YAW",0.102400,0.200000,0.085900,20.000000,0.000000,0.000000,20.000000,0.000000,0.000000,0.000000,0.000000,0.012160,0.000000,0.910900,19.993691,0.027942,0.501545,20.000000
0.188400,1,"LINK_TORSO_YAW",0.102400,0.200000,0.086000,20.000000,0.000000,0.000000,20.000000,0.000000,0.000000,0.000000,0.000000,0.012160,0.000000,0.910900,19.993712,0.027965,0.500714,20.000000
0.188500,1,"LINK_TORSO_YAW",0.102400,0.200000,0.086100,20.000000,0.000000,0.000000,20.000000,0.000000,0.000000,0.000000,0.000000,0.012160,0.000000,0.910900,19.993732,0.027988,0.499879,20.000000
0.188600,1,"LINK_TORSO_YAW",0.102400,0.200000,0.086200,20.000000,0.000000,0.000000,20.000000,0.000000,0.000000,0.000000,0.000000,0.012160,0.000000,0.910900,19.993753,0.028011,0.499041,20.000000
0.188700,1,"LINK_TORSO_YAW",0.102400,0.200000,0.086300,20.000000,0.000000,0.000000,20.000000,0.000000,0.000000,0.000000,0.000000,0.012160,0.000000,0.910900,19.993774,0.028033,0.498199,20.000000
0.188800,1,"LINK_TORSO_YAW",0.102400,0.200000,0.086400,20.000000,0.000000,0.000000,20.000000,0.000000,0.000000,0.000000,0.000000,0.012160,0.000000,0.910900,19.993795,0.028056,0.497358,20.000000
0.188900,1,"LINK_TORSO_YAW",0.102400,0.200000,0.086500,20.000000,0.000000,0.000000,20.000000,0.000000,0.000000,0.000000,0.000000,0.012160,0.000000,0.910900,19.993816,0.028079,0.496518,20.000000
0.189000,1,"LINK_TORSO_YAW",0.102400,0.200000,0.086600,20.000000,0.000000,0.000000,20.000000,0.000000,0.000000,0.000000,0.000000,0.012160,0.000000,0.910900,19.993837,0.028101,0.495676,20.000000
0.189100,1,"LINK_TORSO_YAW",0.102400,0.200000,0.086700,20.000000,0.000000,0.000000,20.000000,0.000000,0.000000,0.000000,0.000000,0.012160,0.000000,0.910900,19.993858,0.028123,0.494834,20.000000
0.189200,1,"LINK_TORSO_YAW",0.102400,0.200000,0.086800,20.000000,0.000000,0.000000,20.000000,0.000000,0.000000,0.000000,0.000000,0.012160,0.000000,0.910900,19.993879,0.028146,0.493991,20.000000
0.189300,1,"LINK_TORSO_YAW",0.102400,0.200000,0.086900,20.000000,0.000000,0.000000,20.000000,0.000000,0.000000,0.000000,0.000000,0.012160,0.000000,0.910900,19.993899,0.028168,0.493146,20.000000
0.189400,1,"LINK_TORSO_YAW",0.102400,0.200000,0.087000,20.000000,0.000000,0.000000,20.000000,0.000000,0.000000,0.000000,0.000000,0.012160,0.000000,0.910900,19.993920,0.028190,0.492299,20.000000
0.189500,1,"LINK_TORSO_YAW",0.102400,0.200000,0.087100,20.000000,0.000000,0.000000,20.000000,0.000000,0.000000,0.000000,0.000000,0.012160,0.000000,0.910900,19.993941,0.028212,0.491448,20.000000
0.189600,1,"LINK_TORSO_YAW",0.102400,0.200000,0.087200,20.000000,0.000000,0.000000,20.000000,0.000000,0.000000,0.000000,0.000000,0.012160,0.000000,0.910900,19.993962,0.028234,0.490595,20.000000
0.189700,1,"LINK_TORSO_YAW",0.102400,0.200000,0.087300,20.000000,0.000000,0.000000,20.000000,0.000000,0.000000,0.000000,0.000000,0.012160,0.000000,0.910900,19.993983,0.028256,0.489738,20.000000
0.189800,1,"LINK_TORSO_YAW",0.102400,0.200000,0.087400,20.000000,0.000000,0.000000,20.000000,0.000000,0.000000,0.000000,0.000000,0.012160,0.000000,0.910900,19.994004,0.028278,0.488877,20.000000
0.189900,1,"LINK_TORSO_YAW",0.102400,0.200000,0.087500,20.000000,0.000000,0.000000,20.000000,0.000000,0.000000,0.000000,0.000000,0.012160,0.000000,0.910900,19.994025,0.028300,0.488017,20.000000
0.190000,1,"LINK_TORSO_YAW",0.102400,0.200000,0.087600,20.000000,0.000000,0.000000,20.000000,0.000000,0.000000,0.000000,0.000000,0.012160,0.000000,0.910900,19.994046,0.028322,0.487157,20.000000
0.190100,1,"LINK_TORSO_YAW",0.102400,0.200000,0.087700,20.000000,0.000000,0.000000,20.000000,0.000000,0.000000,0.000000,0.000000,0.012160,0.000000,0.910900,19.994067,0.028344,0.486296,20.000000
0.190200,1,"LINK_TORSO_YAW",0.102400,0.200000,0.087800,20.000000,0.000000,0.000000,20.000000,0.000000,0.000000,0.000000,0.000000,0.012160,0.000000,0.910900,19.994088,0.028365,0.485435,20.000000
0.190300,1,"LINK_TORSO_YAW",0.102400,0.200000,0.087900,20.000000,0.000000,0.000000,20.000000,0.000000,0.000000,0.000000,0.000000,0.012160,0.000000,0.910900,19.994109,0.028387,0.484573,20.000000
0.190400,1,"LINK_TORSO_YAW",0.102400,0.200000,0.088000,20.000000,0.000000,0.000000,20.000000,0.000000,0.000000,0.000000,0.000000,0.012160,0.000000,0.910900,19.994130,0.028408,0.483709,20.000000
0.190500,1,"LINK_TORSO_YAW",0.102400,0.200000,0.088100,20.000000,0.000000,0.000000,20.000000,0.000000,0.000000,0.000000,0.000000,0.012160,0.000000,0.910900,19.994151,0.028430,0.482842,20.000000
0.190600,1,"LINK_TORSO_YAW",0.102400,0.200000,0.088200,20.000000,0.000000,0.000000,20.000000,0.000000,0.000000,0.000000,0.000000,0.012160,0.000000,0.910900,19.994171,0.028451,0.481973,20.000000
0.190700,1,"LINK_TORSO_YAW",0.102400,0.200000,0.088300,20.000000,0.000000,0.000000,20.000000,0.000000,0.000000,0.000000,0.000000,0.012160,0.000000,0.910900,19.994192,0.028473,0.481101,20.000000
0.190800,1,"LINK_TORSO_YAW",0.102400,0.200000,0.088400,20.000000,0.000000,0.000000,20.000000,0.000000,0.000000,0.000000,0.000000,0.012160,0.000000,0.910900,19.994213,0.028494,0.480225,20.000000
0.190900,1,"LINK_TORSO_YAW",0.102400,0.200000,0.088500,20.000000,0.000000,0.000000,20.000000,0.000000,0.000000,0.000000,0.000000,0.012160,0.000000,0.910900,19.994235,0.028515,0.479345,20.000000
0.191000,1,"LINK_TORSO_YAW",0.102400,0.200000,0.088600,20.000000,0.000000,0.000000,20.000000,0.000000,0.000000,0.000000,0.000000,0.012160,0.000000,0.910900,19.994256,0.028537,0.478465,20.000000
0.191100,1,"LINK_TORSO_YAW",0.102400,0.200000,0.088700,20.000000,0.000000,0.000000,20.000000,0.000000,0.000000,0.000000,0.000000,0.012160,0.000000,0.910900,19.994277,0.028558,0.477586,20.000000
0.191200,1,"LINK_TORSO_YAW",0.102400,0.200000,0.088800,20.000000,0.000000,0.000000,20.000000,0.000000,0.000000,0.000000,0.000000,0.012160,0.000000,0.910900,19.994298,0.028579,0.476707,20.000000
0.191300,1,"LINK_TORSO_YAW",0.102400,0.200000,0.088900,20.000000,0.000000,0.000000,20.000000,0.000000,0.000000,0.000000,0.000000,0.012160,0.000000,0.910900,19.994318,0.028600,0.475827,20.000000
0.191400,1,"LINK_TORSO_YAW",0.102400,0.200000,0.089000,20.000000,0.000000,0.000000,20.000000,0.000000,0.000000,0.000000,0.000000,0.012160,0.000000,0.910900,19.994339,0.028621,0.474946,20.000000
0.191500,1,"LINK_TORSO_YAW",0.102400,0.200000,0.089100,20.000000,0.000000,0.000000,20.000000,0.000000,0.000000,0.000000,0.000000,0.012160,0.000000,0.910900,19.994360,0.028642,0.474063,20.000000
0.191600,1,"LINK_TORSO_YAW",0.102400,0.200000,0.089200,20.000000,0.000000,0.000000,20.000000,0.000000,0.000000,0.000000,0.000000,0.012160,0.000000,0.910900,19.994381,0.028663,0.473177,20.000000
0.191700,1,"LINK_TORSO_YAW",0.102400,0.200000,0.089300,20.000000,0.000000,0.000000,20.000000,0.000000,0.000000,0.000000,0.000000,0.012160,0.000000,0.910900,19.994402,0.028684,0.472289,20.000000
0.191800,1,"LINK_TORSO_YAW",0.102400,0.200000,0.089400,20.000000,0.000000,0.000000,20.000000,0.000000,0.000000,0.000000,0.000000,0.012160,0.000000,0.910900,19.994423,0.028704,0.471398,20.000000
0.191900,1,"LINK_TORSO_YAW",0.102400,0.200000,0.089500,20.000000,0.000000,0.000000,20.000000,0.000000,0.000000,0.000000,0.000000,0.012160,0.000000,0.910900,19.994444,0.028725,0.470503,20.000000
0.192000,1,"LINK_TORSO_YAW",0.102400,0.200000,0.089600,20.000000,0.000000,0.000000,20.000000,0.000000,0.000000,0.000000,0.000000,0.012160,0.000000,0.910900,19.994465,0.028746,0.469604,20.000000
0.192100,1,"LINK_TORSO_YAW",0.102400,0.200000,0.089700,20.000000,0.000000,0.000000,20.000000,0.000000,0.000000,0.000000,0.000000,0.012160,0.000000,0.910900,19.994486,0.028767,0.468706,20.000000
0.192200,1,"LINK_TORSO_YAW",0.102400,0.200000,0.089800,20.000000,0.000000,0.000000,20.000000,0.000000,0.000000,0.000000,0.000000,0.012160,0.000000,0.910900,19.994507,0.028787,0.467808,20.000000
0.192300,1,"LINK_TORSO_YAW",0.102400,0.200000,0.089900,20.000000,0.000000,0.000000,20.000000,0.000000,0.000000,0.000000,0.000000,0.012160,0.000000,0.910900,19.994528,0.028808,0.466910,20.000000
0.192400,1,"LINK_TORSO_YAW",0.102400,0.200000,0.090000,20.000000,0.000000,0.000000,20.000000,0.000000,0.000000,0.000000,0.000000,0.012160,0.000000,0.910900,19.994549,0.028828,0.466011,20.000000
0.192500,1,"LINK_TORSO_YAW",0.102400,0.200000,0.090100,20.000000,0.000000,0.000000,20.000000,0.000000,0.000000,0.000000,0.000000,0.012160,0.000000,0.910900,19.994570,0.028849,0.465111,20.000000
0.192600,1,"LINK_TORSO_YAW",0.102400,0.200000,0.090200,20.000000,0.000000,0.000000,20.000000,0.000000,0.000000,0.000000,0.000000,0.012160,0.000000,0.910900,19.994591,0.028869,0.464209,20.000000
0.192700,1,"LINK_TORSO_YAW",0.102400,0.200000,0.090300,20.000000,0.000000,0.000000,20.000000,0.000000,0.000000,0.000000,0.000000,0.012160,0.000000,0.910900,19.994612,0.028889,0.463305,20.000000
0.192800,1,"LINK_TORSO_YAW",0.102400,0.200000,0.090400,20.000000,0.000000,0.000000,20.000000,0.000000,0.000000,0.000000,0.000000,0.012160,0.000000,0.910900,19.994633,0.028909,0.462398,20.000000
0.192900,1,"LINK_TORSO_YAW",0.102400,0.200000,0.090500,20.000000,0.000000,0.000000,20.000000,0.000000,0.000000,0.000000,0.000000,0.012160,0.000000,0.910900,19.994654,0.028930,0.461488,20.000000
0.193000,1,"LINK_TORSO_YAW",0.102400,0.200000,0.090600,20.000000,0.000000,0.000000,20.000000,0.000000,0.000000,0.000000,0.000000,0.012160,0.000000,0.910900,19.994675,0.028950,0.460575,20.000000
0.193100,1,"LINK_TORSO_YAW",0.102400,0.200000,0.090700,20.000000,0.000000,0.000000,20.000000,0.000000,0.000000,0.000000,0.000000,0.012160,0.000000,0.910900,19.994696,0.028970,0.459657,20.000000
0.193200,1,"LINK_TORSO_YAW",0.102400,0.200000,0.090800,20.000000,0.000000,0.000000,20.000000,0.000000,0.000000,0.000000,0.000000,0.012160,0.000000,0.910900,19.994717,0.028990,0.458740,20.000000
0.193300,1,"LINK_TORSO_YAW",0.102400,0.200000,0.090900,20.000000,0.000000,0.000000,20.000000,0.000000,0.000000,0.000000,0.000000,0.012160,0.000000,0.910900,19.994738,0.029010,0.457824,20.000000
0.193400,1,"LINK_TORSO_YAW",0.102400,0.200000,0.091000,20.000000,0.000000,0.000000,20.000000,0.000000,0.000000,0.000000,0.000000,0.012160,0.000000,0.910900,19.994759,0.029030,0.456907,20.000000
0.193500,1,"LINK_TORSO_YAW",0.102400,0.200000,0.091100,20.000000,0.000000,0.000000,20.000000,0.000000,0.000000,0.000000,0.000000,0.012160,0.000000,0.910900,19.994780,0.029050,0.455990,20.000000
0.193600,1,"LINK_TORSO_YAW",0.102400,0.200000,0.091200,20.000000,0.000000,0.000000,20.000000,0.000000,0.000000,0.000000,0.000000,0.012160,0.000000,0.910900,19.994801,0.029070,0.455071,20.000000
0.193700,1,"LINK_TORSO_YAW",0.102400,0.200000,0.091300,20.000000,0.000000,0.000000,20.000000,0.000000,0.000000,0.000000,0.000000,0.012160,0.000000,0.910900,19.994822,0.029090,0.454151,20.000000
0.193800,1,"LINK_TORSO_YAW",0.102400,0.200000,0.091400,20.000000,0.000000,0.000000,20.000000,0.000000,0.000000,0.000000,0.000000,0.012160,0.000000,0.910900,19.994843,0.029109,0.453228,20.000000
0.193900,1,"LINK_TORSO_YAW",0.102400,0.200000,0.091500,20.000000,0.000000,0.000000,20.000000,0.000000,0.000000,0.000000,0.000000,0.012160,0.000000,0.910900,19.994864,0.029129,0.452302,20.000000
0.194000,1,"LINK_TORSO_YAW",0.102400,0.200000,0.091600,20.000000,0.000000,0.000000,20.000000,0.000000,0.000000,0.000000,0.000000,0.012160,0.000000,0.910900,19.994885,0.029149,0.451374,20.000000
0.194100,1,"LINK_TORSO_YAW",0.102400,0.200000,0.091700,20.000000,0.000000,0.000000,20.000000,0.000000,0.000000,0.000000,0.000000,0.012160,0.000000,0.910900,19.994906,0.029168,0.450441,20.000000
0.194200,1,"LINK_TORSO_YAW",0.102400,0.200000,0.091800,20.000000,0.000000,0.000000,20.000000,0.000000,0.000000,0.000000,0.000000,0.012160,0.000000,0.910900,19.994927,0.029188,0.449505,20.000000
0.194300,1,"LINK_TORSO_YAW",0.102400,0.200000,0.091900,20.000000,0.000000,0.000000,20.000000,0.000000,0.000000,0.000000,0.000000,0.012160,0.000000,0.910900,19.994948,0.029208,0.448570,20.000000
0.194400,1,"LINK_TORSO_YAW",0.102400,0.200000,0.092000,20.000000,0.000000,0.000000,20.000000,0.000000,0.000000,0.000000,0.000000,0.012160,0.000000,0.910900,19.994969,0.029227,0.447635,20.000000
0.194500,1,"LINK_TORSO_YAW",0.102400,0.200000,0.092100,20.000000,0.000000,0.000000,20.000000,0.000000,0.000000,0.000000,0.000000,0.012160,0.000000,0.910900,19.994989,0.029246,0.446700,20.000000
0.194600,1,"LINK_TORSO_YAW",0.102400,0.200000,0.092200,20.000000,0.000000,0.000000,20.000000,0.000000,0.000000,0.000000,0.000000,0.012160,0.000000,0.910900,19.995010,0.029266,0.445764,20.000000
0.194700,1,"LINK_TORSO_YAW",0.102400,0.200000,0.092300,20.000000,0.000000,0.000000,20.000000,0.000000,0.000000,0.000000,0.000000,0.012160,0.000000,0.910900,19.995031,0.029285,0.444827,20.000000
0.194800,1,"LINK_TORSO_YAW",0.102400,0.200000,0.092400,20.000000,0.000000,0.000000,20.000000,0.000000,0.000000,0.000000,0.000000,0.012160,0.000000,0.910900,19.995052,0.029304,0.443888,20.000000
0.194900,1,"LINK_TORSO_YAW",0.102400,0.200000,0.092500,20.000000,0.000000,0.000000,20.000000,0.000000,0.000000,0.000000,0.000000,0.012160,0.000000,0.910900,19.995073,0.029323,0.442947,20.000000
0.195000,1,"LINK_TORSO_YAW",0.102400,0.200000,0.092600,20.000000,0.000000,0.000000,20.000000,0.000000,0.000000,0.000000,0.000000,0.012160,0.000000,0.910900,19.995094,0.029343,0.442003,20.000000
0.195100,1,"LINK_TORSO_YAW",0.102400,0.200000,0.092700,20.000000,0.000000,0.000000,20.000000,0.000000,0.000000,0.000000,0.000000,0.012160,0.000000,0.910900,19.995115,0.029362,0.441056,20.000000
0.195200,1,"LINK_TORSO_YAW",0.102400,0.200000,0.092800,20.000000,0.000000,0.000000,20.000000,0.000000,0.000000,0.000000,0.000000,0.012160,0.000000,0.910900,19.995136,0.029381,0.440105,20.000000
0.195300,1,"LINK_TORSO_YAW",0.102400,0.200000,0.092900,20.000000,0.000000,0.000000,20.000000,0.000000,0.000000,0.000000,0.000000,0.012160,0.000000,0.910900,19.995156,0.029400,0.439151,20.000000
0.195400,1,"LINK_TORSO_YAW",0.102400,0.200000,0.093000,20.000000,0.000000,0.000000,20.000000,0.000000,0.000000,0.000000,0.000000,0.012160,0.000000,0.910900,19.995177,0.029419,0.438197,20.000000
0.195500,1,"LINK_TORSO_YAW",0.102400,0.200000,0.093100,20.000000,0.000000,0.000000,20.000000,0.000000,0.000000,0.000000,0.000000,0.012160,0.000000,0.910900,19.995198,0.029438,0.437244,20.000000
0.195600,1,"LINK_TORSO_YAW",0.102400,0.200000,0.093200,20.000000,0.000000,0.000000,20.000000,0.000000,0.000000,0.000000,0.000000,0.012160,0.000000,0.910900,19.995219,0.029457,0.436290,20.000000
0.195700,1,"LINK_TORSO_YAW",0.102400,0.200000,0.093300,20.000000,0.000000,0.000000,20.000000,0.000000,0.000000,0.000000,0.000000,0.012160,0.000000,0.910900,19.995240,0.029476,0.435336,20.000000
0.195800,1,"LINK_TORSO_YAW",0.102400,0.200000,0.093400,20.000000,0.000000,0.000000,20.000000,0.000000,0.000000,0.000000,0.000000,0.012160,0.000000,0.910900,19.995261,0.029495,0.434380,20.000000
0.195900,1,"LINK_TORSO_YAW",0.102400,0.200000,0.093500,20.000000,0.000000,0.000000,20.000000,0.000000,0.000000,0.000000,0.000000,0.012160,0.000000,0.910900,19.995281,0.029513,0.433423,20.000000
0.196000,1,"LINK_TORSO_YAW",0.102400,0.200000,0.093600,20.000000,0.000000,0.000000,20.000000,0.000000,0.000000,0.000000,0.000000,0.012160,0.000000,0.910900,19.995302,0.029532,0.432463,20.000000
0.196100,1,"LINK_TORSO_YAW",0.102400,0.200000,0.093700,20.000000,0.000000,0.000000,20.000000,0.000000,0.000000,0.000000,0.000000,0.012160,0.000000,0.910900,19.995323,0.029551,0.431501,20.000000
0.196200,1,"LINK_TORSO_YAW",0.102400,0.200000,0.093800,20.000000,0.000000,0.000000,20.000000,0.000000,0.000000,0.000000,0.000000,0.012160,0.000000,0.910900,19.995344,0.029569,0.430536,20.000000
0.196300,1,"LINK_TORSO_YAW",0.102400,0.200000,0.093900,20.000000,0.000000,0.000000,20.000000,0.000000,0.000000,0.000000,0.000000,0.012160,0.000000,0.910900,19.995364,0.029588,0.429567,20.000000
0.196400,1,"LINK_TORSO_YAW",0.102400,0.200000,0.094000,20.000000,0.000000,0.000000,20.000000,0.000000,0.000000,0.000000,0.000000,0.012160,0.000000,0.910900,19.995385,0.029607,0.428594,20.000000
0.196500,1,"LINK_TORSO_YAW",0.102400,0.200000,0.094100,20.000000,0.000000,0.000000,20.000000,0.000000,0.000000,0.000000,0.000000,0.012160,0.000000,0.910900,19.995406,0.029625,0.427623,20.000000
0.196600,1,"LINK_TORSO_YAW",0.102400,0.200000,0.094200,20.000000,0.000000,0.000000,20.000000,0.000000,0.000000,0.000000,0.000000,0.012160,0.000000,0.910900,19.995427,0.029644,0.426651,20.000000
0.196700,1,"LINK_TORSO_YAW",0.102400,0.200000,0.094300,20.000000,0.000000,0.000000,20.000000,0.000000,0.000000,0.000000,0.000000,0.012160,0.000000,0.910900,19.995447,0.029662,0.425679,20.000000
0.196800,1,"LINK_TORSO_YAW",0.102400,0.200000,0.094400,20.000000,0.000000,0.000000,20.000000,0.000000,0.000000,0.000000,0.000000,0.012160,0.000000,0.910900,19.995468,0.029681,0.424707,20.000000
0.196900,1,"LINK_TORSO_YAW",0.102400,0.200000,0.094500,20.000000,0.000000,0.000000,20.000000,0.000000,0.000000,0.000000,0.000000,0.012160,0.000000,0.910900,19.995489,0.029699,0.423733,20.000000
0.197000,1,"LINK_TORSO_YAW",0.102400,0.200000,0.094600,20.000000,0.000000,0.000000,20.000000,0.000000,0.000000,0.000000,0.000000,0.012160,0.000000,0.910900,19.995509,0.029717,0.422757,20.000000
0.197100,1,"LINK_TORSO_YAW",0.102400,0.200000,0.094700,20.000000,0.000000,0.000000,20.000000,0.000000,0.000000,0.000000,0.000000,0.012160,0.000000,0.910900,19.995530,0.029735,0.421780,20.000000
0.197200,1,"LINK_TORSO_YAW",0.102400,0.200000,0.094800,20.000000,0.000000,0.000000,20.000000,0.000000,0.000000,0.000000,0.000000,0.012160,0.000000,0.910900,19.995551,0.029753,0.420799,20.000000
0.197300,1,"LINK_TORSO_YAW",0.102400,0.200000,0.094900,20.000000,0.000000,0.000000,20.000000,0.000000,0.000000,0.000000,0.000000,0.012160,0.000000,0.910900,19.995571,0.029772,0.419816,20.000000
0.197400,1,"LINK_TORSO_YAW",0.102400,0.200000,0.095000,20.000000,0.000000,0.000000,20.000000,0.000000,0.000000,0.000000,0.000000,0.012160,0.000000,0.910900,19.995592,0.029790,0.418829,20.000000
0.197500,1,"LINK_TORSO_YAW",0.102400,0.200000,0.095100,20.000000,0.000000,0.000000,20.000000,0.000000,0.000000,0.000000,0.000000,0.012160,0.000000,0.910900,19.995613,0.029808,0.417838,20.000000
0.197600,1,"LINK_TORSO_YAW",0.102400,0.200000,0.095200,20.000000,0.000000,0.000000,20.000000,0.000000,0.000000,0.000000,0.000000,0.012160,0.000000,0.910900,19.995633,0.029826,0.416848,20.000000
0.197700,1,"LINK_TORSO_YAW",0.102400,0.200000,0.095300,20.000000,0.000000,0.000000,20.000000,0.000000,0.000000,0.000000,0.000000,0.012160,0.000000,0.910900,19.995654,0.029844,0.415858,20.000000
0.197800,1,"LINK_TORSO_YAW",0.102400,0.200000,0.095400,20.000000,0.000000,0.000000,20.000000,0.000000,0.000000,0.000000,0.000000,0.012160,0.000000,0.910900,19.995674,0.029862,0.414869,20.000000
0.197900,1,"LINK_TORSO_YAW",0.102400,0.200000,0.095500,20.000000,0.000000,0.000000,20.000000,0.000000,0.000000,0.000000,0.000000,0.012160,0.000000,0.910900,19.995695,0.029880,0.413878,20.000000
0.198000,1,"LINK_TORSO_YAW",0.102400,0.200000,0.095600,20.000000,0.000000,0.000000,20.000000,0.000000,0.000000,0.000000,0.000000,0.012160,0.000000,0.910900,19.995715,0.029898,0.412886,20.000000
0.198100,1,"LINK_TORSO_YAW",0.102400,0.200000,0.095700,20.000000,0.000000,0.000000,20.000000,0.000000,0.000000,0.000000,0.000000,0.012160,0.000000,0.910900,19.995736,0.029916,0.411893,20.000000
0.198200,1,"LINK_TORSO_YAW",0.102400,0.200000,0.095800,20.000000,0.000000,0.000000,20.000000,0.000000,0.000000,0.000000,0.000000,0.012160,0.000000,0.910900,19.995756,0.029934,0.410897,20.000000
0.198300,1,"LINK_TORSO_YAW",0.102400,0.200000,0.095900,20.000000,0.000000,0.000000,20.000000,0.000000,0.000000,0.000000,0.000000,0.012160,0.000000,0.910900,19.995777,0.029951,0.409898,20.000000
0.198400,1,"LINK_TORSO_YAW",0.102400,0.200000,0.096000,20.000000,0.000000,0.000000,20.000000,0.000000,0.000000,0.000000,0.000000,0.012160,0.000000,0.910900,19.995797,0.029969,0.408897,20.000000
0.198500,1,"LINK_TORSO_YAW",0.102400,0.200000,0.096100,20.000000,0.000000,0.000000,20.000000,0.000000,0.000000,0.000000,0.000000,0.012160,0.000000,0.910900,19.995818,0.029987,0.407892,20.000000
0.198600,1,"LINK_TORSO_YAW",0.102400,0.200000,0.096200,20.000000,0.000000,0.000000,20.000000,0.000000,0.000000,0.000000,0.000000,0.012160,0.000000,0.910900,19.995838,0.030005,0.406883,20.000000
0.198700,1,"LINK_TORSO_YAW",0.102400,0.200000,0.096300,20.000000,0.000000,0.000000,20.000000,0.000000,0.000000,0.000000,0.000000,0.012160,0.000000,0.910900,19.995859,0.030022,0.405875,20.000000
0.198800,1,"LINK_TORSO_YAW",0.102400,0.200000,0.096400,20.000000,0.000000,0.000000,20.000000,0.000000,0.000000,0.000000,0.000000,0.012160,0.000000,0.910900,19.995879,0.030040,0.404868,20.000000
0.198900,1,"LINK_TORSO_YAW",0.102400,0.200000,0.096500,20.000000,0.000000,0.000000,20.000000,0.000000,0.000000,0.000000,0.000000,0.012160,0.000000,0.910900,19.995899,0.030058,0.403860,20.000000
0.199000,1,"LINK_TORSO_YAW",0.102400,0.200000,0.096600,20.000000,0.000000,0.000000,20.000000,0.000000,0.000000,0.000000,0.000000,0.012160,0.000000,0.910900,19.995920,0.030075,0.402851,20.000000
0.199100,1,"LINK_TORSO_YAW",0.102400,0.200000,0.096700,20.000000,0.000000,0.000000,20.000000,0.000000,0.000000,0.000000,0.000000,0.012160,0.000000,0.910900,19.995940,0.030093,0.401842,20.000000
0.199200,1,"LINK_TORSO_YAW",0.102400,0.200000,0.096800,20.000000,0.000000,0.000000,20.000000,0.000000,0.000000,0.000000,0.000000,0.012160,0.000000,0.910900,19.995960,0.030110,0.400830,20.000000
0.199300,1,"LINK_TORSO_YAW",0.102400,0.200000,0.096900,20.000000,0.000000,0.000000,20.000000,0.000000,0.000000,0.000000,0.000000,0.012160,0.000000,0.910900,19.995981,0.030127,0.399816,20.000000
0.199400,1,"LINK_TORSO_YAW",0.102400,0.200000,0.097000,20.000000,0.000000,0.000000,20.000000,0.000000,0.000000,0.000000,0.000000,0.012160,0.000000,0.910900,19.996001,0.030145,0.398800,20.000000
0.199500,1,"LINK_TORSO_YAW",0.102400,0.200000,0.097100,20.000000,0.000000,0.000000,20.000000,0.000000,0.000000,0.000000,0.000000,0.012160,0.000000,0.910900,19.996021,0.030162,0.397780,20.000000
0.199600,1,"LINK_TORSO_YAW",0.102400,0.200000,0.097200,20.000000,0.000000,0.000000,20.000000,0.000000,0.000000,0.000000,0.000000,0.012160,0.000000,0.910900,19.996041,0.030179,0.396758,20.000000
0.199700,1,"LINK_TORSO_YAW",0.102400,0.200000,0.097300,20.000000,0.000000,0.000000,20.000000,0.000000,0.000000,0.000000,0.000000,0.012160,0.000000,0.910900,19.996062,0.030197,0.395731,20.000000
0.199800,1,"LINK_TORSO_YAW",0.102400,0.200000,0.097400,20.000000,0.000000,0.000000,20.000000,0.000000,0.000000,0.000000,0.000000,0.012160,0.000000,0.910900,19.996082,0.030214,0.394705,20.000000
0.199900,1,"LINK_TORSO_YAW",0.102400,0.200000,0.097500,20.000000,0.000000,0.000000,20.000000,0.000000,0.000000,0.000000,0.000000,0.012160,0.000000,0.910900,19.996102,0.030231,0.393680,20.000000
0.200000,1,"LINK_TORSO_YAW",0.102400,0.200000,0.097600,20.000000,0.000000,0.000000,20.000000,0.000000,0.000000,0.000000,0.000000,0.012160,0.000000,0.910900,19.996122,0.030249,0.392654,20.000000
0.200100,1,"LINK_TORSO_YAW",0.102400,0.200000,0.097700,20.000000,0.000000,0.000000,20.000000,0.000000,0.000000,0.000000,0.000000,0.012160,0.000000,0.910900,19.996142,0.030266,0.391628,20.000000
0.200200,1,"LINK_TORSO_YAW",0.102400,0.200000,0.097800,20.000000,0.000000,0.000000,20.000000,0.000000,0.000000,0.000000,0.000000,0.012160,0.000000,0.910900,19.996162,0.030283,0.390600,20.000000
0.200300,1,"LINK_TORSO_YAW",0.102400,0.200000,0.097900,20.000000,0.000000,0.000000,20.000000,0.000000,0.000000,0.000000,0.000000,0.012160,0.000000,0.910900,19.996183,0.030300,0.389571,20.000000
0.200400,1,"LINK_TORSO_YAW",0.102400,0.200000,0.098000,20.000000,0.000000,0.000000,20.000000,0.000000,0.000000,0.000000,0.000000,0.012160,0.000000,0.910900,19.996203,0.030317,0.388539,20.000000
0.200500,1,"LINK_TORSO_YAW",0.102400,0.200000,0.098100,20.000000,0.000000,0.000000,20.000000,0.000000,0.000000,0.000000,0.000000,0.012160,0.000000,0.910900,19.996223,0.030334,0.387505,20.000000
0.200600,1,"LINK_TORSO_YAW",0.102400,0.200000,0.098200,20.000000,0.000000,0.000000,20.000000,0.000000,0.000000,0.000000,0.000000,0.012160,0.000000,0.910900,19.996243,0.030351,0.386468,20.000000
0.200700,1,"LINK_TORSO_YAW",0.102400,0.200000,0.098300,20.000000,0.000000,0.000000,20.000000,0.000000,0.000000,0.000000,0.000000,0.012160,0.000000,0.910900,19.996263,0.030368,0.385427,20.000000
0.200800,1,"LINK_TORSO_YAW",0.102400,0.200000,0.098400,20.000000,0.000000,0.000000,20.000000,0.000000,0.000000,0.000000,0.000000,0.012160,0.000000,0.910900,19.996283,0.030385,0.384383,20.000000
0.200900,1,"LINK_TORSO_YAW",0.102400,0.200000,0.098500,20.000000,0.000000,0.000000,20.000000,0.000000,0.000000,0.000000,0.000000,0.012160,0.000000,0.910900,19.996303,0.030402,0.383340,20.000000
0.201000,1,"LINK_TORSO_YAW",0.102400,0.200000,0.098600,20.000000,0.000000,0.000000,20.000000,0.000000,0.000000,0.000000,0.000000,0.012160,0.000000,0.910900,19.996323,0.030419,0.382297,20.000000
0.201100,1,"LINK_TORSO_YAW",0.102400,0.200000,0.098700,20.000000,0.000000,0.000000,20.000000,0.000000,0.000000,0.000000,0.000000,0.012160,0.000000,0.910900,19.996343,0.030435,0.381253,20.000000
0.201200,1,"LINK_TORSO_YAW",0.102400,0.200000,0.098800,20.000000,0.000000,0.000000,20.000000,0.000000,0.000000,0.000000,0.000000,0.012160,0.000000,0.910900,19.996363,0.030452,0.380209,20.000000
0.201300,1,"LINK_TORSO_YAW",0.102400,0.200000,0.098900,20.000000,0.000000,0.000000,20.000000,0.000000,0.000000,0.000000,0.000000,0.012160,0.000000,0.910900,19.996382,0.030469,0.379164,20.000000
0.201400,1,"LINK_TORSO_YAW",0.102400,0.200000,0.099000,20.000000,0.000000,0.000000,20.000000,0.000000,0.000000,0.000000,0.000000,0.012160,0.000000,0.910900,19.996402,0.030485,0.378117,20.000000
0.201500,1,"LINK_TORSO_YAW",0.102400,0.200000,0.099100,20.000000,0.000000,0.000000,20.000000,0.000000,0.000000,0.000000,0.000000,0.012160,0.000000,0.910900,19.996422,0.030502,0.377068,20.000000
0.201600,1,"LINK_TORSO_YAW",0.102400,0.200000,0.099200,20.000000,0.000000,0.000000,20.000000,0.000000,0.000000,0.000000,0.000000,0.012160,0.000000,0.910900,19.996442,0.030519,0.376016,20.000000
0.201700,1,"LINK_TORSO_YAW",0.102400,0.200000,0.099300,20.000000,0.000000,0.000000,20.000000,0.000000,0.000000,0.000000,0.000000,0.012160,0.000000,0.910900,19.996461,0.030535,0.374961,20.000000
0.201800,1,"LINK_TORSO_YAW",0.102400,0.200000,0.099400,20.000000,0.000000,0.000000,20.000000,0.000000,0.000000,0.000000,0.000000,0.012160,0.000000,0.910900,19.996481,0.030552,0.373903,20.000000
0.201900,1,"LINK_TORSO_YAW",0.102400,0.200000,0.099500,20.000000,0.000000,0.000000,20.000000,0.000000,0.000000,0.000000,0.000000,0.012160,0.000000,0.910900,19.996501,0.030569,0.372841,20.000000
0.202000,1,"LINK_TORSO_YAW",0.102400,0.200000,0.099600,20.000000,0.000000,0.000000,20.000000,0.000000,0.000000,0.000000,0.000000,0.012160,0.000000,0.910900,19.996521,0.030585,0.371775,20.000000
0.202100,1,"LINK_TORSO_YAW",0.102400,0.200000,0.099700,20.000000,0.000000,0.000000,20.000000,0.000000,0.000000,0.000000,0.000000,0.012160,0.000000,0.910900,19.996541,0.030602,0.370710,20.000000
0.202200,1,"LINK_TORSO_YAW",0.102400,0.200000,0.099800,20.000000,0.000000,0.000000,20.000000,0.000000,0.000000,0.000000,0.000000,0.012160,0.000000,0.910900,19.996560,0.030619,0.369645,20.000000
0.202300,1,"LINK_TORSO_YAW",0.102400,0.200000,0.099900,20.000000,0.000000,0.000000,20.000000,0.000000,0.000000,0.000000,0.000000,0.012160,0.000000,0.910900,19.996580,0.030635,0.368580,20.000000
0.202400,1,"LINK_TORSO_YAW",0.102400,0.200000,0.100000,20.000000,0.000000,0.000000,20.000000,0.000000,0.000000,0.000000,0.000000,0.012160,0.000000,0.910900,19.996600,0.030651,0.367514,20.000000
0.202500,1,"LINK_TORSO_YAW",0.102400,0.200000,0.100100,20.000000,0.000000,0.000000,20.000000,0.000000,0.000000,0.000000,0.000000,0.012160,0.000000,0.910900,19.996619,0.030668,0.366447,20.000000
0.202600,1,"LINK_TORSO_YAW",0.102400,0.200000,0.100200,20.000000,0.000000,0.000000,20.000000,0.000000,0.000000,0.000000,0.000000,0.012160,0.000000,0.910900,19.996639,0.030684,0.365378,20.000000
0.202700,1,"LINK_TORSO_YAW",0.102400,0.200000,0.100300,20.000000,0.000000,0.000000,20.000000,0.000000,0.000000,0.000000,0.000000,0.012160,0.000000,0.910900,19.996658,0.030701,0.364307,20.000000
0.202800,1,"LINK_TORSO_YAW",0.102400,0.200000,0.100400,20.000000,0.000000,0.000000,20.000000,0.000000,0.000000,0.000000,0.000000,0.012160,0.000000,0.910900,19.996678,0.030717,0.363234,20.000000
0.202900,1,"LINK_TORSO_YAW",0.102400,0.200000,0.100500,20.000000,0.000000,0.000000,20.000000,0.000000,0.000000,0.000000,0.000000,0.012160,0.000000,0.910900,19.996697,0.030733,0.362158,20.000000
0.203000,1,"LINK_TORSO_YAW",0.102400,0.200000,0.100600,20.000000,0.000000,0.000000,20.000000,0.000000,0.000000,0.000000,0.000000,0.012160,0.000000,0.910900,19.996717,0.030750,0.361078,20.000000
0.203100,1,"LINK_TORSO_YAW",0.102400,0.200000,0.100700,20.000000,0.000000,0.000000,20.000000,0.000000,0.000000,0.000000,0.000000,0.012160,0.000000,0.910900,19.996736,0.030766,0.359999,20.000000
0.203200,1,"LINK_TORSO_YAW",0.102400,0.200000,0.100800,20.000000,0.000000,0.000000,20.000000,0.000000,0.000000,0.000000,0.000000,0.012160,0.000000,0.910900,19.996755,0.030782,0.358920,20.000000
0.203300,1,"LINK_TORSO_YAW",0.102400,0.200000,0.100900,20.000000,0.000000,0.000000,20.000000,0.000000,0.000000,0.000000,0.000000,0.012160,0.000000,0.910900,19.996775,0.030798,0.357842,20.000000
0.203400,1,"LINK_TORSO_YAW",0.102400,0.200000,0.101000,20.000000,0.000000,0.000000,20.000000,0.000000,0.000000,0.000000,0.000000,0.012160,0.000000,0.910900,19.996794,0.030814,0.356762,20.000000
0.203500,1,"LINK_TORSO_YAW",0.102400,0.200000,0.101100,20.000000,0.000000,0.000000,20.000000,0.000000,0.000000,0.000000,0.000000,0.012160,0.000000,0.910900,19.996813,0.030830,0.355681,20.000000
0.203600,1,"LINK_TORSO_YAW",0.102400,0.200000,0.101200,20.000000,0.000000,0.000000,20.000000,0.000000,0.000000,0.000000,0.000000,0.012160,0.000000,0.910900,19.996832,0.030846,0.354599,20.000000
0.203700,1,"LINK_TORSO_YAW",0.102400,0.200000,0.101300,20.000000,0.000000,0.000000,20.000000,0.000000,0.000000,0.000000,0.000000,0.012160,0.000000,0.910900,19.996852,0.030862,0.353514,20.000000
0.203800,1,"LINK_TORSO_YAW",0.102400,0.200000,0.101400,20.000000,0.000000,0.000000,20.000000,0.000000,0.000000,0.000000,0.000000,0.012160,0.000000,0.910900,19.996871,0.030878,0.352427,20.000000
0.203900,1,"LINK_TORSO_YAW",0.102400,0.200000,0.101500,20.000000,0.000000,0.000000,20.000000,0.000000,0.000000,0.000000,0.000000,0.012160,0.000000,0.910900,19.996890,0.030894,0.351337,20.000000
0.204000,1,"LINK_TORSO_YAW",0.102400,0.200000,0.101600,20.000000,0.000000,0.000000,20.000000,0.000000,0.000000,0.000000,0.000000,0.012160,0.000000,0.910900,19.996909,0.030911,0.350244,20.000000
0.204100,1,"LINK_TORSO_YAW",0.102400,0.200000,0.101700,20.000000,0.000000,0.000000,20.000000,0.000000,0.000000,0.000000,0.000000,0.012160,0.000000,0.910900,19.996928,0.030927,0.349147,20.000000
0.204200,1,"LINK_TORSO_YAW",0.102400,0.200000,0.101800,20.000000,0.000000,0.000000,20.000000,0.000000,0.000000,0.000000,0.000000,0.012160,0.000000,0.910900,19.996947,0.030943,0.348050,20.000000
0.204300,1,"LINK_TORSO_YAW",0.102400,0.200000,0.101900,20.000000,0.000000,0.000000,20.000000,0.000000,0.000000,0.000000,0.000000,0.012160,0.000000,0.910900,19.996966,0.030958,0.346954,20.000000
0.204400,1,"LINK_TORSO_YAW",0.102400,0.200000,0.102000,20.000000,0.000000,0.000000,20.000000,0.000000,0.000000,0.000000,0.000000,0.012160,0.000000,0.910900,19.996985,0.030974,0.345858,20.000000
0.204500,1,"LINK_TORSO_YAW",0.102400,0.200000,0.102100,20.000000,0.000000,0.000000,20.000000,0.000000,0.000000,0.000000,0.000000,0.012160,0.000000,0.910900,19.997004,0.030990,0.344762,20.000000
0.204600,1,"LINK_TORSO_YAW",0.102400,0.200000,0.102200,20.000000,0.000000,0.000000,20.000000,0.000000,0.000000,0.000000,0.000000,0.012160,0.000000,0.910900,19.997023,0.031006,0.343663,20.000000
0.204700,1,"LINK_TORSO_YAW",0.102400,0.200000,0.102300,20.000000,0.000000,0.000000,20.000000,0.000000,0.000000,0.000000,0.000000,0.012160,0.000000,0.910900,19.997042,0.031022,0.342564,20.000000
0.204800,1,"LINK_TORSO_YAW",0.102400,0.200000,0.102400,20.000000,0.000000,0.000000,20.000000,0.000000,0.000000,0.000000,0.000000,0.012160,0.000000,0.910900,19.997061,0.031037,0.341462,20.000000
0.204900,1,"LINK_TORSO_YAW",0.102400,0.200000,0.102500,20.000000,0.000000,0.000000,20.000000,0.000000,0.000000,0.000000,0.000000,0.012160,0.000000,0.910900,19.997080,0.031053,0.340357,20.000000
0.205000,1,"LINK_TORSO_YAW",0.102400,0.200000,0.102600,20.000000,0.000000,0.000000,20.000000,0.000000,0.000000,0.000000,0.000000,0.012160,0.000000,0.910900,19.997098,0.031069,0.339250,20.000000
0.205100,1,"LINK_TORSO_YAW",0.102400,0.200000,0.102700,20.000000,0.000000,0.000000,20.000000,0.000000,0.000000,0.000000,0.000000,0.012160,0.000000,0.910900,19.997117,0.031085,0.338139,20.000000
0.205200,1,"LINK_TORSO_YAW",0.102400,0.200000,0.102800,20.000000,0.000000,0.000000,20.000000,0.000000,0.000000,0.000000,0.000000,0.012160,0.000000,0.910900,19.997136,0.031100,0.337025,20.000000
0.205300,1,"LINK_TORSO_YAW",0.102400,0.200000,0.102900,20.000000,0.000000,0.000000,20.000000,0.000000,0.000000,0.000000,0.000000,0.012160,0.000000,0.910900,19.997155,0.031116,0.335911,20.000000
0.205400,1,"LINK_TORSO_YAW",0.102400,0.200000,0.103000,20.000000,0.000000,0.000000,20.000000,0.000000,0.000000,0.000000,0.000000,0.012160,0.000000,0.910900,19.997173,0.031132,0.334798,20.000000
0.205500,1,"LINK_TORSO_YAW",0.102400,0.200000,0.103100,20.000000,0.000000,0.000000,20.000000,0.000000,0.000000,0.000000,0.000000,0.012160,0.000000,0.910900,19.997192,0.031147,0.333685,20.000000
0.205600,1,"LINK_TORSO_YAW",0.102400,0.200000,0.103200,20.000000,0.000000,0.000000,20.000000,0.000000,0.000000,0.000000,0.000000,0.012160,0.000000,0.910900,19.997210,0.031163,0.332571,20.000000
0.205700,1,"LINK_TORSO_YAW",0.102400,0.200000,0.103300,20.000000,0.000000,0.000000,20.000000,0.000000,0.000000,0.000000,0.000000,0.012160,0.000000,0.910900,19.997229,0.031178,0.331455,20.000000
0.205800,1,"LINK_TORSO_YAW",0.102400,0.200000,0.103400,20.000000,0.000000,0.000000,20.000000,0.000000,0.000000,0.000000,0.000000,0.012160,0.000000,0.910900,19.997247,0.031194,0.330338,20.000000
0.205900,1,"LINK_TORSO_YAW",0.102400,0.200000,0.103500,20.000000,0.000000,0.000000,20.000000,0.000000,0.000000,0.000000,0.000000,0.012160,0.000000,0.910900,19.997266,0.031209,0.329219,20.000000
0.206000,1,"LINK_TORSO_YAW",0.102400,0.200000,0.103600,20.000000,0.000000,0.000000,20.000000,0.000000,0.000000,0.000000,0.000000,0.012160,0.000000,0.910900,19.997284,0.031225,0.328098,20.000000
0.206100,1,"LINK_TORSO_YAW",0.102400,0.200000,0.103700,20.000000,0.000000,0.000000,20.000000,0.000000,0.000000,0.000000,0.000000,0.012160,0.000000,0.910900,19.997303,0.031240,0.326973,20.000000
0.206200,1,"LINK_TORSO_YAW",0.102400,0.200000,0.103800,20.000000,0.000000,0.000000,20.000000,0.000000,0.000000,0.000000,0.000000,0.012160,0.000000,0.910900,19.997321,0.031256,0.325845,20.000000
0.206300,1,"LINK_TORSO_YAW",0.102400,0.200000,0.103900,20.000000,0.000000,0.000000,20.000000,0.000000,0.000000,0.000000,0.000000,0.012160,0.000000,0.910900,19.997339,0.031271,0.324714,20.000000
0.206400,1,"LINK_TORSO_YAW",0.102400,0.200000,0.104000,20.000000,0.000000,0.000000,20.000000,0.000000,0.000000,0.000000,0.000000,0.012160,0.000000,0.910900,19.997358,0.031287,0.323583,20.000000
0.206500,1,"LINK_TORSO_YAW",0.102400,0.200000,0.104100,20.000000,0.000000,0.000000,20.000000,0.000000,0.000000,0.000000,0.000000,0.012160,0.000000,0.910900,19.997376,0.031302,0.322453,20.000000
0.206600,1,"LINK_TORSO_YAW",0.102400,0.200000,0.104200,20.000000,0.000000,0.000000,20.000000,0.000000,0.000000,0.000000,0.000000,0.012160,0.000000,0.910900,19.997394,0.031317,0.321322,20.000000
0.206700,1,"LINK_TORSO_YAW",0.102400,0.200000,0.104300,20.000000,0.000000,0.000000,20.000000,0.000000,0.000000,0.000000,0.000000,0.012160,0.000000,0.910900,19.997412,0.031333,0.320191,20.000000
0.206800,1,"LINK_TORSO_YAW",0.102400,0.200000,0.104400,20.000000,0.000000,0.000000,20.000000,0.000000,0.000000,0.000000,0.000000,0.012160,0.000000,0.910900,19.997430,0.031348,0.319059,20.000000
0.206900,1,"LINK_TORSO_YAW",0.102400,0.200000,0.104500,20.000000,0.000000,0.000000,20.000000,0.000000,0.000000,0.000000,0.000000,0.012160,0.000000,0.910900,19.997448,0.031363,0.317924,20.000000
0.207000,1,"LINK_TORSO_YAW",0.102400,0.200000,0.104600,20.000000,0.000000,0.000000,20.000000,0.000000,0.000000,0.000000,0.000000,0.012160,0.000000,0.910900,19.997466,0.031378,0.316788,20.000000
0.207100,1,"LINK_TORSO_YAW",0.102400,0.200000,0.104700,20.000000,0.000000,0.000000,20.000000,0.000000,0.000000,0.000000,0.000000,0.012160,0.000000,0.910900,19.997484,0.031394,0.315649,20.000000
0.207200,1,"LINK_TORSO_YAW",0.102400,0.200000,0.104800,20.000000,0.000000,0.000000,20.000000,0.000000,0.000000,0.000000,0.000000,0.012160,0.000000,0.910900,19.997502,0.031409,0.314508,20.000000
0.207300,1,"LINK_TORSO_YAW",0.102400,0.200000,0.104900,20.000000,0.000000,0.000000,20.000000,0.000000,0.000000,0.000000,0.000000,0.012160,0.000000,0.910900,19.997520,0.031424,0.313363,20.000000
0.207400,1,"LINK_TORSO_YAW",0.102400,0.200000,0.105000,20.000000,0.000000,0.000000,20.000000,0.000000,0.000000,0.000000,0.000000,0.012160,0.000000,0.910900,19.997538,0.031439,0.312214,20.000000
0.207500,1,"LINK_TORSO_YAW",0.102400,0.200000,0.105100,20.000000,0.000000,0.000000,20.000000,0.000000,0.000000,0.000000,0.000000,0.012160,0.000000,0.910900,19.997556,0.031455,0.311067,20.000000
0.207600,1,"LINK_TORSO_YAW",0.102400,0.200000,0.105200,20.000000,0.000000,0.000000,20.000000,0.000000,0.000000,0.000000,0.000000,0.012160,0.000000,0.910900,19.997574,0.031470,0.309919,20.000000
0.207700,1,"LINK_TORSO_YAW",0.102400,0.200000,0.105300,20.000000,0.000000,0.000000,20.000000,0.000000,0.000000,0.000000,0.000000,0.012160,0.000000,0.910900,19.997592,0.031485,0.308772,20.000000
0.207800,1,"LINK_TORSO_YAW",0.102400,0.200000,0.105400,20.000000,0.000000,0.000000,20.000000,0.000000,0.000000,0.000000,0.000000,0.012160,0.000000,0.910900,19.997609,0.031500,0.307623,20.000000
0.207900,1,"LINK_TORSO_YAW",0.102400,0.200000,0.105500,20.000000,0.000000,0.000000,20.000000,0.000000,0.000000,0.000000,0.000000,0.012160,0.000000,0.910900,19.997627,0.031515,0.306474,20.000000
0.208000,1,"LINK_TORSO_YAW",0.102400,0.200000,0.105600,20.000000,0.000000,0.000000,20.000000,0.000000,0.000000,0.000000,0.000000,0.012160,0.000000,0.910900,19.997644,0.031530,0.305323,20.000000
0.208100,1,"LINK_TORSO_YAW",0.102400,0.200000,0.105700,20.000000,0.000000,0.000000,20.000000,0.000000,0.000000,0.000000,0.000000,0.012160,0.000000,0.910900,19.997662,0.031545,0.304169,20.000000
0.208200,1,"LINK_TORSO_YAW",0.102400,0.200000,0.105800,20.000000,0.000000,0.000000,20.000000,0.000000,0.000000,0.000000,0.000000,0.012160,0.000000,0.910900,19.997680,0.031560,0.303014,20.000000
0.208300,1,"LINK_TORSO_YAW",0.102400,0.200000,0.105900,20.000000,0.000000,0.000000,20.000000,0.000000,0.000000,0.000000,0.000000,0.012160,0.000000,0.910900,19.997697,0.031575,0.301855,20.000000
0.208400,1,"LINK_TORSO_YAW",0.102400,0.200000,0.106000,20.000000,0.000000,0.000000,20.000000,0.000000,0.000000,0.000000,0.000000,0.012160,0.000000,0.910900,19.997715,0.031590,0.300693,20.000000
0.208500,1,"LINK_TORSO_YAW",0.102400,0.200000,0.106100,20.000000,0.000000,0.000000,20.000000,0.000000,0.000000,0.000000,0.000000,0.012160,0.000000,0.910900,19.997732,0.031605,0.299528,20.000000
0.208600,1,"LINK_TORSO_YAW",0.102400,0.200000,0.106200,20.000000,0.000000,0.000000,20.000000,0.000000,0.000000,0.000000,0.000000,0.012160,0.000000,0.910900,19.997749,0.031620,0.298363,20.000000
0.208700,1,"LINK_TORSO_YAW",0.102400,0.200000,0.106300,20.000000,0.000000,0.000000,20.000000,0.000000,0.000000,0.000000,0.000000,0.012160,0.000000,0.910900,19.997767,0.031635,0.297199,20.000000
0.208800,1,"LINK_TORSO_YAW",0.102400,0.200000,0.106400,20.000000,0.000000,0.000000,20.000000,0.000000,0.000000,0.000000,0.000000,0.012160,0.000000,0.910900,19.997784,0.031650,0.296034,20.000000
0.208900,1,"LINK_TORSO_YAW",0.102400,0.200000,0.106500,20.000000,0.000000,0.000000,20.000000,0.000000,0.000000,0.000000,0.000000,0.012160,0.000000,0.910900,19.997801,0.031665,0.294869,20.000000
0.209000,1,"LINK_TORSO_YAW",0.102400,0.200000,0.106600,20.000000,0.000000,0.000000,20.000000,0.000000,0.000000,0.000000,0.000000,0.012160,0.000000,0.910900,19.997818,0.031680,0.293702,20.000000
0.209100,1,"LINK_TORSO_YAW",0.102400,0.200000,0.106700,20.000000,0.000000,0.000000,20.000000,0.000000,0.000000,0.000000,0.000000,0.012160,0.000000,0.910900,19.997835,0.031694,0.292534,20.000000
0.209200,1,"LINK_TORSO_YAW",0.102400,0.200000,0.106800,20.000000,0.000000,0.000000,20.000000,0.000000,0.000000,0.000000,0.000000,0.012160,0.000000,0.910900,19.997852,0.031709,0.291364,20.000000
0.209300,1,"LINK_TORSO_YAW",0.102400,0.200000,0.106900,20.000000,0.000000,0.000000,20.000000,0.000000,0.000000,0.000000,0.000000,0.012160,0.000000,0.910900,19.997869,0.031724,0.290191,20.000000
0.209400,1,"LINK_TORSO_YAW",0.102400,0.200000,0.107000,20.000000,0.000000,0.000000,20.000000,0.000000,0.000000,0.000000,0.000000,0.012160,0.000000,0.910900,19.997886,0.031739,0.289016,20.000000
0.209500,1,"LINK_TORSO_YAW",0.102400,0.200000,0.107100,20.000000,0.000000,0.000000,20.000000,0.000000,0.000000,0.000000,0.000000,0.012160,0.000000,0.910900,19.997903,0.031754,0.287837,20.000000
0.209600,1,"LINK_TORSO_YAW",0.102400,0.200000,0.107200,20.000000,0.000000,0.000000,20.000000,0.000000,0.000000,0.000000,0.000000,0.012160,0.000000,0.910900,19.997920,0.031768,0.286659,20.000000
0.209700,1,"LINK_TORSO_YAW",0.102400,0.200000,0.107300,20.000000,0.000000,0.000000,20.000000,0.000000,0.000000,0.000000,0.000000,0.012160,0.000000,0.910900,19.997937,0.031783,0.285482,20.000000
0.209800,1,"LINK_TORSO_YAW",0.102400,0.200000,0.107400,20.000000,0.000000,0.000000,20.000000,0.000000,0.000000,0.000000,0.000000,0.012160,0.000000,0.910900,19.997954,0.031798,0.284304,20.000000
0.209900,1,"LINK_TORSO_YAW",0.102400,0.200000,0.107500,20.000000,0.000000,0.000000,20.000000,0.000000,0.000000,0.000000,0.000000,0.012160,0.000000,0.910900,19.997971,0.031812,0.283125,20.000000
0.210000,1,"LINK_TORSO_YAW",0.102400,0.200000,0.107600,20.000000,0.000000,0.000000,20.000000,0.000000,0.000000,0.000000,0.000000,0.012160,0.000000,0.910900,19.997987,0.031827,0.281946,20.000000
0.210100,1,"LINK_TORSO_YAW",0.102400,0.200000,0.107700,20.000000,0.000000,0.000000,20.000000,0.000000,0.000000,0.000000,0.000000,0.012160,0.000000,0.910900,19.998004,0.031841,0.280764,20.000000
0.210200,1,"LINK_TORSO_YAW",0.102400,0.200000,0.107800,20.000000,0.000000,0.000000,20.000000,0.000000,0.000000,0.000000,0.000000,0.012160,0.000000,0.910900,19.998020,0.031856,0.279581,20.000000
0.210300,1,"LINK_TORSO_YAW",0.102400,0.200000,0.107900,20.000000,0.000000,0.000000,20.000000,0.000000,0.000000,0.000000,0.000000,0.012160,0.000000,0.910900,19.998037,0.031870,0.278395,20.000000
0.210400,1,"LINK_TORSO_YAW",0.102400,0.200000,0.108000,20.000000,0.000000,0.000000,20.000000,0.000000,0.000000,0.000000,0.000000,0.012160,0.000000,0.910900,19.998053,0.031885,0.277206,20.000000
0.210500,1,"LINK_TORSO_YAW",0.102400,0.200000,0.108100,20.000000,0.000000,0.000000,20.000000,0.000000,0.000000,0.000000,0.000000,0.012160,0.000000,0.910900,19.998070,0.031900,0.276015,20.000000
0.210600,1,"LINK_TORSO_YAW",0.102400,0.200000,0.108200,20.000000,0.000000,0.000000,20.000000,0.000000,0.000000,0.000000,0.000000,0.012160,0.000000,0.910900,19.998086,0.031914,0.274823,20.000000
0.210700,1,"LINK_TORSO_YAW",0.102400,0.200000,0.108300,20.000000,0.000000,0.000000,20.000000,0.000000,0.000000,0.000000,0.000000,0.012160,0.000000,0.910900,19.998103,0.031929,0.273633,20.000000
0.210800,1,"LINK_TORSO_YAW",0.102400,0.200000,0.108400,20.000000,0.000000,0.000000,20.000000,0.000000,0.000000,0.000000,0.000000,0.012160,0.000000,0.910900,19.998119,0.031943,0.272442,20.000000
0.210900,1,"LINK_TORSO_YAW",0.102400,0.200000,0.108500,20.000000,0.000000,0.000000,20.000000,0.000000,0.000000,0.000000,0.000000,0.012160,0.000000,0.910900,19.998135,0.031957,0.271250,20.000000
0.211000,1,"LINK_TORSO_YAW",0.102400,0.200000,0.108600,20.000000,0.000000,0.000000,20.000000,0.000000,0.000000,0.000000,0.000000,0.012160,0.000000,0.910900,19.998151,0.031972,0.270057,20.000000
0.211100,1,"LINK_TORSO_YAW",0.102400,0.200000,0.108700,20.000000,0.000000,0.000000,20.000000,0.000000,0.000000,0.000000,0.000000,0.012160,0.000000,0.910900,19.998167,0.031986,0.268863,20.000000
0.211200,1,"LINK_TORSO_YAW",0.102400,0.200000,0.108800,20.000000,0.000000,0.000000,20.000000,0.000000,0.000000,0.000000,0.000000,0.012160,0.000000,0.910900,19.998183,0.032000,0.267666,20.000000
0.211300,1,"LINK_TORSO_YAW",0.102400,0.200000,0.108900,20.000000,0.000000,0.000000,20.000000,0.000000,0.000000,0.000000,0.000000,0.012160,0.000000,0.910900,19.998199,0.032015,0.266467,20.000000
0.211400,1,"LINK_TORSO_YAW",0.102400,0.200000,0.109000,20.000000,0.000000,0.000000,20.000000,0.000000,0.000000,0.000000,0.000000,0.012160,0.000000,0.910900,19.998215,0.032029,0.265265,20.000000
0.211500,1,"LINK_TORSO_YAW",0.102400,0.200000,0.109100,20.000000,0.000000,0.000000,20.000000,0.000000,0.000000,0.000000,0.000000,0.012160,0.000000,0.910900,19.998231,0.032043,0.264060,20.000000
0.211600,1,"LINK_TORSO_YAW",0.102400,0.200000,0.109200,20.000000,0.000000,0.000000,20.000000,0.000000,0.000000,0.000000,0.000000,0.012160,0.000000,0.910900,19.998247,0.032058,0.262856,20.000000
0.211700,1,"LINK_TORSO_YAW",0.102400,0.200000,0.109300,20.000000,0.000000,0.000000,20.000000,0.000000,0.000000,0.000000,0.000000,0.012160,0.000000,0.910900,19.998263,0.032072,0.261652,20.000000
0.211800,1,"LINK_TORSO_YAW",0.102400,0.200000,0.109400,20.000000,0.000000,0.000000,20.000000,0.000000,0.000000,0.000000,0.000000,0.012160,0.000000,0.910900,19.998278,0.032086,0.260448,20.000000
0.211900,1,"LINK_TORSO_YAW",0.102400,0.200000,0.109500,20.000000,0.000000,0.000000,20.000000,0.000000,0.000000,0.000000,0.000000,0.012160,0.000000,0.910900,19.998294,0.032100,0.259244,20.000000
0.212000,1,"LINK_TORSO_YAW",0.102400,0.200000,0.109600,20.000000,0.000000,0.000000,20.000000,0.000000,0.000000,0.000000,0.000000,0.012160,0.000000,0.910900,19.998310,0.032115,0.258038,20.000000
0.212100,1,"LINK_TORSO_YAW",0.102400,0.200000,0.109700,20.000000,0.000000,0.000000,20.000000,0.000000,0.000000,0.000000,0.000000,0.012160,0.000000,0.910900,19.998325,0.032129,0.256830,20.000000
0.212200,1,"LINK_TORSO_YAW",0.102400,0.200000,0.109800,20.000000,0.000000,0.000000,20.000000,0.000000,0.000000,0.000000,0.000000,0.012160,0.000000,0.910900,19.998341,0.032143,0.255620,20.000000
0.212300,1,"LINK_TORSO_YAW",0.102400,0.200000,0.109900,20.000000,0.000000,0.000000,20.000000,0.000000,0.000000,0.000000,0.000000,0.012160,0.000000,0.910900,19.998356,0.032157,0.254408,20.000000
0.212400,1,"LINK_TORSO_YAW",0.102400,0.200000,0.110000,20.000000,0.000000,0.000000,20.000000,0.000000,0.000000,0.000000,0.000000,0.012160,0.000000,0.910900,19.998371,0.032171,0.253193,20.000000
0.212500,1,"LINK_TORSO_YAW",0.102400,0.200000,0.110100,20.000000,0.000000,0.000000,20.000000,0.000000,0.000000,0.000000,0.000000,0.012160,0.000000,0.910900,19.998387,0.032185,0.251975,20.000000
0.212600,1,"LINK_TORSO_YAW",0.102400,0.200000,0.110200,20.000000,0.000000,0.000000,20.000000,0.000000,0.000000,0.000000,0.000000,0.012160,0.000000,0.910900,19.998402,0.032199,0.250758,20.000000
0.212700,1,"LINK_TORSO_YAW",0.102400,0.200000,0.110300,20.000000,0.000000,0.000000,20.000000,0.000000,0.000000,0.000000,0.000000,0.012160,0.000000,0.910900,19.998417,0.032213,0.249541,20.000000
0.212800,1,"LINK_TORSO_YAW",0.102400,0.200000,0.110400,20.000000,0.000000,0.000000,20.000000,0.000000,0.000000,0.000000,0.000000,0.012160,0.000000,0.910900,19.998432,0.032227,0.248324,20.000000
0.212900,1,"LINK_TORSO_YAW",0.102400,0.200000,0.110500,20.000000,0.000000,0.000000,20.000000,0.000000,0.000000,0.000000,0.000000,0.012160,0.000000,0.910900,19.998447,0.032241,0.247106,20.000000
0.213000,1,"LINK_TORSO_YAW",0.102400,0.200000,0.110600,20.000000,0.000000,0.000000,20.000000,0.000000,0.000000,0.000000,0.000000,0.012160,0.000000,0.910900,19.998462,0.032255,0.245887,20.000000
0.213100,1,"LINK_TORSO_YAW",0.102400,0.200000,0.110700,20.000000,0.000000,0.000000,20.000000,0.000000,0.000000,0.000000,0.000000,0.012160,0.000000,0.910900,19.998477,0.032269,0.244667,20.000000
0.213200,1,"LINK_TORSO_YAW",0.102400,0.200000,0.110800,20.000000,0.000000,0.000000,20.000000,0.000000,0.000000,0.000000,0.000000,0.012160,0.000000,0.910900,19.998492,0.032283,0.243444,20.000000
0.213300,1,"LINK_TORSO_YAW",0.102400,0.200000,0.110900,20.000000,0.000000,0.000000,20.000000,0.000000,0.000000,0.000000,0.000000,0.012160,0.000000,0.910900,19.998507,0.032297,0.242219,20.000000
0.213400,1,"LINK_TORSO_YAW",0.102400,0.200000,0.111000,20.000000,0.000000,0.000000,20.000000,0.000000,0.000000,0.000000,0.000000,0.012160,0.000000,0.910900,19.998522,0.032311,0.240991,20.000000
0.213500,1,"LINK_TORSO_YAW",0.102400,0.200000,0.111100,20.000000,0.000000,0.000000,20.000000,0.000000,0.000000,0.000000,0.000000,0.012160,0.000000,0.910900,19.998537,0.032325,0.239760,20.000000
0.213600,1,"LINK_TORSO_YAW",0.102400,0.200000,0.111200,20.000000,0.000000,0.000000,20.000000,0.000000,0.000000,0.000000,0.000000,0.012160,0.000000,0.910900,19.998551,0.032339,0.238529,20.000000
0.213700,1,"LINK_TORSO_YAW",0.102400,0.200000,0.111300,20.000000,0.000000,0.000000,20.000000,0.000000,0.000000,0.000000,0.000000,0.012160,0.000000,0.910900,19.998566,0.032353,0.237299,20.000000
0.213800,1,"LINK_TORSO_YAW",0.102400,0.200000,0.111400,20.000000,0.000000,0.000000,20.000000,0.000000,0.000000,0.000000,0.000000,0.012160,0.000000,0.910900,19.998581,0.032367,0.236069,20.000000
0.213900,1,"LINK_TORSO_YAW",0.102400,0.200000,0.111500,20.000000,0.000000,0.000000,20.000000,0.000000,0.000000,0.000000,0.000000,0.012160,0.000000,0.910900,19.998595,0.032381,0.234839,20.000000
0.214000,1,"LINK_TORSO_YAW",0.102400,0.200000,0.111600,20.000000,0.000000,0.000000,20.000000,0.000000,0.000000,0.000000,0.000000,0.012160,0.000000,0.910900,19.998609,0.032394,0.233607,20.000000
0.214100,1,"LINK_TORSO_YAW",0.102400,0.200000,0.111700,20.000000,0.000000,0.000000,20.000000,0.000000,0.000000,0.000000,0.000000,0.012160,0.000000,0.910900,19.998624,0.032408,0.232373,20.000000
0.214200,1,"LINK_TORSO_YAW",0.102400,0.200000,0.111800,20.000000,0.000000,0.000000,20.000000,0.000000,0.000000,0.000000,0.000000,0.012160,0.000000,0.910900,19.998638,0.032422,0.231137,20.000000
0.214300,1,"LINK_TORSO_YAW",0.102400,0.200000,0.111900,20.000000,0.000000,0.000000,20.000000,0.000000,0.000000,0.000000,0.000000,0.012160,0.000000,0.910900,19.998652,0.032436,0.229899,20.000000
0.214400,1,"LINK_TORSO_YAW",0.102400,0.200000,0.112000,20.000000,0.000000,0.000000,20.000000,0.000000,0.000000,0.000000,0.000000,0.012160,0.000000,0.910900,19.998667,0.032449,0.228658,20.000000
0.214500,1,"LINK_TORSO_YAW",0.102400,0.200000,0.112100,20.000000,0.000000,0.000000,20.000000,0.000000,0.000000,0.000000,0.000000,0.012160,0.000000,0.910900,19.998681,0.032463,0.227418,20.000000
0.214600,1,"LINK_TORSO_YAW",0.102400,0.200000,0.112200,20.000000,0.000000,0.000000,20.000000,0.000000,0.000000,0.000000,0.000000,0.012160,0.000000,0.910900,19.998695,0.032477,0.226179,20.000000
0.214700,1,"LINK_TORSO_YAW",0.102400,0.200000,0.112300,20.000000,0.000000,0.000000,20.000000,0.000000,0.000000,0.000000,0.000000,0.012160,0.000000,0.910900,19.998709,0.032490,0.224939,20.000000
0.214800,1,"LINK_TORSO_YAW",0.102400,0.200000,0.112400,20.000000,0.000000,0.000000,20.000000,0.000000,0.000000,0.000000,0.000000,0.012160,0.000000,0.910900,19.998723,0.032504,0.223698,20.000000
0.214900,1,"LINK_TORSO_YAW",0.102400,0.200000,0.112500,20.000000,0.000000,0.000000,20.000000,0.000000,0.000000,0.000000,0.000000,0.012160,0.000000,0.910900,19.998736,0.032518,0.222456,20.000000
0.215000,1,"LINK_TORSO_YAW",0.102400,0.200000,0.112600,20.000000,0.000000,0.000000,20.000000,0.000000,0.000000,0.000000,0.000000,0.012160,0.000000,0.910900,19.998750,0.032531,0.221213,20.000000
0.215100,1,"LINK_TORSO_YAW",0.102400,0.200000,0.112700,20.000000,0.000000,0.000000,20.000000,0.000000,0.000000,0.000000,0.000000,0.012160,0.000000,0.910900,19.998764,0.032545,0.219968,20.000000
0.215200,1,"LINK_TORSO_YAW",0.102400,0.200000,0.112800,20.000000,0.000000,0.000000,20.000000,0.000000,0.000000,0.000000,0.000000,0.012160,0.000000,0.910900,19.998778,0.032558,0.218720,20.000000
0.215300,1,"LINK_TORSO_YAW",0.102400,0.200000,0.112900,20.000000,0.000000,0.000000,20.000000,0.000000,0.000000,0.000000,0.000000,0.012160,0.000000,0.910900,19.998791,0.032572,0.217469,20.000000
0.215400,1,"LINK_TORSO_YAW",0.102400,0.200000,0.113000,20.000000,0.000000,0.000000,20.000000,0.000000,0.000000,0.000000,0.000000,0.012160,0.000000,0.910900,19.998805,0.032586,0.216215,20.000000
0.215500,1,"LINK_TORSO_YAW",0.102400,0.200000,0.113100,20.000000,0.000000,0.000000,20.000000,0.000000,0.000000,0.000000,0.000000,0.012160,0.000000,0.910900,19.998818,0.032599,0.214962,20.000000
0.215600,1,"LINK_TORSO_YAW",0.102400,0.200000,0.113200,20.000000,0.000000,0.000000,20.000000,0.000000,0.000000,0.000000,0.000000,0.012160,0.000000,0.910900,19.998832,0.032613,0.213710,20.000000
0.215700,1,"LINK_TORSO_YAW",0.102400,0.200000,0.113300,20.000000,0.000000,0.000000,20.000000,0.000000,0.000000,0.000000,0.000000,0.012160,0.000000,0.910900,19.998845,0.032626,0.212457,20.000000
0.215800,1,"LINK_TORSO_YAW",0.102400,0.200000,0.113400,20.000000,0.000000,0.000000,20.000000,0.000000,0.000000,0.000000,0.000000,0.012160,0.000000,0.910900,19.998858,0.032639,0.211204,20.000000
0.215900,1,"LINK_TORSO_YAW",0.102400,0.200000,0.113500,20.000000,0.000000,0.000000,20.000000,0.000000,0.000000,0.000000,0.000000,0.012160,0.000000,0.910900,19.998871,0.032653,0.209949,20.000000
0.216000,1,"LINK_TORSO_YAW",0.102400,0.200000,0.113600,20.000000,0.000000,0.000000,20.000000,0.000000,0.000000,0.000000,0.000000,0.012160,0.000000,0.910900,19.998884,0.032666,0.208693,20.000000
0.216100,1,"LINK_TORSO_YAW",0.102400,0.200000,0.113700,20.000000,0.000000,0.000000,20.000000,0.000000,0.000000,0.000000,0.000000,0.012160,0.000000,0.910900,19.998898,0.032680,0.207434,20.000000
0.216200,1,"LINK_TORSO_YAW",0.102400,0.200000,0.113800,20.000000,0.000000,0.000000,20.000000,0.000000,0.000000,0.000000,0.000000,0.012160,0.000000,0.910900,19.998911,0.032693,0.206174,20.000000
0.216300,1,"LINK_TORSO_YAW",0.102400,0.200000,0.113900,20.000000,0.000000,0.000000,20.000000,0.000000,0.000000,0.000000,0.000000,0.012160,0.000000,0.910900,19.998923,0.032706,0.204914,20.000000
0.216400,1,"LINK_TORSO_YAW",0.102400,0.200000,0.114000,20.000000,0.000000,0.000000,20.000000,0.000000,0.000000,0.000000,0.000000,0.012160,0.000000,0.910900,19.998936,0.032720,0.203654,20.000000
0.216500,1,"LINK_TORSO_YAW",0.102400,0.200000,0.114100,20.000000,0.000000,0.000000,20.000000,0.000000,0.000000,0.000000,0.000000,0.012160,0.000000,0.910900,19.998949,0.032733,0.202395,20.000000
0.216600,1,"LINK_TORSO_YAW",0.102400,0.200000,0.114200,20.000000,0.000000,0.000000,20.000000,0.000000,0.000000,0.000000,0.000000,0.012160,0.000000,0.910900,19.998962,0.032746,0.201134,20.000000
0.216700,1,"LINK_TORSO_YAW",0.102400,0.200000,0.114300,20.000000,0.000000,0.000000,20.000000,0.000000,0.000000,0.000000,0.000000,0.012160,0.000000,0.910900,19.998974,0.032759,0.199873,20.000000
0.216800,1,"LINK_TORSO_YAW",0.102400,0.200000,0.114400,20.000000,0.000000,0.000000,20.000000,0.000000,0.000000,0.000000,0.000000,0.012160,0.000000,0.910900,19.998987,0.032773,0.198610,20.000000
0.216900,1,"LINK_TORSO_YAW",0.102400,0.200000,0.114500,20.000000,0.000000,0.000000,20.000000,0.000000,0.000000,0.000000,0.000000,0.012160,0.000000,0.910900,19.998999,0.032786,0.197344,20.000000
0.217000,1,"LINK_TORSO_YAW",0.102400,0.200000,0.114600,20.000000,0.000000,0.000000,20.000000,0.000000,0.000000,0.000000,0.000000,0.012160,0.000000,0.910900,19.999012,0.032799,0.196077,20.000000
0.217100,1,"LINK_TORSO_YAW",0.102400,0.200000,0.114700,20.000000,0.000000,0.000000,20.000000,0.000000,0.000000,0.000000,0.000000,0.012160,0.000000,0.910900,19.999024,0.032812,0.194806,20.000000
0.217200,1,"LINK_TORSO_YAW",0.102400,0.200000,0.114800,20.000000,0.000000,0.000000,20.000000,0.000000,0.000000,0.000000,0.000000,0.012160,0.000000,0.910900,19.999037,0.032826,0.193533,20.000000
0.217300,1,"LINK_TORSO_YAW",0.102400,0.200000,0.114900,20.000000,0.000000,0.000000,20.000000,0.000000,0.000000,0.000000,0.000000,0.012160,0.000000,0.910900,19.999049,0.032839,0.192260,20.000000
0.217400,1,"LINK_TORSO_YAW",0.102400,0.200000,0.115000,20.000000,0.000000,0.000000,20.000000,0.000000,0.000000,0.000000,0.000000,0.012160,0.000000,0.910900,19.999061,0.032852,0.190988,20.000000
0.217500,1,"LINK_TORSO_YAW",0.102400,0.200000,0.115100,20.000000,0.000000,0.000000,20.000000,0.000000,0.000000,0.000000,0.000000,0.012160,0.000000,0.910900,19.999073,0.032865,0.189715,20.000000
0.217600,1,"LINK_TORSO_YAW",0.102400,0.200000,0.115200,20.000000,0.000000,0.000000,20.000000,0.000000,0.000000,0.000000,0.000000,0.012160,0.000000,0.910900,19.999085,0.032878,0.188442,20.000000
0.217700,1,"LINK_TORSO_YAW",0.102400,0.200000,0.115300,20.000000,0.000000,0.000000,20.000000,0.000000,0.000000,0.000000,0.000000,0.012160,0.000000,0.910900,19.999097,0.032891,0.187168,20.000000
0.217800,1,"LINK_TORSO_YAW",0.102400,0.200000,0.115400,20.000000,0.000000,0.000000,20.000000,0.000000,0.000000,0.000000,0.000000,0.012160,0.000000,0.910900,19.999109,0.032904,0.185892,20.000000
0.217900,1,"LINK_TORSO_YAW",0.102400,0.200000,0.115500,20.000000,0.000000,0.000000,20.000000,0.000000,0.000000,0.000000,0.000000,0.012160,0.000000,0.910900,19.999121,0.032917,0.184614,20.000000
0.218000,1,"LINK_TORSO_YAW",0.102400,0.200000,0.115600,20.000000,0.000000,0.000000,20.000000,0.000000,0.000000,0.000000,0.000000,0.012160,0.000000,0.910900,19.999133,0.032931,0.183333,20.000000
0.218100,1,"LINK_TORSO_YAW",0.102400,0.200000,0.115700,20.000000,0.000000,0.000000,20.000000,0.000000,0.000000,0.000000,0.000000,0.012160,0.000000,0.910900,19.999144,0.032944,0.182050,20.000000
0.218200,1,"LINK_TORSO_YAW",0.102400,0.200000,0.115800,20.000000,0.000000,0.000000,20.000000,0.000000,0.000000,0.000000,0.000000,0.012160,0.000000,0.910900,19.999156,0.032957,0.180764,20.000000
0.218300,1,"LINK_TORSO_YAW",0.102400,0.200000,0.115900,20.000000,0.000000,0.000000,20.000000,0.000000,0.000000,0.000000,0.000000,0.012160,0.000000,0.910900,19.999168,0.032970,0.179474,20.000000
0.218400,1,"LINK_TORSO_YAW",0.102400,0.200000,0.116000,20.000000,0.000000,0.000000,20.000000,0.000000,0.000000,0.000000,0.000000,0.012160,0.000000,0.910900,19.999179,0.032983,0.178184,20.000000
0.218500,1,"LINK_TORSO_YAW",0.102400,0.200000,0.116100,20.000000,0.000000,0.000000,20.000000,0.000000,0.000000,0.000000,0.000000,0.012160,0.000000,0.910900,19.999190,0.032996,0.176896,20.000000
0.218600,1,"LINK_TORSO_YAW",0.102400,0.200000,0.116200,20.000000,0.000000,0.000000,20.000000,0.000000,0.000000,0.000000,0.000000,0.012160,0.000000,0.910900,19.999202,0.033009,0.175607,20.000000
0.218700,1,"LINK_TORSO_YAW",0.102400,0.200000,0.116300,20.000000,0.000000,0.000000,20.000000,0.000000,0.000000,0.000000,0.000000,0.012160,0.000000,0.910900,19.999213,0.033022,0.174317,20.000000
0.218800,1,"LINK_TORSO_YAW",0.102400,0.200000,0.116400,20.000000,0.000000,0.000000,20.000000,0.000000,0.000000,0.000000,0.000000,0.012160,0.000000,0.910900,19.999224,0.033035,0.173026,20.000000
0.218900,1,"LINK_TORSO_YAW",0.102400,0.200000,0.116500,20.000000,0.000000,0.000000,20.000000,0.000000,0.000000,0.000000,0.000000,0.012160,0.000000,0.910900,19.999235,0.033048,0.171734,20.000000
0.219000,1,"LINK_TORSO_YAW",0.102400,0.200000,0.116600,20.000000,0.000000,0.000000,20.000000,0.000000,0.000000,0.000000,0.000000,0.012160,0.000000,0.910900,19.999246,0.033061,0.170439,20.000000
0.219100,1,"LINK_TORSO_YAW",0.102400,0.200000,0.116700,20.000000,0.000000,0.000000,20.000000,0.000000,0.000000,0.000000,0.000000,0.012160,0.000000,0.910900,19.999257,0.033074,0.169143,20.000000
0.219200,1,"LINK_TORSO_YAW",0.102400,0.200000,0.116800,20.000000,0.000000,0.000000,20.000000,0.000000,0.000000,0.000000,0.000000,0.012160,0.000000,0.910900,19.999268,0.033087,0.167843,20.000000
0.219300,1,"LINK_TORSO_YAW",0.102400,0.200000,0.116900,20.000000,0.000000,0.000000,20.000000,0.000000,0.000000,0.000000,0.000000,0.012160,0.000000,0.910900,19.999279,0.033100,0.166544,20.000000
0.219400,1,"LINK_TORSO_YAW",0.102400,0.200000,0.117000,20.000000,0.000000,0.000000,20.000000,0.000000,0.000000,0.000000,0.000000,0.012160,0.000000,0.910900,19.999290,0.033113,0.165246,20.000000
0.219500,1,"LINK_TORSO_YAW",0.102400,0.200000,0.117100,20.000000,0.000000,0.000000,20.000000,0.000000,0.000000,0.000000,0.000000,0.012160,0.000000,0.910900,19.999301,0.033126,0.163948,20.000000
0.219600,1,"LINK_TORSO_YAW",0.102400,0.200000,0.117200,20.000000,0.000000,0.000000,20.000000,0.000000,0.000000,0.000000,0.000000,0.012160,0.000000,0.910900,19.999311,0.033139,0.162648,20.000000
0.219700,1,"LINK_TORSO_YAW",0.102400,0.200000,0.117300,20.000000,0.000000,0.000000,20.000000,0.000000,0.000000,0.000000,0.000000,0.012160,0.000000,0.910900,19.999322,0.033152,0.161348,20.000000
0.219800,1,"LINK_TORSO_YAW",0.102400,0.200000,0.117400,20.000000,0.000000,0.000000,20.000000,0.000000,0.000000,0.000000,0.000000,0.012160,0.000000,0.910900,19.999332,0.033165,0.160046,20.000000
0.219900,1,"LINK_TORSO_YAW",0.102400,0.200000,0.117500,20.000000,0.000000,0.000000,20.000000,0.000000,0.000000,0.000000,0.000000,0.012160,0.000000,0.910900,19.999342,0.033177,0.158742,20.000000
0.220000,1,"LINK_TORSO_YAW",0.102400,0.200000,0.117600,20.000000,0.000000,0.000000,20.000000,0.000000,0.000000,0.000000,0.000000,0.012160,0.000000,0.910900,19.999353,0.033190,0.157436,20.000000
0.220100,1,"LINK_TORSO_YAW",0.102400,0.200000,0.117700,20.000000,0.000000,0.000000,20.000000,0.000000,0.000000,0.000000,0.000000,0.012160,0.000000,0.910900,19.999363,0.033203,0.156127,20.000000
0.220200,1,"LINK_TORSO_YAW",0.102400,0.200000,0.117800,20.000000,0.000000,0.000000,20.000000,0.000000,0.000000,0.000000,0.000000,0.012160,0.000000,0.910900,19.999373,0.033216,0.154818,20.000000
0.220300,1,"LINK_TORSO_YAW",0.102400,0.200000,0.117900,20.000000,0.000000,0.000000,20.000000,0.000000,0.000000,0.000000,0.000000,0.012160,0.000000,0.910900,19.999383,0.033229,0.153510,20.000000
0.220400,1,"LINK_TORSO_YAW",0.102400,0.200000,0.118000,20.000000,0.000000,0.000000,20.000000,0.000000,0.000000,0.000000,0.000000,0.012160,0.000000,0.910900,19.999393,0.033242,0.152202,20.000000
0.220500,1,"LINK_TORSO_YAW",0.102400,0.200000,0.118100,20.000000,0.000000,0.000000,20.000000,0.000000,0.000000,0.000000,0.000000,0.012160,0.000000,0.910900,19.999403,0.033254,0.150894,20.000000
0.220600,1,"LINK_TORSO_YAW",0.102400,0.200000,0.118200,20.000000,0.000000,0.000000,20.000000,0.000000,0.000000,0.000000,0.000000,0.012160,0.000000,0.910900,19.999413,0.033267,0.149584,20.000000
0.220700,1,"LINK_TORSO_YAW",0.102400,0.200000,0.118300,20.000000,0.000000,0.000000,20.000000,0.000000,0.000000,0.000000,0.000000,0.012160,0.000000,0.910900,19.999423,0.033280,0.148272,20.000000
0.220800,1,"LINK_TORSO_YAW",0.102400,0.200000,0.118400,20.000000,0.000000,0.000000,20.000000,0.000000,0.000000,0.000000,0.000000,0.012160,0.000000,0.910900,19.999432,0.033292,0.146959,20.000000
0.220900,1,"LINK_TORSO_YAW",0.102400,0.200000,0.118500,20.000000,0.000000,0.000000,20.000000,0.000000,0.000000,0.000000,0.000000,0.012160,0.000000,0.910900,19.999442,0.033305,0.145643,20.000000
0.221000,1,"LINK_TORSO_YAW",0.102400,0.200000,0.118600,20.000000,0.000000,0.000000,20.000000,0.000000,0.000000,0.000000,0.000000,0.012160,0.000000,0.910900,19.999452,0.033318,0.144324,20.000000
0.221100,1,"LINK_TORSO_YAW",0.102400,0.200000,0.118700,20.000000,0.000000,0.000000,20.000000,0.000000,0.000000,0.000000,0.000000,0.012160,0.000000,0.910900,19.999461,0.033330,0.143006,20.000000
0.221200,1,"LINK_TORSO_YAW",0.102400,0.200000,0.118800,20.000000,0.000000,0.000000,20.000000,0.000000,0.000000,0.000000,0.000000,0.012160,0.000000,0.910900,19.999470,0.033343,0.141689,20.000000
0.221300,1,"LINK_TORSO_YAW",0.102400,0.200000,0.118900,20.000000,0.000000,0.000000,20.000000,0.000000,0.000000,0.000000,0.000000,0.012160,0.000000,0.910900,19.999480,0.033356,0.140371,20.000000
0.221400,1,"LINK_TORSO_YAW",0.102400,0.200000,0.119000,20.000000,0.000000,0.000000,20.000000,0.000000,0.000000,0.000000,0.000000,0.012160,0.000000,0.910900,19.999489,0.033368,0.139053,20.000000
0.221500,1,"LINK_TORSO_YAW",0.102400,0.200000,0.119100,20.000000,0.000000,0.000000,20.000000,0.000000,0.000000,0.000000,0.000000,0.012160,0.000000,0.910900,19.999498,0.033381,0.137734,20.000000
0.221600,1,"LINK_TORSO_YAW",0.102400,0.200000,0.119200,20.000000,0.000000,0.000000,20.000000,0.000000,0.000000,0.000000,0.000000,0.012160,0.000000,0.910900,19.999507,0.033393,0.136413,20.000000
0.221700,1,"LINK_TORSO_YAW",0.102400,0.200000,0.119300,20.000000,0.000000,0.000000,20.000000,0.000000,0.000000,0.000000,0.000000,0.012160,0.000000,0.910900,19.999516,0.033406,0.135090,20.000000
0.221800,1,"LINK_TORSO_YAW",0.102400,0.200000,0.119400,20.000000,0.000000,0.000000,20.000000,0.000000,0.000000,0.000000,0.000000,0.012160,0.000000,0.910900,19.999525,0.033418,0.133764,20.000000
0.221900,1,"LINK_TORSO_YAW",0.102400,0.200000,0.119500,20.000000,0.000000,0.000000,20.000000,0.000000,0.000000,0.000000,0.000000,0.012160,0.000000,0.910900,19.999534,0.033431,0.132436,20.000000
0.222000,1,"LINK_TORSO_YAW",0.102400,0.200000,0.119600,20.000000,0.000000,0.000000,20.000000,0.000000,0.000000,0.000000,0.000000,0.012160,0.000000,0.910900,19.999542,0.033444,0.131109,20.000000
0.222100,1,"LINK_TORSO_YAW",0.102400,0.200000,0.119700,20.000000,0.000000,0.000000,20.000000,0.000000,0.000000,0.000000,0.000000,0.012160,0.000000,0.910900,19.999551,0.033456,0.129782,20.000000
0.222200,1,"LINK_TORSO_YAW",0.102400,0.200000,0.119800,20.000000,0.000000,0.000000,20.000000,0.000000,0.000000,0.000000,0.000000,0.012160,0.000000,0.910900,19.999559,0.033469,0.128455,20.000000
0.222300,1,"LINK_TORSO_YAW",0.102400,0.200000,0.119900,20.000000,0.000000,0.000000,20.000000,0.000000,0.000000,0.000000,0.000000,0.012160,0.000000,0.910900,19.999568,0.033481,0.127127,20.000000
0.222400,1,"LINK_TORSO_YAW",0.102400,0.200000,0.120000,20.000000,0.000000,0.000000,20.000000,0.000000,0.000000,0.000000,0.000000,0.012160,0.000000,0.910900,19.999576,0.033493,0.125798,20.000000
0.222500,1,"LINK_TORSO_YAW",0.102400,0.200000,0.120100,20.000000,0.000000,0.000000,20.000000,0.000000,0.000000,0.000000,0.000000,0.012160,0.000000,0.910900,19.999585,0.033506,0.124468,20.000000
0.222600,1,"LINK_TORSO_YAW",0.102400,0.200000,0.120200,20.000000,0.000000,0.000000,20.000000,0.000000,0.000000,0.000000,0.000000,0.012160,0.000000,0.910900,19.999593,0.033518,0.123135,20.000000
0.222700,1,"LINK_TORSO_YAW",0.102400,0.200000,0.120300,20.000000,0.000000,0.000000,20.000000,0.000000,0.000000,0.000000,0.000000,0.012160,0.000000,0.910900,19.999601,0.033531,0.121800,20.000000
0.222800,1,"LINK_TORSO_YAW",0.102400,0.200000,0.120400,20.000000,0.000000,0.000000,20.000000,0.000000,0.000000,0.000000,0.000000,0.012160,0.000000,0.910900,19.999609,0.033543,0.120462,20.000000
0.222900,1,"LINK_TORSO_YAW",0.102400,0.200000,0.120500,20.000000,0.000000,0.000000,20.000000,0.000000,0.000000,0.000000,0.000000,0.012160,0.000000,0.910900,19.999617,0.033556,0.119122,20.000000
0.223000,1,"LINK_TORSO_YAW",0.102400,0.200000,0.120600,20.000000,0.000000,0.000000,20.000000,0.000000,0.000000,0.000000,0.000000,0.012160,0.000000,0.910900,19.999625,0.033568,0.117777,20.000000
0.223100,1,"LINK_TORSO_YAW",0.102400,0.200000,0.120700,20.000000,0.000000,0.000000,20.000000,0.000000,0.000000,0.000000,0.000000,0.012160,0.000000,0.910900,19.999633,0.033581,0.116429,20.000000
0.223200,1,"LINK_TORSO_YAW",0.102400,0.200000,0.120800,20.000000,0.000000,0.000000,20.000000,0.000000,0.000000,0.000000,0.000000,0.012160,0.000000,0.910900,19.999641,0.033594,0.115081,20.000000
0.223300,1,"LINK_TORSO_YAW",0.102400,0.200000,0.120900,20.000000,0.000000,0.000000,20.000000,0.000000,0.000000,0.000000,0.000000,0.012160,0.000000,0.910900,19.999648,0.033606,0.113734,20.000000
0.223400,1,"LINK_TORSO_YAW",0.102400,0.200000,0.121000,20.000000,0.000000,0.000000,20.000000,0.000000,0.000000,0.000000,0.000000,0.012160,0.000000,0.910900,19.999656,0.033619,0.112387,20.000000
0.223500,1,"LINK_TORSO_YAW",0.102400,0.200000,0.121100,20.000000,0.000000,0.000000,20.000000,0.000000,0.000000,0.000000,0.000000,0.012160,0.000000,0.910900,19.999663,0.033631,0.111039,20.000000
0.223600,1,"LINK_TORSO_YAW",0.102400,0.200000,0.121200,20.000000,0.000000,0.000000,20.000000,0.000000,0.000000,0.000000,0.000000,0.012160,0.000000,0.910900,19.999671,0.033643,0.109689,20.000000
0.223700,1,"LINK_TORSO_YAW",0.102400,0.200000,0.121300,20.000000,0.000000,0.000000,20.000000,0.000000,0.000000,0.000000,0.000000,0.012160,0.000000,0.910900,19.999678,0.033656,0.108339,20.000000
0.223800,1,"LINK_TORSO_YAW",0.102400,0.200000,0.121400,20.000000,0.000000,0.000000,20.000000,0.000000,0.000000,0.000000,0.000000,0.012160,0.000000,0.910900,19.999686,0.033668,0.106986,20.000000
0.223900,1,"LINK_TORSO_YAW",0.102400,0.200000,0.121500,20.000000,0.000000,0.000000,20.000000,0.000000,0.000000,0.000000,0.000000,0.012160,0.000000,0.910900,19.999693,0.033681,0.105631,20.000000
0.224000,1,"LINK_TORSO_YAW",0.102400,0.200000,0.121600,20.000000,0.000000,0.000000,20.000000,0.000000,0.000000,0.000000,0.000000,0.012160,0.000000,0.910900,19.999700,0.033693,0.104273,20.000000
0.224100,1,"LINK_TORSO_YAW",0.102400,0.200000,0.121700,20.000000,0.000000,0.000000,20.000000,0.000000,0.000000,0.000000,0.000000,0.012160,0.000000,0.910900,19.999707,0.033706,0.102912,20.000000
0.224200,1,"LINK_TORSO_YAW",0.102400,0.200000,0.121800,20.000000,0.000000,0.000000,20.000000,0.000000,0.000000,0.000000,0.000000,0.012160,0.000000,0.910900,19.999714,0.033718,0.101552,20.000000
0.224300,1,"LINK_TORSO_YAW",0.102400,0.200000,0.121900,20.000000,0.000000,0.000000,20.000000,0.000000,0.000000,0.000000,0.000000,0.012160,0.000000,0.910900,19.999721,0.033731,0.100192,20.000000
0.224400,1,"LINK_TORSO_YAW",0.102400,0.200000,0.122000,20.000000,0.000000,0.000000,20.000000,0.000000,0.000000,0.000000,0.000000,0.012160,0.000000,0.910900,19.999727,0.033743,0.098832,20.000000
0.224500,1,"LINK_TORSO_YAW",0.102400,0.200000,0.122100,20.000000,0.000000,0.000000,20.000000,0.000000,0.000000,0.000000,0.000000,0.012160,0.000000,0.910900,19.999734,0.033755,0.097472,20.000000
0.224600,1,"LINK_TORSO_YAW",0.102400,0.200000,0.122200,20.000000,0.000000,0.000000,20.000000,0.000000,0.000000,0.000000,0.000000,0.012160,0.000000,0.910900,19.999741,0.033768,0.096110,20.000000
0.224700,1,"LINK_TORSO_YAW",0.102400,0.200000,0.122300,20.000000,0.000000,0.000000,20.000000,0.000000,0.000000,0.000000,0.000000,0.012160,0.000000,0.910900,19.999747,0.033780,0.094746,20.000000
0.224800,1,"LINK_TORSO_YAW",0.102400,0.200000,0.122400,20.000000,0.000000,0.000000,20.000000,0.000000,0.000000,0.000000,0.000000,0.012160,0.000000,0.910900,19.999753,0.033792,0.093381,20.000000
0.224900,1,"LINK_TORSO_YAW",0.102400,0.200000,0.122500,20.000000,0.000000,0.000000,20.000000,0.000000,0.000000,0.000000,0.000000,0.012160,0.000000,0.910900,19.999760,0.033805,0.092013,20.000000
0.225000,1,"LINK_TORSO_YAW",0.102400,0.200000,0.122600,20.000000,0.000000,0.000000,20.000000,0.000000,0.000000,0.000000,0.000000,0.012160,0.000000,0.910900,19.999766,0.033817,0.090643,20.000000
0.225100,1,"LINK_TORSO_YAW",0.102400,0.200000,0.122700,20.000000,0.000000,0.000000,20.000000,0.000000,0.000000,0.000000,0.000000,0.012160,0.000000,0.910900,19.999772,0.033830,0.089269,20.000000
0.225200,1,"LINK_TORSO_YAW",0.102400,0.200000,0.122800,20.000000,0.000000,0.000000,20.000000,0.000000,0.000000,0.000000,0.000000,0.012160,0.000000,0.910900,19.999778,0.033842,0.087892,20.000000
0.225300,1,"LINK_TORSO_YAW",0.102400,0.200000,0.122900,20.000000,0.000000,0.000000,20.000000,0.000000,0.000000,0.000000,0.000000,0.012160,0.000000,0.910900,19.999784,0.033855,0.086516,20.000000
0.225400,1,"LINK_TORSO_YAW",0.102400,0.200000,0.123000,20.000000,0.000000,0.000000,20.000000,0.000000,0.000000,0.000000,0.000000,0.012160,0.000000,0.910900,19.999790,0.033867,0.085140,20.000000
0.225500,1,"LINK_TORSO_YAW",0.102400,0.200000,0.123100,20.000000,0.000000,0.000000,20.000000,0.000000,0.000000,0.000000,0.000000,0.012160,0.000000,0.910900,19.999796,0.033879,0.083764,20.000000
0.225600,1,"LINK_TORSO_YAW",0.102400,0.200000,0.123200,20.000000,0.000000,0.000000,20.000000,0.000000,0.000000,0.000000,0.000000,0.012160,0.000000,0.910900,19.999802,0.033892,0.082387,20.000000
0.225700,1,"LINK_TORSO_YAW",0.102400,0.200000,0.123300,20.000000,0.000000,0.000000,20.000000,0.000000,0.000000,0.000000,0.000000,0.012160,0.000000,0.910900,19.999807,0.033904,0.081010,20.000000
0.225800,1,"LINK_TORSO_YAW",0.102400,0.200000,0.123400,20.000000,0.000000,0.000000,20.000000,0.000000,0.000000,0.000000,0.000000,0.012160,0.000000,0.910900,19.999813,0.033916,0.079630,20.000000
0.225900,1,"LINK_TORSO_YAW",0.102400,0.200000,0.123500,20.000000,0.000000,0.000000,20.000000,0.000000,0.000000,0.000000,0.000000,0.012160,0.000000,0.910900,19.999818,0.033929,0.078249,20.000000
0.226000,1,"LINK_TORSO_YAW",0.102400,0.200000,0.123600,20.000000,0.000000,0.000000,20.000000,0.000000,0.000000,0.000000,0.000000,0.012160,0.000000,0.910900,19.999823,0.033941,0.076865,20.000000
0.226100,1,"LINK_TORSO_YAW",0.102400,0.200000,0.123700,20.000000,0.000000,0.000000,20.000000,0.000000,0.000000,0.000000,0.000000,0.012160,0.000000,0.910900,19.999829,0.033953,0.075479,20.000000
0.226200,1,"LINK_TORSO_YAW",0.102400,0.200000,0.123800,20.000000,0.000000,0.000000,20.000000,0.000000,0.000000,0.000000,0.000000,0.012160,0.000000,0.910900,19.999834,0.033966,0.074089,20.000000
0.226300,1,"LINK_TORSO_YAW",0.102400,0.200000,0.123900,20.000000,0.000000,0.000000,20.000000,0.000000,0.000000,0.000000,0.000000,0.012160,0.000000,0.910900,19.999839,0.033978,0.072700,20.000000
0.226400,1,"LINK_TORSO_YAW",0.102400,0.200000,0.124000,20.000000,0.000000,0.000000,20.000000,0.000000,0.000000,0.000000,0.000000,0.012160,0.000000,0.910900,19.999844,0.033991,0.071312,20.000000
0.226500,1,"LINK_TORSO_YAW",0.102400,0.200000,0.124100,20.000000,0.000000,0.000000,20.000000,0.000000,0.000000,0.000000,0.000000,0.012160,0.000000,0.910900,19.999849,0.034003,0.069923,20.000000
0.226600,1,"LINK_TORSO_YAW",0.102400,0.200000,0.124200,20.000000,0.000000,0.000000,20.000000,0.000000,0.000000,0.000000,0.000000,0.012160,0.000000,0.910900,19.999854,0.034015,0.068534,20.000000
0.226700,1,"LINK_TORSO_YAW",0.102400,0.200000,0.124300,20.000000,0.000000,0.000000,20.000000,0.000000,0.000000,0.000000,0.000000,0.012160,0.000000,0.910900,19.999858,0.034027,0.067144,20.000000
0.226800,1,"LINK_TORSO_YAW",0.102400,0.200000,0.124400,20.000000,0.000000,0.000000,20.000000,0.000000,0.000000,0.000000,0.000000,0.012160,0.000000,0.910900,19.999863,0.034039,0.065752,20.000000
0.226900,1,"LINK_TORSO_YAW",0.102400,0.200000,0.124500,20.000000,0.000000,0.000000,20.000000,0.000000,0.000000,0.000000,0.000000,0.012160,0.000000,0.910900,19.999867,0.034052,0.064358,20.000000
0.227000,1,"LINK_TORSO_YAW",0.102400,0.200000,0.124600,20.000000,0.000000,0.000000,20.000000,0.000000,0.000000,0.000000,0.000000,0.012160,0.000000,0.910900,19.999872,0.034064,0.062962,20.000000
0.227100,1,"LINK_TORSO_YAW",0.102400,0.200000,0.124700,20.000000,0.000000,0.000000,20.000000,0.000000,0.000000,0.000000,0.000000,0.012160,0.000000,0.910900,19.999876,0.034076,0.061563,20.000000
0.227200,1,"LINK_TORSO_YAW",0.102400,0.200000,0.124800,20.000000,0.000000,0.000000,20.000000,0.000000,0.000000,0.000000,0.000000,0.012160,0.000000,0.910900,19.999880,0.034089,0.060161,20.000000
0.227300,1,"LINK_TORSO_YAW",0.102400,0.200000,0.124900,20.000000,0.000000,0.000000,20.000000,0.000000,0.000000,0.000000,0.000000,0.012160,0.000000,0.910900,19.999885,0.034101,0.058755,20.000000
0.227400,1,"LINK_TORSO_YAW",0.102400,0.200000,0.125000,20.000000,0.000000,0.000000,20.000000,0.000000,0.000000,0.000000,0.000000,0.012160,0.000000,0.910900,19.999889,0.034113,0.057351,20.000000
0.227500,1,"LINK_TORSO_YAW",0.102400,0.200000,0.125100,20.000000,0.000000,0.000000,20.000000,0.000000,0.000000,0.000000,0.000000,0.012160,0.000000,0.910900,19.999893,0.034126,0.055946,20.000000
0.227600,1,"LINK_TORSO_YAW",0.102400,0.200000,0.125200,20.000000,0.000000,0.000000,20.000000,0.000000,0.000000,0.000000,0.000000,0.012160,0.000000,0.910900,19.999896,0.034138,0.054542,20.000000
0.227700,1,"LINK_TORSO_YAW",0.102400,0.200000,0.125300,20.000000,0.000000,0.000000,20.000000,0.000000,0.000000,0.000000,0.000000,0.012160,0.000000,0.910900,19.999900,0.034150,0.053137,20.000000
0.227800,1,"LINK_TORSO_YAW",0.102400,0.200000,0.125400,20.000000,0.000000,0.000000,20.000000,0.000000,0.000000,0.000000,0.000000,0.012160,0.000000,0.910900,19.999904,0.034162,0.051730,20.000000
0.227900,1,"LINK_TORSO_YAW",0.102400,0.200000,0.125500,20.000000,0.000000,0.000000,20.000000,0.000000,0.000000,0.000000,0.000000,0.012160,0.000000,0.910900,19.999907,0.034175,0.050322,20.000000
0.228000,1,"LINK_TORSO_YAW",0.102400,0.200000,0.125600,20.000000,0.000000,0.000000,20.000000,0.000000,0.000000,0.000000,0.000000,0.012160,0.000000,0.910900,19.999911,0.034187,0.048912,20.000000
0.228100,1,"LINK_TORSO_YAW",0.102400,0.200000,0.125700,20.000000,0.000000,0.000000,20.000000,0.000000,0.000000,0.000000,0.000000,0.012160,0.000000,0.910900,19.999914,0.034199,0.047500,20.000000
0.228200,1,"LINK_TORSO_YAW",0.102400,0.200000,0.125800,20.000000,0.000000,0.000000,20.000000,0.000000,0.000000,0.000000,0.000000,0.012160,0.000000,0.910900,19.999918,0.034211,0.046085,20.000000
0.228300,1,"LINK_TORSO_YAW",0.102400,0.200000,0.125900,20.000000,0.000000,0.000000,20.000000,0.000000,0.000000,0.000000,0.000000,0.012160,0.000000,0.910900,19.999921,0.034224,0.044667,20.000000
0.228400,1,"LINK_TORSO_YAW",0.102400,0.200000,0.126000,20.000000,0.000000,0.000000,20.000000,0.000000,0.000000,0.000000,0.000000,0.012160,0.000000,0.910900,19.999924,0.034236,0.043246,20.000000
0.228500,1,"LINK_TORSO_YAW",0.102400,0.200000,0.126100,20.000000,0.000000,0.000000,20.000000,0.000000,0.000000,0.000000,0.000000,0.012160,0.000000,0.910900,19.999927,0.034248,0.041825,20.000000
0.228600,1,"LINK_TORSO_YAW",0.102400,0.200000,0.126200,20.000000,0.000000,0.000000,20.000000,0.000000,0.000000,0.000000,0.000000,0.012160,0.000000,0.910900,19.999930,0.034260,0.040405,20.000000
0.228700,1,"LINK_TORSO_YAW",0.102400,0.200000,0.126300,20.000000,0.000000,0.000000,20.000000,0.000000,0.000000,0.000000,0.000000,0.012160,0.000000,0.910900,19.999933,0.034273,0.038984,20.000000
0.228800,1,"LINK_TORSO_YAW",0.102400,0.200000,0.126400,20.000000,0.000000,0.000000,20.000000,0.000000,0.000000,0.000000,0.000000,0.012160,0.000000,0.910900,19.999935,0.034285,0.037563,20.000000
0.228900,1,"LINK_TORSO_YAW",0.102400,0.200000,0.126500,20.000000,0.000000,0.000000,20.000000,0.000000,0.000000,0.000000,0.000000,0.012160,0.000000,0.910900,19.999938,0.034297,0.036141,20.000000
0.229000,1,"LINK_TORSO_YAW",0.102400,0.200000,0.126600,20.000000,0.000000,0.000000,20.000000,0.000000,0.000000,0.000000,0.000000,0.012160,0.000000,0.910900,19.999940,0.034309,0.034717,20.000000
0.229100,1,"LINK_TORSO_YAW",0.102400,0.200000,0.126700,20.000000,0.000000,0.000000,20.000000,0.000000,0.000000,0.000000,0.000000,0.012160,0.000000,0.910900,19.999943,0.034321,0.033291,20.000000
0.229200,1,"LINK_TORSO_YAW",0.102400,0.200000,0.126800,20.000000,0.000000,0.000000,20.000000,0.000000,0.000000,0.000000,0.000000,0.012160,0.000000,0.910900,19.999945,0.034334,0.031863,20.000000
0.229300,1,"LINK_TORSO_YAW",0.102400,0.200000,0.126900,20.000000,0.000000,0.000000,20.000000,0.000000,0.000000,0.000000,0.000000,0.012160,0.000000,0.910900,19.999947,0.034346,0.030432,20.000000
0.229400,1,"LINK_TORSO_YAW",0.102400,0.200000,0.127000,20.000000,0.000000,0.000000,20.000000,0.000000,0.000000,0.000000,0.000000,0.012160,0.000000,0.910900,19.999949,0.034358,0.028999,20.000000
0.229500,1,"LINK_TORSO_YAW",0.102400,0.200000,0.127100,20.000000,0.000000,0.000000,20.000000,0.000000,0.000000,0.000000,0.000000,0.012160,0.000000,0.910900,19.999951,0.034371,0.027561,20.000000
0.229600,1,"LINK_TORSO_YAW",0.102400,0.200000,0.127200,20.000000,0.000000,0.000000,20.000000,0.000000,0.000000,0.000000,0.000000,0.012160,0.000000,0.910900,19.999953,0.034383,0.026124,20.000000
0.229700,1,"LINK_TORSO_YAW",0.102400,0.200000,0.127300,20.000000,0.000000,0.000000,20.000000,0.000000,0.000000,0.000000,0.000000,0.012160,0.000000,0.910900,19.999955,0.034395,0.024688,20.000000
0.229800,1,"LINK_TORSO_YAW",0.102400,0.200000,0.127400,20.000000,0.000000,0.000000,20.000000,0.000000,0.000000,0.000000,0.000000,0.012160,0.000000,0.910900,19.999957,0.034407,0.023252,20.000000
0.229900,1,"LINK_TORSO_YAW",0.102400,0.200000,0.127500,20.000000,0.000000,0.000000,20.000000,0.000000,0.000000,0.000000,0.000000,0.012160,0.000000,0.910900,19.999958,0.034419,0.021815,20.000000
0.230000,1,"LINK_TORSO_YAW",0.102400,0.200000,0.127600,20.000000,0.000000,0.000000,20.000000,0.000000,0.000000,0.000000,0.000000,0.012160,0.000000,0.910900,19.999960,0.034432,0.020377,20.000000
0.230100,1,"LINK_TORSO_YAW",0.102400,0.200000,0.127700,20.000000,0.000000,0.000000,20.000000,0.000000,0.000000,0.000000,0.000000,0.012160,0.000000,0.910900,19.999961,0.034444,0.018937,20.000000
0.230200,1,"LINK_TORSO_YAW",0.102400,0.200000,0.127800,20.000000,0.000000,0.000000,20.000000,0.000000,0.000000,0.000000,0.000000,0.012160,0.000000,0.910900,19.999963,0.034456,0.017495,20.000000
0.230300,1,"LINK_TORSO_YAW",0.102400,0.200000,0.127900,20.000000,0.000000,0.000000,20.000000,0.000000,0.000000,0.000000,0.000000,0.012160,0.000000,0.910900,19.999964,0.034468,0.016051,20.000000
0.230400,1,"LINK_TORSO_YAW",0.102400,0.200000,0.128000,20.000000,0.000000,0.000000,20.000000,0.000000,0.000000,0.000000,0.000000,0.012160,0.000000,0.910900,19.999965,0.034480,0.014605,20.000000
0.230500,1,"LINK_TORSO_YAW",0.102400,0.200000,0.128100,20.000000,0.000000,0.000000,20.000000,0.000000,0.000000,0.000000,0.000000,0.012160,0.000000,0.910900,19.999966,0.034493,0.013155,20.000000
0.230600,1,"LINK_TORSO_YAW",0.102400,0.200000,0.128200,20.000000,0.000000,0.000000,20.000000,0.000000,0.000000,0.000000,0.000000,0.012160,0.000000,0.910900,19.999967,0.034505,0.011702,20.000000
0.230700,1,"LINK_TORSO_YAW",0.102400,0.200000,0.128300,20.000000,0.000000,0.000000,20.000000,0.000000,0.000000,0.000000,0.000000,0.012160,0.000000,0.910900,19.999968,0.034517,0.010244,20.000000
0.230800,1,"LINK_TORSO_YAW",0.102400,0.200000,0.128400,20.000000,0.000000,0.000000,20.000000,0.000000,0.000000,0.000000,0.000000,0.012160,0.000000,0.910900,19.999968,0.034529,0.008788,20.000000
0.230900,1,"LINK_TORSO_YAW",0.102400,0.200000,0.128500,20.000000,0.000000,0.000000,20.000000,0.000000,0.000000,0.000000,0.000000,0.012160,0.000000,0.910900,19.999969,0.034542,0.007332,20.000000
0.231000,1,"LINK_TORSO_YAW",0.102400,0.200000,0.128600,20.000000,0.000000,0.000000,20.000000,0.000000,0.000000,0.000000,0.000000,0.012160,0.000000,0.910900,19.999969,0.034554,0.005876,20.000000
0.231100,1,"LINK_TORSO_YAW",0.102400,0.200000,0.128700,20.000000,0.000000,0.000000,20.000000,0.000000,0.000000,0.000000,0.000000,0.012160,0.000000,0.910900,19.999970,0.034566,0.004419,20.000000
0.231200,1,"LINK_TORSO_YAW",0.102400,0.200000,0.128800,20.000000,0.000000,0.000000,20.000000,0.000000,0.000000,0.000000,0.000000,0.012160,0.000000,0.910900,19.999970,0.034578,0.002961,20.000000
0.231300,1,"LINK_TORSO_YAW",0.102400,0.200000,0.128900,20.000000,0.000000,0.000000,20.000000,0.000000,0.000000,0.000000,0.000000,0.012160,0.000000,0.910900,19.999970,0.034590,0.001501,20.000000
0.231400,1,"LINK_TORSO_YAW",0.102400,0.200000,0.129000,20.000000,0.000000,0.000000,20.000000,0.000000,0.000000,0.000000,0.000000,0.012160,0.000000,0.910900,19.999970,0.034603,0.000040,20.000000
0.231500,1,"LINK_TORSO_YAW",0.102400,0.200000,0.129100,20.000000,0.000000,0.000000,20.000000,0.000000,0.000000,0.000000,0.000000,0.012160,0.000000,0.910900,19.999970,0.034615,-0.001424,20.000000
0.231600,1,"LINK_TORSO_YAW",0.102400,0.200000,0.129200,20.000000,0.000000,0.000000,20.000000,0.000000,0.000000,0.000000,0.000000,0.012160,0.000000,0.910900,19.999970,0.034627,-0.002891,20.000000
0.231700,1,"LINK_TORSO_YAW",0.102400,0.200000,0.129300,20.000000,0.000000,0.000000,20.000000,0.000000,0.000000,0.000000,0.000000,0.012160,0.000000,0.910900,19.999970,0.034639,-0.004360,20.000000
0.231800,1,"LINK_TORSO_YAW",0.102400,0.200000,0.129400,20.000000,0.000000,0.000000,20.000000,0.000000,0.000000,0.000000,0.000000,0.012160,0.000000,0.910900,19.999969,0.034652,-0.005833,20.000000
0.231900,1,"LINK_TORSO_YAW",0.102400,0.200000,0.129500,20.000000,0.000000,0.000000,20.000000,0.000000,0.000000,0.000000,0.000000,0.012160,0.000000,0.910900,19.999969,0.034664,-0.007306,20.000000
0.232000,1,"LINK_TORSO_YAW",0.102400,0.200000,0.129600,20.000000,0.000000,0.000000,20.000000,0.000000,0.000000,0.000000,0.000000,0.012160,0.000000,0.910900,19.999968,0.034676,-0.008777,20.000000
0.232100,1,"LINK_TORSO_YAW",0.102400,0.200000,0.129700,20.000000,0.000000,0.000000,20.000000,0.000000,0.000000,0.000000,0.000000,0.012160,0.000000,0.910900,19.999967,0.034688,-0.010249,20.000000
0.232200,1,"LINK_TORSO_YAW",0.102400,0.200000,0.129800,20.000000,0.000000,0.000000,20.000000,0.000000,0.000000,0.000000,0.000000,0.012160,0.000000,0.910900,19.999967,0.034652,-0.011719,20.000000
0.232300,1,"LINK_TORSO_YAW",0.102400,0.200000,0.129900,20.000000,0.000000,0.000000,20.000000,0.000000,0.000000,0.000000,0.000000,0.012160,0.000000,0.910900,19.999966,0.034616,-0.013189,20.000000
0.232400,1,"LINK_TORSO_YAW",0.102400,0.200000,0.130000,20.000000,0.000000,0.000000,20.000000,0.000000,0.000000,0.000000,0.000000,0.012160,0.000000,0.910900,19.999965,0.034580,-0.014661,20.000000
0.232500,1,"LINK_TORSO_YAW",0.102400,0.200000,0.130100,20.000000,0.000000,0.000000,20.000000,0.000000,0.000000,0.000000,0.000000,0.012160,0.000000,0.910900,19.999964,0.034545,-0.016135,20.000000
0.232600,1,"LINK_TORSO_YAW",0.102400,0.200000,0.130200,20.000000,0.000000,0.000000,20.000000,0.000000,0.000000,0.000000,0.000000,0.012160,0.000000,0.910900,19.999962,0.034509,-0.017612,20.000000
0.232700,1,"LINK_TORSO_YAW",0.102400,0.200000,0.130300,20.000000,0.000000,0.000000,20.000000,0.000000,0.000000,0.000000,0.000000,0.012160,0.000000,0.910900,19.999961,0.034475,-0.019091,20.000000
0.232800,1,"LINK_TORSO_YAW",0.102400,0.200000,0.130400,20.000000,0.000000,0.000000,20.000000,0.000000,0.000000,0.000000,0.000000,0.012160,0.000000,0.910900,19.999960,0.034440,-0.020573,20.000000
0.232900,1,"LINK_TORSO_YAW",0.102400,0.200000,0.130500,20.000000,0.000000,0.000000,20.000000,0.000000,0.000000,0.000000,0.000000,0.012160,0.000000,0.910900,19.999958,0.034406,-0.022058,20.000000
0.233000,1,"LINK_TORSO_YAW",0.102400,0.200000,0.130600,20.000000,0.000000,0.000000,20.000000,0.000000,0.000000,0.000000,0.000000,0.012160,0.000000,0.910900,19.999957,0.034372,-0.023543,20.000000
0.233100,1,"LINK_TORSO_YAW",0.102400,0.200000,0.130700,20.000000,0.000000,0.000000,20.000000,0.000000,0.000000,0.000000,0.000000,0.012160,0.000000,0.910900,19.999955,0.034338,-0.025028,20.000000
0.233200,1,"LINK_TORSO_YAW",0.102400,0.200000,0.130800,20.000000,0.000000,0.000000,20.000000,0.000000,0.000000,0.000000,0.000000,0.012160,0.000000,0.910900,19.999953,0.034305,-0.026512,20.000000
0.233300,1,"LINK_TORSO_YAW",0.102400,0.200000,0.130900,20.000000,0.000000,0.000000,20.000000,0.000000,0.000000,0.000000,0.000000,0.012160,0.000000,0.910900,19.999951,0.034272,-0.027997,20.000000
0.233400,1,"LINK_TORSO_YAW",0.102400,0.200000,0.131000,20.000000,0.000000,0.000000,20.000000,0.000000,0.000000,0.000000,0.000000,0.012160,0.000000,0.910900,19.999949,0.034239,-0.029483,20.000000
0.233500,1,"LINK_TORSO_YAW",0.102400,0.200000,0.131100,20.000000,0.000000,0.000000,20.000000,0.000000,0.000000,0.000000,0.000000,0.012160,0.000000,0.910900,19.999947,0.034206,-0.030971,20.000000
0.233600,1,"LINK_TORSO_YAW",0.102400,0.200000,0.131200,20.000000,0.000000,0.000000,20.000000,0.000000,0.000000,0.000000,0.000000,0.012160,0.000000,0.910900,19.999944,0.034174,-0.032461,20.000000
0.233700,1,"LINK_TORSO_YAW",0.102400,0.200000,0.131300,20.000000,0.000000,0.000000,20.000000,0.000000,0.000000,0.000000,0.000000,0.012160,0.000000,0.910900,19.999942,0.034142,-0.033953,20.000000
0.233800,1,"LINK_TORSO_YAW",0.102400,0.200000,0.131400,20.000000,0.000000,0.000000,20.000000,0.000000,0.000000,0.000000,0.000000,0.012160,0.000000,0.910900,19.999939,0.034110,-0.035447,20.000000
0.233900,1,"LINK_TORSO_YAW",0.102400,0.200000,0.131500,20.000000,0.000000,0.000000,20.000000,0.000000,0.000000,0.000000,0.000000,0.012160,0.000000,0.910900,19.999937,0.034079,-0.036945,20.000000
0.234000,1,"LINK_TORSO_YAW",0.102400,0.200000,0.131600,20.000000,0.000000,0.000000,20.000000,0.000000,0.000000,0.000000,0.000000,0.012160,0.000000,0.910900,19.999934,0.034048,-0.038446,20.000000
0.234100,1,"LINK_TORSO_YAW",0.102400,0.200000,0.131700,20.000000,0.000000,0.000000,20.000000,0.000000,0.000000,0.000000,0.000000,0.012160,0.000000,0.910900,19.999931,0.034017,-0.039947,20.000000
0.234200,1,"LINK_TORSO_YAW",0.102400,0.200000,0.131800,20.000000,0.000000,0.000000,20.000000,0.000000,0.000000,0.000000,0.000000,0.012160,0.000000,0.910900,19.999928,0.033987,-0.041447,20.000000
0.234300,1,"LINK_TORSO_YAW",0.102400,0.200000,0.131900,20.000000,0.000000,0.000000,20.000000,0.000000,0.000000,0.000000,0.000000,0.012160,0.000000,0.910900,19.999925,0.033956,-0.042947,20.000000
0.234400,1,"LINK_TORSO_YAW",0.102400,0.200000,0.132000,20.000000,0.000000,0.000000,20.000000,0.000000,0.000000,0.000000,0.000000,0.012160,0.000000,0.910900,19.999922,0.033926,-0.044448,20.000000
0.234500,1,"LINK_TORSO_YAW",0.102400,0.200000,0.132100,20.000000,0.000000,0.000000,20.000000,0.000000,0.000000,0.000000,0.000000,0.012160,0.000000,0.910900,19.999918,0.033896,-0.045949,20.000000
0.234600,1,"LINK_TORSO_YAW",0.102400,0.200000,0.132200,20.000000,0.000000,0.000000,20.000000,0.000000,0.000000,0.000000,0.000000,0.012160,0.000000,0.910900,19.999915,0.033867,-0.047453,20.000000
0.234700,1,"LINK_TORSO_YAW",0.102400,0.200000,0.132300,20.000000,0.000000,0.000000,20.000000,0.000000,0.000000,0.000000,0.000000,0.012160,0.000000,0.910900,19.999911,0.033837,-0.048958,20.000000
0.234800,1,"LINK_TORSO_YAW",0.102400,0.200000,0.132400,20.000000,0.000000,0.000000,20.000000,0.000000,0.000000,0.000000,0.000000,0.012160,0.000000,0.910900,19.999908,0.033808,-0.050466,20.000000
0.234900,1,"LINK_TORSO_YAW",0.102400,0.200000,0.132500,20.000000,0.000000,0.000000,20.000000,0.000000,0.000000,0.000000,0.000000,0.012160,0.000000,0.910900,19.999904,0.033779,-0.051976,20.000000
0.235000,1,"LINK_TORSO_YAW",0.102400,0.200000,0.132600,20.000000,0.000000,0.000000,20.000000,0.000000,0.000000,0.000000,0.000000,0.012160,0.000000,0.910900,19.999900,0.033751,-0.053489,20.000000
0.235100,1,"LINK_TORSO_YAW",0.102400,0.200000,0.132700,20.000000,0.000000,0.000000,20.000000,0.000000,0.000000,0.000000,0.000000,0.012160,0.000000,0.910900,19.999896,0.033723,-0.055006,20.000000
0.235200,1,"LINK_TORSO_YAW",0.102400,0.200000,0.132800,20.000000,0.000000,0.000000,20.000000,0.000000,0.000000,0.000000,0.000000,0.012160,0.000000,0.910900,19.999892,0.033695,-0.056522,20.000000
0.235300,1,"LINK_TORSO_YAW",0.102400,0.200000,0.132900,20.000000,0.000000,0.000000,20.000000,0.000000,0.000000,0.000000,0.000000,0.012160,0.000000,0.910900,19.999887,0.033667,-0.058038,20.000000
0.235400,1,"LINK_TORSO_YAW",0.102400,0.200000,0.133000,20.000000,0.000000,0.000000,20.000000,0.000000,0.000000,0.000000,0.000000,0.012160,0.000000,0.910900,19.999883,0.033639,-0.059554,20.000000
0.235500,1,"LINK_TORSO_YAW",0.102400,0.200000,0.133100,20.000000,0.000000,0.000000,20.000000,0.000000,0.000000,0.000000,0.000000,0.012160,0.000000,0.910900,19.999879,0.033612,-0.061070,20.000000
0.235600,1,"LINK_TORSO_YAW",0.102400,0.200000,0.133200,20.000000,0.000000,0.000000,20.000000,0.000000,0.000000,0.000000,0.000000,0.012160,0.000000,0.910900,19.999874,0.033585,-0.062588,20.000000
0.235700,1,"LINK_TORSO_YAW",0.102400,0.200000,0.133300,20.000000,0.000000,0.000000,20.000000,0.000000,0.000000,0.000000,0.000000,0.012160,0.000000,0.910900,19.999869,0.033558,-0.064107,20.000000
0.235800,1,"LINK_TORSO_YAW",0.102400,0.200000,0.133400,20.000000,0.000000,0.000000,20.000000,0.000000,0.000000,0.000000,0.000000,0.012160,0.000000,0.910900,19.999864,0.033531,-0.065627,20.000000
0.235900,1,"LINK_TORSO_YAW",0.102400,0.200000,0.133500,20.000000,0.000000,0.000000,20.000000,0.000000,0.000000,0.000000,0.000000,0.012160,0.000000,0.910900,19.999859,0.033505,-0.067151,20.000000
0.236000,1,"LINK_TORSO_YAW",0.102400,0.200000,0.133600,20.000000,0.000000,0.000000,20.000000,0.000000,0.000000,0.000000,0.000000,0.012160,0.000000,0.910900,19.999854,0.033478,-0.068677,20.000000
0.236100,1,"LINK_TORSO_YAW",0.102400,0.200000,0.133700,20.000000,0.000000,0.000000,20.000000,0.000000,0.000000,0.000000,0.000000,0.012160,0.000000,0.910900,19.999849,0.033453,-0.070206,20.000000
0.236200,1,"LINK_TORSO_YAW",0.102400,0.200000,0.133800,20.000000,0.000000,0.000000,20.000000,0.000000,0.000000,0.000000,0.000000,0.012160,0.000000,0.910900,19.999843,0.033427,-0.071738,20.000000
0.236300,1,"LINK_TORSO_YAW",0.102400,0.200000,0.133900,20.000000,0.000000,0.000000,20.000000,0.000000,0.000000,0.000000,0.000000,0.012160,0.000000,0.910900,19.999838,0.033401,-0.073270,20.000000
0.236400,1,"LINK_TORSO_YAW",0.102400,0.200000,0.134000,20.000000,0.000000,0.000000,20.000000,0.000000,0.000000,0.000000,0.000000,0.012160,0.000000,0.910900,19.999832,0.033376,-0.074801,20.000000
0.236500,1,"LINK_TORSO_YAW",0.102400,0.200000,0.134100,20.000000,0.000000,0.000000,20.000000,0.000000,0.000000,0.000000,0.000000,0.012160,0.000000,0.910900,19.999827,0.033351,-0.076332,20.000000
0.236600,1,"LINK_TORSO_YAW",0.102400,0.200000,0.134200,20.000000,0.000000,0.000000,20.000000,0.000000,0.000000,0.000000,0.000000,0.012160,0.000000,0.910900,19.999821,0.033326,-0.077864,20.000000
0.236700,1,"LINK_TORSO_YAW",0.102400,0.200000,0.134300,20.000000,0.000000,0.000000,20.000000,0.000000,0.000000,0.000000,0.000000,0.012160,0.000000,0.910900,19.999815,0.033302,-0.079398,20.000000
0.236800,1,"LINK_TORSO_YAW",0.102400,0.200000,0.134400,20.000000,0.000000,0.000000,20.000000,0.000000,0.000000,0.000000,0.000000,0.012160,0.000000,0.910900,19.999809,0.033277,-0.080932,20.000000
0.236900,1,"LINK_TORSO_YAW",0.102400,0.200000,0.134500,20.000000,0.000000,0.000000,20.000000,0.000000,0.000000,0.000000,0.000000,0.012160,0.000000,0.910900,19.999802,0.033253,-0.082469,20.000000
0.237000,1,"LINK_TORSO_YAW",0.102400,0.200000,0.134600,20.000000,0.000000,0.000000,20.000000,0.000000,0.000000,0.000000,0.000000,0.012160,0.000000,0.910900,19.999796,0.033229,-0.084008,20.000000
0.237100,1,"LINK_TORSO_YAW",0.102400,0.200000,0.134700,20.000000,0.000000,0.000000,20.000000,0.000000,0.000000,0.000000,0.000000,0.012160,0.000000,0.910900,19.999789,0.033205,-0.085549,20.000000
0.237200,1,"LINK_TORSO_YAW",0.102400,0.200000,0.134800,20.000000,0.000000,0.000000,20.000000,0.000000,0.000000,0.000000,0.000000,0.012160,0.000000,0.910900,19.999783,0.033224,-0.087091,20.000000
0.237300,1,"LINK_TORSO_YAW",0.102400,0.200000,0.134900,20.000000,0.000000,0.000000,20.000000,0.000000,0.000000,0.000000,0.000000,0.012160,0.000000,0.910900,19.999776,0.033242,-0.088637,20.000000
0.237400,1,"LINK_TORSO_YAW",0.102400,0.200000,0.135000,20.000000,0.000000,0.000000,20.000000,0.000000,0.000000,0.000000,0.000000,0.012160,0.000000,0.910900,19.999769,0.033260,-0.090181,20.000000
0.237500,1,"LINK_TORSO_YAW",0.102400,0.200000,0.135100,20.000000,0.000000,0.000000,20.000000,0.000000,0.000000,0.000000,0.000000,0.012160,0.000000,0.910900,19.999762,0.033279,-0.091725,20.000000
0.237600,1,"LINK_TORSO_YAW",0.102400,0.200000,0.135200,20.000000,0.000000,0.000000,20.000000,0.000000,0.000000,0.000000,0.000000,0.012160,0.000000,0.910900,19.999755,0.033297,-0.093270,20.000000
0.237700,1,"LINK_TORSO_YAW",0.102400,0.200000,0.135300,20.000000,0.000000,0.000000,20.000000,0.000000,0.000000,0.000000,0.000000,0.012160,0.000000,0.910900,19.999748,0.033315,-0.094814,20.000000
0.237800,1,"LINK_TORSO_YAW",0.102400,0.200000,0.135400,20.000000,0.000000,0.000000,20.000000,0.000000,0.000000,0.000000,0.000000,0.012160,0.000000,0.910900,19.999740,0.033333,-0.096360,20.000000
0.237900,1,"LINK_TORSO_YAW",0.102400,0.200000,0.135500,20.000000,0.000000,0.000000,20.000000,0.000000,0.000000,0.000000,0.000000,0.012160,0.000000,0.910900,19.999733,0.033351,-0.097908,20.000000
0.238000,1,"LINK_TORSO_YAW",0.102400,0.200000,0.135600,20.000000,0.000000,0.000000,20.000000,0.000000,0.000000,0.000000,0.000000,0.012160,0.000000,0.910900,19.999725,0.033369,-0.099457,20.000000
0.238100,1,"LINK_TORSO_YAW",0.102400,0.200000,0.135700,20.000000,0.000000,0.000000,20.000000,0.000000,0.000000,0.000000,0.000000,0.012160,0.000000,0.910900,19.999717,0.033387,-0.101009,20.000000
0.238200,1,"LINK_TORSO_YAW",0.102400,0.200000,0.135800,20.000000,0.000000,0.000000,20.000000,0.000000,0.000000,0.000000,0.000000,0.012160,0.000000,0.910900,19.999709,0.033404,-0.102564,20.000000
0.238300,1,"LINK_TORSO_YAW",0.102400,0.200000,0.135900,20.000000,0.000000,0.000000,20.000000,0.000000,0.000000,0.000000,0.000000,0.012160,0.000000,0.910900,19.999701,0.033422,-0.104121,20.000000
0.238400,1,"LINK_TORSO_YAW",0.102400,0.200000,0.136000,20.000000,0.000000,0.000000,20.000000,0.000000,0.000000,0.000000,0.000000,0.012160,0.000000,0.910900,19.999693,0.033440,-0.105682,20.000000
0.238500,1,"LINK_TORSO_YAW",0.102400,0.200000,0.136100,20.000000,0.000000,0.000000,20.000000,0.000000,0.000000,0.000000,0.000000,0.012160,0.000000,0.910900,19.999684,0.033458,-0.107242,20.000000
0.238600,1,"LINK_TORSO_YAW",0.102400,0.200000,0.136200,20.000000,0.000000,0.000000,20.000000,0.000000,0.000000,0.000000,0.000000,0.012160,0.000000,0.910900,19.999676,0.033475,-0.108802,20.000000
0.238700,1,"LINK_TORSO_YAW",0.102400,0.200000,0.136300,20.000000,0.000000,0.000000,20.000000,0.000000,0.000000,0.000000,0.000000,0.012160,0.000000,0.910900,19.999667,0.033493,-0.110362,20.000000
0.238800,1,"LINK_TORSO_YAW",0.102400,0.200000,0.136400,20.000000,0.000000,0.000000,20.000000,0.000000,0.000000,0.000000,0.000000,0.012160,0.000000,0.910900,19.999659,0.033510,-0.111922,20.000000
0.238900,1,"LINK_TORSO_YAW",0.102400,0.200000,0.136500,20.000000,0.000000,0.000000,20.000000,0.000000,0.000000,0.000000,0.000000,0.012160,0.000000,0.910900,19.999650,0.033528,-0.113484,20.000000
0.239000,1,"LINK_TORSO_YAW",0.102400,0.200000,0.136600,20.000000,0.000000,0.000000,20.000000,0.000000,0.000000,0.000000,0.000000,0.012160,0.000000,0.910900,19.999641,0.033545,-0.115047,20.000000
0.239100,1,"LINK_TORSO_YAW",0.102400,0.200000,0.136700,20.000000,0.000000,0.000000,20.000000,0.000000,0.000000,0.000000,0.000000,0.012160,0.000000,0.910900,19.999632,0.033562,-0.116611,20.000000
0.239200,1,"LINK_TORSO_YAW",0.102400,0.200000,0.136800,20.000000,0.000000,0.000000,20.000000,0.000000,0.000000,0.000000,0.000000,0.012160,0.000000,0.910900,19.999623,0.033579,-0.118179,20.000000
0.239300,1,"LINK_TORSO_YAW",0.102400,0.200000,0.136900,20.000000,0.000000,0.000000,20.000000,0.000000,0.000000,0.000000,0.000000,0.012160,0.000000,0.910900,19.999613,0.033597,-0.119749,20.000000
0.239400,1,"LINK_TORSO_YAW",0.102400,0.200000,0.137000,20.000000,0.000000,0.000000,20.000000,0.000000,0.000000,0.000000,0.000000,0.012160,0.000000,0.910900,19.999604,0.033614,-0.121322,20.000000
0.239500,1,"LINK_TORSO_YAW",0.102400,0.200000,0.137100,20.000000,0.000000,0.000000,20.000000,0.000000,0.000000,0.000000,0.000000,0.012160,0.000000,0.910900,19.999594,0.033631,-0.122898,20.000000
0.239600,1,"LINK_TORSO_YAW",0.102400,0.200000,0.137200,20.000000,0.000000,0.000000,20.000000,0.000000,0.000000,0.000000,0.000000,0.012160,0.000000,0.910900,19.999584,0.033648,-0.124474,20.000000
0.239700,1,"LINK_TORSO_YAW",0.102400,0.200000,0.137300,20.000000,0.000000,0.000000,20.000000,0.000000,0.000000,0.000000,0.000000,0.012160,0.000000,0.910900,19.999574,0.033665,-0.126049,20.000000
0.239800,1,"LINK_TORSO_YAW",0.102400,0.200000,0.137400,20.000000,0.000000,0.000000,20.000000,0.000000,0.000000,0.000000,0.000000,0.012160,0.000000,0.910900,19.999564,0.033682,-0.127624,20.000000
0.239900,1,"LINK_TORSO_YAW",0.102400,0.200000,0.137500,20.000000,0.000000,0.000000,20.000000,0.000000,0.000000,0.000000,0.000000,0.012160,0.000000,0.910900,19.999554,0.033699,-0.129200,20.000000
0.240000,1,"LINK_TORSO_YAW",0.102400,0.200000,0.137600,20.000000,0.000000,0.000000,20.000000,0.000000,0.000000,0.000000,0.000000,0.012160,0.000000,0.910900,19.999544,0.033715,-0.130777,20.000000
0.240100,1,"LINK_TORSO_YAW",0.102400,0.200000,0.137700,20.000000,0.000000,0.000000,20.000000,0.000000,0.000000,0.000000,0.000000,0.012160,0.000000,0.910900,19.999534,0.033732,-0.132356,20.000000
0.240200,1,"LINK_TORSO_YAW",0.102400,0.200000,0.137800,20.000000,0.000000,0.000000,20.000000,0.000000,0.000000,0.000000,0.000000,0.012160,0.000000,0.910900,19.999523,0.033749,-0.133936,20.000000
0.240300,1,"LINK_TORSO_YAW",0.102400,0.200000,0.137900,20.000000,0.000000,0.000000,20.000000,0.000000,0.000000,0.000000,0.000000,0.012160,0.000000,0.910900,19.999512,0.033766,-0.135519,20.000000
0.240400,1,"LINK_TORSO_YAW",0.102400,0.200000,0.138000,20.000000,0.000000,0.000000,20.000000,0.000000,0.000000,0.000000,0.000000,0.012160,0.000000,0.910900,19.999502,0.033782,-0.137104,20.000000
0.240500,1,"LINK_TORSO_YAW",0.102400,0.200000,0.138100,20.000000,0.000000,0.000000,20.000000,0.000000,0.000000,0.000000,0.000000,0.012160,0.000000,0.910900,19.999491,0.033799,-0.138693,20.000000
0.240600,1,"LINK_TORSO_YAW",0.102400,0.200000,0.138200,20.000000,0.000000,0.000000,20.000000,0.000000,0.000000,0.000000,0.000000,0.012160,0.000000,0.910900,19.999479,0.033816,-0.140285,20.000000
0.240700,1,"LINK_TORSO_YAW",0.102400,0.200000,0.138300,20.000000,0.000000,0.000000,20.000000,0.000000,0.000000,0.000000,0.000000,0.012160,0.000000,0.910900,19.999468,0.033832,-0.141876,20.000000
0.240800,1,"LINK_TORSO_YAW",0.102400,0.200000,0.138400,20.000000,0.000000,0.000000,20.000000,0.000000,0.000000,0.000000,0.000000,0.012160,0.000000,0.910900,19.999457,0.033849,-0.143467,20.000000
0.240900,1,"LINK_TORSO_YAW",0.102400,0.200000,0.138500,20.000000,0.000000,0.000000,20.000000,0.000000,0.000000,0.000000,0.000000,0.012160,0.000000,0.910900,19.999445,0.033865,-0.145058,20.000000
0.241000,1,"LINK_TORSO_YAW",0.102400,0.200000,0.138600,20.000000,0.000000,0.000000,20.000000,0.000000,0.000000,0.000000,0.000000,0.012160,0.000000,0.910900,19.999434,0.033881,-0.146649,20.000000
0.241100,1,"LINK_TORSO_YAW",0.102400,0.200000,0.138700,20.000000,0.000000,0.000000,20.000000,0.000000,0.000000,0.000000,0.000000,0.012160,0.000000,0.910900,19.999422,0.033898,-0.148241,20.000000
0.241200,1,"LINK_TORSO_YAW",0.102400,0.200000,0.138800,20.000000,0.000000,0.000000,20.000000,0.000000,0.000000,0.000000,0.000000,0.012160,0.000000,0.910900,19.999410,0.033914,-0.149835,20.000000
0.241300,1,"LINK_TORSO_YAW",0.102400,0.200000,0.138900,20.000000,0.000000,0.000000,20.000000,0.000000,0.000000,0.000000,0.000000,0.012160,0.000000,0.910900,19.999398,0.033930,-0.151431,20.000000
0.241400,1,"LINK_TORSO_YAW",0.102400,0.200000,0.139000,20.000000,0.000000,0.000000,20.000000,0.000000,0.000000,0.000000,0.000000,0.012160,0.000000,0.910900,19.999386,0.033946,-0.153030,20.000000
0.241500,1,"LINK_TORSO_YAW",0.102400,0.200000,0.139100,20.000000,0.000000,0.000000,20.000000,0.000000,0.000000,0.000000,0.000000,0.012160,0.000000,0.910900,19.999373,0.033962,-0.154631,20.000000
0.241600,1,"LINK_TORSO_YAW",0.102400,0.200000,0.139200,20.000000,0.000000,0.000000,20.000000,0.000000,0.000000,0.000000,0.000000,0.012160,0.000000,0.910900,19.999361,0.033978,-0.156235,20.000000
0.241700,1,"LINK_TORSO_YAW",0.102400,0.200000,0.139300,20.000000,0.000000,0.000000,20.000000,0.000000,0.000000,0.000000,0.000000,0.012160,0.000000,0.910900,19.999348,0.033995,-0.157842,20.000000
0.241800,1,"LINK_TORSO_YAW",0.102400,0.200000,0.139400,20.000000,0.000000,0.000000,20.000000,0.000000,0.000000,0.000000,0.000000,0.012160,0.000000,0.910900,19.999335,0.034011,-0.159454,20.000000
0.241900,1,"LINK_TORSO_YAW",0.102400,0.200000,0.139500,20.000000,0.000000,0.000000,20.000000,0.000000,0.000000,0.000000,0.000000,0.012160,0.000000,0.910900,19.999323,0.034027,-0.161064,20.000000
0.242000,1,"LINK_TORSO_YAW",0.102400,0.200000,0.139600,20.000000,0.000000,0.000000,20.000000,0.000000,0.000000,0.000000,0.000000,0.012160,0.000000,0.910900,19.999309,0.034043,-0.162674,20.000000
0.242100,1,"LINK_TORSO_YAW",0.102400,0.200000,0.139700,20.000000,0.000000,0.000000,20.000000,0.000000,0.000000,0.000000,0.000000,0.012160,0.000000,0.910900,19.999296,0.034059,-0.164284,20.000000
0.242200,1,"LINK_TORSO_YAW",0.102400,0.200000,0.139800,20.000000,0.000000,0.000000,20.000000,0.000000,0.000000,0.000000,0.000000,0.012160,0.000000,0.910900,19.999283,0.034075,-0.165895,20.000000
0.242300,1,"LINK_TORSO_YAW",0.102400,0.200000,0.139900,20.000000,0.000000,0.000000,20.000000,0.000000,0.000000,0.000000,0.000000,0.012160,0.000000,0.910900,19.999269,0.034091,-0.167507,20.000000
0.242400,1,"LINK_TORSO_YAW",0.102400,0.200000,0.140000,20.000000,0.000000,0.000000,20.000000,0.000000,0.000000,0.000000,0.000000,0.012160,0.000000,0.910900,19.999256,0.034106,-0.169121,20.000000
0.242500,1,"LINK_TORSO_YAW",0.102400,0.200000,0.140100,20.000000,0.000000,0.000000,20.000000,0.000000,0.000000,0.000000,0.000000,0.012160,0.000000,0.910900,19.999242,0.034122,-0.170736,20.000000
0.242600,1,"LINK_TORSO_YAW",0.102400,0.200000,0.140200,20.000000,0.000000,0.000000,20.000000,0.000000,0.000000,0.000000,0.000000,0.012160,0.000000,0.910900,19.999228,0.034138,-0.172354,20.000000
0.242700,1,"LINK_TORSO_YAW",0.102400,0.200000,0.140300,20.000000,0.000000,0.000000,20.000000,0.000000,0.000000,0.000000,0.000000,0.012160,0.000000,0.910900,19.999214,0.034154,-0.173974,20.000000
0.242800,1,"LINK_TORSO_YAW",0.102400,0.200000,0.140400,20.000000,0.000000,0.000000,20.000000,0.000000,0.000000,0.000000,0.000000,0.012160,0.000000,0.910900,19.999200,0.034170,-0.175598,20.000000
0.242900,1,"LINK_TORSO_YAW",0.102400,0.200000,0.140500,20.000000,0.000000,0.000000,20.000000,0.000000,0.000000,0.000000,0.000000,0.012160,0.000000,0.910900,19.999186,0.034185,-0.177220,20.000000
0.243000,1,"LINK_TORSO_YAW",0.102400,0.200000,0.140600,20.000000,0.000000,0.000000,20.000000,0.000000,0.000000,0.000000,0.000000,0.012160,0.000000,0.910900,19.999171,0.034201,-0.178842,20.000000
0.243100,1,"LINK_TORSO_YAW",0.102400,0.200000,0.140700,20.000000,0.000000,0.000000,20.000000,0.000000,0.000000,0.000000,0.000000,0.012160,0.000000,0.910900,19.999157,0.034216,-0.180464,20.000000
0.243200,1,"LINK_TORSO_YAW",0.102400,0.200000,0.140800,20.000000,0.000000,0.000000,20.000000,0.000000,0.000000,0.000000,0.000000,0.012160,0.000000,0.910900,19.999142,0.034232,-0.182087,20.000000
0.243300,1,"LINK_TORSO_YAW",0.102400,0.200000,0.140900,20.000000,0.000000,0.000000,20.000000,0.000000,0.000000,0.000000,0.000000,0.012160,0.000000,0.910900,19.999127,0.034247,-0.183711,20.000000
0.243400,1,"LINK_TORSO_YAW",0.102400,0.200000,0.141000,20.000000,0.000000,0.000000,20.000000,0.000000,0.000000,0.000000,0.000000,0.012160,0.000000,0.910900,19.999112,0.034263,-0.185336,20.000000
0.243500,1,"LINK_TORSO_YAW",0.102400,0.200000,0.141100,20.000000,0.000000,0.000000,20.000000,0.000000,0.000000,0.000000,0.000000,0.012160,0.000000,0.910900,19.999097,0.034278,-0.186964,20.000000
0.243600,1,"LINK_TORSO_YAW",0.102400,0.200000,0.141200,20.000000,0.000000,0.000000,20.000000,0.000000,0.000000,0.000000,0.000000,0.012160,0.000000,0.910900,19.999081,0.034293,-0.188593,20.000000
0.243700,1,"LINK_TORSO_YAW",0.102400,0.200000,0.141300,20.000000,0.000000,0.000000,20.000000,0.000000,0.000000,0.000000,0.000000,0.012160,0.000000,0.910900,19.999066,0.034309,-0.190226,20.000000
0.243800,1,"LINK_TORSO_YAW",0.102400,0.200000,0.141400,20.000000,0.000000,0.000000,20.000000,0.000000,0.000000,0.000000,0.000000,0.012160,0.000000,0.910900,19.999050,0.034324,-0.191861,20.000000
0.243900,1,"LINK_TORSO_YAW",0.102400,0.200000,0.141500,20.000000,0.000000,0.000000,20.000000,0.000000,0.000000,0.000000,0.000000,0.012160,0.000000,0.910900,19.999034,0.034339,-0.193500,20.000000
0.244000,1,"LINK_TORSO_YAW",0.102400,0.200000,0.141600,20.000000,0.000000,0.000000,20.000000,0.000000,0.000000,0.000000,0.000000,0.012160,0.000000,0.910900,19.999019,0.034355,-0.195138,20.000000
0.244100,1,"LINK_TORSO_YAW",0.102400,0.200000,0.141700,20.000000,0.000000,0.000000,20.000000,0.000000,0.000000,0.000000,0.000000,0.012160,0.000000,0.910900,19.999002,0.034370,-0.196775,20.000000
0.244200,1,"LINK_TORSO_YAW",0.102400,0.200000,0.141800,20.000000,0.000000,0.000000,20.000000,0.000000,0.000000,0.000000,0.000000,0.012160,0.000000,0.910900,19.998986,0.034385,-0.198413,20.000000
0.244300,1,"LINK_TORSO_YAW",0.102400,0.200000,0.141900,20.000000,0.000000,0.000000,20.000000,0.000000,0.000000,0.000000,0.000000,0.012160,0.000000,0.910900,19.998970,0.034400,-0.200051,20.000000
0.244400,1,"LINK_TORSO_YAW",0.102400,0.200000,0.142000,20.000000,0.000000,0.000000,20.000000,0.000000,0.000000,0.000000,0.000000,0.012160,0.000000,0.910900,19.998953,0.034415,-0.201691,20.000000
0.244500,1,"LINK_TORSO_YAW",0.102400,0.200000,0.142100,20.000000,0.000000,0.000000,20.000000,0.000000,0.000000,0.000000,0.000000,0.012160,0.000000,0.910900,19.998937,0.034430,-0.203331,20.000000
0.244600,1,"LINK_TORSO_YAW",0.102400,0.200000,0.142200,20.000000,0.000000,0.000000,20.000000,0.000000,0.000000,0.000000,0.000000,0.012160,0.000000,0.910900,19.998920,0.034445,-0.204974,20.000000
0.244700,1,"LINK_TORSO_YAW",0.102400,0.200000,0.142300,20.000000,0.000000,0.000000,20.000000,0.000000,0.000000,0.000000,0.000000,0.012160,0.000000,0.910900,19.998903,0.034460,-0.206619,20.000000
0.244800,1,"LINK_TORSO_YAW",0.102400,0.200000,0.142400,20.000000,0.000000,0.000000,20.000000,0.000000,0.000000,0.000000,0.000000,0.012160,0.000000,0.910900,19.998886,0.034475,-0.208267,20.000000
0.244900,1,"LINK_TORSO_YAW",0.102400,0.200000,0.142500,20.000000,0.000000,0.000000,20.000000,0.000000,0.000000,0.000000,0.000000,0.012160,0.000000,0.910900,19.998869,0.034490,-0.209918,20.000000
0.245000,1,"LINK_TORSO_YAW",0.102400,0.200000,0.142600,20.000000,0.000000,0.000000,20.000000,0.000000,0.000000,0.000000,0.000000,0.012160,0.000000,0.910900,19.998851,0.034505,-0.211572,20.000000
0.245100,1,"LINK_TORSO_YAW",0.102400,0.200000,0.142700,20.000000,0.000000,0.000000,20.000000,0.000000,0.000000,0.000000,0.000000,0.012160,0.000000,0.910900,19.998834,0.034520,-0.213225,20.000000
0.245200,1,"LINK_TORSO_YAW",0.102400,0.200000,0.142800,20.000000,0.000000,0.000000,20.000000,0.000000,0.000000,0.000000,0.000000,0.012160,0.000000,0.910900,19.998816,0.034535,-0.214878,20.000000
0.245300,1,"LINK_TORSO_YAW",0.102400,0.200000,0.142900,20.000000,0.000000,0.000000,20.000000,0.000000,0.000000,0.000000,0.000000,0.012160,0.000000,0.910900,19.998798,0.034550,-0.216531,20.000000
0.245400,1,"LINK_TORSO_YAW",0.102400,0.200000,0.143000,20.000000,0.000000,0.000000,20.000000,0.000000,0.000000,0.000000,0.000000,0.012160,0.000000,0.910900,19.998780,0.034565,-0.218185,20.000000
0.245500,1,"LINK_TORSO_YAW",0.102400,0.200000,0.143100,20.000000,0.000000,0.000000,20.000000,0.000000,0.000000,0.000000,0.000000,0.012160,0.000000,0.910900,19.998762,0.034580,-0.219840,20.000000
0.245600,1,"LINK_TORSO_YAW",0.102400,0.200000,0.143200,20.000000,0.000000,0.000000,20.000000,0.000000,0.000000,0.000000,0.000000,0.012160,0.000000,0.910900,19.998744,0.034594,-0.221496,20.000000
0.245700,1,"LINK_TORSO_YAW",0.102400,0.200000,0.143300,20.000000,0.000000,0.000000,20.000000,0.000000,0.000000,0.000000,0.000000,0.012160,0.000000,0.910900,19.998725,0.034609,-0.223154,20.000000
0.245800,1,"LINK_TORSO_YAW",0.102400,0.200000,0.143400,20.000000,0.000000,0.000000,20.000000,0.000000,0.000000,0.000000,0.000000,0.012160,0.000000,0.910900,19.998706,0.034624,-0.224814,20.000000
0.245900,1,"LINK_TORSO_YAW",0.102400,0.200000,0.143500,20.000000,0.000000,0.000000,20.000000,0.000000,0.000000,0.000000,0.000000,0.012160,0.000000,0.910900,19.998688,0.034639,-0.226478,20.000000
0.246000,1,"LINK_TORSO_YAW",0.102400,0.200000,0.143600,20.000000,0.000000,0.000000,20.000000,0.000000,0.000000,0.000000,0.000000,0.012160,0.000000,0.910900,19.998669,0.034653,-0.228144,20.000000
0.246100,1,"LINK_TORSO_YAW",0.102400,0.200000,0.143700,20.000000,0.000000,0.000000,20.000000,0.000000,0.000000,0.000000,0.000000,0.012160,0.000000,0.910900,19.998650,0.034668,-0.229813,20.000000
0.246200,1,"LINK_TORSO_YAW",0.102400,0.200000,0.143800,20.000000,0.000000,0.000000,20.000000,0.000000,0.000000,0.000000,0.000000,0.012160,0.000000,0.910900,19.998630,0.034683,-0.231482,20.000000
0.246300,1,"LINK_TORSO_YAW",0.102400,0.200000,0.143900,20.000000,0.000000,0.000000,20.000000,0.000000,0.000000,0.000000,0.000000,0.012160,0.000000,0.910900,19.998611,0.034697,-0.233150,20.000000
0.246400,1,"LINK_TORSO_YAW",0.102400,0.200000,0.144000,20.000000,0.000000,0.000000,20.000000,0.000000,0.000000,0.000000,0.000000,0.012160,0.000000,0.910900,19.998591,0.034712,-0.234819,20.000000
0.246500,1,"LINK_TORSO_YAW",0.102400,0.200000,0.144100,20.000000,0.000000,0.000000,20.000000,0.000000,0.000000,0.000000,0.000000,0.012160,0.000000,0.910900,19.998572,0.034726,-0.236488,20.000000
0.246600,1,"LINK_TORSO_YAW",0.102400,0.200000,0.144200,20.000000,0.000000,0.000000,20.000000,0.000000,0.000000,0.000000,0.000000,0.012160,0.000000,0.910900,19.998552,0.034741,-0.238158,20.000000
0.246700,1,"LINK_TORSO_YAW",0.102400,0.200000,0.144300,20.000000,0.000000,0.000000,20.000000,0.000000,0.000000,0.000000,0.000000,0.012160,0.000000,0.910900,19.998532,0.034755,-0.239830,20.000000
0.246800,1,"LINK_TORSO_YAW",0.102400,0.200000,0.144400,20.000000,0.000000,0.000000,20.000000,0.000000,0.000000,0.000000,0.000000,0.012160,0.000000,0.910900,19.998512,0.034770,-0.241503,20.000000
0.246900,1,"LINK_TORSO_YAW",0.102400,0.200000,0.144500,20.000000,0.000000,0.000000,20.000000,0.000000,0.000000,0.000000,0.000000,0.012160,0.000000,0.910900,19.998491,0.034784,-0.243179,20.000000
0.247000,1,"LINK_TORSO_YAW",0.102400,0.200000,0.144600,20.000000,0.000000,0.000000,20.000000,0.000000,0.000000,0.000000,0.000000,0.012160,0.000000,0.910900,19.998471,0.034799,-0.244857,20.000000
0.247100,1,"LINK_TORSO_YAW",0.102400,0.200000,0.144700,20.000000,0.000000,0.000000,20.000000,0.000000,0.000000,0.000000,0.000000,0.012160,0.000000,0.910900,19.998450,0.034813,-0.246539,20.000000
0.247200,1,"LINK_TORSO_YAW",0.102400,0.200000,0.144800,20.000000,0.000000,0.000000,20.000000,0.000000,0.000000,0.000000,0.000000,0.012160,0.000000,0.910900,19.998429,0.034828,-0.248224,20.000000
0.247300,1,"LINK_TORSO_YAW",0.102400,0.200000,0.144900,20.000000,0.000000,0.000000,20.000000,0.000000,0.000000,0.000000,0.000000,0.012160,0.000000,0.910900,19.998408,0.034842,-0.249908,20.000000
0.247400,1,"LINK_TORSO_YAW",0.102400,0.200000,0.145000,20.000000,0.000000,0.000000,20.000000,0.000000,0.000000,0.000000,0.000000,0.012160,0.000000,0.910900,19.998387,0.034856,-0.251592,20.000000
0.247500,1,"LINK_TORSO_YAW",0.102400,0.200000,0.145100,20.000000,0.000000,0.000000,20.000000,0.000000,0.000000,0.000000,0.000000,0.012160,0.000000,0.910900,19.998366,0.034871,-0.253276,20.000000
0.247600,1,"LINK_TORSO_YAW",0.102400,0.200000,0.145200,20.000000,0.000000,0.000000,20.000000,0.000000,0.000000,0.000000,0.000000,0.012160,0.000000,0.910900,19.998344,0.034885,-0.254960,20.000000
0.247700,1,"LINK_TORSO_YAW",0.102400,0.200000,0.145300,20.000000,0.000000,0.000000,20.000000,0.000000,0.000000,0.000000,0.000000,0.012160,0.000000,0.910900,19.998323,0.034899,-0.256645,20.000000
0.247800,1,"LINK_TORSO_YAW",0.102400,0.200000,0.145400,20.000000,0.000000,0.000000,20.000000,0.000000,0.000000,0.000000,0.000000,0.012160,0.000000,0.910900,19.998301,0.034913,-0.258332,20.000000
0.247900,1,"LINK_TORSO_YAW",0.102400,0.200000,0.145500,20.000000,0.000000,0.000000,20.000000,0.000000,0.000000,0.000000,0.000000,0.012160,0.000000,0.910900,19.998279,0.034927,-0.260021,20.000000
0.248000,1,"LINK_TORSO_YAW",0.102400,0.200000,0.145600,20.000000,0.000000,0.000000,20.000000,0.000000,0.000000,0.000000,0.000000,0.012160,0.000000,0.910900,19.998257,0.034942,-0.261712,20.000000
0.248100,1,"LINK_TORSO_YAW",0.102400,0.200000,0.145700,20.000000,0.000000,0.000000,20.000000,0.000000,0.000000,0.000000,0.000000,0.012160,0.000000,0.910900,19.998235,0.034956,-0.263406,20.000000
0.248200,1,"LINK_TORSO_YAW",0.102400,0.200000,0.145800,20.000000,0.000000,0.000000,20.000000,0.000000,0.000000,0.000000,0.000000,0.012160,0.000000,0.910900,19.998212,0.034970,-0.265103,20.000000
0.248300,1,"LINK_TORSO_YAW",0.102400,0.200000,0.145900,20.000000,0.000000,0.000000,20.000000,0.000000,0.000000,0.000000,0.000000,0.012160,0.000000,0.910900,19.998190,0.034984,-0.266804,20.000000
0.248400,1,"LINK_TORSO_YAW",0.102400,0.200000,0.146000,20.000000,0.000000,0.000000,20.000000,0.000000,0.000000,0.000000,0.000000,0.012160,0.000000,0.910900,19.998167,0.034998,-0.268503,20.000000
0.248500,1,"LINK_TORSO_YAW",0.102400,0.200000,0.146100,20.000000,0.000000,0.000000,20.000000,0.000000,0.000000,0.000000,0.000000,0.012160,0.000000,0.910900,19.998144,0.035013,-0.270202,20.000000
0.248600,1,"LINK_TORSO_YAW",0.102400,0.200000,0.146200,20.000000,0.000000,0.000000,20.000000,0.000000,0.000000,0.000000,0.000000,0.012160,0.000000,0.910900,19.998121,0.035027,-0.271901,20.000000
0.248700,1,"LINK_TORSO_YAW",0.102400,0.200000,0.146300,20.000000,0.000000,0.000000,20.000000,0.000000,0.000000,0.000000,0.000000,0.012160,0.000000,0.910900,19.998098,0.035041,-0.273601,20.000000
0.248800,1,"LINK_TORSO_YAW",0.102400,0.200000,0.146400,20.000000,0.000000,0.000000,20.000000,0.000000,0.000000,0.000000,0.000000,0.012160,0.000000,0.910900,19.998074,0.035055,-0.275302,20.000000
0.248900,1,"LINK_TORSO_YAW",0.102400,0.200000,0.146500,20.000000,0.000000,0.000000,20.000000,0.000000,0.000000,0.000000,0.000000,0.012160,0.000000,0.910900,19.998051,0.035069,-0.277004,20.000000
0.249000,1,"LINK_TORSO_YAW",0.102400,0.200000,0.146600,20.000000,0.000000,0.000000,20.000000,0.000000,0.000000,0.000000,0.000000,0.012160,0.000000,0.910900,19.998027,0.035083,-0.278708,20.000000
0.249100,1,"LINK_TORSO_YAW",0.102400,0.200000,0.146700,20.000000,0.000000,0.000000,20.000000,0.000000,0.000000,0.000000,0.000000,0.012160,0.000000,0.910900,19.998003,0.035096,-0.280415,20.000000
0.249200,1,"LINK_TORSO_YAW",0.102400,0.200000,0.146800,20.000000,0.000000,0.000000,20.000000,0.000000,0.000000,0.000000,0.000000,0.012160,0.000000,0.910900,19.997979,0.035110,-0.282124,20.000000
0.249300,1,"LINK_TORSO_YAW",0.102400,0.200000,0.146900,20.000000,0.000000,0.000000,20.000000,0.000000,0.000000,0.000000,0.000000,0.012160,0.000000,0.910900,19.997955,0.035124,-0.283836,20.000000
0.249400,1,"LINK_TORSO_YAW",0.102400,0.200000,0.147000,20.000000,0.000000,0.000000,20.000000,0.000000,0.000000,0.000000,0.000000,0.012160,0.000000,0.910900,19.997931,0.035138,-0.285552,20.000000
0.249500,1,"LINK_TORSO_YAW",0.102400,0.200000,0.147100,20.000000,0.000000,0.000000,20.000000,0.000000,0.000000,0.000000,0.000000,0.012160,0.000000,0.910900,19.997906,0.035153,-0.287271,20.000000
0.249600,1,"LINK_TORSO_YAW",0.102400,0.200000,0.147200,20.000000,0.000000,0.000000,20.000000,0.000000,0.000000,0.000000,0.000000,0.012160,0.000000,0.910900,19.997881,0.035167,-0.288990,20.000000
0.249700,1,"LINK_TORSO_YAW",0.102400,0.200000,0.147300,20.000000,0.000000,0.000000,20.000000,0.000000,0.000000,0.000000,0.000000,0.012160,0.000000,0.910900,19.997856,0.035180,-0.290708,20.000000
0.249800,1,"LINK_TORSO_YAW",0.102400,0.200000,0.147400,20.000000,0.000000,0.000000,20.000000,0.000000,0.000000,0.000000,0.000000,0.012160,0.000000,0.910900,19.997831,0.035194,-0.292427,20.000000
0.249900,1,"LINK_TORSO_YAW",0.102400,0.200000,0.147500,20.000000,0.000000,0.000000,20.000000,0.000000,0.000000,0.000000,0.000000,0.012160,0.000000,0.910900,19.997806,0.035208,-0.294146,20.000000
0.250000,1,"LINK_TORSO_YAW",0.102400,0.200000,0.147600,20.000000,0.000000,0.000000,20.000000,0.000000,0.000000,0.000000,0.000000,0.012160,0.000000,0.910900,19.997780,0.035222,-0.295866,20.000000
0.250100,1,"LINK_TORSO_YAW",0.102400,0.200000,0.147700,20.000000,0.000000,0.000000,20.000000,0.000000,0.000000,0.000000,0.000000,0.012160,0.000000,0.910900,19.997755,0.035236,-0.297588,20.000000
0.250200,1,"LINK_TORSO_YAW",0.102400,0.200000,0.147800,20.000000,0.000000,0.000000,20.000000,0.000000,0.000000,0.000000,0.000000,0.012160,0.000000,0.910900,19.997729,0.035250,-0.299311,20.000000
0.250300,1,"LINK_TORSO_YAW",0.102400,0.200000,0.147900,20.000000,0.000000,0.000000,20.000000,0.000000,0.000000,0.000000,0.000000,0.012160,0.000000,0.910900,19.997703,0.035263,-0.301037,20.000000
0.250400,1,"LINK_TORSO_YAW",0.102400,0.200000,0.148000,20.000000,0.000000,0.000000,20.000000,0.000000,0.000000,0.000000,0.000000,0.012160,0.000000,0.910900,19.997677,0.035277,-0.302765,20.000000
0.250500,1,"LINK_TORSO_YAW",0.102400,0.200000,0.148100,20.000000,0.000000,0.000000,20.000000,0.000000,0.000000,0.000000,0.000000,0.012160,0.000000,0.910900,19.997651,0.035291,-0.304497,20.000000
0.250600,1,"LINK_TORSO_YAW",0.102400,0.200000,0.148200,20.000000,0.000000,0.000000,20.000000,0.000000,0.000000,0.000000,0.000000,0.012160,0.000000,0.910900,19.997624,0.035305,-0.306231,20.000000
0.250700,1,"LINK_TORSO_YAW",0.102400,0.200000,0.148300,20.000000,0.000000,0.000000,20.000000,0.000000,0.000000,0.000000,0.000000,0.012160,0.000000,0.910900,19.997598,0.035319,-0.307965,20.000000
0.250800,1,"LINK_TORSO_YAW",0.102400,0.200000,0.148400,20.000000,0.000000,0.000000,20.000000,0.000000,0.000000,0.000000,0.000000,0.012160,0.000000,0.910900,19.997571,0.035332,-0.309699,20.000000
0.250900,1,"LINK_TORSO_YAW",0.102400,0.200000,0.148500,20.000000,0.000000,0.000000,20.000000,0.000000,0.000000,0.000000,0.000000,0.012160,0.000000,0.910900,19.997544,0.035346,-0.311433,20.000000
0.251000,1,"LINK_TORSO_YAW",0.102400,0.200000,0.148600,20.000000,0.000000,0.000000,20.000000,0.000000,0.000000,0.000000,0.000000,0.012160,0.000000,0.910900,19.997517,0.035360,-0.313167,20.000000
0.251100,1,"LINK_TORSO_YAW",0.102400,0.200000,0.148700,20.000000,0.000000,0.000000,20.000000,0.000000,0.000000,0.000000,0.000000,0.012160,0.000000,0.910900,19.997489,0.035373,-0.314902,20.000000
0.251200,1,"LINK_TORSO_YAW",0.102400,0.200000,0.148800,20.000000,0.000000,0.000000,20.000000,0.000000,0.000000,0.000000,0.000000,0.012160,0.000000,0.910900,19.997462,0.035387,-0.316639,20.000000
0.251300,1,"LINK_TORSO_YAW",0.102400,0.200000,0.148900,20.000000,0.000000,0.000000,20.000000,0.000000,0.000000,0.000000,0.000000,0.012160,0.000000,0.910900,19.997434,0.035401,-0.318378,20.000000
0.251400,1,"LINK_TORSO_YAW",0.102400,0.200000,0.149000,20.000000,0.000000,0.000000,20.000000,0.000000,0.000000,0.000000,0.000000,0.012160,0.000000,0.910900,19.997407,0.035415,-0.320119,20.000000
0.251500,1,"LINK_TORSO_YAW",0.102400,0.200000,0.149100,20.000000,0.000000,0.000000,20.000000,0.000000,0.000000,0.000000,0.000000,0.012160,0.000000,0.910900,19.997379,0.035429,-0.321863,20.000000
0.251600,1,"LINK_TORSO_YAW",0.102400,0.200000,0.149200,20.000000,0.000000,0.000000,20.000000,0.000000,0.000000,0.000000,0.000000,0.012160,0.000000,0.910900,19.997350,0.035443,-0.323610,20.000000
0.251700,1,"LINK_TORSO_YAW",0.102400,0.200000,0.149300,20.000000,0.000000,0.000000,20.000000,0.000000,0.000000,0.000000,0.000000,0.012160,0.000000,0.910900,19.997322,0.035456,-0.325360,20.000000
0.251800,1,"LINK_TORSO_YAW",0.102400,0.200000,0.149400,20.000000,0.000000,0.000000,20.000000,0.000000,0.000000,0.000000,0.000000,0.012160,0.000000,0.910900,19.997293,0.035470,-0.327109,20.000000
0.251900,1,"LINK_TORSO_YAW",0.102400,0.200000,0.149500,20.000000,0.000000,0.000000,20.000000,0.000000,0.000000,0.000000,0.000000,0.012160,0.000000,0.910900,19.997265,0.035484,-0.328858,20.000000
0.252000,1,"LINK_TORSO_YAW",0.102400,0.200000,0.149600,20.000000,0.000000,0.000000,20.000000,0.000000,0.000000,0.000000,0.000000,0.012160,0.000000,0.910900,19.997236,0.035498,-0.330607,20.000000
0.252100,1,"LINK_TORSO_YAW",0.102400,0.200000,0.149700,20.000000,0.000000,0.000000,20.000000,0.000000,0.000000,0.000000,0.000000,0.012160,0.000000,0.910900,19.997207,0.035512,-0.332357,20.000000
0.252200,1,"LINK_TORSO_YAW",0.102400,0.200000,0.149800,20.000000,0.000000,0.000000,20.000000,0.000000,0.000000,0.000000,0.000000,0.012160,0.000000,0.910900,19.997178,0.035525,-0.334108,20.000000
0.252300,1,"LINK_TORSO_YAW",0.102400,0.200000,0.149900,20.000000,0.000000,0.000000,20.000000,0.000000,0.000000,0.000000,0.000000,0.012160,0.000000,0.910900,19.997148,0.035539,-0.335861,20.000000
0.252400,1,"LINK_TORSO_YAW",0.102400,0.200000,0.150000,20.000000,0.000000,0.000000,20.000000,0.000000,0.000000,0.000000,0.000000,0.012160,0.000000,0.910900,19.997119,0.035553,-0.337615,20.000000
0.252500,1,"LINK_TORSO_YAW",0.102400,0.200000,0.150100,20.000000,0.000000,0.000000,20.000000,0.000000,0.000000,0.000000,0.000000,0.012160,0.000000,0.910900,19.997089,0.035566,-0.339372,20.000000
0.252600,1,"LINK_TORSO_YAW",0.102400,0.200000,0.150200,20.000000,0.000000,0.000000,20.000000,0.000000,0.000000,0.000000,0.000000,0.012160,0.000000,0.910900,19.997059,0.035580,-0.341131,20.000000
0.252700,1,"LINK_TORSO_YAW",0.102400,0.200000,0.150300,20.000000,0.000000,0.000000,20.000000,0.000000,0.000000,0.000000,0.000000,0.012160,0.000000,0.910900,19.997029,0.035594,-0.342893,20.000000
0.252800,1,"LINK_TORSO_YAW",0.102400,0.200000,0.150400,20.000000,0.000000,0.000000,20.000000,0.000000,0.000000,0.000000,0.000000,0.012160,0.000000,0.910900,19.996998,0.035608,-0.344659,20.000000
0.252900,1,"LINK_TORSO_YAW",0.102400,0.200000,0.150500,20.000000,0.000000,0.000000,20.000000,0.000000,0.000000,0.000000,0.000000,0.012160,0.000000,0.910900,19.996968,0.035622,-0.346424,20.000000
0.253000,1,"LINK_TORSO_YAW",0.102400,0.200000,0.150600,20.000000,0.000000,0.000000,20.000000,0.000000,0.000000,0.000000,0.000000,0.012160,0.000000,0.910900,19.996937,0.035635,-0.348188,20.000000
0.253100,1,"LINK_TORSO_YAW",0.102400,0.200000,0.150700,20.000000,0.000000,0.000000,20.000000,0.000000,0.000000,0.000000,0.000000,0.012160,0.000000,0.910900,19.996906,0.035649,-0.349953,20.000000
0.253200,1,"LINK_TORSO_YAW",0.102400,0.200000,0.150800,20.000000,0.000000,0.000000,20.000000,0.000000,0.000000,0.000000,0.000000,0.012160,0.000000,0.910900,19.996875,0.035663,-0.351718,20.000000
0.253300,1,"LINK_TORSO_YAW",0.102400,0.200000,0.150900,20.000000,0.000000,0.000000,20.000000,0.000000,0.000000,0.000000,0.000000,0.012160,0.000000,0.910900,19.996844,0.035676,-0.353484,20.000000
0.253400,1,"LINK_TORSO_YAW",0.102400,0.200000,0.151000,20.000000,0.000000,0.000000,20.000000,0.000000,0.000000,0.000000,0.000000,0.012160,0.000000,0.910900,19.996813,0.035690,-0.355252,20.000000
0.253500,1,"LINK_TORSO_YAW",0.102400,0.200000,0.151100,20.000000,0.000000,0.000000,20.000000,0.000000,0.000000,0.000000,0.000000,0.012160,0.000000,0.910900,19.996781,0.035703,-0.357022,20.000000
0.253600,1,"LINK_TORSO_YAW",0.102400,0.200000,0.151200,20.000000,0.000000,0.000000,20.000000,0.000000,0.000000,0.000000,0.000000,0.012160,0.000000,0.910900,19.996750,0.035717,-0.358793,20.000000
0.253700,1,"LINK_TORSO_YAW",0.102400,0.200000,0.151300,20.000000,0.000000,0.000000,20.000000,0.000000,0.000000,0.000000,0.000000,0.012160,0.000000,0.910900,19.996718,0.035730,-0.360568,20.000000
0.253800,1,"LINK_TORSO_YAW",0.102400,0.200000,0.151400,20.000000,0.000000,0.000000,20.000000,0.000000,0.000000,0.000000,0.000000,0.012160,0.000000,0.910900,19.996685,0.035744,-0.362345,20.000000
0.253900,1,"LINK_TORSO_YAW",0.102400,0.200000,0.151500,20.000000,0.000000,0.000000,20.000000,0.000000,0.000000,0.000000,0.000000,0.012160,0.000000,0.910900,19.996653,0.035758,-0.364126,20.000000
0.254000,1,"LINK_TORSO_YAW",0.102400,0.200000,0.151600,20.000000,0.000000,0.000000,20.000000,0.000000,0.000000,0.000000,0.000000,0.012160,0.000000,0.910900,19.996621,0.035771,-0.365906,20.000000
0.254100,1,"LINK_TORSO_YAW",0.102400,0.200000,0.151700,20.000000,0.000000,0.000000,20.000000,0.000000,0.000000,0.000000,0.000000,0.012160,0.000000,0.910900,19.996588,0.035785,-0.367686,20.000000
0.254200,1,"LINK_TORSO_YAW",0.102400,0.200000,0.151800,20.000000,0.000000,0.000000,20.000000,0.000000,0.000000,0.000000,0.000000,0.012160,0.000000,0.910900,19.996555,0.035798,-0.369465,20.000000
0.254300,1,"LINK_TORSO_YAW",0.102400,0.200000,0.151900,20.000000,0.000000,0.000000,20.000000,0.000000,0.000000,0.000000,0.000000,0.012160,0.000000,0.910900,19.996522,0.035812,-0.371246,20.000000
0.254400,1,"LINK_TORSO_YAW",0.102400,0.200000,0.152000,20.000000,0.000000,0.000000,20.000000,0.000000,0.000000,0.000000,0.000000,0.012160,0.000000,0.910900,19.996489,0.035825,-0.373027,20.000000
0.254500,1,"LINK_TORSO_YAW",0.102400,0.200000,0.152100,20.000000,0.000000,0.000000,20.000000,0.000000,0.000000,0.000000,0.000000,0.012160,0.000000,0.910900,19.996456,0.035838,-0.374810,20.000000
0.254600,1,"LINK_TORSO_YAW",0.102400,0.200000,0.152200,20.000000,0.000000,0.000000,20.000000,0.000000,0.000000,0.000000,0.000000,0.012160,0.000000,0.910900,19.996422,0.035852,-0.376595,20.000000
0.254700,1,"LINK_TORSO_YAW",0.102400,0.200000,0.152300,20.000000,0.000000,0.000000,20.000000,0.000000,0.000000,0.000000,0.000000,0.012160,0.000000,0.910900,19.996388,0.035865,-0.378381,20.000000
0.254800,1,"LINK_TORSO_YAW",0.102400,0.200000,0.152400,20.000000,0.000000,0.000000,20.000000,0.000000,0.000000,0.000000,0.000000,0.012160,0.000000,0.910900,19.996354,0.035879,-0.380171,20.000000
0.254900,1,"LINK_TORSO_YAW",0.102400,0.200000,0.152500,20.000000,0.000000,0.000000,20.000000,0.000000,0.000000,0.000000,0.000000,0.012160,0.000000,0.910900,19.996320,0.035892,-0.381964,20.000000
0.255000,1,"LINK_TORSO_YAW",0.102400,0.200000,0.152600,20.000000,0.000000,0.000000,20.000000,0.000000,0.000000,0.000000,0.000000,0.012160,0.000000,0.910900,19.996286,0.035906,-0.383760,20.000000
0.255100,1,"LINK_TORSO_YAW",0.102400,0.200000,0.152700,20.000000,0.000000,0.000000,20.000000,0.000000,0.000000,0.000000,0.000000,0.012160,0.000000,0.910900,19.996251,0.035919,-0.385555,20.000000
0.255200,1,"LINK_TORSO_YAW",0.102400,0.200000,0.152800,20.000000,0.000000,0.000000,20.000000,0.000000,0.000000,0.000000,0.000000,0.012160,0.000000,0.910900,19.996216,0.035932,-0.387349,20.000000
0.255300,1,"LINK_TORSO_YAW",0.102400,0.200000,0.152900,20.000000,0.000000,0.000000,20.000000,0.000000,0.000000,0.000000,0.000000,0.012160,0.000000,0.910900,19.996182,0.035946,-0.389144,20.000000
0.255400,1,"LINK_TORSO_YAW",0.102400,0.200000,0.153000,20.000000,0.000000,0.000000,20.000000,0.000000,0.000000,0.000000,0.000000,0.012160,0.000000,0.910900,19.996146,0.035959,-0.390939,20.000000
0.255500,1,"LINK_TORSO_YAW",0.102400,0.200000,0.153100,20.000000,0.000000,0.000000,20.000000,0.000000,0.000000,0.000000,0.000000,0.012160,0.000000,0.910900,19.996111,0.035972,-0.392736,20.000000
0.255600,1,"LINK_TORSO_YAW",0.102400,0.200000,0.153200,20.000000,0.000000,0.000000,20.000000,0.000000,0.000000,0.000000,0.000000,0.012160,0.000000,0.910900,19.996076,0.035985,-0.394534,20.000000
0.255700,1,"LINK_TORSO_YAW",0.102400,0.200000,0.153300,20.000000,0.000000,0.000000,20.000000,0.000000,0.000000,0.000000,0.000000,0.012160,0.000000,0.910900,19.996040,0.035999,-0.396333,20.000000
0.255800,1,"LINK_TORSO_YAW",0.102400,0.200000,0.153400,20.000000,0.000000,0.000000,20.000000,0.000000,0.000000,0.000000,0.000000,0.012160,0.000000,0.910900,19.996004,0.036012,-0.398135,20.000000
0.255900,1,"LINK_TORSO_YAW",0.102400,0.200000,0.153500,20.000000,0.000000,0.000000,20.000000,0.000000,0.000000,0.000000,0.000000,0.012160,0.000000,0.910900,19.995968,0.036025,-0.399940,20.000000
0.256000,1,"LINK_TORSO_YAW",0.102400,0.200000,0.153600,20.000000,0.000000,0.000000,20.000000,0.000000,0.000000,0.000000,0.000000,0.012160,0.000000,0.910900,19.995932,0.036038,-0.401748,20.000000
0.256100,1,"LINK_TORSO_YAW",0.102400,0.200000,0.153700,20.000000,0.000000,0.000000,20.000000,0.000000,0.000000,0.000000,0.000000,0.012160,0.000000,0.910900,19.995896,0.036052,-0.403554,20.000000
0.256200,1,"LINK_TORSO_YAW",0.102400,0.200000,0.153800,20.000000,0.000000,0.000000,20.000000,0.000000,0.000000,0.000000,0.000000,0.012160,0.000000,0.910900,19.995859,0.036065,-0.405361,20.000000
0.256300,1,"LINK_TORSO_YAW",0.102400,0.200000,0.153900,20.000000,0.000000,0.000000,20.000000,0.000000,0.000000,0.000000,0.000000,0.012160,0.000000,0.910900,19.995822,0.036078,-0.407167,20.000000
0.256400,1,"LINK_TORSO_YAW",0.102400,0.200000,0.154000,20.000000,0.000000,0.000000,20.000000,0.000000,0.000000,0.000000,0.000000,0.012160,0.000000,0.910900,19.995785,0.036091,-0.408974,20.000000
0.256500,1,"LINK_TORSO_YAW",0.102400,0.200000,0.154100,20.000000,0.000000,0.000000,20.000000,0.000000,0.000000,0.000000,0.000000,0.012160,0.000000,0.910900,19.995748,0.036104,-0.410782,20.000000
0.256600,1,"LINK_TORSO_YAW",0.102400,0.200000,0.154200,20.000000,0.000000,0.000000,20.000000,0.000000,0.000000,0.000000,0.000000,0.012160,0.000000,0.910900,19.995711,0.036117,-0.412592,20.000000
0.256700,1,"LINK_TORSO_YAW",0.102400,0.200000,0.154300,20.000000,0.000000,0.000000,20.000000,0.000000,0.000000,0.000000,0.000000,0.012160,0.000000,0.910900,19.995674,0.036130,-0.414403,20.000000
0.256800,1,"LINK_TORSO_YAW",0.102400,0.200000,0.154400,20.000000,0.000000,0.000000,20.000000,0.000000,0.000000,0.000000,0.000000,0.012160,0.000000,0.910900,19.995636,0.036143,-0.416217,20.000000
0.256900,1,"LINK_TORSO_YAW",0.102400,0.200000,0.154500,20.000000,0.000000,0.000000,20.000000,0.000000,0.000000,0.000000,0.000000,0.012160,0.000000,0.910900,19.995598,0.036156,-0.418033,20.000000
0.257000,1,"LINK_TORSO_YAW",0.102400,0.200000,0.154600,20.000000,0.000000,0.000000,20.000000,0.000000,0.000000,0.000000,0.000000,0.012160,0.000000,0.910900,19.995560,0.036170,-0.419852,20.000000
0.257100,1,"LINK_TORSO_YAW",0.102400,0.200000,0.154700,20.000000,0.000000,0.000000,20.000000,0.000000,0.000000,0.000000,0.000000,0.012160,0.000000,0.910900,19.995522,0.036183,-0.421675,20.000000
0.257200,1,"LINK_TORSO_YAW",0.102400,0.200000,0.154800,20.000000,0.000000,0.000000,20.000000,0.000000,0.000000,0.000000,0.000000,0.012160,0.000000,0.910900,19.995483,0.036196,-0.423502,20.000000
0.257300,1,"LINK_TORSO_YAW",0.102400,0.200000,0.154900,20.000000,0.000000,0.000000,20.000000,0.000000,0.000000,0.000000,0.000000,0.012160,0.000000,0.910900,19.995444,0.036209,-0.425328,20.000000
0.257400,1,"LINK_TORSO_YAW",0.102400,0.200000,0.155000,20.000000,0.000000,0.000000,20.000000,0.000000,0.000000,0.000000,0.000000,0.012160,0.000000,0.910900,19.995405,0.036222,-0.427153,20.000000
0.257500,1,"LINK_TORSO_YAW",0.102400,0.200000,0.155100,20.000000,0.000000,0.000000,20.000000,0.000000,0.000000,0.000000,0.000000,0.012160,0.000000,0.910900,19.995366,0.036235,-0.428978,20.000000
0.257600,1,"LINK_TORSO_YAW",0.102400,0.200000,0.155200,20.000000,0.000000,0.000000,20.000000,0.000000,0.000000,0.000000,0.000000,0.012160,0.000000,0.910900,19.995327,0.036248,-0.430804,20.000000
0.257700,1,"LINK_TORSO_YAW",0.102400,0.200000,0.155300,20.000000,0.000000,0.000000,20.000000,0.000000,0.000000,0.000000,0.000000,0.012160,0.000000,0.910900,19.995287,0.036261,-0.432631,20.000000
0.257800,1,"LINK_TORSO_YAW",0.102400,0.200000,0.155400,20.000000,0.000000,0.000000,20.000000,0.000000,0.000000,0.000000,0.000000,0.012160,0.000000,0.910900,19.995248,0.036274,-0.434460,20.000000
0.257900,1,"LINK_TORSO_YAW",0.102400,0.200000,0.155500,20.000000,0.000000,0.000000,20.000000,0.000000,0.000000,0.000000,0.000000,0.012160,0.000000,0.910900,19.995208,0.036287,-0.436290,20.000000
0.258000,1,"LINK_TORSO_YAW",0.102400,0.200000,0.155600,20.000000,0.000000,0.000000,20.000000,0.000000,0.000000,0.000000,0.000000,0.012160,0.000000,0.910900,19.995168,0.036300,-0.438123,20.000000
0.258100,1,"LINK_TORSO_YAW",0.102400,0.200000,0.155700,20.000000,0.000000,0.000000,20.000000,0.000000,0.000000,0.000000,0.000000,0.012160,0.000000,0.910900,19.995127,0.036313,-0.439958,20.000000
0.258200,1,"LINK_TORSO_YAW",0.102400,0.200000,0.155800,20.000000,0.000000,0.000000,20.000000,0.000000,0.000000,0.000000,0.000000,0.012160,0.000000,0.910900,19.995087,0.036326,-0.441797,20.000000
0.258300,1,"LINK_TORSO_YAW",0.102400,0.200000,0.155900,20.000000,0.000000,0.000000,20.000000,0.000000,0.000000,0.000000,0.000000,0.012160,0.000000,0.910900,19.995046,0.036339,-0.443638,20.000000
0.258400,1,"LINK_TORSO_YAW",0.102400,0.200000,0.156000,20.000000,0.000000,0.000000,20.000000,0.000000,0.000000,0.000000,0.000000,0.012160,0.000000,0.910900,19.995005,0.036352,-0.445479,20.000000
0.258500,1,"LINK_TORSO_YAW",0.102400,0.200000,0.156100,20.000000,0.000000,0.000000,20.000000,0.000000,0.000000,0.000000,0.000000,0.012160,0.000000,0.910900,19.994964,0.036365,-0.447320,20.000000
0.258600,1,"LINK_TORSO_YAW",0.102400,0.200000,0.156200,20.000000,0.000000,0.000000,20.000000,0.000000,0.000000,0.000000,0.000000,0.012160,0.000000,0.910900,19.994923,0.036378,-0.449160,20.000000
0.258700,1,"LINK_TORSO_YAW",0.102400,0.200000,0.156300,20.000000,0.000000,0.000000,20.000000,0.000000,0.000000,0.000000,0.000000,0.012160,0.000000,0.910900,19.994881,0.036391,-0.451001,20.000000
0.258800,1,"LINK_TORSO_YAW",0.102400,0.200000,0.156400,20.000000,0.000000,0.000000,20.000000,0.000000,0.000000,0.000000,0.000000,0.012160,0.000000,0.910900,19.994840,0.036404,-0.452843,20.000000
0.258900,1,"LINK_TORSO_YAW",0.102400,0.200000,0.156500,20.000000,0.000000,0.000000,20.000000,0.000000,0.000000,0.000000,0.000000,0.012160,0.000000,0.910900,19.994798,0.036417,-0.454687,20.000000
0.259000,1,"LINK_TORSO_YAW",0.102400,0.200000,0.156600,20.000000,0.000000,0.000000,20.000000,0.000000,0.000000,0.000000,0.000000,0.012160,0.000000,0.910900,19.994756,0.036430,-0.456532,20.000000
0.259100,1,"LINK_TORSO_YAW",0.102400,0.200000,0.156700,20.000000,0.000000,0.000000,20.000000,0.000000,0.000000,0.000000,0.000000,0.012160,0.000000,0.910900,19.994713,0.036443,-0.458380,20.000000
0.259200,1,"LINK_TORSO_YAW",0.102400,0.200000,0.156800,20.000000,0.000000,0.000000,20.000000,0.000000,0.000000,0.000000,0.000000,0.012160,0.000000,0.910900,19.994671,0.036455,-0.460231,20.000000
0.259300,1,"LINK_TORSO_YAW",0.102400,0.200000,0.156900,20.000000,0.000000,0.000000,20.000000,0.000000,0.000000,0.000000,0.000000,0.012160,0.000000,0.910900,19.994628,0.036468,-0.462084,20.000000
0.259400,1,"LINK_TORSO_YAW",0.102400,0.200000,0.157000,20.000000,0.000000,0.000000,20.000000,0.000000,0.000000,0.000000,0.000000,0.012160,0.000000,0.910900,19.994585,0.036480,-0.463941,20.000000
0.259500,1,"LINK_TORSO_YAW",0.102400,0.200000,0.157100,20.000000,0.000000,0.000000,20.000000,0.000000,0.000000,0.000000,0.000000,0.012160,0.000000,0.910900,19.994542,0.036493,-0.465797,20.000000
0.259600,1,"LINK_TORSO_YAW",0.102400,0.200000,0.157200,20.000000,0.000000,0.000000,20.000000,0.000000,0.000000,0.000000,0.000000,0.012160,0.000000,0.910900,19.994498,0.036505,-0.467652,20.000000
0.259700,1,"LINK_TORSO_YAW",0.102400,0.200000,0.157300,20.000000,0.000000,0.000000,20.000000,0.000000,0.000000,0.000000,0.000000,0.012160,0.000000,0.910900,19.994455,0.036518,-0.469508,20.000000
0.259800,1,"LINK_TORSO_YAW",0.102400,0.200000,0.157400,20.000000,0.000000,0.000000,20.000000,0.000000,0.000000,0.000000,0.000000,0.012160,0.000000,0.910900,19.994411,0.036530,-0.471364,20.000000
0.259900,1,"LINK_TORSO_YAW",0.102400,0.200000,0.157500,20.000000,0.000000,0.000000,20.000000,0.000000,0.000000,0.000000,0.000000,0.012160,0.000000,0.910900,19.994367,0.036542,-0.473222,20.000000
0.260000,1,"LINK_TORSO_YAW",0.102400,0.200000,0.157600,20.000000,0.000000,0.000000,20.000000,0.000000,0.000000,0.000000,0.000000,0.012160,0.000000,0.910900,19.994323,0.036554,-0.475081,20.000000
0.260100,1,"LINK_TORSO_YAW",0.102400,0.200000,0.157700,20.000000,0.000000,0.000000,20.000000,0.000000,0.000000,0.000000,0.000000,0.012160,0.000000,0.910900,19.994279,0.036566,-0.476942,20.000000
0.260200,1,"LINK_TORSO_YAW",0.102400,0.200000,0.157800,20.000000,0.000000,0.000000,20.000000,0.000000,0.000000,0.000000,0.000000,0.012160,0.000000,0.910900,19.994234,0.036578,-0.478805,20.000000
0.260300,1,"LINK_TORSO_YAW",0.102400,0.200000,0.157900,20.000000,0.000000,0.000000,20.000000,0.000000,0.000000,0.000000,0.000000,0.012160,0.000000,0.910900,19.994190,0.036590,-0.480671,20.000000
0.260400,1,"LINK_TORSO_YAW",0.102400,0.200000,0.158000,20.000000,0.000000,0.000000,20.000000,0.000000,0.000000,0.000000,0.000000,0.012160,0.000000,0.910900,19.994145,0.036602,-0.482540,20.000000
0.260500,1,"LINK_TORSO_YAW",0.102400,0.200000,0.158100,20.000000,0.000000,0.000000,20.000000,0.000000,0.000000,0.000000,0.000000,0.012160,0.000000,0.910900,19.994099,0.036614,-0.484412,20.000000
0.260600,1,"LINK_TORSO_YAW",0.102400,0.200000,0.158200,20.000000,0.000000,0.000000,20.000000,0.000000,0.000000,0.000000,0.000000,0.012160,0.000000,0.910900,19.994054,0.036626,-0.486284,20.000000
0.260700,1,"LINK_TORSO_YAW",0.102400,0.200000,0.158300,20.000000,0.000000,0.000000,20.000000,0.000000,0.000000,0.000000,0.000000,0.012160,0.000000,0.910900,19.994008,0.036639,-0.488155,20.000000
0.260800,1,"LINK_TORSO_YAW",0.102400,0.200000,0.158400,20.000000,0.000000,0.000000,20.000000,0.000000,0.000000,0.000000,0.000000,0.012160,0.000000,0.910900,19.993962,0.036651,-0.490026,20.000000
0.260900,1,"LINK_TORSO_YAW",0.102400,0.200000,0.158500,20.000000,0.000000,0.000000,20.000000,0.000000,0.000000,0.000000,0.000000,0.012160,0.000000,0.910900,19.993916,0.036664,-0.491897,20.000000
0.261000,1,"LINK_TORSO_YAW",0.102400,0.200000,0.158600,20.000000,0.000000,0.000000,20.000000,0.000000,0.000000,0.000000,0.000000,0.012160,0.000000,0.910900,19.993870,0.036676,-0.493770,20.000000
0.261100,1,"LINK_TORSO_YAW",0.102400,0.200000,0.158700,20.000000,0.000000,0.000000,20.000000,0.000000,0.000000,0.000000,0.000000,0.012160,0.000000,0.910900,19.993824,0.036688,-0.495644,20.000000
0.261200,1,"LINK_TORSO_YAW",0.102400,0.200000,0.158800,20.000000,0.000000,0.000000,20.000000,0.000000,0.000000,0.000000,0.000000,0.012160,0.000000,0.910900,19.993777,0.036701,-0.497520,20.000000
0.261300,1,"LINK_TORSO_YAW",0.102400,0.200000,0.158900,20.000000,0.000000,0.000000,20.000000,0.000000,0.000000,0.000000,0.000000,0.012160,0.000000,0.910900,19.993730,0.036713,-0.499399,20.000000
0.261400,1,"LINK_TORSO_YAW",0.102400,0.200000,0.159000,20.000000,0.000000,0.000000,20.000000,0.000000,0.000000,0.000000,0.000000,0.012160,0.000000,0.910900,19.993683,0.036726,-0.501280,20.000000
0.261500,1,"LINK_TORSO_YAW",0.102400,0.200000,0.159100,20.000000,0.000000,0.000000,20.000000,0.000000,0.000000,0.000000,0.000000,0.012160,0.000000,0.910900,19.993636,0.036739,-0.503164,20.000000
0.261600,1,"LINK_TORSO_YAW",0.102400,0.200000,0.159200,20.000000,0.000000,0.000000,20.000000,0.000000,0.000000,0.000000,0.000000,0.012160,0.000000,0.910900,19.993588,0.036752,-0.505051,20.000000
0.261700,1,"LINK_TORSO_YAW",0.102400,0.200000,0.159300,20.000000,0.000000,0.000000,20.000000,0.000000,0.000000,0.000000,0.000000,0.012160,0.000000,0.910900,19.993541,0.036765,-0.506937,20.000000
0.261800,1,"LINK_TORSO_YAW",0.102400,0.200000,0.159400,20.000000,0.000000,0.000000,20.000000,0.000000,0.000000,0.000000,0.000000,0.012160,0.000000,0.910900,19.993493,0.036778,-0.508823,20.000000
0.261900,1,"LINK_TORSO_YAW",0.102400,0.200000,0.159500,20.000000,0.000000,0.000000,20.000000,0.000000,0.000000,0.000000,0.000000,0.012160,0.000000,0.910900,19.993444,0.036790,-0.510710,20.000000
0.262000,1,"LINK_TORSO_YAW",0.102400,0.200000,0.159600,20.000000,0.000000,0.000000,20.000000,0.000000,0.000000,0.000000,0.000000,0.012160,0.000000,0.910900,19.993396,0.036803,-0.512596,20.000000
0.262100,1,"LINK_TORSO_YAW",0.102400,0.200000,0.159700,20.000000,0.000000,0.000000,20.000000,0.000000,0.000000,0.000000,0.000000,0.012160,0.000000,0.910900,19.993348,0.036816,-0.514484,20.000000
0.262200,1,"LINK_TORSO_YAW",0.102400,0.200000,0.159800,20.000000,0.000000,0.000000,20.000000,0.000000,0.000000,0.000000,0.000000,0.012160,0.000000,0.910900,19.993299,0.036829,-0.516373,20.000000
0.262300,1,"LINK_TORSO_YAW",0.102400,0.200000,0.159900,20.000000,0.000000,0.000000,20.000000,0.000000,0.000000,0.000000,0.000000,0.012160,0.000000,0.910900,19.993250,0.036842,-0.518264,20.000000
0.262400,1,"LINK_TORSO_YAW",0.102400,0.200000,0.160000,20.000000,0.000000,0.000000,20.000000,0.000000,0.000000,0.000000,0.000000,0.012160,0.000000,0.910900,19.993201,0.036855,-0.520158,20.000000
0.262500,1,"LINK_TORSO_YAW",0.102400,0.200000,0.160100,20.000000,0.000000,0.000000,20.000000,0.000000,0.000000,0.000000,0.000000,0.012160,0.000000,0.910900,19.993151,0.036868,-0.522054,20.000000
0.262600,1,"LINK_TORSO_YAW",0.102400,0.200000,0.160200,20.000000,0.000000,0.000000,20.000000,0.000000,0.000000,0.000000,0.000000,0.012160,0.000000,0.910900,19.993102,0.036881,-0.523952,20.000000
0.262700,1,"LINK_TORSO_YAW",0.102400,0.200000,0.160300,20.000000,0.000000,0.000000,20.000000,0.000000,0.000000,0.000000,0.000000,0.012160,0.000000,0.910900,19.993052,0.036894,-0.525855,20.000000
0.262800,1,"LINK_TORSO_YAW",0.102400,0.200000,0.160400,20.000000,0.000000,0.000000,20.000000,0.000000,0.000000,0.000000,0.000000,0.012160,0.000000,0.910900,19.993002,0.036907,-0.527756,20.000000
0.262900,1,"LINK_TORSO_YAW",0.102400,0.200000,0.160500,20.000000,0.000000,0.000000,20.000000,0.000000,0.000000,0.000000,0.000000,0.012160,0.000000,0.910900,19.992951,0.036920,-0.529657,20.000000
0.263000,1,"LINK_TORSO_YAW",0.102400,0.200000,0.160600,20.000000,0.000000,0.000000,20.000000,0.000000,0.000000,0.000000,0.000000,0.012160,0.000000,0.910900,19.992901,0.036933,-0.531558,20.000000
0.263100,1,"LINK_TORSO_YAW",0.102400,0.200000,0.160700,20.000000,0.000000,0.000000,20.000000,0.000000,0.000000,0.000000,0.000000,0.012160,0.000000,0.910900,19.992850,0.036946,-0.533460,20.000000
0.263200,1,"LINK_TORSO_YAW",0.102400,0.200000,0.160800,20.000000,0.000000,0.000000,20.000000,0.000000,0.000000,0.000000,0.000000,0.012160,0.000000,0.910900,19.992799,0.036958,-0.535362,20.000000
0.263300,1,"LINK_TORSO_YAW",0.102400,0.200000,0.160900,20.000000,0.000000,0.000000,20.000000,0.000000,0.000000,0.000000,0.000000,0.012160,0.000000,0.910900,19.992748,0.036971,-0.537266,20.000000
0.263400,1,"LINK_TORSO_YAW",0.102400,0.200000,0.161000,20.000000,0.000000,0.000000,20.000000,0.000000,0.000000,0.000000,0.000000,0.012160,0.000000,0.910900,19.992697,0.036984,-0.539172,20.000000
0.263500,1,"LINK_TORSO_YAW",0.102400,0.200000,0.161100,20.000000,0.000000,0.000000,20.000000,0.000000,0.000000,0.000000,0.000000,0.012160,0.000000,0.910900,19.992645,0.036997,-0.541080,20.000000
0.263600,1,"LINK_TORSO_YAW",0.102400,0.200000,0.161200,20.000000,0.000000,0.000000,20.000000,0.000000,0.000000,0.000000,0.000000,0.012160,0.000000,0.910900,19.992593,0.037010,-0.542991,20.000000
0.263700,1,"LINK_TORSO_YAW",0.102400,0.200000,0.161300,20.000000,0.000000,0.000000,20.000000,0.000000,0.000000,0.000000,0.000000,0.012160,0.000000,0.910900,19.992541,0.037023,-0.544905,20.000000
0.263800,1,"LINK_TORSO_YAW",0.102400,0.200000,0.161400,20.000000,0.000000,0.000000,20.000000,0.000000,0.000000,0.000000,0.000000,0.012160,0.000000,0.910900,19.992489,0.037036,-0.546822,20.000000
0.263900,1,"LINK_TORSO_YAW",0.102400,0.200000,0.161500,20.000000,0.000000,0.000000,20.000000,0.000000,0.000000,0.000000,0.000000,0.012160,0.000000,0.910900,19.992436,0.037049,-0.548738,20.000000
0.264000,1,"LINK_TORSO_YAW",0.102400,0.200000,0.161600,20.000000,0.000000,0.000000,20.000000,0.000000,0.000000,0.000000,0.000000,0.012160,0.000000,0.910900,19.992384,0.037062,-0.550654,20.000000
0.264100,1,"LINK_TORSO_YAW",0.102400,0.200000,0.161700,20.000000,0.000000,0.000000,20.000000,0.000000,0.000000,0.000000,0.000000,0.012160,0.000000,0.910900,19.992331,0.037074,-0.552570,20.000000
0.264200,1,"LINK_TORSO_YAW",0.102400,0.200000,0.161800,20.000000,0.000000,0.000000,20.000000,0.000000,0.000000,0.000000,0.000000,0.012160,0.000000,0.910900,19.992278,0.037087,-0.554486,20.000000
0.264300,1,"LINK_TORSO_YAW",0.102400,0.200000,0.161900,20.000000,0.000000,0.000000,20.000000,0.000000,0.000000,0.000000,0.000000,0.012160,0.000000,0.910900,19.992224,0.037100,-0.556404,20.000000
0.264400,1,"LINK_TORSO_YAW",0.102400,0.200000,0.162000,20.000000,0.000000,0.000000,20.000000,0.000000,0.000000,0.000000,0.000000,0.012160,0.000000,0.910900,19.992171,0.037113,-0.558323,20.000000
0.264500,1,"LINK_TORSO_YAW",0.102400,0.200000,0.162100,20.000000,0.000000,0.000000,20.000000,0.000000,0.000000,0.000000,0.000000,0.012160,0.000000,0.910900,19.992117,0.037126,-0.560244,20.000000
0.264600,1,"LINK_TORSO_YAW",0.102400,0.200000,0.162200,20.000000,0.000000,0.000000,20.000000,0.000000,0.000000,0.000000,0.000000,0.012160,0.000000,0.910900,19.992063,0.037138,-0.562167,20.000000
0.264700,1,"LINK_TORSO_YAW",0.102400,0.200000,0.162300,20.000000,0.000000,0.000000,20.000000,0.000000,0.000000,0.000000,0.000000,0.012160,0.000000,0.910900,19.992009,0.037151,-0.564092,20.000000
0.264800,1,"LINK_TORSO_YAW",0.102400,0.200000,0.162400,20.000000,0.000000,0.000000,20.000000,0.000000,0.000000,0.000000,0.000000,0.012160,0.000000,0.910900,19.991954,0.037164,-0.566021,20.000000
0.264900,1,"LINK_TORSO_YAW",0.102400,0.200000,0.162500,20.000000,0.000000,0.000000,20.000000,0.000000,0.000000,0.000000,0.000000,0.012160,0.000000,0.910900,19.991900,0.037177,-0.567953,20.000000
0.265000,1,"LINK_TORSO_YAW",0.102400,0.200000,0.162600,20.000000,0.000000,0.000000,20.000000,0.000000,0.000000,0.000000,0.000000,0.012160,0.000000,0.910900,19.991845,0.037190,-0.569884,20.000000
0.265100,1,"LINK_TORSO_YAW",0.102400,0.200000,0.162700,20.000000,0.000000,0.000000,20.000000,0.000000,0.000000,0.000000,0.000000,0.012160,0.000000,0.910900,19.991789,0.037203,-0.571815,20.000000
0.265200,1,"LINK_TORSO_YAW",0.102400,0.200000,0.162800,20.000000,0.000000,0.000000,20.000000,0.000000,0.000000,0.000000,0.000000,0.012160,0.000000,0.910900,19.991734,0.037216,-0.573745,20.000000
0.265300,1,"LINK_TORSO_YAW",0.102400,0.200000,0.162900,20.000000,0.000000,0.000000,20.000000,0.000000,0.000000,0.000000,0.000000,0.012160,0.000000,0.910900,19.991679,0.037229,-0.575677,20.000000
0.265400,1,"LINK_TORSO_YAW",0.102400,0.200000,0.163000,20.000000,0.000000,0.000000,20.000000,0.000000,0.000000,0.000000,0.000000,0.012160,0.000000,0.910900,19.991623,0.037241,-0.577609,20.000000
0.265500,1,"LINK_TORSO_YAW",0.102400,0.200000,0.163100,20.000000,0.000000,0.000000,20.000000,0.000000,0.000000,0.000000,0.000000,0.012160,0.000000,0.910900,19.991567,0.037254,-0.579543,20.000000
0.265600,1,"LINK_TORSO_YAW",0.102400,0.200000,0.163200,20.000000,0.000000,0.000000,20.000000,0.000000,0.000000,0.000000,0.000000,0.012160,0.000000,0.910900,19.991511,0.037267,-0.581479,20.000000
0.265700,1,"LINK_TORSO_YAW",0.102400,0.200000,0.163300,20.000000,0.000000,0.000000,20.000000,0.000000,0.000000,0.000000,0.000000,0.012160,0.000000,0.910900,19.991454,0.037280,-0.583417,20.000000
0.265800,1,"LINK_TORSO_YAW",0.102400,0.200000,0.163400,20.000000,0.000000,0.000000,20.000000,0.000000,0.000000,0.000000,0.000000,0.012160,0.000000,0.910900,19.991397,0.037293,-0.585357,20.000000
0.265900,1,"LINK_TORSO_YAW",0.102400,0.200000,0.163500,20.000000,0.000000,0.000000,20.000000,0.000000,0.000000,0.000000,0.000000,0.012160,0.000000,0.910900,19.991340,0.037306,-0.587301,20.000000
0.266000,1,"LINK_TORSO_YAW",0.102400,0.200000,0.163600,20.000000,0.000000,0.000000,20.000000,0.000000,0.000000,0.000000,0.000000,0.012160,0.000000,0.910900,19.991283,0.037319,-0.589248,20.000000
0.266100,1,"LINK_TORSO_YAW",0.102400,0.200000,0.163700,20.000000,0.000000,0.000000,20.000000,0.000000,0.000000,0.000000,0.000000,0.012160,0.000000,0.910900,19.991225,0.037332,-0.591194,20.000000
0.266200,1,"LINK_TORSO_YAW",0.102400,0.200000,0.163800,20.000000,0.000000,0.000000,20.000000,0.000000,0.000000,0.000000,0.000000,0.012160,0.000000,0.910900,19.991168,0.037345,-0.593140,20.000000
0.266300,1,"LINK_TORSO_YAW",0.102400,0.200000,0.163900,20.000000,0.000000,0.000000,20.000000,0.000000,0.000000,0.000000,0.000000,0.012160,0.000000,0.910900,19.991110,0.037358,-0.595086,20.000000
0.266400,1,"LINK_TORSO_YAW",0.102400,0.200000,0.164000,20.000000,0.000000,0.000000,20.000000,0.000000,0.000000,0.000000,0.000000,0.012160,0.000000,0.910900,19.991052,0.037371,-0.597032,20.000000
0.266500,1,"LINK_TORSO_YAW",0.102400,0.200000,0.164100,20.000000,0.000000,0.000000,20.000000,0.000000,0.000000,0.000000,0.000000,0.012160,0.000000,0.910900,19.990994,0.037384,-0.598979,20.000000
0.266600,1,"LINK_TORSO_YAW",0.102400,0.200000,0.164200,20.000000,0.000000,0.000000,20.000000,0.000000,0.000000,0.000000,0.000000,0.012160,0.000000,0.910900,19.990935,0.037396,-0.600928,20.000000
0.266700,1,"LINK_TORSO_YAW",0.102400,0.200000,0.164300,20.000000,0.000000,0.000000,20.000000,0.000000,0.000000,0.000000,0.000000,0.012160,0.000000,0.910900,19.990876,0.037409,-0.602879,20.000000
0.266800,1,"LINK_TORSO_YAW",0.102400,0.200000,0.164400,20.000000,0.000000,0.000000,20.000000,0.000000,0.000000,0.000000,0.000000,0.012160,0.000000,0.910900,19.990817,0.037422,-0.604832,20.000000
0.266900,1,"LINK_TORSO_YAW",0.102400,0.200000,0.164500,20.000000,0.000000,0.000000,20.000000,0.000000,0.000000,0.000000,0.000000,0.012160,0.000000,0.910900,19.990758,0.037435,-0.606788,20.000000
0.267000,1,"LINK_TORSO_YAW",0.102400,0.200000,0.164600,20.000000,0.000000,0.000000,20.000000,0.000000,0.000000,0.000000,0.000000,0.012160,0.000000,0.910900,19.990698,0.037448,-0.608746,20.000000
0.267100,1,"LINK_TORSO_YAW",0.102400,0.200000,0.164700,20.000000,0.000000,0.000000,20.000000,0.000000,0.000000,0.000000,0.000000,0.012160,0.000000,0.910900,19.990639,0.037461,-0.610709,20.000000
0.267200,1,"LINK_TORSO_YAW",0.102400,0.200000,0.164800,20.000000,0.000000,0.000000,20.000000,0.000000,0.000000,0.000000,0.000000,0.012160,0.000000,0.910900,19.990578,0.037475,-0.612675,20.000000
0.267300,1,"LINK_TORSO_YAW",0.102400,0.200000,0.164900,20.000000,0.000000,0.000000,20.000000,0.000000,0.000000,0.000000,0.000000,0.012160,0.000000,0.910900,19.990518,0.037488,-0.614640,20.000000
0.267400,1,"LINK_TORSO_YAW",0.102400,0.200000,0.165000,20.000000,0.000000,0.000000,20.000000,0.000000,0.000000,0.000000,0.000000,0.012160,0.000000,0.910900,19.990458,0.037502,-0.616604,20.000000
0.267500,1,"LINK_TORSO_YAW",0.102400,0.200000,0.165100,20.000000,0.000000,0.000000,20.000000,0.000000,0.000000,0.000000,0.000000,0.012160,0.000000,0.910900,19.990397,0.037515,-0.618569,20.000000
0.267600,1,"LINK_TORSO_YAW",0.102400,0.200000,0.165200,20.000000,0.000000,0.000000,20.000000,0.000000,0.000000,0.000000,0.000000,0.012160,0.000000,0.910900,19.990336,0.037529,-0.620535,20.000000
0.267700,1,"LINK_TORSO_YAW",0.102400,0.200000,0.165300,20.000000,0.000000,0.000000,20.000000,0.000000,0.000000,0.000000,0.000000,0.012160,0.000000,0.910900,19.990275,0.037542,-0.622501,20.000000
0.267800,1,"LINK_TORSO_YAW",0.102400,0.200000,0.165400,20.000000,0.000000,0.000000,20.000000,0.000000,0.000000,0.000000,0.000000,0.012160,0.000000,0.910900,19.990213,0.037556,-0.624469,20.000000
0.267900,1,"LINK_TORSO_YAW",0.102400,0.200000,0.165500,20.000000,0.000000,0.000000,20.000000,0.000000,0.000000,0.000000,0.000000,0.012160,0.000000,0.910900,19.990152,0.037569,-0.626438,20.000000
0.268000,1,"LINK_TORSO_YAW",0.102400,0.200000,0.165600,20.000000,0.000000,0.000000,20.000000,0.000000,0.000000,0.000000,0.000000,0.012160,0.000000,0.910900,19.990090,0.037583,-0.628410,20.000000
0.268100,1,"LINK_TORSO_YAW",0.102400,0.200000,0.165700,20.000000,0.000000,0.000000,20.000000,0.000000,0.000000,0.000000,0.000000,0.012160,0.000000,0.910900,19.990028,0.037596,-0.630385,20.000000
0.268200,1,"LINK_TORSO_YAW",0.102400,0.200000,0.165800,20.000000,0.000000,0.000000,20.000000,0.000000,0.000000,0.000000,0.000000,0.012160,0.000000,0.910900,19.989965,0.037610,-0.632362,20.000000
0.268300,1,"LINK_TORSO_YAW",0.102400,0.200000,0.165900,20.000000,0.000000,0.000000,20.000000,0.000000,0.000000,0.000000,0.000000,0.012160,0.000000,0.910900,19.989902,0.037623,-0.634339,20.000000
0.268400,1,"LINK_TORSO_YAW",0.102400,0.200000,0.166000,20.000000,0.000000,0.000000,20.000000,0.000000,0.000000,0.000000,0.000000,0.012160,0.000000,0.910900,19.989840,0.037637,-0.636315,20.000000
0.268500,1,"LINK_TORSO_YAW",0.102400,0.200000,0.166100,20.000000,0.000000,0.000000,20.000000,0.000000,0.000000,0.000000,0.000000,0.012160,0.000000,0.910900,19.989777,0.037650,-0.638291,20.000000
0.268600,1,"LINK_TORSO_YAW",0.102400,0.200000,0.166200,20.000000,0.000000,0.000000,20.000000,0.000000,0.000000,0.000000,0.000000,0.012160,0.000000,0.910900,19.989713,0.037664,-0.640268,20.000000
0.268700,1,"LINK_TORSO_YAW",0.102400,0.200000,0.166300,20.000000,0.000000,0.000000,20.000000,0.000000,0.000000,0.000000,0.000000,0.012160,0.000000,0.910900,19.989650,0.037677,-0.642245,20.000000
0.268800,1,"LINK_TORSO_YAW",0.102400,0.200000,0.166400,20.000000,0.000000,0.000000,20.000000,0.000000,0.000000,0.000000,0.000000,0.012160,0.000000,0.910900,19.989586,0.037691,-0.644225,20.000000
0.268900,1,"LINK_TORSO_YAW",0.102400,0.200000,0.166500,20.000000,0.000000,0.000000,20.000000,0.000000,0.000000,0.000000,0.000000,0.012160,0.000000,0.910900,19.989522,0.037704,-0.646206,20.000000
0.269000,1,"LINK_TORSO_YAW",0.102400,0.200000,0.166600,20.000000,0.000000,0.000000,20.000000,0.000000,0.000000,0.000000,0.000000,0.012160,0.000000,0.910900,19.989458,0.037717,-0.648189,20.000000
0.269100,1,"LINK_TORSO_YAW",0.102400,0.200000,0.166700,20.000000,0.000000,0.000000,20.000000,0.000000,0.000000,0.000000,0.000000,0.012160,0.000000,0.910900,19.989393,0.037731,-0.650175,20.000000
0.269200,1,"LINK_TORSO_YAW",0.102400,0.200000,0.166800,20.000000,0.000000,0.000000,20.000000,0.000000,0.000000,0.000000,0.000000,0.012160,0.000000,0.910900,19.989329,0.037744,-0.652163,20.000000
0.269300,1,"LINK_TORSO_YAW",0.102400,0.200000,0.166900,20.000000,0.000000,0.000000,20.000000,0.000000,0.000000,0.000000,0.000000,0.012160,0.000000,0.910900,19.989264,0.037758,-0.654151,20.000000
0.269400,1,"LINK_TORSO_YAW",0.102400,0.200000,0.167000,20.000000,0.000000,0.000000,20.000000,0.000000,0.000000,0.000000,0.000000,0.012160,0.000000,0.910900,19.989198,0.037771,-0.656139,20.000000
0.269500,1,"LINK_TORSO_YAW",0.102400,0.200000,0.167100,20.000000,0.000000,0.000000,20.000000,0.000000,0.000000,0.000000,0.000000,0.012160,0.000000,0.910900,19.989133,0.037784,-0.658126,20.000000
0.269600,1,"LINK_TORSO_YAW",0.102400,0.200000,0.167200,20.000000,0.000000,0.000000,20.000000,0.000000,0.000000,0.000000,0.000000,0.012160,0.000000,0.910900,19.989068,0.037797,-0.660114,20.000000
0.269700,1,"LINK_TORSO_YAW",0.102400,0.200000,0.167300,20.000000,0.000000,0.000000,20.000000,0.000000,0.000000,0.000000,0.000000,0.012160,0.000000,0.910900,19.989002,0.037811,-0.662103,20.000000
0.269800,1,"LINK_TORSO_YAW",0.102400,0.200000,0.167400,20.000000,0.000000,0.000000,20.000000,0.000000,0.000000,0.000000,0.000000,0.012160,0.000000,0.910900,19.988936,0.037824,-0.664094,20.000000
0.269900,1,"LINK_TORSO_YAW",0.102400,0.200000,0.167500,20.000000,0.000000,0.000000,20.000000,0.000000,0.000000,0.000000,0.000000,0.012160,0.000000,0.910900,19.988869,0.037837,-0.666086,20.000000
0.270000,1,"LINK_TORSO_YAW",0.102400,0.200000,0.167600,20.000000,0.000000,0.000000,20.000000,0.000000,0.000000,0.000000,0.000000,0.012160,0.000000,0.910900,19.988803,0.037850,-0.668081,20.000000
0.270100,1,"LINK_TORSO_YAW",0.102400,0.200000,0.167700,20.000000,0.000000,0.000000,20.000000,0.000000,0.000000,0.000000,0.000000,0.012160,0.000000,0.910900,19.988736,0.037864,-0.670078,20.000000
0.270200,1,"LINK_TORSO_YAW",0.102400,0.200000,0.167800,20.000000,0.000000,0.000000,20.000000,0.000000,0.000000,0.000000,0.000000,0.012160,0.000000,0.910900,19.988669,0.037877,-0.672078,20.000000
0.270300,1,"LINK_TORSO_YAW",0.102400,0.200000,0.167900,20.000000,0.000000,0.000000,20.000000,0.000000,0.000000,0.000000,0.000000,0.012160,0.000000,0.910900,19.988601,0.037891,-0.674082,20.000000
0.270400,1,"LINK_TORSO_YAW",0.102400,0.200000,0.168000,20.000000,0.000000,0.000000,20.000000,0.000000,0.000000,0.000000,0.000000,0.012160,0.000000,0.910900,19.988533,0.037904,-0.676090,20.000000
0.270500,1,"LINK_TORSO_YAW",0.102400,0.200000,0.168100,20.000000,0.000000,0.000000,20.000000,0.000000,0.000000,0.000000,0.000000,0.012160,0.000000,0.910900,19.988465,0.037918,-0.678097,20.000000
0.270600,1,"LINK_TORSO_YAW",0.102400,0.200000,0.168200,20.000000,0.000000,0.000000,20.000000,0.000000,0.000000,0.000000,0.000000,0.012160,0.000000,0.910900,19.988397,0.037931,-0.680103,20.000000
0.270700,1,"LINK_TORSO_YAW",0.102400,0.200000,0.168300,20.000000,0.000000,0.000000,20.000000,0.000000,0.000000,0.000000,0.000000,0.012160,0.000000,0.910900,19.988329,0.037943,-0.682110,20.000000
0.270800,1,"LINK_TORSO_YAW",0.102400,0.200000,0.168400,20.000000,0.000000,0.000000,20.000000,0.000000,0.000000,0.000000,0.000000,0.012160,0.000000,0.910900,19.988260,0.037956,-0.684118,20.000000
0.270900,1,"LINK_TORSO_YAW",0.102400,0.200000,0.168500,20.000000,0.000000,0.000000,20.000000,0.000000,0.000000,0.000000,0.000000,0.012160,0.000000,0.910900,19.988191,0.037969,-0.686126,20.000000
0.271000,1,"LINK_TORSO_YAW",0.102400,0.200000,0.168600,20.000000,0.000000,0.000000,20.000000,0.000000,0.000000,0.000000,0.000000,0.012160,0.000000,0.910900,19.988122,0.037982,-0.688136,20.000000
0.271100,1,"LINK_TORSO_YAW",0.102400,0.200000,0.168700,20.000000,0.000000,0.000000,20.000000,0.000000,0.000000,0.000000,0.000000,0.012160,0.000000,0.910900,19.988053,0.037995,-0.690148,20.000000
0.271200,1,"LINK_TORSO_YAW",0.102400,0.200000,0.168800,20.000000,0.000000,0.000000,20.000000,0.000000,0.000000,0.000000,0.000000,0.012160,0.000000,0.910900,19.987983,0.038008,-0.692162,20.000000
0.271300,1,"LINK_TORSO_YAW",0.102400,0.200000,0.168900,20.000000,0.000000,0.000000,20.000000,0.000000,0.000000,0.000000,0.000000,0.012160,0.000000,0.910900,19.987913,0.038021,-0.694178,20.000000
0.271400,1,"LINK_TORSO_YAW",0.102400,0.200000,0.169000,20.000000,0.000000,0.000000,20.000000,0.000000,0.000000,0.000000,0.000000,0.012160,0.000000,0.910900,19.987843,0.038035,-0.696198,20.000000
0.271500,1,"LINK_TORSO_YAW",0.102400,0.200000,0.169100,20.000000,0.000000,0.000000,20.000000,0.000000,0.000000,0.000000,0.000000,0.012160,0.000000,0.910900,19.987772,0.038048,-0.698220,20.000000
0.271600,1,"LINK_TORSO_YAW",0.102400,0.200000,0.169200,20.000000,0.000000,0.000000,20.000000,0.000000,0.000000,0.000000,0.000000,0.012160,0.000000,0.910900,19.987702,0.038061,-0.700242,20.000000
0.271700,1,"LINK_TORSO_YAW",0.102400,0.200000,0.169300,20.000000,0.000000,0.000000,20.000000,0.000000,0.000000,0.000000,0.000000,0.012160,0.000000,0.910900,19.987631,0.038074,-0.702264,20.000000
0.271800,1,"LINK_TORSO_YAW",0.102400,0.200000,0.169400,20.000000,0.000000,0.000000,20.000000,0.000000,0.000000,0.000000,0.000000,0.012160,0.000000,0.910900,19.987559,0.038087,-0.704285,20.000000
0.271900,1,"LINK_TORSO_YAW",0.102400,0.200000,0.169500,20.000000,0.000000,0.000000,20.000000,0.000000,0.000000,0.000000,0.000000,0.012160,0.000000,0.910900,19.987488,0.038100,-0.706307,20.000000
0.272000,1,"LINK_TORSO_YAW",0.102400,0.200000,0.169600,20.000000,0.000000,0.000000,20.000000,0.000000,0.000000,0.000000,0.000000,0.012160,0.000000,0.910900,19.987416,0.038114,-0.708331,20.000000
0.272100,1,"LINK_TORSO_YAW",0.102400,0.200000,0.169700,20.000000,0.000000,0.000000,20.000000,0.000000,0.000000,0.000000,0.000000,0.012160,0.000000,0.910900,19.987345,0.038127,-0.710355,20.000000
0.272200,1,"LINK_TORSO_YAW",0.102400,0.200000,0.169800,20.000000,0.000000,0.000000,20.000000,0.000000,0.000000,0.000000,0.000000,0.012160,0.000000,0.910900,19.987272,0.038140,-0.712381,20.000000
0.272300,1,"LINK_TORSO_YAW",0.102400,0.200000,0.169900,20.000000,0.000000,0.000000,20.000000,0.000000,0.000000,0.000000,0.000000,0.012160,0.000000,0.910900,19.987200,0.038153,-0.714410,20.000000
0.272400,1,"LINK_TORSO_YAW",0.102400,0.200000,0.170000,20.000000,0.000000,0.000000,20.000000,0.000000,0.000000,0.000000,0.000000,0.012160,0.000000,0.910900,19.987127,0.038166,-0.716441,20.000000
0.272500,1,"LINK_TORSO_YAW",0.102400,0.200000,0.170100,20.000000,0.000000,0.000000,20.000000,0.000000,0.000000,0.000000,0.000000,0.012160,0.000000,0.910900,19.987054,0.038179,-0.718475,20.000000
0.272600,1,"LINK_TORSO_YAW",0.102400,0.200000,0.170200,20.000000,0.000000,0.000000,20.000000,0.000000,0.000000,0.000000,0.000000,0.012160,0.000000,0.910900,19.986981,0.038193,-0.720513,20.000000
0.272700,1,"LINK_TORSO_YAW",0.102400,0.200000,0.170300,20.000000,0.000000,0.000000,20.000000,0.000000,0.000000,0.000000,0.000000,0.012160,0.000000,0.910900,19.986907,0.038206,-0.722549,20.000000
0.272800,1,"LINK_TORSO_YAW",0.102400,0.200000,0.170400,20.000000,0.000000,0.000000,20.000000,0.000000,0.000000,0.000000,0.000000,0.012160,0.000000,0.910900,19.986834,0.038219,-0.724586,20.000000
0.272900,1,"LINK_TORSO_YAW",0.102400,0.200000,0.170500,20.000000,0.000000,0.000000,20.000000,0.000000,0.000000,0.000000,0.000000,0.012160,0.000000,0.910900,19.986760,0.038233,-0.726622,20.000000
0.273000,1,"LINK_TORSO_YAW",0.102400,0.200000,0.170600,20.000000,0.000000,0.000000,20.000000,0.000000,0.000000,0.000000,0.000000,0.012160,0.000000,0.910900,19.986685,0.038246,-0.728659,20.000000
0.273100,1,"LINK_TORSO_YAW",0.102400,0.200000,0.170700,20.000000,0.000000,0.000000,20.000000,0.000000,0.000000,0.000000,0.000000,0.012160,0.000000,0.910900,19.986611,0.038259,-0.730697,20.000000
0.273200,1,"LINK_TORSO_YAW",0.102400,0.200000,0.170800,20.000000,0.000000,0.000000,20.000000,0.000000,0.000000,0.000000,0.000000,0.012160,0.000000,0.910900,19.986536,0.038273,-0.732736,20.000000
0.273300,1,"LINK_TORSO_YAW",0.102400,0.200000,0.170900,20.000000,0.000000,0.000000,20.000000,0.000000,0.000000,0.000000,0.000000,0.012160,0.000000,0.910900,19.986461,0.038286,-0.734777,20.000000
0.273400,1,"LINK_TORSO_YAW",0.102400,0.200000,0.171000,20.000000,0.000000,0.000000,20.000000,0.000000,0.000000,0.000000,0.000000,0.012160,0.000000,0.910900,19.986386,0.038299,-0.736820,20.000000
0.273500,1,"LINK_TORSO_YAW",0.102400,0.200000,0.171100,20.000000,0.000000,0.000000,20.000000,0.000000,0.000000,0.000000,0.000000,0.012160,0.000000,0.910900,19.986311,0.038312,-0.738866,20.000000
0.273600,1,"LINK_TORSO_YAW",0.102400,0.200000,0.171200,20.000000,0.000000,0.000000,20.000000,0.000000,0.000000,0.000000,0.000000,0.012160,0.000000,0.910900,19.986235,0.038326,-0.740915,20.000000
0.273700,1,"LINK_TORSO_YAW",0.102400,0.200000,0.171300,20.000000,0.000000,0.000000,20.000000,0.000000,0.000000,0.000000,0.000000,0.012160,0.000000,0.910900,19.986158,0.038339,-0.742967,20.000000
0.273800,1,"LINK_TORSO_YAW",0.102400,0.200000,0.171400,20.000000,0.000000,0.000000,20.000000,0.000000,0.000000,0.000000,0.000000,0.012160,0.000000,0.910900,19.986082,0.038353,-0.745019,20.000000
0.273900,1,"LINK_TORSO_YAW",0.102400,0.200000,0.171500,20.000000,0.000000,0.000000,20.000000,0.000000,0.000000,0.000000,0.000000,0.012160,0.000000,0.910900,19.986005,0.038366,-0.747070,20.000000
0.274000,1,"LINK_TORSO_YAW",0.102400,0.200000,0.171600,20.000000,0.000000,0.000000,20.000000,0.000000,0.000000,0.000000,0.000000,0.012160,0.000000,0.910900,19.985929,0.038379,-0.749121,20.000000
0.274100,1,"LINK_TORSO_YAW",0.102400,0.200000,0.171700,20.000000,0.000000,0.000000,20.000000,0.000000,0.000000,0.000000,0.000000,0.012160,0.000000,0.910900,19.985852,0.038393,-0.751173,20.000000
0.274200,1,"LINK_TORSO_YAW",0.102400,0.200000,0.171800,20.000000,0.000000,0.000000,20.000000,0.000000,0.000000,0.000000,0.000000,0.012160,0.000000,0.910900,19.985774,0.038406,-0.753226,20.000000
0.274300,1,"LINK_TORSO_YAW",0.102400,0.200000,0.171900,20.000000,0.000000,0.000000,20.000000,0.000000,0.000000,0.000000,0.000000,0.012160,0.000000,0.910900,19.985697,0.038419,-0.755280,20.000000
0.274400,1,"LINK_TORSO_YAW",0.102400,0.200000,0.172000,20.000000,0.000000,0.000000,20.000000,0.000000,0.000000,0.000000,0.000000,0.012160,0.000000,0.910900,19.985619,0.038432,-0.757337,20.000000
0.274500,1,"LINK_TORSO_YAW",0.102400,0.200000,0.172100,20.000000,0.000000,0.000000,20.000000,0.000000,0.000000,0.000000,0.000000,0.012160,0.000000,0.910900,19.985541,0.038445,-0.759398,20.000000
0.274600,1,"LINK_TORSO_YAW",0.102400,0.200000,0.172200,20.000000,0.000000,0.000000,20.000000,0.000000,0.000000,0.000000,0.000000,0.012160,0.000000,0.910900,19.985462,0.038458,-0.761461,20.000000
0.274700,1,"LINK_TORSO_YAW",0.102400,0.200000,0.172300,20.000000,0.000000,0.000000,20.000000,0.000000,0.000000,0.000000,0.000000,0.012160,0.000000,0.910900,19.985383,0.038472,-0.763527,20.000000
0.274800,1,"LINK_TORSO_YAW",0.102400,0.200000,0.172400,20.000000,0.000000,0.000000,20.000000,0.000000,0.000000,0.000000,0.000000,0.012160,0.000000,0.910900,19.985304,0.038485,-0.765592,20.000000
0.274900,1,"LINK_TORSO_YAW",0.102400,0.200000,0.172500,20.000000,0.000000,0.000000,20.000000,0.000000,0.000000,0.000000,0.000000,0.012160,0.000000,0.910900,19.985225,0.038499,-0.767657,20.000000
0.275000,1,"LINK_TORSO_YAW",0.102400,0.200000,0.172600,20.000000,0.000000,0.000000,20.000000,0.000000,0.000000,0.000000,0.000000,0.012160,0.000000,0.910900,19.985146,0.038512,-0.769721,20.000000
0.275100,1,"LINK_TORSO_YAW",0.102400,0.200000,0.172700,20.000000,0.000000,0.000000,20.000000,0.000000,0.000000,0.000000,0.000000,0.012160,0.000000,0.910900,19.985066,0.038525,-0.771786,20.000000
0.275200,1,"LINK_TORSO_YAW",0.102400,0.200000,0.172800,20.000000,0.000000,0.000000,20.000000,0.000000,0.000000,0.000000,0.000000,0.012160,0.000000,0.910900,19.984986,0.038539,-0.773852,20.000000
0.275300,1,"LINK_TORSO_YAW",0.102400,0.200000,0.172900,20.000000,0.000000,0.000000,20.000000,0.000000,0.000000,0.000000,0.000000,0.012160,0.000000,0.910900,19.984906,0.038552,-0.775920,20.000000
0.275400,1,"LINK_TORSO_YAW",0.102400,0.200000,0.173000,20.000000,0.000000,0.000000,20.000000,0.000000,0.000000,0.000000,0.000000,0.012160,0.000000,0.910900,19.984825,0.038565,-0.777989,20.000000
0.275500,1,"LINK_TORSO_YAW",0.102400,0.200000,0.173100,20.000000,0.000000,0.000000,20.000000,0.000000,0.000000,0.000000,0.000000,0.012160,0.000000,0.910900,19.984745,0.038579,-0.780061,20.000000
0.275600,1,"LINK_TORSO_YAW",0.102400,0.200000,0.173200,20.000000,0.000000,0.000000,20.000000,0.000000,0.000000,0.000000,0.000000,0.012160,0.000000,0.910900,19.984664,0.038592,-0.782135,20.000000
0.275700,1,"LINK_TORSO_YAW",0.102400,0.200000,0.173300,20.000000,0.000000,0.000000,20.000000,0.000000,0.000000,0.000000,0.000000,0.012160,0.000000,0.910900,19.984582,0.038606,-0.784212,20.000000
0.275800,1,"LINK_TORSO_YAW",0.102400,0.200000,0.173400,20.000000,0.000000,0.000000,20.000000,0.000000,0.000000,0.000000,0.000000,0.012160,0.000000,0.910900,19.984500,0.038619,-0.786292,20.000000
0.275900,1,"LINK_TORSO_YAW",0.102400,0.200000,0.173500,20.000000,0.000000,0.000000,20.000000,0.000000,0.000000,0.000000,0.000000,0.012160,0.000000,0.910900,19.984418,0.038633,-0.788371,20.000000
0.276000,1,"LINK_TORSO_YAW",0.102400,0.200000,0.173600,20.000000,0.000000,0.000000,20.000000,0.000000,0.000000,0.000000,0.000000,0.012160,0.000000,0.910900,19.984336,0.038646,-0.790450,20.000000
0.276100,1,"LINK_TORSO_YAW",0.102400,0.200000,0.173700,20.000000,0.000000,0.000000,20.000000,0.000000,0.000000,0.000000,0.000000,0.012160,0.000000,0.910900,19.984254,0.038660,-0.792529,20.000000
0.276200,1,"LINK_TORSO_YAW",0.102400,0.200000,0.173800,20.000000,0.000000,0.000000,20.000000,0.000000,0.000000,0.000000,0.000000,0.012160,0.000000,0.910900,19.984171,0.038673,-0.794609,20.000000
0.276300,1,"LINK_TORSO_YAW",0.102400,0.200000,0.173900,20.000000,0.000000,0.000000,20.000000,0.000000,0.000000,0.000000,0.000000,0.012160,0.000000,0.910900,19.984088,0.038687,-0.796689,20.000000
0.276400,1,"LINK_TORSO_YAW",0.102400,0.200000,0.174000,20.000000,0.000000,0.000000,20.000000,0.000000,0.000000,0.000000,0.000000,0.012160,0.000000,0.910900,19.984005,0.038700,-0.798771,20.000000
0.276500,1,"LINK_TORSO_YAW",0.102400,0.200000,0.174100,20.000000,0.000000,0.000000,20.000000,0.000000,0.000000,0.000000,0.000000,0.012160,0.000000,0.910900,19.983922,0.038714,-0.800855,20.000000
0.276600,1,"LINK_TORSO_YAW",0.102400,0.200000,0.174200,20.000000,0.000000,0.000000,20.000000,0.000000,0.000000,0.000000,0.000000,0.012160,0.000000,0.910900,19.983838,0.038727,-0.802941,20.000000
0.276700,1,"LINK_TORSO_YAW",0.102400,0.200000,0.174300,20.000000,0.000000,0.000000,20.000000,0.000000,0.000000,0.000000,0.000000,0.012160,0.000000,0.910900,19.983754,0.038740,-0.805029,20.000000
0.276800,1,"LINK_TORSO_YAW",0.102400,0.200000,0.174400,20.000000,0.000000,0.000000,20.000000,0.000000,0.000000,0.000000,0.000000,0.012160,0.000000,0.910900,19.983670,0.038753,-0.807121,20.000000
0.276900,1,"LINK_TORSO_YAW",0.102400,0.200000,0.174500,20.000000,0.000000,0.000000,20.000000,0.000000,0.000000,0.000000,0.000000,0.012160,0.000000,0.910900,19.983585,0.038766,-0.809212,20.000000
0.277000,1,"LINK_TORSO_YAW",0.102400,0.200000,0.174600,20.000000,0.000000,0.000000,20.000000,0.000000,0.000000,0.000000,0.000000,0.012160,0.000000,0.910900,19.983500,0.038779,-0.811302,20.000000
0.277100,1,"LINK_TORSO_YAW",0.102400,0.200000,0.174700,20.000000,0.000000,0.000000,20.000000,0.000000,0.000000,0.000000,0.000000,0.012160,0.000000,0.910900,19.983415,0.038791,-0.813393,20.000000
0.277200,1,"LINK_TORSO_YAW",0.102400,0.200000,0.174800,20.000000,0.000000,0.000000,20.000000,0.000000,0.000000,0.000000,0.000000,0.012160,0.000000,0.910900,19.983330,0.038804,-0.815484,20.000000
0.277300,1,"LINK_TORSO_YAW",0.102400,0.200000,0.174900,20.000000,0.000000,0.000000,20.000000,0.000000,0.000000,0.000000,0.000000,0.012160,0.000000,0.910900,19.983245,0.038816,-0.817576,20.000000
0.277400,1,"LINK_TORSO_YAW",0.102400,0.200000,0.175000,20.000000,0.000000,0.000000,20.000000,0.000000,0.000000,0.000000,0.000000,0.012160,0.000000,0.910900,19.983159,0.038828,-0.819670,20.000000
0.277500,1,"LINK_TORSO_YAW",0.102400,0.200000,0.175100,20.000000,0.000000,0.000000,20.000000,0.000000,0.000000,0.000000,0.000000,0.012160,0.000000,0.910900,19.983073,0.038840,-0.821765,20.000000
0.277600,1,"LINK_TORSO_YAW",0.102400,0.200000,0.175200,20.000000,0.000000,0.000000,20.000000,0.000000,0.000000,0.000000,0.000000,0.012160,0.000000,0.910900,19.982986,0.038852,-0.823863,20.000000
0.277700,1,"LINK_TORSO_YAW",0.102400,0.200000,0.175300,20.000000,0.000000,0.000000,20.000000,0.000000,0.000000,0.000000,0.000000,0.012160,0.000000,0.910900,19.982900,0.038864,-0.825963,20.000000
0.277800,1,"LINK_TORSO_YAW",0.102400,0.200000,0.175400,20.000000,0.000000,0.000000,20.000000,0.000000,0.000000,0.000000,0.000000,0.012160,0.000000,0.910900,19.982812,0.038876,-0.828067,20.000000
0.277900,1,"LINK_TORSO_YAW",0.102400,0.200000,0.175500,20.000000,0.000000,0.000000,20.000000,0.000000,0.000000,0.000000,0.000000,0.012160,0.000000,0.910900,19.982725,0.038888,-0.830173,20.000000
0.278000,1,"LINK_TORSO_YAW",0.102400,0.200000,0.175600,20.000000,0.000000,0.000000,20.000000,0.000000,0.000000,0.000000,0.000000,0.012160,0.000000,0.910900,19.982637,0.038900,-0.832284,20.000000
0.278100,1,"LINK_TORSO_YAW",0.102400,0.200000,0.175700,20.000000,0.000000,0.000000,20.000000,0.000000,0.000000,0.000000,0.000000,0.012160,0.000000,0.910900,19.982549,0.038913,-0.834393,20.000000
0.278200,1,"LINK_TORSO_YAW",0.102400,0.200000,0.175800,20.000000,0.000000,0.000000,20.000000,0.000000,0.000000,0.000000,0.000000,0.012160,0.000000,0.910900,19.982461,0.038925,-0.836503,20.000000
0.278300,1,"LINK_TORSO_YAW",0.102400,0.200000,0.175900,20.000000,0.000000,0.000000,20.000000,0.000000,0.000000,0.000000,0.000000,0.012160,0.000000,0.910900,19.982373,0.038938,-0.838612,20.000000
0.278400,1,"LINK_TORSO_YAW",0.102400,0.200000,0.176000,20.000000,0.000000,0.000000,20.000000,0.000000,0.000000,0.000000,0.000000,0.012160,0.000000,0.910900,19.982284,0.038951,-0.840722,20.000000
0.278500,1,"LINK_TORSO_YAW",0.102400,0.200000,0.176100,20.000000,0.000000,0.000000,20.000000,0.000000,0.000000,0.000000,0.000000,0.012160,0.000000,0.910900,19.982195,0.038963,-0.842833,20.000000
0.278600,1,"LINK_TORSO_YAW",0.102400,0.200000,0.176200,20.000000,0.000000,0.000000,20.000000,0.000000,0.000000,0.000000,0.000000,0.012160,0.000000,0.910900,19.982106,0.038976,-0.844945,20.000000
0.278700,1,"LINK_TORSO_YAW",0.102400,0.200000,0.176300,20.000000,0.000000,0.000000,20.000000,0.000000,0.000000,0.000000,0.000000,0.012160,0.000000,0.910900,19.982016,0.038989,-0.847059,20.000000
0.278800,1,"LINK_TORSO_YAW",0.102400,0.200000,0.176400,20.000000,0.000000,0.000000,20.000000,0.000000,0.000000,0.000000,0.000000,0.012160,0.000000,0.910900,19.981926,0.039001,-0.849175,20.000000
0.278900,1,"LINK_TORSO_YAW",0.102400,0.200000,0.176500,20.000000,0.000000,0.000000,20.000000,0.000000,0.000000,0.000000,0.000000,0.012160,0.000000,0.910900,19.981836,0.039014,-0.851294,20.000000
0.279000,1,"LINK_TORSO_YAW",0.102400,0.200000,0.176600,20.000000,0.000000,0.000000,20.000000,0.000000,0.000000,0.000000,0.000000,0.012160,0.000000,0.910900,19.981746,0.039027,-0.853416,20.000000
0.279100,1,"LINK_TORSO_YAW",0.102400,0.200000,0.176700,20.000000,0.000000,0.000000,20.000000,0.000000,0.000000,0.000000,0.000000,0.012160,0.000000,0.910900,19.981655,0.039040,-0.855541,20.000000
0.279200,1,"LINK_TORSO_YAW",0.102400,0.200000,0.176800,20.000000,0.000000,0.000000,20.000000,0.000000,0.000000,0.000000,0.000000,0.012160,0.000000,0.910900,19.981564,0.039054,-0.857666,20.000000
0.279300,1,"LINK_TORSO_YAW",0.102400,0.200000,0.176900,20.000000,0.000000,0.000000,20.000000,0.000000,0.000000,0.000000,0.000000,0.012160,0.000000,0.910900,19.981472,0.039068,-0.859791,20.000000
0.279400,1,"LINK_TORSO_YAW",0.102400,0.200000,0.177000,20.000000,0.000000,0.000000,20.000000,0.000000,0.000000,0.000000,0.000000,0.012160,0.000000,0.910900,19.981381,0.039082,-0.861915,20.000000
0.279500,1,"LINK_TORSO_YAW",0.102400,0.200000,0.177100,20.000000,0.000000,0.000000,20.000000,0.000000,0.000000,0.000000,0.000000,0.012160,0.000000,0.910900,19.981289,0.039096,-0.864041,20.000000
0.279600,1,"LINK_TORSO_YAW",0.102400,0.200000,0.177200,20.000000,0.000000,0.000000,20.000000,0.000000,0.000000,0.000000,0.000000,0.012160,0.000000,0.910900,19.981197,0.039110,-0.866167,20.000000
0.279700,1,"LINK_TORSO_YAW",0.102400,0.200000,0.177300,20.000000,0.000000,0.000000,20.000000,0.000000,0.000000,0.000000,0.000000,0.012160,0.000000,0.910900,19.981104,0.039123,-0.868294,20.000000
0.279800,1,"LINK_TORSO_YAW",0.102400,0.200000,0.177400,20.000000,0.000000,0.000000,20.000000,0.000000,0.000000,0.000000,0.000000,0.012160,0.000000,0.910900,19.981012,0.039137,-0.870423,20.000000
0.279900,1,"LINK_TORSO_YAW",0.102400,0.200000,0.177500,20.000000,0.000000,0.000000,20.000000,0.000000,0.000000,0.000000,0.000000,0.012160,0.000000,0.910900,19.980919,0.039150,-0.872555,20.000000
0.280000,1,"LINK_TORSO_YAW",0.102400,0.200000,0.177600,20.000000,0.000000,0.000000,20.000000,0.000000,0.000000,0.000000,0.000000,0.012160,0.000000,0.910900,19.980825,0.039164,-0.874689,20.000000
0.280100,1,"LINK_TORSO_YAW",0.102400,0.200000,0.177700,20.000000,0.000000,0.000000,20.000000,0.000000,0.000000,0.000000,0.000000,0.012160,0.000000,0.910900,19.980732,0.039178,-0.876825,20.000000
0.280200,1,"LINK_TORSO_YAW",0.102400,0.200000,0.177800,20.000000,0.000000,0.000000,20.000000,0.000000,0.000000,0.000000,0.000000,0.012160,0.000000,0.910900,19.980638,0.039191,-0.878966,20.000000
0.280300,1,"LINK_TORSO_YAW",0.102400,0.200000,0.177900,20.000000,0.000000,0.000000,20.000000,0.000000,0.000000,0.000000,0.000000,0.012160,0.000000,0.910900,19.980543,0.039205,-0.881105,20.000000
0.280400,1,"LINK_TORSO_YAW",0.102400,0.200000,0.178000,20.000000,0.000000,0.000000,20.000000,0.000000,0.000000,0.000000,0.000000,0.012160,0.000000,0.910900,19.980449,0.039218,-0.883243,20.000000
0.280500,1,"LINK_TORSO_YAW",0.102400,0.200000,0.178100,20.000000,0.000000,0.000000,20.000000,0.000000,0.000000,0.000000,0.000000,0.012160,0.000000,0.910900,19.980354,0.039232,-0.885382,20.000000
0.280600,1,"LINK_TORSO_YAW",0.102400,0.200000,0.178200,20.000000,0.000000,0.000000,20.000000,0.000000,0.000000,0.000000,0.000000,0.012160,0.000000,0.910900,19.980259,0.039245,-0.887521,20.000000
0.280700,1,"LINK_TORSO_YAW",0.102400,0.200000,0.178300,20.000000,0.000000,0.000000,20.000000,0.000000,0.000000,0.000000,0.000000,0.012160,0.000000,0.910900,19.980164,0.039259,-0.889661,20.000000
0.280800,1,"LINK_TORSO_YAW",0.102400,0.200000,0.178400,20.000000,0.000000,0.000000,20.000000,0.000000,0.000000,0.000000,0.000000,0.012160,0.000000,0.910900,19.980069,0.039272,-0.891803,20.000000
0.280900,1,"LINK_TORSO_YAW",0.102400,0.200000,0.178500,20.000000,0.000000,0.000000,20.000000,0.000000,0.000000,0.000000,0.000000,0.012160,0.000000,0.910900,19.979973,0.039286,-0.893946,20.000000
0.281000,1,"LINK_TORSO_YAW",0.102400,0.200000,0.178600,20.000000,0.000000,0.000000,20.000000,0.000000,0.000000,0.000000,0.000000,0.012160,0.000000,0.910900,19.979877,0.039299,-0.896092,20.000000
0.281100,1,"LINK_TORSO_YAW",0.102400,0.200000,0.178700,20.000000,0.000000,0.000000,20.000000,0.000000,0.000000,0.000000,0.000000,0.012160,0.000000,0.910900,19.979780,0.039313,-0.898239,20.000000
0.281200,1,"LINK_TORSO_YAW",0.102400,0.200000,0.178800,20.000000,0.000000,0.000000,20.000000,0.000000,0.000000,0.000000,0.000000,0.012160,0.000000,0.910900,19.979683,0.039326,-0.900390,20.000000
0.281300,1,"LINK_TORSO_YAW",0.102400,0.200000,0.178900,20.000000,0.000000,0.000000,20.000000,0.000000,0.000000,0.000000,0.000000,0.012160,0.000000,0.910900,19.979586,0.039340,-0.902545,20.000000
0.281400,1,"LINK_TORSO_YAW",0.102400,0.200000,0.179000,20.000000,0.000000,0.000000,20.000000,0.000000,0.000000,0.000000,0.000000,0.012160,0.000000,0.910900,19.979489,0.039353,-0.904698,20.000000
0.281500,1,"LINK_TORSO_YAW",0.102400,0.200000,0.179100,20.000000,0.000000,0.000000,20.000000,0.000000,0.000000,0.000000,0.000000,0.012160,0.000000,0.910900,19.979391,0.039367,-0.906851,20.000000
0.281600,1,"LINK_TORSO_YAW",0.102400,0.200000,0.179200,20.000000,0.000000,0.000000,20.000000,0.000000,0.000000,0.000000,0.000000,0.012160,0.000000,0.910900,19.979293,0.039380,-0.909003,20.000000
0.281700,1,"LINK_TORSO_YAW",0.102400,0.200000,0.179300,20.000000,0.000000,0.000000,20.000000,0.000000,0.000000,0.000000,0.000000,0.012160,0.000000,0.910900,19.979195,0.039394,-0.911157,20.000000
0.281800,1,"LINK_TORSO_YAW",0.102400,0.200000,0.179400,20.000000,0.000000,0.000000,20.000000,0.000000,0.000000,0.000000,0.000000,0.012160,0.000000,0.910900,19.979097,0.039408,-0.913311,20.000000
0.281900,1,"LINK_TORSO_YAW",0.102400,0.200000,0.179500,20.000000,0.000000,0.000000,20.000000,0.000000,0.000000,0.000000,0.000000,0.012160,0.000000,0.910900,19.978998,0.039422,-0.915467,20.000000
0.282000,1,"LINK_TORSO_YAW",0.102400,0.200000,0.179600,20.000000,0.000000,0.000000,20.000000,0.000000,0.000000,0.000000,0.000000,0.012160,0.000000,0.910900,19.978899,0.039437,-0.917625,20.000000
0.282100,1,"LINK_TORSO_YAW",0.102400,0.200000,0.179700,20.000000,0.000000,0.000000,20.000000,0.000000,0.000000,0.000000,0.000000,0.012160,0.000000,0.910900,19.978800,0.039451,-0.919784,20.000000
0.282200,1,"LINK_TORSO_YAW",0.102400,0.200000,0.179800,20.000000,0.000000,0.000000,20.000000,0.000000,0.000000,0.000000,0.000000,0.012160,0.000000,0.910900,19.978700,0.039465,-0.921947,20.000000
0.282300,1,"LINK_TORSO_YAW",0.102400,0.200000,0.179900,20.000000,0.000000,0.000000,20.000000,0.000000,0.000000,0.000000,0.000000,0.012160,0.000000,0.910900,19.978600,0.039479,-0.924112,20.000000
0.282400,1,"LINK_TORSO_YAW",0.102400,0.200000,0.180000,20.000000,0.000000,0.000000,20.000000,0.000000,0.000000,0.000000,0.000000,0.012160,0.000000,0.910900,19.978500,0.039493,-0.926281,20.000000
0.282500,1,"LINK_TORSO_YAW",0.102400,0.200000,0.180100,20.000000,0.000000,0.000000,20.000000,0.000000,0.000000,0.000000,0.000000,0.012160,0.000000,0.910900,19.978399,0.039507,-0.928448,20.000000
0.282600,1,"LINK_TORSO_YAW",0.102400,0.200000,0.180200,20.000000,0.000000,0.000000,20.000000,0.000000,0.000000,0.000000,0.000000,0.012160,0.000000,0.910900,19.978298,0.039521,-0.930616,20.000000
0.282700,1,"LINK_TORSO_YAW",0.102400,0.200000,0.180300,20.000000,0.000000,0.000000,20.000000,0.000000,0.000000,0.000000,0.000000,0.012160,0.000000,0.910900,19.978197,0.039534,-0.932783,20.000000
0.282800,1,"LINK_TORSO_YAW",0.102400,0.200000,0.180400,20.000000,0.000000,0.000000,20.000000,0.000000,0.000000,0.000000,0.000000,0.012160,0.000000,0.910900,19.978096,0.039548,-0.934951,20.000000
0.282900,1,"LINK_TORSO_YAW",0.102400,0.200000,0.180500,20.000000,0.000000,0.000000,20.000000,0.000000,0.000000,0.000000,0.000000,0.012160,0.000000,0.910900,19.977994,0.039561,-0.937120,20.000000
0.283000,1,"LINK_TORSO_YAW",0.102400,0.200000,0.180600,20.000000,0.000000,0.000000,20.000000,0.000000,0.000000,0.000000,0.000000,0.012160,0.000000,0.910900,19.977892,0.039574,-0.939290,20.000000
0.283100,1,"LINK_TORSO_YAW",0.102400,0.200000,0.180700,20.000000,0.000000,0.000000,20.000000,0.000000,0.000000,0.000000,0.000000,0.012160,0.000000,0.910900,19.977790,0.039587,-0.941462,20.000000
0.283200,1,"LINK_TORSO_YAW",0.102400,0.200000,0.180800,20.000000,0.000000,0.000000,20.000000,0.000000,0.000000,0.000000,0.000000,0.012160,0.000000,0.910900,19.977687,0.039599,-0.943636,20.000000
0.283300,1,"LINK_TORSO_YAW",0.102400,0.200000,0.180900,20.000000,0.000000,0.000000,20.000000,0.000000,0.000000,0.000000,0.000000,0.012160,0.000000,0.910900,19.977584,0.039612,-0.945813,20.000000
0.283400,1,"LINK_TORSO_YAW",0.102400,0.200000,0.181000,20.000000,0.000000,0.000000,20.000000,0.000000,0.000000,0.000000,0.000000,0.012160,0.000000,0.910900,19.977481,0.039625,-0.947993,20.000000
0.283500,1,"LINK_TORSO_YAW",0.102400,0.200000,0.181100,20.000000,0.000000,0.000000,20.000000,0.000000,0.000000,0.000000,0.000000,0.012160,0.000000,0.910900,19.977377,0.039639,-0.950178,20.000000
0.283600,1,"LINK_TORSO_YAW",0.102400,0.200000,0.181200,20.000000,0.000000,0.000000,20.000000,0.000000,0.000000,0.000000,0.000000,0.012160,0.000000,0.910900,19.977273,0.039653,-0.952361,20.000000
0.283700,1,"LINK_TORSO_YAW",0.102400,0.200000,0.181300,20.000000,0.000000,0.000000,20.000000,0.000000,0.000000,0.000000,0.000000,0.012160,0.000000,0.910900,19.977169,0.039667,-0.954544,20.000000
0.283800,1,"LINK_TORSO_YAW",0.102400,0.200000,0.181400,20.000000,0.000000,0.000000,20.000000,0.000000,0.000000,0.000000,0.000000,0.012160,0.000000,0.910900,19.977064,0.039681,-0.956727,20.000000
0.283900,1,"LINK_TORSO_YAW",0.102400,0.200000,0.181500,20.000000,0.000000,0.000000,20.000000,0.000000,0.000000,0.000000,0.000000,0.012160,0.000000,0.910900,19.976960,0.039694,-0.958911,20.000000
0.284000,1,"LINK_TORSO_YAW",0.102400,0.200000,0.181600,20.000000,0.000000,0.000000,20.000000,0.000000,0.000000,0.000000,0.000000,0.012160,0.000000,0.910900,19.976855,0.039708,-0.961095,20.000000
0.284100,1,"LINK_TORSO_YAW",0.102400,0.200000,0.181700,20.000000,0.000000,0.000000,20.000000,0.000000,0.000000,0.000000,0.000000,0.012160,0.000000,0.910900,19.976749,0.039721,-0.963281,20.000000
0.284200,1,"LINK_TORSO_YAW",0.102400,0.200000,0.181800,20.000000,0.000000,0.000000,20.000000,0.000000,0.000000,0.000000,0.000000,0.012160,0.000000,0.910900,19.976644,0.039734,-0.965469,20.000000
0.284300,1,"LINK_TORSO_YAW",0.102400,0.200000,0.181900,20.000000,0.000000,0.000000,20.000000,0.000000,0.000000,0.000000,0.000000,0.012160,0.000000,0.910900,19.976538,0.039747,-0.967659,20.000000
0.284400,1,"LINK_TORSO_YAW",0.102400,0.200000,0.182000,20.000000,0.000000,0.000000,20.000000,0.000000,0.000000,0.000000,0.000000,0.012160,0.000000,0.910900,19.976431,0.039760,-0.969852,20.000000
0.284500,1,"LINK_TORSO_YAW",0.102400,0.200000,0.182100,20.000000,0.000000,0.000000,20.000000,0.000000,0.000000,0.000000,0.000000,0.012160,0.000000,0.910900,19.976325,0.039773,-0.972047,20.000000
0.284600,1,"LINK_TORSO_YAW",0.102400,0.200000,0.182200,20.000000,0.000000,0.000000,20.000000,0.000000,0.000000,0.000000,0.000000,0.012160,0.000000,0.910900,19.976217,0.039786,-0.974247,20.000000
0.284700,1,"LINK_TORSO_YAW",0.102400,0.200000,0.182300,20.000000,0.000000,0.000000,20.000000,0.000000,0.000000,0.000000,0.000000,0.012160,0.000000,0.910900,19.976110,0.039797,-0.976445,20.000000
0.284800,1,"LINK_TORSO_YAW",0.102400,0.200000,0.182400,20.000000,0.000000,0.000000,20.000000,0.000000,0.000000,0.000000,0.000000,0.012160,0.000000,0.910900,19.976002,0.039808,-0.978644,20.000000
0.284900,1,"LINK_TORSO_YAW",0.102400,0.200000,0.182500,20.000000,0.000000,0.000000,20.000000,0.000000,0.000000,0.000000,0.000000,0.012160,0.000000,0.910900,19.975895,0.039819,-0.980842,20.000000
0.285000,1,"LINK_TORSO_YAW",0.102400,0.200000,0.182600,20.000000,0.000000,0.000000,20.000000,0.000000,0.000000,0.000000,0.000000,0.012160,0.000000,0.910900,19.975786,0.039829,-0.983042,20.000000
0.285100,1,"LINK_TORSO_YAW",0.102400,0.200000,0.182700,20.000000,0.000000,0.000000,20.000000,0.000000,0.000000,0.000000,0.000000,0.012160,0.000000,0.910900,19.975678,0.039839,-0.985242,20.000000
0.285200,1,"LINK_TORSO_YAW",0.102400,0.200000,0.182800,20.000000,0.000000,0.000000,20.000000,0.000000,0.000000,0.000000,0.000000,0.012160,0.000000,0.910900,19.975569,0.039849,-0.987443,20.000000
0.285300,1,"LINK_TORSO_YAW",0.102400,0.200000,0.182900,20.000000,0.000000,0.000000,20.000000,0.000000,0.000000,0.000000,0.000000,0.012160,0.000000,0.910900,19.975460,0.039860,-0.989646,20.000000
0.285400,1,"LINK_TORSO_YAW",0.102400,0.200000,0.183000,20.000000,0.000000,0.000000,20.000000,0.000000,0.000000,0.000000,0.000000,0.012160,0.000000,0.910900,19.975351,0.039871,-0.991852,20.000000
0.285500,1,"LINK_TORSO_YAW",0.102400,0.200000,0.183100,20.000000,0.000000,0.000000,20.000000,0.000000,0.000000,0.000000,0.000000,0.012160,0.000000,0.910900,19.975241,0.039882,-0.994060,20.000000
0.285600,1,"LINK_TORSO_YAW",0.102400,0.200000,0.183200,20.000000,0.000000,0.000000,20.000000,0.000000,0.000000,0.000000,0.000000,0.012160,0.000000,0.910900,19.975131,0.039894,-0.996271,20.000000
0.285700,1,"LINK_TORSO_YAW",0.102400,0.200000,0.183300,20.000000,0.000000,0.000000,20.000000,0.000000,0.000000,0.000000,0.000000,0.012160,0.000000,0.910900,19.975020,0.039906,-0.998485,20.000000
0.285800,1,"LINK_TORSO_YAW",0.102400,0.200000,0.183400,20.000000,0.000000,0.000000,20.000000,0.000000,0.000000,0.000000,0.000000,0.012160,0.000000,0.910900,19.974909,0.039918,-1.000699,20.000000
0.285900,1,"LINK_TORSO_YAW",0.102400,0.200000,0.183500,20.000000,0.000000,0.000000,20.000000,0.000000,0.000000,0.000000,0.000000,0.012160,0.000000,0.910900,19.974798,0.039930,-1.002912,20.000000
0.286000,1,"LINK_TORSO_YAW",0.102400,0.200000,0.183600,20.000000,0.000000,0.000000,20.000000,0.000000,0.000000,0.000000,0.000000,0.012160,0.000000,0.910900,19.974687,0.039942,-1.005124,20.000000
0.286100,1,"LINK_TORSO_YAW",0.102400,0.200000,0.183700,20.000000,0.000000,0.000000,20.000000,0.000000,0.000000,0.000000,0.000000,0.012160,0.000000,0.910900,19.974576,0.039954,-1.007338,20.000000
0.286200,1,"LINK_TORSO_YAW",0.102400,0.200000,0.183800,20.000000,0.000000,0.000000,20.000000,0.000000,0.000000,0.000000,0.000000,0.012160,0.000000,0.910900,19.974464,0.039965,-1.009552,20.000000
0.286300,1,"LINK_TORSO_YAW",0.102400,0.200000,0.183900,20.000000,0.000000,0.000000,20.000000,0.000000,0.000000,0.000000,0.000000,0.012160,0.000000,0.910900,19.974352,0.039977,-1.011767,20.000000
0.286400,1,"LINK_TORSO_YAW",0.102400,0.200000,0.184000,20.000000,0.000000,0.000000,20.000000,0.000000,0.000000,0.000000,0.000000,0.012160,0.000000,0.910900,19.974239,0.039989,-1.013985,20.000000
0.286500,1,"LINK_TORSO_YAW",0.102400,0.200000,0.184100,20.000000,0.000000,0.000000,20.000000,0.000000,0.000000,0.000000,0.000000,0.012160,0.000000,0.910900,19.974126,0.040001,-1.016204,20.000000
0.286600,1,"LINK_TORSO_YAW",0.102400,0.200000,0.184200,20.000000,0.000000,0.000000,20.000000,0.000000,0.000000,0.000000,0.000000,0.012160,0.000000,0.910900,19.974013,0.040013,-1.018426,20.000000
0.286700,1,"LINK_TORSO_YAW",0.102400,0.200000,0.184300,20.000000,0.000000,0.000000,20.000000,0.000000,0.000000,0.000000,0.000000,0.012160,0.000000,0.910900,19.973900,0.040026,-1.020651,20.000000
0.286800,1,"LINK_TORSO_YAW",0.102400,0.200000,0.184400,20.000000,0.000000,0.000000,20.000000,0.000000,0.000000,0.000000,0.000000,0.012160,0.000000,0.910900,19.973786,0.040038,-1.022879,20.000000
0.286900,1,"LINK_TORSO_YAW",0.102400,0.200000,0.184500,20.000000,0.000000,0.000000,20.000000,0.000000,0.000000,0.000000,0.000000,0.012160,0.000000,0.910900,19.973671,0.040050,-1.025106,20.000000
0.287000,1,"LINK_TORSO_YAW",0.102400,0.200000,0.184600,20.000000,0.000000,0.000000,20.000000,0.000000,0.000000,0.000000,0.000000,0.012160,0.000000,0.910900,19.973557,0.040063,-1.027333,20.000000
0.287100,1,"LINK_TORSO_YAW",0.102400,0.200000,0.184700,20.000000,0.000000,0.000000,20.000000,0.000000,0.000000,0.000000,0.000000,0.012160,0.000000,0.910900,19.973442,0.040075,-1.029560,20.000000
0.287200,1,"LINK_TORSO_YAW",0.102400,0.200000,0.184800,20.000000,0.000000,0.000000,20.000000,0.000000,0.000000,0.000000,0.000000,0.012160,0.000000,0.910900,19.973327,0.040088,-1.031788,20.000000
0.287300,1,"LINK_TORSO_YAW",0.102400,0.200000,0.184900,20.000000,0.000000,0.000000,20.000000,0.000000,0.000000,0.000000,0.000000,0.012160,0.000000,0.910900,19.973212,0.040102,-1.034017,20.000000
0.287400,1,"LINK_TORSO_YAW",0.102400,0.200000,0.185000,20.000000,0.000000,0.000000,20.000000,0.000000,0.000000,0.000000,0.000000,0.012160,0.000000,0.910900,19.973096,0.040116,-1.036247,20.000000
0.287500,1,"LINK_TORSO_YAW",0.102400,0.200000,0.185100,20.000000,0.000000,0.000000,20.000000,0.000000,0.000000,0.000000,0.000000,0.012160,0.000000,0.910900,19.972981,0.040130,-1.038479,20.000000
0.287600,1,"LINK_TORSO_YAW",0.102400,0.200000,0.185200,20.000000,0.000000,0.000000,20.000000,0.000000,0.000000,0.000000,0.000000,0.012160,0.000000,0.910900,19.972864,0.040144,-1.040713,20.000000
0.287700,1,"LINK_TORSO_YAW",0.102400,0.200000,0.185300,20.000000,0.000000,0.000000,20.000000,0.000000,0.000000,0.000000,0.000000,0.012160,0.000000,0.910900,19.972748,0.040157,-1.042950,20.000000
0.287800,1,"LINK_TORSO_YAW",0.102400,0.200000,0.185400,20.000000,0.000000,0.000000,20.000000,0.000000,0.000000,0.000000,0.000000,0.012160,0.000000,0.910900,19.972630,0.040171,-1.045189,20.000000
0.287900,1,"LINK_TORSO_YAW",0.102400,0.200000,0.185500,20.000000,0.000000,0.000000,20.000000,0.000000,0.000000,0.000000,0.000000,0.012160,0.000000,0.910900,19.972513,0.040185,-1.047432,20.000000
0.288000,1,"LINK_TORSO_YAW",0.102400,0.200000,0.185600,20.000000,0.000000,0.000000,20.000000,0.000000,0.000000,0.000000,0.000000,0.012160,0.000000,0.910900,19.972395,0.040199,-1.049674,20.000000
0.288100,1,"LINK_TORSO_YAW",0.102400,0.200000,0.185700,20.000000,0.000000,0.000000,20.000000,0.000000,0.000000,0.000000,0.000000,0.012160,0.000000,0.910900,19.972277,0.040212,-1.051915,20.000000
0.288200,1,"LINK_TORSO_YAW",0.102400,0.200000,0.185800,20.000000,0.000000,0.000000,20.000000,0.000000,0.000000,0.000000,0.000000,0.012160,0.000000,0.910900,19.972159,0.040226,-1.054157,20.000000
0.288300,1,"LINK_TORSO_YAW",0.102400,0.200000,0.185900,20.000000,0.000000,0.000000,20.000000,0.000000,0.000000,0.000000,0.000000,0.012160,0.000000,0.910900,19.972041,0.040240,-1.056399,20.000000
0.288400,1,"LINK_TORSO_YAW",0.102400,0.200000,0.186000,20.000000,0.000000,0.000000,20.000000,0.000000,0.000000,0.000000,0.000000,0.012160,0.000000,0.910900,19.971922,0.040255,-1.058642,20.000000
0.288500,1,"LINK_TORSO_YAW",0.102400,0.200000,0.186100,20.000000,0.000000,0.000000,20.000000,0.000000,0.000000,0.000000,0.000000,0.012160,0.000000,0.910900,19.971803,0.040269,-1.060886,20.000000
0.288600,1,"LINK_TORSO_YAW",0.102400,0.200000,0.186200,20.000000,0.000000,0.000000,20.000000,0.000000,0.000000,0.000000,0.000000,0.012160,0.000000,0.910900,19.971683,0.040284,-1.063132,20.000000
0.288700,1,"LINK_TORSO_YAW",0.102400,0.200000,0.186300,20.000000,0.000000,0.000000,20.000000,0.000000,0.000000,0.000000,0.000000,0.012160,0.000000,0.910900,19.971563,0.040298,-1.065381,20.000000
0.288800,1,"LINK_TORSO_YAW",0.102400,0.200000,0.186400,20.000000,0.000000,0.000000,20.000000,0.000000,0.000000,0.000000,0.000000,0.012160,0.000000,0.910900,19.971443,0.040312,-1.067631,20.000000
0.288900,1,"LINK_TORSO_YAW",0.102400,0.200000,0.186500,20.000000,0.000000,0.000000,20.000000,0.000000,0.000000,0.000000,0.000000,0.012160,0.000000,0.910900,19.971322,0.040327,-1.069885,20.000000
0.289000,1,"LINK_TORSO_YAW",0.102400,0.200000,0.186600,20.000000,0.000000,0.000000,20.000000,0.000000,0.000000,0.000000,0.000000,0.012160,0.000000,0.910900,19.971201,0.040341,-1.072142,20.000000
0.289100,1,"LINK_TORSO_YAW",0.102400,0.200000,0.186700,20.000000,0.000000,0.000000,20.000000,0.000000,0.000000,0.000000,0.000000,0.012160,0.000000,0.910900,19.971080,0.040355,-1.074398,20.000000
0.289200,1,"LINK_TORSO_YAW",0.102400,0.200000,0.186800,20.000000,0.000000,0.000000,20.000000,0.000000,0.000000,0.000000,0.000000,0.012160,0.000000,0.910900,19.970959,0.040370,-1.076653,20.000000
0.289300,1,"LINK_TORSO_YAW",0.102400,0.200000,0.186900,20.000000,0.000000,0.000000,20.000000,0.000000,0.000000,0.000000,0.000000,0.012160,0.000000,0.910900,19.970837,0.040384,-1.078909,20.000000
0.289400,1,"LINK_TORSO_YAW",0.102400,0.200000,0.187000,20.000000,0.000000,0.000000,20.000000,0.000000,0.000000,0.000000,0.000000,0.012160,0.000000,0.910900,19.970715,0.040398,-1.081165,20.000000
0.289500,1,"LINK_TORSO_YAW",0.102400,0.200000,0.187100,20.000000,0.000000,0.000000,20.000000,0.000000,0.000000,0.000000,0.000000,0.012160,0.000000,0.910900,19.970592,0.040412,-1.083422,20.000000
0.289600,1,"LINK_TORSO_YAW",0.102400,0.200000,0.187200,20.000000,0.000000,0.000000,20.000000,0.000000,0.000000,0.000000,0.000000,0.012160,0.000000,0.910900,19.970470,0.040426,-1.085680,20.000000
0.289700,1,"LINK_TORSO_YAW",0.102400,0.200000,0.187300,20.000000,0.000000,0.000000,20.000000,0.000000,0.000000,0.000000,0.000000,0.012160,0.000000,0.910900,19.970347,0.040440,-1.087940,20.000000
0.289800,1,"LINK_TORSO_YAW",0.102400,0.200000,0.187400,20.000000,0.000000,0.000000,20.000000,0.000000,0.000000,0.000000,0.000000,0.012160,0.000000,0.910900,19.970223,0.040454,-1.090202,20.000000
0.289900,1,"LINK_TORSO_YAW",0.102400,0.200000,0.187500,20.000000,0.000000,0.000000,20.000000,0.000000,0.000000,0.000000,0.000000,0.012160,0.000000,0.910900,19.970100,0.040468,-1.092467,20.000000
0.290000,1,"LINK_TORSO_YAW",0.102400,0.200000,0.187600,20.000000,0.000000,0.000000,20.000000,0.000000,0.000000,0.000000,0.000000,0.012160,0.000000,0.910900,19.969975,0.040482,-1.094734,20.000000
0.290100,1,"LINK_TORSO_YAW",0.102400,0.200000,0.187700,20.000000,0.000000,0.000000,20.000000,0.000000,0.000000,0.000000,0.000000,0.012160,0.000000,0.910900,19.969851,0.040497,-1.097005,20.000000
0.290200,1,"LINK_TORSO_YAW",0.102400,0.200000,0.187800,20.000000,0.000000,0.000000,20.000000,0.000000,0.000000,0.000000,0.000000,0.012160,0.000000,0.910900,19.969726,0.040510,-1.099275,20.000000
0.290300,1,"LINK_TORSO_YAW",0.102400,0.200000,0.187900,20.000000,0.000000,0.000000,20.000000,0.000000,0.000000,0.000000,0.000000,0.012160,0.000000,0.910900,19.969601,0.040524,-1.101544,20.000000
0.290400,1,"LINK_TORSO_YAW",0.102400,0.200000,0.188000,20.000000,0.000000,0.000000,20.000000,0.000000,0.000000,0.000000,0.000000,0.012160,0.000000,0.910900,19.969476,0.040538,-1.103814,20.000000
0.290500,1,"LINK_TORSO_YAW",0.102400,0.200000,0.188100,20.000000,0.000000,0.000000,20.000000,0.000000,0.000000,0.000000,0.000000,0.012160,0.000000,0.910900,19.969350,0.040552,-1.106084,20.000000
0.290600,1,"LINK_TORSO_YAW",0.102400,0.200000,0.188200,20.000000,0.000000,0.000000,20.000000,0.000000,0.000000,0.000000,0.000000,0.012160,0.000000,0.910900,19.969224,0.040566,-1.108355,20.000000
0.290700,1,"LINK_TORSO_YAW",0.102400,0.200000,0.188300,20.000000,0.000000,0.000000,20.000000,0.000000,0.000000,0.000000,0.000000,0.012160,0.000000,0.910900,19.969098,0.040581,-1.110627,20.000000
0.290800,1,"LINK_TORSO_YAW",0.102400,0.200000,0.188400,20.000000,0.000000,0.000000,20.000000,0.000000,0.000000,0.000000,0.000000,0.012160,0.000000,0.910900,19.968971,0.040595,-1.112902,20.000000
0.290900,1,"LINK_TORSO_YAW",0.102400,0.200000,0.188500,20.000000,0.000000,0.000000,20.000000,0.000000,0.000000,0.000000,0.000000,0.012160,0.000000,0.910900,19.968844,0.040611,-1.115179,20.000000
0.291000,1,"LINK_TORSO_YAW",0.102400,0.200000,0.188600,20.000000,0.000000,0.000000,20.000000,0.000000,0.000000,0.000000,0.000000,0.012160,0.000000,0.910900,19.968716,0.040627,-1.117459,20.000000
0.291100,1,"LINK_TORSO_YAW",0.102400,0.200000,0.188700,20.000000,0.000000,0.000000,20.000000,0.000000,0.000000,0.000000,0.000000,0.012160,0.000000,0.910900,19.968589,0.040643,-1.119741,20.000000
0.291200,1,"LINK_TORSO_YAW",0.102400,0.200000,0.188800,20.000000,0.000000,0.000000,20.000000,0.000000,0.000000,0.000000,0.000000,0.012160,0.000000,0.910900,19.968460,0.040658,-1.122027,20.000000
0.291300,1,"LINK_TORSO_YAW",0.102400,0.200000,0.188900,20.000000,0.000000,0.000000,20.000000,0.000000,0.000000,0.000000,0.000000,0.012160,0.000000,0.910900,19.968331,0.040674,-1.124317,20.000000
0.291400,1,"LINK_TORSO_YAW",0.102400,0.200000,0.189000,20.000000,0.000000,0.000000,20.000000,0.000000,0.000000,0.000000,0.000000,0.012160,0.000000,0.910900,19.968202,0.040689,-1.126605,20.000000
0.291500,1,"LINK_TORSO_YAW",0.102400,0.200000,0.189100,20.000000,0.000000,0.000000,20.000000,0.000000,0.000000,0.000000,0.000000,0.012160,0.000000,0.910900,19.968073,0.040704,-1.128893,20.000000
0.291600,1,"LINK_TORSO_YAW",0.102400,0.200000,0.189200,20.000000,0.000000,0.000000,20.000000,0.000000,0.000000,0.000000,0.000000,0.012160,0.000000,0.910900,19.967944,0.040719,-1.131182,20.000000
0.291700,1,"LINK_TORSO_YAW",0.102400,0.200000,0.189300,20.000000,0.000000,0.000000,20.000000,0.000000,0.000000,0.000000,0.000000,0.012160,0.000000,0.910900,19.967814,0.040734,-1.133470,20.000000
0.291800,1,"LINK_TORSO_YAW",0.102400,0.200000,0.189400,20.000000,0.000000,0.000000,20.000000,0.000000,0.000000,0.000000,0.000000,0.012160,0.000000,0.910900,19.967684,0.040749,-1.135760,20.000000
0.291900,1,"LINK_TORSO_YAW",0.102400,0.200000,0.189500,20.000000,0.000000,0.000000,20.000000,0.000000,0.000000,0.000000,0.000000,0.012160,0.000000,0.910900,19.967553,0.040763,-1.138051,20.000000
0.292000,1,"LINK_TORSO_YAW",0.102400,0.200000,0.189600,20.000000,0.000000,0.000000,20.000000,0.000000,0.000000,0.000000,0.000000,0.012160,0.000000,0.910900,19.967422,0.040778,-1.140344,20.000000
0.292100,1,"LINK_TORSO_YAW",0.102400,0.200000,0.189700,20.000000,0.000000,0.000000,20.000000,0.000000,0.000000,0.000000,0.000000,0.012160,0.000000,0.910900,19.967291,0.040793,-1.142639,20.000000
0.292200,1,"LINK_TORSO_YAW",0.102400,0.200000,0.189800,20.000000,0.000000,0.000000,20.000000,0.000000,0.000000,0.000000,0.000000,0.012160,0.000000,0.910900,19.967159,0.040809,-1.144937,20.000000
0.292300,1,"LINK_TORSO_YAW",0.102400,0.200000,0.189900,20.000000,0.000000,0.000000,20.000000,0.000000,0.000000,0.000000,0.000000,0.012160,0.000000,0.910900,19.967027,0.040823,-1.147238,20.000000
0.292400,1,"LINK_TORSO_YAW",0.102400,0.200000,0.190000,20.000000,0.000000,0.000000,20.000000,0.000000,0.000000,0.000000,0.000000,0.012160,0.000000,0.910900,19.966895,0.040838,-1.149544,20.000000
0.292500,1,"LINK_TORSO_YAW",0.102400,0.200000,0.190100,20.000000,0.000000,0.000000,20.000000,0.000000,0.000000,0.000000,0.000000,0.012160,0.000000,0.910900,19.966762,0.040851,-1.151848,20.000000
0.292600,1,"LINK_TORSO_YAW",0.102400,0.200000,0.190200,20.000000,0.000000,0.000000,20.000000,0.000000,0.000000,0.000000,0.000000,0.012160,0.000000,0.910900,19.966629,0.040865,-1.154152,20.000000
0.292700,1,"LINK_TORSO_YAW",0.102400,0.200000,0.190300,20.000000,0.000000,0.000000,20.000000,0.000000,0.000000,0.000000,0.000000,0.012160,0.000000,0.910900,19.966495,0.040878,-1.156456,20.000000
0.292800,1,"LINK_TORSO_YAW",0.102400,0.200000,0.190400,20.000000,0.000000,0.000000,20.000000,0.000000,0.000000,0.000000,0.000000,0.012160,0.000000,0.910900,19.966362,0.040891,-1.158760,20.000000
0.292900,1,"LINK_TORSO_YAW",0.102400,0.200000,0.190500,20.000000,0.000000,0.000000,20.000000,0.000000,0.000000,0.000000,0.000000,0.012160,0.000000,0.910900,19.966228,0.040904,-1.161066,20.000000
0.293000,1,"LINK_TORSO_YAW",0.102400,0.200000,0.190600,20.000000,0.000000,0.000000,20.000000,0.000000,0.000000,0.000000,0.000000,0.012160,0.000000,0.910900,19.966093,0.040916,-1.163373,20.000000
0.293100,1,"LINK_TORSO_YAW",0.102400,0.200000,0.190700,20.000000,0.000000,0.000000,20.000000,0.000000,0.000000,0.000000,0.000000,0.012160,0.000000,0.910900,19.965959,0.040928,-1.165682,20.000000
0.293200,1,"LINK_TORSO_YAW",0.102400,0.200000,0.190800,20.000000,0.000000,0.000000,20.000000,0.000000,0.000000,0.000000,0.000000,0.012160,0.000000,0.910900,19.965824,0.040940,-1.167993,20.000000
0.293300,1,"LINK_TORSO_YAW",0.102400,0.200000,0.190900,20.000000,0.000000,0.000000,20.000000,0.000000,0.000000,0.000000,0.000000,0.012160,0.000000,0.910900,19.965688,0.040952,-1.170306,20.000000
0.293400,1,"LINK_TORSO_YAW",0.102400,0.200000,0.191000,20.000000,0.000000,0.000000,20.000000,0.000000,0.000000,0.000000,0.000000,0.012160,0.000000,0.910900,19.965552,0.040963,-1.172623,20.000000
0.293500,1,"LINK_TORSO_YAW",0.102400,0.200000,0.191100,20.000000,0.000000,0.000000,20.000000,0.000000,0.000000,0.000000,0.000000,0.012160,0.000000,0.910900,19.965416,0.040976,-1.174944,20.000000
0.293600,1,"LINK_TORSO_YAW",0.102400,0.200000,0.191200,20.000000,0.000000,0.000000,20.000000,0.000000,0.000000,0.000000,0.000000,0.012160,0.000000,0.910900,19.965279,0.040988,-1.177263,20.000000
0.293700,1,"LINK_TORSO_YAW",0.102400,0.200000,0.191300,20.000000,0.000000,0.000000,20.000000,0.000000,0.000000,0.000000,0.000000,0.012160,0.000000,0.910900,19.965142,0.041000,-1.179583,20.000000
0.293800,1,"LINK_TORSO_YAW",0.102400,0.200000,0.191400,20.000000,0.000000,0.000000,20.000000,0.000000,0.000000,0.000000,0.000000,0.012160,0.000000,0.910900,19.965005,0.041012,-1.181902,20.000000
0.293900,1,"LINK_TORSO_YAW",0.102400,0.200000,0.191500,20.000000,0.000000,0.000000,20.000000,0.000000,0.000000,0.000000,0.000000,0.012160,0.000000,0.910900,19.964868,0.041024,-1.184222,20.000000
0.294000,1,"LINK_TORSO_YAW",0.102400,0.200000,0.191600,20.000000,0.000000,0.000000,20.000000,0.000000,0.000000,0.000000,0.000000,0.012160,0.000000,0.910900,19.964730,0.041036,-1.186542,20.000000
0.294100,1,"LINK_TORSO_YAW",0.102400,0.200000,0.191700,20.000000,0.000000,0.000000,20.000000,0.000000,0.000000,0.000000,0.000000,0.012160,0.000000,0.910900,19.964592,0.041048,-1.188864,20.000000
0.294200,1,"LINK_TORSO_YAW",0.102400,0.200000,0.191800,20.000000,0.000000,0.000000,20.000000,0.000000,0.000000,0.000000,0.000000,0.012160,0.000000,0.910900,19.964453,0.041060,-1.191188,20.000000
0.294300,1,"LINK_TORSO_YAW",0.102400,0.200000,0.191900,20.000000,0.000000,0.000000,20.000000,0.000000,0.000000,0.000000,0.000000,0.012160,0.000000,0.910900,19.964314,0.041072,-1.193514,20.000000
0.294400,1,"LINK_TORSO_YAW",0.102400,0.200000,0.192000,20.000000,0.000000,0.000000,20.000000,0.000000,0.000000,0.000000,0.000000,0.012160,0.000000,0.910900,19.964175,0.041085,-1.195842,20.000000
0.294500,1,"LINK_TORSO_YAW",0.102400,0.200000,0.192100,20.000000,0.000000,0.000000,20.000000,0.000000,0.000000,0.000000,0.000000,0.012160,0.000000,0.910900,19.964035,0.041098,-1.198173,20.000000
0.294600,1,"LINK_TORSO_YAW",0.102400,0.200000,0.192200,20.000000,0.000000,0.000000,20.000000,0.000000,0.000000,0.000000,0.000000,0.012160,0.000000,0.910900,19.963895,0.041111,-1.200508,20.000000
0.294700,1,"LINK_TORSO_YAW",0.102400,0.200000,0.192300,20.000000,0.000000,0.000000,20.000000,0.000000,0.000000,0.000000,0.000000,0.012160,0.000000,0.910900,19.963754,0.041124,-1.202842,20.000000
0.294800,1,"LINK_TORSO_YAW",0.102400,0.200000,0.192400,20.000000,0.000000,0.000000,20.000000,0.000000,0.000000,0.000000,0.000000,0.012160,0.000000,0.910900,19.963613,0.041137,-1.205176,20.000000
0.294900,1,"LINK_TORSO_YAW",0.102400,0.200000,0.192500,20.000000,0.000000,0.000000,20.000000,0.000000,0.000000,0.000000,0.000000,0.012160,0.000000,0.910900,19.963472,0.041150,-1.207509,20.000000
0.295000,1,"LINK_TORSO_YAW",0.102400,0.200000,0.192600,20.000000,0.000000,0.000000,20.000000,0.000000,0.000000,0.000000,0.000000,0.012160,0.000000,0.910900,19.963331,0.041163,-1.209843,20.000000
0.295100,1,"LINK_TORSO_YAW",0.102400,0.200000,0.192700,20.000000,0.000000,0.000000,20.000000,0.000000,0.000000,0.000000,0.000000,0.012160,0.000000,0.910900,19.963189,0.041178,-1.212178,20.000000
0.295200,1,"LINK_TORSO_YAW",0.102400,0.200000,0.192800,20.000000,0.000000,0.000000,20.000000,0.000000,0.000000,0.000000,0.000000,0.012160,0.000000,0.910900,19.963047,0.041192,-1.214515,20.000000
0.295300,1,"LINK_TORSO_YAW",0.102400,0.200000,0.192900,20.000000,0.000000,0.000000,20.000000,0.000000,0.000000,0.000000,0.000000,0.012160,0.000000,0.910900,19.962905,0.041206,-1.216853,20.000000
0.295400,1,"LINK_TORSO_YAW",0.102400,0.200000,0.193000,20.000000,0.000000,0.000000,20.000000,0.000000,0.000000,0.000000,0.000000,0.012160,0.000000,0.910900,19.962762,0.041221,-1.219193,20.000000
0.295500,1,"LINK_TORSO_YAW",0.102400,0.200000,0.193100,20.000000,0.000000,0.000000,20.000000,0.000000,0.000000,0.000000,0.000000,0.012160,0.000000,0.910900,19.962619,0.041235,-1.221536,20.000000
0.295600,1,"LINK_TORSO_YAW",0.102400,0.200000,0.193200,20.000000,0.000000,0.000000,20.000000,0.000000,0.000000,0.000000,0.000000,0.012160,0.000000,0.910900,19.962475,0.041250,-1.223882,20.000000
0.295700,1,"LINK_TORSO_YAW",0.102400,0.200000,0.193300,20.000000,0.000000,0.000000,20.000000,0.000000,0.000000,0.000000,0.000000,0.012160,0.000000,0.910900,19.962331,0.041264,-1.226231,20.000000
0.295800,1,"LINK_TORSO_YAW",0.102400,0.200000,0.193400,20.000000,0.000000,0.000000,20.000000,0.000000,0.000000,0.000000,0.000000,0.012160,0.000000,0.910900,19.962187,0.041279,-1.228579,20.000000
0.295900,1,"LINK_TORSO_YAW",0.102400,0.200000,0.193500,20.000000,0.000000,0.000000,20.000000,0.000000,0.000000,0.000000,0.000000,0.012160,0.000000,0.910900,19.962042,0.041293,-1.230926,20.000000
0.296000,1,"LINK_TORSO_YAW",0.102400,0.200000,0.193600,20.000000,0.000000,0.000000,20.000000,0.000000,0.000000,0.000000,0.000000,0.012160,0.000000,0.910900,19.961897,0.041308,-1.233273,20.000000
0.296100,1,"LINK_TORSO_YAW",0.102400,0.200000,0.193700,20.000000,0.000000,0.000000,20.000000,0.000000,0.000000,0.000000,0.000000,0.012160,0.000000,0.910900,19.961752,0.041322,-1.235621,20.000000
0.296200,1,"LINK_TORSO_YAW",0.102400,0.200000,0.193800,20.000000,0.000000,0.000000,20.000000,0.000000,0.000000,0.000000,0.000000,0.012160,0.000000,0.910900,19.961606,0.041336,-1.237970,20.000000
0.296300,1,"LINK_TORSO_YAW",0.102400,0.200000,0.193900,20.000000,0.000000,0.000000,20.000000,0.000000,0.000000,0.000000,0.000000,0.012160,0.000000,0.910900,19.961460,0.041350,-1.240321,20.000000
0.296400,1,"LINK_TORSO_YAW",0.102400,0.200000,0.194000,20.000000,0.000000,0.000000,20.000000,0.000000,0.000000,0.000000,0.000000,0.012160,0.000000,0.910900,19.961314,0.041364,-1.242673,20.000000
0.296500,1,"LINK_TORSO_YAW",0.102400,0.200000,0.194100,20.000000,0.000000,0.000000,20.000000,0.000000,0.000000,0.000000,0.000000,0.012160,0.000000,0.910900,19.961167,0.041379,-1.245027,20.000000
0.296600,1,"LINK_TORSO_YAW",0.102400,0.200000,0.194200,20.000000,0.000000,0.000000,20.000000,0.000000,0.000000,0.000000,0.000000,0.012160,0.000000,0.910900,19.961020,0.041394,-1.247384,20.000000
0.296700,1,"LINK_TORSO_YAW",0.102400,0.200000,0.194300,20.000000,0.000000,0.000000,20.000000,0.000000,0.000000,0.000000,0.000000,0.012160,0.000000,0.910900,19.960872,0.041409,-1.249744,20.000000
0.296800,1,"LINK_TORSO_YAW",0.102400,0.200000,0.194400,20.000000,0.000000,0.000000,20.000000,0.000000,0.000000,0.000000,0.000000,0.012160,0.000000,0.910900,19.960724,0.041424,-1.252107,20.000000
0.296900,1,"LINK_TORSO_YAW",0.102400,0.200000,0.194500,20.000000,0.000000,0.000000,20.000000,0.000000,0.000000,0.000000,0.000000,0.012160,0.000000,0.910900,19.960576,0.041439,-1.254469,20.000000
0.297000,1,"LINK_TORSO_YAW",0.102400,0.200000,0.194600,20.000000,0.000000,0.000000,20.000000,0.000000,0.000000,0.000000,0.000000,0.012160,0.000000,0.910900,19.960427,0.041454,-1.256831,20.000000
0.297100,1,"LINK_TORSO_YAW",0.102400,0.200000,0.194700,20.000000,0.000000,0.000000,20.000000,0.000000,0.000000,0.000000,0.000000,0.012160,0.000000,0.910900,19.960278,0.041469,-1.259193,20.000000
0.297200,1,"LINK_TORSO_YAW",0.102400,0.200000,0.194800,20.000000,0.000000,0.000000,20.000000,0.000000,0.000000,0.000000,0.000000,0.012160,0.000000,0.910900,19.960129,0.041484,-1.261555,20.000000
0.297300,1,"LINK_TORSO_YAW",0.102400,0.200000,0.194900,20.000000,0.000000,0.000000,20.000000,0.000000,0.000000,0.000000,0.000000,0.012160,0.000000,0.910900,19.959980,0.041500,-1.263918,20.000000
0.297400,1,"LINK_TORSO_YAW",0.102400,0.200000,0.195000,20.000000,0.000000,0.000000,20.000000,0.000000,0.000000,0.000000,0.000000,0.012160,0.000000,0.910900,19.959830,0.041515,-1.266282,20.000000
0.297500,1,"LINK_TORSO_YAW",0.102400,0.200000,0.195100,20.000000,0.000000,0.000000,20.000000,0.000000,0.000000,0.000000,0.000000,0.012160,0.000000,0.910900,19.959680,0.041530,-1.268648,20.000000
0.297600,1,"LINK_TORSO_YAW",0.102400,0.200000,0.195200,20.000000,0.000000,0.000000,20.000000,0.000000,0.000000,0.000000,0.000000,0.012160,0.000000,0.910900,19.959529,0.041545,-1.271017,20.000000
0.297700,1,"LINK_TORSO_YAW",0.102400,0.200000,0.195300,20.000000,0.000000,0.000000,20.000000,0.000000,0.000000,0.000000,0.000000,0.012160,0.000000,0.910900,19.959378,0.041560,-1.273388,20.000000
0.297800,1,"LINK_TORSO_YAW",0.102400,0.200000,0.195400,20.000000,0.000000,0.000000,20.000000,0.000000,0.000000,0.000000,0.000000,0.012160,0.000000,0.910900,19.959226,0.041575,-1.275761,20.000000
0.297900,1,"LINK_TORSO_YAW",0.102400,0.200000,0.195500,20.000000,0.000000,0.000000,20.000000,0.000000,0.000000,0.000000,0.000000,0.012160,0.000000,0.910900,19.959074,0.041591,-1.278139,20.000000
0.298000,1,"LINK_TORSO_YAW",0.102400,0.200000,0.195600,20.000000,0.000000,0.000000,20.000000,0.000000,0.000000,0.000000,0.000000,0.012160,0.000000,0.910900,19.958922,0.041606,-1.280515,20.000000
0.298100,1,"LINK_TORSO_YAW",0.102400,0.200000,0.195700,20.000000,0.000000,0.000000,20.000000,0.000000,0.000000,0.000000,0.000000,0.012160,0.000000,0.910900,19.958769,0.041622,-1.282891,20.000000
0.298200,1,"LINK_TORSO_YAW",0.102400,0.200000,0.195800,20.000000,0.000000,0.000000,20.000000,0.000000,0.000000,0.000000,0.000000,0.012160,0.000000,0.910900,19.958616,0.041637,-1.285268,20.000000
0.298300,1,"LINK_TORSO_YAW",0.102400,0.200000,0.195900,20.000000,0.000000,0.000000,20.000000,0.000000,0.000000,0.000000,0.000000,0.012160,0.000000,0.910900,19.958463,0.041652,-1.287644,20.000000
0.298400,1,"LINK_TORSO_YAW",0.102400,0.200000,0.196000,20.000000,0.000000,0.000000,20.000000,0.000000,0.000000,0.000000,0.000000,0.012160,0.000000,0.910900,19.958309,0.041666,-1.290023,20.000000
0.298500,1,"LINK_TORSO_YAW",0.102400,0.200000,0.196100,20.000000,0.000000,0.000000,20.000000,0.000000,0.000000,0.000000,0.000000,0.012160,0.000000,0.910900,19.958155,0.041679,-1.292403,20.000000
0.298600,1,"LINK_TORSO_YAW",0.102400,0.200000,0.196200,20.000000,0.000000,0.000000,20.000000,0.000000,0.000000,0.000000,0.000000,0.012160,0.000000,0.910900,19.958001,0.041692,-1.294785,20.000000
0.298700,1,"LINK_TORSO_YAW",0.102400,0.200000,0.196300,20.000000,0.000000,0.000000,20.000000,0.000000,0.000000,0.000000,0.000000,0.012160,0.000000,0.910900,19.957846,0.041706,-1.297170,20.000000
0.298800,1,"LINK_TORSO_YAW",0.102400,0.200000,0.196400,20.000000,0.000000,0.000000,20.000000,0.000000,0.000000,0.000000,0.000000,0.012160,0.000000,0.910900,19.957691,0.041719,-1.299557,20.000000
0.298900,1,"LINK_TORSO_YAW",0.102400,0.200000,0.196500,20.000000,0.000000,0.000000,20.000000,0.000000,0.000000,0.000000,0.000000,0.012160,0.000000,0.910900,19.957535,0.041732,-1.301947,20.000000
0.299000,1,"LINK_TORSO_YAW",0.102400,0.200000,0.196600,20.000000,0.000000,0.000000,20.000000,0.000000,0.000000,0.000000,0.000000,0.012160,0.000000,0.910900,19.957378,0.041746,-1.304340,20.000000
0.299100,1,"LINK_TORSO_YAW",0.102400,0.200000,0.196700,20.000000,0.000000,0.000000,20.000000,0.000000,0.000000,0.000000,0.000000,0.012160,0.000000,0.910900,19.957222,0.041759,-1.306737,20.000000
0.299200,1,"LINK_TORSO_YAW",0.102400,0.200000,0.196800,20.000000,0.000000,0.000000,20.000000,0.000000,0.000000,0.000000,0.000000,0.012160,0.000000,0.910900,19.957065,0.041773,-1.309133,20.000000
0.299300,1,"LINK_TORSO_YAW",0.102400,0.200000,0.196900,20.000000,0.000000,0.000000,20.000000,0.000000,0.000000,0.000000,0.000000,0.012160,0.000000,0.910900,19.956907,0.041786,-1.311528,20.000000
0.299400,1,"LINK_TORSO_YAW",0.102400,0.200000,0.197000,20.000000,0.000000,0.000000,20.000000,0.000000,0.000000,0.000000,0.000000,0.012160,0.000000,0.910900,19.956750,0.041799,-1.313923,20.000000
0.299500,1,"LINK_TORSO_YAW",0.102400,0.200000,0.197100,20.000000,0.000000,0.000000,20.000000,0.000000,0.000000,0.000000,0.000000,0.012160,0.000000,0.910900,19.956592,0.041813,-1.316319,20.000000
0.299600,1,"LINK_TORSO_YAW",0.102400,0.200000,0.197200,20.000000,0.000000,0.000000,20.000000,0.000000,0.000000,0.000000,0.000000,0.012160,0.000000,0.910900,19.956434,0.041827,-1.318716,20.000000
0.299700,1,"LINK_TORSO_YAW",0.102400,0.200000,0.197300,20.000000,0.000000,0.000000,20.000000,0.000000,0.000000,0.000000,0.000000,0.012160,0.000000,0.910900,19.956275,0.041842,-1.321114,20.000000
0.299800,1,"LINK_TORSO_YAW",0.102400,0.200000,0.197400,20.000000,0.000000,0.000000,20.000000,0.000000,0.000000,0.000000,0.000000,0.012160,0.000000,0.910900,19.956116,0.041858,-1.323514,20.000000
0.299900,1,"LINK_TORSO_YAW",0.102400,0.200000,0.197500,20.000000,0.000000,0.000000,20.000000,0.000000,0.000000,0.000000,0.000000,0.012160,0.000000,0.910900,19.955956,0.041873,-1.325916,20.000000
0.300000,1,"LINK_TORSO_YAW",0.102400,0.200000,0.197600,20.000000,0.000000,0.000000,20.000000,0.000000,0.000000,0.000000,0.000000,0.012160,0.000000,0.910900,19.955796,0.041888,-1.328320,20.000000
0.300100,1,"LINK_TORSO_YAW",0.102400,0.200000,0.197700,20.000000,0.000000,0.000000,20.000000,0.000000,0.000000,0.000000,0.000000,0.012160,0.000000,0.910900,19.955636,0.041903,-1.330728,20.000000
0.300200,1,"LINK_TORSO_YAW",0.102400,0.200000,0.197800,20.000000,0.000000,0.000000,20.000000,0.000000,0.000000,0.000000,0.000000,0.012160,0.000000,0.910900,19.955475,0.041918,-1.333138,20.000000
0.300300,1,"LINK_TORSO_YAW",0.102400,0.200000,0.197900,20.000000,0.000000,0.000000,20.000000,0.000000,0.000000,0.000000,0.000000,0.012160,0.000000,0.910900,19.955314,0.041933,-1.335548,20.000000
0.300400,1,"LINK_TORSO_YAW",0.102400,0.200000,0.198000,20.000000,0.000000,0.000000,20.000000,0.000000,0.000000,0.000000,0.000000,0.012160,0.000000,0.910900,19.955152,0.041949,-1.337957,20.000000
0.300500,1,"LINK_TORSO_YAW",0.102400,0.200000,0.198100,20.000000,0.000000,0.000000,20.000000,0.000000,0.000000,0.000000,0.000000,0.012160,0.000000,0.910900,19.954991,0.041964,-1.340367,20.000000
0.300600,1,"LINK_TORSO_YAW",0.102400,0.200000,0.198200,20.000000,0.000000,0.000000,20.000000,0.000000,0.000000,0.000000,0.000000,0.012160,0.000000,0.910900,19.954829,0.041980,-1.342777,20.000000
0.300700,1,"LINK_TORSO_YAW",0.102400,0.200000,0.198300,20.000000,0.000000,0.000000,20.000000,0.000000,0.000000,0.000000,0.000000,0.012160,0.000000,0.910900,19.954666,0.041996,-1.345188,20.000000
0.300800,1,"LINK_TORSO_YAW",0.102400,0.200000,0.198400,20.000000,0.000000,0.000000,20.000000,0.000000,0.000000,0.000000,0.000000,0.012160,0.000000,0.910900,19.954503,0.042012,-1.347600,20.000000
0.300900,1,"LINK_TORSO_YAW",0.102400,0.200000,0.198500,20.000000,0.000000,0.000000,20.000000,0.000000,0.000000,0.000000,0.000000,0.012160,0.000000,0.910900,19.954340,0.042028,-1.350014,20.000000
0.301000,1,"LINK_TORSO_YAW",0.102400,0.200000,0.198600,20.000000,0.000000,0.000000,20.000000,0.000000,0.000000,0.000000,0.000000,0.012160,0.000000,0.910900,19.954177,0.042044,-1.352430,20.000000
0.301100,1,"LINK_TORSO_YAW",0.102400,0.200000,0.198700,20.000000,0.000000,0.000000,20.000000,0.000000,0.000000,0.000000,0.000000,0.012160,0.000000,0.910900,19.954013,0.042060,-1.354849,20.000000
0.301200,1,"LINK_TORSO_YAW",0.102400,0.200000,0.198800,20.000000,0.000000,0.000000,20.000000,0.000000,0.000000,0.000000,0.000000,0.012160,0.000000,0.910900,19.953848,0.042076,-1.357270,20.000000
0.301300,1,"LINK_TORSO_YAW",0.102400,0.200000,0.198900,20.000000,0.000000,0.000000,20.000000,0.000000,0.000000,0.000000,0.000000,0.012160,0.000000,0.910900,19.953683,0.042092,-1.359695,20.000000
0.301400,1,"LINK_TORSO_YAW",0.102400,0.200000,0.199000,20.000000,0.000000,0.000000,20.000000,0.000000,0.000000,0.000000,0.000000,0.012160,0.000000,0.910900,19.953517,0.042107,-1.362119,20.000000
0.301500,1,"LINK_TORSO_YAW",0.102400,0.200000,0.199100,20.000000,0.000000,0.000000,20.000000,0.000000,0.000000,0.000000,0.000000,0.012160,0.000000,0.910900,19.953352,0.042122,-1.364543,20.000000
0.301600,1,"LINK_TORSO_YAW",0.102400,0.200000,0.199200,20.000000,0.000000,0.000000,20.000000,0.000000,0.000000,0.000000,0.000000,0.012160,0.000000,0.910900,19.953186,0.042137,-1.366966,20.000000
0.301700,1,"LINK_TORSO_YAW",0.102400,0.200000,0.199300,20.000000,0.000000,0.000000,20.000000,0.000000,0.000000,0.000000,0.000000,0.012160,0.000000,0.910900,19.953020,0.042152,-1.369390,20.000000
0.301800,1,"LINK_TORSO_YAW",0.102400,0.200000,0.199400,20.000000,0.000000,0.000000,20.000000,0.000000,0.000000,0.000000,0.000000,0.012160,0.000000,0.910900,19.952853,0.042167,-1.371815,20.000000
0.301900,1,"LINK_TORSO_YAW",0.102400,0.200000,0.199500,20.000000,0.000000,0.000000,20.000000,0.000000,0.000000,0.000000,0.000000,0.012160,0.000000,0.910900,19.952686,0.042181,-1.374241,20.000000
0.302000,1,"LINK_TORSO_YAW",0.102400,0.200000,0.199600,20.000000,0.000000,0.000000,20.000000,0.000000,0.000000,0.000000,0.000000,0.012160,0.000000,0.910900,19.952519,0.042196,-1.376669,20.000000
0.302100,1,"LINK_TORSO_YAW",0.102400,0.200000,0.199700,20.000000,0.000000,0.000000,20.000000,0.000000,0.000000,0.000000,0.000000,0.012160,0.000000,0.910900,19.952351,0.042211,-1.379099,20.000000
0.302200,1,"LINK_TORSO_YAW",0.102400,0.200000,0.199800,20.000000,0.000000,0.000000,20.000000,0.000000,0.000000,0.000000,0.000000,0.012160,0.000000,0.910900,19.952183,0.042226,-1.381531,20.000000
0.302300,1,"LINK_TORSO_YAW",0.102400,0.200000,0.199900,20.000000,0.000000,0.000000,20.000000,0.000000,0.000000,0.000000,0.000000,0.012160,0.000000,0.910900,19.952014,0.042241,-1.383966,20.000000
0.302400,1,"LINK_TORSO_YAW",0.102400,0.200000,0.200000,20.000000,0.000000,0.000000,20.000000,0.000000,0.000000,0.000000,0.000000,0.012160,0.000000,0.910900,19.951844,0.042256,-1.386405,20.000000
0.302500,1,"LINK_TORSO_YAW",0.102400,0.200000,0.200100,20.000000,0.000000,0.000000,20.000000,0.000000,0.000000,0.000000,0.000000,0.012160,0.000000,0.910900,19.951675,0.042270,-1.388842,20.000000
0.302600,2,"LINK_TORSO_YAW",0.302500,0.200000,0.000100,20.000000,0.000000,0.000000,20.000000,0.000000,0.000000,0.000000,0.000000,0.012160,0.000000,0.910900,19.951505,0.042285,-1.391279,20.000000
0.302700,2,"LINK_TORSO_YAW",0.302500,0.200000,0.000200,20.000000,0.000000,0.000000,20.000000,0.000000,0.000000,0.000000,0.000000,0.012160,0.000000,0.910900,19.951335,0.042300,-1.393717,20.000000
0.302800,2,"LINK_TORSO_YAW",0.302500,0.200000,0.000300,20.000000,0.000000,0.000000,20.000000,0.000000,0.000000,0.000000,0.000000,0.012160,0.000000,0.910900,19.951164,0.042315,-1.396155,20.000000
0.302900,2,"LINK_TORSO_YAW",0.302500,0.200000,0.000400,20.000000,0.000000,0.000000,20.000000,0.000000,0.000000,0.000000,0.000000,0.012160,0.000000,0.910900,19.950994,0.042329,-1.398594,20.000000
0.303000,2,"LINK_TORSO_YAW",0.302500,0.200000,0.000500,20.000000,0.000000,0.000000,20.000000,0.000000,0.000000,0.000000,0.000000,0.012160,0.000000,0.910900,19.950822,0.042342,-1.401035,20.000000
0.303100,2,"LINK_TORSO_YAW",0.302500,0.200000,0.000600,20.000000,0.000000,0.000000,20.000000,0.000000,0.000000,0.000000,0.000000,0.012160,0.000000,0.910900,19.950650,0.042355,-1.403479,20.000000
0.303200,2,"LINK_TORSO_YAW",0.302500,0.200000,0.000700,20.000000,0.000000,0.000000,20.000000,0.000000,0.000000,0.000000,0.000000,0.012160,0.000000,0.910900,19.950478,0.042368,-1.405925,20.000000
0.303300,2,"LINK_TORSO_YAW",0.302500,0.200000,0.000800,20.000000,0.000000,0.000000,20.000000,0.000000,0.000000,0.000000,0.000000,0.012160,0.000000,0.910900,19.950306,0.042381,-1.408373,20.000000
0.303400,2,"LINK_TORSO_YAW",0.302500,0.200000,0.000900,20.000000,0.000000,0.000000,20.000000,0.000000,0.000000,0.000000,0.000000,0.012160,0.000000,0.910900,19.950132,0.042394,-1.410823,20.000000
0.303500,2,"LINK_TORSO_YAW",0.302500,0.200000,0.001000,20.000000,0.000000,0.000000,20.000000,0.000000,0.000000,0.000000,0.000000,0.012160,0.000000,0.910900,19.949959,0.042407,-1.413278,20.000000
0.303600,2,"LINK_TORSO_YAW",0.302500,0.200000,0.001100,20.000000,0.000000,0.000000,20.000000,0.000000,0.000000,0.000000,0.000000,0.012160,0.000000,0.910900,19.949785,0.042420,-1.415731,20.000000
0.303700,2,"LINK_TORSO_YAW",0.302500,0.200000,0.001200,20.000000,0.000000,0.000000,20.000000,0.000000,0.000000,0.000000,0.000000,0.012160,0.000000,0.910900,19.949610,0.042435,-1.418184,20.000000
0.303800,2,"LINK_TORSO_YAW",0.302500,0.200000,0.001300,20.000000,0.000000,0.000000,20.000000,0.000000,0.000000,0.000000,0.000000,0.012160,0.000000,0.910900,19.949436,0.042451,-1.420638,20.000000
0.303900,2,"LINK_TORSO_YAW",0.302500,0.200000,0.001400,20.000000,0.000000,0.000000,20.000000,0.000000,0.000000,0.000000,0.000000,0.012160,0.000000,0.910900,19.949261,0.042467,-1.423092,20.000000
0.304000,2,"LINK_TORSO_YAW",0.302500,0.200000,0.001500,20.000000,0.000000,0.000000,20.000000,0.000000,0.000000,0.000000,0.000000,0.012160,0.000000,0.910900,19.949085,0.042483,-1.425547,20.000000
0.304100,2,"LINK_TORSO_YAW",0.302500,0.200000,0.001600,20.000000,0.000000,0.000000,20.000000,0.000000,0.000000,0.000000,0.000000,0.012160,0.000000,0.910900,19.948910,0.042499,-1.428003,20.000000
0.304200,2,"LINK_TORSO_YAW",0.302500,0.200000,0.001700,20.000000,0.000000,0.000000,20.000000,0.000000,0.000000,0.000000,0.000000,0.012160,0.000000,0.910900,19.948734,0.042515,-1.430460,20.000000
0.304300,2,"LINK_TORSO_YAW",0.302500,0.200000,0.001800,20.000000,0.000000,0.000000,20.000000,0.000000,0.000000,0.000000,0.000000,0.012160,0.000000,0.910900,19.948557,0.042531,-1.432920,20.000000
0.304400,2,"LINK_TORSO_YAW",0.302500,0.200000,0.001900,20.000000,0.000000,0.000000,20.000000,0.000000,0.000000,0.000000,0.000000,0.012160,0.000000,0.910900,19.948380,0.042546,-1.435383,20.000000
0.304500,2,"LINK_TORSO_YAW",0.302500,0.200000,0.002000,20.000000,0.000000,0.000000,20.000000,0.000000,0.000000,0.000000,0.000000,0.012160,0.000000,0.910900,19.948202,0.042562,-1.437848,20.000000
0.304600,2,"LINK_TORSO_YAW",0.302500,0.200000,0.002100,20.000000,0.000000,0.000000,20.000000,0.000000,0.000000,0.000000,0.000000,0.012160,0.000000,0.910900,19.948025,0.042576,-1.440313,20.000000
0.304700,2,"LINK_TORSO_YAW",0.302500,0.200000,0.002200,20.000000,0.000000,0.000000,20.000000,0.000000,0.000000,0.000000,0.000000,0.012160,0.000000,0.910900,19.947846,0.042591,-1.442778,20.000000
0.304800,2,"LINK_TORSO_YAW",0.302500,0.200000,0.002300,20.000000,0.000000,0.000000,20.000000,0.000000,0.000000,0.000000,0.000000,0.012160,0.000000,0.910900,19.947668,0.042605,-1.445242,20.000000
0.304900,2,"LINK_TORSO_YAW",0.302500,0.200000,0.002400,20.000000,0.000000,0.000000,20.000000,0.000000,0.000000,0.000000,0.000000,0.012160,0.000000,0.910900,19.947489,0.042620,-1.447707,20.000000
0.305000,2,"LINK_TORSO_YAW",0.302500,0.200000,0.002500,20.000000,0.000000,0.000000,20.000000,0.000000,0.000000,0.000000,0.000000,0.012160,0.000000,0.910900,19.947310,0.042635,-1.450173,20.000000
0.305100,2,"LINK_TORSO_YAW",0.302500,0.200000,0.002600,20.000000,0.000000,0.000000,20.000000,0.000000,0.000000,0.000000,0.000000,0.012160,0.000000,0.910900,19.947131,0.042650,-1.452640,20.000000
0.305200,2,"LINK_TORSO_YAW",0.302500,0.200000,0.002700,20.000000,0.000000,0.000000,20.000000,0.000000,0.000000,0.000000,0.000000,0.012160,0.000000,0.910900,19.946951,0.042666,-1.455109,20.000000
0.305300,2,"LINK_TORSO_YAW",0.302500,0.200000,0.002800,20.000000,0.000000,0.000000,20.000000,0.000000,0.000000,0.000000,0.000000,0.012160,0.000000,0.910900,19.946770,0.042681,-1.457580,20.000000
0.305400,2,"LINK_TORSO_YAW",0.302500,0.200000,0.002900,20.000000,0.000000,0.000000,20.000000,0.000000,0.000000,0.000000,0.000000,0.012160,0.000000,0.910900,19.946589,0.042697,-1.460053,20.000000
0.305500,2,"LINK_TORSO_YAW",0.302500,0.200000,0.003000,20.000000,0.000000,0.000000,20.000000,0.000000,0.000000,0.000000,0.000000,0.012160,0.000000,0.910900,19.946408,0.042712,-1.462530,20.000000
0.305600,2,"LINK_TORSO_YAW",0.302500,0.200000,0.003100,20.000000,0.000000,0.000000,20.000000,0.000000,0.000000,0.000000,0.000000,0.012160,0.000000,0.910900,19.946226,0.042728,-1.465009,20.000000
0.305700,2,"LINK_TORSO_YAW",0.302500,0.200000,0.003200,20.000000,0.000000,0.000000,20.000000,0.000000,0.000000,0.000000,0.000000,0.012160,0.000000,0.910900,19.946044,0.042743,-1.467488,20.000000
0.305800,2,"LINK_TORSO_YAW",0.302500,0.200000,0.003300,20.000000,0.000000,0.000000,20.000000,0.000000,0.000000,0.000000,0.000000,0.012160,0.000000,0.910900,19.945861,0.042759,-1.469966,20.000000
0.305900,2,"LINK_TORSO_YAW",0.302500,0.200000,0.003400,20.000000,0.000000,0.000000,20.000000,0.000000,0.000000,0.000000,0.000000,0.012160,0.000000,0.910900,19.945678,0.042774,-1.472443,20.000000
0.306000,2,"LINK_TORSO_YAW",0.302500,0.200000,0.003500,20.000000,0.000000,0.000000,20.000000,0.000000,0.000000,0.000000,0.000000,0.012160,0.000000,0.910900,19.945495,0.042790,-1.474922,20.000000
0.306100,2,"LINK_TORSO_YAW",0.302500,0.200000,0.003600,20.000000,0.000000,0.000000,20.000000,0.000000,0.000000,0.000000,0.000000,0.012160,0.000000,0.910900,19.945312,0.042805,-1.477401,20.000000
0.306200,2,"LINK_TORSO_YAW",0.302500,0.200000,0.003700,20.000000,0.000000,0.000000,20.000000,0.000000,0.000000,0.000000,0.000000,0.012160,0.000000,0.910900,19.945128,0.042820,-1.479881,20.000000
0.306300,2,"LINK_TORSO_YAW",0.302500,0.200000,0.003800,20.000000,0.000000,0.000000,20.000000,0.000000,0.000000,0.000000,0.000000,0.012160,0.000000,0.910900,19.944943,0.042836,-1.482363,20.000000
0.306400,2,"LINK_TORSO_YAW",0.302500,0.200000,0.003900,20.000000,0.000000,0.000000,20.000000,0.000000,0.000000,0.000000,0.000000,0.012160,0.000000,0.910900,19.944758,0.042851,-1.484848,20.000000
0.306500,2,"LINK_TORSO_YAW",0.302500,0.200000,0.004000,20.000000,0.000000,0.000000,20.000000,0.000000,0.000000,0.000000,0.000000,0.012160,0.000000,0.910900,19.944573,0.042866,-1.487334,20.000000
0.306600,2,"LINK_TORSO_YAW",0.302500,0.200000,0.004100,20.000000,0.000000,0.000000,20.000000,0.000000,0.000000,0.000000,0.000000,0.012160,0.000000,0.910900,19.944387,0.042882,-1.489824,20.000000
0.306700,2,"LINK_TORSO_YAW",0.302500,0.200000,0.004200,20.000000,0.000000,0.000000,20.000000,0.000000,0.000000,0.000000,0.000000,0.012160,0.000000,0.910900,19.944201,0.042898,-1.492317,20.000000
0.306800,2,"LINK_TORSO_YAW",0.302500,0.200000,0.004300,20.000000,0.000000,0.000000,20.000000,0.000000,0.000000,0.000000,0.000000,0.012160,0.000000,0.910900,19.944014,0.042913,-1.494809,20.000000
0.306900,2,"LINK_TORSO_YAW",0.302500,0.200000,0.004400,20.000000,0.000000,0.000000,20.000000,0.000000,0.000000,0.000000,0.000000,0.012160,0.000000,0.910900,19.943827,0.042930,-1.497301,20.000000
0.307000,2,"LINK_TORSO_YAW",0.302500,0.200000,0.004500,20.000000,0.000000,0.000000,20.000000,0.000000,0.000000,0.000000,0.000000,0.012160,0.000000,0.910900,19.943640,0.042947,-1.499793,20.000000
0.307100,2,"LINK_TORSO_YAW",0.302500,0.200000,0.004600,20.000000,0.000000,0.000000,20.000000,0.000000,0.000000,0.000000,0.000000,0.012160,0.000000,0.910900,19.943452,0.042964,-1.502286,20.000000
0.307200,2,"LINK_TORSO_YAW",0.302500,0.200000,0.004700,20.000000,0.000000,0.000000,20.000000,0.000000,0.000000,0.000000,0.000000,0.012160,0.000000,0.910900,19.943264,0.042981,-1.504779,20.000000
0.307300,2,"LINK_TORSO_YAW",0.302500,0.200000,0.004800,20.000000,0.000000,0.000000,20.000000,0.000000,0.000000,0.000000,0.000000,0.012160,0.000000,0.910900,19.943076,0.042998,-1.507274,20.000000
0.307400,2,"LINK_TORSO_YAW",0.302500,0.200000,0.004900,20.000000,0.000000,0.000000,20.000000,0.000000,0.000000,0.000000,0.000000,0.012160,0.000000,0.910900,19.942887,0.043015,-1.509770,20.000000
0.307500,2,"LINK_TORSO_YAW",0.302500,0.200000,0.005000,20.000000,0.000000,0.000000,20.000000,0.000000,0.000000,0.000000,0.000000,0.012160,0.000000,0.910900,19.942698,0.043032,-1.512269,20.000000
0.307600,2,"LINK_TORSO_YAW",0.302500,0.200000,0.005100,20.000000,0.000000,0.000000,20.000000,0.000000,0.000000,0.000000,0.000000,0.012160,0.000000,0.910900,19.942508,0.043051,-1.514771,20.000000
0.307700,2,"LINK_TORSO_YAW",0.302500,0.200000,0.005200,20.000000,0.000000,0.000000,20.000000,0.000000,0.000000,0.000000,0.000000,0.012160,0.000000,0.910900,19.942317,0.043070,-1.517276,20.000000
0.307800,2,"LINK_TORSO_YAW",0.302500,0.200000,0.005300,20.000000,0.000000,0.000000,20.000000,0.000000,0.000000,0.000000,0.000000,0.012160,0.000000,0.910900,19.942126,0.043090,-1.519784,20.000000
0.307900,2,"LINK_TORSO_YAW",0.302500,0.200000,0.005400,20.000000,0.000000,0.000000,20.000000,0.000000,0.000000,0.000000,0.000000,0.012160,0.000000,0.910900,19.941935,0.043109,-1.522291,20.000000
0.308000,2,"LINK_TORSO_YAW",0.302500,0.200000,0.005500,20.000000,0.000000,0.000000,20.000000,0.000000,0.000000,0.000000,0.000000,0.012160,0.000000,0.910900,19.941743,0.043127,-1.524799,20.000000
0.308100,2,"LINK_TORSO_YAW",0.302500,0.200000,0.005600,20.000000,0.000000,0.000000,20.000000,0.000000,0.000000,0.000000,0.000000,0.012160,0.000000,0.910900,19.941551,0.043144,-1.527306,20.000000
0.308200,2,"LINK_TORSO_YAW",0.302500,0.200000,0.005700,20.000000,0.000000,0.000000,20.000000,0.000000,0.000000,0.000000,0.000000,0.012160,0.000000,0.910900,19.941359,0.043161,-1.529814,20.000000
0.308300,2,"LINK_TORSO_YAW",0.302500,0.200000,0.005800,20.000000,0.000000,0.000000,20.000000,0.000000,0.000000,0.000000,0.000000,0.012160,0.000000,0.910900,19.941166,0.043177,-1.532324,20.000000
0.308400,2,"LINK_TORSO_YAW",0.302500,0.200000,0.005900,20.000000,0.000000,0.000000,20.000000,0.000000,0.000000,0.000000,0.000000,0.012160,0.000000,0.910900,19.940973,0.043193,-1.534835,20.000000
0.308500,2,"LINK_TORSO_YAW",0.302500,0.200000,0.006000,20.000000,0.000000,0.000000,20.000000,0.000000,0.000000,0.000000,0.000000,0.012160,0.000000,0.910900,19.940780,0.043209,-1.537347,20.000000
0.308600,2,"LINK_TORSO_YAW",0.302500,0.200000,0.006100,20.000000,0.000000,0.000000,20.000000,0.000000,0.000000,0.000000,0.000000,0.012160,0.000000,0.910900,19.940586,0.043225,-1.539862,20.000000
0.308700,2,"LINK_TORSO_YAW",0.302500,0.200000,0.006200,20.000000,0.000000,0.000000,20.000000,0.000000,0.000000,0.000000,0.000000,0.012160,0.000000,0.910900,19.940391,0.043240,-1.542380,20.000000
0.308800,2,"LINK_TORSO_YAW",0.302500,0.200000,0.006300,20.000000,0.000000,0.000000,20.000000,0.000000,0.000000,0.000000,0.000000,0.012160,0.000000,0.910900,19.940196,0.043256,-1.544900,20.000000
0.308900,2,"LINK_TORSO_YAW",0.302500,0.200000,0.006400,20.000000,0.000000,0.000000,20.000000,0.000000,0.000000,0.000000,0.000000,0.012160,0.000000,0.910900,19.940000,0.043272,-1.547423,20.000000
0.309000,2,"LINK_TORSO_YAW",0.302500,0.200000,0.006500,20.000000,0.000000,0.000000,20.000000,0.000000,0.000000,0.000000,0.000000,0.012160,0.000000,0.910900,19.939804,0.043288,-1.549950,20.000000
0.309100,2,"LINK_TORSO_YAW",0.302500,0.200000,0.006600,20.000000,0.000000,0.000000,20.000000,0.000000,0.000000,0.000000,0.000000,0.012160,0.000000,0.910900,19.939607,0.043305,-1.552477,20.000000
0.309200,2,"LINK_TORSO_YAW",0.302500,0.200000,0.006700,20.000000,0.000000,0.000000,20.000000,0.000000,0.000000,0.000000,0.000000,0.012160,0.000000,0.910900,19.939410,0.043321,-1.555003,20.000000
0.309300,2,"LINK_TORSO_YAW",0.302500,0.200000,0.006800,20.000000,0.000000,0.000000,20.000000,0.000000,0.000000,0.000000,0.000000,0.012160,0.000000,0.910900,19.939213,0.043337,-1.557528,20.000000
0.309400,2,"LINK_TORSO_YAW",0.302500,0.200000,0.006900,20.000000,0.000000,0.000000,20.000000,0.000000,0.000000,0.000000,0.000000,0.012160,0.000000,0.910900,19.939016,0.043354,-1.560055,20.000000
0.309500,2,"LINK_TORSO_YAW",0.302500,0.200000,0.007000,20.000000,0.000000,0.000000,20.000000,0.000000,0.000000,0.000000,0.000000,0.012160,0.000000,0.910900,19.938818,0.043370,-1.562582,20.000000
0.309600,2,"LINK_TORSO_YAW",0.302500,0.200000,0.007100,20.000000,0.000000,0.000000,20.000000,0.000000,0.000000,0.000000,0.000000,0.012160,0.000000,0.910900,19.938619,0.043387,-1.565110,20.000000
0.309700,2,"LINK_TORSO_YAW",0.302500,0.200000,0.007200,20.000000,0.000000,0.000000,20.000000,0.000000,0.000000,0.000000,0.000000,0.012160,0.000000,0.910900,19.938421,0.043403,-1.567640,20.000000
0.309800,2,"LINK_TORSO_YAW",0.302500,0.200000,0.007300,20.000000,0.000000,0.000000,20.000000,0.000000,0.000000,0.000000,0.000000,0.012160,0.000000,0.910900,19.938221,0.043419,-1.570173,20.000000
0.309900,2,"LINK_TORSO_YAW",0.302500,0.200000,0.007400,20.000000,0.000000,0.000000,20.000000,0.000000,0.000000,0.000000,0.000000,0.012160,0.000000,0.910900,19.938022,0.043436,-1.572707,20.000000
0.310000,2,"LINK_TORSO_YAW",0.302500,0.200000,0.007500,20.000000,0.000000,0.000000,20.000000,0.000000,0.000000,0.000000,0.000000,0.012160,0.000000,0.910900,19.937821,0.043452,-1.575245,20.000000
0.310100,2,"LINK_TORSO_YAW",0.302500,0.200000,0.007600,20.000000,0.000000,0.000000,20.000000,0.000000,0.000000,0.000000,0.000000,0.012160,0.000000,0.910900,19.937620,0.043469,-1.577786,20.000000
0.310200,2,"LINK_TORSO_YAW",0.302500,0.200000,0.007700,20.000000,0.000000,0.000000,20.000000,0.000000,0.000000,0.000000,0.000000,0.012160,0.000000,0.910900,19.937419,0.043485,-1.580326,20.000000
0.310300,2,"LINK_TORSO_YAW",0.302500,0.200000,0.007800,20.000000,0.000000,0.000000,20.000000,0.000000,0.000000,0.000000,0.000000,0.012160,0.000000,0.910900,19.937218,0.043502,-1.582865,20.000000
0.310400,2,"LINK_TORSO_YAW",0.302500,0.200000,0.007900,20.000000,0.000000,0.000000,20.000000,0.000000,0.000000,0.000000,0.000000,0.012160,0.000000,0.910900,19.937016,0.043519,-1.585404,20.000000
0.310500,2,"LINK_TORSO_YAW",0.302500,0.200000,0.008000,20.000000,0.000000,0.000000,20.000000,0.000000,0.000000,0.000000,0.000000,0.012160,0.000000,0.910900,19.936814,0.043536,-1.587944,20.000000
0.310600,2,"LINK_TORSO_YAW",0.302500,0.200000,0.008100,20.000000,0.000000,0.000000,20.000000,0.000000,0.000000,0.000000,0.000000,0.012160,0.000000,0.910900,19.936611,0.043553,-1.590485,20.000000
0.310700,2,"LINK_TORSO_YAW",0.302500,0.200000,0.008200,20.000000,0.000000,0.000000,20.000000,0.000000,0.000000,0.000000,0.000000,0.012160,0.000000,0.910900,19.936408,0.043570,-1.593027,20.000000
0.310800,2,"LINK_TORSO_YAW",0.302500,0.200000,0.008300,20.000000,0.000000,0.000000,20.000000,0.000000,0.000000,0.000000,0.000000,0.012160,0.000000,0.910900,19.936205,0.043587,-1.595571,20.000000
0.310900,2,"LINK_TORSO_YAW",0.302500,0.200000,0.008400,20.000000,0.000000,0.000000,20.000000,0.000000,0.000000,0.000000,0.000000,0.012160,0.000000,0.910900,19.936001,0.043604,-1.598117,20.000000
0.311000,2,"LINK_TORSO_YAW",0.302500,0.200000,0.008500,20.000000,0.000000,0.000000,20.000000,0.000000,0.000000,0.000000,0.000000,0.012160,0.000000,0.910900,19.935796,0.043622,-1.600665,20.000000
0.311100,2,"LINK_TORSO_YAW",0.302500,0.200000,0.008600,20.000000,0.000000,0.000000,20.000000,0.000000,0.000000,0.000000,0.000000,0.012160,0.000000,0.910900,19.935591,0.043639,-1.603217,20.000000
0.311200,2,"LINK_TORSO_YAW",0.302500,0.200000,0.008700,20.000000,0.000000,0.000000,20.000000,0.000000,0.000000,0.000000,0.000000,0.012160,0.000000,0.910900,19.935385,0.043657,-1.605772,20.000000
0.311300,2,"LINK_TORSO_YAW",0.302500,0.200000,0.008800,20.000000,0.000000,0.000000,20.000000,0.000000,0.000000,0.000000,0.000000,0.012160,0.000000,0.910900,19.935180,0.043675,-1.608325,20.000000
0.311400,2,"LINK_TORSO_YAW",0.302500,0.200000,0.008900,20.000000,0.000000,0.000000,20.000000,0.000000,0.000000,0.000000,0.000000,0.012160,0.000000,0.910900,19.934973,0.043692,-1.610879,20.000000
0.311500,2,"LINK_TORSO_YAW",0.302500,0.200000,0.009000,20.000000,0.000000,0.000000,20.000000,0.000000,0.000000,0.000000,0.000000,0.012160,0.000000,0.910900,19.934767,0.043709,-1.613432,20.000000
0.311600,2,"LINK_TORSO_YAW",0.302500,0.200000,0.009100,20.000000,0.000000,0.000000,20.000000,0.000000,0.000000,0.000000,0.000000,0.012160,0.000000,0.910900,19.934560,0.043726,-1.615985,20.000000
0.311700,2,"LINK_TORSO_YAW",0.302500,0.200000,0.009200,20.000000,0.000000,0.000000,20.000000,0.000000,0.000000,0.000000,0.000000,0.012160,0.000000,0.910900,19.934353,0.043742,-1.618540,20.000000
0.311800,2,"LINK_TORSO_YAW",0.302500,0.200000,0.009300,20.000000,0.000000,0.000000,20.000000,0.000000,0.000000,0.000000,0.000000,0.012160,0.000000,0.910900,19.934145,0.043758,-1.621096,20.000000
0.311900,2,"LINK_TORSO_YAW",0.302500,0.200000,0.009400,20.000000,0.000000,0.000000,20.000000,0.000000,0.000000,0.000000,0.000000,0.012160,0.000000,0.910900,19.933937,0.043774,-1.623654,20.000000
0.312000,2,"LINK_TORSO_YAW",0.302500,0.200000,0.009500,20.000000,0.000000,0.000000,20.000000,0.000000,0.000000,0.000000,0.000000,0.012160,0.000000,0.910900,19.933728,0.043791,-1.626214,20.000000
0.312100,2,"LINK_TORSO_YAW",0.302500,0.200000,0.009600,20.000000,0.000000,0.000000,20.000000,0.000000,0.000000,0.000000,0.000000,0.012160,0.000000,0.910900,19.933519,0.043809,-1.628778,20.000000
0.312200,2,"LINK_TORSO_YAW",0.302500,0.200000,0.009700,20.000000,0.000000,0.000000,20.000000,0.000000,0.000000,0.000000,0.000000,0.012160,0.000000,0.910900,19.933309,0.043826,-1.631344,20.000000
0.312300,2,"LINK_TORSO_YAW",0.302500,0.200000,0.009800,20.000000,0.000000,0.000000,20.000000,0.000000,0.000000,0.000000,0.000000,0.012160,0.000000,0.910900,19.933098,0.043843,-1.633913,20.000000
0.312400,2,"LINK_TORSO_YAW",0.302500,0.200000,0.009900,20.000000,0.000000,0.000000,20.000000,0.000000,0.000000,0.000000,0.000000,0.012160,0.000000,0.910900,19.932887,0.043860,-1.636482,20.000000
0.312500,2,"LINK_TORSO_YAW",0.302500,0.200000,0.010000,20.000000,0.000000,0.000000,20.000000,0.000000,0.000000,0.000000,0.000000,0.012160,0.000000,0.910900,19.932676,0.043877,-1.639050,20.000000
0.312600,2,"LINK_TORSO_YAW",0.302500,0.200000,0.010100,20.000000,0.000000,0.000000,20.000000,0.000000,0.000000,0.000000,0.000000,0.012160,0.000000,0.910900,19.932465,0.043894,-1.641618,20.000000
0.312700,2,"LINK_TORSO_YAW",0.302500,0.200000,0.010200,20.000000,0.000000,0.000000,20.000000,0.000000,0.000000,0.000000,0.000000,0.012160,0.000000,0.910900,19.932253,0.043909,-1.644187,20.000000
0.312800,2,"LINK_TORSO_YAW",0.302500,0.200000,0.010300,20.000000,0.000000,0.000000,20.000000,0.000000,0.000000,0.000000,0.000000,0.012160,0.000000,0.910900,19.932041,0.043925,-1.646757,20.000000
0.312900,2,"LINK_TORSO_YAW",0.302500,0.200000,0.010400,20.000000,0.000000,0.000000,20.000000,0.000000,0.000000,0.000000,0.000000,0.012160,0.000000,0.910900,19.931828,0.043942,-1.649329,20.000000
0.313000,2,"LINK_TORSO_YAW",0.302500,0.200000,0.010500,20.000000,0.000000,0.000000,20.000000,0.000000,0.000000,0.000000,0.000000,0.012160,0.000000,0.910900,19.931615,0.043959,-1.651903,20.000000
0.313100,2,"LINK_TORSO_YAW",0.302500,0.200000,0.010600,20.000000,0.000000,0.000000,20.000000,0.000000,0.000000,0.000000,0.000000,0.012160,0.000000,0.910900,19.931402,0.043976,-1.654478,20.000000
0.313200,2,"LINK_TORSO_YAW",0.302500,0.200000,0.010700,20.000000,0.000000,0.000000,20.000000,0.000000,0.000000,0.000000,0.000000,0.012160,0.000000,0.910900,19.931187,0.043992,-1.657057,20.000000
0.313300,2,"LINK_TORSO_YAW",0.302500,0.200000,0.010800,20.000000,0.000000,0.000000,20.000000,0.000000,0.000000,0.000000,0.000000,0.012160,0.000000,0.910900,19.930973,0.044009,-1.659638,20.000000
0.313400,2,"LINK_TORSO_YAW",0.302500,0.200000,0.010900,20.000000,0.000000,0.000000,20.000000,0.000000,0.000000,0.000000,0.000000,0.012160,0.000000,0.910900,19.930757,0.044025,-1.662222,20.000000
0.313500,2,"LINK_TORSO_YAW",0.302500,0.200000,0.011000,20.000000,0.000000,0.000000,20.000000,0.000000,0.000000,0.000000,0.000000,0.012160,0.000000,0.910900,19.930541,0.044041,-1.664806,20.000000
0.313600,2,"LINK_TORSO_YAW",0.302500,0.200000,0.011100,20.000000,0.000000,0.000000,20.000000,0.000000,0.000000,0.000000,0.000000,0.012160,0.000000,0.910900,19.930325,0.044058,-1.667389,20.000000
0.313700,2,"LINK_TORSO_YAW",0.302500,0.200000,0.011200,20.000000,0.000000,0.000000,20.000000,0.000000,0.000000,0.000000,0.000000,0.012160,0.000000,0.910900,19.930109,0.044074,-1.669972,20.000000
0.313800,2,"LINK_TORSO_YAW",0.302500,0.200000,0.011300,20.000000,0.000000,0.000000,20.000000,0.000000,0.000000,0.000000,0.000000,0.012160,0.000000,0.910900,19.929893,0.044091,-1.672555,20.000000
0.313900,2,"LINK_TORSO_YAW",0.302500,0.200000,0.011400,20.000000,0.000000,0.000000,20.000000,0.000000,0.000000,0.000000,0.000000,0.012160,0.000000,0.910900,19.929675,0.044108,-1.675140,20.000000
0.314000,2,"LINK_TORSO_YAW",0.302500,0.200000,0.011500,20.000000,0.000000,0.000000,20.000000,0.000000,0.000000,0.000000,0.000000,0.012160,0.000000,0.910900,19.929458,0.044126,-1.677725,20.000000
0.314100,2,"LINK_TORSO_YAW",0.302500,0.200000,0.011600,20.000000,0.000000,0.000000,20.000000,0.000000,0.000000,0.000000,0.000000,0.012160,0.000000,0.910900,19.929240,0.044143,-1.680313,20.000000
0.314200,2,"LINK_TORSO_YAW",0.302500,0.200000,0.011700,20.000000,0.000000,0.000000,20.000000,0.000000,0.000000,0.000000,0.000000,0.012160,0.000000,0.910900,19.929021,0.044160,-1.682902,20.000000
0.314300,2,"LINK_TORSO_YAW",0.302500,0.200000,0.011800,20.000000,0.000000,0.000000,20.000000,0.000000,0.000000,0.000000,0.000000,0.012160,0.000000,0.910900,19.928802,0.044178,-1.685494,20.000000
0.314400,2,"LINK_TORSO_YAW",0.302500,0.200000,0.011900,20.000000,0.000000,0.000000,20.000000,0.000000,0.000000,0.000000,0.000000,0.012160,0.000000,0.910900,19.928583,0.044195,-1.688089,20.000000
0.314500,2,"LINK_TORSO_YAW",0.302500,0.200000,0.012000,20.000000,0.000000,0.000000,20.000000,0.000000,0.000000,0.000000,0.000000,0.012160,0.000000,0.910900,19.928362,0.044213,-1.690688,20.000000
0.314600,2,"LINK_TORSO_YAW",0.302500,0.200000,0.012100,20.000000,0.000000,0.000000,20.000000,0.000000,0.000000,0.000000,0.000000,0.012160,0.000000,0.910900,19.928142,0.044231,-1.693285,20.000000
0.314700,2,"LINK_TORSO_YAW",0.302500,0.200000,0.012200,20.000000,0.000000,0.000000,20.000000,0.000000,0.000000,0.000000,0.000000,0.012160,0.000000,0.910900,19.927921,0.044249,-1.695882,20.000000
0.314800,2,"LINK_TORSO_YAW",0.302500,0.200000,0.012300,20.000000,0.000000,0.000000,20.000000,0.000000,0.000000,0.000000,0.000000,0.012160,0.000000,0.910900,19.927700,0.044268,-1.698479,20.000000
0.314900,2,"LINK_TORSO_YAW",0.302500,0.200000,0.012400,20.000000,0.000000,0.000000,20.000000,0.000000,0.000000,0.000000,0.000000,0.012160,0.000000,0.910900,19.927478,0.044286,-1.701076,20.000000
0.315000,2,"LINK_TORSO_YAW",0.302500,0.200000,0.012500,20.000000,0.000000,0.000000,20.000000,0.000000,0.000000,0.000000,0.000000,0.012160,0.000000,0.910900,19.927256,0.044304,-1.703675,20.000000
0.315100,2,"LINK_TORSO_YAW",0.302500,0.200000,0.012600,20.000000,0.000000,0.000000,20.000000,0.000000,0.000000,0.000000,0.000000,0.012160,0.000000,0.910900,19.927034,0.044322,-1.706274,20.000000
0.315200,2,"LINK_TORSO_YAW",0.302500,0.200000,0.012700,20.000000,0.000000,0.000000,20.000000,0.000000,0.000000,0.000000,0.000000,0.012160,0.000000,0.910900,19.926811,0.044340,-1.708875,20.000000
0.315300,2,"LINK_TORSO_YAW",0.302500,0.200000,0.012800,20.000000,0.000000,0.000000,20.000000,0.000000,0.000000,0.000000,0.000000,0.012160,0.000000,0.910900,19.926587,0.044359,-1.711478,20.000000
0.315400,2,"LINK_TORSO_YAW",0.302500,0.200000,0.012900,20.000000,0.000000,0.000000,20.000000,0.000000,0.000000,0.000000,0.000000,0.012160,0.000000,0.910900,19.926363,0.044378,-1.714084,20.000000
0.315500,2,"LINK_TORSO_YAW",0.302500,0.200000,0.013000,20.000000,0.000000,0.000000,20.000000,0.000000,0.000000,0.000000,0.000000,0.012160,0.000000,0.910900,19.926138,0.044398,-1.716693,20.000000
0.315600,2,"LINK_TORSO_YAW",0.302500,0.200000,0.013100,20.000000,0.000000,0.000000,20.000000,0.000000,0.000000,0.000000,0.000000,0.012160,0.000000,0.910900,19.925913,0.044416,-1.719306,20.000000
0.315700,2,"LINK_TORSO_YAW",0.302500,0.200000,0.013200,20.000000,0.000000,0.000000,20.000000,0.000000,0.000000,0.000000,0.000000,0.012160,0.000000,0.910900,19.925688,0.044435,-1.721918,20.000000
0.315800,2,"LINK_TORSO_YAW",0.302500,0.200000,0.013300,20.000000,0.000000,0.000000,20.000000,0.000000,0.000000,0.000000,0.000000,0.012160,0.000000,0.910900,19.925462,0.044452,-1.724529,20.000000
0.315900,2,"LINK_TORSO_YAW",0.302500,0.200000,0.013400,20.000000,0.000000,0.000000,20.000000,0.000000,0.000000,0.000000,0.000000,0.012160,0.000000,0.910900,19.925235,0.044470,-1.727141,20.000000
0.316000,2,"LINK_TORSO_YAW",0.302500,0.200000,0.013500,20.000000,0.000000,0.000000,20.000000,0.000000,0.000000,0.000000,0.000000,0.012160,0.000000,0.910900,19.925009,0.044487,-1.729754,20.000000
0.316100,2,"LINK_TORSO_YAW",0.302500,0.200000,0.013600,20.000000,0.000000,0.000000,20.000000,0.000000,0.000000,0.000000,0.000000,0.012160,0.000000,0.910900,19.924782,0.044504,-1.732367,20.000000
0.316200,2,"LINK_TORSO_YAW",0.302500,0.200000,0.013700,20.000000,0.000000,0.000000,20.000000,0.000000,0.000000,0.000000,0.000000,0.012160,0.000000,0.910900,19.924554,0.044521,-1.734982,20.000000
0.316300,2,"LINK_TORSO_YAW",0.302500,0.200000,0.013800,20.000000,0.000000,0.000000,20.000000,0.000000,0.000000,0.000000,0.000000,0.012160,0.000000,0.910900,19.924326,0.044537,-1.737599,20.000000
0.316400,2,"LINK_TORSO_YAW",0.302500,0.200000,0.013900,20.000000,0.000000,0.000000,20.000000,0.000000,0.000000,0.000000,0.000000,0.012160,0.000000,0.910900,19.924097,0.044555,-1.740218,20.000000
0.316500,2,"LINK_TORSO_YAW",0.302500,0.200000,0.014000,20.000000,0.000000,0.000000,20.000000,0.000000,0.000000,0.000000,0.000000,0.012160,0.000000,0.910900,19.923868,0.044572,-1.742839,20.000000
0.316600,2,"LINK_TORSO_YAW",0.302500,0.200000,0.014100,20.000000,0.000000,0.000000,20.000000,0.000000,0.000000,0.000000,0.000000,0.012160,0.000000,0.910900,19.923638,0.044589,-1.745464,20.000000
0.316700,2,"LINK_TORSO_YAW",0.302500,0.200000,0.014200,20.000000,0.000000,0.000000,20.000000,0.000000,0.000000,0.000000,0.000000,0.012160,0.000000,0.910900,19.923408,0.044606,-1.748087,20.000000
0.316800,2,"LINK_TORSO_YAW",0.302500,0.200000,0.014300,20.000000,0.000000,0.000000,20.000000,0.000000,0.000000,0.000000,0.000000,0.012160,0.000000,0.910900,19.923178,0.044623,-1.750710,20.000000
0.316900,2,"LINK_TORSO_YAW",0.302500,0.200000,0.014400,20.000000,0.000000,0.000000,20.000000,0.000000,0.000000,0.000000,0.000000,0.012160,0.000000,0.910900,19.922947,0.044640,-1.753334,20.000000
0.317000,2,"LINK_TORSO_YAW",0.302500,0.200000,0.014500,20.000000,0.000000,0.000000,20.000000,0.000000,0.000000,0.000000,0.000000,0.012160,0.000000,0.910900,19.922716,0.044658,-1.755957,20.000000
0.317100,2,"LINK_TORSO_YAW",0.302500,0.200000,0.014600,20.000000,0.000000,0.000000,20.000000,0.000000,0.000000,0.000000,0.000000,0.012160,0.000000,0.910900,19.922485,0.044675,-1.758582,20.000000
0.317200,2,"LINK_TORSO_YAW",0.302500,0.200000,0.014700,20.000000,0.000000,0.000000,20.000000,0.000000,0.000000,0.000000,0.000000,0.012160,0.000000,0.910900,19.922253,0.044693,-1.761209,20.000000
0.317300,2,"LINK_TORSO_YAW",0.302500,0.200000,0.014800,20.000000,0.000000,0.000000,20.000000,0.000000,0.000000,0.000000,0.000000,0.012160,0.000000,0.910900,19.922020,0.044712,-1.763837,20.000000
0.317400,2,"LINK_TORSO_YAW",0.302500,0.200000,0.014900,20.000000,0.000000,0.000000,20.000000,0.000000,0.000000,0.000000,0.000000,0.012160,0.000000,0.910900,19.921787,0.044730,-1.766468,20.000000
0.317500,2,"LINK_TORSO_YAW",0.302500,0.200000,0.015000,20.000000,0.000000,0.000000,20.000000,0.000000,0.000000,0.000000,0.000000,0.012160,0.000000,0.910900,19.921553,0.044748,-1.769100,20.000000
0.317600,2,"LINK_TORSO_YAW",0.302500,0.200000,0.015100,20.000000,0.000000,0.000000,20.000000,0.000000,0.000000,0.000000,0.000000,0.012160,0.000000,0.910900,19.921319,0.044766,-1.771736,20.000000
0.317700,2,"LINK_TORSO_YAW",0.302500,0.200000,0.015200,20.000000,0.000000,0.000000,20.000000,0.000000,0.000000,0.000000,0.000000,0.012160,0.000000,0.910900,19.921084,0.044783,-1.774375,20.000000
0.317800,2,"LINK_TORSO_YAW",0.302500,0.200000,0.015300,20.000000,0.000000,0.000000,20.000000,0.000000,0.000000,0.000000,0.000000,0.012160,0.000000,0.910900,19.920849,0.044801,-1.777014,20.000000
0.317900,2,"LINK_TORSO_YAW",0.302500,0.200000,0.015400,20.000000,0.000000,0.000000,20.000000,0.000000,0.000000,0.000000,0.000000,0.012160,0.000000,0.910900,19.920613,0.044818,-1.779651,20.000000
0.318000,2,"LINK_TORSO_YAW",0.302500,0.200000,0.015500,20.000000,0.000000,0.000000,20.000000,0.000000,0.000000,0.000000,0.000000,0.012160,0.000000,0.910900,19.920377,0.044835,-1.782289,20.000000
0.318100,2,"LINK_TORSO_YAW",0.302500,0.200000,0.015600,20.000000,0.000000,0.000000,20.000000,0.000000,0.000000,0.000000,0.000000,0.012160,0.000000,0.910900,19.920141,0.044852,-1.784927,20.000000
0.318200,2,"LINK_TORSO_YAW",0.302500,0.200000,0.015700,20.000000,0.000000,0.000000,20.000000,0.000000,0.000000,0.000000,0.000000,0.012160,0.000000,0.910900,19.919905,0.044869,-1.787565,20.000000
0.318300,2,"LINK_TORSO_YAW",0.302500,0.200000,0.015800,20.000000,0.000000,0.000000,20.000000,0.000000,0.000000,0.000000,0.000000,0.012160,0.000000,0.910900,19.919667,0.044886,-1.790206,20.000000
0.318400,2,"LINK_TORSO_YAW",0.302500,0.200000,0.015900,20.000000,0.000000,0.000000,20.000000,0.000000,0.000000,0.000000,0.000000,0.012160,0.000000,0.910900,19.919430,0.044903,-1.792848,20.000000
0.318500,2,"LINK_TORSO_YAW",0.302500,0.200000,0.016000,20.000000,0.000000,0.000000,20.000000,0.000000,0.000000,0.000000,0.000000,0.012160,0.000000,0.910900,19.919191,0.044920,-1.795492,20.000000
0.318600,2,"LINK_TORSO_YAW",0.302500,0.200000,0.016100,20.000000,0.000000,0.000000,20.000000,0.000000,0.000000,0.000000,0.000000,0.012160,0.000000,0.910900,19.918953,0.044937,-1.798139,20.000000
0.318700,2,"LINK_TORSO_YAW",0.302500,0.200000,0.016200,20.000000,0.000000,0.000000,20.000000,0.000000,0.000000,0.000000,0.000000,0.012160,0.000000,0.910900,19.918713,0.044954,-1.800789,20.000000
0.318800,2,"LINK_TORSO_YAW",0.302500,0.200000,0.016300,20.000000,0.000000,0.000000,20.000000,0.000000,0.000000,0.000000,0.000000,0.012160,0.000000,0.910900,19.918473,0.044972,-1.803442,20.000000
0.318900,2,"LINK_TORSO_YAW",0.302500,0.200000,0.016400,20.000000,0.000000,0.000000,20.000000,0.000000,0.000000,0.000000,0.000000,0.012160,0.000000,0.910900,19.918233,0.044989,-1.806094,20.000000
0.319000,2,"LINK_TORSO_YAW",0.302500,0.200000,0.016500,20.000000,0.000000,0.000000,20.000000,0.000000,0.000000,0.000000,0.000000,0.012160,0.000000,0.910900,19.917992,0.045007,-1.808746,20.000000
0.319100,2,"LINK_TORSO_YAW",0.302500,0.200000,0.016600,20.000000,0.000000,0.000000,20.000000,0.000000,0.000000,0.000000,0.000000,0.012160,0.000000,0.910900,19.917751,0.045025,-1.811398,20.000000
0.319200,2,"LINK_TORSO_YAW",0.302500,0.200000,0.016700,20.000000,0.000000,0.000000,20.000000,0.000000,0.000000,0.000000,0.000000,0.012160,0.000000,0.910900,19.917510,0.045042,-1.814050,20.000000
0.319300,2,"LINK_TORSO_YAW",0.302500,0.200000,0.016800,20.000000,0.000000,0.000000,20.000000,0.000000,0.000000,0.000000,0.000000,0.012160,0.000000,0.910900,19.917268,0.045060,-1.816703,20.000000
0.319400,2,"LINK_TORSO_YAW",0.302500,0.200000,0.016900,20.000000,0.000000,0.000000,20.000000,0.000000,0.000000,0.000000,0.000000,0.012160,0.000000,0.910900,19.917026,0.045078,-1.819357,20.000000
0.319500,2,"LINK_TORSO_YAW",0.302500,0.200000,0.017000,20.000000,0.000000,0.000000,20.000000,0.000000,0.000000,0.000000,0.000000,0.012160,0.000000,0.910900,19.916783,0.045095,-1.822014,20.000000
0.319600,2,"LINK_TORSO_YAW",0.302500,0.200000,0.017100,20.000000,0.000000,0.000000,20.000000,0.000000,0.000000,0.000000,0.000000,0.012160,0.000000,0.910900,19.916539,0.045113,-1.824672,20.000000
0.319700,2,"LINK_TORSO_YAW",0.302500,0.200000,0.017200,20.000000,0.000000,0.000000,20.000000,0.000000,0.000000,0.000000,0.000000,0.012160,0.000000,0.910900,19.916295,0.045131,-1.827333,20.000000
0.319800,2,"LINK_TORSO_YAW",0.302500,0.200000,0.017300,20.000000,0.000000,0.000000,20.000000,0.000000,0.000000,0.000000,0.000000,0.012160,0.000000,0.910900,19.916051,0.045148,-1.829997,20.000000
0.319900,2,"LINK_TORSO_YAW",0.302500,0.200000,0.017400,20.000000,0.000000,0.000000,20.000000,0.000000,0.000000,0.000000,0.000000,0.012160,0.000000,0.910900,19.915805,0.045166,-1.832665,20.000000
0.320000,2,"LINK_TORSO_YAW",0.302500,0.200000,0.017500,20.000000,0.000000,0.000000,20.000000,0.000000,0.000000,0.000000,0.000000,0.012160,0.000000,0.910900,19.915559,0.045183,-1.835336,20.000000
0.320100,2,"LINK_TORSO_YAW",0.302500,0.200000,0.017600,20.000000,0.000000,0.000000,20.000000,0.000000,0.000000,0.000000,0.000000,0.012160,0.000000,0.910900,19.915313,0.045201,-1.838007,20.000000
0.320200,2,"LINK_TORSO_YAW",0.302500,0.200000,0.017700,20.000000,0.000000,0.000000,20.000000,0.000000,0.000000,0.000000,0.000000,0.012160,0.000000,0.910900,19.915066,0.045218,-1.840677,20.000000
0.320300,2,"LINK_TORSO_YAW",0.302500,0.200000,0.017800,20.000000,0.000000,0.000000,20.000000,0.000000,0.000000,0.000000,0.000000,0.012160,0.000000,0.910900,19.914819,0.045235,-1.843347,20.000000
0.320400,2,"LINK_TORSO_YAW",0.302500,0.200000,0.017900,20.000000,0.000000,0.000000,20.000000,0.000000,0.000000,0.000000,0.000000,0.012160,0.000000,0.910900,19.914572,0.045252,-1.846019,20.000000
0.320500,2,"LINK_TORSO_YAW",0.302500,0.200000,0.018000,20.000000,0.000000,0.000000,20.000000,0.000000,0.000000,0.000000,0.000000,0.012160,0.000000,0.910900,19.914324,0.045268,-1.848691,20.000000
0.320600,2,"LINK_TORSO_YAW",0.302500,0.200000,0.018100,20.000000,0.000000,0.000000,20.000000,0.000000,0.000000,0.000000,0.000000,0.012160,0.000000,0.910900,19.914075,0.045284,-1.851365,20.000000
0.320700,2,"LINK_TORSO_YAW",0.302500,0.200000,0.018200,20.000000,0.000000,0.000000,20.000000,0.000000,0.000000,0.000000,0.000000,0.012160,0.000000,0.910900,19.913826,0.045301,-1.854041,20.000000
0.320800,2,"LINK_TORSO_YAW",0.302500,0.200000,0.018300,20.000000,0.000000,0.000000,20.000000,0.000000,0.000000,0.000000,0.000000,0.012160,0.000000,0.910900,19.913577,0.045318,-1.856719,20.000000
0.320900,2,"LINK_TORSO_YAW",0.302500,0.200000,0.018400,20.000000,0.000000,0.000000,20.000000,0.000000,0.000000,0.000000,0.000000,0.012160,0.000000,0.910900,19.913327,0.045335,-1.859400,20.000000
0.321000,2,"LINK_TORSO_YAW",0.302500,0.200000,0.018500,20.000000,0.000000,0.000000,20.000000,0.000000,0.000000,0.000000,0.000000,0.012160,0.000000,0.910900,19.913076,0.045353,-1.862083,20.000000
0.321100,2,"LINK_TORSO_YAW",0.302500,0.200000,0.018600,20.000000,0.000000,0.000000,20.000000,0.000000,0.000000,0.000000,0.000000,0.012160,0.000000,0.910900,19.912824,0.045371,-1.864770,20.000000
0.321200,2,"LINK_TORSO_YAW",0.302500,0.200000,0.018700,20.000000,0.000000,0.000000,20.000000,0.000000,0.000000,0.000000,0.000000,0.012160,0.000000,0.910900,19.912573,0.045389,-1.867456,20.000000
0.321300,2,"LINK_TORSO_YAW",0.302500,0.200000,0.018800,20.000000,0.000000,0.000000,20.000000,0.000000,0.000000,0.000000,0.000000,0.012160,0.000000,0.910900,19.912320,0.045408,-1.870142,20.000000
0.321400,2,"LINK_TORSO_YAW",0.302500,0.200000,0.018900,20.000000,0.000000,0.000000,20.000000,0.000000,0.000000,0.000000,0.000000,0.012160,0.000000,0.910900,19.912068,0.045427,-1.872828,20.000000
0.321500,2,"LINK_TORSO_YAW",0.302500,0.200000,0.019000,20.000000,0.000000,0.000000,20.000000,0.000000,0.000000,0.000000,0.000000,0.012160,0.000000,0.910900,19.911815,0.045445,-1.875514,20.000000
0.321600,2,"LINK_TORSO_YAW",0.302500,0.200000,0.019100,20.000000,0.000000,0.000000,20.000000,0.000000,0.000000,0.000000,0.000000,0.012160,0.000000,0.910900,19.911562,0.045464,-1.878201,20.000000
0.321700,2,"LINK_TORSO_YAW",0.302500,0.200000,0.019200,20.000000,0.000000,0.000000,20.000000,0.000000,0.000000,0.000000,0.000000,0.012160,0.000000,0.910900,19.911308,0.045482,-1.880890,20.000000
0.321800,2,"LINK_TORSO_YAW",0.302500,0.200000,0.019300,20.000000,0.000000,0.000000,20.000000,0.000000,0.000000,0.000000,0.000000,0.012160,0.000000,0.910900,19.911054,0.045499,-1.883580,20.000000
0.321900,2,"LINK_TORSO_YAW",0.302500,0.200000,0.019400,20.000000,0.000000,0.000000,20.000000,0.000000,0.000000,0.000000,0.000000,0.012160,0.000000,0.910900,19.910799,0.045517,-1.886272,20.000000
0.322000,2,"LINK_TORSO_YAW",0.302500,0.200000,0.019500,20.000000,0.000000,0.000000,20.000000,0.000000,0.000000,0.000000,0.000000,0.012160,0.000000,0.910900,19.910543,0.045535,-1.888967,20.000000
0.322100,2,"LINK_TORSO_YAW",0.302500,0.200000,0.019600,20.000000,0.000000,0.000000,20.000000,0.000000,0.000000,0.000000,0.000000,0.012160,0.000000,0.910900,19.910287,0.045552,-1.891664,20.000000
0.322200,2,"LINK_TORSO_YAW",0.302500,0.200000,0.019700,20.000000,0.000000,0.000000,20.000000,0.000000,0.000000,0.000000,0.000000,0.012160,0.000000,0.910900,19.910030,0.045570,-1.894365,20.000000
0.322300,2,"LINK_TORSO_YAW",0.302500,0.200000,0.019800,20.000000,0.000000,0.000000,20.000000,0.000000,0.000000,0.000000,0.000000,0.012160,0.000000,0.910900,19.909773,0.045588,-1.897065,20.000000
0.322400,2,"LINK_TORSO_YAW",0.302500,0.200000,0.019900,20.000000,0.000000,0.000000,20.000000,0.000000,0.000000,0.000000,0.000000,0.012160,0.000000,0.910900,19.909516,0.045605,-1.899764,20.000000
0.322500,2,"LINK_TORSO_YAW",0.302500,0.200000,0.020000,20.000000,0.000000,0.000000,20.000000,0.000000,0.000000,0.000000,0.000000,0.012160,0.000000,0.910900,19.909258,0.045623,-1.902463,20.000000
0.322600,2,"LINK_TORSO_YAW",0.302500,0.200000,0.020100,20.000000,0.000000,0.000000,20.000000,0.000000,0.000000,0.000000,0.000000,0.012160,0.000000,0.910900,19.909000,0.045641,-1.905163,20.000000
0.322700,2,"LINK_TORSO_YAW",0.302500,0.200000,0.020200,20.000000,0.000000,0.000000,20.000000,0.000000,0.000000,0.000000,0.000000,0.012160,0.000000,0.910900,19.908741,0.045659,-1.907863,20.000000
0.322800,2,"LINK_TORSO_YAW",0.302500,0.200000,0.020300,20.000000,0.000000,0.000000,20.000000,0.000000,0.000000,0.000000,0.000000,0.012160,0.000000,0.910900,19.908482,0.045677,-1.910565,20.000000
0.322900,2,"LINK_TORSO_YAW",0.302500,0.200000,0.020400,20.000000,0.000000,0.000000,20.000000,0.000000,0.000000,0.000000,0.000000,0.012160,0.000000,0.910900,19.908222,0.045695,-1.913269,20.000000
0.323000,2,"LINK_TORSO_YAW",0.302500,0.200000,0.020500,20.000000,0.000000,0.000000,20.000000,0.000000,0.000000,0.000000,0.000000,0.012160,0.000000,0.910900,19.907962,0.045712,-1.915974,20.000000
0.323100,2,"LINK_TORSO_YAW",0.302500,0.200000,0.020600,20.000000,0.000000,0.000000,20.000000,0.000000,0.000000,0.000000,0.000000,0.012160,0.000000,0.910900,19.907701,0.045730,-1.918682,20.000000
0.323200,2,"LINK_TORSO_YAW",0.302500,0.200000,0.020700,20.000000,0.000000,0.000000,20.000000,0.000000,0.000000,0.000000,0.000000,0.012160,0.000000,0.910900,19.907440,0.045747,-1.921393,20.000000
0.323300,2,"LINK_TORSO_YAW",0.302500,0.200000,0.020800,20.000000,0.000000,0.000000,20.000000,0.000000,0.000000,0.000000,0.000000,0.012160,0.000000,0.910900,19.907178,0.045764,-1.924104,20.000000
0.323400,2,"LINK_TORSO_YAW",0.302500,0.200000,0.020900,20.000000,0.000000,0.000000,20.000000,0.000000,0.000000,0.000000,0.000000,0.012160,0.000000,0.910900,19.906916,0.045780,-1.926815,20.000000
0.323500,2,"LINK_TORSO_YAW",0.302500,0.200000,0.021000,20.000000,0.000000,0.000000,20.000000,0.000000,0.000000,0.000000,0.000000,0.012160,0.000000,0.910900,19.906653,0.045796,-1.929527,20.000000
0.323600,2,"LINK_TORSO_YAW",0.302500,0.200000,0.021100,20.000000,0.000000,0.000000,20.000000,0.000000,0.000000,0.000000,0.000000,0.012160,0.000000,0.910900,19.906390,0.045811,-1.932238,20.000000
0.323700,2,"LINK_TORSO_YAW",0.302500,0.200000,0.021200,20.000000,0.000000,0.000000,20.000000,0.000000,0.000000,0.000000,0.000000,0.012160,0.000000,0.910900,19.906126,0.045826,-1.934951,20.000000
0.323800,2,"LINK_TORSO_YAW",0.302500,0.200000,0.021300,20.000000,0.000000,0.000000,20.000000,0.000000,0.000000,0.000000,0.000000,0.012160,0.000000,0.910900,19.905862,0.045841,-1.937665,20.000000
0.323900,2,"LINK_TORSO_YAW",0.302500,0.200000,0.021400,20.000000,0.000000,0.000000,20.000000,0.000000,0.000000,0.000000,0.000000,0.012160,0.000000,0.910900,19.905598,0.045856,-1.940380,20.000000
0.324000,2,"LINK_TORSO_YAW",0.302500,0.200000,0.021500,20.000000,0.000000,0.000000,20.000000,0.000000,0.000000,0.000000,0.000000,0.012160,0.000000,0.910900,19.905333,0.045871,-1.943098,20.000000
0.324100,2,"LINK_TORSO_YAW",0.302500,0.200000,0.021600,20.000000,0.000000,0.000000,20.000000,0.000000,0.000000,0.000000,0.000000,0.012160,0.000000,0.910900,19.905067,0.045886,-1.945818,20.000000
0.324200,2,"LINK_TORSO_YAW",0.302500,0.200000,0.021700,20.000000,0.000000,0.000000,20.000000,0.000000,0.000000,0.000000,0.000000,0.012160,0.000000,0.910900,19.904800,0.045901,-1.948541,20.000000
0.324300,2,"LINK_TORSO_YAW",0.302500,0.200000,0.021800,20.000000,0.000000,0.000000,20.000000,0.000000,0.000000,0.000000,0.000000,0.012160,0.000000,0.910900,19.904534,0.045916,-1.951263,20.000000
0.324400,2,"LINK_TORSO_YAW",0.302500,0.200000,0.021900,20.000000,0.000000,0.000000,20.000000,0.000000,0.000000,0.000000,0.000000,0.012160,0.000000,0.910900,19.904267,0.045932,-1.953985,20.000000
0.324500,2,"LINK_TORSO_YAW",0.302500,0.200000,0.022000,20.000000,0.000000,0.000000,20.000000,0.000000,0.000000,0.000000,0.000000,0.012160,0.000000,0.910900,19.903999,0.045949,-1.956706,20.000000
0.324600,2,"LINK_TORSO_YAW",0.302500,0.200000,0.022100,20.000000,0.000000,0.000000,20.000000,0.000000,0.000000,0.000000,0.000000,0.012160,0.000000,0.910900,19.903731,0.045966,-1.959429,20.000000
0.324700,2,"LINK_TORSO_YAW",0.302500,0.200000,0.022200,20.000000,0.000000,0.000000,20.000000,0.000000,0.000000,0.000000,0.000000,0.012160,0.000000,0.910900,19.903463,0.045984,-1.962152,20.000000
0.324800,2,"LINK_TORSO_YAW",0.302500,0.200000,0.022300,20.000000,0.000000,0.000000,20.000000,0.000000,0.000000,0.000000,0.000000,0.012160,0.000000,0.910900,19.903194,0.046002,-1.964877,20.000000
0.324900,2,"LINK_TORSO_YAW",0.302500,0.200000,0.022400,20.000000,0.000000,0.000000,20.000000,0.000000,0.000000,0.000000,0.000000,0.012160,0.000000,0.910900,19.902925,0.046020,-1.967603,20.000000
0.325000,2,"LINK_TORSO_YAW",0.302500,0.200000,0.022500,20.000000,0.000000,0.000000,20.000000,0.000000,0.000000,0.000000,0.000000,0.012160,0.000000,0.910900,19.902655,0.046039,-1.970331,20.000000
0.325100,2,"LINK_TORSO_YAW",0.302500,0.200000,0.022600,20.000000,0.000000,0.000000,20.000000,0.000000,0.000000,0.000000,0.000000,0.012160,0.000000,0.910900,19.902384,0.046057,-1.973062,20.000000
0.325200,2,"LINK_TORSO_YAW",0.302500,0.200000,0.022700,20.000000,0.000000,0.000000,20.000000,0.000000,0.000000,0.000000,0.000000,0.012160,0.000000,0.910900,19.902113,0.046076,-1.975796,20.000000
0.325300,2,"LINK_TORSO_YAW",0.302500,0.200000,0.022800,20.000000,0.000000,0.000000,20.000000,0.000000,0.000000,0.000000,0.000000,0.012160,0.000000,0.910900,19.901841,0.046095,-1.978533,20.000000
0.325400,2,"LINK_TORSO_YAW",0.302500,0.200000,0.022900,20.000000,0.000000,0.000000,20.000000,0.000000,0.000000,0.000000,0.000000,0.012160,0.000000,0.910900,19.901569,0.046113,-1.981269,20.000000
0.325500,2,"LINK_TORSO_YAW",0.302500,0.200000,0.023000,20.000000,0.000000,0.000000,20.000000,0.000000,0.000000,0.000000,0.000000,0.012160,0.000000,0.910900,19.901296,0.046132,-1.984005,20.000000
0.325600,2,"LINK_TORSO_YAW",0.302500,0.200000,0.023100,20.000000,0.000000,0.000000,20.000000,0.000000,0.000000,0.000000,0.000000,0.012160,0.000000,0.910900,19.901023,0.046150,-1.986741,20.000000
0.325700,2,"LINK_TORSO_YAW",0.302500,0.200000,0.023200,20.000000,0.000000,0.000000,20.000000,0.000000,0.000000,0.000000,0.000000,0.012160,0.000000,0.910900,19.900750,0.046168,-1.989478,20.000000
0.325800,2,"LINK_TORSO_YAW",0.302500,0.200000,0.023300,20.000000,0.000000,0.000000,20.000000,0.000000,0.000000,0.000000,0.000000,0.012160,0.000000,0.910900,19.900476,0.046187,-1.992215,20.000000
0.325900,2,"LINK_TORSO_YAW",0.302500,0.200000,0.023400,20.000000,0.000000,0.000000,20.000000,0.000000,0.000000,0.000000,0.000000,0.012160,0.000000,0.910900,19.900202,0.046205,-1.994954,20.000000
0.326000,2,"LINK_TORSO_YAW",0.302500,0.200000,0.023500,20.000000,0.000000,0.000000,20.000000,0.000000,0.000000,0.000000,0.000000,0.012160,0.000000,0.910900,19.899927,0.046224,-1.997694,20.000000
0.326100,2,"LINK_TORSO_YAW",0.302500,0.200000,0.023600,20.000000,0.000000,0.000000,20.000000,0.000000,0.000000,0.000000,0.000000,0.012160,0.000000,0.910900,19.899651,0.046243,-2.000436,20.000000
0.326200,2,"LINK_TORSO_YAW",0.302500,0.200000,0.023700,20.000000,0.000000,0.000000,20.000000,0.000000,0.000000,0.000000,0.000000,0.012160,0.000000,0.910900,19.899375,0.046262,-2.003181,20.000000
0.326300,2,"LINK_TORSO_YAW",0.302500,0.200000,0.023800,20.000000,0.000000,0.000000,20.000000,0.000000,0.000000,0.000000,0.000000,0.012160,0.000000,0.910900,19.899098,0.046281,-2.005929,20.000000
0.326400,2,"LINK_TORSO_YAW",0.302500,0.200000,0.023900,20.000000,0.000000,0.000000,20.000000,0.000000,0.000000,0.000000,0.000000,0.012160,0.000000,0.910900,19.898821,0.046300,-2.008680,20.000000
0.326500,2,"LINK_TORSO_YAW",0.302500,0.200000,0.024000,20.000000,0.000000,0.000000,20.000000,0.000000,0.000000,0.000000,0.000000,0.012160,0.000000,0.910900,19.898542,0.046319,-2.011435,20.000000
0.326600,2,"LINK_TORSO_YAW",0.302500,0.200000,0.024100,20.000000,0.000000,0.000000,20.000000,0.000000,0.000000,0.000000,0.000000,0.012160,0.000000,0.910900,19.898264,0.046337,-2.014189,20.000000
0.326700,2,"LINK_TORSO_YAW",0.302500,0.200000,0.024200,20.000000,0.000000,0.000000,20.000000,0.000000,0.000000,0.000000,0.000000,0.012160,0.000000,0.910900,19.897985,0.046354,-2.016943,20.000000
0.326800,2,"LINK_TORSO_YAW",0.302500,0.200000,0.024300,20.000000,0.000000,0.000000,20.000000,0.000000,0.000000,0.000000,0.000000,0.012160,0.000000,0.910900,19.897705,0.046371,-2.019698,20.000000
0.326900,2,"LINK_TORSO_YAW",0.302500,0.200000,0.024400,20.000000,0.000000,0.000000,20.000000,0.000000,0.000000,0.000000,0.000000,0.012160,0.000000,0.910900,19.897425,0.046388,-2.022453,20.000000
0.327000,2,"LINK_TORSO_YAW",0.302500,0.200000,0.024500,20.000000,0.000000,0.000000,20.000000,0.000000,0.000000,0.000000,0.000000,0.012160,0.000000,0.910900,19.897145,0.046405,-2.025209,20.000000
0.327100,2,"LINK_TORSO_YAW",0.302500,0.200000,0.024600,20.000000,0.000000,0.000000,20.000000,0.000000,0.000000,0.000000,0.000000,0.012160,0.000000,0.910900,19.896864,0.046422,-2.027967,20.000000
0.327200,2,"LINK_TORSO_YAW",0.302500,0.200000,0.024700,20.000000,0.000000,0.000000,20.000000,0.000000,0.000000,0.000000,0.000000,0.012160,0.000000,0.910900,19.896582,0.046440,-2.030726,20.000000
0.327300,2,"LINK_TORSO_YAW",0.302500,0.200000,0.024800,20.000000,0.000000,0.000000,20.000000,0.000000,0.000000,0.000000,0.000000,0.012160,0.000000,0.910900,19.896300,0.046457,-2.033488,20.000000
0.327400,2,"LINK_TORSO_YAW",0.302500,0.200000,0.024900,20.000000,0.000000,0.000000,20.000000,0.000000,0.000000,0.000000,0.000000,0.012160,0.000000,0.910900,19.896018,0.046474,-2.036252,20.000000
0.327500,2,"LINK_TORSO_YAW",0.302500,0.200000,0.025000,20.000000,0.000000,0.000000,20.000000,0.000000,0.000000,0.000000,0.000000,0.012160,0.000000,0.910900,19.895734,0.046491,-2.039019,20.000000
0.327600,2,"LINK_TORSO_YAW",0.302500,0.200000,0.025100,20.000000,0.000000,0.000000,20.000000,0.000000,0.000000,0.000000,0.000000,0.012160,0.000000,0.910900,19.895450,0.046508,-2.041790,20.000000
0.327700,2,"LINK_TORSO_YAW",0.302500,0.200000,0.025200,20.000000,0.000000,0.000000,20.000000,0.000000,0.000000,0.000000,0.000000,0.012160,0.000000,0.910900,19.895166,0.046525,-2.044559,20.000000
0.327800,2,"LINK_TORSO_YAW",0.302500,0.200000,0.025300,20.000000,0.000000,0.000000,20.000000,0.000000,0.000000,0.000000,0.000000,0.012160,0.000000,0.910900,19.894881,0.046542,-2.047328,20.000000
0.327900,2,"LINK_TORSO_YAW",0.302500,0.200000,0.025400,20.000000,0.000000,0.000000,20.000000,0.000000,0.000000,0.000000,0.000000,0.012160,0.000000,0.910900,19.894596,0.046560,-2.050096,20.000000
0.328000,2,"LINK_TORSO_YAW",0.302500,0.200000,0.025500,20.000000,0.000000,0.000000,20.000000,0.000000,0.000000,0.000000,0.000000,0.012160,0.000000,0.910900,19.894310,0.046577,-2.052866,20.000000
0.328100,2,"LINK_TORSO_YAW",0.302500,0.200000,0.025600,20.000000,0.000000,0.000000,20.000000,0.000000,0.000000,0.000000,0.000000,0.012160,0.000000,0.910900,19.894024,0.046595,-2.055636,20.000000
0.328200,2,"LINK_TORSO_YAW",0.302500,0.200000,0.025700,20.000000,0.000000,0.000000,20.000000,0.000000,0.000000,0.000000,0.000000,0.012160,0.000000,0.910900,19.893737,0.046612,-2.058407,20.000000
0.328300,2,"LINK_TORSO_YAW",0.302500,0.200000,0.025800,20.000000,0.000000,0.000000,20.000000,0.000000,0.000000,0.000000,0.000000,0.012160,0.000000,0.910900,19.893450,0.046630,-2.061180,20.000000
0.328400,2,"LINK_TORSO_YAW",0.302500,0.200000,0.025900,20.000000,0.000000,0.000000,20.000000,0.000000,0.000000,0.000000,0.000000,0.012160,0.000000,0.910900,19.893162,0.046649,-2.063956,20.000000
0.328500,2,"LINK_TORSO_YAW",0.302500,0.200000,0.026000,20.000000,0.000000,0.000000,20.000000,0.000000,0.000000,0.000000,0.000000,0.012160,0.000000,0.910900,19.892874,0.046669,-2.066734,20.000000
0.328600,2,"LINK_TORSO_YAW",0.302500,0.200000,0.026100,20.000000,0.000000,0.000000,20.000000,0.000000,0.000000,0.000000,0.000000,0.012160,0.000000,0.910900,19.892585,0.046689,-2.069516,20.000000
0.328700,2,"LINK_TORSO_YAW",0.302500,0.200000,0.026200,20.000000,0.000000,0.000000,20.000000,0.000000,0.000000,0.000000,0.000000,0.012160,0.000000,0.910900,19.892295,0.046709,-2.072301,20.000000
0.328800,2,"LINK_TORSO_YAW",0.302500,0.200000,0.026300,20.000000,0.000000,0.000000,20.000000,0.000000,0.000000,0.000000,0.000000,0.012160,0.000000,0.910900,19.892004,0.046730,-2.075085,20.000000
0.328900,2,"LINK_TORSO_YAW",0.302500,0.200000,0.026400,20.000000,0.000000,0.000000,20.000000,0.000000,0.000000,0.000000,0.000000,0.012160,0.000000,0.910900,19.891714,0.046750,-2.077869,20.000000
0.329000,2,"LINK_TORSO_YAW",0.302500,0.200000,0.026500,20.000000,0.000000,0.000000,20.000000,0.000000,0.000000,0.000000,0.000000,0.012160,0.000000,0.910900,19.891423,0.046770,-2.080652,20.000000
0.329100,2,"LINK_TORSO_YAW",0.302500,0.200000,0.026600,20.000000,0.000000,0.000000,20.000000,0.000000,0.000000,0.000000,0.000000,0.012160,0.000000,0.910900,19.891131,0.046790,-2.083436,20.000000
0.329200,2,"LINK_TORSO_YAW",0.302500,0.200000,0.026700,20.000000,0.000000,0.000000,20.000000,0.000000,0.000000,0.000000,0.000000,0.012160,0.000000,0.910900,19.890839,0.046811,-2.086221,20.000000
0.329300,2,"LINK_TORSO_YAW",0.302500,0.200000,0.026800,20.000000,0.000000,0.000000,20.000000,0.000000,0.000000,0.000000,0.000000,0.012160,0.000000,0.910900,19.890547,0.046831,-2.089007,20.000000
0.329400,2,"LINK_TORSO_YAW",0.302500,0.200000,0.026900,20.000000,0.000000,0.000000,20.000000,0.000000,0.000000,0.000000,0.000000,0.012160,0.000000,0.910900,19.890254,0.046851,-2.091794,20.000000
0.329500,2,"LINK_TORSO_YAW",0.302500,0.200000,0.027000,20.000000,0.000000,0.000000,20.000000,0.000000,0.000000,0.000000,0.000000,0.012160,0.000000,0.910900,19.889960,0.046871,-2.094584,20.000000
0.329600,2,"LINK_TORSO_YAW",0.302500,0.200000,0.027100,20.000000,0.000000,0.000000,20.000000,0.000000,0.000000,0.000000,0.000000,0.012160,0.000000,0.910900,19.889666,0.046891,-2.097376,20.000000
0.329700,2,"LINK_TORSO_YAW",0.302500,0.200000,0.027200,20.000000,0.000000,0.000000,20.000000,0.000000,0.000000,0.000000,0.000000,0.012160,0.000000,0.910900,19.889371,0.046911,-2.100171,20.000000
0.329800,2,"LINK_TORSO_YAW",0.302500,0.200000,0.027300,20.000000,0.000000,0.000000,20.000000,0.000000,0.000000,0.000000,0.000000,0.012160,0.000000,0.910900,19.889075,0.046930,-2.102970,20.000000
0.329900,2,"LINK_TORSO_YAW",0.302500,0.200000,0.027400,20.000000,0.000000,0.000000,20.000000,0.000000,0.000000,0.000000,0.000000,0.012160,0.000000,0.910900,19.888779,0.046949,-2.105767,20.000000
0.330000,2,"LINK_TORSO_YAW",0.302500,0.200000,0.027500,20.000000,0.000000,0.000000,20.000000,0.000000,0.000000,0.000000,0.000000,0.012160,0.000000,0.910900,19.888483,0.046968,-2.108564,20.000000
0.330100,2,"LINK_TORSO_YAW",0.302500,0.200000,0.027600,20.000000,0.000000,0.000000,20.000000,0.000000,0.000000,0.000000,0.000000,0.012160,0.000000,0.910900,19.888186,0.046987,-2.111361,20.000000
0.330200,2,"LINK_TORSO_YAW",0.302500,0.200000,0.027700,20.000000,0.000000,0.000000,20.000000,0.000000,0.000000,0.000000,0.000000,0.012160,0.000000,0.910900,19.887889,0.047006,-2.114159,20.000000
0.330300,2,"LINK_TORSO_YAW",0.302500,0.200000,0.027800,20.000000,0.000000,0.000000,20.000000,0.000000,0.000000,0.000000,0.000000,0.012160,0.000000,0.910900,19.887591,0.047024,-2.116957,20.000000
0.330400,2,"LINK_TORSO_YAW",0.302500,0.200000,0.027900,20.000000,0.000000,0.000000,20.000000,0.000000,0.000000,0.000000,0.000000,0.012160,0.000000,0.910900,19.887293,0.047044,-2.119757,20.000000
0.330500,2,"LINK_TORSO_YAW",0.302500,0.200000,0.028000,20.000000,0.000000,0.000000,20.000000,0.000000,0.000000,0.000000,0.000000,0.012160,0.000000,0.910900,19.886994,0.047063,-2.122559,20.000000
0.330600,2,"LINK_TORSO_YAW",0.302500,0.200000,0.028100,20.000000,0.000000,0.000000,20.000000,0.000000,0.000000,0.000000,0.000000,0.012160,0.000000,0.910900,19.886694,0.047082,-2.125364,20.000000
0.330700,2,"LINK_TORSO_YAW",0.302500,0.200000,0.028200,20.000000,0.000000,0.000000,20.000000,0.000000,0.000000,0.000000,0.000000,0.012160,0.000000,0.910900,19.886394,0.047100,-2.128171,20.000000
0.330800,2,"LINK_TORSO_YAW",0.302500,0.200000,0.028300,20.000000,0.000000,0.000000,20.000000,0.000000,0.000000,0.000000,0.000000,0.012160,0.000000,0.910900,19.886093,0.047118,-2.130982,20.000000
0.330900,2,"LINK_TORSO_YAW",0.302500,0.200000,0.028400,20.000000,0.000000,0.000000,20.000000,0.000000,0.000000,0.000000,0.000000,0.012160,0.000000,0.910900,19.885791,0.047136,-2.133796,20.000000
0.331000,2,"LINK_TORSO_YAW",0.302500,0.200000,0.028500,20.000000,0.000000,0.000000,20.000000,0.000000,0.000000,0.000000,0.000000,0.012160,0.000000,0.910900,19.885489,0.047154,-2.136614,20.000000
0.331100,2,"LINK_TORSO_YAW",0.302500,0.200000,0.028600,20.000000,0.000000,0.000000,20.000000,0.000000,0.000000,0.000000,0.000000,0.012160,0.000000,0.910900,19.885186,0.047171,-2.139432,20.000000
0.331200,2,"LINK_TORSO_YAW",0.302500,0.200000,0.028700,20.000000,0.000000,0.000000,20.000000,0.000000,0.000000,0.000000,0.000000,0.012160,0.000000,0.910900,19.884882,0.047188,-2.142249,20.000000
0.331300,2,"LINK_TORSO_YAW",0.302500,0.200000,0.028800,20.000000,0.000000,0.000000,20.000000,0.000000,0.000000,0.000000,0.000000,0.012160,0.000000,0.910900,19.884578,0.047205,-2.145067,20.000000
0.331400,2,"LINK_TORSO_YAW",0.302500,0.200000,0.028900,20.000000,0.000000,0.000000,20.000000,0.000000,0.000000,0.000000,0.000000,0.012160,0.000000,0.910900,19.884274,0.047223,-2.147885,20.000000
0.331500,2,"LINK_TORSO_YAW",0.302500,0.200000,0.029000,20.000000,0.000000,0.000000,20.000000,0.000000,0.000000,0.000000,0.000000,0.012160,0.000000,0.910900,19.883969,0.047242,-2.150704,20.000000
0.331600,2,"LINK_TORSO_YAW",0.302500,0.200000,0.029100,20.000000,0.000000,0.000000,20.000000,0.000000,0.000000,0.000000,0.000000,0.012160,0.000000,0.910900,19.883664,0.047260,-2.153524,20.000000
0.331700,2,"LINK_TORSO_YAW",0.302500,0.200000,0.029200,20.000000,0.000000,0.000000,20.000000,0.000000,0.000000,0.000000,0.000000,0.012160,0.000000,0.910900,19.883358,0.047279,-2.156345,20.000000
0.331800,2,"LINK_TORSO_YAW",0.302500,0.200000,0.029300,20.000000,0.000000,0.000000,20.000000,0.000000,0.000000,0.000000,0.000000,0.012160,0.000000,0.910900,19.883052,0.047298,-2.159169,20.000000
0.331900,2,"LINK_TORSO_YAW",0.302500,0.200000,0.029400,20.000000,0.000000,0.000000,20.000000,0.000000,0.000000,0.000000,0.000000,0.012160,0.000000,0.910900,19.882745,0.047316,-2.161995,20.000000
0.332000,2,"LINK_TORSO_YAW",0.302500,0.200000,0.029500,20.000000,0.000000,0.000000,20.000000,0.000000,0.000000,0.000000,0.000000,0.012160,0.000000,0.910900,19.882437,0.047335,-2.164824,20.000000
0.332100,2,"LINK_TORSO_YAW",0.302500,0.200000,0.029600,20.000000,0.000000,0.000000,20.000000,0.000000,0.000000,0.000000,0.000000,0.012160,0.000000,0.910900,19.882128,0.047354,-2.167656,20.000000
0.332200,2,"LINK_TORSO_YAW",0.302500,0.200000,0.029700,20.000000,0.000000,0.000000,20.000000,0.000000,0.000000,0.000000,0.000000,0.012160,0.000000,0.910900,19.881819,0.047372,-2.170487,20.000000
0.332300,2,"LINK_TORSO_YAW",0.302500,0.200000,0.029800,20.000000,0.000000,0.000000,20.000000,0.000000,0.000000,0.000000,0.000000,0.012160,0.000000,0.910900,19.881510,0.047391,-2.173317,20.000000
0.332400,2,"LINK_TORSO_YAW",0.302500,0.200000,0.029900,20.000000,0.000000,0.000000,20.000000,0.000000,0.000000,0.000000,0.000000,0.012160,0.000000,0.910900,19.881201,0.047410,-2.176147,20.000000
0.332500,2,"LINK_TORSO_YAW",0.302500,0.200000,0.030000,20.000000,0.000000,0.000000,20.000000,0.000000,0.000000,0.000000,0.000000,0.012160,0.000000,0.910900,19.880891,0.047429,-2.178977,20.000000
0.332600,2,"LINK_TORSO_YAW",0.302500,0.200000,0.030100,20.000000,0.000000,0.000000,20.000000,0.000000,0.000000,0.000000,0.000000,0.012160,0.000000,0.910900,19.880580,0.047448,-2.181809,20.000000
0.332700,2,"LINK_TORSO_YAW",0.302500,0.200000,0.030200,20.000000,0.000000,0.000000,20.000000,0.000000,0.000000,0.000000,0.000000,0.012160,0.000000,0.910900,19.880269,0.047468,-2.184642,20.000000
0.332800,2,"LINK_TORSO_YAW",0.302500,0.200000,0.030300,20.000000,0.000000,0.000000,20.000000,0.000000,0.000000,0.000000,0.000000,0.012160,0.000000,0.910900,19.879957,0.047488,-2.187476,20.000000
0.332900,2,"LINK_TORSO_YAW",0.302500,0.200000,0.030400,20.000000,0.000000,0.000000,20.000000,0.000000,0.000000,0.000000,0.000000,0.012160,0.000000,0.910900,19.879645,0.047507,-2.190313,20.000000
0.333000,2,"LINK_TORSO_YAW",0.302500,0.200000,0.030500,20.000000,0.000000,0.000000,20.000000,0.000000,0.000000,0.000000,0.000000,0.012160,0.000000,0.910900,19.879332,0.047527,-2.193151,20.000000
0.333100,2,"LINK_TORSO_YAW",0.302500,0.200000,0.030600,20.000000,0.000000,0.000000,20.000000,0.000000,0.000000,0.000000,0.000000,0.012160,0.000000,0.910900,19.879018,0.047547,-2.195993,20.000000
0.333200,2,"LINK_TORSO_YAW",0.302500,0.200000,0.030700,20.000000,0.000000,0.000000,20.000000,0.000000,0.000000,0.000000,0.000000,0.012160,0.000000,0.910900,19.878703,0.047566,-2.198838,20.000000
0.333300,2,"LINK_TORSO_YAW",0.302500,0.200000,0.030800,20.000000,0.000000,0.000000,20.000000,0.000000,0.000000,0.000000,0.000000,0.012160,0.000000,0.910900,19.878388,0.047586,-2.201684,20.000000
0.333400,2,"LINK_TORSO_YAW",0.302500,0.200000,0.030900,20.000000,0.000000,0.000000,20.000000,0.000000,0.000000,0.000000,0.000000,0.012160,0.000000,0.910900,19.878073,0.047606,-2.204529,20.000000
0.333500,2,"LINK_TORSO_YAW",0.302500,0.200000,0.031000,20.000000,0.000000,0.000000,20.000000,0.000000,0.000000,0.000000,0.000000,0.012160,0.000000,0.910900,19.877757,0.047626,-2.207373,20.000000
0.333600,2,"LINK_TORSO_YAW",0.302500,0.200000,0.031100,20.000000,0.000000,0.000000,20.000000,0.000000,0.000000,0.000000,0.000000,0.012160,0.000000,0.910900,19.877441,0.047646,-2.210218,20.000000
0.333700,2,"LINK_TORSO_YAW",0.302500,0.200000,0.031200,20.000000,0.000000,0.000000,20.000000,0.000000,0.000000,0.000000,0.000000,0.012160,0.000000,0.910900,19.877124,0.047665,-2.213065,20.000000
0.333800,2,"LINK_TORSO_YAW",0.302500,0.200000,0.031300,20.000000,0.000000,0.000000,20.000000,0.000000,0.000000,0.000000,0.000000,0.012160,0.000000,0.910900,19.876807,0.047685,-2.215912,20.000000
0.333900,2,"LINK_TORSO_YAW",0.302500,0.200000,0.031400,20.000000,0.000000,0.000000,20.000000,0.000000,0.000000,0.000000,0.000000,0.012160,0.000000,0.910900,19.876489,0.047704,-2.218761,20.000000
0.334000,2,"LINK_TORSO_YAW",0.302500,0.200000,0.031500,20.000000,0.000000,0.000000,20.000000,0.000000,0.000000,0.000000,0.000000,0.012160,0.000000,0.910900,19.876171,0.047723,-2.221613,20.000000
0.334100,2,"LINK_TORSO_YAW",0.302500,0.200000,0.031600,20.000000,0.000000,0.000000,20.000000,0.000000,0.000000,0.000000,0.000000,0.012160,0.000000,0.910900,19.875851,0.047742,-2.224467,20.000000
0.334200,2,"LINK_TORSO_YAW",0.302500,0.200000,0.031700,20.000000,0.000000,0.000000,20.000000,0.000000,0.000000,0.000000,0.000000,0.012160,0.000000,0.910900,19.875531,0.047761,-2.227325,20.000000
0.334300,2,"LINK_TORSO_YAW",0.302500,0.200000,0.031800,20.000000,0.000000,0.000000,20.000000,0.000000,0.000000,0.000000,0.000000,0.012160,0.000000,0.910900,19.875210,0.047780,-2.230185,20.000000
0.334400,2,"LINK_TORSO_YAW",0.302500,0.200000,0.031900,20.000000,0.000000,0.000000,20.000000,0.000000,0.000000,0.000000,0.000000,0.012160,0.000000,0.910900,19.874889,0.047799,-2.233045,20.000000
0.334500,2,"LINK_TORSO_YAW",0.302500,0.200000,0.032000,20.000000,0.000000,0.000000,20.000000,0.000000,0.000000,0.000000,0.000000,0.012160,0.000000,0.910900,19.874568,0.047819,-2.235904,20.000000
0.334600,2,"LINK_TORSO_YAW",0.302500,0.200000,0.032100,20.000000,0.000000,0.000000,20.000000,0.000000,0.000000,0.000000,0.000000,0.012160,0.000000,0.910900,19.874246,0.047838,-2.238764,20.000000
0.334700,2,"LINK_TORSO_YAW",0.302500,0.200000,0.032200,20.000000,0.000000,0.000000,20.000000,0.000000,0.000000,0.000000,0.000000,0.012160,0.000000,0.910900,19.873923,0.047858,-2.241624,20.000000
0.334800,2,"LINK_TORSO_YAW",0.302500,0.200000,0.032300,20.000000,0.000000,0.000000,20.000000,0.000000,0.000000,0.000000,0.000000,0.012160,0.000000,0.910900,19.873600,0.047877,-2.244485,20.000000
0.334900,2,"LINK_TORSO_YAW",0.302500,0.200000,0.032400,20.000000,0.000000,0.000000,20.000000,0.000000,0.000000,0.000000,0.000000,0.012160,0.000000,0.910900,19.873277,0.047897,-2.247348,20.000000
0.335000,2,"LINK_TORSO_YAW",0.302500,0.200000,0.032500,20.000000,0.000000,0.000000,20.000000,0.000000,0.000000,0.000000,0.000000,0.012160,0.000000,0.910900,19.872953,0.047916,-2.250212,20.000000
0.335100,2,"LINK_TORSO_YAW",0.302500,0.200000,0.032600,20.000000,0.000000,0.000000,20.000000,0.000000,0.000000,0.000000,0.000000,0.012160,0.000000,0.910900,19.872628,0.047936,-2.253078,20.000000
0.335200,2,"LINK_TORSO_YAW",0.302500,0.200000,0.032700,20.000000,0.000000,0.000000,20.000000,0.000000,0.000000,0.000000,0.000000,0.012160,0.000000,0.910900,19.872302,0.047955,-2.255947,20.000000
0.335300,2,"LINK_TORSO_YAW",0.302500,0.200000,0.032800,20.000000,0.000000,0.000000,20.000000,0.000000,0.000000,0.000000,0.000000,0.012160,0.000000,0.910900,19.871976,0.047974,-2.258819,20.000000
0.335400,2,"LINK_TORSO_YAW",0.302500,0.200000,0.032900,20.000000,0.000000,0.000000,20.000000,0.000000,0.000000,0.000000,0.000000,0.012160,0.000000,0.910900,19.871649,0.047993,-2.261694,20.000000
0.335500,2,"LINK_TORSO_YAW",0.302500,0.200000,0.033000,20.000000,0.000000,0.000000,20.000000,0.000000,0.000000,0.000000,0.000000,0.012160,0.000000,0.910900,19.871322,0.048013,-2.264569,20.000000
0.335600,2,"LINK_TORSO_YAW",0.302500,0.200000,0.033100,20.000000,0.000000,0.000000,20.000000,0.000000,0.000000,0.000000,0.000000,0.012160,0.000000,0.910900,19.870994,0.048032,-2.267442,20.000000
0.335700,2,"LINK_TORSO_YAW",0.302500,0.200000,0.033200,20.000000,0.000000,0.000000,20.000000,0.000000,0.000000,0.000000,0.000000,0.012160,0.000000,0.910900,19.870666,0.048050,-2.270316,20.000000
0.335800,2,"LINK_TORSO_YAW",0.302500,0.200000,0.033300,20.000000,0.000000,0.000000,20.000000,0.000000,0.000000,0.000000,0.000000,0.012160,0.000000,0.910900,19.870337,0.048068,-2.273191,20.000000
0.335900,2,"LINK_TORSO_YAW",0.302500,0.200000,0.033400,20.000000,0.000000,0.000000,20.000000,0.000000,0.000000,0.000000,0.000000,0.012160,0.000000,0.910900,19.870008,0.048085,-2.276066,20.000000
0.336000,2,"LINK_TORSO_YAW",0.302500,0.200000,0.033500,20.000000,0.000000,0.000000,20.000000,0.000000,0.000000,0.000000,0.000000,0.012160,0.000000,0.910900,19.869678,0.048102,-2.278943,20.000000
0.336100,2,"LINK_TORSO_YAW",0.302500,0.200000,0.033600,20.000000,0.000000,0.000000,20.000000,0.000000,0.000000,0.000000,0.000000,0.012160,0.000000,0.910900,19.869348,0.048118,-2.281822,20.000000
0.336200,2,"LINK_TORSO_YAW",0.302500,0.200000,0.033700,20.000000,0.000000,0.000000,20.000000,0.000000,0.000000,0.000000,0.000000,0.012160,0.000000,0.910900,19.869016,0.048135,-2.284703,20.000000
0.336300,2,"LINK_TORSO_YAW",0.302500,0.200000,0.033800,20.000000,0.000000,0.000000,20.000000,0.000000,0.000000,0.000000,0.000000,0.012160,0.000000,0.910900,19.868685,0.048151,-2.287587,20.000000
0.336400,2,"LINK_TORSO_YAW",0.302500,0.200000,0.033900,20.000000,0.000000,0.000000,20.000000,0.000000,0.000000,0.000000,0.000000,0.012160,0.000000,0.910900,19.868352,0.048168,-2.290473,20.000000
0.336500,2,"LINK_TORSO_YAW",0.302500,0.200000,0.034000,20.000000,0.000000,0.000000,20.000000,0.000000,0.000000,0.000000,0.000000,0.012160,0.000000,0.910900,19.868019,0.048185,-2.293358,20.000000
0.336600,2,"LINK_TORSO_YAW",0.302500,0.200000,0.034100,20.000000,0.000000,0.000000,20.000000,0.000000,0.000000,0.000000,0.000000,0.012160,0.000000,0.910900,19.867686,0.048203,-2.296243,20.000000
0.336700,2,"LINK_TORSO_YAW",0.302500,0.200000,0.034200,20.000000,0.000000,0.000000,20.000000,0.000000,0.000000,0.000000,0.000000,0.012160,0.000000,0.910900,19.867352,0.048222,-2.299129,20.000000
0.336800,2,"LINK_TORSO_YAW",0.302500,0.200000,0.034300,20.000000,0.000000,0.000000,20.000000,0.000000,0.000000,0.000000,0.000000,0.012160,0.000000,0.910900,19.867018,0.048242,-2.302015,20.000000
0.336900,2,"LINK_TORSO_YAW",0.302500,0.200000,0.034400,20.000000,0.000000,0.000000,20.000000,0.000000,0.000000,0.000000,0.000000,0.012160,0.000000,0.910900,19.866683,0.048262,-2.304901,20.000000
0.337000,2,"LINK_TORSO_YAW",0.302500,0.200000,0.034500,20.000000,0.000000,0.000000,20.000000,0.000000,0.000000,0.000000,0.000000,0.012160,0.000000,0.910900,19.866348,0.048281,-2.307790,20.000000
0.337100,2,"LINK_TORSO_YAW",0.302500,0.200000,0.034600,20.000000,0.000000,0.000000,20.000000,0.000000,0.000000,0.000000,0.000000,0.012160,0.000000,0.910900,19.866012,0.048301,-2.310680,20.000000
0.337200,2,"LINK_TORSO_YAW",0.302500,0.200000,0.034700,20.000000,0.000000,0.000000,20.000000,0.000000,0.000000,0.000000,0.000000,0.012160,0.000000,0.910900,19.865675,0.048320,-2.313572,20.000000
0.337300,2,"LINK_TORSO_YAW",0.302500,0.200000,0.034800,20.000000,0.000000,0.000000,20.000000,0.000000,0.000000,0.000000,0.000000,0.012160,0.000000,0.910900,19.865338,0.048340,-2.316466,20.000000
0.337400,2,"LINK_TORSO_YAW",0.302500,0.200000,0.034900,20.000000,0.000000,0.000000,20.000000,0.000000,0.000000,0.000000,0.000000,0.012160,0.000000,0.910900,19.865000,0.048359,-2.319363,20.000000
0.337500,2,"LINK_TORSO_YAW",0.302500,0.200000,0.035000,20.000000,0.000000,0.000000,20.000000,0.000000,0.000000,0.000000,0.000000,0.012160,0.000000,0.910900,19.864661,0.048379,-2.322264,20.000000
0.337600,2,"LINK_TORSO_YAW",0.302500,0.200000,0.035100,20.000000,0.000000,0.000000,20.000000,0.000000,0.000000,0.000000,0.000000,0.012160,0.000000,0.910900,19.864322,0.048399,-2.325163,20.000000
0.337700,2,"LINK_TORSO_YAW",0.302500,0.200000,0.035200,20.000000,0.000000,0.000000,20.000000,0.000000,0.000000,0.000000,0.000000,0.012160,0.000000,0.910900,19.863982,0.048419,-2.328062,20.000000
0.337800,2,"LINK_TORSO_YAW",0.302500,0.200000,0.035300,20.000000,0.000000,0.000000,20.000000,0.000000,0.000000,0.000000,0.000000,0.012160,0.000000,0.910900,19.863642,0.048438,-2.330961,20.000000
0.337900,2,"LINK_TORSO_YAW",0.302500,0.200000,0.035400,20.000000,0.000000,0.000000,20.000000,0.000000,0.000000,0.000000,0.000000,0.012160,0.000000,0.910900,19.863301,0.048457,-2.333861,20.000000
0.338000,2,"LINK_TORSO_YAW",0.302500,0.200000,0.035500,20.000000,0.000000,0.000000,20.000000,0.000000,0.000000,0.000000,0.000000,0.012160,0.000000,0.910900,19.862960,0.048477,-2.336761,20.000000
0.338100,2,"LINK_TORSO_YAW",0.302500,0.200000,0.035600,20.000000,0.000000,0.000000,20.000000,0.000000,0.000000,0.000000,0.000000,0.012160,0.000000,0.910900,19.862619,0.048496,-2.339663,20.000000
0.338200,2,"LINK_TORSO_YAW",0.302500,0.200000,0.035700,20.000000,0.000000,0.000000,20.000000,0.000000,0.000000,0.000000,0.000000,0.012160,0.000000,0.910900,19.862277,0.048516,-2.342566,20.000000
0.338300,2,"LINK_TORSO_YAW",0.302500,0.200000,0.035800,20.000000,0.000000,0.000000,20.000000,0.000000,0.000000,0.000000,0.000000,0.012160,0.000000,0.910900,19.861934,0.048536,-2.345472,20.000000
0.338400,2,"LINK_TORSO_YAW",0.302500,0.200000,0.035900,20.000000,0.000000,0.000000,20.000000,0.000000,0.000000,0.000000,0.000000,0.012160,0.000000,0.910900,19.861590,0.048556,-2.348380,20.000000
0.338500,2,"LINK_TORSO_YAW",0.302500,0.200000,0.036000,20.000000,0.000000,0.000000,20.000000,0.000000,0.000000,0.000000,0.000000,0.012160,0.000000,0.910900,19.861245,0.048577,-2.351291,20.000000
0.338600,2,"LINK_TORSO_YAW",0.302500,0.200000,0.036100,20.000000,0.000000,0.000000,20.000000,0.000000,0.000000,0.000000,0.000000,0.012160,0.000000,0.910900,19.860900,0.048597,-2.354205,20.000000
0.338700,2,"LINK_TORSO_YAW",0.302500,0.200000,0.036200,20.000000,0.000000,0.000000,20.000000,0.000000,0.000000,0.000000,0.000000,0.012160,0.000000,0.910900,19.860554,0.048618,-2.357123,20.000000
0.338800,2,"LINK_TORSO_YAW",0.302500,0.200000,0.036300,20.000000,0.000000,0.000000,20.000000,0.000000,0.000000,0.000000,0.000000,0.012160,0.000000,0.910900,19.860208,0.048638,-2.360040,20.000000
0.338900,2,"LINK_TORSO_YAW",0.302500,0.200000,0.036400,20.000000,0.000000,0.000000,20.000000,0.000000,0.000000,0.000000,0.000000,0.012160,0.000000,0.910900,19.859861,0.048659,-2.362957,20.000000
0.339000,2,"LINK_TORSO_YAW",0.302500,0.200000,0.036500,20.000000,0.000000,0.000000,20.000000,0.000000,0.000000,0.000000,0.000000,0.012160,0.000000,0.910900,19.859513,0.048680,-2.365873,20.000000
0.339100,2,"LINK_TORSO_YAW",0.302500,0.200000,0.036600,20.000000,0.000000,0.000000,20.000000,0.000000,0.000000,0.000000,0.000000,0.012160,0.000000,0.910900,19.859166,0.048701,-2.368791,20.000000
0.339200,2,"LINK_TORSO_YAW",0.302500,0.200000,0.036700,20.000000,0.000000,0.000000,20.000000,0.000000,0.000000,0.000000,0.000000,0.012160,0.000000,0.910900,19.858817,0.048723,-2.371709,20.000000
0.339300,2,"LINK_TORSO_YAW",0.302500,0.200000,0.036800,20.000000,0.000000,0.000000,20.000000,0.000000,0.000000,0.000000,0.000000,0.012160,0.000000,0.910900,19.858468,0.048745,-2.374629,20.000000
0.339400,2,"LINK_TORSO_YAW",0.302500,0.200000,0.036900,20.000000,0.000000,0.000000,20.000000,0.000000,0.000000,0.000000,0.000000,0.012160,0.000000,0.910900,19.858119,0.048766,-2.377551,20.000000
0.339500,2,"LINK_TORSO_YAW",0.302500,0.200000,0.037000,20.000000,0.000000,0.000000,20.000000,0.000000,0.000000,0.000000,0.000000,0.012160,0.000000,0.910900,19.857768,0.048788,-2.380475,20.000000
0.339600,2,"LINK_TORSO_YAW",0.302500,0.200000,0.037100,20.000000,0.000000,0.000000,20.000000,0.000000,0.000000,0.000000,0.000000,0.012160,0.000000,0.910900,19.857417,0.048809,-2.383401,20.000000
0.339700,2,"LINK_TORSO_YAW",0.302500,0.200000,0.037200,20.000000,0.000000,0.000000,20.000000,0.000000,0.000000,0.000000,0.000000,0.012160,0.000000,0.910900,19.857065,0.048829,-2.386331,20.000000
0.339800,2,"LINK_TORSO_YAW",0.302500,0.200000,0.037300,20.000000,0.000000,0.000000,20.000000,0.000000,0.000000,0.000000,0.000000,0.012160,0.000000,0.910900,19.856713,0.048849,-2.389259,20.000000
0.339900,2,"LINK_TORSO_YAW",0.302500,0.200000,0.037400,20.000000,0.000000,0.000000,20.000000,0.000000,0.000000,0.000000,0.000000,0.012160,0.000000,0.910900,19.856360,0.048868,-2.392188,20.000000
0.340000,2,"LINK_TORSO_YAW",0.302500,0.200000,0.037500,20.000000,0.000000,0.000000,20.000000,0.000000,0.000000,0.000000,0.000000,0.012160,0.000000,0.910900,19.856007,0.048888,-2.395117,20.000000
0.340100,2,"LINK_TORSO_YAW",0.302500,0.200000,0.037600,20.000000,0.000000,0.000000,20.000000,0.000000,0.000000,0.000000,0.000000,0.012160,0.000000,0.910900,19.855654,0.048907,-2.398047,20.000000
0.340200,2,"LINK_TORSO_YAW",0.302500,0.200000,0.037700,20.000000,0.000000,0.000000,20.000000,0.000000,0.000000,0.000000,0.000000,0.012160,0.000000,0.910900,19.855299,0.048926,-2.400978,20.000000
0.340300,2,"LINK_TORSO_YAW",0.302500,0.200000,0.037800,20.000000,0.000000,0.000000,20.000000,0.000000,0.000000,0.000000,0.000000,0.012160,0.000000,0.910900,19.854944,0.048945,-2.403911,20.000000
0.340400,2,"LINK_TORSO_YAW",0.302500,0.200000,0.037900,20.000000,0.000000,0.000000,20.000000,0.000000,0.000000,0.000000,0.000000,0.012160,0.000000,0.910900,19.854589,0.048964,-2.406845,20.000000
0.340500,2,"LINK_TORSO_YAW",0.302500,0.200000,0.038000,20.000000,0.000000,0.000000,20.000000,0.000000,0.000000,0.000000,0.000000,0.012160,0.000000,0.910900,19.854233,0.048983,-2.409781,20.000000
0.340600,2,"LINK_TORSO_YAW",0.302500,0.200000,0.038100,20.000000,0.000000,0.000000,20.000000,0.000000,0.000000,0.000000,0.000000,0.012160,0.000000,0.910900,19.853876,0.049002,-2.412719,20.000000
0.340700,2,"LINK_TORSO_YAW",0.302500,0.200000,0.038200,20.000000,0.000000,0.000000,20.000000,0.000000,0.000000,0.000000,0.000000,0.012160,0.000000,0.910900,19.853518,0.049020,-2.415661,20.000000
0.340800,2,"LINK_TORSO_YAW",0.302500,0.200000,0.038300,20.000000,0.000000,0.000000,20.000000,0.000000,0.000000,0.000000,0.000000,0.012160,0.000000,0.910900,19.853160,0.049039,-2.418605,20.000000
0.340900,2,"LINK_TORSO_YAW",0.302500,0.200000,0.038400,20.000000,0.000000,0.000000,20.000000,0.000000,0.000000,0.000000,0.000000,0.012160,0.000000,0.910900,19.852800,0.049057,-2.421555,20.000000
0.341000,2,"LINK_TORSO_YAW",0.302500,0.200000,0.038500,20.000000,0.000000,0.000000,20.000000,0.000000,0.000000,0.000000,0.000000,0.012160,0.000000,0.910900,19.852440,0.049076,-2.424503,20.000000
0.341100,2,"LINK_TORSO_YAW",0.302500,0.200000,0.038600,20.000000,0.000000,0.000000,20.000000,0.000000,0.000000,0.000000,0.000000,0.012160,0.000000,0.910900,19.852080,0.049095,-2.427450,20.000000
0.341200,2,"LINK_TORSO_YAW",0.302500,0.200000,0.038700,20.000000,0.000000,0.000000,20.000000,0.000000,0.000000,0.000000,0.000000,0.012160,0.000000,0.910900,19.851719,0.049113,-2.430398,20.000000
0.341300,2,"LINK_TORSO_YAW",0.302500,0.200000,0.038800,20.000000,0.000000,0.000000,20.000000,0.000000,0.000000,0.000000,0.000000,0.012160,0.000000,0.910900,19.851358,0.049132,-2.433345,20.000000
0.341400,2,"LINK_TORSO_YAW",0.302500,0.200000,0.038900,20.000000,0.000000,0.000000,20.000000,0.000000,0.000000,0.000000,0.000000,0.012160,0.000000,0.910900,19.850996,0.049150,-2.436294,20.000000
0.341500,2,"LINK_TORSO_YAW",0.302500,0.200000,0.039000,20.000000,0.000000,0.000000,20.000000,0.000000,0.000000,0.000000,0.000000,0.012160,0.000000,0.910900,19.850634,0.049169,-2.439244,20.000000
0.341600,2,"LINK_TORSO_YAW",0.302500,0.200000,0.039100,20.000000,0.000000,0.000000,20.000000,0.000000,0.000000,0.000000,0.000000,0.012160,0.000000,0.910900,19.850271,0.049188,-2.442195,20.000000
0.341700,2,"LINK_TORSO_YAW",0.302500,0.200000,0.039200,20.000000,0.000000,0.000000,20.000000,0.000000,0.000000,0.000000,0.000000,0.012160,0.000000,0.910900,19.849908,0.049207,-2.445148,20.000000
0.341800,2,"LINK_TORSO_YAW",0.302500,0.200000,0.039300,20.000000,0.000000,0.000000,20.000000,0.000000,0.000000,0.000000,0.000000,0.012160,0.000000,0.910900,19.849543,0.049226,-2.448104,20.000000
0.341900,2,"LINK_TORSO_YAW",0.302500,0.200000,0.039400,20.000000,0.000000,0.000000,20.000000,0.000000,0.000000,0.000000,0.000000,0.012160,0.000000,0.910900,19.849178,0.049246,-2.451063,20.000000
0.342000,2,"LINK_TORSO_YAW",0.302500,0.200000,0.039500,20.000000,0.000000,0.000000,20.000000,0.000000,0.000000,0.000000,0.000000,0.012160,0.000000,0.910900,19.848812,0.049265,-2.454025,20.000000
0.342100,2,"LINK_TORSO_YAW",0.302500,0.200000,0.039600,20.000000,0.000000,0.000000,20.000000,0.000000,0.000000,0.000000,0.000000,0.012160,0.000000,0.910900,19.848446,0.049285,-2.456986,20.000000
0.342200,2,"LINK_TORSO_YAW",0.302500,0.200000,0.039700,20.000000,0.000000,0.000000,20.000000,0.000000,0.000000,0.000000,0.000000,0.012160,0.000000,0.910900,19.848079,0.049305,-2.459947,20.000000
0.342300,2,"LINK_TORSO_YAW",0.302500,0.200000,0.039800,20.000000,0.000000,0.000000,20.000000,0.000000,0.000000,0.000000,0.000000,0.012160,0.000000,0.910900,19.847712,0.049326,-2.462907,20.000000
0.342400,2,"LINK_TORSO_YAW",0.302500,0.200000,0.039900,20.000000,0.000000,0.000000,20.000000,0.000000,0.000000,0.000000,0.000000,0.012160,0.000000,0.910900,19.847344,0.049346,-2.465869,20.000000
0.342500,2,"LINK_TORSO_YAW",0.302500,0.200000,0.040000,20.000000,0.000000,0.000000,20.000000,0.000000,0.000000,0.000000,0.000000,0.012160,0.000000,0.910900,19.846975,0.049366,-2.468831,20.000000
0.342600,2,"LINK_TORSO_YAW",0.302500,0.200000,0.040100,20.000000,0.000000,0.000000,20.000000,0.000000,0.000000,0.000000,0.000000,0.012160,0.000000,0.910900,19.846607,0.049386,-2.471795,20.000000
0.342700,2,"LINK_TORSO_YAW",0.302500,0.200000,0.040200,20.000000,0.000000,0.000000,20.000000,0.000000,0.000000,0.000000,0.000000,0.012160,0.000000,0.910900,19.846237,0.049406,-2.474760,20.000000
0.342800,2,"LINK_TORSO_YAW",0.302500,0.200000,0.040300,20.000000,0.000000,0.000000,20.000000,0.000000,0.000000,0.000000,0.000000,0.012160,0.000000,0.910900,19.845867,0.049428,-2.477728,20.000000
0.342900,2,"LINK_TORSO_YAW",0.302500,0.200000,0.040400,20.000000,0.000000,0.000000,20.000000,0.000000,0.000000,0.000000,0.000000,0.012160,0.000000,0.910900,19.845495,0.049449,-2.480699,20.000000
0.343000,2,"LINK_TORSO_YAW",0.302500,0.200000,0.040500,20.000000,0.000000,0.000000,20.000000,0.000000,0.000000,0.000000,0.000000,0.012160,0.000000,0.910900,19.845123,0.049472,-2.483673,20.000000
0.343100,2,"LINK_TORSO_YAW",0.302500,0.200000,0.040600,20.000000,0.000000,0.000000,20.000000,0.000000,0.000000,0.000000,0.000000,0.012160,0.000000,0.910900,19.844750,0.049494,-2.486651,20.000000
0.343200,2,"LINK_TORSO_YAW",0.302500,0.200000,0.040700,20.000000,0.000000,0.000000,20.000000,0.000000,0.000000,0.000000,0.000000,0.012160,0.000000,0.910900,19.844377,0.049516,-2.489629,20.000000
0.343300,2,"LINK_TORSO_YAW",0.302500,0.200000,0.040800,20.000000,0.000000,0.000000,20.000000,0.000000,0.000000,0.000000,0.000000,0.012160,0.000000,0.910900,19.844003,0.049537,-2.492606,20.000000
0.343400,2,"LINK_TORSO_YAW",0.302500,0.200000,0.040900,20.000000,0.000000,0.000000,20.000000,0.000000,0.000000,0.000000,0.000000,0.012160,0.000000,0.910900,19.843629,0.049557,-2.495584,20.000000
0.343500,2,"LINK_TORSO_YAW",0.302500,0.200000,0.041000,20.000000,0.000000,0.000000,20.000000,0.000000,0.000000,0.000000,0.000000,0.012160,0.000000,0.910900,19.843254,0.049578,-2.498562,20.000000
0.343600,2,"LINK_TORSO_YAW",0.302500,0.200000,0.041100,20.000000,0.000000,0.000000,20.000000,0.000000,0.000000,0.000000,0.000000,0.012160,0.000000,0.910900,19.842879,0.049598,-2.501541,20.000000
0.343700,2,"LINK_TORSO_YAW",0.302500,0.200000,0.041200,20.000000,0.000000,0.000000,20.000000,0.000000,0.000000,0.000000,0.000000,0.012160,0.000000,0.910900,19.842503,0.049618,-2.504521,20.000000
0.343800,2,"LINK_TORSO_YAW",0.302500,0.200000,0.041300,20.000000,0.000000,0.000000,20.000000,0.000000,0.000000,0.000000,0.000000,0.012160,0.000000,0.910900,19.842126,0.049639,-2.507503,20.000000
0.343900,2,"LINK_TORSO_YAW",0.302500,0.200000,0.041400,20.000000,0.000000,0.000000,20.000000,0.000000,0.000000,0.000000,0.000000,0.012160,0.000000,0.910900,19.841749,0.049660,-2.510487,20.000000
0.344000,2,"LINK_TORSO_YAW",0.302500,0.200000,0.041500,20.000000,0.000000,0.000000,20.000000,0.000000,0.000000,0.000000,0.000000,0.012160,0.000000,0.910900,19.841371,0.049680,-2.513473,20.000000
0.344100,2,"LINK_TORSO_YAW",0.302500,0.200000,0.041600,20.000000,0.000000,0.000000,20.000000,0.000000,0.000000,0.000000,0.000000,0.012160,0.000000,0.910900,19.840992,0.049701,-2.516463,20.000000
0.344200,2,"LINK_TORSO_YAW",0.302500,0.200000,0.041700,20.000000,0.000000,0.000000,20.000000,0.000000,0.000000,0.000000,0.000000,0.012160,0.000000,0.910900,19.840612,0.049722,-2.519455,20.000000
0.344300,2,"LINK_TORSO_YAW",0.302500,0.200000,0.041800,20.000000,0.000000,0.000000,20.000000,0.000000,0.000000,0.000000,0.000000,0.012160,0.000000,0.910900,19.840232,0.049743,-2.522446,20.000000
0.344400,2,"LINK_TORSO_YAW",0.302500,0.200000,0.041900,20.000000,0.000000,0.000000,20.000000,0.000000,0.000000,0.000000,0.000000,0.012160,0.000000,0.910900,19.839851,0.049764,-2.525437,20.000000
0.344500,2,"LINK_TORSO_YAW",0.302500,0.200000,0.042000,20.000000,0.000000,0.000000,20.000000,0.000000,0.000000,0.000000,0.000000,0.012160,0.000000,0.910900,19.839470,0.049785,-2.528428,20.000000
0.344600,2,"LINK_TORSO_YAW",0.302500,0.200000,0.042100,20.000000,0.000000,0.000000,20.000000,0.000000,0.000000,0.000000,0.000000,0.012160,0.000000,0.910900,19.839089,0.049805,-2.531419,20.000000
0.344700,2,"LINK_TORSO_YAW",0.302500,0.200000,0.042200,20.000000,0.000000,0.000000,20.000000,0.000000,0.000000,0.000000,0.000000,0.012160,0.000000,0.910900,19.838707,0.049826,-2.534410,20.000000
0.344800,2,"LINK_TORSO_YAW",0.302500,0.200000,0.042300,20.000000,0.000000,0.000000,20.000000,0.000000,0.000000,0.000000,0.000000,0.012160,0.000000,0.910900,19.838324,0.049848,-2.537404,20.000000
0.344900,2,"LINK_TORSO_YAW",0.302500,0.200000,0.042400,20.000000,0.000000,0.000000,20.000000,0.000000,0.000000,0.000000,0.000000,0.012160,0.000000,0.910900,19.837941,0.049869,-2.540398,20.000000
0.345000,2,"LINK_TORSO_YAW",0.302500,0.200000,0.042500,20.000000,0.000000,0.000000,20.000000,0.000000,0.000000,0.000000,0.000000,0.012160,0.000000,0.910900,19.837557,0.049891,-2.543395,20.000000
0.345100,2,"LINK_TORSO_YAW",0.302500,0.200000,0.042600,20.000000,0.000000,0.000000,20.000000,0.000000,0.000000,0.000000,0.000000,0.012160,0.000000,0.910900,19.837172,0.049912,-2.546394,20.000000
0.345200,2,"LINK_TORSO_YAW",0.302500,0.200000,0.042700,20.000000,0.000000,0.000000,20.000000,0.000000,0.000000,0.000000,0.000000,0.012160,0.000000,0.910900,19.836786,0.049934,-2.549396,20.000000
0.345300,2,"LINK_TORSO_YAW",0.302500,0.200000,0.042800,20.000000,0.000000,0.000000,20.000000,0.000000,0.000000,0.000000,0.000000,0.012160,0.000000,0.910900,19.836400,0.049955,-2.552400,20.000000
0.345400,2,"LINK_TORSO_YAW",0.302500,0.200000,0.042900,20.000000,0.000000,0.000000,20.000000,0.000000,0.000000,0.000000,0.000000,0.012160,0.000000,0.910900,19.836013,0.049977,-2.555404,20.000000
0.345500,2,"LINK_TORSO_YAW",0.302500,0.200000,0.043000,20.000000,0.000000,0.000000,20.000000,0.000000,0.000000,0.000000,0.000000,0.012160,0.000000,0.910900,19.835626,0.049998,-2.558408,20.000000
0.345600,2,"LINK_TORSO_YAW",0.302500,0.200000,0.043100,20.000000,0.000000,0.000000,20.000000,0.000000,0.000000,0.000000,0.000000,0.012160,0.000000,0.910900,19.835238,0.050018,-2.561411,20.000000
0.345700,2,"LINK_TORSO_YAW",0.302500,0.200000,0.043200,20.000000,0.000000,0.000000,20.000000,0.000000,0.000000,0.000000,0.000000,0.012160,0.000000,0.910900,19.834850,0.050039,-2.564416,20.000000
0.345800,2,"LINK_TORSO_YAW",0.302500,0.200000,0.043300,20.000000,0.000000,0.000000,20.000000,0.000000,0.000000,0.000000,0.000000,0.012160,0.000000,0.910900,19.834461,0.050058,-2.567422,20.000000
0.345900,2,"LINK_TORSO_YAW",0.302500,0.200000,0.043400,20.000000,0.000000,0.000000,20.000000,0.000000,0.000000,0.000000,0.000000,0.012160,0.000000,0.910900,19.834071,0.050078,-2.570429,20.000000
0.346000,2,"LINK_TORSO_YAW",0.302500,0.200000,0.043500,20.000000,0.000000,0.000000,20.000000,0.000000,0.000000,0.000000,0.000000,0.012160,0.000000,0.910900,19.833681,0.050098,-2.573438,20.000000
0.346100,2,"LINK_TORSO_YAW",0.302500,0.200000,0.043600,20.000000,0.000000,0.000000,20.000000,0.000000,0.000000,0.000000,0.000000,0.012160,0.000000,0.910900,19.833290,0.050117,-2.576449,20.000000
0.346200,2,"LINK_TORSO_YAW",0.302500,0.200000,0.043700,20.000000,0.000000,0.000000,20.000000,0.000000,0.000000,0.000000,0.000000,0.012160,0.000000,0.910900,19.832898,0.050136,-2.579462,20.000000
0.346300,2,"LINK_TORSO_YAW",0.302500,0.200000,0.043800,20.000000,0.000000,0.000000,20.000000,0.000000,0.000000,0.000000,0.000000,0.012160,0.000000,0.910900,19.832506,0.050155,-2.582479,20.000000
0.346400,2,"LINK_TORSO_YAW",0.302500,0.200000,0.043900,20.000000,0.000000,0.000000,20.000000,0.000000,0.000000,0.000000,0.000000,0.012160,0.000000,0.910900,19.832112,0.050176,-2.585499,20.000000
0.346500,2,"LINK_TORSO_YAW",0.302500,0.200000,0.044000,20.000000,0.000000,0.000000,20.000000,0.000000,0.000000,0.000000,0.000000,0.012160,0.000000,0.910900,19.831718,0.050196,-2.588519,20.000000
0.346600,2,"LINK_TORSO_YAW",0.302500,0.200000,0.044100,20.000000,0.000000,0.000000,20.000000,0.000000,0.000000,0.000000,0.000000,0.012160,0.000000,0.910900,19.831324,0.050217,-2.591538,20.000000
0.346700,2,"LINK_TORSO_YAW",0.302500,0.200000,0.044200,20.000000,0.000000,0.000000,20.000000,0.000000,0.000000,0.000000,0.000000,0.012160,0.000000,0.910900,19.830929,0.050237,-2.594559,20.000000
0.346800,2,"LINK_TORSO_YAW",0.302500,0.200000,0.044300,20.000000,0.000000,0.000000,20.000000,0.000000,0.000000,0.000000,0.000000,0.012160,0.000000,0.910900,19.830533,0.050259,-2.597580,20.000000
0.346900,2,"LINK_TORSO_YAW",0.302500,0.200000,0.044400,20.000000,0.000000,0.000000,20.000000,0.000000,0.000000,0.000000,0.000000,0.012160,0.000000,0.910900,19.830137,0.050281,-2.600602,20.000000
0.347000,2,"LINK_TORSO_YAW",0.302500,0.200000,0.044500,20.000000,0.000000,0.000000,20.000000,0.000000,0.000000,0.000000,0.000000,0.012160,0.000000,0.910900,19.829740,0.050303,-2.603626,20.000000
0.347100,2,"LINK_TORSO_YAW",0.302500,0.200000,0.044600,20.000000,0.000000,0.000000,20.000000,0.000000,0.000000,0.000000,0.000000,0.012160,0.000000,0.910900,19.829343,0.050325,-2.606651,20.000000
0.347200,2,"LINK_TORSO_YAW",0.302500,0.200000,0.044700,20.000000,0.000000,0.000000,20.000000,0.000000,0.000000,0.000000,0.000000,0.012160,0.000000,0.910900,19.828945,0.050347,-2.609679,20.000000
0.347300,2,"LINK_TORSO_YAW",0.302500,0.200000,0.044800,20.000000,0.000000,0.000000,20.000000,0.000000,0.000000,0.000000,0.000000,0.012160,0.000000,0.910900,19.828546,0.050369,-2.612708,20.000000
0.347400,2,"LINK_TORSO_YAW",0.302500,0.200000,0.044900,20.000000,0.000000,0.000000,20.000000,0.000000,0.000000,0.000000,0.000000,0.012160,0.000000,0.910900,19.828146,0.050390,-2.615741,20.000000
0.347500,2,"LINK_TORSO_YAW",0.302500,0.200000,0.045000,20.000000,0.000000,0.000000,20.000000,0.000000,0.000000,0.000000,0.000000,0.012160,0.000000,0.910900,19.827745,0.050411,-2.618776,20.000000
0.347600,2,"LINK_TORSO_YAW",0.302500,0.200000,0.045100,20.000000,0.000000,0.000000,20.000000,0.000000,0.000000,0.000000,0.000000,0.012160,0.000000,0.910900,19.827343,0.050433,-2.621815,20.000000
0.347700,2,"LINK_TORSO_YAW",0.302500,0.200000,0.045200,20.000000,0.000000,0.000000,20.000000,0.000000,0.000000,0.000000,0.000000,0.012160,0.000000,0.910900,19.826941,0.050453,-2.624854,20.000000
0.347800,2,"LINK_TORSO_YAW",0.302500,0.200000,0.045300,20.000000,0.000000,0.000000,20.000000,0.000000,0.000000,0.000000,0.000000,0.012160,0.000000,0.910900,19.826539,0.050474,-2.627892,20.000000
0.347900,2,"LINK_TORSO_YAW",0.302500,0.200000,0.045400,20.000000,0.000000,0.000000,20.000000,0.000000,0.000000,0.000000,0.000000,0.012160,0.000000,0.910900,19.826136,0.050494,-2.630930,20.000000
0.348000,2,"LINK_TORSO_YAW",0.302500,0.200000,0.045500,20.000000,0.000000,0.000000,20.000000,0.000000,0.000000,0.000000,0.000000,0.012160,0.000000,0.910900,19.825732,0.050514,-2.633968,20.000000
0.348100,2,"LINK_TORSO_YAW",0.302500,0.200000,0.045600,20.000000,0.000000,0.000000,20.000000,0.000000,0.000000,0.000000,0.000000,0.012160,0.000000,0.910900,19.825328,0.050534,-2.637007,20.000000
0.348200,2,"LINK_TORSO_YAW",0.302500,0.200000,0.045700,20.000000,0.000000,0.000000,20.000000,0.000000,0.000000,0.000000,0.000000,0.012160,0.000000,0.910900,19.824924,0.050554,-2.640047,20.000000
0.348300,2,"LINK_TORSO_YAW",0.302500,0.200000,0.045800,20.000000,0.000000,0.000000,20.000000,0.000000,0.000000,0.000000,0.000000,0.012160,0.000000,0.910900,19.824518,0.050573,-2.643089,20.000000
0.348400,2,"LINK_TORSO_YAW",0.302500,0.200000,0.045900,20.000000,0.000000,0.000000,20.000000,0.000000,0.000000,0.000000,0.000000,0.012160,0.000000,0.910900,19.824112,0.050593,-2.646133,20.000000
0.348500,2,"LINK_TORSO_YAW",0.302500,0.200000,0.046000,20.000000,0.000000,0.000000,20.000000,0.000000,0.000000,0.000000,0.000000,0.012160,0.000000,0.910900,19.823705,0.050612,-2.649180,20.000000
0.348600,2,"LINK_TORSO_YAW",0.302500,0.200000,0.046100,20.000000,0.000000,0.000000,20.000000,0.000000,0.000000,0.000000,0.000000,0.012160,0.000000,0.910900,19.823297,0.050632,-2.652229,20.000000
0.348700,2,"LINK_TORSO_YAW",0.302500,0.200000,0.046200,20.000000,0.000000,0.000000,20.000000,0.000000,0.000000,0.000000,0.000000,0.012160,0.000000,0.910900,19.822889,0.050651,-2.655282,20.000000
0.348800,2,"LINK_TORSO_YAW",0.302500,0.200000,0.046300,20.000000,0.000000,0.000000,20.000000,0.000000,0.000000,0.000000,0.000000,0.012160,0.000000,0.910900,19.822480,0.050670,-2.658333,20.000000
0.348900,2,"LINK_TORSO_YAW",0.302500,0.200000,0.046400,20.000000,0.000000,0.000000,20.000000,0.000000,0.000000,0.000000,0.000000,0.012160,0.000000,0.910900,19.822070,0.050690,-2.661385,20.000000
0.349000,2,"LINK_TORSO_YAW",0.302500,0.200000,0.046500,20.000000,0.000000,0.000000,20.000000,0.000000,0.000000,0.000000,0.000000,0.012160,0.000000,0.910900,19.821660,0.050710,-2.664436,20.000000
0.349100,2,"LINK_TORSO_YAW",0.302500,0.200000,0.046600,20.000000,0.000000,0.000000,20.000000,0.000000,0.000000,0.000000,0.000000,0.012160,0.000000,0.910900,19.821249,0.050731,-2.667489,20.000000
0.349200,2,"LINK_TORSO_YAW",0.302500,0.200000,0.046700,20.000000,0.000000,0.000000,20.000000,0.000000,0.000000,0.000000,0.000000,0.012160,0.000000,0.910900,19.820838,0.050752,-2.670543,20.000000
0.349300,2,"LINK_TORSO_YAW",0.302500,0.200000,0.046800,20.000000,0.000000,0.000000,20.000000,0.000000,0.000000,0.000000,0.000000,0.012160,0.000000,0.910900,19.820426,0.050772,-2.673600,20.000000
0.349400,2,"LINK_TORSO_YAW",0.302500,0.200000,0.046900,20.000000,0.000000,0.000000,20.000000,0.000000,0.000000,0.000000,0.000000,0.012160,0.000000,0.910900,19.820013,0.050792,-2.676659,20.000000
0.349500,2,"LINK_TORSO_YAW",0.302500,0.200000,0.047000,20.000000,0.000000,0.000000,20.000000,0.000000,0.000000,0.000000,0.000000,0.012160,0.000000,0.910900,19.819599,0.050813,-2.679720,20.000000
0.349600,2,"LINK_TORSO_YAW",0.302500,0.200000,0.047100,20.000000,0.000000,0.000000,20.000000,0.000000,0.000000,0.000000,0.000000,0.012160,0.000000,0.910900,19.819185,0.050833,-2.682784,20.000000
0.349700,2,"LINK_TORSO_YAW",0.302500,0.200000,0.047200,20.000000,0.000000,0.000000,20.000000,0.000000,0.000000,0.000000,0.000000,0.012160,0.000000,0.910900,19.818769,0.050854,-2.685851,20.000000
0.349800,2,"LINK_TORSO_YAW",0.302500,0.200000,0.047300,20.000000,0.000000,0.000000,20.000000,0.000000,0.000000,0.000000,0.000000,0.012160,0.000000,0.910900,19.818354,0.050874,-2.688916,20.000000
0.349900,2,"LINK_TORSO_YAW",0.302500,0.200000,0.047400,20.000000,0.000000,0.000000,20.000000,0.000000,0.000000,0.000000,0.000000,0.012160,0.000000,0.910900,19.817937,0.050895,-2.691981,20.000000
0.350000,2,"LINK_TORSO_YAW",0.302500,0.200000,0.047500,20.000000,0.000000,0.000000,20.000000,0.000000,0.000000,0.000000,0.000000,0.012160,0.000000,0.910900,19.817521,0.050915,-2.695046,20.000000
0.350100,2,"LINK_TORSO_YAW",0.302500,0.200000,0.047600,20.000000,0.000000,0.000000,20.000000,0.000000,0.000000,0.000000,0.000000,0.012160,0.000000,0.910900,19.817104,0.050936,-2.698111,20.000000
0.350200,2,"LINK_TORSO_YAW",0.302500,0.200000,0.047700,20.000000,0.000000,0.000000,20.000000,0.000000,0.000000,0.000000,0.000000,0.012160,0.000000,0.910900,19.816686,0.050956,-2.701177,20.000000
0.350300,2,"LINK_TORSO_YAW",0.302500,0.200000,0.047800,20.000000,0.000000,0.000000,20.000000,0.000000,0.000000,0.000000,0.000000,0.012160,0.000000,0.910900,19.816268,0.050977,-2.704245,20.000000
0.350400,2,"LINK_TORSO_YAW",0.302500,0.200000,0.047900,20.000000,0.000000,0.000000,20.000000,0.000000,0.000000,0.000000,0.000000,0.012160,0.000000,0.910900,19.815849,0.050997,-2.707313,20.000000
0.350500,2,"LINK_TORSO_YAW",0.302500,0.200000,0.048000,20.000000,0.000000,0.000000,20.000000,0.000000,0.000000,0.000000,0.000000,0.012160,0.000000,0.910900,19.815429,0.051018,-2.710384,20.000000
0.350600,2,"LINK_TORSO_YAW",0.302500,0.200000,0.048100,20.000000,0.000000,0.000000,20.000000,0.000000,0.000000,0.000000,0.000000,0.012160,0.000000,0.910900,19.815008,0.051039,-2.713457,20.000000
0.350700,2,"LINK_TORSO_YAW",0.302500,0.200000,0.048200,20.000000,0.000000,0.000000,20.000000,0.000000,0.000000,0.000000,0.000000,0.012160,0.000000,0.910900,19.814586,0.051060,-2.716534,20.000000
0.350800,2,"LINK_TORSO_YAW",0.302500,0.200000,0.048300,20.000000,0.000000,0.000000,20.000000,0.000000,0.000000,0.000000,0.000000,0.012160,0.000000,0.910900,19.814164,0.051080,-2.719614,20.000000
0.350900,2,"LINK_TORSO_YAW",0.302500,0.200000,0.048400,20.000000,0.000000,0.000000,20.000000,0.000000,0.000000,0.000000,0.000000,0.012160,0.000000,0.910900,19.813740,0.051100,-2.722698,20.000000
0.351000,2,"LINK_TORSO_YAW",0.302500,0.200000,0.048500,20.000000,0.000000,0.000000,20.000000,0.000000,0.000000,0.000000,0.000000,0.012160,0.000000,0.910900,19.813316,0.051120,-2.725781,20.000000
0.351100,2,"LINK_TORSO_YAW",0.302500,0.200000,0.048600,20.000000,0.000000,0.000000,20.000000,0.000000,0.000000,0.000000,0.000000,0.012160,0.000000,0.910900,19.812892,0.051140,-2.728864,20.000000
0.351200,2,"LINK_TORSO_YAW",0.302500,0.200000,0.048700,20.000000,0.000000,0.000000,20.000000,0.000000,0.000000,0.000000,0.000000,0.012160,0.000000,0.910900,19.812467,0.051159,-2.731946,20.000000
0.351300,2,"LINK_TORSO_YAW",0.302500,0.200000,0.048800,20.000000,0.000000,0.000000,20.000000,0.000000,0.000000,0.000000,0.000000,0.012160,0.000000,0.910900,19.812042,0.051178,-2.735029,20.000000
0.351400,2,"LINK_TORSO_YAW",0.302500,0.200000,0.048900,20.000000,0.000000,0.000000,20.000000,0.000000,0.000000,0.000000,0.000000,0.012160,0.000000,0.910900,19.811616,0.051197,-2.738113,20.000000
0.351500,2,"LINK_TORSO_YAW",0.302500,0.200000,0.049000,20.000000,0.000000,0.000000,20.000000,0.000000,0.000000,0.000000,0.000000,0.012160,0.000000,0.910900,19.811189,0.051216,-2.741197,20.000000
0.351600,2,"LINK_TORSO_YAW",0.302500,0.200000,0.049100,20.000000,0.000000,0.000000,20.000000,0.000000,0.000000,0.000000,0.000000,0.012160,0.000000,0.910900,19.810762,0.051235,-2.744284,20.000000
0.351700,2,"LINK_TORSO_YAW",0.302500,0.200000,0.049200,20.000000,0.000000,0.000000,20.000000,0.000000,0.000000,0.000000,0.000000,0.012160,0.000000,0.910900,19.810334,0.051254,-2.747372,20.000000
0.351800,2,"LINK_TORSO_YAW",0.302500,0.200000,0.049300,20.000000,0.000000,0.000000,20.000000,0.000000,0.000000,0.000000,0.000000,0.012160,0.000000,0.910900,19.809905,0.051274,-2.750463,20.000000
0.351900,2,"LINK_TORSO_YAW",0.302500,0.200000,0.049400,20.000000,0.000000,0.000000,20.000000,0.000000,0.000000,0.000000,0.000000,0.012160,0.000000,0.910900,19.809475,0.051294,-2.753557,20.000000
0.352000,2,"LINK_TORSO_YAW",0.302500,0.200000,0.049500,20.000000,0.000000,0.000000,20.000000,0.000000,0.000000,0.000000,0.000000,0.012160,0.000000,0.910900,19.809044,0.051314,-2.756655,20.000000
0.352100,2,"LINK_TORSO_YAW",0.302500,0.200000,0.049600,20.000000,0.000000,0.000000,20.000000,0.000000,0.000000,0.000000,0.000000,0.012160,0.000000,0.910900,19.808612,0.051335,-2.759753,20.000000
0.352200,2,"LINK_TORSO_YAW",0.302500,0.200000,0.049700,20.000000,0.000000,0.000000,20.000000,0.000000,0.000000,0.000000,0.000000,0.012160,0.000000,0.910900,19.808181,0.051356,-2.762850,20.000000
0.352300,2,"LINK_TORSO_YAW",0.302500,0.200000,0.049800,20.000000,0.000000,0.000000,20.000000,0.000000,0.000000,0.000000,0.000000,0.012160,0.000000,0.910900,19.807748,0.051377,-2.765947,20.000000
0.352400,2,"LINK_TORSO_YAW",0.302500,0.200000,0.049900,20.000000,0.000000,0.000000,20.000000,0.000000,0.000000,0.000000,0.000000,0.012160,0.000000,0.910900,19.807316,0.051398,-2.769044,20.000000
0.352500,2,"LINK_TORSO_YAW",0.302500,0.200000,0.050000,20.000000,0.000000,0.000000,20.000000,0.000000,0.000000,0.000000,0.000000,0.012160,0.000000,0.910900,19.806882,0.051419,-2.772141,20.000000
0.352600,2,"LINK_TORSO_YAW",0.302500,0.200000,0.050100,20.000000,0.000000,0.000000,20.000000,0.000000,0.000000,0.000000,0.000000,0.012160,0.000000,0.910900,19.806448,0.051440,-2.775241,20.000000
0.352700,2,"LINK_TORSO_YAW",0.302500,0.200000,0.050200,20.000000,0.000000,0.000000,20.000000,0.000000,0.000000,0.000000,0.000000,0.012160,0.000000,0.910900,19.806013,0.051462,-2.778343,20.000000
0.352800,2,"LINK_TORSO_YAW",0.302500,0.200000,0.050300,20.000000,0.000000,0.000000,20.000000,0.000000,0.000000,0.000000,0.000000,0.012160,0.000000,0.910900,19.805577,0.051485,-2.781448,20.000000
0.352900,2,"LINK_TORSO_YAW",0.302500,0.200000,0.050400,20.000000,0.000000,0.000000,20.000000,0.000000,0.000000,0.000000,0.000000,0.012160,0.000000,0.910900,19.805141,0.051508,-2.784555,20.000000
0.353000,2,"LINK_TORSO_YAW",0.302500,0.200000,0.050500,20.000000,0.000000,0.000000,20.000000,0.000000,0.000000,0.000000,0.000000,0.012160,0.000000,0.910900,19.804703,0.051531,-2.787665,20.000000
0.353100,2,"LINK_TORSO_YAW",0.302500,0.200000,0.050600,20.000000,0.000000,0.000000,20.000000,0.000000,0.000000,0.000000,0.000000,0.012160,0.000000,0.910900,19.804265,0.051554,-2.790779,20.000000
0.353200,2,"LINK_TORSO_YAW",0.302500,0.200000,0.050700,20.000000,0.000000,0.000000,20.000000,0.000000,0.000000,0.000000,0.000000,0.012160,0.000000,0.910900,19.803826,0.051576,-2.793892,20.000000
0.353300,2,"LINK_TORSO_YAW",0.302500,0.200000,0.050800,20.000000,0.000000,0.000000,20.000000,0.000000,0.000000,0.000000,0.000000,0.012160,0.000000,0.910900,19.803386,0.051599,-2.797005,20.000000
0.353400,2,"LINK_TORSO_YAW",0.302500,0.200000,0.050900,20.000000,0.000000,0.000000,20.000000,0.000000,0.000000,0.000000,0.000000,0.012160,0.000000,0.910900,19.802946,0.051621,-2.800117,20.000000
0.353500,2,"LINK_TORSO_YAW",0.302500,0.200000,0.051000,20.000000,0.000000,0.000000,20.000000,0.000000,0.000000,0.000000,0.000000,0.012160,0.000000,0.910900,19.802506,0.051643,-2.803230,20.000000
0.353600,2,"LINK_TORSO_YAW",0.302500,0.200000,0.051100,20.000000,0.000000,0.000000,20.000000,0.000000,0.000000,0.000000,0.000000,0.012160,0.000000,0.910900,19.802065,0.051666,-2.806344,20.000000
0.353700,2,"LINK_TORSO_YAW",0.302500,0.200000,0.051200,20.000000,0.000000,0.000000,20.000000,0.000000,0.000000,0.000000,0.000000,0.012160,0.000000,0.910900,19.801623,0.051688,-2.809459,20.000000
0.353800,2,"LINK_TORSO_YAW",0.302500,0.200000,0.051300,20.000000,0.000000,0.000000,20.000000,0.000000,0.000000,0.000000,0.000000,0.012160,0.000000,0.910900,19.801180,0.051710,-2.812576,20.000000
0.353900,2,"LINK_TORSO_YAW",0.302500,0.200000,0.051400,20.000000,0.000000,0.000000,20.000000,0.000000,0.000000,0.000000,0.000000,0.012160,0.000000,0.910900,19.800737,0.051732,-2.815695,20.000000
0.354000,2,"LINK_TORSO_YAW",0.302500,0.200000,0.051500,20.000000,0.000000,0.000000,20.000000,0.000000,0.000000,0.000000,0.000000,0.012160,0.000000,0.910900,19.800293,0.051754,-2.818817,20.000000
0.354100,2,"LINK_TORSO_YAW",0.302500,0.200000,0.051600,20.000000,0.000000,0.000000,20.000000,0.000000,0.000000,0.000000,0.000000,0.012160,0.000000,0.910900,19.799848,0.051775,-2.821941,20.000000
0.354200,2,"LINK_TORSO_YAW",0.302500,0.200000,0.051700,20.000000,0.000000,0.000000,20.000000,0.000000,0.000000,0.000000,0.000000,0.012160,0.000000,0.910900,19.799402,0.051796,-2.825068,20.000000
0.354300,2,"LINK_TORSO_YAW",0.302500,0.200000,0.051800,20.000000,0.000000,0.000000,20.000000,0.000000,0.000000,0.000000,0.000000,0.012160,0.000000,0.910900,19.798955,0.051817,-2.828194,20.000000
0.354400,2,"LINK_TORSO_YAW",0.302500,0.200000,0.051900,20.000000,0.000000,0.000000,20.000000,0.000000,0.000000,0.000000,0.000000,0.012160,0.000000,0.910900,19.798508,0.051837,-2.831320,20.000000
0.354500,2,"LINK_TORSO_YAW",0.302500,0.200000,0.052000,20.000000,0.000000,0.000000,20.000000,0.000000,0.000000,0.000000,0.000000,0.012160,0.000000,0.910900,19.798061,0.051857,-2.834447,20.000000
0.354600,2,"LINK_TORSO_YAW",0.302500,0.200000,0.052100,20.000000,0.000000,0.000000,20.000000,0.000000,0.000000,0.000000,0.000000,0.012160,0.000000,0.910900,19.797613,0.051876,-2.837574,20.000000
0.354700,2,"LINK_TORSO_YAW",0.302500,0.200000,0.052200,20.000000,0.000000,0.000000,20.000000,0.000000,0.000000,0.000000,0.000000,0.012160,0.000000,0.910900,19.797164,0.051894,-2.840702,20.000000
0.354800,2,"LINK_TORSO_YAW",0.302500,0.200000,0.052300,20.000000,0.000000,0.000000,20.000000,0.000000,0.000000,0.000000,0.000000,0.012160,0.000000,0.910900,19.796715,0.051912,-2.843831,20.000000
0.354900,2,"LINK_TORSO_YAW",0.302500,0.200000,0.052400,20.000000,0.000000,0.000000,20.000000,0.000000,0.000000,0.000000,0.000000,0.012160,0.000000,0.910900,19.796265,0.051930,-2.846962,20.000000
0.355000,2,"LINK_TORSO_YAW",0.302500,0.200000,0.052500,20.000000,0.000000,0.000000,20.000000,0.000000,0.000000,0.000000,0.000000,0.012160,0.000000,0.910900,19.795814,0.051947,-2.850096,20.000000
0.355100,2,"LINK_TORSO_YAW",0.302500,0.200000,0.052600,20.000000,0.000000,0.000000,20.000000,0.000000,0.000000,0.000000,0.000000,0.012160,0.000000,0.910900,19.795362,0.051964,-2.853231,20.000000
0.355200,2,"LINK_TORSO_YAW",0.302500,0.200000,0.052700,20.000000,0.000000,0.000000,20.000000,0.000000,0.000000,0.000000,0.000000,0.012160,0.000000,0.910900,19.794910,0.051981,-2.856370,20.000000
0.355300,2,"LINK_TORSO_YAW",0.302500,0.200000,0.052800,20.000000,0.000000,0.000000,20.000000,0.000000,0.000000,0.000000,0.000000,0.012160,0.000000,0.910900,19.794456,0.051998,-2.859511,20.000000
0.355400,2,"LINK_TORSO_YAW",0.302500,0.200000,0.052900,20.000000,0.000000,0.000000,20.000000,0.000000,0.000000,0.000000,0.000000,0.012160,0.000000,0.910900,19.794002,0.052015,-2.862652,20.000000
0.355500,2,"LINK_TORSO_YAW",0.302500,0.200000,0.053000,20.000000,0.000000,0.000000,20.000000,0.000000,0.000000,0.000000,0.000000,0.012160,0.000000,0.910900,19.793548,0.052033,-2.865792,20.000000
0.355600,2,"LINK_TORSO_YAW",0.302500,0.200000,0.053100,20.000000,0.000000,0.000000,20.000000,0.000000,0.000000,0.000000,0.000000,0.012160,0.000000,0.910900,19.793093,0.052051,-2.868933,20.000000
0.355700,2,"LINK_TORSO_YAW",0.302500,0.200000,0.053200,20.000000,0.000000,0.000000,20.000000,0.000000,0.000000,0.000000,0.000000,0.012160,0.000000,0.910900,19.792637,0.052070,-2.872074,20.000000
0.355800,2,"LINK_TORSO_YAW",0.302500,0.200000,0.053300,20.000000,0.000000,0.000000,20.000000,0.000000,0.000000,0.000000,0.000000,0.012160,0.000000,0.910900,19.792181,0.052089,-2.875216,20.000000
0.355900,2,"LINK_TORSO_YAW",0.302500,0.200000,0.053400,20.000000,0.000000,0.000000,20.000000,0.000000,0.000000,0.000000,0.000000,0.012160,0.000000,0.910900,19.791724,0.052108,-2.878360,20.000000
0.356000,2,"LINK_TORSO_YAW",0.302500,0.200000,0.053500,20.000000,0.000000,0.000000,20.000000,0.000000,0.000000,0.000000,0.000000,0.012160,0.000000,0.910900,19.791266,0.052127,-2.881505,20.000000
0.356100,2,"LINK_TORSO_YAW",0.302500,0.200000,0.053600,20.000000,0.000000,0.000000,20.000000,0.000000,0.000000,0.000000,0.000000,0.012160,0.000000,0.910900,19.790808,0.052146,-2.884652,20.000000
0.356200,2,"LINK_TORSO_YAW",0.302500,0.200000,0.053700,20.000000,0.000000,0.000000,20.000000,0.000000,0.000000,0.000000,0.000000,0.012160,0.000000,0.910900,19.790348,0.052166,-2.887801,20.000000
0.356300,2,"LINK_TORSO_YAW",0.302500,0.200000,0.053800,20.000000,0.000000,0.000000,20.000000,0.000000,0.000000,0.000000,0.000000,0.012160,0.000000,0.910900,19.789888,0.052187,-2.890953,20.000000
0.356400,2,"LINK_TORSO_YAW",0.302500,0.200000,0.053900,20.000000,0.000000,0.000000,20.000000,0.000000,0.000000,0.000000,0.000000,0.012160,0.000000,0.910900,19.789427,0.052208,-2.894110,20.000000
0.356500,2,"LINK_TORSO_YAW",0.302500,0.200000,0.054000,20.000000,0.000000,0.000000,20.000000,0.000000,0.000000,0.000000,0.000000,0.012160,0.000000,0.910900,19.788965,0.052230,-2.897265,20.000000
0.356600,2,"LINK_TORSO_YAW",0.302500,0.200000,0.054100,20.000000,0.000000,0.000000,20.000000,0.000000,0.000000,0.000000,0.000000,0.012160,0.000000,0.910900,19.788503,0.052251,-2.900420,20.000000
0.356700,2,"LINK_TORSO_YAW",0.302500,0.200000,0.054200,20.000000,0.000000,0.000000,20.000000,0.000000,0.000000,0.000000,0.000000,0.012160,0.000000,0.910900,19.788040,0.052272,-2.903575,20.000000
0.356800,2,"LINK_TORSO_YAW",0.302500,0.200000,0.054300,20.000000,0.000000,0.000000,20.000000,0.000000,0.000000,0.000000,0.000000,0.012160,0.000000,0.910900,19.787577,0.052293,-2.906730,20.000000
0.356900,2,"LINK_TORSO_YAW",0.302500,0.200000,0.054400,20.000000,0.000000,0.000000,20.000000,0.000000,0.000000,0.000000,0.000000,0.012160,0.000000,0.910900,19.787113,0.052313,-2.909886,20.000000
0.357000,2,"LINK_TORSO_YAW",0.302500,0.200000,0.054500,20.000000,0.000000,0.000000,20.000000,0.000000,0.000000,0.000000,0.000000,0.012160,0.000000,0.910900,19.786648,0.052334,-2.913043,20.000000
0.357100,2,"LINK_TORSO_YAW",0.302500,0.200000,0.054600,20.000000,0.000000,0.000000,20.000000,0.000000,0.000000,0.000000,0.000000,0.012160,0.000000,0.910900,19.786183,0.052356,-2.916203,20.000000
0.357200,2,"LINK_TORSO_YAW",0.302500,0.200000,0.054700,20.000000,0.000000,0.000000,20.000000,0.000000,0.000000,0.000000,0.000000,0.012160,0.000000,0.910900,19.785716,0.052378,-2.919364,20.000000
0.357300,2,"LINK_TORSO_YAW",0.302500,0.200000,0.054800,20.000000,0.000000,0.000000,20.000000,0.000000,0.000000,0.000000,0.000000,0.012160,0.000000,0.910900,19.785249,0.052402,-2.922529,20.000000
0.357400,2,"LINK_TORSO_YAW",0.302500,0.200000,0.054900,20.000000,0.000000,0.000000,20.000000,0.000000,0.000000,0.000000,0.000000,0.012160,0.000000,0.910900,19.784781,0.052425,-2.925697,20.000000
0.357500,2,"LINK_TORSO_YAW",0.302500,0.200000,0.055000,20.000000,0.000000,0.000000,20.000000,0.000000,0.000000,0.000000,0.000000,0.012160,0.000000,0.910900,19.784312,0.052448,-2.928868,20.000000
0.357600,2,"LINK_TORSO_YAW",0.302500,0.200000,0.055100,20.000000,0.000000,0.000000,20.000000,0.000000,0.000000,0.000000,0.000000,0.012160,0.000000,0.910900,19.783842,0.052470,-2.932038,20.000000
0.357700,2,"LINK_TORSO_YAW",0.302500,0.200000,0.055200,20.000000,0.000000,0.000000,20.000000,0.000000,0.000000,0.000000,0.000000,0.012160,0.000000,0.910900,19.783372,0.052492,-2.935208,20.000000
0.357800,2,"LINK_TORSO_YAW",0.302500,0.200000,0.055300,20.000000,0.000000,0.000000,20.000000,0.000000,0.000000,0.000000,0.000000,0.012160,0.000000,0.910900,19.782901,0.052513,-2.938378,20.000000
0.357900,2,"LINK_TORSO_YAW",0.302500,0.200000,0.055400,20.000000,0.000000,0.000000,20.000000,0.000000,0.000000,0.000000,0.000000,0.012160,0.000000,0.910900,19.782430,0.052534,-2.941548,20.000000
0.358000,2,"LINK_TORSO_YAW",0.302500,0.200000,0.055500,20.000000,0.000000,0.000000,20.000000,0.000000,0.000000,0.000000,0.000000,0.012160,0.000000,0.910900,19.781958,0.052554,-2.944719,20.000000
0.358100,2,"LINK_TORSO_YAW",0.302500,0.200000,0.055600,20.000000,0.000000,0.000000,20.000000,0.000000,0.000000,0.000000,0.000000,0.012160,0.000000,0.910900,19.781486,0.052575,-2.947891,20.000000
0.358200,2,"LINK_TORSO_YAW",0.302500,0.200000,0.055700,20.000000,0.000000,0.000000,20.000000,0.000000,0.000000,0.000000,0.000000,0.012160,0.000000,0.910900,19.781012,0.052595,-2.951065,20.000000
0.358300,2,"LINK_TORSO_YAW",0.302500,0.200000,0.055800,20.000000,0.000000,0.000000,20.000000,0.000000,0.000000,0.000000,0.000000,0.012160,0.000000,0.910900,19.780538,0.052615,-2.954241,20.000000
0.358400,2,"LINK_TORSO_YAW",0.302500,0.200000,0.055900,20.000000,0.000000,0.000000,20.000000,0.000000,0.000000,0.000000,0.000000,0.012160,0.000000,0.910900,19.780063,0.052635,-2.957419,20.000000
0.358500,2,"LINK_TORSO_YAW",0.302500,0.200000,0.056000,20.000000,0.000000,0.000000,20.000000,0.000000,0.000000,0.000000,0.000000,0.012160,0.000000,0.910900,19.779587,0.052655,-2.960599,20.000000
0.358600,2,"LINK_TORSO_YAW",0.302500,0.200000,0.056100,20.000000,0.000000,0.000000,20.000000,0.000000,0.000000,0.000000,0.000000,0.012160,0.000000,0.910900,19.779111,0.052675,-2.963783,20.000000
0.358700,2,"LINK_TORSO_YAW",0.302500,0.200000,0.056200,20.000000,0.000000,0.000000,20.000000,0.000000,0.000000,0.000000,0.000000,0.012160,0.000000,0.910900,19.778633,0.052695,-2.966965,20.000000
0.358800,2,"LINK_TORSO_YAW",0.302500,0.200000,0.056300,20.000000,0.000000,0.000000,20.000000,0.000000,0.000000,0.000000,0.000000,0.012160,0.000000,0.910900,19.778156,0.052715,-2.970147,20.000000
0.358900,2,"LINK_TORSO_YAW",0.302500,0.200000,0.056400,20.000000,0.000000,0.000000,20.000000,0.000000,0.000000,0.000000,0.000000,0.012160,0.000000,0.910900,19.777678,0.052735,-2.973329,20.000000
0.359000,2,"LINK_TORSO_YAW",0.302500,0.200000,0.056500,20.000000,0.000000,0.000000,20.000000,0.000000,0.000000,0.000000,0.000000,0.012160,0.000000,0.910900,19.777199,0.052756,-2.976512,20.000000
0.359100,2,"LINK_TORSO_YAW",0.302500,0.200000,0.056600,20.000000,0.000000,0.000000,20.000000,0.000000,0.000000,0.000000,0.000000,0.012160,0.000000,0.910900,19.776719,0.052777,-2.979696,20.000000
0.359200,2,"LINK_TORSO_YAW",0.302500,0.200000,0.056700,20.000000,0.000000,0.000000,20.000000,0.000000,0.000000,0.000000,0.000000,0.012160,0.000000,0.910900,19.776239,0.052798,-2.982881,20.000000
0.359300,2,"LINK_TORSO_YAW",0.302500,0.200000,0.056800,20.000000,0.000000,0.000000,20.000000,0.000000,0.000000,0.000000,0.000000,0.012160,0.000000,0.910900,19.775758,0.052820,-2.986068,20.000000
0.359400,2,"LINK_TORSO_YAW",0.302500,0.200000,0.056900,20.000000,0.000000,0.000000,20.000000,0.000000,0.000000,0.000000,0.000000,0.012160,0.000000,0.910900,19.775276,0.052842,-2.989259,20.000000
0.359500,2,"LINK_TORSO_YAW",0.302500,0.200000,0.057000,20.000000,0.000000,0.000000,20.000000,0.000000,0.000000,0.000000,0.000000,0.012160,0.000000,0.910900,19.774793,0.052864,-2.992452,20.000000
0.359600,2,"LINK_TORSO_YAW",0.302500,0.200000,0.057100,20.000000,0.000000,0.000000,20.000000,0.000000,0.000000,0.000000,0.000000,0.012160,0.000000,0.910900,19.774309,0.052885,-2.995649,20.000000
0.359700,2,"LINK_TORSO_YAW",0.302500,0.200000,0.057200,20.000000,0.000000,0.000000,20.000000,0.000000,0.000000,0.000000,0.000000,0.012160,0.000000,0.910900,19.773824,0.052906,-2.998850,20.000000
0.359800,2,"LINK_TORSO_YAW",0.302500,0.200000,0.057300,20.000000,0.000000,0.000000,20.000000,0.000000,0.000000,0.000000,0.000000,0.012160,0.000000,0.910900,19.773337,0.052926,-3.002055,20.000000
0.359900,2,"LINK_TORSO_YAW",0.302500,0.200000,0.057400,20.000000,0.000000,0.000000,20.000000,0.000000,0.000000,0.000000,0.000000,0.012160,0.000000,0.910900,19.772851,0.052946,-3.005259,20.000000
0.360000,2,"LINK_TORSO_YAW",0.302500,0.200000,0.057500,20.000000,0.000000,0.000000,20.000000,0.000000,0.000000,0.000000,0.000000,0.012160,0.000000,0.910900,19.772363,0.052966,-3.008462,20.000000
0.360100,2,"LINK_TORSO_YAW",0.302500,0.200000,0.057600,20.000000,0.000000,0.000000,20.000000,0.000000,0.000000,0.000000,0.000000,0.012160,0.000000,0.910900,19.771875,0.052985,-3.011666,20.000000
0.360200,2,"LINK_TORSO_YAW",0.302500,0.200000,0.057700,20.000000,0.000000,0.000000,20.000000,0.000000,0.000000,0.000000,0.000000,0.012160,0.000000,0.910900,19.771387,0.053005,-3.014870,20.000000
0.360300,2,"LINK_TORSO_YAW",0.302500,0.200000,0.057800,20.000000,0.000000,0.000000,20.000000,0.000000,0.000000,0.000000,0.000000,0.012160,0.000000,0.910900,19.770898,0.053024,-3.018076,20.000000
0.360400,2,"LINK_TORSO_YAW",0.302500,0.200000,0.057900,20.000000,0.000000,0.000000,20.000000,0.000000,0.000000,0.000000,0.000000,0.012160,0.000000,0.910900,19.770408,0.053043,-3.021282,20.000000
0.360500,2,"LINK_TORSO_YAW",0.302500,0.200000,0.058000,20.000000,0.000000,0.000000,20.000000,0.000000,0.000000,0.000000,0.000000,0.012160,0.000000,0.910900,19.769918,0.053063,-3.024490,20.000000
0.360600,2,"LINK_TORSO_YAW",0.302500,0.200000,0.058100,20.000000,0.000000,0.000000,20.000000,0.000000,0.000000,0.000000,0.000000,0.012160,0.000000,0.910900,19.769426,0.053083,-3.027699,20.000000
0.360700,2,"LINK_TORSO_YAW",0.302500,0.200000,0.058200,20.000000,0.000000,0.000000,20.000000,0.000000,0.000000,0.000000,0.000000,0.012160,0.000000,0.910900,19.768934,0.053103,-3.030912,20.000000
0.360800,2,"LINK_TORSO_YAW",0.302500,0.200000,0.058300,20.000000,0.000000,0.000000,20.000000,0.000000,0.000000,0.000000,0.000000,0.012160,0.000000,0.910900,19.768441,0.053122,-3.034128,20.000000
0.360900,2,"LINK_TORSO_YAW",0.302500,0.200000,0.058400,20.000000,0.000000,0.000000,20.000000,0.000000,0.000000,0.000000,0.000000,0.012160,0.000000,0.910900,19.767946,0.053140,-3.037347,20.000000
0.361000,2,"LINK_TORSO_YAW",0.302500,0.200000,0.058500,20.000000,0.000000,0.000000,20.000000,0.000000,0.000000,0.000000,0.000000,0.012160,0.000000,0.910900,19.767451,0.053159,-3.040565,20.000000
0.361100,2,"LINK_TORSO_YAW",0.302500,0.200000,0.058600,20.000000,0.000000,0.000000,20.000000,0.000000,0.000000,0.000000,0.000000,0.012160,0.000000,0.910900,19.766956,0.053178,-3.043783,20.000000
0.361200,2,"LINK_TORSO_YAW",0.302500,0.200000,0.058700,20.000000,0.000000,0.000000,20.000000,0.000000,0.000000,0.000000,0.000000,0.012160,0.000000,0.910900,19.766460,0.053198,-3.047000,20.000000
0.361300,2,"LINK_TORSO_YAW",0.302500,0.200000,0.058800,20.000000,0.000000,0.000000,20.000000,0.000000,0.000000,0.000000,0.000000,0.012160,0.000000,0.910900,19.765964,0.053218,-3.050218,20.000000
0.361400,2,"LINK_TORSO_YAW",0.302500,0.200000,0.058900,20.000000,0.000000,0.000000,20.000000,0.000000,0.000000,0.000000,0.000000,0.012160,0.000000,0.910900,19.765467,0.053239,-3.053438,20.000000
0.361500,2,"LINK_TORSO_YAW",0.302500,0.200000,0.059000,20.000000,0.000000,0.000000,20.000000,0.000000,0.000000,0.000000,0.000000,0.012160,0.000000,0.910900,19.764969,0.053261,-3.056658,20.000000
0.361600,2,"LINK_TORSO_YAW",0.302500,0.200000,0.059100,20.000000,0.000000,0.000000,20.000000,0.000000,0.000000,0.000000,0.000000,0.012160,0.000000,0.910900,19.764470,0.053283,-3.059880,20.000000
0.361700,2,"LINK_TORSO_YAW",0.302500,0.200000,0.059200,20.000000,0.000000,0.000000,20.000000,0.000000,0.000000,0.000000,0.000000,0.012160,0.000000,0.910900,19.763971,0.053306,-3.063105,20.000000
0.361800,2,"LINK_TORSO_YAW",0.302500,0.200000,0.059300,20.000000,0.000000,0.000000,20.000000,0.000000,0.000000,0.000000,0.000000,0.012160,0.000000,0.910900,19.763471,0.053329,-3.066331,20.000000
0.361900,2,"LINK_TORSO_YAW",0.302500,0.200000,0.059400,20.000000,0.000000,0.000000,20.000000,0.000000,0.000000,0.000000,0.000000,0.012160,0.000000,0.910900,19.762969,0.053352,-3.069561,20.000000
0.362000,2,"LINK_TORSO_YAW",0.302500,0.200000,0.059500,20.000000,0.000000,0.000000,20.000000,0.000000,0.000000,0.000000,0.000000,0.012160,0.000000,0.910900,19.762467,0.053375,-3.072793,20.000000
0.362100,2,"LINK_TORSO_YAW",0.302500,0.200000,0.059600,20.000000,0.000000,0.000000,20.000000,0.000000,0.000000,0.000000,0.000000,0.012160,0.000000,0.910900,19.761964,0.053398,-3.076024,20.000000
0.362200,2,"LINK_TORSO_YAW",0.302500,0.200000,0.059700,20.000000,0.000000,0.000000,20.000000,0.000000,0.000000,0.000000,0.000000,0.012160,0.000000,0.910900,19.761461,0.053421,-3.079254,20.000000
0.362300,2,"LINK_TORSO_YAW",0.302500,0.200000,0.059800,20.000000,0.000000,0.000000,20.000000,0.000000,0.000000,0.000000,0.000000,0.012160,0.000000,0.910900,19.760957,0.053443,-3.082485,20.000000
0.362400,2,"LINK_TORSO_YAW",0.302500,0.200000,0.059900,20.000000,0.000000,0.000000,20.000000,0.000000,0.000000,0.000000,0.000000,0.012160,0.000000,0.910900,19.760453,0.053465,-3.085716,20.000000
0.362500,2,"LINK_TORSO_YAW",0.302500,0.200000,0.060000,20.000000,0.000000,0.000000,20.000000,0.000000,0.000000,0.000000,0.000000,0.012160,0.000000,0.910900,19.759948,0.053486,-3.088947,20.000000
0.362600,2,"LINK_TORSO_YAW",0.302500,0.200000,0.060100,20.000000,0.000000,0.000000,20.000000,0.000000,0.000000,0.000000,0.000000,0.012160,0.000000,0.910900,19.759442,0.053508,-3.092181,20.000000
0.362700,2,"LINK_TORSO_YAW",0.302500,0.200000,0.060200,20.000000,0.000000,0.000000,20.000000,0.000000,0.000000,0.000000,0.000000,0.012160,0.000000,0.910900,19.758935,0.053530,-3.095417,20.000000
0.362800,2,"LINK_TORSO_YAW",0.302500,0.200000,0.060300,20.000000,0.000000,0.000000,20.000000,0.000000,0.000000,0.000000,0.000000,0.012160,0.000000,0.910900,19.758428,0.053551,-3.098655,20.000000
0.362900,2,"LINK_TORSO_YAW",0.302500,0.200000,0.060400,20.000000,0.000000,0.000000,20.000000,0.000000,0.000000,0.000000,0.000000,0.012160,0.000000,0.910900,19.757919,0.053572,-3.101896,20.000000
0.363000,2,"LINK_TORSO_YAW",0.302500,0.200000,0.060500,20.000000,0.000000,0.000000,20.000000,0.000000,0.000000,0.000000,0.000000,0.012160,0.000000,0.910900,19.757410,0.053593,-3.105140,20.000000
0.363100,2,"LINK_TORSO_YAW",0.302500,0.200000,0.060600,20.000000,0.000000,0.000000,20.000000,0.000000,0.000000,0.000000,0.000000,0.012160,0.000000,0.910900,19.756900,0.053613,-3.108382,20.000000
0.363200,2,"LINK_TORSO_YAW",0.302500,0.200000,0.060700,20.000000,0.000000,0.000000,20.000000,0.000000,0.000000,0.000000,0.000000,0.012160,0.000000,0.910900,19.756389,0.053634,-3.111624,20.000000
0.363300,2,"LINK_TORSO_YAW",0.302500,0.200000,0.060800,20.000000,0.000000,0.000000,20.000000,0.000000,0.000000,0.000000,0.000000,0.012160,0.000000,0.910900,19.755879,0.053655,-3.114865,20.000000
0.363400,2,"LINK_TORSO_YAW",0.302500,0.200000,0.060900,20.000000,0.000000,0.000000,20.000000,0.000000,0.000000,0.000000,0.000000,0.012160,0.000000,0.910900,19.755367,0.053675,-3.118107,20.000000
0.363500,2,"LINK_TORSO_YAW",0.302500,0.200000,0.061000,20.000000,0.000000,0.000000,20.000000,0.000000,0.000000,0.000000,0.000000,0.012160,0.000000,0.910900,19.754855,0.053695,-3.121350,20.000000
0.363600,2,"LINK_TORSO_YAW",0.302500,0.200000,0.061100,20.000000,0.000000,0.000000,20.000000,0.000000,0.000000,0.000000,0.000000,0.012160,0.000000,0.910900,19.754342,0.053715,-3.124593,20.000000
0.363700,2,"LINK_TORSO_YAW",0.302500,0.200000,0.061200,20.000000,0.000000,0.000000,20.000000,0.000000,0.000000,0.000000,0.000000,0.012160,0.000000,0.910900,19.753828,0.053735,-3.127839,20.000000
0.363800,2,"LINK_TORSO_YAW",0.302500,0.200000,0.061300,20.000000,0.000000,0.000000,20.000000,0.000000,0.000000,0.000000,0.000000,0.012160,0.000000,0.910900,19.753314,0.053755,-3.131086,20.000000
0.363900,2,"LINK_TORSO_YAW",0.302500,0.200000,0.061400,20.000000,0.000000,0.000000,20.000000,0.000000,0.000000,0.000000,0.000000,0.012160,0.000000,0.910900,19.752798,0.053775,-3.134336,20.000000
0.364000,2,"LINK_TORSO_YAW",0.302500,0.200000,0.061500,20.000000,0.000000,0.000000,20.000000,0.000000,0.000000,0.000000,0.000000,0.012160,0.000000,0.910900,19.752282,0.053795,-3.137590,20.000000
0.364100,2,"LINK_TORSO_YAW",0.302500,0.200000,0.061600,20.000000,0.000000,0.000000,20.000000,0.000000,0.000000,0.000000,0.000000,0.012160,0.000000,0.910900,19.751764,0.053815,-3.140847,20.000000
0.427700,3,"LINK_TORSO_YAW",0.427600,0.200000,0.000100,20.000000,0.000000,0.000000,20.000000,0.000000,0.000000,0.000000,0.000000,0.012160,0.000000,0.910900,19.371507,0.060978,-4.974032,20.000000
0.427800,3,"LINK_TORSO_YAW",0.427600,0.200000,0.000200,20.000000,0.000000,0.000000,20.000000,0.000000,0.000000,0.000000,0.000000,0.012160,0.000000,0.910900,19.370854,0.060982,-4.976574,20.000000
0.427900,3,"LINK_TORSO_YAW",0.427600,0.200000,0.000300,20.000000,0.000000,0.000000,20.000000,0.000000,0.000000,0.000000,0.000000,0.012160,0.000000,0.910900,19.370201,0.060986,-4.979116,20.000000
0.428000,3,"LINK_TORSO_YAW",0.427600,0.200000,0.000400,20.000000,0.000000,0.000000,20.000000,0.000000,0.000000,0.000000,0.000000,0.012160,0.000000,0.910900,19.369548,0.060991,-4.981657,20.000000
0.428100,3,"LINK_TORSO_YAW",0.427600,0.200000,0.000500,20.000000,0.000000,0.000000,20.000000,0.000000,0.000000,0.000000,0.000000,0.012160,0.000000,0.910900,19.368894,0.060996,-4.984198,20.000000
0.428200,3,"LINK_TORSO_YAW",0.427600,0.200000,0.000600,20.000000,0.000000,0.000000,20.000000,0.000000,0.000000,0.000000,0.000000,0.012160,0.000000,0.910900,19.368239,0.061002,-4.986742,20.000000
0.428300,3,"LINK_TORSO_YAW",0.427600,0.200000,0.000700,20.000000,0.000000,0.000000,20.000000,0.000000,0.000000,0.000000,0.000000,0.012160,0.000000,0.910900,19.367584,0.061008,-4.989286,20.000000
0.428400,3,"LINK_TORSO_YAW",0.427600,0.200000,0.000800,20.000000,0.000000,0.000000,20.000000,0.000000,0.000000,0.000000,0.000000,0.012160,0.000000,0.910900,19.366928,0.061015,-4.991833,20.000000
0.428500,3,"LINK_TORSO_YAW",0.427600,0.200000,0.000900,20.000000,0.000000,0.000000,20.000000,0.000000,0.000000,0.000000,0.000000,0.012160,0.000000,0.910900,19.366270,0.061022,-4.994381,20.000000
0.428600,3,"LINK_TORSO_YAW",0.427600,0.200000,0.001000,20.000000,0.000000,0.000000,20.000000,0.000000,0.000000,0.000000,0.000000,0.012160,0.000000,0.910900,19.365612,0.061029,-4.996932,20.000000
0.428700,3,"LINK_TORSO_YAW",0.427600,0.200000,0.001100,20.000000,0.000000,0.000000,20.000000,0.000000,0.000000,0.000000,0.000000,0.012160,0.000000,0.910900,19.364953,0.061037,-4.999487,20.000000
0.428800,3,"LINK_TORSO_YAW",0.427600,0.200000,0.001200,20.000000,0.000000,0.000000,20.000000,0.000000,0.000000,0.000000,0.000000,0.012160,0.000000,0.910900,19.364292,0.061045,-5.002045,20.000000
0.428900,3,"LINK_TORSO_YAW",0.427600,0.200000,0.001300,20.000000,0.000000,0.000000,20.000000,0.000000,0.000000,0.000000,0.000000,0.012160,0.000000,0.910900,19.363631,0.061054,-5.004604,20.000000
0.429000,3,"LINK_TORSO_YAW",0.427600,0.200000,0.001400,20.000000,0.000000,0.000000,20.000000,0.000000,0.000000,0.000000,0.000000,0.012160,0.000000,0.910900,19.362969,0.061062,-5.007165,20.000000
0.429100,3,"LINK_TORSO_YAW",0.427600,0.200000,0.001500,20.000000,0.000000,0.000000,20.000000,0.000000,0.000000,0.000000,0.000000,0.012160,0.000000,0.910900,19.362306,0.061071,-5.009727,20.000000
0.429200,3,"LINK_TORSO_YAW",0.427600,0.200000,0.001600,20.000000,0.000000,0.000000,20.000000,0.000000,0.000000,0.000000,0.000000,0.012160,0.000000,0.910900,19.361642,0.061079,-5.012292,20.000000
0.429300,3,"LINK_TORSO_YAW",0.427600,0.200000,0.001700,20.000000,0.000000,0.000000,20.000000,0.000000,0.000000,0.000000,0.000000,0.012160,0.000000,0.910900,19.360978,0.061088,-5.014859,20.000000
0.429400,3,"LINK_TORSO_YAW",0.427600,0.200000,0.001800,20.000000,0.000000,0.000000,20.000000,0.000000,0.000000,0.000000,0.000000,0.012160,0.000000,0.910900,19.360312,0.061096,-5.017427,20.000000
0.429500,3,"LINK_TORSO_YAW",0.427600,0.200000,0.001900,20.000000,0.000000,0.000000,20.000000,0.000000,0.000000,0.000000,0.000000,0.012160,0.000000,0.910900,19.359646,0.061103,-5.019997,20.000000
0.429600,3,"LINK_TORSO_YAW",0.427600,0.200000,0.002000,20.000000,0.000000,0.000000,20.000000,0.000000,0.000000,0.000000,0.000000,0.012160,0.000000,0.910900,19.358979,0.061110,-5.022571,20.000000
0.429700,3,"LINK_TORSO_YAW",0.427600,0.200000,0.002100,20.000000,0.000000,0.000000,20.000000,0.000000,0.000000,0.000000,0.000000,0.012160,0.000000,0.910900,19.358310,0.061117,-5.025147,20.000000
0.429800,3,"LINK_TORSO_YAW",0.427600,0.200000,0.002200,20.000000,0.000000,0.000000,20.000000,0.000000,0.000000,0.000000,0.000000,0.012160,0.000000,0.910900,19.357640,0.061124,-5.027728,20.000000
0.429900,3,"LINK_TORSO_YAW",0.427600,0.200000,0.002300,20.000000,0.000000,0.000000,20.000000,0.000000,0.000000,0.000000,0.000000,0.012160,0.000000,0.910900,19.356968,0.061132,-5.030313,20.000000
0.430000,3,"LINK_TORSO_YAW",0.427600,0.200000,0.002400,20.000000,0.000000,0.000000,20.000000,0.000000,0.000000,0.000000,0.000000,0.012160,0.000000,0.910900,19.356296,0.061139,-5.032899,20.000000
0.430100,3,"LINK_TORSO_YAW",0.427600,0.200000,0.002500,20.000000,0.000000,0.000000,20.000000,0.000000,0.000000,0.000000,0.000000,0.012160,0.000000,0.910900,19.355624,0.061147,-5.035483,20.000000
0.430200,3,"LINK_TORSO_YAW",0.427600,0.200000,0.002600,20.000000,0.000000,0.000000,20.000000,0.000000,0.000000,0.000000,0.000000,0.012160,0.000000,0.910900,19.354951,0.061155,-5.038068,20.000000
0.430300,3,"LINK_TORSO_YAW",0.427600,0.200000,0.002700,20.000000,0.000000,0.000000,20.000000,0.000000,0.000000,0.000000,0.000000,0.012160,0.000000,0.910900,19.354278,0.061163,-5.040653,20.000000
0.430400,3,"LINK_TORSO_YAW",0.427600,0.200000,0.002800,20.000000,0.000000,0.000000,20.000000,0.000000,0.000000,0.000000,0.000000,0.012160,0.000000,0.910900,19.353604,0.061171,-5.043238,20.000000
0.430500,3,"LINK_TORSO_YAW",0.427600,0.200000,0.002900,20.000000,0.000000,0.000000,20.000000,0.000000,0.000000,0.000000,0.000000,0.012160,0.000000,0.910900,19.352930,0.061179,-5.045825,20.000000
0.430600,3,"LINK_TORSO_YAW",0.427600,0.200000,0.003000,20.000000,0.000000,0.000000,20.000000,0.000000,0.000000,0.000000,0.000000,0.012160,0.000000,0.910900,19.352255,0.061187,-5.048414,20.000000
0.430700,3,"LINK_TORSO_YAW",0.427600,0.200000,0.003100,20.000000,0.000000,0.000000,20.000000,0.000000,0.000000,0.000000,0.000000,0.012160,0.000000,0.910900,19.351579,0.061195,-5.051005,20.000000
0.430800,3,"LINK_TORSO_YAW",0.427600,0.200000,0.003200,20.000000,0.000000,0.000000,20.000000,0.000000,0.000000,0.000000,0.000000,0.012160,0.000000,0.910900,19.350902,0.061203,-5.053599,20.000000
0.430900,3,"LINK_TORSO_YAW",0.427600,0.200000,0.003300,20.000000,0.000000,0.000000,20.000000,0.000000,0.000000,0.000000,0.000000,0.012160,0.000000,0.910900,19.350223,0.061211,-5.056196,20.000000
0.431000,3,"LINK_TORSO_YAW",0.427600,0.200000,0.003400,20.000000,0.000000,0.000000,20.000000,0.000000,0.000000,0.000000,0.000000,0.012160,0.000000,0.910900,19.349543,0.061219,-5.058798,20.000000
0.431100,3,"LINK_TORSO_YAW",0.427600,0.200000,0.003500,20.000000,0.000000,0.000000,20.000000,0.000000,0.000000,0.000000,0.000000,0.012160,0.000000,0.910900,19.348863,0.061226,-5.061398,20.000000
0.431200,3,"LINK_TORSO_YAW",0.427600,0.200000,0.003600,20.000000,0.000000,0.000000,20.000000,0.000000,0.000000,0.000000,0.000000,0.012160,0.000000,0.910900,19.348182,0.061233,-5.063999,20.000000
0.431300,3,"LINK_TORSO_YAW",0.427600,0.200000,0.003700,20.000000,0.000000,0.000000,20.000000,0.000000,0.000000,0.000000,0.000000,0.012160,0.000000,0.910900,19.347501,0.061240,-5.066601,20.000000
0.431400,3,"LINK_TORSO_YAW",0.427600,0.200000,0.003800,20.000000,0.000000,0.000000,20.000000,0.000000,0.000000,0.000000,0.000000,0.012160,0.000000,0.910900,19.346819,0.061247,-5.069204,20.000000
0.431500,3,"LINK_TORSO_YAW",0.427600,0.200000,0.003900,20.000000,0.000000,0.000000,20.000000,0.000000,0.000000,0.000000,0.000000,0.012160,0.000000,0.910900,19.346137,0.061255,-5.071809,20.000000
0.431600,3,"LINK_TORSO_YAW",0.427600,0.200000,0.004000,20.000000,0.000000,0.000000,20.000000,0.000000,0.000000,0.000000,0.000000,0.012160,0.000000,0.910900,19.345453,0.061262,-5.074417,20.000000
0.431700,3,"LINK_TORSO_YAW",0.427600,0.200000,0.004100,20.000000,0.000000,0.000000,20.000000,0.000000,0.000000,0.000000,0.000000,0.012160,0.000000,0.910900,19.344768,0.061269,-5.077027,20.000000
0.431800,3,"LINK_TORSO_YAW",0.427600,0.200000,0.004200,20.000000,0.000000,0.000000,20.000000,0.000000,0.000000,0.000000,0.000000,0.012160,0.000000,0.910900,19.344082,0.061277,-5.079640,20.000000
0.431900,3,"LINK_TORSO_YAW",0.427600,0.200000,0.004300,20.000000,0.000000,0.000000,20.000000,0.000000,0.000000,0.000000,0.000000,0.012160,0.000000,0.910900,19.343394,0.061284,-5.082257,20.000000
0.432000,3,"LINK_TORSO_YAW",0.427600,0.200000,0.004400,20.000000,0.000000,0.000000,20.000000,0.000000,0.000000,0.000000,0.000000,0.012160,0.000000,0.910900,19.342706,0.061292,-5.084878,20.000000
0.432100,3,"LINK_TORSO_YAW",0.427600,0.200000,0.004500,20.000000,0.000000,0.000000,20.000000,0.000000,0.000000,0.000000,0.000000,0.012160,0.000000,0.910900,19.342015,0.061299,-5.087505,20.000000
0.432200,3,"LINK_TORSO_YAW",0.427600,0.200000,0.004600,20.000000,0.000000,0.000000,20.000000,0.000000,0.000000,0.000000,0.000000,0.012160,0.000000,0.910900,19.341322,0.061307,-5.090137,20.000000
0.432300,3,"LINK_TORSO_YAW",0.427600,0.200000,0.004700,20.000000,0.000000,0.000000,20.000000,0.000000,0.000000,0.000000,0.000000,0.012160,0.000000,0.910900,19.340629,0.061315,-5.092769,20.000000
0.432400,3,"LINK_TORSO_YAW",0.427600,0.200000,0.004800,20.000000,0.000000,0.000000,20.000000,0.000000,0.000000,0.000000,0.000000,0.012160,0.000000,0.910900,19.339936,0.061324,-5.095401,20.000000
0.432500,3,"LINK_TORSO_YAW",0.427600,0.200000,0.004900,20.000000,0.000000,0.000000,20.000000,0.000000,0.000000,0.000000,0.000000,0.012160,0.000000,0.910900,19.339242,0.061332,-5.098034,20.000000
0.432600,3,"LINK_TORSO_YAW",0.427600,0.200000,0.005000,20.000000,0.000000,0.000000,20.000000,0.000000,0.000000,0.000000,0.000000,0.012160,0.000000,0.910900,19.338547,0.061340,-5.100669,20.000000
0.432700,3,"LINK_TORSO_YAW",0.427600,0.200000,0.005100,20.000000,0.000000,0.000000,20.000000,0.000000,0.000000,0.000000,0.000000,0.012160,0.000000,0.910900,19.337852,0.061349,-5.103305,20.000000
0.432800,3,"LINK_TORSO_YAW",0.427600,0.200000,0.005200,20.000000,0.000000,0.000000,20.000000,0.000000,0.000000,0.000000,0.000000,0.012160,0.000000,0.910900,19.337156,0.061359,-5.105942,20.000000
0.432900,3,"LINK_TORSO_YAW",0.427600,0.200000,0.005300,20.000000,0.000000,0.000000,20.000000,0.000000,0.000000,0.000000,0.000000,0.012160,0.000000,0.910900,19.336459,0.061369,-5.108582,20.000000
0.433000,3,"LINK_TORSO_YAW",0.427600,0.200000,0.005400,20.000000,0.000000,0.000000,20.000000,0.000000,0.000000,0.000000,0.000000,0.012160,0.000000,0.910900,19.335760,0.061380,-5.111224,20.000000
0.433100,3,"LINK_TORSO_YAW",0.427600,0.200000,0.005500,20.000000,0.000000,0.000000,20.000000,0.000000,0.000000,0.000000,0.000000,0.012160,0.000000,0.910900,19.335061,0.061392,-5.113869,20.000000
0.433200,3,"LINK_TORSO_YAW",0.427600,0.200000,0.005600,20.000000,0.000000,0.000000,20.000000,0.000000,0.000000,0.000000,0.000000,0.012160,0.000000,0.910900,19.334360,0.061403,-5.116518,20.000000
0.433300,3,"LINK_TORSO_YAW",0.427600,0.200000,0.005700,20.000000,0.000000,0.000000,20.000000,0.000000,0.000000,0.000000,0.000000,0.012160,0.000000,0.910900,19.333658,0.061416,-5.119171,20.000000
0.433400,3,"LINK_TORSO_YAW",0.427600,0.200000,0.005800,20.000000,0.000000,0.000000,20.000000,0.000000,0.000000,0.000000,0.000000,0.012160,0.000000,0.910900,19.332955,0.061429,-5.121823,20.000000
0.433500,3,"LINK_TORSO_YAW",0.427600,0.200000,0.005900,20.000000,0.000000,0.000000,20.000000,0.000000,0.000000,0.000000,0.000000,0.012160,0.000000,0.910900,19.332253,0.061441,-5.124474,20.000000
0.433600,3,"LINK_TORSO_YAW",0.427600,0.200000,0.006000,20.000000,0.000000,0.000000,20.000000,0.000000,0.000000,0.000000,0.000000,0.012160,0.000000,0.910900,19.331550,0.061454,-5.127125,20.000000
0.433700,3,"LINK_TORSO_YAW",0.427600,0.200000,0.006100,20.000000,0.000000,0.000000,20.000000,0.000000,0.000000,0.000000,0.000000,0.012160,0.000000,0.910900,19.330846,0.061466,-5.129777,20.000000
0.433800,3,"LINK_TORSO_YAW",0.427600,0.200000,0.006200,20.000000,0.000000,0.000000,20.000000,0.000000,0.000000,0.000000,0.000000,0.012160,0.000000,0.910900,19.330142,0.061478,-5.132430,20.000000
0.433900,3,"LINK_TORSO_YAW",0.427600,0.200000,0.006300,20.000000,0.000000,0.000000,20.000000,0.000000,0.000000,0.000000,0.000000,0.012160,0.000000,0.910900,19.329437,0.061491,-5.135084,20.000000
0.434000,3,"LINK_TORSO_YAW",0.427600,0.200000,0.006400,20.000000,0.000000,0.000000,20.000000,0.000000,0.000000,0.000000,0.000000,0.012160,0.000000,0.910900,19.328731,0.061503,-5.137740,20.000000
0.434100,3,"LINK_TORSO_YAW",0.427600,0.200000,0.006500,20.000000,0.000000,0.000000,20.000000,0.000000,0.000000,0.000000,0.000000,0.012160,0.000000,0.910900,19.328024,0.061516,-5.140398,20.000000
0.434200,3,"LINK_TORSO_YAW",0.427600,0.200000,0.006600,20.000000,0.000000,0.000000,20.000000,0.000000,0.000000,0.000000,0.000000,0.012160,0.000000,0.910900,19.327316,0.061528,-5.143059,20.000000
0.434300,3,"LINK_TORSO_YAW",0.427600,0.200000,0.006700,20.000000,0.000000,0.000000,20.000000,0.000000,0.000000,0.000000,0.000000,0.012160,0.000000,0.910900,19.326607,0.061541,-5.145725,20.000000
0.434400,3,"LINK_TORSO_YAW",0.427600,0.200000,0.006800,20.000000,0.000000,0.000000,20.000000,0.000000,0.000000,0.000000,0.000000,0.012160,0.000000,0.910900,19.325895,0.061553,-5.148396,20.000000
0.434500,3,"LINK_TORSO_YAW",0.427600,0.200000,0.006900,20.000000,0.000000,0.000000,20.000000,0.000000,0.000000,0.000000,0.000000,0.012160,0.000000,0.910900,19.325184,0.061565,-5.151067,20.000000
0.434600,3,"LINK_TORSO_YAW",0.427600,0.200000,0.007000,20.000000,0.000000,0.000000,20.000000,0.000000,0.000000,0.000000,0.000000,0.012160,0.000000,0.910900,19.324471,0.061577,-5.153738,20.000000
0.434700,3,"LINK_TORSO_YAW",0.427600,0.200000,0.007100,20.000000,0.000000,0.000000,20.000000,0.000000,0.000000,0.000000,0.000000,0.012160,0.000000,0.910900,19.323758,0.061589,-5.156410,20.000000
0.434800,3,"LINK_TORSO_YAW",0.427600,0.200000,0.007200,20.000000,0.000000,0.000000,20.000000,0.000000,0.000000,0.000000,0.000000,0.012160,0.000000,0.910900,19.323045,0.061601,-5.159085,20.000000
0.434900,3,"LINK_TORSO_YAW",0.427600,0.200000,0.007300,20.000000,0.000000,0.000000,20.000000,0.000000,0.000000,0.000000,0.000000,0.012160,0.000000,0.910900,19.322329,0.061613,-5.161762,20.000000
0.435000,3,"LINK_TORSO_YAW",0.427600,0.200000,0.007400,20.000000,0.000000,0.000000,20.000000,0.000000,0.000000,0.000000,0.000000,0.012160,0.000000,0.910900,19.321613,0.061625,-5.164443,20.000000
0.435100,3,"LINK_TORSO_YAW",0.427600,0.200000,0.007500,20.000000,0.000000,0.000000,20.000000,0.000000,0.000000,0.000000,0.000000,0.012160,0.000000,0.910900,19.320895,0.061637,-5.167127,20.000000
0.435200,3,"LINK_TORSO_YAW",0.427600,0.200000,0.007600,20.000000,0.000000,0.000000,20.000000,0.000000,0.000000,0.000000,0.000000,0.012160,0.000000,0.910900,19.320176,0.061650,-5.169816,20.000000
0.435300,3,"LINK_TORSO_YAW",0.427600,0.200000,0.007700,20.000000,0.000000,0.000000,20.000000,0.000000,0.000000,0.000000,0.000000,0.012160,0.000000,0.910900,19.319456,0.061662,-5.172508,20.000000
0.435400,3,"LINK_TORSO_YAW",0.427600,0.200000,0.007800,20.000000,0.000000,0.000000,20.000000,0.000000,0.000000,0.000000,0.000000,0.012160,0.000000,0.910900,19.318734,0.061674,-5.175203,20.000000
0.435500,3,"LINK_TORSO_YAW",0.427600,0.200000,0.007900,20.000000,0.000000,0.000000,20.000000,0.000000,0.000000,0.000000,0.000000,0.012160,0.000000,0.910900,19.318010,0.061686,-5.177902,20.000000
0.435600,3,"LINK_TORSO_YAW",0.427600,0.200000,0.008000,20.000000,0.000000,0.000000,20.000000,0.000000,0.000000,0.000000,0.000000,0.012160,0.000000,0.910900,19.317287,0.061698,-5.180600,20.000000
0.435700,3,"LINK_TORSO_YAW",0.427600,0.200000,0.008100,20.000000,0.000000,0.000000,20.000000,0.000000,0.000000,0.000000,0.000000,0.012160,0.000000,0.910900,19.316563,0.061710,-5.183298,20.000000
0.435800,3,"LINK_TORSO_YAW",0.427600,0.200000,0.008200,20.000000,0.000000,0.000000,20.000000,0.000000,0.000000,0.000000,0.000000,0.012160,0.000000,0.910900,19.315839,0.061723,-5.185996,20.000000
0.435900,3,"LINK_TORSO_YAW",0.427600,0.200000,0.008300,20.000000,0.000000,0.000000,20.000000,0.000000,0.000000,0.000000,0.000000,0.012160,0.000000,0.910900,19.315114,0.061736,-5.188694,20.000000
0.436000,3,"LINK_TORSO_YAW",0.427600,0.200000,0.008400,20.000000,0.000000,0.000000,20.000000,0.000000,0.000000,0.000000,0.000000,0.012160,0.000000,0.910900,19.314389,0.061749,-5.191394,20.000000
0.436100,3,"LINK_TORSO_YAW",0.427600,0.200000,0.008500,20.000000,0.000000,0.000000,20.000000,0.000000,0.000000,0.000000,0.000000,0.012160,0.000000,0.910900,19.313663,0.061762,-5.194094,20.000000
0.436200,3,"LINK_TORSO_YAW",0.427600,0.200000,0.008600,20.000000,0.000000,0.000000,20.000000,0.000000,0.000000,0.000000,0.000000,0.012160,0.000000,0.910900,19.312936,0.061775,-5.196796,20.000000
0.436300,3,"LINK_TORSO_YAW",0.427600,0.200000,0.008700,20.000000,0.000000,0.000000,20.000000,0.000000,0.000000,0.000000,0.000000,0.012160,0.000000,0.910900,19.312208,0.061789,-5.199501,20.000000
0.436400,3,"LINK_TORSO_YAW",0.427600,0.200000,0.008800,20.000000,0.000000,0.000000,20.000000,0.000000,0.000000,0.000000,0.000000,0.012160,0.000000,0.910900,19.311479,0.061803,-5.202208,20.000000
0.436500,3,"LINK_TORSO_YAW",0.427600,0.200000,0.008900,20.000000,0.000000,0.000000,20.000000,0.000000,0.000000,0.000000,0.000000,0.012160,0.000000,0.910900,19.310748,0.061816,-5.204919,20.000000
0.436600,3,"LINK_TORSO_YAW",0.427600,0.200000,0.009000,20.000000,0.000000,0.000000,20.000000,0.000000,0.000000,0.000000,0.000000,0.012160,0.000000,0.910900,19.310016,0.061830,-5.207634,20.000000
0.436700,3,"LINK_TORSO_YAW",0.427600,0.200000,0.009100,20.000000,0.000000,0.000000,20.000000,0.000000,0.000000,0.000000,0.000000,0.012160,0.000000,0.910900,19.309284,0.061844,-5.210347,20.000000
0.436800,3,"LINK_TORSO_YAW",0.427600,0.200000,0.009200,20.000000,0.000000,0.000000,20.000000,0.000000,0.000000,0.000000,0.000000,0.012160,0.000000,0.910900,19.308552,0.061858,-5.213060,20.000000
0.436900,3,"LINK_TORSO_YAW",0.427600,0.200000,0.009300,20.000000,0.000000,0.000000,20.000000,0.000000,0.000000,0.000000,0.000000,0.012160,0.000000,0.910900,19.307819,0.061871,-5.215774,20.000000
0.437000,3,"LINK_TORSO_YAW",0.427600,0.200000,0.009400,20.000000,0.000000,0.000000,20.000000,0.000000,0.000000,0.000000,0.000000,0.012160,0.000000,0.910900,19.307085,0.061885,-5.218490,20.000000
0.437100,3,"LINK_TORSO_YAW",0.427600,0.200000,0.009500,20.000000,0.000000,0.000000,20.000000,0.000000,0.000000,0.000000,0.000000,0.012160,0.000000,0.910900,19.306350,0.061898,-5.221207,20.000000
0.437200,3,"LINK_TORSO_YAW",0.427600,0.200000,0.009600,20.000000,0.000000,0.000000,20.000000,0.000000,0.000000,0.000000,0.000000,0.012160,0.000000,0.910900,19.305615,0.061912,-5.223927,20.000000
0.437300,3,"LINK_TORSO_YAW",0.427600,0.200000,0.009700,20.000000,0.000000,0.000000,20.000000,0.000000,0.000000,0.000000,0.000000,0.012160,0.000000,0.910900,19.304878,0.061926,-5.226650,20.000000
0.437400,3,"LINK_TORSO_YAW",0.427600,0.200000,0.009800,20.000000,0.000000,0.000000,20.000000,0.000000,0.000000,0.000000,0.000000,0.012160,0.000000,0.910900,19.304139,0.061940,-5.229375,20.000000
0.437500,3,"LINK_TORSO_YAW",0.427600,0.200000,0.009900,20.000000,0.000000,0.000000,20.000000,0.000000,0.000000,0.000000,0.000000,0.012160,0.000000,0.910900,19.303400,0.061954,-5.232105,20.000000
0.437600,3,"LINK_TORSO_YAW",0.427600,0.200000,0.010000,20.000000,0.000000,0.000000,20.000000,0.000000,0.000000,0.000000,0.000000,0.012160,0.000000,0.910900,19.302658,0.061969,-5.234839,20.000000
0.437700,3,"LINK_TORSO_YAW",0.427600,0.200000,0.010100,20.000000,0.000000,0.000000,20.000000,0.000000,0.000000,0.000000,0.000000,0.012160,0.000000,0.910900,19.301915,0.061984,-5.237578,20.000000
0.437800,3,"LINK_TORSO_YAW",0.427600,0.200000,0.010200,20.000000,0.000000,0.000000,20.000000,0.000000,0.000000,0.000000,0.000000,0.012160,0.000000,0.910900,19.301171,0.061999,-5.240322,20.000000
0.437900,3,"LINK_TORSO_YAW",0.427600,0.200000,0.010300,20.000000,0.000000,0.000000,20.000000,0.000000,0.000000,0.000000,0.000000,0.012160,0.000000,0.910900,19.300426,0.062014,-5.243064,20.000000
0.438000,3,"LINK_TORSO_YAW",0.427600,0.200000,0.010400,20.000000,0.000000,0.000000,20.000000,0.000000,0.000000,0.000000,0.000000,0.012160,0.000000,0.910900,19.299680,0.062030,-5.245806,20.000000
0.438100,3,"LINK_TORSO_YAW",0.427600,0.200000,0.010500,20.000000,0.000000,0.000000,20.000000,0.000000,0.000000,0.000000,0.000000,0.012160,0.000000,0.910900,19.298935,0.062045,-5.248549,20.000000
0.438200,3,"LINK_TORSO_YAW",0.427600,0.200000,0.010600,20.000000,0.000000,0.000000,20.000000,0.000000,0.000000,0.000000,0.000000,0.012160,0.000000,0.910900,19.298189,0.062061,-5.251292,20.000000
0.438300,3,"LINK_TORSO_YAW",0.427600,0.200000,0.010700,20.000000,0.000000,0.000000,20.000000,0.000000,0.000000,0.000000,0.000000,0.012160,0.000000,0.910900,19.297442,0.062076,-5.254035,20.000000
0.438400,3,"LINK_TORSO_YAW",0.427600,0.200000,0.010800,20.000000,0.000000,0.000000,20.000000,0.000000,0.000000,0.000000,0.000000,0.012160,0.000000,0.910900,19.296694,0.062092,-5.256781,20.000000
0.438500,3,"LINK_TORSO_YAW",0.427600,0.200000,0.010900,20.000000,0.000000,0.000000,20.000000,0.000000,0.000000,0.000000,0.000000,0.012160,0.000000,0.910900,19.295945,0.062108,-5.259528,20.000000
0.438600,3,"LINK_TORSO_YAW",0.427600,0.200000,0.011000,20.000000,0.000000,0.000000,20.000000,0.000000,0.000000,0.000000,0.000000,0.012160,0.000000,0.910900,19.295195,0.062123,-5.262279,20.000000
0.438700,3,"LINK_TORSO_YAW",0.427600,0.200000,0.011100,20.000000,0.000000,0.000000,20.000000,0.000000,0.000000,0.000000,0.000000,0.012160,0.000000,0.910900,19.294444,0.062138,-5.265033,20.000000
0.438800,3,"LINK_TORSO_YAW",0.427600,0.200000,0.011200,20.000000,0.000000,0.000000,20.000000,0.000000,0.000000,0.000000,0.000000,0.012160,0.000000,0.910900,19.293691,0.062153,-5.267791,20.000000
0.438900,3,"LINK_TORSO_YAW",0.427600,0.200000,0.011300,20.000000,0.000000,0.000000,20.000000,0.000000,0.000000,0.000000,0.000000,0.012160,0.000000,0.910900,19.292936,0.062168,-5.270554,20.000000
0.439000,3,"LINK_TORSO_YAW",0.427600,0.200000,0.011400,20.000000,0.000000,0.000000,20.000000,0.000000,0.000000,0.000000,0.000000,0.012160,0.000000,0.910900,19.292181,0.062183,-5.273317,20.000000
0.439100,3,"LINK_TORSO_YAW",0.427600,0.200000,0.011500,20.000000,0.000000,0.000000,20.000000,0.000000,0.000000,0.000000,0.000000,0.012160,0.000000,0.910900,19.291426,0.062197,-5.276080,20.000000
0.439200,3,"LINK_TORSO_YAW",0.427600,0.200000,0.011600,20.000000,0.000000,0.000000,20.000000,0.000000,0.000000,0.000000,0.000000,0.012160,0.000000,0.910900,19.290670,0.062211,-5.278843,20.000000
0.439300,3,"LINK_TORSO_YAW",0.427600,0.200000,0.011700,20.000000,0.000000,0.000000,20.000000,0.000000,0.000000,0.000000,0.000000,0.012160,0.000000,0.910900,19.289913,0.062225,-5.281607,20.000000
0.439400,3,"LINK_TORSO_YAW",0.427600,0.200000,0.011800,20.000000,0.000000,0.000000,20.000000,0.000000,0.000000,0.000000,0.000000,0.012160,0.000000,0.910900,19.289156,0.062239,-5.284374,20.000000
0.439500,3,"LINK_TORSO_YAW",0.427600,0.200000,0.011900,20.000000,0.000000,0.000000,20.000000,0.000000,0.000000,0.000000,0.000000,0.012160,0.000000,0.910900,19.288397,0.062253,-5.287143,20.000000
0.439600,3,"LINK_TORSO_YAW",0.427600,0.200000,0.012000,20.000000,0.000000,0.000000,20.000000,0.000000,0.000000,0.000000,0.000000,0.012160,0.000000,0.910900,19.287636,0.062267,-5.289915,20.000000
0.439700,3,"LINK_TORSO_YAW",0.427600,0.200000,0.012100,20.000000,0.000000,0.000000,20.000000,0.000000,0.000000,0.000000,0.000000,0.012160,0.000000,0.910900,19.286875,0.062281,-5.292691,20.000000
0.439800,3,"LINK_TORSO_YAW",0.427600,0.200000,0.012200,20.000000,0.000000,0.000000,20.000000,0.000000,0.000000,0.000000,0.000000,0.012160,0.000000,0.910900,19.286112,0.062296,-5.295471,20.000000
0.439900,3,"LINK_TORSO_YAW",0.427600,0.200000,0.012300,20.000000,0.000000,0.000000,20.000000,0.000000,0.000000,0.000000,0.000000,0.012160,0.000000,0.910900,19.285347,0.062311,-5.298257,20.000000
0.440000,3,"LINK_TORSO_YAW",0.427600,0.200000,0.012400,20.000000,0.000000,0.000000,20.000000,0.000000,0.000000,0.000000,0.000000,0.012160,0.000000,0.910900,19.284580,0.062325,-5.301047,20.000000
0.440100,3,"LINK_TORSO_YAW",0.427600,0.200000,0.012500,20.000000,0.000000,0.000000,20.000000,0.000000,0.000000,0.000000,0.000000,0.012160,0.000000,0.910900,19.283813,0.062340,-5.303836,20.000000
0.440200,3,"LINK_TORSO_YAW",0.427600,0.200000,0.012600,20.000000,0.000000,0.000000,20.000000,0.000000,0.000000,0.000000,0.000000,0.012160,0.000000,0.910900,19.283045,0.062355,-5.306626,20.000000
0.440300,3,"LINK_TORSO_YAW",0.427600,0.200000,0.012700,20.000000,0.000000,0.000000,20.000000,0.000000,0.000000,0.000000,0.000000,0.012160,0.000000,0.910900,19.282277,0.062371,-5.309416,20.000000
0.440400,3,"LINK_TORSO_YAW",0.427600,0.200000,0.012800,20.000000,0.000000,0.000000,20.000000,0.000000,0.000000,0.000000,0.000000,0.012160,0.000000,0.910900,19.281509,0.062387,-5.312206,20.000000
0.440500,3,"LINK_TORSO_YAW",0.427600,0.200000,0.012900,20.000000,0.000000,0.000000,20.000000,0.000000,0.000000,0.000000,0.000000,0.012160,0.000000,0.910900,19.280739,0.062404,-5.314998,20.000000
0.440600,3,"LINK_TORSO_YAW",0.427600,0.200000,0.013000,20.000000,0.000000,0.000000,20.000000,0.000000,0.000000,0.000000,0.000000,0.012160,0.000000,0.910900,19.279969,0.062420,-5.317791,20.000000
0.440700,3,"LINK_TORSO_YAW",0.427600,0.200000,0.013100,20.000000,0.000000,0.000000,20.000000,0.000000,0.000000,0.000000,0.000000,0.012160,0.000000,0.910900,19.279197,0.062437,-5.320588,20.000000
0.440800,3,"LINK_TORSO_YAW",0.427600,0.200000,0.013200,20.000000,0.000000,0.000000,20.000000,0.000000,0.000000,0.000000,0.000000,0.012160,0.000000,0.910900,19.278424,0.062454,-5.323387,20.000000
0.440900,3,"LINK_TORSO_YAW",0.427600,0.200000,0.013300,20.000000,0.000000,0.000000,20.000000,0.000000,0.000000,0.000000,0.000000,0.012160,0.000000,0.910900,19.277650,0.062472,-5.326190,20.000000
0.441000,3,"LINK_TORSO_YAW",0.427600,0.200000,0.013400,20.000000,0.000000,0.000000,20.000000,0.000000,0.000000,0.000000,0.000000,0.012160,0.000000,0.910900,19.276875,0.062490,-5.328997,20.000000
0.441100,3,"LINK_TORSO_YAW",0.427600,0.200000,0.013500,20.000000,0.000000,0.000000,20.000000,0.000000,0.000000,0.000000,0.000000,0.012160,0.000000,0.910900,19.276097,0.062508,-5.331807,20.000000
0.441200,3,"LINK_TORSO_YAW",0.427600,0.200000,0.013600,20.000000,0.000000,0.000000,20.000000,0.000000,0.000000,0.000000,0.000000,0.012160,0.000000,0.910900,19.275320,0.062527,-5.334616,20.000000
0.441300,3,"LINK_TORSO_YAW",0.427600,0.200000,0.013700,20.000000,0.000000,0.000000,20.000000,0.000000,0.000000,0.000000,0.000000,0.012160,0.000000,0.910900,19.274542,0.062545,-5.337425,20.000000
0.441400,3,"LINK_TORSO_YAW",0.427600,0.200000,0.013800,20.000000,0.000000,0.000000,20.000000,0.000000,0.000000,0.000000,0.000000,0.012160,0.000000,0.910900,19.273764,0.062564,-5.340234,20.000000
0.441500,3,"LINK_TORSO_YAW",0.427600,0.200000,0.013900,20.000000,0.000000,0.000000,20.000000,0.000000,0.000000,0.000000,0.000000,0.012160,0.000000,0.910900,19.272985,0.062584,-5.343044,20.000000
0.441600,3,"LINK_TORSO_YAW",0.427600,0.200000,0.014000,20.000000,0.000000,0.000000,20.000000,0.000000,0.000000,0.000000,0.000000,0.012160,0.000000,0.910900,19.272206,0.062604,-5.345855,20.000000
0.441700,3,"LINK_TORSO_YAW",0.427600,0.200000,0.014100,20.000000,0.000000,0.000000,20.000000,0.000000,0.000000,0.000000,0.000000,0.012160,0.000000,0.910900,19.271425,0.062624,-5.348668,20.000000
0.441800,3,"LINK_TORSO_YAW",0.427600,0.200000,0.014200,20.000000,0.000000,0.000000,20.000000,0.000000,0.000000,0.000000,0.000000,0.012160,0.000000,0.910900,19.270643,0.062643,-5.351484,20.000000
0.441900,3,"LINK_TORSO_YAW",0.427600,0.200000,0.014300,20.000000,0.000000,0.000000,20.000000,0.000000,0.000000,0.000000,0.000000,0.012160,0.000000,0.910900,19.269860,0.062663,-5.354304,20.000000
0.442000,3,"LINK_TORSO_YAW",0.427600,0.200000,0.014400,20.000000,0.000000,0.000000,20.000000,0.000000,0.000000,0.000000,0.000000,0.012160,0.000000,0.910900,19.269075,0.062683,-5.357128,20.000000
0.442100,3,"LINK_TORSO_YAW",0.427600,0.200000,0.014500,20.000000,0.000000,0.000000,20.000000,0.000000,0.000000,0.000000,0.000000,0.012160,0.000000,0.910900,19.268289,0.062703,-5.359955,20.000000
0.442200,3,"LINK_TORSO_YAW",0.427600,0.200000,0.014600,20.000000,0.000000,0.000000,20.000000,0.000000,0.000000,0.000000,0.000000,0.012160,0.000000,0.910900,19.267502,0.062723,-5.362782,20.000000
0.442300,3,"LINK_TORSO_YAW",0.427600,0.200000,0.014700,20.000000,0.000000,0.000000,20.000000,0.000000,0.000000,0.000000,0.000000,0.012160,0.000000,0.910900,19.266715,0.062742,-5.365609,20.000000
0.442400,3,"LINK_TORSO_YAW",0.427600,0.200000,0.014800,20.000000,0.000000,0.000000,20.000000,0.000000,0.000000,0.000000,0.000000,0.012160,0.000000,0.910900,19.265927,0.062761,-5.368436,20.000000
0.442500,3,"LINK_TORSO_YAW",0.427600,0.200000,0.014900,20.000000,0.000000,0.000000,20.000000,0.000000,0.000000,0.000000,0.000000,0.012160,0.000000,0.910900,19.265139,0.062779,-5.371263,20.000000
0.442600,3,"LINK_TORSO_YAW",0.427600,0.200000,0.015000,20.000000,0.000000,0.000000,20.000000,0.000000,0.000000,0.000000,0.000000,0.012160,0.000000,0.910900,19.264350,0.062797,-5.374092,20.000000
0.442700,3,"LINK_TORSO_YAW",0.427600,0.200000,0.015100,20.000000,0.000000,0.000000,20.000000,0.000000,0.000000,0.000000,0.000000,0.012160,0.000000,0.910900,19.263560,0.062814,-5.376922,20.000000
0.442800,3,"LINK_TORSO_YAW",0.427600,0.200000,0.015200,20.000000,0.000000,0.000000,20.000000,0.000000,0.000000,0.000000,0.000000,0.012160,0.000000,0.910900,19.262770,0.062831,-5.379755,20.000000
0.442900,3,"LINK_TORSO_YAW",0.427600,0.200000,0.015300,20.000000,0.000000,0.000000,20.000000,0.000000,0.000000,0.000000,0.000000,0.012160,0.000000,0.910900,19.261978,0.062848,-5.382590,20.000000
0.443000,3,"LINK_TORSO_YAW",0.427600,0.200000,0.015400,20.000000,0.000000,0.000000,20.000000,0.000000,0.000000,0.000000,0.000000,0.012160,0.000000,0.910900,19.261184,0.062865,-5.385427,20.000000
0.443100,3,"LINK_TORSO_YAW",0.427600,0.200000,0.015500,20.000000,0.000000,0.000000,20.000000,0.000000,0.000000,0.000000,0.000000,0.012160,0.000000,0.910900,19.260390,0.062883,-5.388268,20.000000
0.443200,3,"LINK_TORSO_YAW",0.427600,0.200000,0.015600,20.000000,0.000000,0.000000,20.000000,0.000000,0.000000,0.000000,0.000000,0.012160,0.000000,0.910900,19.259595,0.062900,-5.391108,20.000000
0.443300,3,"LINK_TORSO_YAW",0.427600,0.200000,0.015700,20.000000,0.000000,0.000000,20.000000,0.000000,0.000000,0.000000,0.000000,0.012160,0.000000,0.910900,19.258800,0.062917,-5.393948,20.000000
0.443400,3,"LINK_TORSO_YAW",0.427600,0.200000,0.015800,20.000000,0.000000,0.000000,20.000000,0.000000,0.000000,0.000000,0.000000,0.012160,0.000000,0.910900,19.258004,0.062933,-5.396788,20.000000
0.443500,3,"LINK_TORSO_YAW",0.427600,0.200000,0.015900,20.000000,0.000000,0.000000,20.000000,0.000000,0.000000,0.000000,0.000000,0.012160,0.000000,0.910900,19.257208,0.062950,-5.399629,20.000000
0.443600,3,"LINK_TORSO_YAW",0.427600,0.200000,0.016000,20.000000,0.000000,0.000000,20.000000,0.000000,0.000000,0.000000,0.000000,0.012160,0.000000,0.910900,19.256410,0.062966,-5.402472,20.000000
0.443700,3,"LINK_TORSO_YAW",0.427600,0.200000,0.016100,20.000000,0.000000,0.000000,20.000000,0.000000,0.000000,0.000000,0.000000,0.012160,0.000000,0.910900,19.255612,0.062982,-5.405317,20.000000
0.443800,3,"LINK_TORSO_YAW",0.427600,0.200000,0.016200,20.000000,0.000000,0.000000,20.000000,0.000000,0.000000,0.000000,0.000000,0.012160,0.000000,0.910900,19.254812,0.062998,-5.408166,20.000000
0.443900,3,"LINK_TORSO_YAW",0.427600,0.200000,0.016300,20.000000,0.000000,0.000000,20.000000,0.000000,0.000000,0.000000,0.000000,0.012160,0.000000,0.910900,19.254010,0.063015,-5.411018,20.000000
0.444000,3,"LINK_TORSO_YAW",0.427600,0.200000,0.016400,20.000000,0.000000,0.000000,20.000000,0.000000,0.000000,0.000000,0.000000,0.012160,0.000000,0.910900,19.253208,0.063032,-5.413873,20.000000
0.444100,3,"LINK_TORSO_YAW",0.427600,0.200000,0.016500,20.000000,0.000000,0.000000,20.000000,0.000000,0.000000,0.000000,0.000000,0.012160,0.000000,0.910900,19.252403,0.063048,-5.416733,20.000000
0.444200,3,"LINK_TORSO_YAW",0.427600,0.200000,0.016600,20.000000,0.000000,0.000000,20.000000,0.000000,0.000000,0.000000,0.000000,0.012160,0.000000,0.910900,19.251598,0.063066,-5.419592,20.000000
0.444300,3,"LINK_TORSO_YAW",0.427600,0.200000,0.016700,20.000000,0.000000,0.000000,20.000000,0.000000,0.000000,0.000000,0.000000,0.012160,0.000000,0.910900,19.250793,0.063083,-5.422452,20.000000
0.444400,3,"LINK_TORSO_YAW",0.427600,0.200000,0.016800,20.000000,0.000000,0.000000,20.000000,0.000000,0.000000,0.000000,0.000000,0.012160,0.000000,0.910900,19.249987,0.063101,-5.425312,20.000000
0.444500,3,"LINK_TORSO_YAW",0.427600,0.200000,0.016900,20.000000,0.000000,0.000000,20.000000,0.000000,0.000000,0.000000,0.000000,0.012160,0.000000,0.910900,19.249180,0.063118,-5.428175,20.000000
0.444600,3,"LINK_TORSO_YAW",0.427600,0.200000,0.017000,20.000000,0.000000,0.000000,20.000000,0.000000,0.000000,0.000000,0.000000,0.012160,0.000000,0.910900,19.248372,0.063135,-5.431039,20.000000
0.444700,3,"LINK_TORSO_YAW",0.427600,0.200000,0.017100,20.000000,0.000000,0.000000,20.000000,0.000000,0.000000,0.000000,0.000000,0.012160,0.000000,0.910900,19.247563,0.063151,-5.433906,20.000000
0.444800,3,"LINK_TORSO_YAW",0.427600,0.200000,0.017200,20.000000,0.000000,0.000000,20.000000,0.000000,0.000000,0.000000,0.000000,0.012160,0.000000,0.910900,19.246752,0.063168,-5.436777,20.000000
0.444900,3,"LINK_TORSO_YAW",0.427600,0.200000,0.017300,20.000000,0.000000,0.000000,20.000000,0.000000,0.000000,0.000000,0.000000,0.012160,0.000000,0.910900,19.245940,0.063184,-5.439650,20.000000
0.445000,3,"LINK_TORSO_YAW",0.427600,0.200000,0.017400,20.000000,0.000000,0.000000,20.000000,0.000000,0.000000,0.000000,0.000000,0.012160,0.000000,0.910900,19.245127,0.063201,-5.442526,20.000000
0.445100,3,"LINK_TORSO_YAW",0.427600,0.200000,0.017500,20.000000,0.000000,0.000000,20.000000,0.000000,0.000000,0.000000,0.000000,0.012160,0.000000,0.910900,19.244314,0.063217,-5.445402,20.000000
0.445200,3,"LINK_TORSO_YAW",0.427600,0.200000,0.017600,20.000000,0.000000,0.000000,20.000000,0.000000,0.000000,0.000000,0.000000,0.012160,0.000000,0.910900,19.243500,0.063234,-5.448276,20.000000
0.445300,3,"LINK_TORSO_YAW",0.427600,0.200000,0.017700,20.000000,0.000000,0.000000,20.000000,0.000000,0.000000,0.000000,0.000000,0.012160,0.000000,0.910900,19.242686,0.063251,-5.451151,20.000000
0.445400,3,"LINK_TORSO_YAW",0.427600,0.200000,0.017800,20.000000,0.000000,0.000000,20.000000,0.000000,0.000000,0.000000,0.000000,0.012160,0.000000,0.910900,19.241871,0.063268,-5.454025,20.000000
0.445500,3,"LINK_TORSO_YAW",0.427600,0.200000,0.017900,20.000000,0.000000,0.000000,20.000000,0.000000,0.000000,0.000000,0.000000,0.012160,0.000000,0.910900,19.241056,0.063286,-5.456901,20.000000
0.445600,3,"LINK_TORSO_YAW",0.427600,0.200000,0.018000,20.000000,0.000000,0.000000,20.000000,0.000000,0.000000,0.000000,0.000000,0.012160,0.000000,0.910900,19.240239,0.063303,-5.459778,20.000000
0.445700,3,"LINK_TORSO_YAW",0.427600,0.200000,0.018100,20.000000,0.000000,0.000000,20.000000,0.000000,0.000000,0.000000,0.000000,0.012160,0.000000,0.910900,19.239422,0.063321,-5.462658,20.000000
0.445800,3,"LINK_TORSO_YAW",0.427600,0.200000,0.018200,20.000000,0.000000,0.000000,20.000000,0.000000,0.000000,0.000000,0.000000,0.012160,0.000000,0.910900,19.238603,0.063339,-5.465540,20.000000
0.445900,3,"LINK_TORSO_YAW",0.427600,0.200000,0.018300,20.000000,0.000000,0.000000,20.000000,0.000000,0.000000,0.000000,0.000000,0.012160,0.000000,0.910900,19.237783,0.063357,-5.468427,20.000000
0.446000,3,"LINK_TORSO_YAW",0.427600,0.200000,0.018400,20.000000,0.000000,0.000000,20.000000,0.000000,0.000000,0.000000,0.000000,0.012160,0.000000,0.910900,19.236961,0.063376,-5.471317,20.000000
0.446100,3,"LINK_TORSO_YAW",0.427600,0.200000,0.018500,20.000000,0.000000,0.000000,20.000000,0.000000,0.000000,0.000000,0.000000,0.012160,0.000000,0.910900,19.236139,0.063394,-5.474207,20.000000
0.446200,3,"LINK_TORSO_YAW",0.427600,0.200000,0.018600,20.000000,0.000000,0.000000,20.000000,0.000000,0.000000,0.000000,0.000000,0.012160,0.000000,0.910900,19.235316,0.063413,-5.477097,20.000000
0.446300,3,"LINK_TORSO_YAW",0.427600,0.200000,0.018700,20.000000,0.000000,0.000000,20.000000,0.000000,0.000000,0.000000,0.000000,0.012160,0.000000,0.910900,19.234493,0.063432,-5.479987,20.000000
0.446400,3,"LINK_TORSO_YAW",0.427600,0.200000,0.018800,20.000000,0.000000,0.000000,20.000000,0.000000,0.000000,0.000000,0.000000,0.012160,0.000000,0.910900,19.233669,0.063450,-5.482878,20.000000
0.446500,3,"LINK_TORSO_YAW",0.427600,0.200000,0.018900,20.000000,0.000000,0.000000,20.000000,0.000000,0.000000,0.000000,0.000000,0.012160,0.000000,0.910900,19.232844,0.063469,-5.485771,20.000000
0.446600,3,"LINK_TORSO_YAW",0.427600,0.200000,0.019000,20.000000,0.000000,0.000000,20.000000,0.000000,0.000000,0.000000,0.000000,0.012160,0.000000,0.910900,19.232018,0.063488,-5.488667,20.000000
0.446700,3,"LINK_TORSO_YAW",0.427600,0.200000,0.019100,20.000000,0.000000,0.000000,20.000000,0.000000,0.000000,0.000000,0.000000,0.012160,0.000000,0.910900,19.231190,0.063507,-5.491565,20.000000
0.446800,3,"LINK_TORSO_YAW",0.427600,0.200000,0.019200,20.000000,0.000000,0.000000,20.000000,0.000000,0.000000,0.000000,0.000000,0.012160,0.000000,0.910900,19.230362,0.063526,-5.494466,20.000000
0.446900,3,"LINK_TORSO_YAW",0.427600,0.200000,0.019300,20.000000,0.000000,0.000000,20.000000,0.000000,0.000000,0.000000,0.000000,0.012160,0.000000,0.910900,19.229531,0.063544,-5.497370,20.000000
0.447000,3,"LINK_TORSO_YAW",0.427600,0.200000,0.019400,20.000000,0.000000,0.000000,20.000000,0.000000,0.000000,0.000000,0.000000,0.012160,0.000000,0.910900,19.228700,0.063563,-5.500278,20.000000
0.447100,3,"LINK_TORSO_YAW",0.427600,0.200000,0.019500,20.000000,0.000000,0.000000,20.000000,0.000000,0.000000,0.000000,0.000000,0.012160,0.000000,0.910900,19.227868,0.063582,-5.503186,20.000000
0.447200,3,"LINK_TORSO_YAW",0.427600,0.200000,0.019600,20.000000,0.000000,0.000000,20.000000,0.000000,0.000000,0.000000,0.000000,0.012160,0.000000,0.910900,19.227035,0.063601,-5.506094,20.000000
0.447300,3,"LINK_TORSO_YAW",0.427600,0.200000,0.019700,20.000000,0.000000,0.000000,20.000000,0.000000,0.000000,0.000000,0.000000,0.012160,0.000000,0.910900,19.226202,0.063621,-5.509002,20.000000
0.447400,3,"LINK_TORSO_YAW",0.427600,0.200000,0.019800,20.000000,0.000000,0.000000,20.000000,0.000000,0.000000,0.000000,0.000000,0.012160,0.000000,0.910900,19.225368,0.063641,-5.511911,20.000000
0.447500,3,"LINK_TORSO_YAW",0.427600,0.200000,0.019900,20.000000,0.000000,0.000000,20.000000,0.000000,0.000000,0.000000,0.000000,0.012160,0.000000,0.910900,19.224533,0.063662,-5.514822,20.000000
0.447600,3,"LINK_TORSO_YAW",0.427600,0.200000,0.020000,20.000000,0.000000,0.000000,20.000000,0.000000,0.000000,0.000000,0.000000,0.012160,0.000000,0.910900,19.223697,0.063683,-5.517735,20.000000
0.447700,3,"LINK_TORSO_YAW",0.427600,0.200000,0.020100,20.000000,0.000000,0.000000,20.000000,0.000000,0.000000,0.000000,0.000000,0.012160,0.000000,0.910900,19.222860,0.063705,-5.520651,20.000000
0.447800,3,"LINK_TORSO_YAW",0.427600,0.200000,0.020200,20.000000,0.000000,0.000000,20.000000,0.000000,0.000000,0.000000,0.000000,0.012160,0.000000,0.910900,19.222021,0.063727,-5.523571,20.000000
0.447900,3,"LINK_TORSO_YAW",0.427600,0.200000,0.020300,20.000000,0.000000,0.000000,20.000000,0.000000,0.000000,0.000000,0.000000,0.012160,0.000000,0.910900,19.221181,0.063750,-5.526495,20.000000
0.448000,3,"LINK_TORSO_YAW",0.427600,0.200000,0.020400,20.000000,0.000000,0.000000,20.000000,0.000000,0.000000,0.000000,0.000000,0.012160,0.000000,0.910900,19.220339,0.063773,-5.529423,20.000000
0.448100,3,"LINK_TORSO_YAW",0.427600,0.200000,0.020500,20.000000,0.000000,0.000000,20.000000,0.000000,0.000000,0.000000,0.000000,0.012160,0.000000,0.910900,19.219494,0.063797,-5.532356,20.000000
0.448200,3,"LINK_TORSO_YAW",0.427600,0.200000,0.020600,20.000000,0.000000,0.000000,20.000000,0.000000,0.000000,0.000000,0.000000,0.012160,0.000000,0.910900,19.218650,0.063820,-5.535289,20.000000
0.448300,3,"LINK_TORSO_YAW",0.427600,0.200000,0.020700,20.000000,0.000000,0.000000,20.000000,0.000000,0.000000,0.000000,0.000000,0.012160,0.000000,0.910900,19.217805,0.063843,-5.538222,20.000000
0.448400,3,"LINK_TORSO_YAW",0.427600,0.200000,0.020800,20.000000,0.000000,0.000000,20.000000,0.000000,0.000000,0.000000,0.000000,0.012160,0.000000,0.910900,19.216959,0.063865,-5.541155,20.000000
0.448500,3,"LINK_TORSO_YAW",0.427600,0.200000,0.020900,20.000000,0.000000,0.000000,20.000000,0.000000,0.000000,0.000000,0.000000,0.012160,0.000000,0.910900,19.216113,0.063887,-5.544090,20.000000
0.448600,3,"LINK_TORSO_YAW",0.427600,0.200000,0.021000,20.000000,0.000000,0.000000,20.000000,0.000000,0.000000,0.000000,0.000000,0.012160,0.000000,0.910900,19.215265,0.063909,-5.547027,20.000000
0.448700,3,"LINK_TORSO_YAW",0.427600,0.200000,0.021100,20.000000,0.000000,0.000000,20.000000,0.000000,0.000000,0.000000,0.000000,0.012160,0.000000,0.910900,19.214416,0.063931,-5.549966,20.000000
0.448800,3,"LINK_TORSO_YAW",0.427600,0.200000,0.021200,20.000000,0.000000,0.000000,20.000000,0.000000,0.000000,0.000000,0.000000,0.012160,0.000000,0.910900,19.213566,0.063953,-5.552908,20.000000
0.448900,3,"LINK_TORSO_YAW",0.427600,0.200000,0.021300,20.000000,0.000000,0.000000,20.000000,0.000000,0.000000,0.000000,0.000000,0.012160,0.000000,0.910900,19.212715,0.063974,-5.555853,20.000000
0.449000,3,"LINK_TORSO_YAW",0.427600,0.200000,0.021400,20.000000,0.000000,0.000000,20.000000,0.000000,0.000000,0.000000,0.000000,0.012160,0.000000,0.910900,19.211862,0.063996,-5.558802,20.000000
0.449100,3,"LINK_TORSO_YAW",0.427600,0.200000,0.021500,20.000000,0.000000,0.000000,20.000000,0.000000,0.000000,0.000000,0.000000,0.012160,0.000000,0.910900,19.211007,0.064018,-5.561755,20.000000
0.449200,3,"LINK_TORSO_YAW",0.427600,0.200000,0.021600,20.000000,0.000000,0.000000,20.000000,0.000000,0.000000,0.000000,0.000000,0.012160,0.000000,0.910900,19.210151,0.064040,-5.564711,20.000000
0.449300,3,"LINK_TORSO_YAW",0.427600,0.200000,0.021700,20.000000,0.000000,0.000000,20.000000,0.000000,0.000000,0.000000,0.000000,0.012160,0.000000,0.910900,19.209293,0.064062,-5.567672,20.000000
0.449400,3,"LINK_TORSO_YAW",0.427600,0.200000,0.021800,20.000000,0.000000,0.000000,20.000000,0.000000,0.000000,0.000000,0.000000,0.012160,0.000000,0.910900,19.208434,0.064083,-5.570632,20.000000
0.449500,3,"LINK_TORSO_YAW",0.427600,0.200000,0.021900,20.000000,0.000000,0.000000,20.000000,0.000000,0.000000,0.000000,0.000000,0.012160,0.000000,0.910900,19.207576,0.064105,-5.573591,20.000000
0.449600,3,"LINK_TORSO_YAW",0.427600,0.200000,0.022000,20.000000,0.000000,0.000000,20.000000,0.000000,0.000000,0.000000,0.000000,0.012160,0.000000,0.910900,19.206717,0.064126,-5.576551,20.000000
0.449700,3,"LINK_TORSO_YAW",0.427600,0.200000,0.022100,20.000000,0.000000,0.000000,20.000000,0.000000,0.000000,0.000000,0.000000,0.012160,0.000000,0.910900,19.205857,0.064148,-5.579511,20.000000
0.449800,3,"LINK_TORSO_YAW",0.427600,0.200000,0.022200,20.000000,0.000000,0.000000,20.000000,0.000000,0.000000,0.000000,0.000000,0.012160,0.000000,0.910900,19.204997,0.064169,-5.582471,20.000000
0.449900,3,"LINK_TORSO_YAW",0.427600,0.200000,0.022300,20.000000,0.000000,0.000000,20.000000,0.000000,0.000000,0.000000,0.000000,0.012160,0.000000,0.910900,19.204135,0.064190,-5.585433,20.000000
0.450000,3,"LINK_TORSO_YAW",0.427600,0.200000,0.022400,20.000000,0.000000,0.000000,20.000000,0.000000,0.000000,0.000000,0.000000,0.012160,0.000000,0.910900,19.203273,0.064211,-5.588397,20.000000
0.450100,3,"LINK_TORSO_YAW",0.427600,0.200000,0.022500,20.000000,0.000000,0.000000,20.000000,0.000000,0.000000,0.000000,0.000000,0.012160,0.000000,0.910900,19.202409,0.064233,-5.591363,20.000000
0.450200,3,"LINK_TORSO_YAW",0.427600,0.200000,0.022600,20.000000,0.000000,0.000000,20.000000,0.000000,0.000000,0.000000,0.000000,0.012160,0.000000,0.910900,19.201545,0.064254,-5.594332,20.000000
0.450300,3,"LINK_TORSO_YAW",0.427600,0.200000,0.022700,20.000000,0.000000,0.000000,20.000000,0.000000,0.000000,0.000000,0.000000,0.012160,0.000000,0.910900,19.200678,0.064276,-5.597305,20.000000
0.450400,3,"LINK_TORSO_YAW",0.427600,0.200000,0.022800,20.000000,0.000000,0.000000,20.000000,0.000000,0.000000,0.000000,0.000000,0.012160,0.000000,0.910900,19.199810,0.064297,-5.600281,20.000000
0.450500,3,"LINK_TORSO_YAW",0.427600,0.200000,0.022900,20.000000,0.000000,0.000000,20.000000,0.000000,0.000000,0.000000,0.000000,0.012160,0.000000,0.910900,19.198942,0.064318,-5.603257,20.000000
0.450600,3,"LINK_TORSO_YAW",0.427600,0.200000,0.023000,20.000000,0.000000,0.000000,20.000000,0.000000,0.000000,0.000000,0.000000,0.012160,0.000000,0.910900,19.198073,0.064339,-5.606233,20.000000
0.450700,3,"LINK_TORSO_YAW",0.427600,0.200000,0.023100,20.000000,0.000000,0.000000,20.000000,0.000000,0.000000,0.000000,0.000000,0.012160,0.000000,0.910900,19.197203,0.064361,-5.609210,20.000000
0.450800,3,"LINK_TORSO_YAW",0.427600,0.200000,0.023200,20.000000,0.000000,0.000000,20.000000,0.000000,0.000000,0.000000,0.000000,0.012160,0.000000,0.910900,19.196333,0.064382,-5.612189,20.000000
0.450900,3,"LINK_TORSO_YAW",0.427600,0.200000,0.023300,20.000000,0.000000,0.000000,20.000000,0.000000,0.000000,0.000000,0.000000,0.012160,0.000000,0.910900,19.195461,0.064403,-5.615170,20.000000
0.451000,3,"LINK_TORSO_YAW",0.427600,0.200000,0.023400,20.000000,0.000000,0.000000,20.000000,0.000000,0.000000,0.000000,0.000000,0.012160,0.000000,0.910900,19.194588,0.064424,-5.618153,20.000000
0.451100,3,"LINK_TORSO_YAW",0.427600,0.200000,0.023500,20.000000,0.000000,0.000000,20.000000,0.000000,0.000000,0.000000,0.000000,0.012160,0.000000,0.910900,19.193714,0.064446,-5.621138,20.000000
0.451200,3,"LINK_TORSO_YAW",0.427600,0.200000,0.023600,20.000000,0.000000,0.000000,20.000000,0.000000,0.000000,0.000000,0.000000,0.012160,0.000000,0.910900,19.192838,0.064467,-5.624127,20.000000
0.451300,3,"LINK_TORSO_YAW",0.427600,0.200000,0.023700,20.000000,0.000000,0.000000,20.000000,0.000000,0.000000,0.000000,0.000000,0.012160,0.000000,0.910900,19.191961,0.064489,-5.627119,20.000000
0.451400,3,"LINK_TORSO_YAW",0.427600,0.200000,0.023800,20.000000,0.000000,0.000000,20.000000,0.000000,0.000000,0.000000,0.000000,0.012160,0.000000,0.910900,19.191082,0.064511,-5.630116,20.000000
0.451500,3,"LINK_TORSO_YAW",0.427600,0.200000,0.023900,20.000000,0.000000,0.000000,20.000000,0.000000,0.000000,0.000000,0.000000,0.012160,0.000000,0.910900,19.190201,0.064532,-5.633117,20.000000
0.451600,3,"LINK_TORSO_YAW",0.427600,0.200000,0.024000,20.000000,0.000000,0.000000,20.000000,0.000000,0.000000,0.000000,0.000000,0.012160,0.000000,0.910900,19.189318,0.064555,-5.636124,20.000000
0.451700,3,"LINK_TORSO_YAW",0.427600,0.200000,0.024100,20.000000,0.000000,0.000000,20.000000,0.000000,0.000000,0.000000,0.000000,0.012160,0.000000,0.910900,19.188435,0.064577,-5.639130,20.000000
0.451800,3,"LINK_TORSO_YAW",0.427600,0.200000,0.024200,20.000000,0.000000,0.000000,20.000000,0.000000,0.000000,0.000000,0.000000,0.012160,0.000000,0.910900,19.187551,0.064599,-5.642137,20.000000
0.451900,3,"LINK_TORSO_YAW",0.427600,0.200000,0.024300,20.000000,0.000000,0.000000,20.000000,0.000000,0.000000,0.000000,0.000000,0.012160,0.000000,0.910900,19.186666,0.064621,-5.645144,20.000000
0.452000,3,"LINK_TORSO_YAW",0.427600,0.200000,0.024400,20.000000,0.000000,0.000000,20.000000,0.000000,0.000000,0.000000,0.000000,0.012160,0.000000,0.910900,19.185781,0.064643,-5.648152,20.000000
0.452100,3,"LINK_TORSO_YAW",0.427600,0.200000,0.024500,20.000000,0.000000,0.000000,20.000000,0.000000,0.000000,0.000000,0.000000,0.012160,0.000000,0.910900,19.184895,0.064664,-5.651162,20.000000
0.452200,3,"LINK_TORSO_YAW",0.427600,0.200000,0.024600,20.000000,0.000000,0.000000,20.000000,0.000000,0.000000,0.000000,0.000000,0.012160,0.000000,0.910900,19.184007,0.064685,-5.654173,20.000000
0.452300,3,"LINK_TORSO_YAW",0.427600,0.200000,0.024700,20.000000,0.000000,0.000000,20.000000,0.000000,0.000000,0.000000,0.000000,0.012160,0.000000,0.910900,19.183119,0.064706,-5.657186,20.000000
0.452400,3,"LINK_TORSO_YAW",0.427600,0.200000,0.024800,20.000000,0.000000,0.000000,20.000000,0.000000,0.000000,0.000000,0.000000,0.012160,0.000000,0.910900,19.182230,0.064727,-5.660201,20.000000
0.452500,3,"LINK_TORSO_YAW",0.427600,0.200000,0.024900,20.000000,0.000000,0.000000,20.000000,0.000000,0.000000,0.000000,0.000000,0.012160,0.000000,0.910900,19.181339,0.064748,-5.663220,20.000000
0.452600,3,"LINK_TORSO_YAW",0.427600,0.200000,0.025000,20.000000,0.000000,0.000000,20.000000,0.000000,0.000000,0.000000,0.000000,0.012160,0.000000,0.910900,19.180446,0.064769,-5.666241,20.000000
0.452700,3,"LINK_TORSO_YAW",0.427600,0.200000,0.025100,20.000000,0.000000,0.000000,20.000000,0.000000,0.000000,0.000000,0.000000,0.012160,0.000000,0.910900,19.179552,0.064791,-5.669267,20.000000
0.452800,3,"LINK_TORSO_YAW",0.427600,0.200000,0.025200,20.000000,0.000000,0.000000,20.000000,0.000000,0.000000,0.000000,0.000000,0.012160,0.000000,0.910900,19.178658,0.064812,-5.672291,20.000000
0.452900,3,"LINK_TORSO_YAW",0.427600,0.200000,0.025300,20.000000,0.000000,0.000000,20.000000,0.000000,0.000000,0.000000,0.000000,0.012160,0.000000,0.910900,19.177763,0.064833,-5.675316,20.000000
0.453000,3,"LINK_TORSO_YAW",0.427600,0.200000,0.025400,20.000000,0.000000,0.000000,20.000000,0.000000,0.000000,0.000000,0.000000,0.012160,0.000000,0.910900,19.176867,0.064854,-5.678340,20.000000
0.453100,3,"LINK_TORSO_YAW",0.427600,0.200000,0.025500,20.000000,0.000000,0.000000,20.000000,0.000000,0.000000,0.000000,0.000000,0.012160,0.000000,0.910900,19.175971,0.064875,-5.681366,20.000000
0.453200,3,"LINK_TORSO_YAW",0.427600,0.200000,0.025600,20.000000,0.000000,0.000000,20.000000,0.000000,0.000000,0.000000,0.000000,0.012160,0.000000,0.910900,19.175074,0.064895,-5.684394,20.000000
0.453300,3,"LINK_TORSO_YAW",0.427600,0.200000,0.025700,20.000000,0.000000,0.000000,20.000000,0.000000,0.000000,0.000000,0.000000,0.012160,0.000000,0.910900,19.174175,0.064916,-5.687426,20.000000
0.453400,3,"LINK_TORSO_YAW",0.427600,0.200000,0.025800,20.000000,0.000000,0.000000,20.000000,0.000000,0.000000,0.000000,0.000000,0.012160,0.000000,0.910900,19.173274,0.064936,-5.690461,20.000000
0.453500,3,"LINK_TORSO_YAW",0.427600,0.200000,0.025900,20.000000,0.000000,0.000000,20.000000,0.000000,0.000000,0.000000,0.000000,0.012160,0.000000,0.910900,19.172372,0.064957,-5.693500,20.000000
0.453600,3,"LINK_TORSO_YAW",0.427600,0.200000,0.026000,20.000000,0.000000,0.000000,20.000000,0.000000,0.000000,0.000000,0.000000,0.012160,0.000000,0.910900,19.171468,0.064977,-5.696543,20.000000
0.453700,3,"LINK_TORSO_YAW",0.427600,0.200000,0.026100,20.000000,0.000000,0.000000,20.000000,0.000000,0.000000,0.000000,0.000000,0.012160,0.000000,0.910900,19.170562,0.064997,-5.699591,20.000000
0.453800,3,"LINK_TORSO_YAW",0.427600,0.200000,0.026200,20.000000,0.000000,0.000000,20.000000,0.000000,0.000000,0.000000,0.000000,0.012160,0.000000,0.910900,19.169654,0.065018,-5.702644,20.000000
0.453900,3,"LINK_TORSO_YAW",0.427600,0.200000,0.026300,20.000000,0.000000,0.000000,20.000000,0.000000,0.000000,0.000000,0.000000,0.012160,0.000000,0.910900,19.168745,0.065038,-5.705696,20.000000
0.454000,3,"LINK_TORSO_YAW",0.427600,0.200000,0.026400,20.000000,0.000000,0.000000,20.000000,0.000000,0.000000,0.000000,0.000000,0.012160,0.000000,0.910900,19.167836,0.065058,-5.708749,20.000000
0.454100,3,"LINK_TORSO_YAW",0.427600,0.200000,0.026500,20.000000,0.000000,0.000000,20.000000,0.000000,0.000000,0.000000,0.000000,0.012160,0.000000,0.910900,19.166927,0.065078,-5.711802,20.000000
0.454200,3,"LINK_TORSO_YAW",0.427600,0.200000,0.026600,20.000000,0.000000,0.000000,20.000000,0.000000,0.000000,0.000000,0.000000,0.012160,0.000000,0.910900,19.166016,0.065099,-5.714856,20.000000
0.454300,3,"LINK_TORSO_YAW",0.427600,0.200000,0.026700,20.000000,0.000000,0.000000,20.000000,0.000000,0.000000,0.000000,0.000000,0.012160,0.000000,0.910900,19.165105,0.065120,-5.717910,20.000000
0.454400,3,"LINK_TORSO_YAW",0.427600,0.200000,0.026800,20.000000,0.000000,0.000000,20.000000,0.000000,0.000000,0.000000,0.000000,0.012160,0.000000,0.910900,19.164193,0.065142,-5.720967,20.000000
0.454500,3,"LINK_TORSO_YAW",0.427600,0.200000,0.026900,20.000000,0.000000,0.000000,20.000000,0.000000,0.000000,0.000000,0.000000,0.012160,0.000000,0.910900,19.163280,0.065164,-5.724025,20.000000
0.454600,3,"LINK_TORSO_YAW",0.427600,0.200000,0.027000,20.000000,0.000000,0.000000,20.000000,0.000000,0.000000,0.000000,0.000000,0.012160,0.000000,0.910900,19.162365,0.065186,-5.727086,20.000000
0.454700,3,"LINK_TORSO_YAW",0.427600,0.200000,0.027100,20.000000,0.000000,0.000000,20.000000,0.000000,0.000000,0.000000,0.000000,0.012160,0.000000,0.910900,19.161449,0.065209,-5.730150,20.000000
0.454800,3,"LINK_TORSO_YAW",0.427600,0.200000,0.027200,20.000000,0.000000,0.000000,20.000000,0.000000,0.000000,0.000000,0.000000,0.012160,0.000000,0.910900,19.160531,0.065231,-5.733219,20.000000
0.454900,3,"LINK_TORSO_YAW",0.427600,0.200000,0.027300,20.000000,0.000000,0.000000,20.000000,0.000000,0.000000,0.000000,0.000000,0.012160,0.000000,0.910900,19.159611,0.065254,-5.736292,20.000000
0.455000,3,"LINK_TORSO_YAW",0.427600,0.200000,0.027400,20.000000,0.000000,0.000000,20.000000,0.000000,0.000000,0.000000,0.000000,0.012160,0.000000,0.910900,19.158689,0.065278,-5.739371,20.000000
0.455100,3,"LINK_TORSO_YAW",0.427600,0.200000,0.027500,20.000000,0.000000,0.000000,20.000000,0.000000,0.000000,0.000000,0.000000,0.012160,0.000000,0.910900,19.157766,0.065301,-5.742450,20.000000
0.455200,3,"LINK_TORSO_YAW",0.427600,0.200000,0.027600,20.000000,0.000000,0.000000,20.000000,0.000000,0.000000,0.000000,0.000000,0.012160,0.000000,0.910900,19.156843,0.065324,-5.745529,20.000000
0.455300,3,"LINK_TORSO_YAW",0.427600,0.200000,0.027700,20.000000,0.000000,0.000000,20.000000,0.000000,0.000000,0.000000,0.000000,0.012160,0.000000,0.910900,19.155919,0.065347,-5.748609,20.000000
0.455400,3,"LINK_TORSO_YAW",0.427600,0.200000,0.027800,20.000000,0.000000,0.000000,20.000000,0.000000,0.000000,0.000000,0.000000,0.012160,0.000000,0.910900,19.154994,0.065371,-5.751689,20.000000
0.455500,3,"LINK_TORSO_YAW",0.427600,0.200000,0.027900,20.000000,0.000000,0.000000,20.000000,0.000000,0.000000,0.000000,0.000000,0.012160,0.000000,0.910900,19.154068,0.065395,-5.754771,20.000000
0.455600,3,"LINK_TORSO_YAW",0.427600,0.200000,0.028000,20.000000,0.000000,0.000000,20.000000,0.000000,0.000000,0.000000,0.000000,0.012160,0.000000,0.910900,19.153142,0.065419,-5.757853,20.000000
0.455700,3,"LINK_TORSO_YAW",0.427600,0.200000,0.028100,20.000000,0.000000,0.000000,20.000000,0.000000,0.000000,0.000000,0.000000,0.012160,0.000000,0.910900,19.152214,0.065443,-5.760938,20.000000
0.455800,3,"LINK_TORSO_YAW",0.427600,0.200000,0.028200,20.000000,0.000000,0.000000,20.000000,0.000000,0.000000,0.000000,0.000000,0.012160,0.000000,0.910900,19.151286,0.065467,-5.764024,20.000000
0.455900,3,"LINK_TORSO_YAW",0.427600,0.200000,0.028300,20.000000,0.000000,0.000000,20.000000,0.000000,0.000000,0.000000,0.000000,0.012160,0.000000,0.910900,19.150355,0.065491,-5.767114,20.000000
0.456000,3,"LINK_TORSO_YAW",0.427600,0.200000,0.028400,20.000000,0.000000,0.000000,20.000000,0.000000,0.000000,0.000000,0.000000,0.012160,0.000000,0.910900,19.149423,0.065516,-5.770209,20.000000
0.456100,3,"LINK_TORSO_YAW",0.427600,0.200000,0.028500,20.000000,0.000000,0.000000,20.000000,0.000000,0.000000,0.000000,0.000000,0.012160,0.000000,0.910900,19.148489,0.065540,-5.773307,20.000000
0.456200,3,"LINK_TORSO_YAW",0.427600,0.200000,0.028600,20.000000,0.000000,0.000000,20.000000,0.000000,0.000000,0.000000,0.000000,0.012160,0.000000,0.910900,19.147553,0.065564,-5.776410,20.000000
0.456300,3,"LINK_TORSO_YAW",0.427600,0.200000,0.028700,20.000000,0.000000,0.000000,20.000000,0.000000,0.000000,0.000000,0.000000,0.012160,0.000000,0.910900,19.146616,0.065589,-5.779514,20.000000
0.456400,3,"LINK_TORSO_YAW",0.427600,0.200000,0.028800,20.000000,0.000000,0.000000,20.000000,0.000000,0.000000,0.000000,0.000000,0.012160,0.000000,0.910900,19.145679,0.065613,-5.782618,20.000000
0.456500,3,"LINK_TORSO_YAW",0.427600,0.200000,0.028900,20.000000,0.000000,0.000000,20.000000,0.000000,0.000000,0.000000,0.000000,0.012160,0.000000,0.910900,19.144741,0.065637,-5.785722,20.000000
0.456600,3,"LINK_TORSO_YAW",0.427600,0.200000,0.029000,20.000000,0.000000,0.000000,20.000000,0.000000,0.000000,0.000000,0.000000,0.012160,0.000000,0.910900,19.143802,0.065661,-5.788828,20.000000
0.456700,3,"LINK_TORSO_YAW",0.427600,0.200000,0.029100,20.000000,0.000000,0.000000,20.000000,0.000000,0.000000,0.000000,0.000000,0.012160,0.000000,0.910900,19.142862,0.065685,-5.791934,20.000000
0.456800,3,"LINK_TORSO_YAW",0.427600,0.200000,0.029200,20.000000,0.000000,0.000000,20.000000,0.000000,0.000000,0.000000,0.000000,0.012160,0.000000,0.910900,19.141921,0.065708,-5.795043,20.000000
0.456900,3,"LINK_TORSO_YAW",0.427600,0.200000,0.029300,20.000000,0.000000,0.000000,20.000000,0.000000,0.000000,0.000000,0.000000,0.012160,0.000000,0.910900,19.140979,0.065731,-5.798155,20.000000
0.457000,3,"LINK_TORSO_YAW",0.427600,0.200000,0.029400,20.000000,0.000000,0.000000,20.000000,0.000000,0.000000,0.000000,0.000000,0.012160,0.000000,0.910900,19.140035,0.065754,-5.801270,20.000000
0.457100,3,"LINK_TORSO_YAW",0.427600,0.200000,0.029500,20.000000,0.000000,0.000000,20.000000,0.000000,0.000000,0.000000,0.000000,0.012160,0.000000,0.910900,19.139089,0.065777,-5.804389,20.000000
0.457200,3,"LINK_TORSO_YAW",0.427600,0.200000,0.029600,20.000000,0.000000,0.000000,20.000000,0.000000,0.000000,0.000000,0.000000,0.012160,0.000000,0.910900,19.138142,0.065800,-5.807512,20.000000
0.457300,3,"LINK_TORSO_YAW",0.427600,0.200000,0.029700,20.000000,0.000000,0.000000,20.000000,0.000000,0.000000,0.000000,0.000000,0.012160,0.000000,0.910900,19.137194,0.065824,-5.810634,20.000000
0.457400,3,"LINK_TORSO_YAW",0.427600,0.200000,0.029800,20.000000,0.000000,0.000000,20.000000,0.000000,0.000000,0.000000,0.000000,0.012160,0.000000,0.910900,19.136246,0.065848,-5.813757,20.000000
0.457500,3,"LINK_TORSO_YAW",0.427600,0.200000,0.029900,20.000000,0.000000,0.000000,20.000000,0.000000,0.000000,0.000000,0.000000,0.012160,0.000000,0.910900,19.135297,0.065872,-5.816879,20.000000
0.457600,3,"LINK_TORSO_YAW",0.427600,0.200000,0.030000,20.000000,0.000000,0.000000,20.000000,0.000000,0.000000,0.000000,0.000000,0.012160,0.000000,0.910900,19.134347,0.065896,-5.820003,20.000000
0.457700,3,"LINK_TORSO_YAW",0.427600,0.200000,0.030100,20.000000,0.000000,0.000000,20.000000,0.000000,0.000000,0.000000,0.000000,0.012160,0.000000,0.910900,19.133396,0.065921,-5.823127,20.000000
0.457800,3,"LINK_TORSO_YAW",0.427600,0.200000,0.030200,20.000000,0.000000,0.000000,20.000000,0.000000,0.000000,0.000000,0.000000,0.012160,0.000000,0.910900,19.132444,0.065945,-5.826253,20.000000
0.457900,3,"LINK_TORSO_YAW",0.427600,0.200000,0.030300,20.000000,0.000000,0.000000,20.000000,0.000000,0.000000,0.000000,0.000000,0.012160,0.000000,0.910900,19.131491,0.065970,-5.829381,20.000000
0.458000,3,"LINK_TORSO_YAW",0.427600,0.200000,0.030400,20.000000,0.000000,0.000000,20.000000,0.000000,0.000000,0.000000,0.000000,0.012160,0.000000,0.910900,19.130537,0.065994,-5.832511,20.000000
0.458100,3,"LINK_TORSO_YAW",0.427600,0.200000,0.030500,20.000000,0.000000,0.000000,20.000000,0.000000,0.000000,0.000000,0.000000,0.012160,0.000000,0.910900,19.129582,0.066018,-5.835644,20.000000
0.458200,3,"LINK_TORSO_YAW",0.427600,0.200000,0.030600,20.000000,0.000000,0.000000,20.000000,0.000000,0.000000,0.000000,0.000000,0.012160,0.000000,0.910900,19.128624,0.066042,-5.838781,20.000000
0.458300,3,"LINK_TORSO_YAW",0.427600,0.200000,0.030700,20.000000,0.000000,0.000000,20.000000,0.000000,0.000000,0.000000,0.000000,0.012160,0.000000,0.910900,19.127665,0.066066,-5.841923,20.000000
0.458400,3,"LINK_TORSO_YAW",0.427600,0.200000,0.030800,20.000000,0.000000,0.000000,20.000000,0.000000,0.000000,0.000000,0.000000,0.012160,0.000000,0.910900,19.126705,0.066090,-5.845065,20.000000
0.458500,3,"LINK_TORSO_YAW",0.427600,0.200000,0.030900,20.000000,0.000000,0.000000,20.000000,0.000000,0.000000,0.000000,0.000000,0.012160,0.000000,0.910900,19.125745,0.066114,-5.848207,20.000000
0.458600,3,"LINK_TORSO_YAW",0.427600,0.200000,0.031000,20.000000,0.000000,0.000000,20.000000,0.000000,0.000000,0.000000,0.000000,0.012160,0.000000,0.910900,19.124783,0.066139,-5.851350,20.000000
0.458700,3,"LINK_TORSO_YAW",0.427600,0.200000,0.031100,20.000000,0.000000,0.000000,20.000000,0.000000,0.000000,0.000000,0.000000,0.012160,0.000000,0.910900,19.123821,0.066163,-5.854495,20.000000
0.458800,3,"LINK_TORSO_YAW",0.427600,0.200000,0.031200,20.000000,0.000000,0.000000,20.000000,0.000000,0.000000,0.000000,0.000000,0.012160,0.000000,0.910900,19.122857,0.066186,-5.857641,20.000000
0.458900,3,"LINK_TORSO_YAW",0.427600,0.200000,0.031300,20.000000,0.000000,0.000000,20.000000,0.000000,0.000000,0.000000,0.000000,0.012160,0.000000,0.910900,19.121892,0.066210,-5.860789,20.000000
0.459000,3,"LINK_TORSO_YAW",0.427600,0.200000,0.031400,20.000000,0.000000,0.000000,20.000000,0.000000,0.000000,0.000000,0.000000,0.012160,0.000000,0.910900,19.120926,0.066233,-5.863940,20.000000
0.459100,3,"LINK_TORSO_YAW",0.427600,0.200000,0.031500,20.000000,0.000000,0.000000,20.000000,0.000000,0.000000,0.000000,0.000000,0.012160,0.000000,0.910900,19.119958,0.066256,-5.867094,20.000000
0.459200,3,"LINK_TORSO_YAW",0.427600,0.200000,0.031600,20.000000,0.000000,0.000000,20.000000,0.000000,0.000000,0.000000,0.000000,0.012160,0.000000,0.910900,19.118989,0.066279,-5.870252,20.000000
0.459300,3,"LINK_TORSO_YAW",0.427600,0.200000,0.031700,20.000000,0.000000,0.000000,20.000000,0.000000,0.000000,0.000000,0.000000,0.012160,0.000000,0.910900,19.118018,0.066302,-5.873414,20.000000
0.496500,4,"LINK_TORSO_YAW",0.496400,0.200000,0.000100,20.000000,0.000000,0.000000,20.000000,0.000000,0.000000,0.000000,0.000000,0.012160,0.000000,0.910900,18.732227,0.071859,-7.007033,20.000000
0.496600,4,"LINK_TORSO_YAW",0.496400,0.200000,0.000200,20.000000,0.000000,0.000000,20.000000,0.000000,0.000000,0.000000,0.000000,0.012160,0.000000,0.910900,18.731118,0.071865,-7.009998,20.000000
0.496700,4,"LINK_TORSO_YAW",0.496400,0.200000,0.000300,20.000000,0.000000,0.000000,20.000000,0.000000,0.000000,0.000000,0.000000,0.012160,0.000000,0.910900,18.730007,0.071872,-7.012964,20.000000
0.496800,4,"LINK_TORSO_YAW",0.496400,0.200000,0.000400,20.000000,0.000000,0.000000,20.000000,0.000000,0.000000,0.000000,0.000000,0.012160,0.000000,0.910900,18.728896,0.071879,-7.015930,20.000000
0.496900,4,"LINK_TORSO_YAW",0.496400,0.200000,0.000500,20.000000,0.000000,0.000000,20.000000,0.000000,0.000000,0.000000,0.000000,0.012160,0.000000,0.910900,18.727784,0.071887,-7.018898,20.000000
0.497000,4,"LINK_TORSO_YAW",0.496400,0.200000,0.000600,20.000000,0.000000,0.000000,20.000000,0.000000,0.000000,0.000000,0.000000,0.012160,0.000000,0.910900,18.726672,0.071895,-7.021866,20.000000
0.497100,4,"LINK_TORSO_YAW",0.496400,0.200000,0.000700,20.000000,0.000000,0.000000,20.000000,0.000000,0.000000,0.000000,0.000000,0.012160,0.000000,0.910900,18.725557,0.071903,-7.024836,20.000000
0.497200,4,"LINK_TORSO_YAW",0.496400,0.200000,0.000800,20.000000,0.000000,0.000000,20.000000,0.000000,0.000000,0.000000,0.000000,0.012160,0.000000,0.910900,18.724442,0.071911,-7.027809,20.000000
0.497300,4,"LINK_TORSO_YAW",0.496400,0.200000,0.000900,20.000000,0.000000,0.000000,20.000000,0.000000,0.000000,0.000000,0.000000,0.012160,0.000000,0.910900,18.723325,0.071919,-7.030784,20.000000
0.497400,4,"LINK_TORSO_YAW",0.496400,0.200000,0.001000,20.000000,0.000000,0.000000,20.000000,0.000000,0.000000,0.000000,0.000000,0.012160,0.000000,0.910900,18.722207,0.071927,-7.033762,20.000000
0.497500,4,"LINK_TORSO_YAW",0.496400,0.200000,0.001100,20.000000,0.000000,0.000000,20.000000,0.000000,0.000000,0.000000,0.000000,0.012160,0.000000,0.910900,18.721086,0.071936,-7.036743,20.000000
0.497600,4,"LINK_TORSO_YAW",0.496400,0.200000,0.001200,20.000000,0.000000,0.000000,20.000000,0.000000,0.000000,0.000000,0.000000,0.012160,0.000000,0.910900,18.719966,0.071944,-7.039723,20.000000
0.497700,4,"LINK_TORSO_YAW",0.496400,0.200000,0.001300,20.000000,0.000000,0.000000,20.000000,0.000000,0.000000,0.000000,0.000000,0.012160,0.000000,0.910900,18.718845,0.071953,-7.042704,20.000000
0.497800,4,"LINK_TORSO_YAW",0.496400,0.200000,0.001400,20.000000,0.000000,0.000000,20.000000,0.000000,0.000000,0.000000,0.000000,0.012160,0.000000,0.910900,18.717723,0.071962,-7.045684,20.000000
0.497900,4,"LINK_TORSO_YAW",0.496400,0.200000,0.001500,20.000000,0.000000,0.000000,20.000000,0.000000,0.000000,0.000000,0.000000,0.012160,0.000000,0.910900,18.716600,0.071970,-7.048666,20.000000
0.498000,4,"LINK_TORSO_YAW",0.496400,0.200000,0.001600,20.000000,0.000000,0.000000,20.000000,0.000000,0.000000,0.000000,0.000000,0.012160,0.000000,0.910900,18.715477,0.071979,-7.051649,20.000000
0.498100,4,"LINK_TORSO_YAW",0.496400,0.200000,0.001700,20.000000,0.000000,0.000000,20.000000,0.000000,0.000000,0.000000,0.000000,0.012160,0.000000,0.910900,18.714352,0.071987,-7.054634,20.000000
0.498200,4,"LINK_TORSO_YAW",0.496400,0.200000,0.001800,20.000000,0.000000,0.000000,20.000000,0.000000,0.000000,0.000000,0.000000,0.012160,0.000000,0.910900,18.713225,0.071995,-7.057621,20.000000
0.498300,4,"LINK_TORSO_YAW",0.496400,0.200000,0.001900,20.000000,0.000000,0.000000,20.000000,0.000000,0.000000,0.000000,0.000000,0.012160,0.000000,0.910900,18.712097,0.072004,-7.060611,20.000000
0.498400,4,"LINK_TORSO_YAW",0.496400,0.200000,0.002000,20.000000,0.000000,0.000000,20.000000,0.000000,0.000000,0.000000,0.000000,0.012160,0.000000,0.910900,18.710968,0.072012,-7.063604,20.000000
0.498500,4,"LINK_TORSO_YAW",0.496400,0.200000,0.002100,20.000000,0.000000,0.000000,20.000000,0.000000,0.000000,0.000000,0.000000,0.012160,0.000000,0.910900,18.709836,0.072021,-7.066601,20.000000
0.498600,4,"LINK_TORSO_YAW",0.496400,0.200000,0.002200,20.000000,0.000000,0.000000,20.000000,0.000000,0.000000,0.000000,0.000000,0.012160,0.000000,0.910900,18.708703,0.072030,-7.069601,20.000000
0.498700,4,"LINK_TORSO_YAW",0.496400,0.200000,0.002300,20.000000,0.000000,0.000000,20.000000,0.000000,0.000000,0.000000,0.000000,0.012160,0.000000,0.910900,18.707568,0.072038,-7.072602,20.000000
0.498800,4,"LINK_TORSO_YAW",0.496400,0.200000,0.002400,20.000000,0.000000,0.000000,20.000000,0.000000,0.000000,0.000000,0.000000,0.012160,0.000000,0.910900,18.706433,0.072047,-7.075604,20.000000
0.498900,4,"LINK_TORSO_YAW",0.496400,0.200000,0.002500,20.000000,0.000000,0.000000,20.000000,0.000000,0.000000,0.000000,0.000000,0.012160,0.000000,0.910900,18.705297,0.072055,-7.078607,20.000000
0.499000,4,"LINK_TORSO_YAW",0.496400,0.200000,0.002600,20.000000,0.000000,0.000000,20.000000,0.000000,0.000000,0.000000,0.000000,0.012160,0.000000,0.910900,18.704160,0.072064,-7.081611,20.000000
0.499100,4,"LINK_TORSO_YAW",0.496400,0.200000,0.002700,20.000000,0.000000,0.000000,20.000000,0.000000,0.000000,0.000000,0.000000,0.012160,0.000000,0.910900,18.703021,0.072072,-7.084618,20.000000
0.499200,4,"LINK_TORSO_YAW",0.496400,0.200000,0.002800,20.000000,0.000000,0.000000,20.000000,0.000000,0.000000,0.000000,0.000000,0.012160,0.000000,0.910900,18.701881,0.072080,-7.087627,20.000000
0.499300,4,"LINK_TORSO_YAW",0.496400,0.200000,0.002900,20.000000,0.000000,0.000000,20.000000,0.000000,0.000000,0.000000,0.000000,0.012160,0.000000,0.910900,18.700739,0.072089,-7.090640,20.000000
0.499400,4,"LINK_TORSO_YAW",0.496400,0.200000,0.003000,20.000000,0.000000,0.000000,20.000000,0.000000,0.000000,0.000000,0.000000,0.012160,0.000000,0.910900,18.699595,0.072097,-7.093655,20.000000
0.499500,4,"LINK_TORSO_YAW",0.496400,0.200000,0.003100,20.000000,0.000000,0.000000,20.000000,0.000000,0.000000,0.000000,0.000000,0.012160,0.000000,0.910900,18.698449,0.072106,-7.096675,20.000000
0.499600,4,"LINK_TORSO_YAW",0.496400,0.200000,0.003200,20.000000,0.000000,0.000000,20.000000,0.000000,0.000000,0.000000,0.000000,0.012160,0.000000,0.910900,18.697301,0.072115,-7.099699,20.000000
0.499700,4,"LINK_TORSO_YAW",0.496400,0.200000,0.003300,20.000000,0.000000,0.000000,20.000000,0.000000,0.000000,0.000000,0.000000,0.012160,0.000000,0.910900,18.696151,0.072125,-7.102728,20.000000
0.499800,4,"LINK_TORSO_YAW",0.496400,0.200000,0.003400,20.000000,0.000000,0.000000,20.000000,0.000000,0.000000,0.000000,0.000000,0.012160,0.000000,0.910900,18.694999,0.072134,-7.105758,20.000000
0.499900,4,"LINK_TORSO_YAW",0.496400,0.200000,0.003500,20.000000,0.000000,0.000000,20.000000,0.000000,0.000000,0.000000,0.000000,0.012160,0.000000,0.910900,18.693847,0.072144,-7.108789,20.000000
0.500000,4,"LINK_TORSO_YAW",0.496400,0.200000,0.003600,20.000000,0.000000,0.000000,20.000000,0.000000,0.000000,0.000000,0.000000,0.012160,0.000000,0.910900,18.692694,0.072154,-7.111821,20.000000
0.500200,4,"LINK_TORSO_YAW",0.496400,0.200000,0.003800,20.000000,0.000000,0.000000,20.000000,0.000000,0.000000,0.000000,0.000000,0.012160,0.000000,0.910900,18.690382,0.072174,-7.117893,20.000000
0.500300,4,"LINK_TORSO_YAW",0.496400,0.200000,0.003900,20.000000,0.000000,0.000000,20.000000,0.000000,0.000000,0.000000,0.000000,0.012160,0.000000,0.910900,18.689224,0.072184,-7.120933,20.000000
0.500400,4,"LINK_TORSO_YAW",0.496400,0.200000,0.004000,20.000000,0.000000,0.000000,20.000000,0.000000,0.000000,0.000000,0.000000,0.012160,0.000000,0.910900,18.688064,0.072195,-7.123977,20.000000
0.500500,4,"LINK_TORSO_YAW",0.496400,0.200000,0.004100,20.000000,0.000000,0.000000,20.000000,0.000000,0.000000,0.000000,0.000000,0.012160,0.000000,0.910900,18.686902,0.072207,-7.127025,20.000000
0.500600,4,"LINK_TORSO_YAW",0.496400,0.200000,0.004200,20.000000,0.000000,0.000000,20.000000,0.000000,0.000000,0.000000,0.000000,0.012160,0.000000,0.910900,18.685738,0.072218,-7.130077,20.000000
0.500700,4,"LINK_TORSO_YAW",0.496400,0.200000,0.004300,20.000000,0.000000,0.000000,20.000000,0.000000,0.000000,0.000000,0.000000,0.012160,0.000000,0.910900,18.684571,0.072231,-7.133134,20.000000
0.500800,4,"LINK_TORSO_YAW",0.496400,0.200000,0.004400,20.000000,0.000000,0.000000,20.000000,0.000000,0.000000,0.000000,0.000000,0.012160,0.000000,0.910900,18.683401,0.072244,-7.136196,20.000000
0.500900,4,"LINK_TORSO_YAW",0.496400,0.200000,0.004500,20.000000,0.000000,0.000000,20.000000,0.000000,0.000000,0.000000,0.000000,0.012160,0.000000,0.910900,18.682231,0.072257,-7.139259,20.000000
0.501000,4,"LINK_TORSO_YAW",0.496400,0.200000,0.004600,20.000000,0.000000,0.000000,20.000000,0.000000,0.000000,0.000000,0.000000,0.012160,0.000000,0.910900,18.681060,0.072271,-7.142322,20.000000
0.501100,4,"LINK_TORSO_YAW",0.496400,0.200000,0.004700,20.000000,0.000000,0.000000,20.000000,0.000000,0.000000,0.000000,0.000000,0.012160,0.000000,0.910900,18.679888,0.072285,-7.145387,20.000000
0.501200,4,"LINK_TORSO_YAW",0.496400,0.200000,0.004800,20.000000,0.000000,0.000000,20.000000,0.000000,0.000000,0.000000,0.000000,0.012160,0.000000,0.910900,18.678715,0.072299,-7.148453,20.000000
0.501300,4,"LINK_TORSO_YAW",0.496400,0.200000,0.004900,20.000000,0.000000,0.000000,20.000000,0.000000,0.000000,0.000000,0.000000,0.012160,0.000000,0.910900,18.677541,0.072312,-7.151521,20.000000
0.501400,4,"LINK_TORSO_YAW",0.496400,0.200000,0.005000,20.000000,0.000000,0.000000,20.000000,0.000000,0.000000,0.000000,0.000000,0.012160,0.000000,0.910900,18.676365,0.072326,-7.154590,20.000000
0.501500,4,"LINK_TORSO_YAW",0.496400,0.200000,0.005100,20.000000,0.000000,0.000000,20.000000,0.000000,0.000000,0.000000,0.000000,0.012160,0.000000,0.910900,18.675188,0.072341,-7.157662,20.000000
0.501600,4,"LINK_TORSO_YAW",0.496400,0.200000,0.005200,20.000000,0.000000,0.000000,20.000000,0.000000,0.000000,0.000000,0.000000,0.012160,0.000000,0.910900,18.674009,0.072355,-7.160736,20.000000
0.501700,4,"LINK_TORSO_YAW",0.496400,0.200000,0.005300,20.000000,0.000000,0.000000,20.000000,0.000000,0.000000,0.000000,0.000000,0.012160,0.000000,0.910900,18.672829,0.072369,-7.163813,20.000000
0.501800,4,"LINK_TORSO_YAW",0.496400,0.200000,0.005400,20.000000,0.000000,0.000000,20.000000,0.000000,0.000000,0.000000,0.000000,0.012160,0.000000,0.910900,18.671647,0.072384,-7.166893,20.000000
0.501900,4,"LINK_TORSO_YAW",0.496400,0.200000,0.005500,20.000000,0.000000,0.000000,20.000000,0.000000,0.000000,0.000000,0.000000,0.012160,0.000000,0.910900,18.670463,0.072399,-7.169978,20.000000
0.502000,4,"LINK_TORSO_YAW",0.496400,0.200000,0.005600,20.000000,0.000000,0.000000,20.000000,0.000000,0.000000,0.000000,0.000000,0.012160,0.000000,0.910900,18.669278,0.072414,-7.173062,20.000000
0.502100,4,"LINK_TORSO_YAW",0.496400,0.200000,0.005700,20.000000,0.000000,0.000000,20.000000,0.000000,0.000000,0.000000,0.000000,0.012160,0.000000,0.910900,18.668093,0.072428,-7.176146,20.000000
0.502200,4,"LINK_TORSO_YAW",0.496400,0.200000,0.005800,20.000000,0.000000,0.000000,20.000000,0.000000,0.000000,0.000000,0.000000,0.012160,0.000000,0.910900,18.666907,0.072443,-7.179230,20.000000
0.502300,4,"LINK_TORSO_YAW",0.496400,0.200000,0.005900,20.000000,0.000000,0.000000,20.000000,0.000000,0.000000,0.000000,0.000000,0.012160,0.000000,0.910900,18.665720,0.072458,-7.182315,20.000000
0.502400,4,"LINK_TORSO_YAW",0.496400,0.200000,0.006000,20.000000,0.000000,0.000000,20.000000,0.000000,0.000000,0.000000,0.000000,0.012160,0.000000,0.910900,18.664532,0.072473,-7.185402,20.000000
0.502500,4,"LINK_TORSO_YAW",0.496400,0.200000,0.006100,20.000000,0.000000,0.000000,20.000000,0.000000,0.000000,0.000000,0.000000,0.012160,0.000000,0.910900,18.663343,0.072489,-7.188490,20.000000
0.502600,4,"LINK_TORSO_YAW",0.496400,0.200000,0.006200,20.000000,0.000000,0.000000,20.000000,0.000000,0.000000,0.000000,0.000000,0.012160,0.000000,0.910900,18.662152,0.072504,-7.191580,20.000000
0.502700,4,"LINK_TORSO_YAW",0.496400,0.200000,0.006300,20.000000,0.000000,0.000000,20.000000,0.000000,0.000000,0.000000,0.000000,0.012160,0.000000,0.910900,18.660960,0.072519,-7.194674,20.000000
0.502800,4,"LINK_TORSO_YAW",0.496400,0.200000,0.006400,20.000000,0.000000,0.000000,20.000000,0.000000,0.000000,0.000000,0.000000,0.012160,0.000000,0.910900,18.659765,0.072534,-7.197771,20.000000
0.502900,4,"LINK_TORSO_YAW",0.496400,0.200000,0.006500,20.000000,0.000000,0.000000,20.000000,0.000000,0.000000,0.000000,0.000000,0.012160,0.000000,0.910900,18.658569,0.072549,-7.200872,20.000000
0.503000,4,"LINK_TORSO_YAW",0.496400,0.200000,0.006600,20.000000,0.000000,0.000000,20.000000,0.000000,0.000000,0.000000,0.000000,0.012160,0.000000,0.910900,18.657370,0.072564,-7.203977,20.000000
0.503100,4,"LINK_TORSO_YAW",0.496400,0.200000,0.006700,20.000000,0.000000,0.000000,20.000000,0.000000,0.000000,0.000000,0.000000,0.012160,0.000000,0.910900,18.656170,0.072579,-7.207083,20.000000
0.503200,4,"LINK_TORSO_YAW",0.496400,0.200000,0.006800,20.000000,0.000000,0.000000,20.000000,0.000000,0.000000,0.000000,0.000000,0.012160,0.000000,0.910900,18.654970,0.072595,-7.210190,20.000000
0.503300,4,"LINK_TORSO_YAW",0.496400,0.200000,0.006900,20.000000,0.000000,0.000000,20.000000,0.000000,0.000000,0.000000,0.000000,0.012160,0.000000,0.910900,18.653768,0.072610,-7.213298,20.000000
0.503400,4,"LINK_TORSO_YAW",0.496400,0.200000,0.007000,20.000000,0.000000,0.000000,20.000000,0.000000,0.000000,0.000000,0.000000,0.012160,0.000000,0.910900,18.652565,0.072626,-7.216408,20.000000
0.503500,4,"LINK_TORSO_YAW",0.496400,0.200000,0.007100,20.000000,0.000000,0.000000,20.000000,0.000000,0.000000,0.000000,0.000000,0.012160,0.000000,0.910900,18.651361,0.072643,-7.219520,20.000000
0.503600,4,"LINK_TORSO_YAW",0.496400,0.200000,0.007200,20.000000,0.000000,0.000000,20.000000,0.000000,0.000000,0.000000,0.000000,0.012160,0.000000,0.910900,18.650155,0.072659,-7.222635,20.000000
0.503700,4,"LINK_TORSO_YAW",0.496400,0.200000,0.007300,20.000000,0.000000,0.000000,20.000000,0.000000,0.000000,0.000000,0.000000,0.012160,0.000000,0.910900,18.648947,0.072676,-7.225753,20.000000
0.503800,4,"LINK_TORSO_YAW",0.496400,0.200000,0.007400,20.000000,0.000000,0.000000,20.000000,0.000000,0.000000,0.000000,0.000000,0.012160,0.000000,0.910900,18.647737,0.072693,-7.228875,20.000000
0.503900,4,"LINK_TORSO_YAW",0.496400,0.200000,0.007500,20.000000,0.000000,0.000000,20.000000,0.000000,0.000000,0.000000,0.000000,0.012160,0.000000,0.910900,18.646524,0.072710,-7.232002,20.000000
0.504000,4,"LINK_TORSO_YAW",0.496400,0.200000,0.007600,20.000000,0.000000,0.000000,20.000000,0.000000,0.000000,0.000000,0.000000,0.012160,0.000000,0.910900,18.645309,0.072728,-7.235133,20.000000
0.504100,4,"LINK_TORSO_YAW",0.496400,0.200000,0.007700,20.000000,0.000000,0.000000,20.000000,0.000000,0.000000,0.000000,0.000000,0.012160,0.000000,0.910900,18.644091,0.072746,-7.238271,20.000000
0.504200,4,"LINK_TORSO_YAW",0.496400,0.200000,0.007800,20.000000,0.000000,0.000000,20.000000,0.000000,0.000000,0.000000,0.000000,0.012160,0.000000,0.910900,18.642871,0.072764,-7.241414,20.000000
0.504300,4,"LINK_TORSO_YAW",0.496400,0.200000,0.007900,20.000000,0.000000,0.000000,20.000000,0.000000,0.000000,0.000000,0.000000,0.012160,0.000000,0.910900,18.641649,0.072782,-7.244557,20.000000
0.504400,4,"LINK_TORSO_YAW",0.496400,0.200000,0.008000,20.000000,0.000000,0.000000,20.000000,0.000000,0.000000,0.000000,0.000000,0.012160,0.000000,0.910900,18.640427,0.072800,-7.247702,20.000000
0.504500,4,"LINK_TORSO_YAW",0.496400,0.200000,0.008100,20.000000,0.000000,0.000000,20.000000,0.000000,0.000000,0.000000,0.000000,0.012160,0.000000,0.910900,18.639203,0.072818,-7.250849,20.000000
0.504600,4,"LINK_TORSO_YAW",0.496400,0.200000,0.008200,20.000000,0.000000,0.000000,20.000000,0.000000,0.000000,0.000000,0.000000,0.012160,0.000000,0.910900,18.637978,0.072837,-7.253997,20.000000
0.504700,4,"LINK_TORSO_YAW",0.496400,0.200000,0.008300,20.000000,0.000000,0.000000,20.000000,0.000000,0.000000,0.000000,0.000000,0.012160,0.000000,0.910900,18.636751,0.072855,-7.257148,20.000000
0.504800,4,"LINK_TORSO_YAW",0.496400,0.200000,0.008400,20.000000,0.000000,0.000000,20.000000,0.000000,0.000000,0.000000,0.000000,0.012160,0.000000,0.910900,18.635523,0.072874,-7.260302,20.000000
0.504900,4,"LINK_TORSO_YAW",0.496400,0.200000,0.008500,20.000000,0.000000,0.000000,20.000000,0.000000,0.000000,0.000000,0.000000,0.012160,0.000000,0.910900,18.634292,0.072893,-7.263460,20.000000
0.505000,4,"LINK_TORSO_YAW",0.496400,0.200000,0.008600,20.000000,0.000000,0.000000,20.000000,0.000000,0.000000,0.000000,0.000000,0.012160,0.000000,0.910900,18.633059,0.072911,-7.266621,20.000000
0.505100,4,"LINK_TORSO_YAW",0.496400,0.200000,0.008700,20.000000,0.000000,0.000000,20.000000,0.000000,0.000000,0.000000,0.000000,0.012160,0.000000,0.910900,18.631824,0.072930,-7.269788,20.000000
0.505200,4,"LINK_TORSO_YAW",0.496400,0.200000,0.008800,20.000000,0.000000,0.000000,20.000000,0.000000,0.000000,0.000000,0.000000,0.012160,0.000000,0.910900,18.630586,0.072949,-7.272959,20.000000
0.505300,4,"LINK_TORSO_YAW",0.496400,0.200000,0.008900,20.000000,0.000000,0.000000,20.000000,0.000000,0.000000,0.000000,0.000000,0.012160,0.000000,0.910900,18.629346,0.072968,-7.276135,20.000000
0.505400,4,"LINK_TORSO_YAW",0.496400,0.200000,0.009000,20.000000,0.000000,0.000000,20.000000,0.000000,0.000000,0.000000,0.000000,0.012160,0.000000,0.910900,18.628105,0.072987,-7.279313,20.000000
0.505500,4,"LINK_TORSO_YAW",0.496400,0.200000,0.009100,20.000000,0.000000,0.000000,20.000000,0.000000,0.000000,0.000000,0.000000,0.012160,0.000000,0.910900,18.626862,0.073007,-7.282491,20.000000
0.505600,4,"LINK_TORSO_YAW",0.496400,0.200000,0.009200,20.000000,0.000000,0.000000,20.000000,0.000000,0.000000,0.000000,0.000000,0.012160,0.000000,0.910900,18.625618,0.073026,-7.285672,20.000000
0.505700,4,"LINK_TORSO_YAW",0.496400,0.200000,0.009300,20.000000,0.000000,0.000000,20.000000,0.000000,0.000000,0.000000,0.000000,0.012160,0.000000,0.910900,18.624373,0.073045,-7.288853,20.000000
0.505800,4,"LINK_TORSO_YAW",0.496400,0.200000,0.009400,20.000000,0.000000,0.000000,20.000000,0.000000,0.000000,0.000000,0.000000,0.012160,0.000000,0.910900,18.623127,0.073065,-7.292037,20.000000
0.505900,4,"LINK_TORSO_YAW",0.496400,0.200000,0.009500,20.000000,0.000000,0.000000,20.000000,0.000000,0.000000,0.000000,0.000000,0.012160,0.000000,0.910900,18.621879,0.073084,-7.295223,20.000000
0.506000,4,"LINK_TORSO_YAW",0.496400,0.200000,0.009600,20.000000,0.000000,0.000000,20.000000,0.000000,0.000000,0.000000,0.000000,0.012160,0.000000,0.910900,18.620630,0.073105,-7.298411,20.000000
0.506100,4,"LINK_TORSO_YAW",0.496400,0.200000,0.009700,20.000000,0.000000,0.000000,20.000000,0.000000,0.000000,0.000000,0.000000,0.012160,0.000000,0.910900,18.619379,0.073125,-7.301602,20.000000
0.506200,4,"LINK_TORSO_YAW",0.496400,0.200000,0.009800,20.000000,0.000000,0.000000,20.000000,0.000000,0.000000,0.000000,0.000000,0.012160,0.000000,0.910900,18.618126,0.073146,-7.304796,20.000000
0.506300,4,"LINK_TORSO_YAW",0.496400,0.200000,0.009900,20.000000,0.000000,0.000000,20.000000,0.000000,0.000000,0.000000,0.000000,0.012160,0.000000,0.910900,18.616871,0.073167,-7.307994,20.000000
0.506400,4,"LINK_TORSO_YAW",0.496400,0.200000,0.010000,20.000000,0.000000,0.000000,20.000000,0.000000,0.000000,0.000000,0.000000,0.012160,0.000000,0.910900,18.615613,0.073188,-7.311196,20.000000
0.506500,4,"LINK_TORSO_YAW",0.496400,0.200000,0.010100,20.000000,0.000000,0.000000,20.000000,0.000000,0.000000,0.000000,0.000000,0.012160,0.000000,0.910900,18.614353,0.073210,-7.314404,20.000000
0.506600,4,"LINK_TORSO_YAW",0.496400,0.200000,0.010200,20.000000,0.000000,0.000000,20.000000,0.000000,0.000000,0.000000,0.000000,0.012160,0.000000,0.910900,18.613092,0.073231,-7.317611,20.000000
0.506700,4,"LINK_TORSO_YAW",0.496400,0.200000,0.010300,20.000000,0.000000,0.000000,20.000000,0.000000,0.000000,0.000000,0.000000,0.012160,0.000000,0.910900,18.611831,0.073253,-7.320819,20.000000
0.506800,4,"LINK_TORSO_YAW",0.496400,0.200000,0.010400,20.000000,0.000000,0.000000,20.000000,0.000000,0.000000,0.000000,0.000000,0.012160,0.000000,0.910900,18.610568,0.073274,-7.324027,20.000000
0.506900,4,"LINK_TORSO_YAW",0.496400,0.200000,0.010500,20.000000,0.000000,0.000000,20.000000,0.000000,0.000000,0.000000,0.000000,0.012160,0.000000,0.910900,18.609305,0.073295,-7.327236,20.000000
0.507000,4,"LINK_TORSO_YAW",0.496400,0.200000,0.010600,20.000000,0.000000,0.000000,20.000000,0.000000,0.000000,0.000000,0.000000,0.012160,0.000000,0.910900,18.608041,0.073316,-7.330447,20.000000
0.507100,4,"LINK_TORSO_YAW",0.496400,0.200000,0.010700,20.000000,0.000000,0.000000,20.000000,0.000000,0.000000,0.000000,0.000000,0.012160,0.000000,0.910900,18.606775,0.073336,-7.333659,20.000000
0.507200,4,"LINK_TORSO_YAW",0.496400,0.200000,0.010800,20.000000,0.000000,0.000000,20.000000,0.000000,0.000000,0.000000,0.000000,0.012160,0.000000,0.910900,18.605507,0.073357,-7.336873,20.000000
0.507300,4,"LINK_TORSO_YAW",0.496400,0.200000,0.010900,20.000000,0.000000,0.000000,20.000000,0.000000,0.000000,0.000000,0.000000,0.012160,0.000000,0.910900,18.604239,0.073377,-7.340089,20.000000
0.507400,4,"LINK_TORSO_YAW",0.496400,0.200000,0.011000,20.000000,0.000000,0.000000,20.000000,0.000000,0.000000,0.000000,0.000000,0.012160,0.000000,0.910900,18.602969,0.073398,-7.343308,20.000000
0.507500,4,"LINK_TORSO_YAW",0.496400,0.200000,0.011100,20.000000,0.000000,0.000000,20.000000,0.000000,0.000000,0.000000,0.000000,0.012160,0.000000,0.910900,18.601697,0.073418,-7.346529,20.000000
0.507600,4,"LINK_TORSO_YAW",0.496400,0.200000,0.011200,20.000000,0.000000,0.000000,20.000000,0.000000,0.000000,0.000000,0.000000,0.012160,0.000000,0.910900,18.600423,0.073439,-7.349753,20.000000
0.507700,4,"LINK_TORSO_YAW",0.496400,0.200000,0.011300,20.000000,0.000000,0.000000,20.000000,0.000000,0.000000,0.000000,0.000000,0.012160,0.000000,0.910900,18.599149,0.073460,-7.352976,20.000000
0.507800,4,"LINK_TORSO_YAW",0.496400,0.200000,0.011400,20.000000,0.000000,0.000000,20.000000,0.000000,0.000000,0.000000,0.000000,0.012160,0.000000,0.910900,18.597875,0.073482,-7.356197,20.000000
0.507900,4,"LINK_TORSO_YAW",0.496400,0.200000,0.011500,20.000000,0.000000,0.000000,20.000000,0.000000,0.000000,0.000000,0.000000,0.012160,0.000000,0.910900,18.596601,0.073503,-7.359417,20.000000
0.508000,4,"LINK_TORSO_YAW",0.496400,0.200000,0.011600,20.000000,0.000000,0.000000,20.000000,0.000000,0.000000,0.000000,0.000000,0.012160,0.000000,0.910900,18.595328,0.073524,-7.362634,20.000000
0.508100,4,"LINK_TORSO_YAW",0.496400,0.200000,0.011700,20.000000,0.000000,0.000000,20.000000,0.000000,0.000000,0.000000,0.000000,0.012160,0.000000,0.910900,18.594055,0.073545,-7.365848,20.000000
0.508200,4,"LINK_TORSO_YAW",0.496400,0.200000,0.011800,20.000000,0.000000,0.000000,20.000000,0.000000,0.000000,0.000000,0.000000,0.012160,0.000000,0.910900,18.592782,0.073567,-7.369059,20.000000
0.508300,4,"LINK_TORSO_YAW",0.496400,0.200000,0.011900,20.000000,0.000000,0.000000,20.000000,0.000000,0.000000,0.000000,0.000000,0.012160,0.000000,0.910900,18.591510,0.073589,-7.372267,20.000000
0.508400,4,"LINK_TORSO_YAW",0.496400,0.200000,0.012000,20.000000,0.000000,0.000000,20.000000,0.000000,0.000000,0.000000,0.000000,0.012160,0.000000,0.910900,18.590239,0.073612,-7.375473,20.000000
0.508500,4,"LINK_TORSO_YAW",0.496400,0.200000,0.012100,20.000000,0.000000,0.000000,20.000000,0.000000,0.000000,0.000000,0.000000,0.012160,0.000000,0.910900,18.588967,0.073635,-7.378677,20.000000
0.508600,4,"LINK_TORSO_YAW",0.496400,0.200000,0.012200,20.000000,0.000000,0.000000,20.000000,0.000000,0.000000,0.000000,0.000000,0.012160,0.000000,0.910900,18.587695,0.073659,-7.381880,20.000000
0.508700,4,"LINK_TORSO_YAW",0.496400,0.200000,0.012300,20.000000,0.000000,0.000000,20.000000,0.000000,0.000000,0.000000,0.000000,0.012160,0.000000,0.910900,18.586423,0.073683,-7.385084,20.000000
0.508800,4,"LINK_TORSO_YAW",0.496400,0.200000,0.012400,20.000000,0.000000,0.000000,20.000000,0.000000,0.000000,0.000000,0.000000,0.012160,0.000000,0.910900,18.585152,0.073707,-7.388281,20.000000
0.508900,4,"LINK_TORSO_YAW",0.496400,0.200000,0.012500,20.000000,0.000000,0.000000,20.000000,0.000000,0.000000,0.000000,0.000000,0.012160,0.000000,0.910900,18.583882,0.073732,-7.391474,20.000000
0.509000,4,"LINK_TORSO_YAW",0.496400,0.200000,0.012600,20.000000,0.000000,0.000000,20.000000,0.000000,0.000000,0.000000,0.000000,0.012160,0.000000,0.910900,18.582614,0.073757,-7.394662,20.000000
0.509100,4,"LINK_TORSO_YAW",0.496400,0.200000,0.012700,20.000000,0.000000,0.000000,20.000000,0.000000,0.000000,0.000000,0.000000,0.012160,0.000000,0.910900,18.581346,0.073782,-7.397846,20.000000
0.509200,4,"LINK_TORSO_YAW",0.496400,0.200000,0.012800,20.000000,0.000000,0.000000,20.000000,0.000000,0.000000,0.000000,0.000000,0.012160,0.000000,0.910900,18.580080,0.073807,-7.401027,20.000000
0.509300,4,"LINK_TORSO_YAW",0.496400,0.200000,0.012900,20.000000,0.000000,0.000000,20.000000,0.000000,0.000000,0.000000,0.000000,0.012160,0.000000,0.910900,18.578814,0.073833,-7.404204,20.000000
0.509400,4,"LINK_TORSO_YAW",0.496400,0.200000,0.013000,20.000000,0.000000,0.000000,20.000000,0.000000,0.000000,0.000000,0.000000,0.012160,0.000000,0.910900,18.577548,0.073858,-7.407379,20.000000
0.509500,4,"LINK_TORSO_YAW",0.496400,0.200000,0.013100,20.000000,0.000000,0.000000,20.000000,0.000000,0.000000,0.000000,0.000000,0.012160,0.000000,0.910900,18.576283,0.073885,-7.410551,20.000000
0.509600,4,"LINK_TORSO_YAW",0.496400,0.200000,0.013200,20.000000,0.000000,0.000000,20.000000,0.000000,0.000000,0.000000,0.000000,0.012160,0.000000,0.910900,18.575017,0.073911,-7.413722,20.000000
0.509700,4,"LINK_TORSO_YAW",0.496400,0.200000,0.013300,20.000000,0.000000,0.000000,20.000000,0.000000,0.000000,0.000000,0.000000,0.012160,0.000000,0.910900,18.573752,0.073938,-7.416891,20.000000
0.509800,4,"LINK_TORSO_YAW",0.496400,0.200000,0.013400,20.000000,0.000000,0.000000,20.000000,0.000000,0.000000,0.000000,0.000000,0.012160,0.000000,0.910900,18.572486,0.073965,-7.420060,20.000000
0.509900,4,"LINK_TORSO_YAW",0.496400,0.200000,0.013500,20.000000,0.000000,0.000000,20.000000,0.000000,0.000000,0.000000,0.000000,0.012160,0.000000,0.910900,18.571220,0.073993,-7.423228,20.000000
0.510000,4,"LINK_TORSO_YAW",0.496400,0.200000,0.013600,20.000000,0.000000,0.000000,20.000000,0.000000,0.000000,0.000000,0.000000,0.012160,0.000000,0.910900,18.569955,0.074020,-7.426392,20.000000
0.510100,4,"LINK_TORSO_YAW",0.496400,0.200000,0.013700,20.000000,0.000000,0.000000,20.000000,0.000000,0.000000,0.000000,0.000000,0.012160,0.000000,0.910900,18.568691,0.074048,-7.429550,20.000000
0.510200,4,"LINK_TORSO_YAW",0.496400,0.200000,0.013800,20.000000,0.000000,0.000000,20.000000,0.000000,0.000000,0.000000,0.000000,0.012160,0.000000,0.910900,18.567429,0.074077,-7.432704,20.000000
0.510300,4,"LINK_TORSO_YAW",0.496400,0.200000,0.013900,20.000000,0.000000,0.000000,20.000000,0.000000,0.000000,0.000000,0.000000,0.012160,0.000000,0.910900,18.566167,0.074105,-7.435855,20.000000
0.510400,4,"LINK_TORSO_YAW",0.496400,0.200000,0.014000,20.000000,0.000000,0.000000,20.000000,0.000000,0.000000,0.000000,0.000000,0.012160,0.000000,0.910900,18.564907,0.074133,-7.439002,20.000000
0.510500,4,"LINK_TORSO_YAW",0.496400,0.200000,0.014100,20.000000,0.000000,0.000000,20.000000,0.000000,0.000000,0.000000,0.000000,0.012160,0.000000,0.910900,18.563646,0.074162,-7.442146,20.000000
0.510600,4,"LINK_TORSO_YAW",0.496400,0.200000,0.014200,20.000000,0.000000,0.000000,20.000000,0.000000,0.000000,0.000000,0.000000,0.012160,0.000000,0.910900,18.562386,0.074191,-7.445288,20.000000
0.510700,4,"LINK_TORSO_YAW",0.496400,0.200000,0.014300,20.000000,0.000000,0.000000,20.000000,0.000000,0.000000,0.000000,0.000000,0.012160,0.000000,0.910900,18.561127,0.074221,-7.448428,20.000000
0.510800,4,"LINK_TORSO_YAW",0.496400,0.200000,0.014400,20.000000,0.000000,0.000000,20.000000,0.000000,0.000000,0.000000,0.000000,0.012160,0.000000,0.910900,18.559867,0.074250,-7.451566,20.000000
0.510900,4,"LINK_TORSO_YAW",0.496400,0.200000,0.014500,20.000000,0.000000,0.000000,20.000000,0.000000,0.000000,0.000000,0.000000,0.012160,0.000000,0.910900,18.558606,0.074280,-7.454704,20.000000
0.511000,4,"LINK_TORSO_YAW",0.496400,0.200000,0.014600,20.000000,0.000000,0.000000,20.000000,0.000000,0.000000,0.000000,0.000000,0.012160,0.000000,0.910900,18.557346,0.074311,-7.457841,20.000000
0.511100,4,"LINK_TORSO_YAW",0.496400,0.200000,0.014700,20.000000,0.000000,0.000000,20.000000,0.000000,0.000000,0.000000,0.000000,0.012160,0.000000,0.910900,18.556087,0.074341,-7.460973,20.000000
0.511200,4,"LINK_TORSO_YAW",0.496400,0.200000,0.014800,20.000000,0.000000,0.000000,20.000000,0.000000,0.000000,0.000000,0.000000,0.012160,0.000000,0.910900,18.554829,0.074372,-7.464101,20.000000
0.511300,4,"LINK_TORSO_YAW",0.496400,0.200000,0.014900,20.000000,0.000000,0.000000,20.000000,0.000000,0.000000,0.000000,0.000000,0.012160,0.000000,0.910900,18.553572,0.074403,-7.467225,20.000000
0.511400,4,"LINK_TORSO_YAW",0.496400,0.200000,0.015000,20.000000,0.000000,0.000000,20.000000,0.000000,0.000000,0.000000,0.000000,0.012160,0.000000,0.910900,18.552315,0.074434,-7.470345,20.000000
0.511500,4,"LINK_TORSO_YAW",0.496400,0.200000,0.015100,20.000000,0.000000,0.000000,20.000000,0.000000,0.000000,0.000000,0.000000,0.012160,0.000000,0.910900,18.551060,0.074465,-7.473462,20.000000
0.511600,4,"LINK_TORSO_YAW",0.496400,0.200000,0.015200,20.000000,0.000000,0.000000,20.000000,0.000000,0.000000,0.000000,0.000000,0.012160,0.000000,0.910900,18.549805,0.074496,-7.476577,20.000000
0.511700,4,"LINK_TORSO_YAW",0.496400,0.200000,0.015300,20.000000,0.000000,0.000000,20.000000,0.000000,0.000000,0.000000,0.000000,0.012160,0.000000,0.910900,18.548550,0.074528,-7.479689,20.000000
0.511800,4,"LINK_TORSO_YAW",0.496400,0.200000,0.015400,20.000000,0.000000,0.000000,20.000000,0.000000,0.000000,0.000000,0.000000,0.012160,0.000000,0.910900,18.547295,0.074560,-7.482800,20.000000
0.511900,4,"LINK_TORSO_YAW",0.496400,0.200000,0.015500,20.000000,0.000000,0.000000,20.000000,0.000000,0.000000,0.000000,0.000000,0.012160,0.000000,0.910900,18.546040,0.074593,-7.485910,20.000000
0.512000,4,"LINK_TORSO_YAW",0.496400,0.200000,0.015600,20.000000,0.000000,0.000000,20.000000,0.000000,0.000000,0.000000,0.000000,0.012160,0.000000,0.910900,18.544784,0.074625,-7.489019,20.000000
0.512100,4,"LINK_TORSO_YAW",0.496400,0.200000,0.015700,20.000000,0.000000,0.000000,20.000000,0.000000,0.000000,0.000000,0.000000,0.012160,0.000000,0.910900,18.543528,0.074658,-7.492128,20.000000
0.512200,4,"LINK_TORSO_YAW",0.496400,0.200000,0.015800,20.000000,0.000000,0.000000,20.000000,0.000000,0.000000,0.000000,0.000000,0.012160,0.000000,0.910900,18.542271,0.074691,-7.495238,20.000000
0.512300,4,"LINK_TORSO_YAW",0.496400,0.200000,0.015900,20.000000,0.000000,0.000000,20.000000,0.000000,0.000000,0.000000,0.000000,0.012160,0.000000,0.910900,18.541016,0.074725,-7.498343,20.000000
0.512400,4,"LINK_TORSO_YAW",0.496400,0.200000,0.016000,20.000000,0.000000,0.000000,20.000000,0.000000,0.000000,0.000000,0.000000,0.012160,0.000000,0.910900,18.539762,0.074758,-7.501443,20.000000
0.512500,4,"LINK_TORSO_YAW",0.496400,0.200000,0.016100,20.000000,0.000000,0.000000,20.000000,0.000000,0.000000,0.000000,0.000000,0.012160,0.000000,0.910900,18.538508,0.074792,-7.504540,20.000000
0.512600,4,"LINK_TORSO_YAW",0.496400,0.200000,0.016200,20.000000,0.000000,0.000000,20.000000,0.000000,0.000000,0.000000,0.000000,0.012160,0.000000,0.910900,18.537255,0.074826,-7.507634,20.000000
0.512700,4,"LINK_TORSO_YAW",0.496400,0.200000,0.016300,20.000000,0.000000,0.000000,20.000000,0.000000,0.000000,0.000000,0.000000,0.012160,0.000000,0.910900,18.536003,0.074860,-7.510726,20.000000
0.512800,4,"LINK_TORSO_YAW",0.496400,0.200000,0.016400,20.000000,0.000000,0.000000,20.000000,0.000000,0.000000,0.000000,0.000000,0.012160,0.000000,0.910900,18.534750,0.074895,-7.513816,20.000000
0.512900,4,"LINK_TORSO_YAW",0.496400,0.200000,0.016500,20.000000,0.000000,0.000000,20.000000,0.000000,0.000000,0.000000,0.000000,0.012160,0.000000,0.910900,18.533497,0.074930,-7.516905,20.000000
0.513000,4,"LINK_TORSO_YAW",0.496400,0.200000,0.016600,20.000000,0.000000,0.000000,20.000000,0.000000,0.000000,0.000000,0.000000,0.012160,0.000000,0.910900,18.532245,0.074966,-7.519993,20.000000
0.513100,4,"LINK_TORSO_YAW",0.496400,0.200000,0.016700,20.000000,0.000000,0.000000,20.000000,0.000000,0.000000,0.000000,0.000000,0.012160,0.000000,0.910900,18.530992,0.075002,-7.523079,20.000000
0.513200,4,"LINK_TORSO_YAW",0.496400,0.200000,0.016800,20.000000,0.000000,0.000000,20.000000,0.000000,0.000000,0.000000,0.000000,0.012160,0.000000,0.910900,18.529738,0.075038,-7.526165,20.000000
0.513300,4,"LINK_TORSO_YAW",0.496400,0.200000,0.016900,20.000000,0.000000,0.000000,20.000000,0.000000,0.000000,0.000000,0.000000,0.012160,0.000000,0.910900,18.528484,0.075074,-7.529252,20.000000
0.513400,4,"LINK_TORSO_YAW",0.496400,0.200000,0.017000,20.000000,0.000000,0.000000,20.000000,0.000000,0.000000,0.000000,0.000000,0.012160,0.000000,0.910900,18.527231,0.075111,-7.532334,20.000000
0.513500,4,"LINK_TORSO_YAW",0.496400,0.200000,0.017100,20.000000,0.000000,0.000000,20.000000,0.000000,0.000000,0.000000,0.000000,0.012160,0.000000,0.910900,18.525980,0.075147,-7.535412,20.000000
0.513600,4,"LINK_TORSO_YAW",0.496400,0.200000,0.017200,20.000000,0.000000,0.000000,20.000000,0.000000,0.000000,0.000000,0.000000,0.012160,0.000000,0.910900,18.524729,0.075184,-7.538486,20.000000
0.513700,4,"LINK_TORSO_YAW",0.496400,0.200000,0.017300,20.000000,0.000000,0.000000,20.000000,0.000000,0.000000,0.000000,0.000000,0.012160,0.000000,0.910900,18.523478,0.075221,-7.541559,20.000000
0.513800,4,"LINK_TORSO_YAW",0.496400,0.200000,0.017400,20.000000,0.000000,0.000000,20.000000,0.000000,0.000000,0.000000,0.000000,0.012160,0.000000,0.910900,18.522227,0.075258,-7.544630,20.000000
0.513900,4,"LINK_TORSO_YAW",0.496400,0.200000,0.017500,20.000000,0.000000,0.000000,20.000000,0.000000,0.000000,0.000000,0.000000,0.012160,0.000000,0.910900,18.520976,0.075295,-7.547700,20.000000
0.514000,4,"LINK_TORSO_YAW",0.496400,0.200000,0.017600,20.000000,0.000000,0.000000,20.000000,0.000000,0.000000,0.000000,0.000000,0.012160,0.000000,0.910900,18.519725,0.075332,-7.550769,20.000000
0.514100,4,"LINK_TORSO_YAW",0.496400,0.200000,0.017700,20.000000,0.000000,0.000000,20.000000,0.000000,0.000000,0.000000,0.000000,0.012160,0.000000,0.910900,18.518474,0.075369,-7.553836,20.000000
0.514200,4,"LINK_TORSO_YAW",0.496400,0.200000,0.017800,20.000000,0.000000,0.000000,20.000000,0.000000,0.000000,0.000000,0.000000,0.012160,0.000000,0.910900,18.517222,0.075407,-7.556903,20.000000
0.514300,4,"LINK_TORSO_YAW",0.496400,0.200000,0.017900,20.000000,0.000000,0.000000,20.000000,0.000000,0.000000,0.000000,0.000000,0.012160,0.000000,0.910900,18.515970,0.075445,-7.559970,20.000000
0.514400,4,"LINK_TORSO_YAW",0.496400,0.200000,0.018000,20.000000,0.000000,0.000000,20.000000,0.000000,0.000000,0.000000,0.000000,0.012160,0.000000,0.910900,18.514718,0.075483,-7.563037,20.000000
0.514500,4,"LINK_TORSO_YAW",0.496400,0.200000,0.018100,20.000000,0.000000,0.000000,20.000000,0.000000,0.000000,0.000000,0.000000,0.012160,0.000000,0.910900,18.513466,0.075521,-7.566100,20.000000
0.514600,4,"LINK_TORSO_YAW",0.496400,0.200000,0.018200,20.000000,0.000000,0.000000,20.000000,0.000000,0.000000,0.000000,0.000000,0.012160,0.000000,0.910900,18.512216,0.075559,-7.569159,20.000000
0.514700,4,"LINK_TORSO_YAW",0.496400,0.200000,0.018300,20.000000,0.000000,0.000000,20.000000,0.000000,0.000000,0.000000,0.000000,0.012160,0.000000,0.910900,18.510966,0.075597,-7.572215,20.000000
0.514800,4,"LINK_TORSO_YAW",0.496400,0.200000,0.018400,20.000000,0.000000,0.000000,20.000000,0.000000,0.000000,0.000000,0.000000,0.012160,0.000000,0.910900,18.509716,0.075636,-7.575268,20.000000
0.514900,4,"LINK_TORSO_YAW",0.496400,0.200000,0.018500,20.000000,0.000000,0.000000,20.000000,0.000000,0.000000,0.000000,0.000000,0.012160,0.000000,0.910900,18.508467,0.075674,-7.578319,20.000000
0.515000,4,"LINK_TORSO_YAW",0.496400,0.200000,0.018600,20.000000,0.000000,0.000000,20.000000,0.000000,0.000000,0.000000,0.000000,0.012160,0.000000,0.910900,18.507218,0.075713,-7.581368,20.000000
0.515100,4,"LINK_TORSO_YAW",0.496400,0.200000,0.018700,20.000000,0.000000,0.000000,20.000000,0.000000,0.000000,0.000000,0.000000,0.012160,0.000000,0.910900,18.505969,0.075752,-7.584415,20.000000
0.515200,4,"LINK_TORSO_YAW",0.496400,0.200000,0.018800,20.000000,0.000000,0.000000,20.000000,0.000000,0.000000,0.000000,0.000000,0.012160,0.000000,0.910900,18.504720,0.075791,-7.587462,20.000000
0.515300,4,"LINK_TORSO_YAW",0.496400,0.200000,0.018900,20.000000,0.000000,0.000000,20.000000,0.000000,0.000000,0.000000,0.000000,0.012160,0.000000,0.910900,18.503471,0.075830,-7.590509,20.000000
0.515400,4,"LINK_TORSO_YAW",0.496400,0.200000,0.019000,20.000000,0.000000,0.000000,20.000000,0.000000,0.000000,0.000000,0.000000,0.012160,0.000000,0.910900,18.502221,0.075869,-7.593555,20.000000
0.515500,4,"LINK_TORSO_YAW",0.496400,0.200000,0.019100,20.000000,0.000000,0.000000,20.000000,0.000000,0.000000,0.000000,0.000000,0.012160,0.000000,0.910900,18.500969,0.075909,-7.596602,20.000000
0.515600,4,"LINK_TORSO_YAW",0.496400,0.200000,0.019200,20.000000,0.000000,0.000000,20.000000,0.000000,0.000000,0.000000,0.000000,0.012160,0.000000,0.910900,18.499719,0.075948,-7.599645,20.000000
0.515700,4,"LINK_TORSO_YAW",0.496400,0.200000,0.019300,20.000000,0.000000,0.000000,20.000000,0.000000,0.000000,0.000000,0.000000,0.012160,0.000000,0.910900,18.498470,0.075988,-7.602685,20.000000
0.515800,4,"LINK_TORSO_YAW",0.496400,0.200000,0.019400,20.000000,0.000000,0.000000,20.000000,0.000000,0.000000,0.000000,0.000000,0.012160,0.000000,0.910900,18.497222,0.076028,-7.605722,20.000000
0.515900,4,"LINK_TORSO_YAW",0.496400,0.200000,0.019500,20.000000,0.000000,0.000000,20.000000,0.000000,0.000000,0.000000,0.000000,0.012160,0.000000,0.910900,18.495974,0.076068,-7.608756,20.000000
0.516000,4,"LINK_TORSO_YAW",0.496400,0.200000,0.019600,20.000000,0.000000,0.000000,20.000000,0.000000,0.000000,0.000000,0.000000,0.012160,0.000000,0.910900,18.494726,0.076108,-7.611789,20.000000
0.516100,4,"LINK_TORSO_YAW",0.496400,0.200000,0.019700,20.000000,0.000000,0.000000,20.000000,0.000000,0.000000,0.000000,0.000000,0.012160,0.000000,0.910900,18.493478,0.076148,-7.614820,20.000000
0.516200,4,"LINK_TORSO_YAW",0.496400,0.200000,0.019800,20.000000,0.000000,0.000000,20.000000,0.000000,0.000000,0.000000,0.000000,0.012160,0.000000,0.910900,18.492229,0.076188,-7.617852,20.000000
0.516300,4,"LINK_TORSO_YAW",0.496400,0.200000,0.019900,20.000000,0.000000,0.000000,20.000000,0.000000,0.000000,0.000000,0.000000,0.012160,0.000000,0.910900,18.490979,0.076228,-7.620884,20.000000
0.516400,4,"LINK_TORSO_YAW",0.496400,0.200000,0.020000,20.000000,0.000000,0.000000,20.000000,0.000000,0.000000,0.000000,0.000000,0.012160,0.000000,0.910900,18.489729,0.076268,-7.623918,20.000000
0.516500,4,"LINK_TORSO_YAW",0.496400,0.200000,0.020100,20.000000,0.000000,0.000000,20.000000,0.000000,0.000000,0.000000,0.000000,0.012160,0.000000,0.910900,18.488476,0.076310,-7.626954,20.000000
0.516600,4,"LINK_TORSO_YAW",0.496400,0.200000,0.020200,20.000000,0.000000,0.000000,20.000000,0.000000,0.000000,0.000000,0.000000,0.012160,0.000000,0.910900,18.487222,0.076351,-7.629992,20.000000
0.516700,4,"LINK_TORSO_YAW",0.496400,0.200000,0.020300,20.000000,0.000000,0.000000,20.000000,0.000000,0.000000,0.000000,0.000000,0.012160,0.000000,0.910900,18.485970,0.076392,-7.633026,20.000000
0.516800,4,"LINK_TORSO_YAW",0.496400,0.200000,0.020400,20.000000,0.000000,0.000000,20.000000,0.000000,0.000000,0.000000,0.000000,0.012160,0.000000,0.910900,18.484717,0.076434,-7.636058,20.000000
0.516900,4,"LINK_TORSO_YAW",0.496400,0.200000,0.020500,20.000000,0.000000,0.000000,20.000000,0.000000,0.000000,0.000000,0.000000,0.012160,0.000000,0.910900,18.483465,0.076476,-7.639088,20.000000
0.517000,4,"LINK_TORSO_YAW",0.496400,0.200000,0.020600,20.000000,0.000000,0.000000,20.000000,0.000000,0.000000,0.000000,0.000000,0.012160,0.000000,0.910900,18.482213,0.076518,-7.642117,20.000000
0.517100,4,"LINK_TORSO_YAW",0.496400,0.200000,0.020700,20.000000,0.000000,0.000000,20.000000,0.000000,0.000000,0.000000,0.000000,0.012160,0.000000,0.910900,18.480961,0.076560,-7.645144,20.000000
0.517200,4,"LINK_TORSO_YAW",0.496400,0.200000,0.020800,20.000000,0.000000,0.000000,20.000000,0.000000,0.000000,0.000000,0.000000,0.012160,0.000000,0.910900,18.479709,0.076602,-7.648169,20.000000
0.517300,4,"LINK_TORSO_YAW",0.496400,0.200000,0.020900,20.000000,0.000000,0.000000,20.000000,0.000000,0.000000,0.000000,0.000000,0.012160,0.000000,0.910900,18.478457,0.076644,-7.651193,20.000000
0.517400,4,"LINK_TORSO_YAW",0.496400,0.200000,0.021000,20.000000,0.000000,0.000000,20.000000,0.000000,0.000000,0.000000,0.000000,0.012160,0.000000,0.910900,18.477205,0.076687,-7.654217,20.000000
0.517500,4,"LINK_TORSO_YAW",0.496400,0.200000,0.021100,20.000000,0.000000,0.000000,20.000000,0.000000,0.000000,0.000000,0.000000,0.012160,0.000000,0.910900,18.475952,0.076730,-7.657240,20.000000
0.517600,4,"LINK_TORSO_YAW",0.496400,0.200000,0.021200,20.000000,0.000000,0.000000,20.000000,0.000000,0.000000,0.000000,0.000000,0.012160,0.000000,0.910900,18.474698,0.076773,-7.660264,20.000000
0.517700,4,"LINK_TORSO_YAW",0.496400,0.200000,0.021300,20.000000,0.000000,0.000000,20.000000,0.000000,0.000000,0.000000,0.000000,0.012160,0.000000,0.910900,18.473443,0.076816,-7.663289,20.000000
0.517800,4,"LINK_TORSO_YAW",0.496400,0.200000,0.021400,20.000000,0.000000,0.000000,20.000000,0.000000,0.000000,0.000000,0.000000,0.012160,0.000000,0.910900,18.472189,0.076860,-7.666311,20.000000
0.517900,4,"LINK_TORSO_YAW",0.496400,0.200000,0.021500,20.000000,0.000000,0.000000,20.000000,0.000000,0.000000,0.000000,0.000000,0.012160,0.000000,0.910900,18.470936,0.076903,-7.669329,20.000000
0.518000,4,"LINK_TORSO_YAW",0.496400,0.200000,0.021600,20.000000,0.000000,0.000000,20.000000,0.000000,0.000000,0.000000,0.000000,0.012160,0.000000,0.910900,18.469683,0.076947,-7.672345,20.000000
0.518100,4,"LINK_TORSO_YAW",0.496400,0.200000,0.021700,20.000000,0.000000,0.000000,20.000000,0.000000,0.000000,0.000000,0.000000,0.012160,0.000000,0.910900,18.468431,0.076990,-7.675358,20.000000
0.518200,4,"LINK_TORSO_YAW",0.496400,0.200000,0.021800,20.000000,0.000000,0.000000,20.000000,0.000000,0.000000,0.000000,0.000000,0.012160,0.000000,0.910900,18.467179,0.077034,-7.678370,20.000000
0.518300,4,"LINK_TORSO_YAW",0.496400,0.200000,0.021900,20.000000,0.000000,0.000000,20.000000,0.000000,0.000000,0.000000,0.000000,0.012160,0.000000,0.910900,18.465927,0.077078,-7.681381,20.000000
0.518400,4,"LINK_TORSO_YAW",0.496400,0.200000,0.022000,20.000000,0.000000,0.000000,20.000000,0.000000,0.000000,0.000000,0.000000,0.012160,0.000000,0.910900,18.464674,0.077122,-7.684391,20.000000
0.518500,4,"LINK_TORSO_YAW",0.496400,0.200000,0.022100,20.000000,0.000000,0.000000,20.000000,0.000000,0.000000,0.000000,0.000000,0.012160,0.000000,0.910900,18.463421,0.077167,-7.687400,20.000000
0.518600,4,"LINK_TORSO_YAW",0.496400,0.200000,0.022200,20.000000,0.000000,0.000000,20.000000,0.000000,0.000000,0.000000,0.000000,0.012160,0.000000,0.910900,18.462167,0.077212,-7.690411,20.000000
0.518700,4,"LINK_TORSO_YAW",0.496400,0.200000,0.022300,20.000000,0.000000,0.000000,20.000000,0.000000,0.000000,0.000000,0.000000,0.012160,0.000000,0.910900,18.460912,0.077258,-7.693423,20.000000
0.518800,4,"LINK_TORSO_YAW",0.496400,0.200000,0.022400,20.000000,0.000000,0.000000,20.000000,0.000000,0.000000,0.000000,0.000000,0.012160,0.000000,0.910900,18.459656,0.077304,-7.696437,20.000000
0.518900,4,"LINK_TORSO_YAW",0.496400,0.200000,0.022500,20.000000,0.000000,0.000000,20.000000,0.000000,0.000000,0.000000,0.000000,0.012160,0.000000,0.910900,18.458400,0.077350,-7.699447,20.000000
0.519000,4,"LINK_TORSO_YAW",0.496400,0.200000,0.022600,20.000000,0.000000,0.000000,20.000000,0.000000,0.000000,0.000000,0.000000,0.012160,0.000000,0.910900,18.457145,0.077396,-7.702454,20.000000
0.519100,4,"LINK_TORSO_YAW",0.496400,0.200000,0.022700,20.000000,0.000000,0.000000,20.000000,0.000000,0.000000,0.000000,0.000000,0.012160,0.000000,0.910900,18.455891,0.077442,-7.705459,20.000000
0.519200,4,"LINK_TORSO_YAW",0.496400,0.200000,0.022800,20.000000,0.000000,0.000000,20.000000,0.000000,0.000000,0.000000,0.000000,0.012160,0.000000,0.910900,18.454636,0.077488,-7.708462,20.000000
0.519300,4,"LINK_TORSO_YAW",0.496400,0.200000,0.022900,20.000000,0.000000,0.000000,20.000000,0.000000,0.000000,0.000000,0.000000,0.012160,0.000000,0.910900,18.453382,0.077534,-7.711464,20.000000
0.519400,4,"LINK_TORSO_YAW",0.496400,0.200000,0.023000,20.000000,0.000000,0.000000,20.000000,0.000000,0.000000,0.000000,0.000000,0.012160,0.000000,0.910900,18.452128,0.077581,-7.714464,20.000000
0.519500,4,"LINK_TORSO_YAW",0.496400,0.200000,0.023100,20.000000,0.000000,0.000000,20.000000,0.000000,0.000000,0.000000,0.000000,0.012160,0.000000,0.910900,18.450873,0.077628,-7.717464,20.000000
0.519600,4,"LINK_TORSO_YAW",0.496400,0.200000,0.023200,20.000000,0.000000,0.000000,20.000000,0.000000,0.000000,0.000000,0.000000,0.012160,0.000000,0.910900,18.449618,0.077674,-7.720464,20.000000
0.519700,4,"LINK_TORSO_YAW",0.496400,0.200000,0.023300,20.000000,0.000000,0.000000,20.000000,0.000000,0.000000,0.000000,0.000000,0.012160,0.000000,0.910900,18.448362,0.077721,-7.723465,20.000000
0.519800,4,"LINK_TORSO_YAW",0.496400,0.200000,0.023400,20.000000,0.000000,0.000000,20.000000,0.000000,0.000000,0.000000,0.000000,0.012160,0.000000,0.910900,18.447104,0.077768,-7.726468,20.000000
0.519900,4,"LINK_TORSO_YAW",0.496400,0.200000,0.023500,20.000000,0.000000,0.000000,20.000000,0.000000,0.000000,0.000000,0.000000,0.012160,0.000000,0.910900,18.445844,0.077815,-7.729475,20.000000
0.520000,4,"LINK_TORSO_YAW",0.496400,0.200000,0.023600,20.000000,0.000000,0.000000,20.000000,0.000000,0.000000,0.000000,0.000000,0.012160,0.000000,0.910900,18.444584,0.077861,-7.732480,20.000000
0.520100,4,"LINK_TORSO_YAW",0.496400,0.200000,0.023700,20.000000,0.000000,0.000000,20.000000,0.000000,0.000000,0.000000,0.000000,0.012160,0.000000,0.910900,18.443325,0.077907,-7.735484,20.000000
0.520200,4,"LINK_TORSO_YAW",0.496400,0.200000,0.023800,20.000000,0.000000,0.000000,20.000000,0.000000,0.000000,0.000000,0.000000,0.012160,0.000000,0.910900,18.442065,0.077953,-7.738485,20.000000
0.520300,4,"LINK_TORSO_YAW",0.496400,0.200000,0.023900,20.000000,0.000000,0.000000,20.000000,0.000000,0.000000,0.000000,0.000000,0.012160,0.000000,0.910900,18.440805,0.077998,-7.741487,20.000000
0.520400,4,"LINK_TORSO_YAW",0.496400,0.200000,0.024000,20.000000,0.000000,0.000000,20.000000,0.000000,0.000000,0.000000,0.000000,0.012160,0.000000,0.910900,18.439545,0.078044,-7.744489,20.000000
0.520500,4,"LINK_TORSO_YAW",0.496400,0.200000,0.024100,20.000000,0.000000,0.000000,20.000000,0.000000,0.000000,0.000000,0.000000,0.012160,0.000000,0.910900,18.438283,0.078089,-7.747490,20.000000
0.520600,4,"LINK_TORSO_YAW",0.496400,0.200000,0.024200,20.000000,0.000000,0.000000,20.000000,0.000000,0.000000,0.000000,0.000000,0.012160,0.000000,0.910900,18.437022,0.078134,-7.750492,20.000000
0.520700,4,"LINK_TORSO_YAW",0.496400,0.200000,0.024300,20.000000,0.000000,0.000000,20.000000,0.000000,0.000000,0.000000,0.000000,0.012160,0.000000,0.910900,18.435759,0.078178,-7.753494,20.000000
0.520800,4,"LINK_TORSO_YAW",0.496400,0.200000,0.024400,20.000000,0.000000,0.000000,20.000000,0.000000,0.000000,0.000000,0.000000,0.012160,0.000000,0.910900,18.434496,0.078224,-7.756497,20.000000
0.520900,4,"LINK_TORSO_YAW",0.496400,0.200000,0.024500,20.000000,0.000000,0.000000,20.000000,0.000000,0.000000,0.000000,0.000000,0.012160,0.000000,0.910900,18.433231,0.078269,-7.759501,20.000000
0.562400,5,"LINK_TORSO_YAW",0.562300,0.200000,0.000100,20.000000,0.000000,0.000000,20.000000,0.000000,0.000000,0.000000,0.000000,0.012160,0.000000,0.910900,17.907585,0.094803,-8.905583,20.000000
0.562500,5,"LINK_TORSO_YAW",0.562300,0.200000,0.000200,20.000000,0.000000,0.000000,20.000000,0.000000,0.000000,0.000000,0.000000,0.012160,0.000000,0.910900,17.906212,0.094836,-8.908342,20.000000
0.562600,5,"LINK_TORSO_YAW",0.562300,0.200000,0.000300,20.000000,0.000000,0.000000,20.000000,0.000000,0.000000,0.000000,0.000000,0.012160,0.000000,0.910900,17.904838,0.094869,-8.911103,20.000000
0.562700,5,"LINK_TORSO_YAW",0.562300,0.200000,0.000400,20.000000,0.000000,0.000000,20.000000,0.000000,0.000000,0.000000,0.000000,0.012160,0.000000,0.910900,17.903463,0.094903,-8.913866,20.000000
0.562800,5,"LINK_TORSO_YAW",0.562300,0.200000,0.000500,20.000000,0.000000,0.000000,20.000000,0.000000,0.000000,0.000000,0.000000,0.012160,0.000000,0.910900,17.902086,0.094937,-8.916630,20.000000
0.562900,5,"LINK_TORSO_YAW",0.562300,0.200000,0.000600,20.000000,0.000000,0.000000,20.000000,0.000000,0.000000,0.000000,0.000000,0.012160,0.000000,0.910900,17.900707,0.094972,-8.919398,20.000000
0.563000,5,"LINK_TORSO_YAW",0.562300,0.200000,0.000700,20.000000,0.000000,0.000000,20.000000,0.000000,0.000000,0.000000,0.000000,0.012160,0.000000,0.910900,17.899326,0.095006,-8.922168,20.000000
0.563100,5,"LINK_TORSO_YAW",0.562300,0.200000,0.000800,20.000000,0.000000,0.000000,20.000000,0.000000,0.000000,0.000000,0.000000,0.012160,0.000000,0.910900,17.897943,0.095041,-8.924943,20.000000
0.563200,5,"LINK_TORSO_YAW",0.562300,0.200000,0.000900,20.000000,0.000000,0.000000,20.000000,0.000000,0.000000,0.000000,0.000000,0.012160,0.000000,0.910900,17.896556,0.095075,-8.927722,20.000000
0.563300,5,"LINK_TORSO_YAW",0.562300,0.200000,0.001000,20.000000,0.000000,0.000000,20.000000,0.000000,0.000000,0.000000,0.000000,0.012160,0.000000,0.910900,17.895167,0.095110,-8.930507,20.000000
0.563400,5,"LINK_TORSO_YAW",0.562300,0.200000,0.001100,20.000000,0.000000,0.000000,20.000000,0.000000,0.000000,0.000000,0.000000,0.012160,0.000000,0.910900,17.893777,0.095144,-8.933292,20.000000
0.563500,5,"LINK_TORSO_YAW",0.562300,0.200000,0.001200,20.000000,0.000000,0.000000,20.000000,0.000000,0.000000,0.000000,0.000000,0.012160,0.000000,0.910900,17.892385,0.095179,-8.936079,20.000000
0.563600,5,"LINK_TORSO_YAW",0.562300,0.200000,0.001300,20.000000,0.000000,0.000000,20.000000,0.000000,0.000000,0.000000,0.000000,0.012160,0.000000,0.910900,17.890991,0.095214,-8.938869,20.000000
0.563700,5,"LINK_TORSO_YAW",0.562300,0.200000,0.001400,20.000000,0.000000,0.000000,20.000000,0.000000,0.000000,0.000000,0.000000,0.012160,0.000000,0.910900,17.889595,0.095250,-8.941661,20.000000
0.563800,5,"LINK_TORSO_YAW",0.562300,0.200000,0.001500,20.000000,0.000000,0.000000,20.000000,0.000000,0.000000,0.000000,0.000000,0.012160,0.000000,0.910900,17.888198,0.095285,-8.944456,20.000000
0.563900,5,"LINK_TORSO_YAW",0.562300,0.200000,0.001600,20.000000,0.000000,0.000000,20.000000,0.000000,0.000000,0.000000,0.000000,0.012160,0.000000,0.910900,17.886799,0.095321,-8.947254,20.000000
0.564000,5,"LINK_TORSO_YAW",0.562300,0.200000,0.001700,20.000000,0.000000,0.000000,20.000000,0.000000,0.000000,0.000000,0.000000,0.012160,0.000000,0.910900,17.885397,0.095356,-8.950055,20.000000
0.564100,5,"LINK_TORSO_YAW",0.562300,0.200000,0.001800,20.000000,0.000000,0.000000,20.000000,0.000000,0.000000,0.000000,0.000000,0.012160,0.000000,0.910900,17.883992,0.095391,-8.952861,20.000000
0.564200,5,"LINK_TORSO_YAW",0.562300,0.200000,0.001900,20.000000,0.000000,0.000000,20.000000,0.000000,0.000000,0.000000,0.000000,0.012160,0.000000,0.910900,17.882585,0.095426,-8.955671,20.000000
0.564300,5,"LINK_TORSO_YAW",0.562300,0.200000,0.002000,20.000000,0.000000,0.000000,20.000000,0.000000,0.000000,0.000000,0.000000,0.012160,0.000000,0.910900,17.881175,0.095461,-8.958486,20.000000
0.564400,5,"LINK_TORSO_YAW",0.562300,0.200000,0.002100,20.000000,0.000000,0.000000,20.000000,0.000000,0.000000,0.000000,0.000000,0.012160,0.000000,0.910900,17.879762,0.095496,-8.961306,20.000000
0.564500,5,"LINK_TORSO_YAW",0.562300,0.200000,0.002200,20.000000,0.000000,0.000000,20.000000,0.000000,0.000000,0.000000,0.000000,0.012160,0.000000,0.910900,17.878345,0.095531,-8.964132,20.000000
0.564600,5,"LINK_TORSO_YAW",0.562300,0.200000,0.002300,20.000000,0.000000,0.000000,20.000000,0.000000,0.000000,0.000000,0.000000,0.012160,0.000000,0.910900,17.876927,0.095566,-8.966960,20.000000
0.564700,5,"LINK_TORSO_YAW",0.562300,0.200000,0.002400,20.000000,0.000000,0.000000,20.000000,0.000000,0.000000,0.000000,0.000000,0.012160,0.000000,0.910900,17.875507,0.095601,-8.969789,20.000000
0.564800,5,"LINK_TORSO_YAW",0.562300,0.200000,0.002500,20.000000,0.000000,0.000000,20.000000,0.000000,0.000000,0.000000,0.000000,0.012160,0.000000,0.910900,17.874086,0.095637,-8.972620,20.000000
0.564900,5,"LINK_TORSO_YAW",0.562300,0.200000,0.002600,20.000000,0.000000,0.000000,20.000000,0.000000,0.000000,0.000000,0.000000,0.012160,0.000000,0.910900,17.872663,0.095672,-8.975453,20.000000
0.565000,5,"LINK_TORSO_YAW",0.562300,0.200000,0.002700,20.000000,0.000000,0.000000,20.000000,0.000000,0.000000,0.000000,0.000000,0.012160,0.000000,0.910900,17.871239,0.095708,-8.978288,20.000000
0.565100,5,"LINK_TORSO_YAW",0.562300,0.200000,0.002800,20.000000,0.000000,0.000000,20.000000,0.000000,0.000000,0.000000,0.000000,0.012160,0.000000,0.910900,17.869812,0.095744,-8.981128,20.000000
0.565200,5,"LINK_TORSO_YAW",0.562300,0.200000,0.002900,20.000000,0.000000,0.000000,20.000000,0.000000,0.000000,0.000000,0.000000,0.012160,0.000000,0.910900,17.868382,0.095780,-8.983971,20.000000
0.565300,5,"LINK_TORSO_YAW",0.562300,0.200000,0.003000,20.000000,0.000000,0.000000,20.000000,0.000000,0.000000,0.000000,0.000000,0.012160,0.000000,0.910900,17.866950,0.095817,-8.986818,20.000000
0.565400,5,"LINK_TORSO_YAW",0.562300,0.200000,0.003100,20.000000,0.000000,0.000000,20.000000,0.000000,0.000000,0.000000,0.000000,0.012160,0.000000,0.910900,17.865516,0.095853,-8.989670,20.000000
0.565500,5,"LINK_TORSO_YAW",0.562300,0.200000,0.003200,20.000000,0.000000,0.000000,20.000000,0.000000,0.000000,0.000000,0.000000,0.012160,0.000000,0.910900,17.864077,0.095889,-8.992527,20.000000
0.565600,5,"LINK_TORSO_YAW",0.562300,0.200000,0.003300,20.000000,0.000000,0.000000,20.000000,0.000000,0.000000,0.000000,0.000000,0.012160,0.000000,0.910900,17.862636,0.095926,-8.995390,20.000000
0.566100,5,"LINK_TORSO_YAW",0.562300,0.200000,0.003800,20.000000,0.000000,0.000000,20.000000,0.000000,0.000000,0.000000,0.000000,0.012160,0.000000,0.910900,17.855403,0.096106,-9.009737,20.000000
0.566200,5,"LINK_TORSO_YAW",0.562300,0.200000,0.003900,20.000000,0.000000,0.000000,20.000000,0.000000,0.000000,0.000000,0.000000,0.012160,0.000000,0.910900,17.853949,0.096143,-9.012616,20.000000
0.566300,5,"LINK_TORSO_YAW",0.562300,0.200000,0.004000,20.000000,0.000000,0.000000,20.000000,0.000000,0.000000,0.000000,0.000000,0.012160,0.000000,0.910900,17.852493,0.096179,-9.015499,20.000000
0.566400,5,"LINK_TORSO_YAW",0.562300,0.200000,0.004100,20.000000,0.000000,0.000000,20.000000,0.000000,0.000000,0.000000,0.000000,0.012160,0.000000,0.910900,17.851035,0.096216,-9.018386,20.000000
0.566500,5,"LINK_TORSO_YAW",0.562300,0.200000,0.004200,20.000000,0.000000,0.000000,20.000000,0.000000,0.000000,0.000000,0.000000,0.012160,0.000000,0.910900,17.849574,0.096252,-9.021278,20.000000
0.566600,5,"LINK_TORSO_YAW",0.562300,0.200000,0.004300,20.000000,0.000000,0.000000,20.000000,0.000000,0.000000,0.000000,0.000000,0.012160,0.000000,0.910900,17.848109,0.096289,-9.024174,20.000000
0.566700,5,"LINK_TORSO_YAW",0.562300,0.200000,0.004400,20.000000,0.000000,0.000000,20.000000,0.000000,0.000000,0.000000,0.000000,0.012160,0.000000,0.910900,17.846642,0.096326,-9.027075,20.000000
0.566800,5,"LINK_TORSO_YAW",0.562300,0.200000,0.004500,20.000000,0.000000,0.000000,20.000000,0.000000,0.000000,0.000000,0.000000,0.012160,0.000000,0.910900,17.845174,0.096362,-9.029977,20.000000
0.566900,5,"LINK_TORSO_YAW",0.562300,0.200000,0.004600,20.000000,0.000000,0.000000,20.000000,0.000000,0.000000,0.000000,0.000000,0.012160,0.000000,0.910900,17.843704,0.096398,-9.032880,20.000000
0.567000,5,"LINK_TORSO_YAW",0.562300,0.200000,0.004700,20.000000,0.000000,0.000000,20.000000,0.000000,0.000000,0.000000,0.000000,0.012160,0.000000,0.910900,17.842233,0.096434,-9.035786,20.000000
0.567200,5,"LINK_TORSO_YAW",0.562300,0.200000,0.004900,20.000000,0.000000,0.000000,20.000000,0.000000,0.000000,0.000000,0.000000,0.012160,0.000000,0.910900,17.839285,0.096506,-9.041604,20.000000
0.567300,5,"LINK_TORSO_YAW",0.562300,0.200000,0.005000,20.000000,0.000000,0.000000,20.000000,0.000000,0.000000,0.000000,0.000000,0.012160,0.000000,0.910900,17.837807,0.096542,-9.044519,20.000000
0.567400,5,"LINK_TORSO_YAW",0.562300,0.200000,0.005100,20.000000,0.000000,0.000000,20.000000,0.000000,0.000000,0.000000,0.000000,0.012160,0.000000,0.910900,17.836327,0.096579,-9.047437,20.000000
0.567600,5,"LINK_TORSO_YAW",0.562300,0.200000,0.005300,20.000000,0.000000,0.000000,20.000000,0.000000,0.000000,0.000000,0.000000,0.012160,0.000000,0.910900,17.833358,0.096653,-9.053287,20.000000
0.567700,5,"LINK_TORSO_YAW",0.562300,0.200000,0.005400,20.000000,0.000000,0.000000,20.000000,0.000000,0.000000,0.000000,0.000000,0.012160,0.000000,0.910900,17.831868,0.096691,-9.056220,20.000000
0.567800,5,"LINK_TORSO_YAW",0.562300,0.200000,0.005500,20.000000,0.000000,0.000000,20.000000,0.000000,0.000000,0.000000,0.000000,0.012160,0.000000,0.910900,17.830375,0.096728,-9.059159,20.000000
0.567900,5,"LINK_TORSO_YAW",0.562300,0.200000,0.005600,20.000000,0.000000,0.000000,20.000000,0.000000,0.000000,0.000000,0.000000,0.012160,0.000000,0.910900,17.828879,0.096765,-9.062104,20.000000
0.568000,5,"LINK_TORSO_YAW",0.562300,0.200000,0.005700,20.000000,0.000000,0.000000,20.000000,0.000000,0.000000,0.000000,0.000000,0.012160,0.000000,0.910900,17.827380,0.096802,-9.065050,20.000000
0.568100,5,"LINK_TORSO_YAW",0.562300,0.200000,0.005800,20.000000,0.000000,0.000000,20.000000,0.000000,0.000000,0.000000,0.000000,0.012160,0.000000,0.910900,17.825881,0.096840,-9.067998,20.000000
0.568200,5,"LINK_TORSO_YAW",0.562300,0.200000,0.005900,20.000000,0.000000,0.000000,20.000000,0.000000,0.000000,0.000000,0.000000,0.012160,0.000000,0.910900,17.824380,0.096877,-9.070947,20.000000
0.568300,5,"LINK_TORSO_YAW",0.562300,0.200000,0.006000,20.000000,0.000000,0.000000,20.000000,0.000000,0.000000,0.000000,0.000000,0.012160,0.000000,0.910900,17.822878,0.096915,-9.073899,20.000000
0.568400,5,"LINK_TORSO_YAW",0.562300,0.200000,0.006100,20.000000,0.000000,0.000000,20.000000,0.000000,0.000000,0.000000,0.000000,0.012160,0.000000,0.910900,17.821373,0.096952,-9.076854,20.000000
0.568500,5,"LINK_TORSO_YAW",0.562300,0.200000,0.006200,20.000000,0.000000,0.000000,20.000000,0.000000,0.000000,0.000000,0.000000,0.012160,0.000000,0.910900,17.819866,0.096990,-9.079812,20.000000
0.568600,5,"LINK_TORSO_YAW",0.562300,0.200000,0.006300,20.000000,0.000000,0.000000,20.000000,0.000000,0.000000,0.000000,0.000000,0.012160,0.000000,0.910900,17.818356,0.097029,-9.082774,20.000000
0.568700,5,"LINK_TORSO_YAW",0.562300,0.200000,0.006400,20.000000,0.000000,0.000000,20.000000,0.000000,0.000000,0.000000,0.000000,0.012160,0.000000,0.910900,17.816843,0.097067,-9.085741,20.000000
0.568800,5,"LINK_TORSO_YAW",0.562300,0.200000,0.006500,20.000000,0.000000,0.000000,20.000000,0.000000,0.000000,0.000000,0.000000,0.012160,0.000000,0.910900,17.815327,0.097106,-9.088713,20.000000
0.568900,5,"LINK_TORSO_YAW",0.562300,0.200000,0.006600,20.000000,0.000000,0.000000,20.000000,0.000000,0.000000,0.000000,0.000000,0.012160,0.000000,0.910900,17.813808,0.097145,-9.091689,20.000000
0.569000,5,"LINK_TORSO_YAW",0.562300,0.200000,0.006700,20.000000,0.000000,0.000000,20.000000,0.000000,0.000000,0.000000,0.000000,0.012160,0.000000,0.910900,17.812285,0.097183,-9.094671,20.000000
0.569100,5,"LINK_TORSO_YAW",0.562300,0.200000,0.006800,20.000000,0.000000,0.000000,20.000000,0.000000,0.000000,0.000000,0.000000,0.012160,0.000000,0.910900,17.810760,0.097222,-9.097658,20.000000
0.569200,5,"LINK_TORSO_YAW",0.562300,0.200000,0.006900,20.000000,0.000000,0.000000,20.000000,0.000000,0.000000,0.000000,0.000000,0.012160,0.000000,0.910900,17.809233,0.097260,-9.100647,20.000000
0.569300,5,"LINK_TORSO_YAW",0.562300,0.200000,0.007000,20.000000,0.000000,0.000000,20.000000,0.000000,0.000000,0.000000,0.000000,0.012160,0.000000,0.910900,17.807704,0.097299,-9.103637,20.000000
0.569800,5,"LINK_TORSO_YAW",0.562300,0.200000,0.007500,20.000000,0.000000,0.000000,20.000000,0.000000,0.000000,0.000000,0.000000,0.012160,0.000000,0.910900,17.800028,0.097491,-9.118634,20.000000
0.569900,5,"LINK_TORSO_YAW",0.562300,0.200000,0.007600,20.000000,0.000000,0.000000,20.000000,0.000000,0.000000,0.000000,0.000000,0.012160,0.000000,0.910900,17.798485,0.097530,-9.121645,20.000000
0.570000,5,"LINK_TORSO_YAW",0.562300,0.200000,0.007700,20.000000,0.000000,0.000000,20.000000,0.000000,0.000000,0.000000,0.000000,0.012160,0.000000,0.910900,17.796939,0.097569,-9.124661,20.000000
0.570100,5,"LINK_TORSO_YAW",0.562300,0.200000,0.007800,20.000000,0.000000,0.000000,20.000000,0.000000,0.000000,0.000000,0.000000,0.012160,0.000000,0.910900,17.795390,0.097608,-9.127682,20.000000
0.570200,5,"LINK_TORSO_YAW",0.562300,0.200000,0.007900,20.000000,0.000000,0.000000,20.000000,0.000000,0.000000,0.000000,0.000000,0.012160,0.000000,0.910900,17.793837,0.097647,-9.130708,20.000000
0.570300,5,"LINK_TORSO_YAW",0.562300,0.200000,0.008000,20.000000,0.000000,0.000000,20.000000,0.000000,0.000000,0.000000,0.000000,0.012160,0.000000,0.910900,17.792281,0.097686,-9.133740,20.000000
0.570400,5,"LINK_TORSO_YAW",0.562300,0.200000,0.008100,20.000000,0.000000,0.000000,20.000000,0.000000,0.000000,0.000000,0.000000,0.012160,0.000000,0.910900,17.790724,0.097726,-9.136772,20.000000
0.570500,5,"LINK_TORSO_YAW",0.562300,0.200000,0.008200,20.000000,0.000000,0.000000,20.000000,0.000000,0.000000,0.000000,0.000000,0.012160,0.000000,0.910900,17.789165,0.097766,-9.139806,20.000000
0.570600,5,"LINK_TORSO_YAW",0.562300,0.200000,0.008300,20.000000,0.000000,0.000000,20.000000,0.000000,0.000000,0.000000,0.000000,0.012160,0.000000,0.910900,17.787604,0.097806,-9.142843,20.000000
0.570700,5,"LINK_TORSO_YAW",0.562300,0.200000,0.008400,20.000000,0.000000,0.000000,20.000000,0.000000,0.000000,0.000000,0.000000,0.012160,0.000000,0.910900,17.786041,0.097845,-9.145882,20.000000
0.570800,5,"LINK_TORSO_YAW",0.562300,0.200000,0.008500,20.000000,0.000000,0.000000,20.000000,0.000000,0.000000,0.000000,0.000000,0.012160,0.000000,0.910900,17.784477,0.097885,-9.148924,20.000000
0.570900,5,"LINK_TORSO_YAW",0.562300,0.200000,0.008600,20.000000,0.000000,0.000000,20.000000,0.000000,0.000000,0.000000,0.000000,0.012160,0.000000,0.910900,17.782910,0.097924,-9.151969,20.000000
0.571000,5,"LINK_TORSO_YAW",0.562300,0.200000,0.008700,20.000000,0.000000,0.000000,20.000000,0.000000,0.000000,0.000000,0.000000,0.012160,0.000000,0.910900,17.781340,0.097963,-9.155018,20.000000
0.571100,5,"LINK_TORSO_YAW",0.562300,0.200000,0.008800,20.000000,0.000000,0.000000,20.000000,0.000000,0.000000,0.000000,0.000000,0.012160,0.000000,0.910900,17.779767,0.098002,-9.158071,20.000000
0.571500,5,"LINK_TORSO_YAW",0.562300,0.200000,0.009200,20.000000,0.000000,0.000000,20.000000,0.000000,0.000000,0.000000,0.000000,0.012160,0.000000,0.910900,17.773444,0.098159,-9.170336,20.000000
0.571600,5,"LINK_TORSO_YAW",0.562300,0.200000,0.009300,20.000000,0.000000,0.000000,20.000000,0.000000,0.000000,0.000000,0.000000,0.012160,0.000000,0.910900,17.771858,0.098199,-9.173409,20.000000
0.571700,5,"LINK_TORSO_YAW",0.562300,0.200000,0.009400,20.000000,0.000000,0.000000,20.000000,0.000000,0.000000,0.000000,0.000000,0.012160,0.000000,0.910900,17.770270,0.098238,-9.176484,20.000000
0.571800,5,"LINK_TORSO_YAW",0.562300,0.200000,0.009500,20.000000,0.000000,0.000000,20.000000,0.000000,0.000000,0.000000,0.000000,0.012160,0.000000,0.910900,17.768680,0.098278,-9.179561,20.000000
0.571900,5,"LINK_TORSO_YAW",0.562300,0.200000,0.009600,20.000000,0.000000,0.000000,20.000000,0.000000,0.000000,0.000000,0.000000,0.012160,0.000000,0.910900,17.767089,0.098317,-9.182641,20.000000
0.572000,5,"LINK_TORSO_YAW",0.562300,0.200000,0.009700,20.000000,0.000000,0.000000,20.000000,0.000000,0.000000,0.000000,0.000000,0.012160,0.000000,0.910900,17.765495,0.098357,-9.185724,20.000000
0.572100,5,"LINK_TORSO_YAW",0.562300,0.200000,0.009800,20.000000,0.000000,0.000000,20.000000,0.000000,0.000000,0.000000,0.000000,0.012160,0.000000,0.910900,17.763898,0.098397,-9.188811,20.000000
0.572300,5,"LINK_TORSO_YAW",0.562300,0.200000,0.010000,20.000000,0.000000,0.000000,20.000000,0.000000,0.000000,0.000000,0.000000,0.012160,0.000000,0.910900,17.760696,0.098478,-9.194998,20.000000
0.572400,5,"LINK_TORSO_YAW",0.562300,0.200000,0.010100,20.000000,0.000000,0.000000,20.000000,0.000000,0.000000,0.000000,0.000000,0.012160,0.000000,0.910900,17.759089,0.098518,-9.198100,20.000000
0.572500,5,"LINK_TORSO_YAW",0.562300,0.200000,0.010200,20.000000,0.000000,0.000000,20.000000,0.000000,0.000000,0.000000,0.000000,0.012160,0.000000,0.910900,17.757479,0.098559,-9.201208,20.000000
0.572600,5,"LINK_TORSO_YAW",0.562300,0.200000,0.010300,20.000000,0.000000,0.000000,20.000000,0.000000,0.000000,0.000000,0.000000,0.012160,0.000000,0.910900,17.755865,0.098599,-9.204321,20.000000
0.572700,5,"LINK_TORSO_YAW",0.562300,0.200000,0.010400,20.000000,0.000000,0.000000,20.000000,0.000000,0.000000,0.000000,0.000000,0.012160,0.000000,0.910900,17.754250,0.098640,-9.207436,20.000000
0.572800,5,"LINK_TORSO_YAW",0.562300,0.200000,0.010500,20.000000,0.000000,0.000000,20.000000,0.000000,0.000000,0.000000,0.000000,0.012160,0.000000,0.910900,17.752633,0.098680,-9.210553,20.000000
0.572900,5,"LINK_TORSO_YAW",0.562300,0.200000,0.010600,20.000000,0.000000,0.000000,20.000000,0.000000,0.000000,0.000000,0.000000,0.012160,0.000000,0.910900,17.751014,0.098720,-9.213672,20.000000
0.573000,5,"LINK_TORSO_YAW",0.562300,0.200000,0.010700,20.000000,0.000000,0.000000,20.000000,0.000000,0.000000,0.000000,0.000000,0.012160,0.000000,0.910900,17.749393,0.098760,-9.216794,20.000000
0.573100,5,"LINK_TORSO_YAW",0.562300,0.200000,0.010800,20.000000,0.000000,0.000000,20.000000,0.000000,0.000000,0.000000,0.000000,0.012160,0.000000,0.910900,17.747770,0.098800,-9.219918,20.000000
0.573200,5,"LINK_TORSO_YAW",0.562300,0.200000,0.010900,20.000000,0.000000,0.000000,20.000000,0.000000,0.000000,0.000000,0.000000,0.012160,0.000000,0.910900,17.746145,0.098840,-9.223045,20.000000
0.573300,5,"LINK_TORSO_YAW",0.562300,0.200000,0.011000,20.000000,0.000000,0.000000,20.000000,0.000000,0.000000,0.000000,0.000000,0.012160,0.000000,0.910900,17.744518,0.098880,-9.226176,20.000000
0.573500,5,"LINK_TORSO_YAW",0.562300,0.200000,0.011200,20.000000,0.000000,0.000000,20.000000,0.000000,0.000000,0.000000,0.000000,0.012160,0.000000,0.910900,17.741253,0.098959,-9.232452,20.000000
0.573600,5,"LINK_TORSO_YAW",0.562300,0.200000,0.011300,20.000000,0.000000,0.000000,20.000000,0.000000,0.000000,0.000000,0.000000,0.012160,0.000000,0.910900,17.739615,0.098999,-9.235597,20.000000
0.573700,5,"LINK_TORSO_YAW",0.562300,0.200000,0.011400,20.000000,0.000000,0.000000,20.000000,0.000000,0.000000,0.000000,0.000000,0.012160,0.000000,0.910900,17.737974,0.099039,-9.238749,20.000000
0.573800,5,"LINK_TORSO_YAW",0.562300,0.200000,0.011500,20.000000,0.000000,0.000000,20.000000,0.000000,0.000000,0.000000,0.000000,0.012160,0.000000,0.910900,17.736329,0.099080,-9.241906,20.000000
0.574000,5,"LINK_TORSO_YAW",0.562300,0.200000,0.011700,20.000000,0.000000,0.000000,20.000000,0.000000,0.000000,0.000000,0.000000,0.012160,0.000000,0.910900,17.733034,0.099160,-9.248225,20.000000
0.574100,5,"LINK_TORSO_YAW",0.562300,0.200000,0.011800,20.000000,0.000000,0.000000,20.000000,0.000000,0.000000,0.000000,0.000000,0.012160,0.000000,0.910900,17.731384,0.099201,-9.251388,20.000000
0.574200,5,"LINK_TORSO_YAW",0.562300,0.200000,0.011900,20.000000,0.000000,0.000000,20.000000,0.000000,0.000000,0.000000,0.000000,0.012160,0.000000,0.910900,17.729732,0.099241,-9.254553,20.000000
0.574300,5,"LINK_TORSO_YAW",0.562300,0.200000,0.012000,20.000000,0.000000,0.000000,20.000000,0.000000,0.000000,0.000000,0.000000,0.012160,0.000000,0.910900,17.728078,0.099281,-9.257722,20.000000
0.574400,5,"LINK_TORSO_YAW",0.562300,0.200000,0.012100,20.000000,0.000000,0.000000,20.000000,0.000000,0.000000,0.000000,0.000000,0.012160,0.000000,0.910900,17.726421,0.099321,-9.260894,20.000000
0.574500,5,"LINK_TORSO_YAW",0.562300,0.200000,0.012200,20.000000,0.000000,0.000000,20.000000,0.000000,0.000000,0.000000,0.000000,0.012160,0.000000,0.910900,17.724761,0.099361,-9.264070,20.000000
0.574600,5,"LINK_TORSO_YAW",0.562300,0.200000,0.012300,20.000000,0.000000,0.000000,20.000000,0.000000,0.000000,0.000000,0.000000,0.012160,0.000000,0.910900,17.723098,0.099402,-9.267250,20.000000
0.574700,5,"LINK_TORSO_YAW",0.562300,0.200000,0.012400,20.000000,0.000000,0.000000,20.000000,0.000000,0.000000,0.000000,0.000000,0.012160,0.000000,0.910900,17.721432,0.099443,-9.270436,20.000000
0.574800,5,"LINK_TORSO_YAW",0.562300,0.200000,0.012500,20.000000,0.000000,0.000000,20.000000,0.000000,0.000000,0.000000,0.000000,0.012160,0.000000,0.910900,17.719762,0.099484,-9.273626,20.000000
0.574900,5,"LINK_TORSO_YAW",0.562300,0.200000,0.012600,20.000000,0.000000,0.000000,20.000000,0.000000,0.000000,0.000000,0.000000,0.012160,0.000000,0.910900,17.718089,0.099525,-9.276822,20.000000
0.575000,5,"LINK_TORSO_YAW",0.562300,0.200000,0.012700,20.000000,0.000000,0.000000,20.000000,0.000000,0.000000,0.000000,0.000000,0.012160,0.000000,0.910900,17.716414,0.099565,-9.280020,20.000000
0.575100,5,"LINK_TORSO_YAW",0.562300,0.200000,0.012800,20.000000,0.000000,0.000000,20.000000,0.000000,0.000000,0.000000,0.000000,0.012160,0.000000,0.910900,17.714738,0.099606,-9.283219,20.000000
0.575200,5,"LINK_TORSO_YAW",0.562300,0.200000,0.012900,20.000000,0.000000,0.000000,20.000000,0.000000,0.000000,0.000000,0.000000,0.012160,0.000000,0.910900,17.713060,0.099647,-9.286420,20.000000
0.575300,5,"LINK_TORSO_YAW",0.562300,0.200000,0.013000,20.000000,0.000000,0.000000,20.000000,0.000000,0.000000,0.000000,0.000000,0.012160,0.000000,0.910900,17.711379,0.099689,-9.289623,20.000000
0.575400,5,"LINK_TORSO_YAW",0.562300,0.200000,0.013100,20.000000,0.000000,0.000000,20.000000,0.000000,0.000000,0.000000,0.000000,0.012160,0.000000,0.910900,17.709697,0.099731,-9.292829,20.000000
0.575500,5,"LINK_TORSO_YAW",0.562300,0.200000,0.013200,20.000000,0.000000,0.000000,20.000000,0.000000,0.000000,0.000000,0.000000,0.012160,0.000000,0.910900,17.708012,0.099774,-9.296039,20.000000
0.575600,5,"LINK_TORSO_YAW",0.562300,0.200000,0.013300,20.000000,0.000000,0.000000,20.000000,0.000000,0.000000,0.000000,0.000000,0.012160,0.000000,0.910900,17.706325,0.099817,-9.299252,20.000000
0.575700,5,"LINK_TORSO_YAW",0.562300,0.200000,0.013400,20.000000,0.000000,0.000000,20.000000,0.000000,0.000000,0.000000,0.000000,0.012160,0.000000,0.910900,17.704634,0.099860,-9.302470,20.000000
0.575800,5,"LINK_TORSO_YAW",0.562300,0.200000,0.013500,20.000000,0.000000,0.000000,20.000000,0.000000,0.000000,0.000000,0.000000,0.012160,0.000000,0.910900,17.702941,0.099903,-9.305692,20.000000
0.575900,5,"LINK_TORSO_YAW",0.562300,0.200000,0.013600,20.000000,0.000000,0.000000,20.000000,0.000000,0.000000,0.000000,0.000000,0.012160,0.000000,0.910900,17.701244,0.099946,-9.308919,20.000000
0.576000,5,"LINK_TORSO_YAW",0.562300,0.200000,0.013700,20.000000,0.000000,0.000000,20.000000,0.000000,0.000000,0.000000,0.000000,0.012160,0.000000,0.910900,17.699543,0.099989,-9.312151,20.000000
0.576100,5,"LINK_TORSO_YAW",0.562300,0.200000,0.013800,20.000000,0.000000,0.000000,20.000000,0.000000,0.000000,0.000000,0.000000,0.012160,0.000000,0.910900,17.697839,0.100032,-9.315389,20.000000
0.576300,5,"LINK_TORSO_YAW",0.562300,0.200000,0.014000,20.000000,0.000000,0.000000,20.000000,0.000000,0.000000,0.000000,0.000000,0.012160,0.000000,0.910900,17.694426,0.100118,-9.321870,20.000000
0.576400,5,"LINK_TORSO_YAW",0.562300,0.200000,0.014100,20.000000,0.000000,0.000000,20.000000,0.000000,0.000000,0.000000,0.000000,0.012160,0.000000,0.910900,17.692717,0.100161,-9.325113,20.000000
0.576500,5,"LINK_TORSO_YAW",0.562300,0.200000,0.014200,20.000000,0.000000,0.000000,20.000000,0.000000,0.000000,0.000000,0.000000,0.012160,0.000000,0.910900,17.691006,0.100204,-9.328359,20.000000
0.576600,5,"LINK_TORSO_YAW",0.562300,0.200000,0.014300,20.000000,0.000000,0.000000,20.000000,0.000000,0.000000,0.000000,0.000000,0.012160,0.000000,0.910900,17.689292,0.100247,-9.331608,20.000000
0.576800,5,"LINK_TORSO_YAW",0.562300,0.200000,0.014500,20.000000,0.000000,0.000000,20.000000,0.000000,0.000000,0.000000,0.000000,0.012160,0.000000,0.910900,17.685857,0.100333,-9.338116,20.000000
0.577000,5,"LINK_TORSO_YAW",0.562300,0.200000,0.014700,20.000000,0.000000,0.000000,20.000000,0.000000,0.000000,0.000000,0.000000,0.012160,0.000000,0.910900,17.682408,0.100420,-9.344643,20.000000
0.577100,5,"LINK_TORSO_YAW",0.562300,0.200000,0.014800,20.000000,0.000000,0.000000,20.000000,0.000000,0.000000,0.000000,0.000000,0.012160,0.000000,0.910900,17.680679,0.100463,-9.347914,20.000000
0.577200,5,"LINK_TORSO_YAW",0.562300,0.200000,0.014900,20.000000,0.000000,0.000000,20.000000,0.000000,0.000000,0.000000,0.000000,0.012160,0.000000,0.910900,17.678946,0.100507,-9.351191,20.000000
0.577300,5,"LINK_TORSO_YAW",0.562300,0.200000,0.015000,20.000000,0.000000,0.000000,20.000000,0.000000,0.000000,0.000000,0.000000,0.012160,0.000000,0.910900,17.677209,0.100550,-9.354474,20.000000
0.577400,5,"LINK_TORSO_YAW",0.562300,0.200000,0.015100,20.000000,0.000000,0.000000,20.000000,0.000000,0.000000,0.000000,0.000000,0.012160,0.000000,0.910900,17.675470,0.100594,-9.357758,20.000000
0.577500,5,"LINK_TORSO_YAW",0.562300,0.200000,0.015200,20.000000,0.000000,0.000000,20.000000,0.000000,0.000000,0.000000,0.000000,0.012160,0.000000,0.910900,17.673730,0.100638,-9.361044,20.000000
0.577600,5,"LINK_TORSO_YAW",0.562300,0.200000,0.015300,20.000000,0.000000,0.000000,20.000000,0.000000,0.000000,0.000000,0.000000,0.012160,0.000000,0.910900,17.671988,0.100682,-9.364332,20.000000
0.577700,5,"LINK_TORSO_YAW",0.562300,0.200000,0.015400,20.000000,0.000000,0.000000,20.000000,0.000000,0.000000,0.000000,0.000000,0.012160,0.000000,0.910900,17.670243,0.100725,-9.367622,20.000000
0.578000,5,"LINK_TORSO_YAW",0.562300,0.200000,0.015700,20.000000,0.000000,0.000000,20.000000,0.000000,0.000000,0.000000,0.000000,0.012160,0.000000,0.910900,17.664995,0.100857,-9.377515,20.000000
0.578200,5,"LINK_TORSO_YAW",0.562300,0.200000,0.015900,20.000000,0.000000,0.000000,20.000000,0.000000,0.000000,0.000000,0.000000,0.012160,0.000000,0.910900,17.661480,0.100945,-9.384133,20.000000
0.578300,5,"LINK_TORSO_YAW",0.562300,0.200000,0.016000,20.000000,0.000000,0.000000,20.000000,0.000000,0.000000,0.000000,0.000000,0.012160,0.000000,0.910900,17.659717,0.100989,-9.387449,20.000000
0.578400,5,"LINK_TORSO_YAW",0.562300,0.200000,0.016100,20.000000,0.000000,0.000000,20.000000,0.000000,0.000000,0.000000,0.000000,0.012160,0.000000,0.910900,17.657951,0.101033,-9.390771,20.000000
0.578500,5,"LINK_TORSO_YAW",0.562300,0.200000,0.016200,20.000000,0.000000,0.000000,20.000000,0.000000,0.000000,0.000000,0.000000,0.012160,0.000000,0.910900,17.656180,0.101078,-9.394099,20.000000
0.578600,5,"LINK_TORSO_YAW",0.562300,0.200000,0.016300,20.000000,0.000000,0.000000,20.000000,0.000000,0.000000,0.000000,0.000000,0.012160,0.000000,0.910900,17.654408,0.101122,-9.397428,20.000000
0.578700,5,"LINK_TORSO_YAW",0.562300,0.200000,0.016400,20.000000,0.000000,0.000000,20.000000,0.000000,0.000000,0.000000,0.000000,0.012160,0.000000,0.910900,17.652634,0.101167,-9.400759,20.000000
0.578800,5,"LINK_TORSO_YAW",0.562300,0.200000,0.016500,20.000000,0.000000,0.000000,20.000000,0.000000,0.000000,0.000000,0.000000,0.012160,0.000000,0.910900,17.650859,0.101212,-9.404092,20.000000
0.578900,5,"LINK_TORSO_YAW",0.562300,0.200000,0.016600,20.000000,0.000000,0.000000,20.000000,0.000000,0.000000,0.000000,0.000000,0.012160,0.000000,0.910900,17.649081,0.101256,-9.407427,20.000000
0.579100,5,"LINK_TORSO_YAW",0.562300,0.200000,0.016800,20.000000,0.000000,0.000000,20.000000,0.000000,0.000000,0.000000,0.000000,0.012160,0.000000,0.910900,17.645518,0.101345,-9.414109,20.000000
0.579200,5,"LINK_TORSO_YAW",0.562300,0.200000,0.016900,20.000000,0.000000,0.000000,20.000000,0.000000,0.000000,0.000000,0.000000,0.012160,0.000000,0.910900,17.643732,0.101390,-9.417455,20.000000
0.579300,5,"LINK_TORSO_YAW",0.562300,0.200000,0.017000,20.000000,0.000000,0.000000,20.000000,0.000000,0.000000,0.000000,0.000000,0.012160,0.000000,0.910900,17.641943,0.101434,-9.420805,20.000000
0.579400,5,"LINK_TORSO_YAW",0.562300,0.200000,0.017100,20.000000,0.000000,0.000000,20.000000,0.000000,0.000000,0.000000,0.000000,0.012160,0.000000,0.910900,17.640150,0.101478,-9.424160,20.000000
0.579500,5,"LINK_TORSO_YAW",0.562300,0.200000,0.017200,20.000000,0.000000,0.000000,20.000000,0.000000,0.000000,0.000000,0.000000,0.012160,0.000000,0.910900,17.638355,0.101523,-9.427520,20.000000
0.579600,5,"LINK_TORSO_YAW",0.562300,0.200000,0.017300,20.000000,0.000000,0.000000,20.000000,0.000000,0.000000,0.000000,0.000000,0.012160,0.000000,0.910900,17.636555,0.101567,-9.430886,20.000000
0.579700,5,"LINK_TORSO_YAW",0.562300,0.200000,0.017400,20.000000,0.000000,0.000000,20.000000,0.000000,0.000000,0.000000,0.000000,0.012160,0.000000,0.910900,17.634752,0.101612,-9.434257,20.000000
0.579800,5,"LINK_TORSO_YAW",0.562300,0.200000,0.017500,20.000000,0.000000,0.000000,20.000000,0.000000,0.000000,0.000000,0.000000,0.012160,0.000000,0.910900,17.632946,0.101656,-9.437630,20.000000
0.579900,5,"LINK_TORSO_YAW",0.562300,0.200000,0.017600,20.000000,0.000000,0.000000,20.000000,0.000000,0.000000,0.000000,0.000000,0.012160,0.000000,0.910900,17.631140,0.101701,-9.441005,20.000000
0.580000,5,"LINK_TORSO_YAW",0.562300,0.200000,0.017700,20.000000,0.000000,0.000000,20.000000,0.000000,0.000000,0.000000,0.000000,0.012160,0.000000,0.910900,17.629331,0.101745,-9.444382,20.000000
0.580300,5,"LINK_TORSO_YAW",0.562300,0.200000,0.018000,20.000000,0.000000,0.000000,20.000000,0.000000,0.000000,0.000000,0.000000,0.012160,0.000000,0.910900,17.623890,0.101879,-9.454530,20.000000
0.580400,5,"LINK_TORSO_YAW",0.562300,0.200000,0.018100,20.000000,0.000000,0.000000,20.000000,0.000000,0.000000,0.000000,0.000000,0.012160,0.000000,0.910900,17.622070,0.101924,-9.457920,20.000000
0.580500,5,"LINK_TORSO_YAW",0.562300,0.200000,0.018200,20.000000,0.000000,0.000000,20.000000,0.000000,0.000000,0.000000,0.000000,0.012160,0.000000,0.910900,17.620248,0.101969,-9.461315,20.000000
0.580600,5,"LINK_TORSO_YAW",0.562300,0.200000,0.018300,20.000000,0.000000,0.000000,20.000000,0.000000,0.000000,0.000000,0.000000,0.012160,0.000000,0.910900,17.618422,0.102013,-9.464714,20.000000
0.580700,5,"LINK_TORSO_YAW",0.562300,0.200000,0.018400,20.000000,0.000000,0.000000,20.000000,0.000000,0.000000,0.000000,0.000000,0.012160,0.000000,0.910900,17.616592,0.102058,-9.468119,20.000000
0.580800,5,"LINK_TORSO_YAW",0.562300,0.200000,0.018500,20.000000,0.000000,0.000000,20.000000,0.000000,0.000000,0.000000,0.000000,0.012160,0.000000,0.910900,17.614758,0.102104,-9.471529,20.000000
0.580900,5,"LINK_TORSO_YAW",0.562300,0.200000,0.018600,20.000000,0.000000,0.000000,20.000000,0.000000,0.000000,0.000000,0.000000,0.012160,0.000000,0.910900,17.612923,0.102149,-9.474941,20.000000
0.581000,5,"LINK_TORSO_YAW",0.562300,0.200000,0.018700,20.000000,0.000000,0.000000,20.000000,0.000000,0.000000,0.000000,0.000000,0.012160,0.000000,0.910900,17.611086,0.102194,-9.478355,20.000000
0.581100,5,"LINK_TORSO_YAW",0.562300,0.200000,0.018800,20.000000,0.000000,0.000000,20.000000,0.000000,0.000000,0.000000,0.000000,0.012160,0.000000,0.910900,17.609247,0.102239,-9.481770,20.000000
0.581200,5,"LINK_TORSO_YAW",0.562300,0.200000,0.018900,20.000000,0.000000,0.000000,20.000000,0.000000,0.000000,0.000000,0.000000,0.012160,0.000000,0.910900,17.607406,0.102284,-9.485188,20.000000
0.581300,5,"LINK_TORSO_YAW",0.562300,0.200000,0.019000,20.000000,0.000000,0.000000,20.000000,0.000000,0.000000,0.000000,0.000000,0.012160,0.000000,0.910900,17.605562,0.102329,-9.488609,20.000000
0.581800,5,"LINK_TORSO_YAW",0.562300,0.200000,0.019500,20.000000,0.000000,0.000000,20.000000,0.000000,0.000000,0.000000,0.000000,0.012160,0.000000,0.910900,17.596297,0.102556,-9.505778,20.000000
0.581900,5,"LINK_TORSO_YAW",0.562300,0.200000,0.019600,20.000000,0.000000,0.000000,20.000000,0.000000,0.000000,0.000000,0.000000,0.012160,0.000000,0.910900,17.594433,0.102601,-9.509228,20.000000
0.582000,5,"LINK_TORSO_YAW",0.562300,0.200000,0.019700,20.000000,0.000000,0.000000,20.000000,0.000000,0.000000,0.000000,0.000000,0.012160,0.000000,0.910900,17.592565,0.102647,-9.512683,20.000000
0.582100,5,"LINK_TORSO_YAW",0.562300,0.200000,0.019800,20.000000,0.000000,0.000000,20.000000,0.000000,0.000000,0.000000,0.000000,0.012160,0.000000,0.910900,17.590692,0.102693,-9.516144,20.000000
0.582200,5,"LINK_TORSO_YAW",0.562300,0.200000,0.019900,20.000000,0.000000,0.000000,20.000000,0.000000,0.000000,0.000000,0.000000,0.012160,0.000000,0.910900,17.588819,0.102738,-9.519606,20.000000
0.582300,5,"LINK_TORSO_YAW",0.562300,0.200000,0.020000,20.000000,0.000000,0.000000,20.000000,0.000000,0.000000,0.000000,0.000000,0.012160,0.000000,0.910900,17.586943,0.102784,-9.523070,20.000000
0.582400,5,"LINK_TORSO_YAW",0.562300,0.200000,0.020100,20.000000,0.000000,0.000000,20.000000,0.000000,0.000000,0.000000,0.000000,0.012160,0.000000,0.910900,17.585066,0.102829,-9.526536,20.000000
0.582500,5,"LINK_TORSO_YAW",0.562300,0.200000,0.020200,20.000000,0.000000,0.000000,20.000000,0.000000,0.000000,0.000000,0.000000,0.012160,0.000000,0.910900,17.583186,0.102875,-9.530004,20.000000
0.582600,5,"LINK_TORSO_YAW",0.562300,0.200000,0.020300,20.000000,0.000000,0.000000,20.000000,0.000000,0.000000,0.000000,0.000000,0.012160,0.000000,0.910900,17.581304,0.102920,-9.533476,20.000000
0.582900,5,"LINK_TORSO_YAW",0.562300,0.200000,0.020600,20.000000,0.000000,0.000000,20.000000,0.000000,0.000000,0.000000,0.000000,0.012160,0.000000,0.910900,17.575639,0.103057,-9.543913,20.000000
0.583000,5,"LINK_TORSO_YAW",0.562300,0.200000,0.020700,20.000000,0.000000,0.000000,20.000000,0.000000,0.000000,0.000000,0.000000,0.012160,0.000000,0.910900,17.573744,0.103103,-9.547402,20.000000
0.583300,5,"LINK_TORSO_YAW",0.562300,0.200000,0.021000,20.000000,0.000000,0.000000,20.000000,0.000000,0.000000,0.000000,0.000000,0.012160,0.000000,0.910900,17.568038,0.103241,-9.557896,20.000000
0.583400,5,"LINK_TORSO_YAW",0.562300,0.200000,0.021100,20.000000,0.000000,0.000000,20.000000,0.000000,0.000000,0.000000,0.000000,0.012160,0.000000,0.910900,17.566132,0.103287,-9.561399,20.000000
0.583500,5,"LINK_TORSO_YAW",0.562300,0.200000,0.021200,20.000000,0.000000,0.000000,20.000000,0.000000,0.000000,0.000000,0.000000,0.012160,0.000000,0.910900,17.564223,0.103333,-9.564904,20.000000
0.583600,5,"LINK_TORSO_YAW",0.562300,0.200000,0.021300,20.000000,0.000000,0.000000,20.000000,0.000000,0.000000,0.000000,0.000000,0.012160,0.000000,0.910900,17.562312,0.103379,-9.568411,20.000000
0.583700,5,"LINK_TORSO_YAW",0.562300,0.200000,0.021400,20.000000,0.000000,0.000000,20.000000,0.000000,0.000000,0.000000,0.000000,0.012160,0.000000,0.910900,17.560399,0.103425,-9.571922,20.000000
0.583800,5,"LINK_TORSO_YAW",0.562300,0.200000,0.021500,20.000000,0.000000,0.000000,20.000000,0.000000,0.000000,0.000000,0.000000,0.012160,0.000000,0.910900,17.558483,0.103471,-9.575436,20.000000
0.583900,5,"LINK_TORSO_YAW",0.562300,0.200000,0.021600,20.000000,0.000000,0.000000,20.000000,0.000000,0.000000,0.000000,0.000000,0.012160,0.000000,0.910900,17.556564,0.103518,-9.578954,20.000000
0.584000,5,"LINK_TORSO_YAW",0.562300,0.200000,0.021700,20.000000,0.000000,0.000000,20.000000,0.000000,0.000000,0.000000,0.000000,0.012160,0.000000,0.910900,17.554641,0.103564,-9.582477,20.000000
0.584100,5,"LINK_TORSO_YAW",0.562300,0.200000,0.021800,20.000000,0.000000,0.000000,20.000000,0.000000,0.000000,0.000000,0.000000,0.012160,0.000000,0.910900,17.552715,0.103611,-9.586003,20.000000
0.584200,5,"LINK_TORSO_YAW",0.562300,0.200000,0.021900,20.000000,0.000000,0.000000,20.000000,0.000000,0.000000,0.000000,0.000000,0.012160,0.000000,0.910900,17.550785,0.103657,-9.589535,20.000000
0.584300,5,"LINK_TORSO_YAW",0.562300,0.200000,0.022000,20.000000,0.000000,0.000000,20.000000,0.000000,0.000000,0.000000,0.000000,0.012160,0.000000,0.910900,17.548852,0.103703,-9.593072,20.000000
0.584400,5,"LINK_TORSO_YAW",0.562300,0.200000,0.022100,20.000000,0.000000,0.000000,20.000000,0.000000,0.000000,0.000000,0.000000,0.012160,0.000000,0.910900,17.546915,0.103750,-9.596615,20.000000
0.584800,5,"LINK_TORSO_YAW",0.562300,0.200000,0.022500,20.000000,0.000000,0.000000,20.000000,0.000000,0.000000,0.000000,0.000000,0.012160,0.000000,0.910900,17.539146,0.103936,-9.610805,20.000000
0.584900,5,"LINK_TORSO_YAW",0.562300,0.200000,0.022600,20.000000,0.000000,0.000000,20.000000,0.000000,0.000000,0.000000,0.000000,0.012160,0.000000,0.910900,17.537197,0.103983,-9.614359,20.000000
0.585000,5,"LINK_TORSO_YAW",0.562300,0.200000,0.022700,20.000000,0.000000,0.000000,20.000000,0.000000,0.000000,0.000000,0.000000,0.012160,0.000000,0.910900,17.535246,0.104029,-9.617917,20.000000
0.585100,5,"LINK_TORSO_YAW",0.562300,0.200000,0.022800,20.000000,0.000000,0.000000,20.000000,0.000000,0.000000,0.000000,0.000000,0.012160,0.000000,0.910900,17.533292,0.104076,-9.621478,20.000000
0.585400,5,"LINK_TORSO_YAW",0.562300,0.200000,0.023100,20.000000,0.000000,0.000000,20.000000,0.000000,0.000000,0.000000,0.000000,0.012160,0.000000,0.910900,17.527408,0.104217,-9.632192,20.000000
0.585500,5,"LINK_TORSO_YAW",0.562300,0.200000,0.023200,20.000000,0.000000,0.000000,20.000000,0.000000,0.000000,0.000000,0.000000,0.012160,0.000000,0.910900,17.525438,0.104265,-9.635774,20.000000
0.585600,5,"LINK_TORSO_YAW",0.562300,0.200000,0.023300,20.000000,0.000000,0.000000,20.000000,0.000000,0.000000,0.000000,0.000000,0.012160,0.000000,0.910900,17.523467,0.104312,-9.639357,20.000000
0.585700,5,"LINK_TORSO_YAW",0.562300,0.200000,0.023400,20.000000,0.000000,0.000000,20.000000,0.000000,0.000000,0.000000,0.000000,0.012160,0.000000,0.910900,17.521495,0.104359,-9.642942,20.000000
0.585800,5,"LINK_TORSO_YAW",0.562300,0.200000,0.023500,20.000000,0.000000,0.000000,20.000000,0.000000,0.000000,0.000000,0.000000,0.012160,0.000000,0.910900,17.519520,0.104406,-9.646529,20.000000
0.585900,5,"LINK_TORSO_YAW",0.562300,0.200000,0.023600,20.000000,0.000000,0.000000,20.000000,0.000000,0.000000,0.000000,0.000000,0.012160,0.000000,0.910900,17.517543,0.104453,-9.650118,20.000000
0.586000,5,"LINK_TORSO_YAW",0.562300,0.200000,0.023700,20.000000,0.000000,0.000000,20.000000,0.000000,0.000000,0.000000,0.000000,0.012160,0.000000,0.910900,17.515564,0.104500,-9.653710,20.000000
0.586100,5,"LINK_TORSO_YAW",0.562300,0.200000,0.023800,20.000000,0.000000,0.000000,20.000000,0.000000,0.000000,0.000000,0.000000,0.012160,0.000000,0.910900,17.513581,0.104547,-9.657305,20.000000
0.586200,5,"LINK_TORSO_YAW",0.562300,0.200000,0.023900,20.000000,0.000000,0.000000,20.000000,0.000000,0.000000,0.000000,0.000000,0.012160,0.000000,0.910900,17.511596,0.104594,-9.660904,20.000000
0.586500,5,"LINK_TORSO_YAW",0.562300,0.200000,0.024200,20.000000,0.000000,0.000000,20.000000,0.000000,0.000000,0.000000,0.000000,0.012160,0.000000,0.910900,17.505618,0.104735,-9.671730,20.000000
0.586600,5,"LINK_TORSO_YAW",0.562300,0.200000,0.024300,20.000000,0.000000,0.000000,20.000000,0.000000,0.000000,0.000000,0.000000,0.012160,0.000000,0.910900,17.503618,0.104783,-9.675349,20.000000
0.586700,5,"LINK_TORSO_YAW",0.562300,0.200000,0.024400,20.000000,0.000000,0.000000,20.000000,0.000000,0.000000,0.000000,0.000000,0.012160,0.000000,0.910900,17.501613,0.104830,-9.678975,20.000000
0.586800,5,"LINK_TORSO_YAW",0.562300,0.200000,0.024500,20.000000,0.000000,0.000000,20.000000,0.000000,0.000000,0.000000,0.000000,0.012160,0.000000,0.910900,17.499606,0.104878,-9.682602,20.000000
0.586900,5,"LINK_TORSO_YAW",0.562300,0.200000,0.024600,20.000000,0.000000,0.000000,20.000000,0.000000,0.000000,0.000000,0.000000,0.012160,0.000000,0.910900,17.497598,0.104926,-9.686230,20.000000
0.587000,5,"LINK_TORSO_YAW",0.562300,0.200000,0.024700,20.000000,0.000000,0.000000,20.000000,0.000000,0.000000,0.000000,0.000000,0.012160,0.000000,0.910900,17.495587,0.104973,-9.689861,20.000000
0.587200,5,"LINK_TORSO_YAW",0.562300,0.200000,0.024900,20.000000,0.000000,0.000000,20.000000,0.000000,0.000000,0.000000,0.000000,0.012160,0.000000,0.910900,17.491558,0.105069,-9.697131,20.000000
0.587300,5,"LINK_TORSO_YAW",0.562300,0.200000,0.025000,20.000000,0.000000,0.000000,20.000000,0.000000,0.000000,0.000000,0.000000,0.012160,0.000000,0.910900,17.489540,0.105118,-9.700771,20.000000
0.587400,5,"LINK_TORSO_YAW",0.562300,0.200000,0.025100,20.000000,0.000000,0.000000,20.000000,0.000000,0.000000,0.000000,0.000000,0.012160,0.000000,0.910900,17.487518,0.105166,-9.704414,20.000000
0.587500,5,"LINK_TORSO_YAW",0.562300,0.200000,0.025200,20.000000,0.000000,0.000000,20.000000,0.000000,0.000000,0.000000,0.000000,0.012160,0.000000,0.910900,17.485493,0.105215,-9.708061,20.000000
0.587600,5,"LINK_TORSO_YAW",0.562300,0.200000,0.025300,20.000000,0.000000,0.000000,20.000000,0.000000,0.000000,0.000000,0.000000,0.012160,0.000000,0.910900,17.483465,0.105264,-9.711713,20.000000
0.587700,5,"LINK_TORSO_YAW",0.562300,0.200000,0.025400,20.000000,0.000000,0.000000,20.000000,0.000000,0.000000,0.000000,0.000000,0.012160,0.000000,0.910900,17.481433,0.105313,-9.715370,20.000000
0.587800,5,"LINK_TORSO_YAW",0.562300,0.200000,0.025500,20.000000,0.000000,0.000000,20.000000,0.000000,0.000000,0.000000,0.000000,0.012160,0.000000,0.910900,17.479397,0.105363,-9.719032,20.000000
0.587900,5,"LINK_TORSO_YAW",0.562300,0.200000,0.025600,20.000000,0.000000,0.000000,20.000000,0.000000,0.000000,0.000000,0.000000,0.012160,0.000000,0.910900,17.477356,0.105412,-9.722700,20.000000
0.588000,5,"LINK_TORSO_YAW",0.562300,0.200000,0.025700,20.000000,0.000000,0.000000,20.000000,0.000000,0.000000,0.000000,0.000000,0.012160,0.000000,0.910900,17.475314,0.105462,-9.726370,20.000000
0.588100,5,"LINK_TORSO_YAW",0.562300,0.200000,0.025800,20.000000,0.000000,0.000000,20.000000,0.000000,0.000000,0.000000,0.000000,0.012160,0.000000,0.910900,17.473270,0.105511,-9.730041,20.000000
0.588200,5,"LINK_TORSO_YAW",0.562300,0.200000,0.025900,20.000000,0.000000,0.000000,20.000000,0.000000,0.000000,0.000000,0.000000,0.012160,0.000000,0.910900,17.471224,0.105561,-9.733714,20.000000
0.588300,5,"LINK_TORSO_YAW",0.562300,0.200000,0.026000,20.000000,0.000000,0.000000,20.000000,0.000000,0.000000,0.000000,0.000000,0.012160,0.000000,0.910900,17.469176,0.105611,-9.737389,20.000000
0.588400,5,"LINK_TORSO_YAW",0.562300,0.200000,0.026100,20.000000,0.000000,0.000000,20.000000,0.000000,0.000000,0.000000,0.000000,0.012160,0.000000,0.910900,17.467124,0.105661,-9.741068,20.000000
0.588500,5,"LINK_TORSO_YAW",0.562300,0.200000,0.026200,20.000000,0.000000,0.000000,20.000000,0.000000,0.000000,0.000000,0.000000,0.012160,0.000000,0.910900,17.465070,0.105711,-9.744750,20.000000
0.589000,5,"LINK_TORSO_YAW",0.562300,0.200000,0.026700,20.000000,0.000000,0.000000,20.000000,0.000000,0.000000,0.000000,0.000000,0.012160,0.000000,0.910900,17.454745,0.105962,-9.763229,20.000000
0.589100,5,"LINK_TORSO_YAW",0.562300,0.200000,0.026800,20.000000,0.000000,0.000000,20.000000,0.000000,0.000000,0.000000,0.000000,0.012160,0.000000,0.910900,17.452668,0.106013,-9.766942,20.000000
0.589200,5,"LINK_TORSO_YAW",0.562300,0.200000,0.026900,20.000000,0.000000,0.000000,20.000000,0.000000,0.000000,0.000000,0.000000,0.012160,0.000000,0.910900,17.450588,0.106064,-9.770656,20.000000
0.589300,5,"LINK_TORSO_YAW",0.562300,0.200000,0.027000,20.000000,0.000000,0.000000,20.000000,0.000000,0.000000,0.000000,0.000000,0.012160,0.000000,0.910900,17.448507,0.106115,-9.774371,20.000000
0.589400,5,"LINK_TORSO_YAW",0.562300,0.200000,0.027100,20.000000,0.000000,0.000000,20.000000,0.000000,0.000000,0.000000,0.000000,0.012160,0.000000,0.910900,17.446424,0.106165,-9.778089,20.000000
0.589500,5,"LINK_TORSO_YAW",0.562300,0.200000,0.027200,20.000000,0.000000,0.000000,20.000000,0.000000,0.000000,0.000000,0.000000,0.012160,0.000000,0.910900,17.444338,0.106215,-9.781808,20.000000
0.589600,5,"LINK_TORSO_YAW",0.562300,0.200000,0.027300,20.000000,0.000000,0.000000,20.000000,0.000000,0.000000,0.000000,0.000000,0.012160,0.000000,0.910900,17.442250,0.106265,-9.785531,20.000000
0.589700,5,"LINK_TORSO_YAW",0.562300,0.200000,0.027400,20.000000,0.000000,0.000000,20.000000,0.000000,0.000000,0.000000,0.000000,0.012160,0.000000,0.910900,17.440160,0.106315,-9.789256,20.000000
0.589800,5,"LINK_TORSO_YAW",0.562300,0.200000,0.027500,20.000000,0.000000,0.000000,20.000000,0.000000,0.000000,0.000000,0.000000,0.012160,0.000000,0.910900,17.438066,0.106366,-9.792985,20.000000
0.589900,5,"LINK_TORSO_YAW",0.562300,0.200000,0.027600,20.000000,0.000000,0.000000,20.000000,0.000000,0.000000,0.000000,0.000000,0.012160,0.000000,0.910900,17.435968,0.106416,-9.796718,20.000000
0.590800,5,"LINK_TORSO_YAW",0.562300,0.200000,0.028500,20.000000,0.000000,0.000000,20.000000,0.000000,0.000000,0.000000,0.000000,0.012160,0.000000,0.910900,17.416961,0.106871,-9.830466,20.000000
0.590900,5,"LINK_TORSO_YAW",0.562300,0.200000,0.028600,20.000000,0.000000,0.000000,20.000000,0.000000,0.000000,0.000000,0.000000,0.012160,0.000000,0.910900,17.414834,0.106922,-9.834232,20.000000
0.591000,5,"LINK_TORSO_YAW",0.562300,0.200000,0.028700,20.000000,0.000000,0.000000,20.000000,0.000000,0.000000,0.000000,0.000000,0.012160,0.000000,0.910900,17.412703,0.106973,-9.838004,20.000000
0.591100,5,"LINK_TORSO_YAW",0.562300,0.200000,0.028800,20.000000,0.000000,0.000000,20.000000,0.000000,0.000000,0.000000,0.000000,0.012160,0.000000,0.910900,17.410569,0.107024,-9.841780,20.000000
0.591200,5,"LINK_TORSO_YAW",0.562300,0.200000,0.028900,20.000000,0.000000,0.000000,20.000000,0.000000,0.000000,0.000000,0.000000,0.012160,0.000000,0.910900,17.408431,0.107075,-9.845561,20.000000
0.591300,5,"LINK_TORSO_YAW",0.562300,0.200000,0.029000,20.000000,0.000000,0.000000,20.000000,0.000000,0.000000,0.000000,0.000000,0.012160,0.000000,0.910900,17.406288,0.107126,-9.849348,20.000000
0.591400,5,"LINK_TORSO_YAW",0.562300,0.200000,0.029100,20.000000,0.000000,0.000000,20.000000,0.000000,0.000000,0.000000,0.000000,0.012160,0.000000,0.910900,17.404143,0.107178,-9.853137,20.000000
0.591500,5,"LINK_TORSO_YAW",0.562300,0.200000,0.029200,20.000000,0.000000,0.000000,20.000000,0.000000,0.000000,0.000000,0.000000,0.012160,0.000000,0.910900,17.401997,0.107229,-9.856927,20.000000
0.591600,5,"LINK_TORSO_YAW",0.562300,0.200000,0.029300,20.000000,0.000000,0.000000,20.000000,0.000000,0.000000,0.000000,0.000000,0.012160,0.000000,0.910900,17.399848,0.107280,-9.860719,20.000000
0.592400,5,"LINK_TORSO_YAW",0.562300,0.200000,0.030100,20.000000,0.000000,0.000000,20.000000,0.000000,0.000000,0.000000,0.000000,0.012160,0.000000,0.910900,17.382543,0.107693,-9.891188,20.000000
0.592500,5,"LINK_TORSO_YAW",0.562300,0.200000,0.030200,20.000000,0.000000,0.000000,20.000000,0.000000,0.000000,0.000000,0.000000,0.012160,0.000000,0.910900,17.380365,0.107745,-9.895014,20.000000
0.592600,5,"LINK_TORSO_YAW",0.562300,0.200000,0.030300,20.000000,0.000000,0.000000,20.000000,0.000000,0.000000,0.000000,0.000000,0.012160,0.000000,0.910900,17.378184,0.107797,-9.898843,20.000000
0.592700,5,"LINK_TORSO_YAW",0.562300,0.200000,0.030400,20.000000,0.000000,0.000000,20.000000,0.000000,0.000000,0.000000,0.000000,0.012160,0.000000,0.910900,17.376001,0.107850,-9.902674,20.000000
0.592800,5,"LINK_TORSO_YAW",0.562300,0.200000,0.030500,20.000000,0.000000,0.000000,20.000000,0.000000,0.000000,0.000000,0.000000,0.012160,0.000000,0.910900,17.373816,0.107902,-9.906507,20.000000
0.592900,5,"LINK_TORSO_YAW",0.562300,0.200000,0.030600,20.000000,0.000000,0.000000,20.000000,0.000000,0.000000,0.000000,0.000000,0.012160,0.000000,0.910900,17.371628,0.107955,-9.910343,20.000000
0.593000,5,"LINK_TORSO_YAW",0.562300,0.200000,0.030700,20.000000,0.000000,0.000000,20.000000,0.000000,0.000000,0.000000,0.000000,0.012160,0.000000,0.910900,17.369437,0.108007,-9.914182,20.000000
0.593100,5,"LINK_TORSO_YAW",0.562300,0.200000,0.030800,20.000000,0.000000,0.000000,20.000000,0.000000,0.000000,0.000000,0.000000,0.012160,0.000000,0.910900,17.367242,0.108060,-9.918025,20.000000
0.593200,5,"LINK_TORSO_YAW",0.562300,0.200000,0.030900,20.000000,0.000000,0.000000,20.000000,0.000000,0.000000,0.000000,0.000000,0.012160,0.000000,0.910900,17.365044,0.108112,-9.921872,20.000000
0.593300,5,"LINK_TORSO_YAW",0.562300,0.200000,0.031000,20.000000,0.000000,0.000000,20.000000,0.000000,0.000000,0.000000,0.000000,0.012160,0.000000,0.910900,17.362843,0.108165,-9.925724,20.000000
0.593400,5,"LINK_TORSO_YAW",0.562300,0.200000,0.031100,20.000000,0.000000,0.000000,20.000000,0.000000,0.000000,0.000000,0.000000,0.012160,0.000000,0.910900,17.360637,0.108218,-9.929581,20.000000
0.593500,5,"LINK_TORSO_YAW",0.562300,0.200000,0.031200,20.000000,0.000000,0.000000,20.000000,0.000000,0.000000,0.000000,0.000000,0.012160,0.000000,0.910900,17.358427,0.108270,-9.933443,20.000000
0.593600,5,"LINK_TORSO_YAW",0.562300,0.200000,0.031300,20.000000,0.000000,0.000000,20.000000,0.000000,0.000000,0.000000,0.000000,0.012160,0.000000,0.910900,17.356212,0.108323,-9.937311,20.000000
0.594100,5,"LINK_TORSO_YAW",0.562300,0.200000,0.031800,20.000000,0.000000,0.000000,20.000000,0.000000,0.000000,0.000000,0.000000,0.012160,0.000000,0.910900,17.345105,0.108587,-9.956683,20.000000
0.594200,5,"LINK_TORSO_YAW",0.562300,0.200000,0.031900,20.000000,0.000000,0.000000,20.000000,0.000000,0.000000,0.000000,0.000000,0.012160,0.000000,0.910900,17.342876,0.108640,-9.960565,20.000000
0.594300,5,"LINK_TORSO_YAW",0.562300,0.200000,0.032000,20.000000,0.000000,0.000000,20.000000,0.000000,0.000000,0.000000,0.000000,0.012160,0.000000,0.910900,17.340642,0.108693,-9.964452,20.000000
0.594400,5,"LINK_TORSO_YAW",0.562300,0.200000,0.032100,20.000000,0.000000,0.000000,20.000000,0.000000,0.000000,0.000000,0.000000,0.012160,0.000000,0.910900,17.338406,0.108747,-9.968343,20.000000
0.594500,5,"LINK_TORSO_YAW",0.562300,0.200000,0.032200,20.000000,0.000000,0.000000,20.000000,0.000000,0.000000,0.000000,0.000000,0.012160,0.000000,0.910900,17.336165,0.108801,-9.972239,20.000000
0.594600,5,"LINK_TORSO_YAW",0.562300,0.200000,0.032300,20.000000,0.000000,0.000000,20.000000,0.000000,0.000000,0.000000,0.000000,0.012160,0.000000,0.910900,17.333920,0.108855,-9.976140,20.000000
0.594700,5,"LINK_TORSO_YAW",0.562300,0.200000,0.032400,20.000000,0.000000,0.000000,20.000000,0.000000,0.000000,0.000000,0.000000,0.012160,0.000000,0.910900,17.331671,0.108909,-9.980046,20.000000
0.594800,5,"LINK_TORSO_YAW",0.562300,0.200000,0.032500,20.000000,0.000000,0.000000,20.000000,0.000000,0.000000,0.000000,0.000000,0.012160,0.000000,0.910900,17.329417,0.108963,-9.983958,20.000000
0.594900,5,"LINK_TORSO_YAW",0.562300,0.200000,0.032600,20.000000,0.000000,0.000000,20.000000,0.000000,0.000000,0.000000,0.000000,0.012160,0.000000,0.910900,17.327162,0.109017,-9.987871,20.000000
0.595000,5,"LINK_TORSO_YAW",0.562300,0.200000,0.032700,20.000000,0.000000,0.000000,20.000000,0.000000,0.000000,0.000000,0.000000,0.012160,0.000000,0.910900,17.324904,0.109072,-9.991786,20.000000
0.595100,5,"LINK_TORSO_YAW",0.562300,0.200000,0.032800,20.000000,0.000000,0.000000,20.000000,0.000000,0.000000,0.000000,0.000000,0.012160,0.000000,0.910900,17.322644,0.109126,-9.995703,20.000000
0.595200,5,"LINK_TORSO_YAW",0.562300,0.200000,0.032900,20.000000,0.000000,0.000000,20.000000,0.000000,0.000000,0.000000,0.000000,0.012160,0.000000,0.910900,17.320382,0.109180,-9.999623,20.000000
0.595300,5,"LINK_TORSO_YAW",0.562300,0.200000,0.033000,20.000000,0.000000,0.000000,20.000000,0.000000,0.000000,0.000000,0.000000,0.012160,0.000000,0.910900,17.318116,0.109234,-10.003546,20.000000
0.595400,5,"LINK_TORSO_YAW",0.562300,0.200000,0.033100,20.000000,0.000000,0.000000,20.000000,0.000000,0.000000,0.000000,0.000000,0.012160,0.000000,0.910900,17.315847,0.109287,-10.007472,20.000000
0.595500,5,"LINK_TORSO_YAW",0.562300,0.200000,0.033200,20.000000,0.000000,0.000000,20.000000,0.000000,0.000000,0.000000,0.000000,0.012160,0.000000,0.910900,17.313575,0.109341,-10.011401,20.000000
0.595600,5,"LINK_TORSO_YAW",0.562300,0.200000,0.033300,20.000000,0.000000,0.000000,20.000000,0.000000,0.000000,0.000000,0.000000,0.012160,0.000000,0.910900,17.311300,0.109395,-10.015335,20.000000
0.595700,5,"LINK_TORSO_YAW",0.562300,0.200000,0.033400,20.000000,0.000000,0.000000,20.000000,0.000000,0.000000,0.000000,0.000000,0.012160,0.000000,0.910900,17.309020,0.109449,-10.019274,20.000000
0.595800,5,"LINK_TORSO_YAW",0.562300,0.200000,0.033500,20.000000,0.000000,0.000000,20.000000,0.000000,0.000000,0.000000,0.000000,0.012160,0.000000,0.910900,17.306736,0.109503,-10.023218,20.000000
0.595900,5,"LINK_TORSO_YAW",0.562300,0.200000,0.033600,20.000000,0.000000,0.000000,20.000000,0.000000,0.000000,0.000000,0.000000,0.012160,0.000000,0.910900,17.304451,0.109557,-10.027162,20.000000
0.596000,5,"LINK_TORSO_YAW",0.562300,0.200000,0.033700,20.000000,0.000000,0.000000,20.000000,0.000000,0.000000,0.000000,0.000000,0.012160,0.000000,0.910900,17.302163,0.109611,-10.031109,20.000000
0.596100,5,"LINK_TORSO_YAW",0.562300,0.200000,0.033800,20.000000,0.000000,0.000000,20.000000,0.000000,0.000000,0.000000,0.000000,0.012160,0.000000,0.910900,17.299873,0.109665,-10.035057,20.000000
0.596200,5,"LINK_TORSO_YAW",0.562300,0.200000,0.033900,20.000000,0.000000,0.000000,20.000000,0.000000,0.000000,0.000000,0.000000,0.012160,0.000000,0.910900,17.297580,0.109719,-10.039008,20.000000
0.596300,5,"LINK_TORSO_YAW",0.562300,0.200000,0.034000,20.000000,0.000000,0.000000,20.000000,0.000000,0.000000,0.000000,0.000000,0.012160,0.000000,0.910900,17.295284,0.109774,-10.042962,20.000000
0.597200,5,"LINK_TORSO_YAW",0.562300,0.200000,0.034900,20.000000,0.000000,0.000000,20.000000,0.000000,0.000000,0.000000,0.000000,0.012160,0.000000,0.910900,17.274456,0.110271,-10.078740,20.000000
0.597300,5,"LINK_TORSO_YAW",0.562300,0.200000,0.035000,20.000000,0.000000,0.000000,20.000000,0.000000,0.000000,0.000000,0.000000,0.012160,0.000000,0.910900,17.272126,0.110327,-10.082732,20.000000
0.597400,5,"LINK_TORSO_YAW",0.562300,0.200000,0.035100,20.000000,0.000000,0.000000,20.000000,0.000000,0.000000,0.000000,0.000000,0.012160,0.000000,0.910900,17.269793,0.110382,-10.086727,20.000000
0.597500,5,"LINK_TORSO_YAW",0.562300,0.200000,0.035200,20.000000,0.000000,0.000000,20.000000,0.000000,0.000000,0.000000,0.000000,0.012160,0.000000,0.910900,17.267457,0.110438,-10.090724,20.000000
0.597600,5,"LINK_TORSO_YAW",0.562300,0.200000,0.035300,20.000000,0.000000,0.000000,20.000000,0.000000,0.000000,0.000000,0.000000,0.012160,0.000000,0.910900,17.265118,0.110494,-10.094725,20.000000
0.597700,5,"LINK_TORSO_YAW",0.562300,0.200000,0.035400,20.000000,0.000000,0.000000,20.000000,0.000000,0.000000,0.000000,0.000000,0.012160,0.000000,0.910900,17.262776,0.110550,-10.098730,20.000000
0.597800,5,"LINK_TORSO_YAW",0.562300,0.200000,0.035500,20.000000,0.000000,0.000000,20.000000,0.000000,0.000000,0.000000,0.000000,0.012160,0.000000,0.910900,17.260430,0.110605,-10.102738,20.000000
0.597900,5,"LINK_TORSO_YAW",0.562300,0.200000,0.035600,20.000000,0.000000,0.000000,20.000000,0.000000,0.000000,0.000000,0.000000,0.012160,0.000000,0.910900,17.258080,0.110661,-10.106751,20.000000
0.598000,5,"LINK_TORSO_YAW",0.562300,0.200000,0.035700,20.000000,0.000000,0.000000,20.000000,0.000000,0.000000,0.000000,0.000000,0.012160,0.000000,0.910900,17.255726,0.110718,-10.110769,20.000000
0.598100,5,"LINK_TORSO_YAW",0.562300,0.200000,0.035800,20.000000,0.000000,0.000000,20.000000,0.000000,0.000000,0.000000,0.000000,0.012160,0.000000,0.910900,17.253368,0.110774,-10.114793,20.000000
0.598200,5,"LINK_TORSO_YAW",0.562300,0.200000,0.035900,20.000000,0.000000,0.000000,20.000000,0.000000,0.000000,0.000000,0.000000,0.012160,0.000000,0.910900,17.251007,0.110830,-10.118817,20.000000
0.598300,5,"LINK_TORSO_YAW",0.562300,0.200000,0.036000,20.000000,0.000000,0.000000,20.000000,0.000000,0.000000,0.000000,0.000000,0.012160,0.000000,0.910900,17.248645,0.110885,-10.122844,20.000000
0.598400,5,"LINK_TORSO_YAW",0.562300,0.200000,0.036100,20.000000,0.000000,0.000000,20.000000,0.000000,0.000000,0.000000,0.000000,0.012160,0.000000,0.910900,17.246280,0.110941,-10.126872,20.000000
0.598900,5,"LINK_TORSO_YAW",0.562300,0.200000,0.036600,20.000000,0.000000,0.000000,20.000000,0.000000,0.000000,0.000000,0.000000,0.012160,0.000000,0.910900,17.234407,0.111220,-10.147061,20.000000
0.599000,5,"LINK_TORSO_YAW",0.562300,0.200000,0.036700,20.000000,0.000000,0.000000,20.000000,0.000000,0.000000,0.000000,0.000000,0.012160,0.000000,0.910900,17.232021,0.111276,-10.151111,20.000000
0.599100,5,"LINK_TORSO_YAW",0.562300,0.200000,0.036800,20.000000,0.000000,0.000000,20.000000,0.000000,0.000000,0.000000,0.000000,0.012160,0.000000,0.910900,17.229631,0.111332,-10.155166,20.000000
0.599200,5,"LINK_TORSO_YAW",0.562300,0.200000,0.036900,20.000000,0.000000,0.000000,20.000000,0.000000,0.000000,0.000000,0.000000,0.012160,0.000000,0.910900,17.227237,0.111389,-10.159227,20.000000
0.599300,5,"LINK_TORSO_YAW",0.562300,0.200000,0.037000,20.000000,0.000000,0.000000,20.000000,0.000000,0.000000,0.000000,0.000000,0.012160,0.000000,0.910900,17.224838,0.111446,-10.163294,20.000000
0.599400,5,"LINK_TORSO_YAW",0.562300,0.200000,0.037100,20.000000,0.000000,0.000000,20.000000,0.000000,0.000000,0.000000,0.000000,0.012160,0.000000,0.910900,17.222434,0.111503,-10.167366,20.000000
0.599500,5,"LINK_TORSO_YAW",0.562300,0.200000,0.037200,20.000000,0.000000,0.000000,20.000000,0.000000,0.000000,0.000000,0.000000,0.012160,0.000000,0.910900,17.220028,0.111561,-10.171440,20.000000
0.599600,5,"LINK_TORSO_YAW",0.562300,0.200000,0.037300,20.000000,0.000000,0.000000,20.000000,0.000000,0.000000,0.000000,0.000000,0.012160,0.000000,0.910900,17.217619,0.111619,-10.175516,20.000000
0.599700,5,"LINK_TORSO_YAW",0.562300,0.200000,0.037400,20.000000,0.000000,0.000000,20.000000,0.000000,0.000000,0.000000,0.000000,0.012160,0.000000,0.910900,17.215208,0.111676,-10.179594,20.000000
0.600000,5,"LINK_TORSO_YAW",0.562300,0.200000,0.037700,20.000000,0.000000,0.000000,20.000000,0.000000,0.000000,0.000000,0.000000,0.012160,0.000000,0.910900,17.207958,0.111851,-10.191844,20.000000
0.600100,5,"LINK_TORSO_YAW",0.562300,0.200000,0.037800,20.000000,0.000000,0.000000,20.000000,0.000000,0.000000,0.000000,0.000000,0.012160,0.000000,0.910900,17.205534,0.111909,-10.195934,20.000000
0.600200,5,"LINK_TORSO_YAW",0.562300,0.200000,0.037900,20.000000,0.000000,0.000000,20.000000,0.000000,0.000000,0.000000,0.000000,0.012160,0.000000,0.910900,17.203107,0.111967,-10.200028,20.000000
0.600300,5,"LINK_TORSO_YAW",0.562300,0.200000,0.038000,20.000000,0.000000,0.000000,20.000000,0.000000,0.000000,0.000000,0.000000,0.012160,0.000000,0.910900,17.200675,0.112025,-10.204127,20.000000
0.600400,5,"LINK_TORSO_YAW",0.562300,0.200000,0.038100,20.000000,0.000000,0.000000,20.000000,0.000000,0.000000,0.000000,0.000000,0.012160,0.000000,0.910900,17.198240,0.112083,-10.208232,20.000000
0.600500,5,"LINK_TORSO_YAW",0.562300,0.200000,0.038200,20.000000,0.000000,0.000000,20.000000,0.000000,0.000000,0.000000,0.000000,0.012160,0.000000,0.910900,17.195799,0.112141,-10.212341,20.000000
0.600600,5,"LINK_TORSO_YAW",0.562300,0.200000,0.038300,20.000000,0.000000,0.000000,20.000000,0.000000,0.000000,0.000000,0.000000,0.012160,0.000000,0.910900,17.193354,0.112199,-10.216457,20.000000
0.600700,5,"LINK_TORSO_YAW",0.562300,0.200000,0.038400,20.000000,0.000000,0.000000,20.000000,0.000000,0.000000,0.000000,0.000000,0.012160,0.000000,0.910900,17.190907,0.112257,-10.220573,20.000000
0.600800,5,"LINK_TORSO_YAW",0.562300,0.200000,0.038500,20.000000,0.000000,0.000000,20.000000,0.000000,0.000000,0.000000,0.000000,0.012160,0.000000,0.910900,17.188458,0.112314,-10.224691,20.000000
0.600900,5,"LINK_TORSO_YAW",0.562300,0.200000,0.038600,20.000000,0.000000,0.000000,20.000000,0.000000,0.000000,0.000000,0.000000,0.012160,0.000000,0.910900,17.186006,0.112372,-10.228812,20.000000
0.601000,5,"LINK_TORSO_YAW",0.562300,0.200000,0.038700,20.000000,0.000000,0.000000,20.000000,0.000000,0.000000,0.000000,0.000000,0.012160,0.000000,0.910900,17.183551,0.112430,-10.232934,20.000000
0.601100,5,"LINK_TORSO_YAW",0.562300,0.200000,0.038800,20.000000,0.000000,0.000000,20.000000,0.000000,0.000000,0.000000,0.000000,0.012160,0.000000,0.910900,17.181093,0.112487,-10.237059,20.000000
0.601200,5,"LINK_TORSO_YAW",0.562300,0.200000,0.038900,20.000000,0.000000,0.000000,20.000000,0.000000,0.000000,0.000000,0.000000,0.012160,0.000000,0.910900,17.178632,0.112545,-10.241188,20.000000
0.601300,5,"LINK_TORSO_YAW",0.562300,0.200000,0.039000,20.000000,0.000000,0.000000,20.000000,0.000000,0.000000,0.000000,0.000000,0.012160,0.000000,0.910900,17.176168,0.112603,-10.245320,20.000000
0.601400,5,"LINK_TORSO_YAW",0.562300,0.200000,0.039100,20.000000,0.000000,0.000000,20.000000,0.000000,0.000000,0.000000,0.000000,0.012160,0.000000,0.910900,17.173700,0.112661,-10.249456,20.000000
0.601500,5,"LINK_TORSO_YAW",0.562300,0.200000,0.039200,20.000000,0.000000,0.000000,20.000000,0.000000,0.000000,0.000000,0.000000,0.012160,0.000000,0.910900,17.171227,0.112719,-10.253597,20.000000
0.602400,5,"LINK_TORSO_YAW",0.562300,0.200000,0.040100,20.000000,0.000000,0.000000,20.000000,0.000000,0.000000,0.000000,0.000000,0.012160,0.000000,0.910900,17.148826,0.113248,-10.291012,20.000000
0.602500,5,"LINK_TORSO_YAW",0.562300,0.200000,0.040200,20.000000,0.000000,0.000000,20.000000,0.000000,0.000000,0.000000,0.000000,0.012160,0.000000,0.910900,17.146321,0.113308,-10.295186,20.000000
0.602600,5,"LINK_TORSO_YAW",0.562300,0.200000,0.040300,20.000000,0.000000,0.000000,20.000000,0.000000,0.000000,0.000000,0.000000,0.012160,0.000000,0.910900,17.143811,0.113367,-10.299363,20.000000
0.602700,5,"LINK_TORSO_YAW",0.562300,0.200000,0.040400,20.000000,0.000000,0.000000,20.000000,0.000000,0.000000,0.000000,0.000000,0.012160,0.000000,0.910900,17.141297,0.113427,-10.303546,20.000000
0.602800,5,"LINK_TORSO_YAW",0.562300,0.200000,0.040500,20.000000,0.000000,0.000000,20.000000,0.000000,0.000000,0.000000,0.000000,0.012160,0.000000,0.910900,17.138779,0.113487,-10.307734,20.000000
0.602900,5,"LINK_TORSO_YAW",0.562300,0.200000,0.040600,20.000000,0.000000,0.000000,20.000000,0.000000,0.000000,0.000000,0.000000,0.012160,0.000000,0.910900,17.136255,0.113548,-10.311928,20.000000
0.603000,5,"LINK_TORSO_YAW",0.562300,0.200000,0.040700,20.000000,0.000000,0.000000,20.000000,0.000000,0.000000,0.000000,0.000000,0.012160,0.000000,0.910900,17.133727,0.113609,-10.316128,20.000000
0.603100,5,"LINK_TORSO_YAW",0.562300,0.200000,0.040800,20.000000,0.000000,0.000000,20.000000,0.000000,0.000000,0.000000,0.000000,0.012160,0.000000,0.910900,17.131196,0.113669,-10.320329,20.000000
0.603200,5,"LINK_TORSO_YAW",0.562300,0.200000,0.040900,20.000000,0.000000,0.000000,20.000000,0.000000,0.000000,0.000000,0.000000,0.012160,0.000000,0.910900,17.128663,0.113730,-10.324532,20.000000
0.603300,5,"LINK_TORSO_YAW",0.562300,0.200000,0.041000,20.000000,0.000000,0.000000,20.000000,0.000000,0.000000,0.000000,0.000000,0.012160,0.000000,0.910900,17.126128,0.113790,-10.328737,20.000000
0.603400,5,"LINK_TORSO_YAW",0.562300,0.200000,0.041100,20.000000,0.000000,0.000000,20.000000,0.000000,0.000000,0.000000,0.000000,0.012160,0.000000,0.910900,17.123589,0.113850,-10.332944,20.000000
0.603500,5,"LINK_TORSO_YAW",0.562300,0.200000,0.041200,20.000000,0.000000,0.000000,20.000000,0.000000,0.000000,0.000000,0.000000,0.012160,0.000000,0.910900,17.121048,0.113910,-10.337154,20.000000
0.603600,5,"LINK_TORSO_YAW",0.562300,0.200000,0.041300,20.000000,0.000000,0.000000,20.000000,0.000000,0.000000,0.000000,0.000000,0.012160,0.000000,0.910900,17.118503,0.113970,-10.341367,20.000000
0.603700,5,"LINK_TORSO_YAW",0.562300,0.200000,0.041400,20.000000,0.000000,0.000000,20.000000,0.000000,0.000000,0.000000,0.000000,0.012160,0.000000,0.910900,17.115954,0.114030,-10.345584,20.000000
0.603800,5,"LINK_TORSO_YAW",0.562300,0.200000,0.041500,20.000000,0.000000,0.000000,20.000000,0.000000,0.000000,0.000000,0.000000,0.012160,0.000000,0.910900,17.113402,0.114090,-10.349805,20.000000
0.603900,5,"LINK_TORSO_YAW",0.562300,0.200000,0.041600,20.000000,0.000000,0.000000,20.000000,0.000000,0.000000,0.000000,0.000000,0.012160,0.000000,0.910900,17.110845,0.114150,-10.354031,20.000000
0.604000,5,"LINK_TORSO_YAW",0.562300,0.200000,0.041700,20.000000,0.000000,0.000000,20.000000,0.000000,0.000000,0.000000,0.000000,0.012160,0.000000,0.910900,17.108284,0.114209,-10.358261,20.000000
0.604100,5,"LINK_TORSO_YAW",0.562300,0.200000,0.041800,20.000000,0.000000,0.000000,20.000000,0.000000,0.000000,0.000000,0.000000,0.012160,0.000000,0.910900,17.105718,0.114270,-10.362497,20.000000
0.604200,5,"LINK_TORSO_YAW",0.562300,0.200000,0.041900,20.000000,0.000000,0.000000,20.000000,0.000000,0.000000,0.000000,0.000000,0.012160,0.000000,0.910900,17.103148,0.114330,-10.366738,20.000000
0.604300,5,"LINK_TORSO_YAW",0.562300,0.200000,0.042000,20.000000,0.000000,0.000000,20.000000,0.000000,0.000000,0.000000,0.000000,0.012160,0.000000,0.910900,17.100575,0.114390,-10.370981,20.000000
0.605100,5,"LINK_TORSO_YAW",0.562300,0.200000,0.042800,20.000000,0.000000,0.000000,20.000000,0.000000,0.000000,0.000000,0.000000,0.012160,0.000000,0.910900,17.079884,0.114879,-10.405016,20.000000
0.605200,5,"LINK_TORSO_YAW",0.562300,0.200000,0.042900,20.000000,0.000000,0.000000,20.000000,0.000000,0.000000,0.000000,0.000000,0.012160,0.000000,0.910900,17.077280,0.114940,-10.409289,20.000000
0.605300,5,"LINK_TORSO_YAW",0.562300,0.200000,0.043000,20.000000,0.000000,0.000000,20.000000,0.000000,0.000000,0.000000,0.000000,0.012160,0.000000,0.910900,17.074674,0.115002,-10.413562,20.000000
0.605400,5,"LINK_TORSO_YAW",0.562300,0.200000,0.043100,20.000000,0.000000,0.000000,20.000000,0.000000,0.000000,0.000000,0.000000,0.012160,0.000000,0.910900,17.072065,0.115064,-10.417838,20.000000
0.605500,5,"LINK_TORSO_YAW",0.562300,0.200000,0.043200,20.000000,0.000000,0.000000,20.000000,0.000000,0.000000,0.000000,0.000000,0.012160,0.000000,0.910900,17.069454,0.115127,-10.422115,20.000000
0.605600,5,"LINK_TORSO_YAW",0.562300,0.200000,0.043300,20.000000,0.000000,0.000000,20.000000,0.000000,0.000000,0.000000,0.000000,0.012160,0.000000,0.910900,17.066840,0.115189,-10.426394,20.000000
0.605700,5,"LINK_TORSO_YAW",0.562300,0.200000,0.043400,20.000000,0.000000,0.000000,20.000000,0.000000,0.000000,0.000000,0.000000,0.012160,0.000000,0.910900,17.064223,0.115251,-10.430676,20.000000
0.605800,5,"LINK_TORSO_YAW",0.562300,0.200000,0.043500,20.000000,0.000000,0.000000,20.000000,0.000000,0.000000,0.000000,0.000000,0.012160,0.000000,0.910900,17.061602,0.115313,-10.434962,20.000000
0.605900,5,"LINK_TORSO_YAW",0.562300,0.200000,0.043600,20.000000,0.000000,0.000000,20.000000,0.000000,0.000000,0.000000,0.000000,0.012160,0.000000,0.910900,17.058978,0.115375,-10.439251,20.000000
0.606000,5,"LINK_TORSO_YAW",0.562300,0.200000,0.043700,20.000000,0.000000,0.000000,20.000000,0.000000,0.000000,0.000000,0.000000,0.012160,0.000000,0.910900,17.056350,0.115437,-10.443544,20.000000
0.606100,5,"LINK_TORSO_YAW",0.562300,0.200000,0.043800,20.000000,0.000000,0.000000,20.000000,0.000000,0.000000,0.000000,0.000000,0.012160,0.000000,0.910900,17.053717,0.115498,-10.447842,20.000000
0.606200,5,"LINK_TORSO_YAW",0.562300,0.200000,0.043900,20.000000,0.000000,0.000000,20.000000,0.000000,0.000000,0.000000,0.000000,0.012160,0.000000,0.910900,17.051080,0.115560,-10.452144,20.000000
0.606300,5,"LINK_TORSO_YAW",0.562300,0.200000,0.044000,20.000000,0.000000,0.000000,20.000000,0.000000,0.000000,0.000000,0.000000,0.012160,0.000000,0.910900,17.048438,0.115622,-10.456452,20.000000
0.606400,5,"LINK_TORSO_YAW",0.562300,0.200000,0.044100,20.000000,0.000000,0.000000,20.000000,0.000000,0.000000,0.000000,0.000000,0.012160,0.000000,0.910900,17.045791,0.115683,-10.460766,20.000000
0.643500,6,"LINK_TORSO_YAW",0.643400,0.200000,0.000100,20.000000,0.000000,0.000000,20.000000,0.000000,0.000000,0.000000,0.000000,0.012160,0.000000,0.910900,15.916501,0.137892,-12.109747,20.000000
0.643600,6,"LINK_TORSO_YAW",0.643400,0.200000,0.000200,20.000000,0.000000,0.000000,20.000000,0.000000,0.000000,0.000000,0.000000,0.012160,0.000000,0.910900,15.913035,0.137950,-12.114300,20.000000
0.643700,6,"LINK_TORSO_YAW",0.643400,0.200000,0.000300,20.000000,0.000000,0.000000,20.000000,0.000000,0.000000,0.000000,0.000000,0.012160,0.000000,0.910900,15.909566,0.138009,-12.118855,20.000000
0.643800,6,"LINK_TORSO_YAW",0.643400,0.200000,0.000400,20.000000,0.000000,0.000000,20.000000,0.000000,0.000000,0.000000,0.000000,0.012160,0.000000,0.910900,15.906094,0.138068,-12.123411,20.000000
0.644200,6,"LINK_TORSO_YAW",0.643400,0.200000,0.000800,20.000000,0.000000,0.000000,20.000000,0.000000,0.000000,0.000000,0.000000,0.012160,0.000000,0.910900,15.892166,0.138306,-12.141661,20.000000
0.644300,6,"LINK_TORSO_YAW",0.643400,0.200000,0.000900,20.000000,0.000000,0.000000,20.000000,0.000000,0.000000,0.000000,0.000000,0.012160,0.000000,0.910900,15.888673,0.138365,-12.146231,20.000000
0.644400,6,"LINK_TORSO_YAW",0.643400,0.200000,0.001000,20.000000,0.000000,0.000000,20.000000,0.000000,0.000000,0.000000,0.000000,0.012160,0.000000,0.910900,15.885175,0.138425,-12.150805,20.000000
0.644500,6,"LINK_TORSO_YAW",0.643400,0.200000,0.001100,20.000000,0.000000,0.000000,20.000000,0.000000,0.000000,0.000000,0.000000,0.012160,0.000000,0.910900,15.881671,0.138483,-12.155383,20.000000
0.644600,6,"LINK_TORSO_YAW",0.643400,0.200000,0.001200,20.000000,0.000000,0.000000,20.000000,0.000000,0.000000,0.000000,0.000000,0.012160,0.000000,0.910900,15.878162,0.138542,-12.159967,20.000000
0.644800,6,"LINK_TORSO_YAW",0.643400,0.200000,0.001400,20.000000,0.000000,0.000000,20.000000,0.000000,0.000000,0.000000,0.000000,0.012160,0.000000,0.910900,15.871134,0.138657,-12.169136,20.000000
0.644900,6,"LINK_TORSO_YAW",0.643400,0.200000,0.001500,20.000000,0.000000,0.000000,20.000000,0.000000,0.000000,0.000000,0.000000,0.012160,0.000000,0.910900,15.867616,0.138716,-12.173723,20.000000
0.645000,6,"LINK_TORSO_YAW",0.643400,0.200000,0.001600,20.000000,0.000000,0.000000,20.000000,0.000000,0.000000,0.000000,0.000000,0.012160,0.000000,0.910900,15.864093,0.138775,-12.178312,20.000000
0.645100,6,"LINK_TORSO_YAW",0.643400,0.200000,0.001700,20.000000,0.000000,0.000000,20.000000,0.000000,0.000000,0.000000,0.000000,0.012160,0.000000,0.910900,15.860567,0.138835,-12.182903,20.000000
0.645900,6,"LINK_TORSO_YAW",0.643400,0.200000,0.002500,20.000000,0.000000,0.000000,20.000000,0.000000,0.000000,0.000000,0.000000,0.012160,0.000000,0.910900,15.832185,0.139320,-12.219759,20.000000
0.646000,6,"LINK_TORSO_YAW",0.643400,0.200000,0.002600,20.000000,0.000000,0.000000,20.000000,0.000000,0.000000,0.000000,0.000000,0.012160,0.000000,0.910900,15.828617,0.139380,-12.224379,20.000000
0.646100,6,"LINK_TORSO_YAW",0.643400,0.200000,0.002700,20.000000,0.000000,0.000000,20.000000,0.000000,0.000000,0.000000,0.000000,0.012160,0.000000,0.910900,15.825046,0.139440,-12.229001,20.000000
0.646200,6,"LINK_TORSO_YAW",0.643400,0.200000,0.002800,20.000000,0.000000,0.000000,20.000000,0.000000,0.000000,0.000000,0.000000,0.012160,0.000000,0.910900,15.821471,0.139501,-12.233625,20.000000
0.646300,6,"LINK_TORSO_YAW",0.643400,0.200000,0.002900,20.000000,0.000000,0.000000,20.000000,0.000000,0.000000,0.000000,0.000000,0.012160,0.000000,0.910900,15.817892,0.139561,-12.238252,20.000000
0.646400,6,"LINK_TORSO_YAW",0.643400,0.200000,0.003000,20.000000,0.000000,0.000000,20.000000,0.000000,0.000000,0.000000,0.000000,0.012160,0.000000,0.910900,15.814309,0.139621,-12.242881,20.000000
0.647400,6,"LINK_TORSO_YAW",0.643400,0.200000,0.004000,20.000000,0.000000,0.000000,20.000000,0.000000,0.000000,0.000000,0.000000,0.012160,0.000000,0.910900,15.778212,0.140234,-12.289360,20.000000
0.647500,6,"LINK_TORSO_YAW",0.643400,0.200000,0.004100,20.000000,0.000000,0.000000,20.000000,0.000000,0.000000,0.000000,0.000000,0.012160,0.000000,0.910900,15.774580,0.140296,-12.294021,20.000000
0.647600,6,"LINK_TORSO_YAW",0.643400,0.200000,0.004200,20.000000,0.000000,0.000000,20.000000,0.000000,0.000000,0.000000,0.000000,0.012160,0.000000,0.910900,15.770943,0.140358,-12.298685,20.000000
0.647700,6,"LINK_TORSO_YAW",0.643400,0.200000,0.004300,20.000000,0.000000,0.000000,20.000000,0.000000,0.000000,0.000000,0.000000,0.012160,0.000000,0.910900,15.767302,0.140419,-12.303352,20.000000
0.647800,6,"LINK_TORSO_YAW",0.643400,0.200000,0.004400,20.000000,0.000000,0.000000,20.000000,0.000000,0.000000,0.000000,0.000000,0.012160,0.000000,0.910900,15.763656,0.140481,-12.308022,20.000000
0.648700,6,"LINK_TORSO_YAW",0.643400,0.200000,0.005300,20.000000,0.000000,0.000000,20.000000,0.000000,0.000000,0.000000,0.000000,0.012160,0.000000,0.910900,15.730624,0.141048,-12.350205,20.000000
0.648800,6,"LINK_TORSO_YAW",0.643400,0.200000,0.005400,20.000000,0.000000,0.000000,20.000000,0.000000,0.000000,0.000000,0.000000,0.012160,0.000000,0.910900,15.726934,0.141111,-12.354903,20.000000
0.648900,6,"LINK_TORSO_YAW",0.643400,0.200000,0.005500,20.000000,0.000000,0.000000,20.000000,0.000000,0.000000,0.000000,0.000000,0.012160,0.000000,0.910900,15.723239,0.141173,-12.359604,20.000000
0.649000,6,"LINK_TORSO_YAW",0.643400,0.200000,0.005600,20.000000,0.000000,0.000000,20.000000,0.000000,0.000000,0.000000,0.000000,0.012160,0.000000,0.910900,15.719540,0.141235,-12.364309,20.000000
0.649200,6,"LINK_TORSO_YAW",0.643400,0.200000,0.005800,20.000000,0.000000,0.000000,20.000000,0.000000,0.000000,0.000000,0.000000,0.012160,0.000000,0.910900,15.712124,0.141359,-12.373729,20.000000
0.649300,6,"LINK_TORSO_YAW",0.643400,0.200000,0.005900,20.000000,0.000000,0.000000,20.000000,0.000000,0.000000,0.000000,0.000000,0.012160,0.000000,0.910900,15.708407,0.141421,-12.378446,20.000000
0.649400,6,"LINK_TORSO_YAW",0.643400,0.200000,0.006000,20.000000,0.000000,0.000000,20.000000,0.000000,0.000000,0.000000,0.000000,0.012160,0.000000,0.910900,15.704685,0.141485,-12.383168,20.000000
0.649500,6,"LINK_TORSO_YAW",0.643400,0.200000,0.006100,20.000000,0.000000,0.000000,20.000000,0.000000,0.000000,0.000000,0.000000,0.012160,0.000000,0.910900,15.700959,0.141548,-12.387891,20.000000
0.649600,6,"LINK_TORSO_YAW",0.643400,0.200000,0.006200,20.000000,0.000000,0.000000,20.000000,0.000000,0.000000,0.000000,0.000000,0.012160,0.000000,0.910900,15.697230,0.141613,-12.392615,20.000000
0.650100,6,"LINK_TORSO_YAW",0.643400,0.200000,0.006700,20.000000,0.000000,0.000000,20.000000,0.000000,0.000000,0.000000,0.000000,0.012160,0.000000,0.910900,15.678528,0.141938,-12.416264,20.000000
0.650200,6,"LINK_TORSO_YAW",0.643400,0.200000,0.006800,20.000000,0.000000,0.000000,20.000000,0.000000,0.000000,0.000000,0.000000,0.012160,0.000000,0.910900,15.674774,0.142003,-12.421002,20.000000
0.650300,6,"LINK_TORSO_YAW",0.643400,0.200000,0.006900,20.000000,0.000000,0.000000,20.000000,0.000000,0.000000,0.000000,0.000000,0.012160,0.000000,0.910900,15.671015,0.142068,-12.425744,20.000000
0.650400,6,"LINK_TORSO_YAW",0.643400,0.200000,0.007000,20.000000,0.000000,0.000000,20.000000,0.000000,0.000000,0.000000,0.000000,0.012160,0.000000,0.910900,15.667250,0.142132,-12.430490,20.000000
0.650800,6,"LINK_TORSO_YAW",0.643400,0.200000,0.007400,20.000000,0.000000,0.000000,20.000000,0.000000,0.000000,0.000000,0.000000,0.012160,0.000000,0.910900,15.652138,0.142387,-12.449510,20.000000
0.650900,6,"LINK_TORSO_YAW",0.643400,0.200000,0.007500,20.000000,0.000000,0.000000,20.000000,0.000000,0.000000,0.000000,0.000000,0.012160,0.000000,0.910900,15.648351,0.142452,-12.454269,20.000000
0.651000,6,"LINK_TORSO_YAW",0.643400,0.200000,0.007600,20.000000,0.000000,0.000000,20.000000,0.000000,0.000000,0.000000,0.000000,0.012160,0.000000,0.910900,15.644561,0.142517,-12.459029,20.000000
0.651100,6,"LINK_TORSO_YAW",0.643400,0.200000,0.007700,20.000000,0.000000,0.000000,20.000000,0.000000,0.000000,0.000000,0.000000,0.012160,0.000000,0.910900,15.640766,0.142583,-12.463792,20.000000
0.651200,6,"LINK_TORSO_YAW",0.643400,0.200000,0.007800,20.000000,0.000000,0.000000,20.000000,0.000000,0.000000,0.000000,0.000000,0.012160,0.000000,0.910900,15.636967,0.142650,-12.468557,20.000000
0.651400,6,"LINK_TORSO_YAW",0.643400,0.200000,0.008000,20.000000,0.000000,0.000000,20.000000,0.000000,0.000000,0.000000,0.000000,0.012160,0.000000,0.910900,15.629354,0.142784,-12.478097,20.000000
0.651500,6,"LINK_TORSO_YAW",0.643400,0.200000,0.008100,20.000000,0.000000,0.000000,20.000000,0.000000,0.000000,0.000000,0.000000,0.012160,0.000000,0.910900,15.625539,0.142851,-12.482873,20.000000
0.651600,6,"LINK_TORSO_YAW",0.643400,0.200000,0.008200,20.000000,0.000000,0.000000,20.000000,0.000000,0.000000,0.000000,0.000000,0.012160,0.000000,0.910900,15.621719,0.142917,-12.487652,20.000000
0.651700,6,"LINK_TORSO_YAW",0.643400,0.200000,0.008300,20.000000,0.000000,0.000000,20.000000,0.000000,0.000000,0.000000,0.000000,0.012160,0.000000,0.910900,15.617893,0.142984,-12.492437,20.000000
0.652700,6,"LINK_TORSO_YAW",0.643400,0.200000,0.009300,20.000000,0.000000,0.000000,20.000000,0.000000,0.000000,0.000000,0.000000,0.012160,0.000000,0.910900,15.579403,0.143644,-12.540397,20.000000
0.652800,6,"LINK_TORSO_YAW",0.643400,0.200000,0.009400,20.000000,0.000000,0.000000,20.000000,0.000000,0.000000,0.000000,0.000000,0.012160,0.000000,0.910900,15.575528,0.143711,-12.545209,20.000000
0.652900,6,"LINK_TORSO_YAW",0.643400,0.200000,0.009500,20.000000,0.000000,0.000000,20.000000,0.000000,0.000000,0.000000,0.000000,0.012160,0.000000,0.910900,15.571650,0.143779,-12.550022,20.000000
0.653000,6,"LINK_TORSO_YAW",0.643400,0.200000,0.009600,20.000000,0.000000,0.000000,20.000000,0.000000,0.000000,0.000000,0.000000,0.012160,0.000000,0.910900,15.567769,0.143847,-12.554835,20.000000
0.653100,6,"LINK_TORSO_YAW",0.643400,0.200000,0.009700,20.000000,0.000000,0.000000,20.000000,0.000000,0.000000,0.000000,0.000000,0.012160,0.000000,0.910900,15.563883,0.143914,-12.559651,20.000000
0.653200,6,"LINK_TORSO_YAW",0.643400,0.200000,0.009800,20.000000,0.000000,0.000000,20.000000,0.000000,0.000000,0.000000,0.000000,0.012160,0.000000,0.910900,15.559994,0.143982,-12.564468,20.000000
0.654300,6,"LINK_TORSO_YAW",0.643400,0.200000,0.010900,20.000000,0.000000,0.000000,20.000000,0.000000,0.000000,0.000000,0.000000,0.012160,0.000000,0.910900,15.516882,0.144734,-12.617663,20.000000
0.654400,6,"LINK_TORSO_YAW",0.643400,0.200000,0.011000,20.000000,0.000000,0.000000,20.000000,0.000000,0.000000,0.000000,0.000000,0.012160,0.000000,0.910900,15.512935,0.144802,-12.622515,20.000000
0.654500,6,"LINK_TORSO_YAW",0.643400,0.200000,0.011100,20.000000,0.000000,0.000000,20.000000,0.000000,0.000000,0.000000,0.000000,0.012160,0.000000,0.910900,15.508983,0.144870,-12.627369,20.000000
0.654600,6,"LINK_TORSO_YAW",0.643400,0.200000,0.011200,20.000000,0.000000,0.000000,20.000000,0.000000,0.000000,0.000000,0.000000,0.012160,0.000000,0.910900,15.505028,0.144937,-12.632225,20.000000
0.654900,6,"LINK_TORSO_YAW",0.643400,0.200000,0.011500,20.000000,0.000000,0.000000,20.000000,0.000000,0.000000,0.000000,0.000000,0.012160,0.000000,0.910900,15.493132,0.145138,-12.646810,20.000000
0.655000,6,"LINK_TORSO_YAW",0.643400,0.200000,0.011600,20.000000,0.000000,0.000000,20.000000,0.000000,0.000000,0.000000,0.000000,0.012160,0.000000,0.910900,15.489156,0.145206,-12.651678,20.000000
0.655100,6,"LINK_TORSO_YAW",0.643400,0.200000,0.011700,20.000000,0.000000,0.000000,20.000000,0.000000,0.000000,0.000000,0.000000,0.012160,0.000000,0.910900,15.485175,0.145275,-12.656550,20.000000
0.655200,6,"LINK_TORSO_YAW",0.643400,0.200000,0.011800,20.000000,0.000000,0.000000,20.000000,0.000000,0.000000,0.000000,0.000000,0.012160,0.000000,0.910900,15.481187,0.145344,-12.661427,20.000000
0.655300,6,"LINK_TORSO_YAW",0.643400,0.200000,0.011900,20.000000,0.000000,0.000000,20.000000,0.000000,0.000000,0.000000,0.000000,0.012160,0.000000,0.910900,15.477196,0.145414,-12.666304,20.000000
0.655400,6,"LINK_TORSO_YAW",0.643400,0.200000,0.012000,20.000000,0.000000,0.000000,20.000000,0.000000,0.000000,0.000000,0.000000,0.012160,0.000000,0.910900,15.473202,0.145485,-12.671182,20.000000
0.655500,6,"LINK_TORSO_YAW",0.643400,0.200000,0.012100,20.000000,0.000000,0.000000,20.000000,0.000000,0.000000,0.000000,0.000000,0.012160,0.000000,0.910900,15.469204,0.145556,-12.676062,20.000000
0.655800,6,"LINK_TORSO_YAW",0.643400,0.200000,0.012400,20.000000,0.000000,0.000000,20.000000,0.000000,0.000000,0.000000,0.000000,0.012160,0.000000,0.910900,15.457185,0.145771,-12.690712,20.000000
0.655900,6,"LINK_TORSO_YAW",0.643400,0.200000,0.012500,20.000000,0.000000,0.000000,20.000000,0.000000,0.000000,0.000000,0.000000,0.012160,0.000000,0.910900,15.453170,0.145843,-12.695601,20.000000
0.656000,6,"LINK_TORSO_YAW",0.643400,0.200000,0.012600,20.000000,0.000000,0.000000,20.000000,0.000000,0.000000,0.000000,0.000000,0.012160,0.000000,0.910900,15.449149,0.145914,-12.700492,20.000000
0.656100,6,"LINK_TORSO_YAW",0.643400,0.200000,0.012700,20.000000,0.000000,0.000000,20.000000,0.000000,0.000000,0.000000,0.000000,0.012160,0.000000,0.910900,15.445123,0.145985,-12.705388,20.000000
0.657300,6,"LINK_TORSO_YAW",0.643400,0.200000,0.013900,20.000000,0.000000,0.000000,20.000000,0.000000,0.000000,0.000000,0.000000,0.012160,0.000000,0.910900,15.396433,0.146834,-12.764337,20.000000
0.657400,6,"LINK_TORSO_YAW",0.643400,0.200000,0.014000,20.000000,0.000000,0.000000,20.000000,0.000000,0.000000,0.000000,0.000000,0.012160,0.000000,0.910900,15.392344,0.146904,-12.769266,20.000000
0.657500,6,"LINK_TORSO_YAW",0.643400,0.200000,0.014100,20.000000,0.000000,0.000000,20.000000,0.000000,0.000000,0.000000,0.000000,0.012160,0.000000,0.910900,15.388249,0.146975,-12.774200,20.000000
0.657600,6,"LINK_TORSO_YAW",0.643400,0.200000,0.014200,20.000000,0.000000,0.000000,20.000000,0.000000,0.000000,0.000000,0.000000,0.012160,0.000000,0.910900,15.384148,0.147045,-12.779138,20.000000
0.657700,6,"LINK_TORSO_YAW",0.643400,0.200000,0.014300,20.000000,0.000000,0.000000,20.000000,0.000000,0.000000,0.000000,0.000000,0.012160,0.000000,0.910900,15.380043,0.147114,-12.784077,20.000000
0.657800,6,"LINK_TORSO_YAW",0.643400,0.200000,0.014400,20.000000,0.000000,0.000000,20.000000,0.000000,0.000000,0.000000,0.000000,0.012160,0.000000,0.910900,15.375935,0.147184,-12.789017,20.000000
0.657900,6,"LINK_TORSO_YAW",0.643400,0.200000,0.014500,20.000000,0.000000,0.000000,20.000000,0.000000,0.000000,0.000000,0.000000,0.012160,0.000000,0.910900,15.371823,0.147255,-12.793959,20.000000
0.658000,6,"LINK_TORSO_YAW",0.643400,0.200000,0.014600,20.000000,0.000000,0.000000,20.000000,0.000000,0.000000,0.000000,0.000000,0.012160,0.000000,0.910900,15.367707,0.147326,-12.798902,20.000000
0.658100,6,"LINK_TORSO_YAW",0.643400,0.200000,0.014700,20.000000,0.000000,0.000000,20.000000,0.000000,0.000000,0.000000,0.000000,0.012160,0.000000,0.910900,15.363586,0.147398,-12.803847,20.000000
0.658200,6,"LINK_TORSO_YAW",0.643400,0.200000,0.014800,20.000000,0.000000,0.000000,20.000000,0.000000,0.000000,0.000000,0.000000,0.012160,0.000000,0.910900,15.359461,0.147471,-12.808794,20.000000
0.658300,6,"LINK_TORSO_YAW",0.643400,0.200000,0.014900,20.000000,0.000000,0.000000,20.000000,0.000000,0.000000,0.000000,0.000000,0.012160,0.000000,0.910900,15.355331,0.147545,-12.813744,20.000000
0.658900,6,"LINK_TORSO_YAW",0.643400,0.200000,0.015500,20.000000,0.000000,0.000000,20.000000,0.000000,0.000000,0.000000,0.000000,0.012160,0.000000,0.910900,15.330432,0.147991,-12.843517,20.000000
0.659000,6,"LINK_TORSO_YAW",0.643400,0.200000,0.015600,20.000000,0.000000,0.000000,20.000000,0.000000,0.000000,0.000000,0.000000,0.012160,0.000000,0.910900,15.326266,0.148065,-12.848488,20.000000
0.659100,6,"LINK_TORSO_YAW",0.643400,0.200000,0.015700,20.000000,0.000000,0.000000,20.000000,0.000000,0.000000,0.000000,0.000000,0.012160,0.000000,0.910900,15.322096,0.148139,-12.853459,20.000000
0.659200,6,"LINK_TORSO_YAW",0.643400,0.200000,0.015800,20.000000,0.000000,0.000000,20.000000,0.000000,0.000000,0.000000,0.000000,0.012160,0.000000,0.910900,15.317922,0.148212,-12.858432,20.000000
0.659300,6,"LINK_TORSO_YAW",0.643400,0.200000,0.015900,20.000000,0.000000,0.000000,20.000000,0.000000,0.000000,0.000000,0.000000,0.012160,0.000000,0.910900,15.313744,0.148285,-12.863408,20.000000
0.660200,6,"LINK_TORSO_YAW",0.643400,0.200000,0.016800,20.000000,0.000000,0.000000,20.000000,0.000000,0.000000,0.000000,0.000000,0.012160,0.000000,0.910900,15.275911,0.148936,-12.908305,20.000000
0.660300,6,"LINK_TORSO_YAW",0.643400,0.200000,0.016900,20.000000,0.000000,0.000000,20.000000,0.000000,0.000000,0.000000,0.000000,0.012160,0.000000,0.910900,15.271686,0.149009,-12.913303,20.000000
0.660400,6,"LINK_TORSO_YAW",0.643400,0.200000,0.017000,20.000000,0.000000,0.000000,20.000000,0.000000,0.000000,0.000000,0.000000,0.012160,0.000000,0.910900,15.267456,0.149083,-12.918303,20.000000
0.660500,6,"LINK_TORSO_YAW",0.643400,0.200000,0.017100,20.000000,0.000000,0.000000,20.000000,0.000000,0.000000,0.000000,0.000000,0.012160,0.000000,0.910900,15.263222,0.149158,-12.923305,20.000000
0.660600,6,"LINK_TORSO_YAW",0.643400,0.200000,0.017200,20.000000,0.000000,0.000000,20.000000,0.000000,0.000000,0.000000,0.000000,0.012160,0.000000,0.910900,15.258982,0.149233,-12.928310,20.000000
0.660700,6,"LINK_TORSO_YAW",0.643400,0.200000,0.017300,20.000000,0.000000,0.000000,20.000000,0.000000,0.000000,0.000000,0.000000,0.012160,0.000000,0.910900,15.254737,0.149309,-12.933318,20.000000
0.661100,6,"LINK_TORSO_YAW",0.643400,0.200000,0.017700,20.000000,0.000000,0.000000,20.000000,0.000000,0.000000,0.000000,0.000000,0.012160,0.000000,0.910900,15.237696,0.149617,-12.953387,20.000000
0.661200,6,"LINK_TORSO_YAW",0.643400,0.200000,0.017800,20.000000,0.000000,0.000000,20.000000,0.000000,0.000000,0.000000,0.000000,0.012160,0.000000,0.910900,15.233423,0.149693,-12.958411,20.000000
0.661300,6,"LINK_TORSO_YAW",0.643400,0.200000,0.017900,20.000000,0.000000,0.000000,20.000000,0.000000,0.000000,0.000000,0.000000,0.012160,0.000000,0.910900,15.229146,0.149769,-12.963436,20.000000
0.661400,6,"LINK_TORSO_YAW",0.643400,0.200000,0.018000,20.000000,0.000000,0.000000,20.000000,0.000000,0.000000,0.000000,0.000000,0.012160,0.000000,0.910900,15.224866,0.149845,-12.968462,20.000000
0.661500,6,"LINK_TORSO_YAW",0.643400,0.200000,0.018100,20.000000,0.000000,0.000000,20.000000,0.000000,0.000000,0.000000,0.000000,0.012160,0.000000,0.910900,15.220581,0.149920,-12.973489,20.000000
0.661600,6,"LINK_TORSO_YAW",0.643400,0.200000,0.018200,20.000000,0.000000,0.000000,20.000000,0.000000,0.000000,0.000000,0.000000,0.012160,0.000000,0.910900,15.216292,0.149994,-12.978519,20.000000
0.662700,6,"LINK_TORSO_YAW",0.643400,0.200000,0.019300,20.000000,0.000000,0.000000,20.000000,0.000000,0.000000,0.000000,0.000000,0.012160,0.000000,0.910900,15.168768,0.150811,-13.034022,20.000000
0.662800,6,"LINK_TORSO_YAW",0.643400,0.200000,0.019400,20.000000,0.000000,0.000000,20.000000,0.000000,0.000000,0.000000,0.000000,0.012160,0.000000,0.910900,15.164420,0.150887,-13.039079,20.000000
0.662900,6,"LINK_TORSO_YAW",0.643400,0.200000,0.019500,20.000000,0.000000,0.000000,20.000000,0.000000,0.000000,0.000000,0.000000,0.012160,0.000000,0.910900,15.160068,0.150962,-13.044139,20.000000
0.663000,6,"LINK_TORSO_YAW",0.643400,0.200000,0.019600,20.000000,0.000000,0.000000,20.000000,0.000000,0.000000,0.000000,0.000000,0.012160,0.000000,0.910900,15.155710,0.151039,-13.049201,20.000000
0.663100,6,"LINK_TORSO_YAW",0.643400,0.200000,0.019700,20.000000,0.000000,0.000000,20.000000,0.000000,0.000000,0.000000,0.000000,0.012160,0.000000,0.910900,15.151346,0.151116,-13.054266,20.000000
0.663200,6,"LINK_TORSO_YAW",0.643400,0.200000,0.019800,20.000000,0.000000,0.000000,20.000000,0.000000,0.000000,0.000000,0.000000,0.012160,0.000000,0.910900,15.146977,0.151194,-13.059335,20.000000
0.663300,6,"LINK_TORSO_YAW",0.643400,0.200000,0.019900,20.000000,0.000000,0.000000,20.000000,0.000000,0.000000,0.000000,0.000000,0.012160,0.000000,0.910900,15.142601,0.151273,-13.064407,20.000000
0.663700,6,"LINK_TORSO_YAW",0.643400,0.200000,0.020300,20.000000,0.000000,0.000000,20.000000,0.000000,0.000000,0.000000,0.000000,0.012160,0.000000,0.910900,15.125053,0.151591,-13.084716,20.000000
0.663800,6,"LINK_TORSO_YAW",0.643400,0.200000,0.020400,20.000000,0.000000,0.000000,20.000000,0.000000,0.000000,0.000000,0.000000,0.012160,0.000000,0.910900,15.120657,0.151670,-13.089795,20.000000
0.663900,6,"LINK_TORSO_YAW",0.643400,0.200000,0.020500,20.000000,0.000000,0.000000,20.000000,0.000000,0.000000,0.000000,0.000000,0.012160,0.000000,0.910900,15.116255,0.151749,-13.094877,20.000000
0.664000,6,"LINK_TORSO_YAW",0.643400,0.200000,0.020600,20.000000,0.000000,0.000000,20.000000,0.000000,0.000000,0.000000,0.000000,0.012160,0.000000,0.910900,15.111849,0.151827,-13.099961,20.000000
0.664100,6,"LINK_TORSO_YAW",0.643400,0.200000,0.020700,20.000000,0.000000,0.000000,20.000000,0.000000,0.000000,0.000000,0.000000,0.012160,0.000000,0.910900,15.107438,0.151905,-13.105047,20.000000
0.664200,6,"LINK_TORSO_YAW",0.643400,0.200000,0.020800,20.000000,0.000000,0.000000,20.000000,0.000000,0.000000,0.000000,0.000000,0.012160,0.000000,0.910900,15.103021,0.151982,-13.110136,20.000000
0.665800,6,"LINK_TORSO_YAW",0.643400,0.200000,0.022400,20.000000,0.000000,0.000000,20.000000,0.000000,0.000000,0.000000,0.000000,0.012160,0.000000,0.910900,15.031646,0.153215,-13.191897,20.000000
0.665900,6,"LINK_TORSO_YAW",0.643400,0.200000,0.022500,20.000000,0.000000,0.000000,20.000000,0.000000,0.000000,0.000000,0.000000,0.012160,0.000000,0.910900,15.027137,0.153293,-13.197032,20.000000
0.666000,6,"LINK_TORSO_YAW",0.643400,0.200000,0.022600,20.000000,0.000000,0.000000,20.000000,0.000000,0.000000,0.000000,0.000000,0.012160,0.000000,0.910900,15.022625,0.153372,-13.202168,20.000000
0.666100,6,"LINK_TORSO_YAW",0.643400,0.200000,0.022700,20.000000,0.000000,0.000000,20.000000,0.000000,0.000000,0.000000,0.000000,0.012160,0.000000,0.910900,15.018109,0.153451,-13.207304,20.000000
0.666200,6,"LINK_TORSO_YAW",0.643400,0.200000,0.022800,20.000000,0.000000,0.000000,20.000000,0.000000,0.000000,0.000000,0.000000,0.012160,0.000000,0.910900,15.013588,0.153531,-13.212441,20.000000
0.666300,6,"LINK_TORSO_YAW",0.643400,0.200000,0.022900,20.000000,0.000000,0.000000,20.000000,0.000000,0.000000,0.000000,0.000000,0.012160,0.000000,0.910900,15.009064,0.153610,-13.217580,20.000000
0.666400,6,"LINK_TORSO_YAW",0.643400,0.200000,0.023000,20.000000,0.000000,0.000000,20.000000,0.000000,0.000000,0.000000,0.000000,0.012160,0.000000,0.910900,15.004534,0.153689,-13.222720,20.000000
0.666500,6,"LINK_TORSO_YAW",0.643400,0.200000,0.023100,20.000000,0.000000,0.000000,20.000000,0.000000,0.000000,0.000000,0.000000,0.012160,0.000000,0.910900,14.999999,0.153769,-13.227864,20.000000
0.668300,6,"LINK_TORSO_YAW",0.643400,0.200000,0.024900,20.000000,0.000000,0.000000,20.000000,0.000000,0.000000,0.000000,0.000000,0.012160,0.000000,0.910900,14.917474,0.155197,-13.320844,20.000000
0.668400,6,"LINK_TORSO_YAW",0.643400,0.200000,0.025000,20.000000,0.000000,0.000000,20.000000,0.000000,0.000000,0.000000,0.000000,0.012160,0.000000,0.910900,14.912839,0.155276,-13.326032,20.000000
0.668500,6,"LINK_TORSO_YAW",0.643400,0.200000,0.025100,20.000000,0.000000,0.000000,20.000000,0.000000,0.000000,0.000000,0.000000,0.012160,0.000000,0.910900,14.908200,0.155355,-13.331220,20.000000
0.668600,6,"LINK_TORSO_YAW",0.643400,0.200000,0.025200,20.000000,0.000000,0.000000,20.000000,0.000000,0.000000,0.000000,0.000000,0.012160,0.000000,0.910900,14.903558,0.155433,-13.336409,20.000000
0.668700,6,"LINK_TORSO_YAW",0.643400,0.200000,0.025300,20.000000,0.000000,0.000000,20.000000,0.000000,0.000000,0.000000,0.000000,0.012160,0.000000,0.910900,14.898911,0.155510,-13.341599,20.000000
0.668800,6,"LINK_TORSO_YAW",0.643400,0.200000,0.025400,20.000000,0.000000,0.000000,20.000000,0.000000,0.000000,0.000000,0.000000,0.012160,0.000000,0.910900,14.894259,0.155588,-13.346792,20.000000
0.668900,6,"LINK_TORSO_YAW",0.643400,0.200000,0.025500,20.000000,0.000000,0.000000,20.000000,0.000000,0.000000,0.000000,0.000000,0.012160,0.000000,0.910900,14.889602,0.155666,-13.351986,20.000000
0.669000,6,"LINK_TORSO_YAW",0.643400,0.200000,0.025600,20.000000,0.000000,0.000000,20.000000,0.000000,0.000000,0.000000,0.000000,0.012160,0.000000,0.910900,14.884939,0.155745,-13.357183,20.000000
0.669100,6,"LINK_TORSO_YAW",0.643400,0.200000,0.025700,20.000000,0.000000,0.000000,20.000000,0.000000,0.000000,0.000000,0.000000,0.012160,0.000000,0.910900,14.880271,0.155825,-13.362382,20.000000
0.669200,6,"LINK_TORSO_YAW",0.643400,0.200000,0.025800,20.000000,0.000000,0.000000,20.000000,0.000000,0.000000,0.000000,0.000000,0.012160,0.000000,0.910900,14.875596,0.155906,-13.367585,20.000000
0.670600,6,"LINK_TORSO_YAW",0.643400,0.200000,0.027200,20.000000,0.000000,0.000000,20.000000,0.000000,0.000000,0.000000,0.000000,0.012160,0.000000,0.910900,14.809632,0.157046,-13.440616,20.000000
0.670700,6,"LINK_TORSO_YAW",0.643400,0.200000,0.027300,20.000000,0.000000,0.000000,20.000000,0.000000,0.000000,0.000000,0.000000,0.012160,0.000000,0.910900,14.804883,0.157127,-13.445845,20.000000
0.670800,6,"LINK_TORSO_YAW",0.643400,0.200000,0.027400,20.000000,0.000000,0.000000,20.000000,0.000000,0.000000,0.000000,0.000000,0.012160,0.000000,0.910900,14.800130,0.157207,-13.451076,20.000000
0.670900,6,"LINK_TORSO_YAW",0.643400,0.200000,0.027500,20.000000,0.000000,0.000000,20.000000,0.000000,0.000000,0.000000,0.000000,0.012160,0.000000,0.910900,14.795372,0.157287,-13.456308,20.000000
0.671000,6,"LINK_TORSO_YAW",0.643400,0.200000,0.027600,20.000000,0.000000,0.000000,20.000000,0.000000,0.000000,0.000000,0.000000,0.012160,0.000000,0.910900,14.790610,0.157366,-13.461541,20.000000
0.671300,6,"LINK_TORSO_YAW",0.643400,0.200000,0.027900,20.000000,0.000000,0.000000,20.000000,0.000000,0.000000,0.000000,0.000000,0.012160,0.000000,0.910900,14.776291,0.157603,-13.477254,20.000000
0.671400,6,"LINK_TORSO_YAW",0.643400,0.200000,0.028000,20.000000,0.000000,0.000000,20.000000,0.000000,0.000000,0.000000,0.000000,0.012160,0.000000,0.910900,14.771506,0.157683,-13.482497,20.000000
0.671500,6,"LINK_TORSO_YAW",0.643400,0.200000,0.028100,20.000000,0.000000,0.000000,20.000000,0.000000,0.000000,0.000000,0.000000,0.012160,0.000000,0.910900,14.766715,0.157763,-13.487744,20.000000
0.671600,6,"LINK_TORSO_YAW",0.643400,0.200000,0.028200,20.000000,0.000000,0.000000,20.000000,0.000000,0.000000,0.000000,0.000000,0.012160,0.000000,0.910900,14.761917,0.157845,-13.492994,20.000000
0.671700,6,"LINK_TORSO_YAW",0.643400,0.200000,0.028300,20.000000,0.000000,0.000000,20.000000,0.000000,0.000000,0.000000,0.000000,0.012160,0.000000,0.910900,14.757112,0.157927,-13.498248,20.000000
0.673000,6,"LINK_TORSO_YAW",0.643400,0.200000,0.029600,20.000000,0.000000,0.000000,20.000000,0.000000,0.000000,0.000000,0.000000,0.012160,0.000000,0.910900,14.694229,0.159004,-13.566664,20.000000
0.673100,6,"LINK_TORSO_YAW",0.643400,0.200000,0.029700,20.000000,0.000000,0.000000,20.000000,0.000000,0.000000,0.000000,0.000000,0.012160,0.000000,0.910900,14.689355,0.159086,-13.571939,20.000000
0.673200,6,"LINK_TORSO_YAW",0.643400,0.200000,0.029800,20.000000,0.000000,0.000000,20.000000,0.000000,0.000000,0.000000,0.000000,0.012160,0.000000,0.910900,14.684478,0.159168,-13.577215,20.000000
0.673300,6,"LINK_TORSO_YAW",0.643400,0.200000,0.029900,20.000000,0.000000,0.000000,20.000000,0.000000,0.000000,0.000000,0.000000,0.012160,0.000000,0.910900,14.679596,0.159249,-13.582493,20.000000
0.673400,6,"LINK_TORSO_YAW",0.643400,0.200000,0.030000,20.000000,0.000000,0.000000,20.000000,0.000000,0.000000,0.000000,0.000000,0.012160,0.000000,0.910900,14.674708,0.159330,-13.587772,20.000000
0.673500,6,"LINK_TORSO_YAW",0.643400,0.200000,0.030100,20.000000,0.000000,0.000000,20.000000,0.000000,0.000000,0.000000,0.000000,0.012160,0.000000,0.910900,14.669816,0.159410,-13.593053,20.000000
0.673600,6,"LINK_TORSO_YAW",0.643400,0.200000,0.030200,20.000000,0.000000,0.000000,20.000000,0.000000,0.000000,0.000000,0.000000,0.012160,0.000000,0.910900,14.664918,0.159491,-13.598336,20.000000
0.673700,6,"LINK_TORSO_YAW",0.643400,0.200000,0.030300,20.000000,0.000000,0.000000,20.000000,0.000000,0.000000,0.000000,0.000000,0.012160,0.000000,0.910900,14.660014,0.159573,-13.603622,20.000000
0.673800,6,"LINK_TORSO_YAW",0.643400,0.200000,0.030400,20.000000,0.000000,0.000000,20.000000,0.000000,0.000000,0.000000,0.000000,0.012160,0.000000,0.910900,14.655104,0.159655,-13.608910,20.000000
0.675300,6,"LINK_TORSO_YAW",0.643400,0.200000,0.031900,20.000000,0.000000,0.000000,20.000000,0.000000,0.000000,0.000000,0.000000,0.012160,0.000000,0.910900,14.580860,0.160905,-13.688413,20.000000
0.675400,6,"LINK_TORSO_YAW",0.643400,0.200000,0.032000,20.000000,0.000000,0.000000,20.000000,0.000000,0.000000,0.000000,0.000000,0.012160,0.000000,0.910900,14.575872,0.160988,-13.693723,20.000000
0.675500,6,"LINK_TORSO_YAW",0.643400,0.200000,0.032100,20.000000,0.000000,0.000000,20.000000,0.000000,0.000000,0.000000,0.000000,0.012160,0.000000,0.910900,14.570879,0.161072,-13.699035,20.000000
0.675600,6,"LINK_TORSO_YAW",0.643400,0.200000,0.032200,20.000000,0.000000,0.000000,20.000000,0.000000,0.000000,0.000000,0.000000,0.012160,0.000000,0.910900,14.565880,0.161156,-13.704348,20.000000
0.675700,6,"LINK_TORSO_YAW",0.643400,0.200000,0.032300,20.000000,0.000000,0.000000,20.000000,0.000000,0.000000,0.000000,0.000000,0.012160,0.000000,0.910900,14.560877,0.161240,-13.709664,20.000000
0.677200,6,"LINK_TORSO_YAW",0.643400,0.200000,0.033800,20.000000,0.000000,0.000000,20.000000,0.000000,0.000000,0.000000,0.000000,0.012160,0.000000,0.910900,14.485191,0.162492,-13.789591,20.000000
0.677300,6,"LINK_TORSO_YAW",0.643400,0.200000,0.033900,20.000000,0.000000,0.000000,20.000000,0.000000,0.000000,0.000000,0.000000,0.012160,0.000000,0.910900,14.480105,0.162575,-13.794932,20.000000
0.677400,6,"LINK_TORSO_YAW",0.643400,0.200000,0.034000,20.000000,0.000000,0.000000,20.000000,0.000000,0.000000,0.000000,0.000000,0.012160,0.000000,0.910900,14.475011,0.162658,-13.800275,20.000000
0.677500,6,"LINK_TORSO_YAW",0.643400,0.200000,0.034100,20.000000,0.000000,0.000000,20.000000,0.000000,0.000000,0.000000,0.000000,0.012160,0.000000,0.910900,14.469911,0.162740,-13.805621,20.000000
0.677600,6,"LINK_TORSO_YAW",0.643400,0.200000,0.034200,20.000000,0.000000,0.000000,20.000000,0.000000,0.000000,0.000000,0.000000,0.012160,0.000000,0.910900,14.464807,0.162822,-13.810968,20.000000
0.677700,6,"LINK_TORSO_YAW",0.643400,0.200000,0.034300,20.000000,0.000000,0.000000,20.000000,0.000000,0.000000,0.000000,0.000000,0.012160,0.000000,0.910900,14.459699,0.162905,-13.816315,20.000000
0.677800,6,"LINK_TORSO_YAW",0.643400,0.200000,0.034400,20.000000,0.000000,0.000000,20.000000,0.000000,0.000000,0.000000,0.000000,0.012160,0.000000,0.910900,14.454586,0.162989,-13.821663,20.000000
0.679500,6,"LINK_TORSO_YAW",0.643400,0.200000,0.036100,20.000000,0.000000,0.000000,20.000000,0.000000,0.000000,0.000000,0.000000,0.012160,0.000000,0.910900,14.366906,0.164422,-13.912763,20.000000
0.679600,6,"LINK_TORSO_YAW",0.643400,0.200000,0.036200,20.000000,0.000000,0.000000,20.000000,0.000000,0.000000,0.000000,0.000000,0.012160,0.000000,0.910900,14.361703,0.164507,-13.918133,20.000000
0.679700,6,"LINK_TORSO_YAW",0.643400,0.200000,0.036300,20.000000,0.000000,0.000000,20.000000,0.000000,0.000000,0.000000,0.000000,0.012160,0.000000,0.910900,14.356494,0.164593,-13.923505,20.000000
0.679800,6,"LINK_TORSO_YAW",0.643400,0.200000,0.036400,20.000000,0.000000,0.000000,20.000000,0.000000,0.000000,0.000000,0.000000,0.012160,0.000000,0.910900,14.351278,0.164678,-13.928880,20.000000
0.679900,6,"LINK_TORSO_YAW",0.643400,0.200000,0.036500,20.000000,0.000000,0.000000,20.000000,0.000000,0.000000,0.000000,0.000000,0.012160,0.000000,0.910900,14.346055,0.164763,-13.934258,20.000000
0.680000,6,"LINK_TORSO_YAW",0.643400,0.200000,0.036600,20.000000,0.000000,0.000000,20.000000,0.000000,0.000000,0.000000,0.000000,0.012160,0.000000,0.910900,14.340825,0.164847,-13.939640,20.000000
0.680900,6,"LINK_TORSO_YAW",0.643400,0.200000,0.037500,20.000000,0.000000,0.000000,20.000000,0.000000,0.000000,0.000000,0.000000,0.012160,0.000000,0.910900,14.293564,0.165601,-13.988088,20.000000
0.681000,6,"LINK_TORSO_YAW",0.643400,0.200000,0.037600,20.000000,0.000000,0.000000,20.000000,0.000000,0.000000,0.000000,0.000000,0.012160,0.000000,0.910900,14.288287,0.165685,-13.993477,20.000000
0.681100,6,"LINK_TORSO_YAW",0.643400,0.200000,0.037700,20.000000,0.000000,0.000000,20.000000,0.000000,0.000000,0.000000,0.000000,0.012160,0.000000,0.910900,14.283003,0.165771,-13.998870,20.000000
0.682500,6,"LINK_TORSO_YAW",0.643400,0.200000,0.039100,20.000000,0.000000,0.000000,20.000000,0.000000,0.000000,0.000000,0.000000,0.012160,0.000000,0.910900,14.208529,0.166978,-14.074439,20.000000
0.682600,6,"LINK_TORSO_YAW",0.643400,0.200000,0.039200,20.000000,0.000000,0.000000,20.000000,0.000000,0.000000,0.000000,0.000000,0.012160,0.000000,0.910900,14.203173,0.167064,-14.079842,20.000000
0.682700,6,"LINK_TORSO_YAW",0.643400,0.200000,0.039300,20.000000,0.000000,0.000000,20.000000,0.000000,0.000000,0.000000,0.000000,0.012160,0.000000,0.910900,14.197814,0.167149,-14.085246,20.000000
0.682800,6,"LINK_TORSO_YAW",0.643400,0.200000,0.039400,20.000000,0.000000,0.000000,20.000000,0.000000,0.000000,0.000000,0.000000,0.012160,0.000000,0.910900,14.192450,0.167233,-14.090650,20.000000
0.682900,6,"LINK_TORSO_YAW",0.643400,0.200000,0.039500,20.000000,0.000000,0.000000,20.000000,0.000000,0.000000,0.000000,0.000000,0.012160,0.000000,0.910900,14.187080,0.167318,-14.096055,20.000000
0.683000,6,"LINK_TORSO_YAW",0.643400,0.200000,0.039600,20.000000,0.000000,0.000000,20.000000,0.000000,0.000000,0.000000,0.000000,0.012160,0.000000,0.910900,14.181704,0.167403,-14.101463,20.000000
0.684200,6,"LINK_TORSO_YAW",0.643400,0.200000,0.040800,20.000000,0.000000,0.000000,20.000000,0.000000,0.000000,0.000000,0.000000,0.012160,0.000000,0.910900,14.116784,0.168430,-14.166441,20.000000
0.684300,6,"LINK_TORSO_YAW",0.643400,0.200000,0.040900,20.000000,0.000000,0.000000,20.000000,0.000000,0.000000,0.000000,0.000000,0.012160,0.000000,0.910900,14.111342,0.168516,-14.171860,20.000000
0.685300,6,"LINK_TORSO_YAW",0.643400,0.200000,0.041900,20.000000,0.000000,0.000000,20.000000,0.000000,0.000000,0.000000,0.000000,0.012160,0.000000,0.910900,14.056636,0.169390,-14.226113,20.000000
0.685400,6,"LINK_TORSO_YAW",0.643400,0.200000,0.042000,20.000000,0.000000,0.000000,20.000000,0.000000,0.000000,0.000000,0.000000,0.012160,0.000000,0.910900,14.051140,0.169477,-14.231541,20.000000
0.685500,6,"LINK_TORSO_YAW",0.643400,0.200000,0.042100,20.000000,0.000000,0.000000,20.000000,0.000000,0.000000,0.000000,0.000000,0.012160,0.000000,0.910900,14.045638,0.169564,-14.236970,20.000000
0.685600,6,"LINK_TORSO_YAW",0.643400,0.200000,0.042200,20.000000,0.000000,0.000000,20.000000,0.000000,0.000000,0.000000,0.000000,0.012160,0.000000,0.910900,14.040129,0.169652,-14.242402,20.000000
0.685700,6,"LINK_TORSO_YAW",0.643400,0.200000,0.042300,20.000000,0.000000,0.000000,20.000000,0.000000,0.000000,0.000000,0.000000,0.012160,0.000000,0.910900,14.034613,0.169738,-14.247835,20.000000
0.686400,6,"LINK_TORSO_YAW",0.643400,0.200000,0.043000,20.000000,0.000000,0.000000,20.000000,0.000000,0.000000,0.000000,0.000000,0.012160,0.000000,0.910900,13.995880,0.170341,-14.285878,20.000000
0.686800,6,"LINK_TORSO_YAW",0.643400,0.200000,0.043400,20.000000,0.000000,0.000000,20.000000,0.000000,0.000000,0.000000,0.000000,0.012160,0.000000,0.910900,13.973640,0.170688,-14.307630,20.000000
0.687600,6,"LINK_TORSO_YAW",0.643400,0.200000,0.044200,20.000000,0.000000,0.000000,20.000000,0.000000,0.000000,0.000000,0.000000,0.012160,0.000000,0.910900,13.928924,0.171390,-14.351157,20.000000
0.688000,6,"LINK_TORSO_YAW",0.643400,0.200000,0.044600,20.000000,0.000000,0.000000,20.000000,0.000000,0.000000,0.000000,0.000000,0.012160,0.000000,0.910900,13.906443,0.171745,-14.372938,20.000000
0.688500,6,"LINK_TORSO_YAW",0.643400,0.200000,0.045100,20.000000,0.000000,0.000000,20.000000,0.000000,0.000000,0.000000,0.000000,0.012160,0.000000,0.910900,13.878223,0.172194,-14.400183,20.000000
0.688600,6,"LINK_TORSO_YAW",0.643400,0.200000,0.045200,20.000000,0.000000,0.000000,20.000000,0.000000,0.000000,0.000000,0.000000,0.012160,0.000000,0.910900,13.872567,0.172284,-14.405631,20.000000
0.688700,6,"LINK_TORSO_YAW",0.643400,0.200000,0.045300,20.000000,0.000000,0.000000,20.000000,0.000000,0.000000,0.000000,0.000000,0.012160,0.000000,0.910900,13.866905,0.172372,-14.411080,20.000000
0.688800,6,"LINK_TORSO_YAW",0.643400,0.200000,0.045400,20.000000,0.000000,0.000000,20.000000,0.000000,0.000000,0.000000,0.000000,0.012160,0.000000,0.910900,13.861238,0.172460,-14.416530,20.000000
0.688900,6,"LINK_TORSO_YAW",0.643400,0.200000,0.045500,20.000000,0.000000,0.000000,20.000000,0.000000,0.000000,0.000000,0.000000,0.012160,0.000000,0.910900,13.855564,0.172548,-14.421982,20.000000
0.689000,6,"LINK_TORSO_YAW",0.643400,0.200000,0.045600,20.000000,0.000000,0.000000,20.000000,0.000000,0.000000,0.000000,0.000000,0.012160,0.000000,0.910900,13.849884,0.172636,-14.427436,20.000000
0.690300,6,"LINK_TORSO_YAW",0.643400,0.200000,0.046900,20.000000,0.000000,0.000000,20.000000,0.000000,0.000000,0.000000,0.000000,0.012160,0.000000,0.910900,13.775539,0.173781,-14.498425,20.000000
0.690400,6,"LINK_TORSO_YAW",0.643400,0.200000,0.047000,20.000000,0.000000,0.000000,20.000000,0.000000,0.000000,0.000000,0.000000,0.012160,0.000000,0.910900,13.769783,0.173870,-14.503891,20.000000
0.691400,6,"LINK_TORSO_YAW",0.643400,0.200000,0.048000,20.000000,0.000000,0.000000,20.000000,0.000000,0.000000,0.000000,0.000000,0.012160,0.000000,0.910900,13.711948,0.174771,-14.558569,20.000000
0.691800,6,"LINK_TORSO_YAW",0.643400,0.200000,0.048400,20.000000,0.000000,0.000000,20.000000,0.000000,0.000000,0.000000,0.000000,0.012160,0.000000,0.910900,13.688663,0.175136,-14.580460,20.000000
0.692600,6,"LINK_TORSO_YAW",0.643400,0.200000,0.049200,20.000000,0.000000,0.000000,20.000000,0.000000,0.000000,0.000000,0.000000,0.012160,0.000000,0.910900,13.641839,0.175876,-14.624271,20.000000
0.692700,6,"LINK_TORSO_YAW",0.643400,0.200000,0.049300,20.000000,0.000000,0.000000,20.000000,0.000000,0.000000,0.000000,0.000000,0.012160,0.000000,0.910900,13.635964,0.175968,-14.629748,20.000000
0.692800,6,"LINK_TORSO_YAW",0.643400,0.200000,0.049400,20.000000,0.000000,0.000000,20.000000,0.000000,0.000000,0.000000,0.000000,0.012160,0.000000,0.910900,13.630082,0.176060,-14.635227,20.000000
0.692900,6,"LINK_TORSO_YAW",0.643400,0.200000,0.049500,20.000000,0.000000,0.000000,20.000000,0.000000,0.000000,0.000000,0.000000,0.012160,0.000000,0.910900,13.624195,0.176152,-14.640706,20.000000
0.693000,6,"LINK_TORSO_YAW",0.643400,0.200000,0.049600,20.000000,0.000000,0.000000,20.000000,0.000000,0.000000,0.000000,0.000000,0.012160,0.000000,0.910900,13.618305,0.176244,-14.646184,20.000000
0.693100,6,"LINK_TORSO_YAW",0.643400,0.200000,0.049700,20.000000,0.000000,0.000000,20.000000,0.000000,0.000000,0.000000,0.000000,0.012160,0.000000,0.910900,13.612411,0.176334,-14.651661,20.000000
0.694200,6,"LINK_TORSO_YAW",0.643400,0.200000,0.050800,20.000000,0.000000,0.000000,20.000000,0.000000,0.000000,0.000000,0.000000,0.012160,0.000000,0.910900,13.547219,0.177328,-14.711948,20.000000
0.694300,6,"LINK_TORSO_YAW",0.643400,0.200000,0.050900,20.000000,0.000000,0.000000,20.000000,0.000000,0.000000,0.000000,0.000000,0.012160,0.000000,0.910900,13.541262,0.177420,-14.717430,20.000000
0.695400,6,"LINK_TORSO_YAW",0.643400,0.200000,0.052000,20.000000,0.000000,0.000000,20.000000,0.000000,0.000000,0.000000,0.000000,0.012160,0.000000,0.910900,13.475375,0.178436,-14.777768,20.000000
0.695700,6,"LINK_TORSO_YAW",0.643400,0.200000,0.052300,20.000000,0.000000,0.000000,20.000000,0.000000,0.000000,0.000000,0.000000,0.012160,0.000000,0.910900,13.457300,0.178716,-14.794226,20.000000
0.696300,6,"LINK_TORSO_YAW",0.643400,0.200000,0.052900,20.000000,0.000000,0.000000,20.000000,0.000000,0.000000,0.000000,0.000000,0.012160,0.000000,0.910900,13.421000,0.179284,-14.827158,20.000000
0.696400,6,"LINK_TORSO_YAW",0.643400,0.200000,0.053000,20.000000,0.000000,0.000000,20.000000,0.000000,0.000000,0.000000,0.000000,0.012160,0.000000,0.910900,13.414931,0.179378,-14.832648,20.000000
0.696500,6,"LINK_TORSO_YAW",0.643400,0.200000,0.053100,20.000000,0.000000,0.000000,20.000000,0.000000,0.000000,0.000000,0.000000,0.012160,0.000000,0.910900,13.408857,0.179471,-14.838138,20.000000
0.696600,6,"LINK_TORSO_YAW",0.643400,0.200000,0.053200,20.000000,0.000000,0.000000,20.000000,0.000000,0.000000,0.000000,0.000000,0.012160,0.000000,0.910900,13.402779,0.179564,-14.843627,20.000000
0.696700,6,"LINK_TORSO_YAW",0.643400,0.200000,0.053300,20.000000,0.000000,0.000000,20.000000,0.000000,0.000000,0.000000,0.000000,0.012160,0.000000,0.910900,13.396696,0.179656,-14.849117,20.000000
0.696800,6,"LINK_TORSO_YAW",0.643400,0.200000,0.053400,20.000000,0.000000,0.000000,20.000000,0.000000,0.000000,0.000000,0.000000,0.012160,0.000000,0.910900,13.390608,0.179748,-14.854606,20.000000
0.696900,6,"LINK_TORSO_YAW",0.643400,0.200000,0.053500,20.000000,0.000000,0.000000,20.000000,0.000000,0.000000,0.000000,0.000000,0.012160,0.000000,0.910900,13.384514,0.179840,-14.860096,20.000000
0.698300,6,"LINK_TORSO_YAW",0.643400,0.200000,0.054900,20.000000,0.000000,0.000000,20.000000,0.000000,0.000000,0.000000,0.000000,0.012160,0.000000,0.910900,13.298615,0.181150,-14.937002,20.000000
0.698400,6,"LINK_TORSO_YAW",0.643400,0.200000,0.055000,20.000000,0.000000,0.000000,20.000000,0.000000,0.000000,0.000000,0.000000,0.012160,0.000000,0.910900,13.292439,0.181245,-14.942497,20.000000
0.698500,6,"LINK_TORSO_YAW",0.643400,0.200000,0.055100,20.000000,0.000000,0.000000,20.000000,0.000000,0.000000,0.000000,0.000000,0.012160,0.000000,0.910900,13.286257,0.181341,-14.947993,20.000000
0.699600,6,"LINK_TORSO_YAW",0.643400,0.200000,0.056200,20.000000,0.000000,0.000000,20.000000,0.000000,0.000000,0.000000,0.000000,0.012160,0.000000,0.910900,13.217876,0.182406,-15.008480,20.000000
0.699700,6,"LINK_TORSO_YAW",0.643400,0.200000,0.056300,20.000000,0.000000,0.000000,20.000000,0.000000,0.000000,0.000000,0.000000,0.012160,0.000000,0.910900,13.211628,0.182502,-15.013979,20.000000
0.699800,6,"LINK_TORSO_YAW",0.643400,0.200000,0.056400,20.000000,0.000000,0.000000,20.000000,0.000000,0.000000,0.000000,0.000000,0.012160,0.000000,0.910900,13.205373,0.182598,-15.019480,20.000000
0.699900,6,"LINK_TORSO_YAW",0.643400,0.200000,0.056500,20.000000,0.000000,0.000000,20.000000,0.000000,0.000000,0.000000,0.000000,0.012160,0.000000,0.910900,13.199110,0.182694,-15.024983,20.000000
0.700000,6,"LINK_TORSO_YAW",0.643400,0.200000,0.056600,20.000000,0.000000,0.000000,20.000000,0.000000,0.000000,0.000000,0.000000,0.012160,0.000000,0.910900,13.192839,0.182789,-15.030489,20.000000
0.700900,6,"LINK_TORSO_YAW",0.643400,0.200000,0.057500,20.000000,0.000000,0.000000,20.000000,0.000000,0.000000,0.000000,0.000000,0.012160,0.000000,0.910900,13.136204,0.183637,-15.080001,20.000000
0.701000,6,"LINK_TORSO_YAW",0.643400,0.200000,0.057600,20.000000,0.000000,0.000000,20.000000,0.000000,0.000000,0.000000,0.000000,0.012160,0.000000,0.910900,13.129882,0.183732,-15.085504,20.000000
0.701100,6,"LINK_TORSO_YAW",0.643400,0.200000,0.057700,20.000000,0.000000,0.000000,20.000000,0.000000,0.000000,0.000000,0.000000,0.012160,0.000000,0.910900,13.123553,0.183828,-15.091010,20.000000
0.701200,6,"LINK_TORSO_YAW",0.643400,0.200000,0.057800,20.000000,0.000000,0.000000,20.000000,0.000000,0.000000,0.000000,0.000000,0.012160,0.000000,0.910900,13.117220,0.183925,-15.096514,20.000000
0.703400,6,"LINK_TORSO_YAW",0.643400,0.200000,0.060000,20.000000,0.000000,0.000000,20.000000,0.000000,0.000000,0.000000,0.000000,0.012160,0.000000,0.910900,12.976580,0.186086,-15.217548,20.000000
0.703500,6,"LINK_TORSO_YAW",0.643400,0.200000,0.060100,20.000000,0.000000,0.000000,20.000000,0.000000,0.000000,0.000000,0.000000,0.012160,0.000000,0.910900,12.970120,0.186185,-15.223053,20.000000
0.703600,6,"LINK_TORSO_YAW",0.643400,0.200000,0.060200,20.000000,0.000000,0.000000,20.000000,0.000000,0.000000,0.000000,0.000000,0.012160,0.000000,0.910900,12.963656,0.186282,-15.228557,20.000000
0.703700,6,"LINK_TORSO_YAW",0.643400,0.200000,0.060300,20.000000,0.000000,0.000000,20.000000,0.000000,0.000000,0.000000,0.000000,0.012160,0.000000,0.910900,12.957187,0.186380,-15.234059,20.000000
0.703800,6,"LINK_TORSO_YAW",0.643400,0.200000,0.060400,20.000000,0.000000,0.000000,20.000000,0.000000,0.000000,0.000000,0.000000,0.012160,0.000000,0.910900,12.950714,0.186476,-15.239561,20.000000
0.703900,6,"LINK_TORSO_YAW",0.643400,0.200000,0.060500,20.000000,0.000000,0.000000,20.000000,0.000000,0.000000,0.000000,0.000000,0.012160,0.000000,0.910900,12.944236,0.186572,-15.245063,20.000000
0.704000,6,"LINK_TORSO_YAW",0.643400,0.200000,0.060600,20.000000,0.000000,0.000000,20.000000,0.000000,0.000000,0.000000,0.000000,0.012160,0.000000,0.910900,12.937751,0.186670,-15.250565,20.000000
0.704100,6,"LINK_TORSO_YAW",0.643400,0.200000,0.060700,20.000000,0.000000,0.000000,20.000000,0.000000,0.000000,0.000000,0.000000,0.012160,0.000000,0.910900,12.931262,0.186768,-15.256067,20.000000
0.706800,6,"LINK_TORSO_YAW",0.643400,0.200000,0.063400,20.000000,0.000000,0.000000,20.000000,0.000000,0.000000,0.000000,0.000000,0.012160,0.000000,0.910900,12.753874,0.189462,-15.404635,20.000000
0.706900,6,"LINK_TORSO_YAW",0.643400,0.200000,0.063500,20.000000,0.000000,0.000000,20.000000,0.000000,0.000000,0.000000,0.000000,0.012160,0.000000,0.910900,12.747226,0.189563,-15.410136,20.000000
0.707000,6,"LINK_TORSO_YAW",0.643400,0.200000,0.063600,20.000000,0.000000,0.000000,20.000000,0.000000,0.000000,0.000000,0.000000,0.012160,0.000000,0.910900,12.740569,0.189664,-15.415639,20.000000
0.707100,6,"LINK_TORSO_YAW",0.643400,0.200000,0.063700,20.000000,0.000000,0.000000,20.000000,0.000000,0.000000,0.000000,0.000000,0.012160,0.000000,0.910900,12.733904,0.189764,-15.421144,20.000000
0.709600,6,"LINK_TORSO_YAW",0.643400,0.200000,0.066200,20.000000,0.000000,0.000000,20.000000,0.000000,0.000000,0.000000,0.000000,0.012160,0.000000,0.910900,12.565581,0.192297,-15.558573,20.000000
0.709700,6,"LINK_TORSO_YAW",0.643400,0.200000,0.066300,20.000000,0.000000,0.000000,20.000000,0.000000,0.000000,0.000000,0.000000,0.012160,0.000000,0.910900,12.558781,0.192398,-15.564062,20.000000
0.709800,6,"LINK_TORSO_YAW",0.643400,0.200000,0.066400,20.000000,0.000000,0.000000,20.000000,0.000000,0.000000,0.000000,0.000000,0.012160,0.000000,0.910900,12.551974,0.192498,-15.569550,20.000000
0.709900,6,"LINK_TORSO_YAW",0.643400,0.200000,0.066500,20.000000,0.000000,0.000000,20.000000,0.000000,0.000000,0.000000,0.000000,0.012160,0.000000,0.910900,12.545161,0.192599,-15.575039,20.000000
0.710000,6,"LINK_TORSO_YAW",0.643400,0.200000,0.066600,20.000000,0.000000,0.000000,20.000000,0.000000,0.000000,0.000000,0.000000,0.012160,0.000000,0.910900,12.538341,0.192700,-15.580528,20.000000
0.711500,6,"LINK_TORSO_YAW",0.643400,0.200000,0.068100,20.000000,0.000000,0.000000,20.000000,0.000000,0.000000,0.000000,0.000000,0.012160,0.000000,0.910900,12.435338,0.194242,-15.662842,20.000000
0.711600,6,"LINK_TORSO_YAW",0.643400,0.200000,0.068200,20.000000,0.000000,0.000000,20.000000,0.000000,0.000000,0.000000,0.000000,0.012160,0.000000,0.910900,12.428423,0.194344,-15.668329,20.000000
0.711700,6,"LINK_TORSO_YAW",0.643400,0.200000,0.068300,20.000000,0.000000,0.000000,20.000000,0.000000,0.000000,0.000000,0.000000,0.012160,0.000000,0.910900,12.421504,0.194447,-15.673814,20.000000
0.712900,6,"LINK_TORSO_YAW",0.643400,0.200000,0.069500,20.000000,0.000000,0.000000,20.000000,0.000000,0.000000,0.000000,0.000000,0.012160,0.000000,0.910900,12.338050,0.195692,-15.739575,20.000000
0.713000,6,"LINK_TORSO_YAW",0.643400,0.200000,0.069600,20.000000,0.000000,0.000000,20.000000,0.000000,0.000000,0.000000,0.000000,0.012160,0.000000,0.910900,12.331058,0.195795,-15.745052,20.000000
0.713100,6,"LINK_TORSO_YAW",0.643400,0.200000,0.069700,20.000000,0.000000,0.000000,20.000000,0.000000,0.000000,0.000000,0.000000,0.012160,0.000000,0.910900,12.324060,0.195898,-15.750529,20.000000
0.713200,6,"LINK_TORSO_YAW",0.643400,0.200000,0.069800,20.000000,0.000000,0.000000,20.000000,0.000000,0.000000,0.000000,0.000000,0.012160,0.000000,0.910900,12.317057,0.196001,-15.756005,20.000000
0.714800,6,"LINK_TORSO_YAW",0.643400,0.200000,0.071400,20.000000,0.000000,0.000000,20.000000,0.000000,0.000000,0.000000,0.000000,0.012160,0.000000,0.910900,12.204214,0.197680,-15.843550,20.000000
0.714900,6,"LINK_TORSO_YAW",0.643400,0.200000,0.071500,20.000000,0.000000,0.000000,20.000000,0.000000,0.000000,0.000000,0.000000,0.012160,0.000000,0.910900,12.197113,0.197784,-15.849017,20.000000
0.715000,6,"LINK_TORSO_YAW",0.643400,0.200000,0.071600,20.000000,0.000000,0.000000,20.000000,0.000000,0.000000,0.000000,0.000000,0.012160,0.000000,0.910900,12.190003,0.197889,-15.854484,20.000000
0.715100,6,"LINK_TORSO_YAW",0.643400,0.200000,0.071700,20.000000,0.000000,0.000000,20.000000,0.000000,0.000000,0.000000,0.000000,0.012160,0.000000,0.910900,12.182884,0.197994,-15.859954,20.000000
0.716600,6,"LINK_TORSO_YAW",0.643400,0.200000,0.073200,20.000000,0.000000,0.000000,20.000000,0.000000,0.000000,0.000000,0.000000,0.012160,0.000000,0.910900,12.075448,0.199586,-15.941886,20.000000
0.716700,6,"LINK_TORSO_YAW",0.643400,0.200000,0.073300,20.000000,0.000000,0.000000,20.000000,0.000000,0.000000,0.000000,0.000000,0.012160,0.000000,0.910900,12.068243,0.199691,-15.947339,20.000000
0.716800,6,"LINK_TORSO_YAW",0.643400,0.200000,0.073400,20.000000,0.000000,0.000000,20.000000,0.000000,0.000000,0.000000,0.000000,0.012160,0.000000,0.910900,12.061033,0.199795,-15.952792,20.000000
0.716900,6,"LINK_TORSO_YAW",0.643400,0.200000,0.073500,20.000000,0.000000,0.000000,20.000000,0.000000,0.000000,0.000000,0.000000,0.012160,0.000000,0.910900,12.053817,0.199898,-15.958243,20.000000
0.717000,6,"LINK_TORSO_YAW",0.643400,0.200000,0.073600,20.000000,0.000000,0.000000,20.000000,0.000000,0.000000,0.000000,0.000000,0.012160,0.000000,0.910900,12.046595,0.199999,-15.963695,20.000000
0.717100,6,"LINK_TORSO_YAW",0.643400,0.200000,0.073700,20.000000,0.000000,0.000000,20.000000,0.000000,0.000000,0.000000,0.000000,0.012160,0.000000,0.910900,12.039367,0.200100,-15.969146,20.000000
0.717600,6,"LINK_TORSO_YAW",0.643400,0.200000,0.074200,20.000000,0.000000,0.000000,20.000000,0.000000,0.000000,0.000000,0.000000,0.012160,0.000000,0.910900,12.003114,0.200597,-15.996406,20.000000
0.717700,6,"LINK_TORSO_YAW",0.643400,0.200000,0.074300,20.000000,0.000000,0.000000,20.000000,0.000000,0.000000,0.000000,0.000000,0.012160,0.000000,0.910900,11.995843,0.200695,-16.001858,20.000000
0.717800,6,"LINK_TORSO_YAW",0.643400,0.200000,0.074400,20.000000,0.000000,0.000000,20.000000,0.000000,0.000000,0.000000,0.000000,0.012160,0.000000,0.910900,11.988568,0.200793,-16.007308,20.000000
0.720200,6,"LINK_TORSO_YAW",0.643400,0.200000,0.076800,20.000000,0.000000,0.000000,20.000000,0.000000,0.000000,0.000000,0.000000,0.012160,0.000000,0.910900,11.812229,0.203099,-16.137844,20.000000
0.720300,6,"LINK_TORSO_YAW",0.643400,0.200000,0.076900,20.000000,0.000000,0.000000,20.000000,0.000000,0.000000,0.000000,0.000000,0.012160,0.000000,0.910900,11.804809,0.203194,-16.143271,20.000000
0.720400,6,"LINK_TORSO_YAW",0.643400,0.200000,0.077000,20.000000,0.000000,0.000000,20.000000,0.000000,0.000000,0.000000,0.000000,0.012160,0.000000,0.910900,11.797383,0.203288,-16.148697,20.000000
0.722500,6,"LINK_TORSO_YAW",0.643400,0.200000,0.079100,20.000000,0.000000,0.000000,20.000000,0.000000,0.000000,0.000000,0.000000,0.012160,0.000000,0.910900,11.640048,0.205224,-16.262447,20.000000
0.722600,6,"LINK_TORSO_YAW",0.643400,0.200000,0.079200,20.000000,0.000000,0.000000,20.000000,0.000000,0.000000,0.000000,0.000000,0.012160,0.000000,0.910900,11.632490,0.205315,-16.267852,20.000000
0.722700,6,"LINK_TORSO_YAW",0.643400,0.200000,0.079300,20.000000,0.000000,0.000000,20.000000,0.000000,0.000000,0.000000,0.000000,0.012160,0.000000,0.910900,11.624928,0.205404,-16.273256,20.000000
0.722800,6,"LINK_TORSO_YAW",0.643400,0.200000,0.079400,20.000000,0.000000,0.000000,20.000000,0.000000,0.000000,0.000000,0.000000,0.012160,0.000000,0.910900,11.617361,0.205491,-16.278658,20.000000
0.722900,6,"LINK_TORSO_YAW",0.643400,0.200000,0.079500,20.000000,0.000000,0.000000,20.000000,0.000000,0.000000,0.000000,0.000000,0.012160,0.000000,0.910900,11.609788,0.205578,-16.284058,20.000000
0.723000,6,"LINK_TORSO_YAW",0.643400,0.200000,0.079600,20.000000,0.000000,0.000000,20.000000,0.000000,0.000000,0.000000,0.000000,0.012160,0.000000,0.910900,11.602210,0.205663,-16.289458,20.000000
0.723100,6,"LINK_TORSO_YAW",0.643400,0.200000,0.079700,20.000000,0.000000,0.000000,20.000000,0.000000,0.000000,0.000000,0.000000,0.012160,0.000000,0.910900,11.594624,0.205746,-16.294857,20.000000
0.723200,6,"LINK_TORSO_YAW",0.643400,0.200000,0.079800,20.000000,0.000000,0.000000,20.000000,0.000000,0.000000,0.000000,0.000000,0.012160,0.000000,0.910900,11.587031,0.205829,-16.300256,20.000000
0.725700,6,"LINK_TORSO_YAW",0.643400,0.200000,0.082300,20.000000,0.000000,0.000000,20.000000,0.000000,0.000000,0.000000,0.000000,0.012160,0.000000,0.910900,11.395259,0.207812,-16.434868,20.000000
0.725800,6,"LINK_TORSO_YAW",0.643400,0.200000,0.082400,20.000000,0.000000,0.000000,20.000000,0.000000,0.000000,0.000000,0.000000,0.012160,0.000000,0.910900,11.387508,0.207888,-16.440238,20.000000
0.727100,6,"LINK_TORSO_YAW",0.643400,0.200000,0.083700,20.000000,0.000000,0.000000,20.000000,0.000000,0.000000,0.000000,0.000000,0.012160,0.000000,0.910900,11.286177,0.208856,-16.509954,20.000000
0.727200,6,"LINK_TORSO_YAW",0.643400,0.200000,0.083800,20.000000,0.000000,0.000000,20.000000,0.000000,0.000000,0.000000,0.000000,0.012160,0.000000,0.910900,11.278337,0.208928,-16.515310,20.000000
0.729200,6,"LINK_TORSO_YAW",0.643400,0.200000,0.085800,20.000000,0.000000,0.000000,20.000000,0.000000,0.000000,0.000000,0.000000,0.012160,0.000000,0.910900,11.120269,0.210334,-16.622135,20.000000
0.729300,6,"LINK_TORSO_YAW",0.643400,0.200000,0.085900,20.000000,0.000000,0.000000,20.000000,0.000000,0.000000,0.000000,0.000000,0.012160,0.000000,0.910900,11.112305,0.210401,-16.627460,20.000000
0.729400,6,"LINK_TORSO_YAW",0.643400,0.200000,0.086000,20.000000,0.000000,0.000000,20.000000,0.000000,0.000000,0.000000,0.000000,0.012160,0.000000,0.910900,11.104334,0.210467,-16.632783,20.000000
0.729500,6,"LINK_TORSO_YAW",0.643400,0.200000,0.086100,20.000000,0.000000,0.000000,20.000000,0.000000,0.000000,0.000000,0.000000,0.012160,0.000000,0.910900,11.096356,0.210532,-16.638106,20.000000
0.729600,6,"LINK_TORSO_YAW",0.643400,0.200000,0.086200,20.000000,0.000000,0.000000,20.000000,0.000000,0.000000,0.000000,0.000000,0.012160,0.000000,0.910900,11.088370,0.210595,-16.643428,20.000000
0.729700,6,"LINK_TORSO_YAW",0.643400,0.200000,0.086300,20.000000,0.000000,0.000000,20.000000,0.000000,0.000000,0.000000,0.000000,0.012160,0.000000,0.910900,11.080375,0.210657,-16.648751,20.000000
0.731100,6,"LINK_TORSO_YAW",0.643400,0.200000,0.087700,20.000000,0.000000,0.000000,20.000000,0.000000,0.000000,0.000000,0.000000,0.012160,0.000000,0.910900,10.967857,0.211466,-16.723080,20.000000
0.731800,6,"LINK_TORSO_YAW",0.643400,0.200000,0.088400,20.000000,0.000000,0.000000,20.000000,0.000000,0.000000,0.000000,0.000000,0.012160,0.000000,0.910900,10.911149,0.211847,-16.760130,20.000000
0.731900,6,"LINK_TORSO_YAW",0.643400,0.200000,0.088500,20.000000,0.000000,0.000000,20.000000,0.000000,0.000000,0.000000,0.000000,0.012160,0.000000,0.910900,10.903022,0.211900,-16.765417,20.000000
0.732000,6,"LINK_TORSO_YAW",0.643400,0.200000,0.088600,20.000000,0.000000,0.000000,20.000000,0.000000,0.000000,0.000000,0.000000,0.012160,0.000000,0.910900,10.894886,0.211954,-16.770705,20.000000
0.733200,6,"LINK_TORSO_YAW",0.643400,0.200000,0.089800,20.000000,0.000000,0.000000,20.000000,0.000000,0.000000,0.000000,0.000000,0.012160,0.000000,0.910900,10.796816,0.212592,-16.834001,20.000000
0.733300,6,"LINK_TORSO_YAW",0.643400,0.200000,0.089900,20.000000,0.000000,0.000000,20.000000,0.000000,0.000000,0.000000,0.000000,0.012160,0.000000,0.910900,10.788598,0.212643,-16.839268,20.000000
0.734100,6,"LINK_TORSO_YAW",0.643400,0.200000,0.090700,20.000000,0.000000,0.000000,20.000000,0.000000,0.000000,0.000000,0.000000,0.012160,0.000000,0.910900,10.722650,0.213039,-16.881332,20.000000
0.734200,6,"LINK_TORSO_YAW",0.643400,0.200000,0.090800,20.000000,0.000000,0.000000,20.000000,0.000000,0.000000,0.000000,0.000000,0.012160,0.000000,0.910900,10.714380,0.213088,-16.886582,20.000000
0.735800,6,"LINK_TORSO_YAW",0.643400,0.200000,0.092400,20.000000,0.000000,0.000000,20.000000,0.000000,0.000000,0.000000,0.000000,0.012160,0.000000,0.910900,10.581225,0.213867,-16.970325,20.000000
0.735900,6,"LINK_TORSO_YAW",0.643400,0.200000,0.092500,20.000000,0.000000,0.000000,20.000000,0.000000,0.000000,0.000000,0.000000,0.012160,0.000000,0.910900,10.572853,0.213914,-16.975542,20.000000
0.736000,6,"LINK_TORSO_YAW",0.643400,0.200000,0.092600,20.000000,0.000000,0.000000,20.000000,0.000000,0.000000,0.000000,0.000000,0.012160,0.000000,0.910900,10.564475,0.213959,-16.980756,20.000000
0.736700,6,"LINK_TORSO_YAW",0.643400,0.200000,0.093300,20.000000,0.000000,0.000000,20.000000,0.000000,0.000000,0.000000,0.000000,0.012160,0.000000,0.910900,10.505647,0.214267,-17.017211,20.000000
0.736800,6,"LINK_TORSO_YAW",0.643400,0.200000,0.093400,20.000000,0.000000,0.000000,20.000000,0.000000,0.000000,0.000000,0.000000,0.012160,0.000000,0.910900,10.497217,0.214312,-17.022412,20.000000
0.739000,6,"LINK_TORSO_YAW",0.643400,0.200000,0.095600,20.000000,0.000000,0.000000,20.000000,0.000000,0.000000,0.000000,0.000000,0.012160,0.000000,0.910900,10.310274,0.215265,-17.136275,20.000000
0.739100,6,"LINK_TORSO_YAW",0.643400,0.200000,0.095700,20.000000,0.000000,0.000000,20.000000,0.000000,0.000000,0.000000,0.000000,0.012160,0.000000,0.910900,10.301704,0.215308,-17.141428,20.000000
0.739400,6,"LINK_TORSO_YAW",0.643400,0.200000,0.096000,20.000000,0.000000,0.000000,20.000000,0.000000,0.000000,0.000000,0.000000,0.012160,0.000000,0.910900,10.275961,0.215438,-17.156870,20.000000
0.739500,6,"LINK_TORSO_YAW",0.643400,0.200000,0.096100,20.000000,0.000000,0.000000,20.000000,0.000000,0.000000,0.000000,0.000000,0.012160,0.000000,0.910900,10.267369,0.215481,-17.162013,20.000000
0.739600,6,"LINK_TORSO_YAW",0.643400,0.200000,0.096200,20.000000,0.000000,0.000000,20.000000,0.000000,0.000000,0.000000,0.000000,0.012160,0.000000,0.910900,10.258770,0.215522,-17.167154,20.000000
0.741600,6,"LINK_TORSO_YAW",0.643400,0.200000,0.098200,20.000000,0.000000,0.000000,20.000000,0.000000,0.000000,0.000000,0.000000,0.012160,0.000000,0.910900,10.085374,0.216316,-17.269581,20.000000
0.741700,6,"LINK_TORSO_YAW",0.643400,0.200000,0.098300,20.000000,0.000000,0.000000,20.000000,0.000000,0.000000,0.000000,0.000000,0.012160,0.000000,0.910900,10.076638,0.216355,-17.274680,20.000000
0.742300,6,"LINK_TORSO_YAW",0.643400,0.200000,0.098900,20.000000,0.000000,0.000000,20.000000,0.000000,0.000000,0.000000,0.000000,0.012160,0.000000,0.910900,10.024101,0.216595,-17.305216,20.000000
0.742400,6,"LINK_TORSO_YAW",0.643400,0.200000,0.099000,20.000000,0.000000,0.000000,20.000000,0.000000,0.000000,0.000000,0.000000,0.012160,0.000000,0.910900,10.015321,0.216634,-17.310298,20.000000
0.743800,6,"LINK_TORSO_YAW",0.643400,0.200000,0.100400,20.000000,0.000000,0.000000,20.000000,0.000000,0.000000,0.000000,0.000000,0.012160,0.000000,0.910900,9.891754,0.217160,-17.381198,20.000000
0.744000,6,"LINK_TORSO_YAW",0.643400,0.200000,0.100600,20.000000,0.000000,0.000000,20.000000,0.000000,0.000000,0.000000,0.000000,0.012160,0.000000,0.910900,9.873998,0.217235,-17.391290,20.000000
0.744200,6,"LINK_TORSO_YAW",0.643400,0.200000,0.100800,20.000000,0.000000,0.000000,20.000000,0.000000,0.000000,0.000000,0.000000,0.012160,0.000000,0.910900,9.856221,0.217309,-17.401370,20.000000
0.744700,6,"LINK_TORSO_YAW",0.643400,0.200000,0.101300,20.000000,0.000000,0.000000,20.000000,0.000000,0.000000,0.000000,0.000000,0.012160,0.000000,0.910900,9.811670,0.217496,-17.426527,20.000000
0.746300,6,"LINK_TORSO_YAW",0.643400,0.200000,0.102900,20.000000,0.000000,0.000000,20.000000,0.000000,0.000000,0.000000,0.000000,0.012160,0.000000,0.910900,9.668009,0.218073,-17.506629,20.000000
0.746400,6,"LINK_TORSO_YAW",0.643400,0.200000,0.103000,20.000000,0.000000,0.000000,20.000000,0.000000,0.000000,0.000000,0.000000,0.012160,0.000000,0.910900,9.658975,0.218109,-17.511614,20.000000
0.746900,6,"LINK_TORSO_YAW",0.643400,0.200000,0.103500,20.000000,0.000000,0.000000,20.000000,0.000000,0.000000,0.000000,0.000000,0.012160,0.000000,0.910900,9.613716,0.218284,-17.536500,20.000000
0.747000,6,"LINK_TORSO_YAW",0.643400,0.200000,0.103600,20.000000,0.000000,0.000000,20.000000,0.000000,0.000000,0.000000,0.000000,0.012160,0.000000,0.910900,9.604645,0.218318,-17.541469,20.000000
0.749200,6,"LINK_TORSO_YAW",0.643400,0.200000,0.105800,20.000000,0.000000,0.000000,20.000000,0.000000,0.000000,0.000000,0.000000,0.012160,0.000000,0.910900,9.403413,0.218996,-17.650152,20.000000
0.749300,6,"LINK_TORSO_YAW",0.643400,0.200000,0.105900,20.000000,0.000000,0.000000,20.000000,0.000000,0.000000,0.000000,0.000000,0.012160,0.000000,0.910900,9.394197,0.219025,-17.655058,20.000000
0.749400,6,"LINK_TORSO_YAW",0.643400,0.200000,0.106000,20.000000,0.000000,0.000000,20.000000,0.000000,0.000000,0.000000,0.000000,0.012160,0.000000,0.910900,9.384973,0.219053,-17.659963,20.000000
0.749700,6,"LINK_TORSO_YAW",0.643400,0.200000,0.106300,20.000000,0.000000,0.000000,20.000000,0.000000,0.000000,0.000000,0.000000,0.012160,0.000000,0.910900,9.357254,0.219135,-17.674665,20.000000
0.749800,6,"LINK_TORSO_YAW",0.643400,0.200000,0.106400,20.000000,0.000000,0.000000,20.000000,0.000000,0.000000,0.000000,0.000000,0.012160,0.000000,0.910900,9.347998,0.219160,-17.679562,20.000000
0.752100,6,"LINK_TORSO_YAW",0.643400,0.200000,0.108700,20.000000,0.000000,0.000000,20.000000,0.000000,0.000000,0.000000,0.000000,0.012160,0.000000,0.910900,9.133525,0.219661,-17.791303,20.000000
0.752200,6,"LINK_TORSO_YAW",0.643400,0.200000,0.108800,20.000000,0.000000,0.000000,20.000000,0.000000,0.000000,0.000000,0.000000,0.012160,0.000000,0.910900,9.124120,0.219679,-17.796128,20.000000
0.753100,6,"LINK_TORSO_YAW",0.643400,0.200000,0.109700,20.000000,0.000000,0.000000,20.000000,0.000000,0.000000,0.000000,0.000000,0.012160,0.000000,0.910900,9.039250,0.219821,-17.839384,20.000000
0.753200,6,"LINK_TORSO_YAW",0.643400,0.200000,0.109800,20.000000,0.000000,0.000000,20.000000,0.000000,0.000000,0.000000,0.000000,0.012160,0.000000,0.910900,9.029786,0.219835,-17.844176,20.000000
0.753300,6,"LINK_TORSO_YAW",0.643400,0.200000,0.109900,20.000000,0.000000,0.000000,20.000000,0.000000,0.000000,0.000000,0.000000,0.012160,0.000000,0.910900,9.020313,0.219849,-17.848967,20.000000
0.754800,6,"LINK_TORSO_YAW",0.643400,0.200000,0.111400,20.000000,0.000000,0.000000,20.000000,0.000000,0.000000,0.000000,0.000000,0.012160,0.000000,0.910900,8.877508,0.220012,-17.920420,20.000000
0.754900,6,"LINK_TORSO_YAW",0.643400,0.200000,0.111500,20.000000,0.000000,0.000000,20.000000,0.000000,0.000000,0.000000,0.000000,0.012160,0.000000,0.910900,8.867937,0.220019,-17.925158,20.000000
0.755500,6,"LINK_TORSO_YAW",0.643400,0.200000,0.112100,20.000000,0.000000,0.000000,20.000000,0.000000,0.000000,0.000000,0.000000,0.012160,0.000000,0.910900,8.810385,0.220051,-17.953515,20.000000
0.755600,6,"LINK_TORSO_YAW",0.643400,0.200000,0.112200,20.000000,0.000000,0.000000,20.000000,0.000000,0.000000,0.000000,0.000000,0.012160,0.000000,0.910900,8.800739,0.220050,-17.958245,20.000000
0.755700,6,"LINK_TORSO_YAW",0.643400,0.200000,0.112300,20.000000,0.000000,0.000000,20.000000,0.000000,0.000000,0.000000,0.000000,0.012160,0.000000,0.910900,8.791056,0.220044,-17.962987,20.000000
0.755800,6,"LINK_TORSO_YAW",0.643400,0.200000,0.112400,20.000000,0.000000,0.000000,20.000000,0.000000,0.000000,0.000000,0.000000,0.012160,0.000000,0.910900,8.781335,0.220033,-17.967742,20.000000
0.755900,6,"LINK_TORSO_YAW",0.643400,0.200000,0.112500,20.000000,0.000000,0.000000,20.000000,0.000000,0.000000,0.000000,0.000000,0.012160,0.000000,0.910900,8.771579,0.220016,-17.972506,20.000000
0.756000,6,"LINK_TORSO_YAW",0.643400,0.200000,0.112600,20.000000,0.000000,0.000000,20.000000,0.000000,0.000000,0.000000,0.000000,0.012160,0.000000,0.910900,8.761790,0.219993,-17.977281,20.000000
0.756100,6,"LINK_TORSO_YAW",0.643400,0.200000,0.112700,20.000000,0.000000,0.000000,20.000000,0.000000,0.000000,0.000000,0.000000,0.012160,0.000000,0.910900,8.751965,0.219966,-17.982067,20.000000
0.756200,6,"LINK_TORSO_YAW",0.643400,0.200000,0.112800,20.000000,0.000000,0.000000,20.000000,0.000000,0.000000,0.000000,0.000000,0.012160,0.000000,0.910900,8.742105,0.219932,-17.986863,20.000000
0.756300,6,"LINK_TORSO_YAW",0.643400,0.200000,0.112900,20.000000,0.000000,0.000000,20.000000,0.000000,0.000000,0.000000,0.000000,0.012160,0.000000,0.910900,8.732210,0.219894,-17.991669,20.000000
0.756400,6,"LINK_TORSO_YAW",0.643400,0.200000,0.113000,20.000000,0.000000,0.000000,20.000000,0.000000,0.000000,0.000000,0.000000,0.012160,0.000000,0.910900,8.722279,0.219850,-17.996486,20.000000
0.756500,6,"LINK_TORSO_YAW",0.643400,0.200000,0.113100,20.000000,0.000000,0.000000,20.000000,0.000000,0.000000,0.000000,0.000000,0.012160,0.000000,0.910900,8.712313,0.219801,-18.001314,20.000000
0.756600,6,"LINK_TORSO_YAW",0.643400,0.200000,0.113200,20.000000,0.000000,0.000000,20.000000,0.000000,0.000000,0.000000,0.000000,0.012160,0.000000,0.910900,8.702311,0.219747,-18.006152,20.000000
0.756700,6,"LINK_TORSO_YAW",0.643400,0.200000,0.113300,20.000000,0.000000,0.000000,20.000000,0.000000,0.000000,0.000000,0.000000,0.012160,0.000000,0.910900,8.692247,0.219694,-18.011013,20.000000
0.756800,6,"LINK_TORSO_YAW",0.643400,0.200000,0.113400,20.000000,0.000000,0.000000,20.000000,0.000000,0.000000,0.000000,0.000000,0.012160,0.000000,0.910900,8.682119,0.219643,-18.015897,20.000000
0.756900,6,"LINK_TORSO_YAW",0.643400,0.200000,0.113500,20.000000,0.000000,0.000000,20.000000,0.000000,0.000000,0.000000,0.000000,0.012160,0.000000,0.910900,8.671933,0.219593,-18.020803,20.000000
0.757000,6,"LINK_TORSO_YAW",0.643400,0.200000,0.113600,20.000000,0.000000,0.000000,20.000000,0.000000,0.000000,0.000000,0.000000,0.012160,0.000000,0.910900,8.661687,0.219545,-18.025731,20.000000
0.757100,6,"LINK_TORSO_YAW",0.643400,0.200000,0.113700,20.000000,0.000000,0.000000,20.000000,0.000000,0.000000,0.000000,0.000000,0.012160,0.000000,0.910900,8.651381,0.219499,-18.030680,20.000000
0.757200,6,"LINK_TORSO_YAW",0.643400,0.200000,0.113800,20.000000,0.000000,0.000000,20.000000,0.000000,0.000000,0.000000,0.000000,0.012160,0.000000,0.910900,8.641015,0.219455,-18.035651,20.000000
0.757300,6,"LINK_TORSO_YAW",0.643400,0.200000,0.113900,20.000000,0.000000,0.000000,20.000000,0.000000,0.000000,0.000000,0.000000,0.012160,0.000000,0.910900,8.630589,0.219412,-18.040643,20.000000
0.757400,6,"LINK_TORSO_YAW",0.643400,0.200000,0.114000,20.000000,0.000000,0.000000,20.000000,0.000000,0.000000,0.000000,0.000000,0.012160,0.000000,0.910900,8.620103,0.219371,-18.045656,20.000000
0.757500,6,"LINK_TORSO_YAW",0.643400,0.200000,0.114100,20.000000,0.000000,0.000000,20.000000,0.000000,0.000000,0.000000,0.000000,0.012160,0.000000,0.910900,8.609557,0.219332,-18.050690,20.000000
0.757600,6,"LINK_TORSO_YAW",0.643400,0.200000,0.114200,20.000000,0.000000,0.000000,20.000000,0.000000,0.000000,0.000000,0.000000,0.012160,0.000000,0.910900,8.598952,0.219294,-18.055745,20.000000
0.757700,6,"LINK_TORSO_YAW",0.643400,0.200000,0.114300,20.000000,0.000000,0.000000,20.000000,0.000000,0.000000,0.000000,0.000000,0.012160,0.000000,0.910900,8.588288,0.219258,-18.060820,20.000000
0.757800,6,"LINK_TORSO_YAW",0.643400,0.200000,0.114400,20.000000,0.000000,0.000000,20.000000,0.000000,0.000000,0.000000,0.000000,0.012160,0.000000,0.910900,8.577566,0.219224,-18.065916,20.000000
0.757900,6,"LINK_TORSO_YAW",0.643400,0.200000,0.114500,20.000000,0.000000,0.000000,20.000000,0.000000,0.000000,0.000000,0.000000,0.012160,0.000000,0.910900,8.566788,0.219191,-18.071029,20.000000
0.758000,6,"LINK_TORSO_YAW",0.643400,0.200000,0.114600,20.000000,0.000000,0.000000,20.000000,0.000000,0.000000,0.000000,0.000000,0.012160,0.000000,0.910900,8.555957,0.219159,-18.076160,20.000000
0.758100,6,"LINK_TORSO_YAW",0.643400,0.200000,0.114700,20.000000,0.000000,0.000000,20.000000,0.000000,0.000000,0.000000,0.000000,0.012160,0.000000,0.910900,8.545072,0.219129,-18.081309,20.000000
0.758200,6,"LINK_TORSO_YAW",0.643400,0.200000,0.114800,20.000000,0.000000,0.000000,20.000000,0.000000,0.000000,0.000000,0.000000,0.012160,0.000000,0.910900,8.534133,0.219101,-18.086475,20.000000
0.758300,6,"LINK_TORSO_YAW",0.643400,0.200000,0.114900,20.000000,0.000000,0.000000,20.000000,0.000000,0.000000,0.000000,0.000000,0.012160,0.000000,0.910900,8.523140,0.219073,-18.091658,20.000000
0.758400,6,"LINK_TORSO_YAW",0.643400,0.200000,0.115000,20.000000,0.000000,0.000000,20.000000,0.000000,0.000000,0.000000,0.000000,0.012160,0.000000,0.910900,8.512093,0.219048,-18.096858,20.000000
0.758500,6,"LINK_TORSO_YAW",0.643400,0.200000,0.115100,20.000000,0.000000,0.000000,20.000000,0.000000,0.000000,0.000000,0.000000,0.012160,0.000000,0.910900,8.500994,0.219023,-18.102075,20.000000
0.758600,6,"LINK_TORSO_YAW",0.643400,0.200000,0.115200,20.000000,0.000000,0.000000,20.000000,0.000000,0.000000,0.000000,0.000000,0.012160,0.000000,0.910900,8.489841,0.219000,-18.107309,20.000000
0.758700,6,"LINK_TORSO_YAW",0.643400,0.200000,0.115300,20.000000,0.000000,0.000000,20.000000,0.000000,0.000000,0.000000,0.000000,0.012160,0.000000,0.910900,8.478635,0.218979,-18.112559,20.000000
0.758800,6,"LINK_TORSO_YAW",0.643400,0.200000,0.115400,20.000000,0.000000,0.000000,20.000000,0.000000,0.000000,0.000000,0.000000,0.012160,0.000000,0.910900,8.467376,0.218958,-18.117826,20.000000
0.758900,6,"LINK_TORSO_YAW",0.643400,0.200000,0.115500,20.000000,0.000000,0.000000,20.000000,0.000000,0.000000,0.000000,0.000000,0.012160,0.000000,0.910900,8.456068,0.218939,-18.123106,20.000000
0.759000,6,"LINK_TORSO_YAW",0.643400,0.200000,0.115600,20.000000,0.000000,0.000000,20.000000,0.000000,0.000000,0.000000,0.000000,0.012160,0.000000,0.910900,8.444712,0.218921,-18.128401,20.000000
0.759100,6,"LINK_TORSO_YAW",0.643400,0.200000,0.115700,20.000000,0.000000,0.000000,20.000000,0.000000,0.000000,0.000000,0.000000,0.012160,0.000000,0.910900,8.433307,0.218905,-18.133709,20.000000
0.759200,6,"LINK_TORSO_YAW",0.643400,0.200000,0.115800,20.000000,0.000000,0.000000,20.000000,0.000000,0.000000,0.000000,0.000000,0.012160,0.000000,0.910900,8.421854,0.218889,-18.139031,20.000000
0.759300,6,"LINK_TORSO_YAW",0.643400,0.200000,0.115900,20.000000,0.000000,0.000000,20.000000,0.000000,0.000000,0.000000,0.000000,0.012160,0.000000,0.910900,8.410353,0.218875,-18.144367,20.000000
0.759400,6,"LINK_TORSO_YAW",0.643400,0.200000,0.116000,20.000000,0.000000,0.000000,20.000000,0.000000,0.000000,0.000000,0.000000,0.012160,0.000000,0.910900,8.398804,0.218862,-18.149716,20.000000
0.759500,6,"LINK_TORSO_YAW",0.643400,0.200000,0.116100,20.000000,0.000000,0.000000,20.000000,0.000000,0.000000,0.000000,0.000000,0.012160,0.000000,0.910900,8.387206,0.218851,-18.155078,20.000000
0.759600,6,"LINK_TORSO_YAW",0.643400,0.200000,0.116200,20.000000,0.000000,0.000000,20.000000,0.000000,0.000000,0.000000,0.000000,0.012160,0.000000,0.910900,8.375561,0.218840,-18.160454,20.000000
0.759700,6,"LINK_TORSO_YAW",0.643400,0.200000,0.116300,20.000000,0.000000,0.000000,20.000000,0.000000,0.000000,0.000000,0.000000,0.012160,0.000000,0.910900,8.363867,0.218831,-18.165843,20.000000
0.759800,6,"LINK_TORSO_YAW",0.643400,0.200000,0.116400,20.000000,0.000000,0.000000,20.000000,0.000000,0.000000,0.000000,0.000000,0.012160,0.000000,0.910900,8.352126,0.218823,-18.171244,20.000000
0.759900,6,"LINK_TORSO_YAW",0.643400,0.200000,0.116500,20.000000,0.000000,0.000000,20.000000,0.000000,0.000000,0.000000,0.000000,0.012160,0.000000,0.910900,8.340340,0.218815,-18.176656,20.000000
0.760000,6,"LINK_TORSO_YAW",0.643400,0.200000,0.116600,20.000000,0.000000,0.000000,20.000000,0.000000,0.000000,0.000000,0.000000,0.012160,0.000000,0.910900,8.328512,0.218809,-18.182080,20.000000
0.760100,6,"LINK_TORSO_YAW",0.643400,0.200000,0.116700,20.000000,0.000000,0.000000,20.000000,0.000000,0.000000,0.000000,0.000000,0.012160,0.000000,0.910900,8.316639,0.218804,-18.187513,20.000000
0.760200,6,"LINK_TORSO_YAW",0.643400,0.200000,0.116800,20.000000,0.000000,0.000000,20.000000,0.000000,0.000000,0.000000,0.000000,0.012160,0.000000,0.910900,8.304723,0.218800,-18.192957,20.000000
0.760300,6,"LINK_TORSO_YAW",0.643400,0.200000,0.116900,20.000000,0.000000,0.000000,20.000000,0.000000,0.000000,0.000000,0.000000,0.012160,0.000000,0.910900,8.292764,0.218797,-18.198412,20.000000
0.760400,6,"LINK_TORSO_YAW",0.643400,0.200000,0.117000,20.000000,0.000000,0.000000,20.000000,0.000000,0.000000,0.000000,0.000000,0.012160,0.000000,0.910900,8.280760,0.218795,-18.203877,20.000000
0.760500,6,"LINK_TORSO_YAW",0.643400,0.200000,0.117100,20.000000,0.000000,0.000000,20.000000,0.000000,0.000000,0.000000,0.000000,0.012160,0.000000,0.910900,8.268713,0.218794,-18.209352,20.000000
0.760600,6,"LINK_TORSO_YAW",0.643400,0.200000,0.117200,20.000000,0.000000,0.000000,20.000000,0.000000,0.000000,0.000000,0.000000,0.012160,0.000000,0.910900,8.256623,0.218794,-18.214838,20.000000
0.760700,6,"LINK_TORSO_YAW",0.643400,0.200000,0.117300,20.000000,0.000000,0.000000,20.000000,0.000000,0.000000,0.000000,0.000000,0.012160,0.000000,0.910900,8.244489,0.218795,-18.220333,20.000000
0.760800,6,"LINK_TORSO_YAW",0.643400,0.200000,0.117400,20.000000,0.000000,0.000000,20.000000,0.000000,0.000000,0.000000,0.000000,0.012160,0.000000,0.910900,8.232311,0.218797,-18.225839,20.000000
0.760900,6,"LINK_TORSO_YAW",0.643400,0.200000,0.117500,20.000000,0.000000,0.000000,20.000000,0.000000,0.000000,0.000000,0.000000,0.012160,0.000000,0.910900,8.220093,0.218800,-18.231352,20.000000
0.761000,6,"LINK_TORSO_YAW",0.643400,0.200000,0.117600,20.000000,0.000000,0.000000,20.000000,0.000000,0.000000,0.000000,0.000000,0.012160,0.000000,0.910900,8.207836,0.218803,-18.236873,20.000000
0.761100,6,"LINK_TORSO_YAW",0.643400,0.200000,0.117700,20.000000,0.000000,0.000000,20.000000,0.000000,0.000000,0.000000,0.000000,0.012160,0.000000,0.910900,8.195540,0.218808,-18.242402,20.000000
0.761200,6,"LINK_TORSO_YAW",0.643400,0.200000,0.117800,20.000000,0.000000,0.000000,20.000000,0.000000,0.000000,0.000000,0.000000,0.012160,0.000000,0.910900,8.183204,0.218813,-18.247939,20.000000
0.761300,6,"LINK_TORSO_YAW",0.643400,0.200000,0.117900,20.000000,0.000000,0.000000,20.000000,0.000000,0.000000,0.000000,0.000000,0.012160,0.000000,0.910900,8.170829,0.218819,-18.253484,20.000000
0.761400,6,"LINK_TORSO_YAW",0.643400,0.200000,0.118000,20.000000,0.000000,0.000000,20.000000,0.000000,0.000000,0.000000,0.000000,0.012160,0.000000,0.910900,8.158414,0.218826,-18.259036,20.000000
0.761500,6,"LINK_TORSO_YAW",0.643400,0.200000,0.118100,20.000000,0.000000,0.000000,20.000000,0.000000,0.000000,0.000000,0.000000,0.012160,0.000000,0.910900,8.145959,0.218833,-18.264596,20.000000
0.761600,6,"LINK_TORSO_YAW",0.643400,0.200000,0.118200,20.000000,0.000000,0.000000,20.000000,0.000000,0.000000,0.000000,0.000000,0.012160,0.000000,0.910900,8.133461,0.218837,-18.270165,20.000000
0.761700,6,"LINK_TORSO_YAW",0.643400,0.200000,0.118300,20.000000,0.000000,0.000000,20.000000,0.000000,0.000000,0.000000,0.000000,0.012160,0.000000,0.910900,8.120920,0.218837,-18.275743,20.000000
0.761800,6,"LINK_TORSO_YAW",0.643400,0.200000,0.118400,20.000000,0.000000,0.000000,20.000000,0.000000,0.000000,0.000000,0.000000,0.012160,0.000000,0.910900,8.108335,0.218833,-18.281330,20.000000
0.761900,6,"LINK_TORSO_YAW",0.643400,0.200000,0.118500,20.000000,0.000000,0.000000,20.000000,0.000000,0.000000,0.000000,0.000000,0.012160,0.000000,0.910900,8.095708,0.218826,-18.286925,20.000000
0.762000,6,"LINK_TORSO_YAW",0.643400,0.200000,0.118600,20.000000,0.000000,0.000000,20.000000,0.000000,0.000000,0.000000,0.000000,0.012160,0.000000,0.910900,8.083037,0.218815,-18.292530,20.000000
0.762100,6,"LINK_TORSO_YAW",0.643400,0.200000,0.118700,20.000000,0.000000,0.000000,20.000000,0.000000,0.000000,0.000000,0.000000,0.012160,0.000000,0.910900,8.070328,0.218801,-18.298140,20.000000
0.762200,6,"LINK_TORSO_YAW",0.643400,0.200000,0.118800,20.000000,0.000000,0.000000,20.000000,0.000000,0.000000,0.000000,0.000000,0.012160,0.000000,0.910900,8.057581,0.218782,-18.303757,20.000000
0.762300,6,"LINK_TORSO_YAW",0.643400,0.200000,0.118900,20.000000,0.000000,0.000000,20.000000,0.000000,0.000000,0.000000,0.000000,0.012160,0.000000,0.910900,8.044793,0.218765,-18.309381,20.000000
0.762400,6,"LINK_TORSO_YAW",0.643400,0.200000,0.119000,20.000000,0.000000,0.000000,20.000000,0.000000,0.000000,0.000000,0.000000,0.012160,0.000000,0.910900,8.031964,0.218750,-18.315013,20.000000
0.762500,6,"LINK_TORSO_YAW",0.643400,0.200000,0.119100,20.000000,0.000000,0.000000,20.000000,0.000000,0.000000,0.000000,0.000000,0.012160,0.000000,0.910900,8.019094,0.218736,-18.320652,20.000000
0.762600,6,"LINK_TORSO_YAW",0.643400,0.200000,0.119200,20.000000,0.000000,0.000000,20.000000,0.000000,0.000000,0.000000,0.000000,0.012160,0.000000,0.910900,8.006183,0.218723,-18.326298,20.000000
0.762700,6,"LINK_TORSO_YAW",0.643400,0.200000,0.119300,20.000000,0.000000,0.000000,20.000000,0.000000,0.000000,0.000000,0.000000,0.012160,0.000000,0.910900,7.993230,0.218712,-18.331951,20.000000
0.762800,6,"LINK_TORSO_YAW",0.643400,0.200000,0.119400,20.000000,0.000000,0.000000,20.000000,0.000000,0.000000,0.000000,0.000000,0.012160,0.000000,0.910900,7.980237,0.218703,-18.337611,20.000000
0.762900,6,"LINK_TORSO_YAW",0.643400,0.200000,0.119500,20.000000,0.000000,0.000000,20.000000,0.000000,0.000000,0.000000,0.000000,0.012160,0.000000,0.910900,7.967202,0.218695,-18.343279,20.000000
0.763000,6,"LINK_TORSO_YAW",0.643400,0.200000,0.119600,20.000000,0.000000,0.000000,20.000000,0.000000,0.000000,0.000000,0.000000,0.012160,0.000000,0.910900,7.954125,0.218688,-18.348953,20.000000
0.763100,6,"LINK_TORSO_YAW",0.643400,0.200000,0.119700,20.000000,0.000000,0.000000,20.000000,0.000000,0.000000,0.000000,0.000000,0.012160,0.000000,0.910900,7.941007,0.218683,-18.354634,20.000000
0.763200,6,"LINK_TORSO_YAW",0.643400,0.200000,0.119800,20.000000,0.000000,0.000000,20.000000,0.000000,0.000000,0.000000,0.000000,0.012160,0.000000,0.910900,7.927853,0.218679,-18.360319,20.000000
0.763300,6,"LINK_TORSO_YAW",0.643400,0.200000,0.119900,20.000000,0.000000,0.000000,20.000000,0.000000,0.000000,0.000000,0.000000,0.012160,0.000000,0.910900,7.914662,0.218677,-18.366010,20.000000
0.763400,6,"LINK_TORSO_YAW",0.643400,0.200000,0.120000,20.000000,0.000000,0.000000,20.000000,0.000000,0.000000,0.000000,0.000000,0.012160,0.000000,0.910900,7.901434,0.218675,-18.371704,20.000000
0.763500,6,"LINK_TORSO_YAW",0.643400,0.200000,0.120100,20.000000,0.000000,0.000000,20.000000,0.000000,0.000000,0.000000,0.000000,0.012160,0.000000,0.910900,7.888169,0.218676,-18.377404,20.000000
0.763600,6,"LINK_TORSO_YAW",0.643400,0.200000,0.120200,20.000000,0.000000,0.000000,20.000000,0.000000,0.000000,0.000000,0.000000,0.012160,0.000000,0.910900,7.874868,0.218677,-18.383108,20.000000
0.763700,6,"LINK_TORSO_YAW",0.643400,0.200000,0.120300,20.000000,0.000000,0.000000,20.000000,0.000000,0.000000,0.000000,0.000000,0.012160,0.000000,0.910900,7.861529,0.218680,-18.388816,20.000000
0.763800,6,"LINK_TORSO_YAW",0.643400,0.200000,0.120400,20.000000,0.000000,0.000000,20.000000,0.000000,0.000000,0.000000,0.000000,0.012160,0.000000,0.910900,7.848153,0.218684,-18.394528,20.000000
0.763900,6,"LINK_TORSO_YAW",0.643400,0.200000,0.120500,20.000000,0.000000,0.000000,20.000000,0.000000,0.000000,0.000000,0.000000,0.012160,0.000000,0.910900,7.834740,0.218690,-18.400245,20.000000
0.764000,6,"LINK_TORSO_YAW",0.643400,0.200000,0.120600,20.000000,0.000000,0.000000,20.000000,0.000000,0.000000,0.000000,0.000000,0.012160,0.000000,0.910900,7.821289,0.218696,-18.405967,20.000000
0.764100,6,"LINK_TORSO_YAW",0.643400,0.200000,0.120700,20.000000,0.000000,0.000000,20.000000,0.000000,0.000000,0.000000,0.000000,0.012160,0.000000,0.910900,7.807801,0.218704,-18.411692,20.000000
0.764200,6,"LINK_TORSO_YAW",0.643400,0.200000,0.120800,20.000000,0.000000,0.000000,20.000000,0.000000,0.000000,0.000000,0.000000,0.012160,0.000000,0.910900,7.794279,0.218713,-18.417420,20.000000
0.764300,6,"LINK_TORSO_YAW",0.643400,0.200000,0.120900,20.000000,0.000000,0.000000,20.000000,0.000000,0.000000,0.000000,0.000000,0.012160,0.000000,0.910900,7.780725,0.218724,-18.423151,20.000000
0.764400,6,"LINK_TORSO_YAW",0.643400,0.200000,0.121000,20.000000,0.000000,0.000000,20.000000,0.000000,0.000000,0.000000,0.000000,0.012160,0.000000,0.910900,7.767136,0.218735,-18.428884,20.000000
0.764500,6,"LINK_TORSO_YAW",0.643400,0.200000,0.121100,20.000000,0.000000,0.000000,20.000000,0.000000,0.000000,0.000000,0.000000,0.012160,0.000000,0.910900,7.753515,0.218747,-18.434619,20.000000
0.764600,6,"LINK_TORSO_YAW",0.643400,0.200000,0.121200,20.000000,0.000000,0.000000,20.000000,0.000000,0.000000,0.000000,0.000000,0.012160,0.000000,0.910900,7.739859,0.218760,-18.440356,20.000000
0.764700,6,"LINK_TORSO_YAW",0.643400,0.200000,0.121300,20.000000,0.000000,0.000000,20.000000,0.000000,0.000000,0.000000,0.000000,0.012160,0.000000,0.910900,7.726170,0.218775,-18.446095,20.000000
0.764800,6,"LINK_TORSO_YAW",0.643400,0.200000,0.121400,20.000000,0.000000,0.000000,20.000000,0.000000,0.000000,0.000000,0.000000,0.012160,0.000000,0.910900,7.712446,0.218790,-18.451837,20.000000
0.764900,6,"LINK_TORSO_YAW",0.643400,0.200000,0.121500,20.000000,0.000000,0.000000,20.000000,0.000000,0.000000,0.000000,0.000000,0.012160,0.000000,0.910900,7.698689,0.218806,-18.457582,20.000000
0.765000,6,"LINK_TORSO_YAW",0.643400,0.200000,0.121600,20.000000,0.000000,0.000000,20.000000,0.000000,0.000000,0.000000,0.000000,0.012160,0.000000,0.910900,7.684897,0.218823,-18.463328,20.000000
0.765100,6,"LINK_TORSO_YAW",0.643400,0.200000,0.121700,20.000000,0.000000,0.000000,20.000000,0.000000,0.000000,0.000000,0.000000,0.012160,0.000000,0.910900,7.671070,0.218842,-18.469077,20.000000
0.765200,6,"LINK_TORSO_YAW",0.643400,0.200000,0.121800,20.000000,0.000000,0.000000,20.000000,0.000000,0.000000,0.000000,0.000000,0.012160,0.000000,0.910900,7.657209,0.218861,-18.474827,20.000000
0.765300,6,"LINK_TORSO_YAW",0.643400,0.200000,0.121900,20.000000,0.000000,0.000000,20.000000,0.000000,0.000000,0.000000,0.000000,0.012160,0.000000,0.910900,7.643313,0.218881,-18.480581,20.000000
0.765400,6,"LINK_TORSO_YAW",0.643400,0.200000,0.122000,20.000000,0.000000,0.000000,20.000000,0.000000,0.000000,0.000000,0.000000,0.012160,0.000000,0.910900,7.629387,0.218902,-18.486334,20.000000
0.765500,6,"LINK_TORSO_YAW",0.643400,0.200000,0.122100,20.000000,0.000000,0.000000,20.000000,0.000000,0.000000,0.000000,0.000000,0.012160,0.000000,0.910900,7.615431,0.218924,-18.492087,20.000000
0.765600,6,"LINK_TORSO_YAW",0.643400,0.200000,0.122200,20.000000,0.000000,0.000000,20.000000,0.000000,0.000000,0.000000,0.000000,0.012160,0.000000,0.910900,7.601446,0.218947,-18.497840,20.000000
0.765700,6,"LINK_TORSO_YAW",0.643400,0.200000,0.122300,20.000000,0.000000,0.000000,20.000000,0.000000,0.000000,0.000000,0.000000,0.012160,0.000000,0.910900,7.587430,0.218970,-18.503593,20.000000
0.765800,6,"LINK_TORSO_YAW",0.643400,0.200000,0.122400,20.000000,0.000000,0.000000,20.000000,0.000000,0.000000,0.000000,0.000000,0.012160,0.000000,0.910900,7.573383,0.218995,-18.509347,20.000000
0.765900,6,"LINK_TORSO_YAW",0.643400,0.200000,0.122500,20.000000,0.000000,0.000000,20.000000,0.000000,0.000000,0.000000,0.000000,0.012160,0.000000,0.910900,7.559306,0.219020,-18.515100,20.000000
0.766000,6,"LINK_TORSO_YAW",0.643400,0.200000,0.122600,20.000000,0.000000,0.000000,20.000000,0.000000,0.000000,0.000000,0.000000,0.012160,0.000000,0.910900,7.545198,0.219046,-18.520853,20.000000
0.766100,6,"LINK_TORSO_YAW",0.643400,0.200000,0.122700,20.000000,0.000000,0.000000,20.000000,0.000000,0.000000,0.000000,0.000000,0.012160,0.000000,0.910900,7.531059,0.219072,-18.526607,20.000000
0.766200,6,"LINK_TORSO_YAW",0.643400,0.200000,0.122800,20.000000,0.000000,0.000000,20.000000,0.000000,0.000000,0.000000,0.000000,0.012160,0.000000,0.910900,7.516888,0.219100,-18.532360,20.000000
0.766300,6,"LINK_TORSO_YAW",0.643400,0.200000,0.122900,20.000000,0.000000,0.000000,20.000000,0.000000,0.000000,0.000000,0.000000,0.012160,0.000000,0.910900,7.502686,0.219128,-18.538114,20.000000
0.766400,6,"LINK_TORSO_YAW",0.643400,0.200000,0.123000,20.000000,0.000000,0.000000,20.000000,0.000000,0.000000,0.000000,0.000000,0.012160,0.000000,0.910900,7.488453,0.219157,-18.543868,20.000000
0.766500,6,"LINK_TORSO_YAW",0.643400,0.200000,0.123100,20.000000,0.000000,0.000000,20.000000,0.000000,0.000000,0.000000,0.000000,0.012160,0.000000,0.910900,7.474192,0.219187,-18.549620,20.000000
0.766600,6,"LINK_TORSO_YAW",0.643400,0.200000,0.123200,20.000000,0.000000,0.000000,20.000000,0.000000,0.000000,0.000000,0.000000,0.012160,0.000000,0.910900,7.459904,0.219217,-18.555370,20.000000
0.766700,6,"LINK_TORSO_YAW",0.643400,0.200000,0.123300,20.000000,0.000000,0.000000,20.000000,0.000000,0.000000,0.000000,0.000000,0.012160,0.000000,0.910900,7.445589,0.219248,-18.561119,20.000000
0.766800,6,"LINK_TORSO_YAW",0.643400,0.200000,0.123400,20.000000,0.000000,0.000000,20.000000,0.000000,0.000000,0.000000,0.000000,0.012160,0.000000,0.910900,7.431246,0.219280,-18.566866,20.000000
0.766900,6,"LINK_TORSO_YAW",0.643400,0.200000,0.123500,20.000000,0.000000,0.000000,20.000000,0.000000,0.000000,0.000000,0.000000,0.012160,0.000000,0.910900,7.416875,0.219312,-18.572611,20.000000
0.767000,6,"LINK_TORSO_YAW",0.643400,0.200000,0.123600,20.000000,0.000000,0.000000,20.000000,0.000000,0.000000,0.000000,0.000000,0.012160,0.000000,0.910900,7.402477,0.219345,-18.578354,20.000000
0.767100,6,"LINK_TORSO_YAW",0.643400,0.200000,0.123700,20.000000,0.000000,0.000000,20.000000,0.000000,0.000000,0.000000,0.000000,0.012160,0.000000,0.910900,7.388049,0.219379,-18.584095,20.000000
0.767200,6,"LINK_TORSO_YAW",0.643400,0.200000,0.123800,20.000000,0.000000,0.000000,20.000000,0.000000,0.000000,0.000000,0.000000,0.012160,0.000000,0.910900,7.373593,0.219413,-18.589835,20.000000
0.767300,6,"LINK_TORSO_YAW",0.643400,0.200000,0.123900,20.000000,0.000000,0.000000,20.000000,0.000000,0.000000,0.000000,0.000000,0.012160,0.000000,0.910900,7.359109,0.219448,-18.595574,20.000000
0.767400,6,"LINK_TORSO_YAW",0.643400,0.200000,0.124000,20.000000,0.000000,0.000000,20.000000,0.000000,0.000000,0.000000,0.000000,0.012160,0.000000,0.910900,7.344595,0.219483,-18.601311,20.000000
0.767500,6,"LINK_TORSO_YAW",0.643400,0.200000,0.124100,20.000000,0.000000,0.000000,20.000000,0.000000,0.000000,0.000000,0.000000,0.012160,0.000000,0.910900,7.330056,0.219520,-18.607044,20.000000
0.767600,6,"LINK_TORSO_YAW",0.643400,0.200000,0.124200,20.000000,0.000000,0.000000,20.000000,0.000000,0.000000,0.000000,0.000000,0.012160,0.000000,0.910900,7.315492,0.219556,-18.612774,20.000000
0.767700,6,"LINK_TORSO_YAW",0.643400,0.200000,0.124300,20.000000,0.000000,0.000000,20.000000,0.000000,0.000000,0.000000,0.000000,0.012160,0.000000,0.910900,7.300903,0.219593,-18.618501,20.000000
0.767800,6,"LINK_TORSO_YAW",0.643400,0.200000,0.124400,20.000000,0.000000,0.000000,20.000000,0.000000,0.000000,0.000000,0.000000,0.012160,0.000000,0.910900,7.286288,0.219631,-18.624225,20.000000
0.767900,6,"LINK_TORSO_YAW",0.643400,0.200000,0.124500,20.000000,0.000000,0.000000,20.000000,0.000000,0.000000,0.000000,0.000000,0.012160,0.000000,0.910900,7.271647,0.219670,-18.629946,20.000000
0.768000,6,"LINK_TORSO_YAW",0.643400,0.200000,0.124600,20.000000,0.000000,0.000000,20.000000,0.000000,0.000000,0.000000,0.000000,0.012160,0.000000,0.910900,7.256981,0.219708,-18.635664,20.000000
0.768100,6,"LINK_TORSO_YAW",0.643400,0.200000,0.124700,20.000000,0.000000,0.000000,20.000000,0.000000,0.000000,0.000000,0.000000,0.012160,0.000000,0.910900,7.242287,0.219748,-18.641378,20.000000
0.768200,6,"LINK_TORSO_YAW",0.643400,0.200000,0.124800,20.000000,0.000000,0.000000,20.000000,0.000000,0.000000,0.000000,0.000000,0.012160,0.000000,0.910900,7.227567,0.219787,-18.647090,20.000000
0.768300,6,"LINK_TORSO_YAW",0.643400,0.200000,0.124900,20.000000,0.000000,0.000000,20.000000,0.000000,0.000000,0.000000,0.000000,0.012160,0.000000,0.910900,7.212820,0.219828,-18.652799,20.000000
0.768400,6,"LINK_TORSO_YAW",0.643400,0.200000,0.125000,20.000000,0.000000,0.000000,20.000000,0.000000,0.000000,0.000000,0.000000,0.012160,0.000000,0.910900,7.198046,0.219869,-18.658505,20.000000
0.768500,6,"LINK_TORSO_YAW",0.643400,0.200000,0.125100,20.000000,0.000000,0.000000,20.000000,0.000000,0.000000,0.000000,0.000000,0.012160,0.000000,0.910900,7.183244,0.219910,-18.664208,20.000000
0.768600,6,"LINK_TORSO_YAW",0.643400,0.200000,0.125200,20.000000,0.000000,0.000000,20.000000,0.000000,0.000000,0.000000,0.000000,0.012160,0.000000,0.910900,7.168414,0.219952,-18.669908,20.000000
0.768700,6,"LINK_TORSO_YAW",0.643400,0.200000,0.125300,20.000000,0.000000,0.000000,20.000000,0.000000,0.000000,0.000000,0.000000,0.012160,0.000000,0.910900,7.153562,0.219994,-18.675603,20.000000
0.768800,6,"LINK_TORSO_YAW",0.643400,0.200000,0.125400,20.000000,0.000000,0.000000,20.000000,0.000000,0.000000,0.000000,0.000000,0.012160,0.000000,0.910900,7.138687,0.220037,-18.681294,20.000000
0.768900,6,"LINK_TORSO_YAW",0.643400,0.200000,0.125500,20.000000,0.000000,0.000000,20.000000,0.000000,0.000000,0.000000,0.000000,0.012160,0.000000,0.910900,7.123788,0.220080,-18.686980,20.000000
0.769000,6,"LINK_TORSO_YAW",0.643400,0.200000,0.125600,20.000000,0.000000,0.000000,20.000000,0.000000,0.000000,0.000000,0.000000,0.012160,0.000000,0.910900,7.108866,0.220123,-18.692661,20.000000
0.769100,6,"LINK_TORSO_YAW",0.643400,0.200000,0.125700,20.000000,0.000000,0.000000,20.000000,0.000000,0.000000,0.000000,0.000000,0.012160,0.000000,0.910900,7.093921,0.220167,-18.698337,20.000000
0.769200,6,"LINK_TORSO_YAW",0.643400,0.200000,0.125800,20.000000,0.000000,0.000000,20.000000,0.000000,0.000000,0.000000,0.000000,0.012160,0.000000,0.910900,7.078951,0.220211,-18.704009,20.000000
0.769300,6,"LINK_TORSO_YAW",0.643400,0.200000,0.125900,20.000000,0.000000,0.000000,20.000000,0.000000,0.000000,0.000000,0.000000,0.012160,0.000000,0.910900,7.063956,0.220255,-18.709677,20.000000
0.769400,6,"LINK_TORSO_YAW",0.643400,0.200000,0.126000,20.000000,0.000000,0.000000,20.000000,0.000000,0.000000,0.000000,0.000000,0.012160,0.000000,0.910900,7.048937,0.220300,-18.715340,20.000000
0.769500,6,"LINK_TORSO_YAW",0.643400,0.200000,0.126100,20.000000,0.000000,0.000000,20.000000,0.000000,0.000000,0.000000,0.000000,0.012160,0.000000,0.910900,7.033892,0.220345,-18.720999,20.000000
0.769600,6,"LINK_TORSO_YAW",0.643400,0.200000,0.126200,20.000000,0.000000,0.000000,20.000000,0.000000,0.000000,0.000000,0.000000,0.012160,0.000000,0.910900,7.018823,0.220391,-18.726654,20.000000
0.769700,6,"LINK_TORSO_YAW",0.643400,0.200000,0.126300,20.000000,0.000000,0.000000,20.000000,0.000000,0.000000,0.000000,0.000000,0.012160,0.000000,0.910900,7.003727,0.220436,-18.732304,20.000000
0.769800,6,"LINK_TORSO_YAW",0.643400,0.200000,0.126400,20.000000,0.000000,0.000000,20.000000,0.000000,0.000000,0.000000,0.000000,0.012160,0.000000,0.910900,6.988611,0.220482,-18.737948,20.000000
0.769900,6,"LINK_TORSO_YAW",0.643400,0.200000,0.126500,20.000000,0.000000,0.000000,20.000000,0.000000,0.000000,0.000000,0.000000,0.012160,0.000000,0.910900,6.973473,0.220528,-18.743587,20.000000
0.770000,6,"LINK_TORSO_YAW",0.643400,0.200000,0.126600,20.000000,0.000000,0.000000,20.000000,0.000000,0.000000,0.000000,0.000000,0.012160,0.000000,0.910900,6.958313,0.220574,-18.749219,20.000000
0.770100,6,"LINK_TORSO_YAW",0.643400,0.200000,0.126700,20.000000,0.000000,0.000000,20.000000,0.000000,0.000000,0.000000,0.000000,0.012160,0.000000,0.910900,6.943131,0.220620,-18.754846,20.000000
0.770200,6,"LINK_TORSO_YAW",0.643400,0.200000,0.126800,20.000000,0.000000,0.000000,20.000000,0.000000,0.000000,0.000000,0.000000,0.012160,0.000000,0.910900,6.927927,0.220666,-18.760467,20.000000
0.770300,6,"LINK_TORSO_YAW",0.643400,0.200000,0.126900,20.000000,0.000000,0.000000,20.000000,0.000000,0.000000,0.000000,0.000000,0.012160,0.000000,0.910900,6.912701,0.220713,-18.766083,20.000000
0.770400,6,"LINK_TORSO_YAW",0.643400,0.200000,0.127000,20.000000,0.000000,0.000000,20.000000,0.000000,0.000000,0.000000,0.000000,0.012160,0.000000,0.910900,6.897451,0.220759,-18.771693,20.000000
0.770500,6,"LINK_TORSO_YAW",0.643400,0.200000,0.127100,20.000000,0.000000,0.000000,20.000000,0.000000,0.000000,0.000000,0.000000,0.012160,0.000000,0.910900,6.882177,0.220806,-18.777297,20.000000
0.770600,6,"LINK_TORSO_YAW",0.643400,0.200000,0.127200,20.000000,0.000000,0.000000,20.000000,0.000000,0.000000,0.000000,0.000000,0.012160,0.000000,0.910900,6.866880,0.220853,-18.782896,20.000000
0.770700,6,"LINK_TORSO_YAW",0.643400,0.200000,0.127300,20.000000,0.000000,0.000000,20.000000,0.000000,0.000000,0.000000,0.000000,0.012160,0.000000,0.910900,6.851558,0.220900,-18.788490,20.000000
