timestamp,perturbation_id,body_name,start_time,duration,elapsed_time,force_x,force_y,force_z,force_magnitude,torque_x,torque_y,torque_z,torque_magnitude,std_pose_x,std_pose_y,std_pose_z,world_force_x,world_force_y,world_force_z,world_force_magnitude
0.086800,1,"LINK_TORSO_YAW",0.086700,0.200000,0.000100,20.000000,0.000000,0.000000,20.000000,0.000000,0.000000,0.000000,0.000000,0.012160,0.000000,0.910900,19.997455,0.001917,0.319071,20.000000
0.086900,1,"LINK_TORSO_YAW",0.086700,0.200000,0.000200,20.000000,0.000000,0.000000,20.000000,0.000000,0.000000,0.000000,0.000000,0.012160,0.000000,0.910900,19.997440,0.001922,0.319959,20.000000
0.087000,1,"LINK_TORSO_YAW",0.086700,0.200000,0.000300,20.000000,0.000000,0.000000,20.000000,0.000000,0.000000,0.000000,0.000000,0.012160,0.000000,0.910900,19.997426,0.001927,0.320846,20.000000
0.087100,1,"LINK_TORSO_YAW",0.086700,0.200000,0.000400,20.000000,0.000000,0.000000,20.000000,0.000000,0.000000,0.000000,0.000000,0.012160,0.000000,0.910900,19.997412,0.001933,0.321733,20.000000
0.087200,1,"LINK_TORSO_YAW",0.086700,0.200000,0.000500,20.000000,0.000000,0.000000,20.000000,0.000000,0.000000,0.000000,0.000000,0.012160,0.000000,0.910900,19.997398,0.001938,0.322617,20.000000
0.087300,1,"LINK_TORSO_YAW",0.086700,0.200000,0.000600,20.000000,0.000000,0.000000,20.000000,0.000000,0.000000,0.000000,0.000000,0.012160,0.000000,0.910900,19.997383,0.001943,0.323500,20.000000
0.087400,1,"LINK_TORSO_YAW",0.086700,0.200000,0.000700,20.000000,0.000000,0.000000,20.000000,0.000000,0.000000,0.000000,0.000000,0.012160,0.000000,0.910900,19.997369,0.001949,0.324380,20.000000
0.087500,1,"LINK_TORSO_YAW",0.086700,0.200000,0.000800,20.000000,0.000000,0.000000,20.000000,0.000000,0.000000,0.000000,0.000000,0.012160,0.000000,0.910900,19.997355,0.001954,0.325257,20.000000
0.087600,1,"LINK_TORSO_YAW",0.086700,0.200000,0.000900,20.000000,0.000000,0.000000,20.000000,0.000000,0.000000,0.000000,0.000000,0.012160,0.000000,0.910900,19.997341,0.001960,0.326130,20.000000
0.087700,1,"LINK_TORSO_YAW",0.086700,0.200000,0.001000,20.000000,0.000000,0.000000,20.000000,0.000000,0.000000,0.000000,0.000000,0.012160,0.000000,0.910900,19.997327,0.001966,0.326999,20.000000
0.087800,1,"LINK_TORSO_YAW",0.086700,0.200000,0.001100,20.000000,0.000000,0.000000,20.000000,0.000000,0.000000,0.000000,0.000000,0.012160,0.000000,0.910900,19.997312,0.001972,0.327863,20.000000
0.087900,1,"LINK_TORSO_YAW",0.086700,0.200000,0.001200,20.000000,0.000000,0.000000,20.000000,0.000000,0.000000,0.000000,0.000000,0.012160,0.000000,0.910900,19.997298,0.001978,0.328721,20.000000
0.088000,1,"LINK_TORSO_YAW",0.086700,0.200000,0.001300,20.000000,0.000000,0.000000,20.000000,0.000000,0.000000,0.000000,0.000000,0.012160,0.000000,0.910900,19.997284,0.001984,0.329580,20.000000
0.088100,1,"LINK_TORSO_YAW",0.086700,0.200000,0.001400,20.000000,0.000000,0.000000,20.000000,0.000000,0.000000,0.000000,0.000000,0.012160,0.000000,0.910900,19.997270,0.001991,0.330438,20.000000
0.088200,1,"LINK_TORSO_YAW",0.086700,0.200000,0.001500,20.000000,0.000000,0.000000,20.000000,0.000000,0.000000,0.000000,0.000000,0.012160,0.000000,0.910900,19.997256,0.001997,0.331295,20.000000
0.088300,1,"LINK_TORSO_YAW",0.086700,0.200000,0.001600,20.000000,0.000000,0.000000,20.000000,0.000000,0.000000,0.000000,0.000000,0.012160,0.000000,0.910900,19.997242,0.002003,0.332150,20.000000
0.088400,1,"LINK_TORSO_YAW",0.086700,0.200000,0.001700,20.000000,0.000000,0.000000,20.000000,0.000000,0.000000,0.000000,0.000000,0.012160,0.000000,0.910900,19.997227,0.002010,0.333004,20.000000
0.088500,1,"LINK_TORSO_YAW",0.086700,0.200000,0.001800,20.000000,0.000000,0.000000,20.000000,0.000000,0.000000,0.000000,0.000000,0.012160,0.000000,0.910900,19.997213,0.002016,0.333855,20.000000
0.088600,1,"LINK_TORSO_YAW",0.086700,0.200000,0.001900,20.000000,0.000000,0.000000,20.000000,0.000000,0.000000,0.000000,0.000000,0.012160,0.000000,0.910900,19.997199,0.002023,0.334702,20.000000
0.088700,1,"LINK_TORSO_YAW",0.086700,0.200000,0.002000,20.000000,0.000000,0.000000,20.000000,0.000000,0.000000,0.000000,0.000000,0.012160,0.000000,0.910900,19.997185,0.002030,0.335546,20.000000
0.088800,1,"LINK_TORSO_YAW",0.086700,0.200000,0.002100,20.000000,0.000000,0.000000,20.000000,0.000000,0.000000,0.000000,0.000000,0.012160,0.000000,0.910900,19.997171,0.002037,0.336385,20.000000
0.088900,1,"LINK_TORSO_YAW",0.086700,0.200000,0.002200,20.000000,0.000000,0.000000,20.000000,0.000000,0.000000,0.000000,0.000000,0.012160,0.000000,0.910900,19.997157,0.002044,0.337220,20.000000
0.089000,1,"LINK_TORSO_YAW",0.086700,0.200000,0.002300,20.000000,0.000000,0.000000,20.000000,0.000000,0.000000,0.000000,0.000000,0.012160,0.000000,0.910900,19.997143,0.002051,0.338049,20.000000
0.089100,1,"LINK_TORSO_YAW",0.086700,0.200000,0.002400,20.000000,0.000000,0.000000,20.000000,0.000000,0.000000,0.000000,0.000000,0.012160,0.000000,0.910900,19.997129,0.002058,0.338878,20.000000
0.089200,1,"LINK_TORSO_YAW",0.086700,0.200000,0.002500,20.000000,0.000000,0.000000,20.000000,0.000000,0.000000,0.000000,0.000000,0.012160,0.000000,0.910900,19.997115,0.002066,0.339707,20.000000
0.089300,1,"LINK_TORSO_YAW",0.086700,0.200000,0.002600,20.000000,0.000000,0.000000,20.000000,0.000000,0.000000,0.000000,0.000000,0.012160,0.000000,0.910900,19.997101,0.002073,0.340535,20.000000
0.089400,1,"LINK_TORSO_YAW",0.086700,0.200000,0.002700,20.000000,0.000000,0.000000,20.000000,0.000000,0.000000,0.000000,0.000000,0.012160,0.000000,0.910900,19.997086,0.002080,0.341361,20.000000
0.089500,1,"LINK_TORSO_YAW",0.086700,0.200000,0.002800,20.000000,0.000000,0.000000,20.000000,0.000000,0.000000,0.000000,0.000000,0.012160,0.000000,0.910900,19.997072,0.002088,0.342186,20.000000
0.089600,1,"LINK_TORSO_YAW",0.086700,0.200000,0.002900,20.000000,0.000000,0.000000,20.000000,0.000000,0.000000,0.000000,0.000000,0.012160,0.000000,0.910900,19.997058,0.002095,0.343007,20.000000
0.089700,1,"LINK_TORSO_YAW",0.086700,0.200000,0.003000,20.000000,0.000000,0.000000,20.000000,0.000000,0.000000,0.000000,0.000000,0.012160,0.000000,0.910900,19.997044,0.002103,0.343826,20.000000
0.089800,1,"LINK_TORSO_YAW",0.086700,0.200000,0.003100,20.000000,0.000000,0.000000,20.000000,0.000000,0.000000,0.000000,0.000000,0.012160,0.000000,0.910900,19.997030,0.002111,0.344640,20.000000
0.089900,1,"LINK_TORSO_YAW",0.086700,0.200000,0.003200,20.000000,0.000000,0.000000,20.000000,0.000000,0.000000,0.000000,0.000000,0.012160,0.000000,0.910900,19.997016,0.002119,0.345451,20.000000
0.090000,1,"LINK_TORSO_YAW",0.086700,0.200000,0.003300,20.000000,0.000000,0.000000,20.000000,0.000000,0.000000,0.000000,0.000000,0.012160,0.000000,0.910900,19.997002,0.002127,0.346256,20.000000
0.090100,1,"LINK_TORSO_YAW",0.086700,0.200000,0.003400,20.000000,0.000000,0.000000,20.000000,0.000000,0.000000,0.000000,0.000000,0.012160,0.000000,0.910900,19.996988,0.002135,0.347057,20.000000
0.090200,1,"LINK_TORSO_YAW",0.086700,0.200000,0.003500,20.000000,0.000000,0.000000,20.000000,0.000000,0.000000,0.000000,0.000000,0.012160,0.000000,0.910900,19.996975,0.002144,0.347851,20.000000
0.090300,1,"LINK_TORSO_YAW",0.086700,0.200000,0.003600,20.000000,0.000000,0.000000,20.000000,0.000000,0.000000,0.000000,0.000000,0.012160,0.000000,0.910900,19.996961,0.002152,0.348645,20.000000
0.090400,1,"LINK_TORSO_YAW",0.086700,0.200000,0.003700,20.000000,0.000000,0.000000,20.000000,0.000000,0.000000,0.000000,0.000000,0.012160,0.000000,0.910900,19.996947,0.002161,0.349440,20.000000
0.090500,1,"LINK_TORSO_YAW",0.086700,0.200000,0.003800,20.000000,0.000000,0.000000,20.000000,0.000000,0.000000,0.000000,0.000000,0.012160,0.000000,0.910900,19.996933,0.002169,0.350233,20.000000
0.090600,1,"LINK_TORSO_YAW",0.086700,0.200000,0.003900,20.000000,0.000000,0.000000,20.000000,0.000000,0.000000,0.000000,0.000000,0.012160,0.000000,0.910900,19.996919,0.002178,0.351024,20.000000
0.090700,1,"LINK_TORSO_YAW",0.086700,0.200000,0.004000,20.000000,0.000000,0.000000,20.000000,0.000000,0.000000,0.000000,0.000000,0.012160,0.000000,0.910900,19.996905,0.002186,0.351813,20.000000
0.090800,1,"LINK_TORSO_YAW",0.086700,0.200000,0.004100,20.000000,0.000000,0.000000,20.000000,0.000000,0.000000,0.000000,0.000000,0.012160,0.000000,0.910900,19.996891,0.002195,0.352600,20.000000
0.090900,1,"LINK_TORSO_YAW",0.086700,0.200000,0.004200,20.000000,0.000000,0.000000,20.000000,0.000000,0.000000,0.000000,0.000000,0.012160,0.000000,0.910900,19.996878,0.002204,0.353384,20.000000
0.091000,1,"LINK_TORSO_YAW",0.086700,0.200000,0.004300,20.000000,0.000000,0.000000,20.000000,0.000000,0.000000,0.000000,0.000000,0.012160,0.000000,0.910900,19.996864,0.002213,0.354164,20.000000
0.091100,1,"LINK_TORSO_YAW",0.086700,0.200000,0.004400,20.000000,0.000000,0.000000,20.000000,0.000000,0.000000,0.000000,0.000000,0.012160,0.000000,0.910900,19.996850,0.002222,0.354940,20.000000
0.091200,1,"LINK_TORSO_YAW",0.086700,0.200000,0.004500,20.000000,0.000000,0.000000,20.000000,0.000000,0.000000,0.000000,0.000000,0.012160,0.000000,0.910900,19.996836,0.002232,0.355711,20.000000
0.091300,1,"LINK_TORSO_YAW",0.086700,0.200000,0.004600,20.000000,0.000000,0.000000,20.000000,0.000000,0.000000,0.000000,0.000000,0.012160,0.000000,0.910900,19.996823,0.002241,0.356476,20.000000
0.091400,1,"LINK_TORSO_YAW",0.086700,0.200000,0.004700,20.000000,0.000000,0.000000,20.000000,0.000000,0.000000,0.000000,0.000000,0.012160,0.000000,0.910900,19.996809,0.002251,0.357242,20.000000
0.091500,1,"LINK_TORSO_YAW",0.086700,0.200000,0.004800,20.000000,0.000000,0.000000,20.000000,0.000000,0.000000,0.000000,0.000000,0.012160,0.000000,0.910900,19.996795,0.002260,0.358007,20.000000
0.091600,1,"LINK_TORSO_YAW",0.086700,0.200000,0.004900,20.000000,0.000000,0.000000,20.000000,0.000000,0.000000,0.000000,0.000000,0.012160,0.000000,0.910900,19.996782,0.002270,0.358772,20.000000
0.091700,1,"LINK_TORSO_YAW",0.086700,0.200000,0.005000,20.000000,0.000000,0.000000,20.000000,0.000000,0.000000,0.000000,0.000000,0.012160,0.000000,0.910900,19.996768,0.002279,0.359535,20.000000
0.091800,1,"LINK_TORSO_YAW",0.086700,0.200000,0.005100,20.000000,0.000000,0.000000,20.000000,0.000000,0.000000,0.000000,0.000000,0.012160,0.000000,0.910900,19.996754,0.002289,0.360295,20.000000
0.091900,1,"LINK_TORSO_YAW",0.086700,0.200000,0.005200,20.000000,0.000000,0.000000,20.000000,0.000000,0.000000,0.000000,0.000000,0.012160,0.000000,0.910900,19.996741,0.002299,0.361053,20.000000
0.092000,1,"LINK_TORSO_YAW",0.086700,0.200000,0.005300,20.000000,0.000000,0.000000,20.000000,0.000000,0.000000,0.000000,0.000000,0.012160,0.000000,0.910900,19.996727,0.002309,0.361809,20.000000
0.092100,1,"LINK_TORSO_YAW",0.086700,0.200000,0.005400,20.000000,0.000000,0.000000,20.000000,0.000000,0.000000,0.000000,0.000000,0.012160,0.000000,0.910900,19.996713,0.002319,0.362560,20.000000
0.092200,1,"LINK_TORSO_YAW",0.086700,0.200000,0.005500,20.000000,0.000000,0.000000,20.000000,0.000000,0.000000,0.000000,0.000000,0.012160,0.000000,0.910900,19.996700,0.002329,0.363307,20.000000
0.092300,1,"LINK_TORSO_YAW",0.086700,0.200000,0.005600,20.000000,0.000000,0.000000,20.000000,0.000000,0.000000,0.000000,0.000000,0.012160,0.000000,0.910900,19.996686,0.002339,0.364049,20.000000
0.092400,1,"LINK_TORSO_YAW",0.086700,0.200000,0.005700,20.000000,0.000000,0.000000,20.000000,0.000000,0.000000,0.000000,0.000000,0.012160,0.000000,0.910900,19.996673,0.002350,0.364787,20.000000
0.092500,1,"LINK_TORSO_YAW",0.086700,0.200000,0.005800,20.000000,0.000000,0.000000,20.000000,0.000000,0.000000,0.000000,0.000000,0.012160,0.000000,0.910900,19.996659,0.002360,0.365518,20.000000
0.092600,1,"LINK_TORSO_YAW",0.086700,0.200000,0.005900,20.000000,0.000000,0.000000,20.000000,0.000000,0.000000,0.000000,0.000000,0.012160,0.000000,0.910900,19.996646,0.002371,0.366249,20.000000
0.092700,1,"LINK_TORSO_YAW",0.086700,0.200000,0.006000,20.000000,0.000000,0.000000,20.000000,0.000000,0.000000,0.000000,0.000000,0.012160,0.000000,0.910900,19.996633,0.002382,0.366980,20.000000
0.092800,1,"LINK_TORSO_YAW",0.086700,0.200000,0.006100,20.000000,0.000000,0.000000,20.000000,0.000000,0.000000,0.000000,0.000000,0.012160,0.000000,0.910900,19.996619,0.002393,0.367710,20.000000
0.092900,1,"LINK_TORSO_YAW",0.086700,0.200000,0.006200,20.000000,0.000000,0.000000,20.000000,0.000000,0.000000,0.000000,0.000000,0.012160,0.000000,0.910900,19.996606,0.002403,0.368439,20.000000
0.093000,1,"LINK_TORSO_YAW",0.086700,0.200000,0.006300,20.000000,0.000000,0.000000,20.000000,0.000000,0.000000,0.000000,0.000000,0.012160,0.000000,0.910900,19.996592,0.002414,0.369165,20.000000
0.093100,1,"LINK_TORSO_YAW",0.086700,0.200000,0.006400,20.000000,0.000000,0.000000,20.000000,0.000000,0.000000,0.000000,0.000000,0.012160,0.000000,0.910900,19.996579,0.002425,0.369889,20.000000
0.093200,1,"LINK_TORSO_YAW",0.086700,0.200000,0.006500,20.000000,0.000000,0.000000,20.000000,0.000000,0.000000,0.000000,0.000000,0.012160,0.000000,0.910900,19.996566,0.002436,0.370610,20.000000
0.093300,1,"LINK_TORSO_YAW",0.086700,0.200000,0.006600,20.000000,0.000000,0.000000,20.000000,0.000000,0.000000,0.000000,0.000000,0.012160,0.000000,0.910900,19.996552,0.002447,0.371327,20.000000
0.093400,1,"LINK_TORSO_YAW",0.086700,0.200000,0.006700,20.000000,0.000000,0.000000,20.000000,0.000000,0.000000,0.000000,0.000000,0.012160,0.000000,0.910900,19.996539,0.002459,0.372040,20.000000
0.093500,1,"LINK_TORSO_YAW",0.086700,0.200000,0.006800,20.000000,0.000000,0.000000,20.000000,0.000000,0.000000,0.000000,0.000000,0.012160,0.000000,0.910900,19.996526,0.002470,0.372749,20.000000
0.093600,1,"LINK_TORSO_YAW",0.086700,0.200000,0.006900,20.000000,0.000000,0.000000,20.000000,0.000000,0.000000,0.000000,0.000000,0.012160,0.000000,0.910900,19.996513,0.002482,0.373452,20.000000
0.093700,1,"LINK_TORSO_YAW",0.086700,0.200000,0.007000,20.000000,0.000000,0.000000,20.000000,0.000000,0.000000,0.000000,0.000000,0.012160,0.000000,0.910900,19.996500,0.002494,0.374155,20.000000
0.093800,1,"LINK_TORSO_YAW",0.086700,0.200000,0.007100,20.000000,0.000000,0.000000,20.000000,0.000000,0.000000,0.000000,0.000000,0.012160,0.000000,0.910900,19.996487,0.002505,0.374857,20.000000
0.093900,1,"LINK_TORSO_YAW",0.086700,0.200000,0.007200,20.000000,0.000000,0.000000,20.000000,0.000000,0.000000,0.000000,0.000000,0.012160,0.000000,0.910900,19.996473,0.002517,0.375559,20.000000
0.094000,1,"LINK_TORSO_YAW",0.086700,0.200000,0.007300,20.000000,0.000000,0.000000,20.000000,0.000000,0.000000,0.000000,0.000000,0.012160,0.000000,0.910900,19.996460,0.002529,0.376260,20.000000
0.094100,1,"LINK_TORSO_YAW",0.086700,0.200000,0.007400,20.000000,0.000000,0.000000,20.000000,0.000000,0.000000,0.000000,0.000000,0.012160,0.000000,0.910900,19.996447,0.002541,0.376958,20.000000
0.094200,1,"LINK_TORSO_YAW",0.086700,0.200000,0.007500,20.000000,0.000000,0.000000,20.000000,0.000000,0.000000,0.000000,0.000000,0.012160,0.000000,0.910900,19.996434,0.002553,0.377654,20.000000
0.094300,1,"LINK_TORSO_YAW",0.086700,0.200000,0.007600,20.000000,0.000000,0.000000,20.000000,0.000000,0.000000,0.000000,0.000000,0.012160,0.000000,0.910900,19.996421,0.002565,0.378346,20.000000
0.094400,1,"LINK_TORSO_YAW",0.086700,0.200000,0.007700,20.000000,0.000000,0.000000,20.000000,0.000000,0.000000,0.000000,0.000000,0.012160,0.000000,0.910900,19.996408,0.002577,0.379035,20.000000
0.094500,1,"LINK_TORSO_YAW",0.086700,0.200000,0.007800,20.000000,0.000000,0.000000,20.000000,0.000000,0.000000,0.000000,0.000000,0.012160,0.000000,0.910900,19.996395,0.002589,0.379720,20.000000
0.094600,1,"LINK_TORSO_YAW",0.086700,0.200000,0.007900,20.000000,0.000000,0.000000,20.000000,0.000000,0.000000,0.000000,0.000000,0.012160,0.000000,0.910900,19.996382,0.002602,0.380400,20.000000
0.094700,1,"LINK_TORSO_YAW",0.086700,0.200000,0.008000,20.000000,0.000000,0.000000,20.000000,0.000000,0.000000,0.000000,0.000000,0.012160,0.000000,0.910900,19.996369,0.002614,0.381075,20.000000
0.094800,1,"LINK_TORSO_YAW",0.086700,0.200000,0.008100,20.000000,0.000000,0.000000,20.000000,0.000000,0.000000,0.000000,0.000000,0.012160,0.000000,0.910900,19.996356,0.002627,0.381750,20.000000
0.094900,1,"LINK_TORSO_YAW",0.086700,0.200000,0.008200,20.000000,0.000000,0.000000,20.000000,0.000000,0.000000,0.000000,0.000000,0.012160,0.000000,0.910900,19.996343,0.002640,0.382425,20.000000
0.095000,1,"LINK_TORSO_YAW",0.086700,0.200000,0.008300,20.000000,0.000000,0.000000,20.000000,0.000000,0.000000,0.000000,0.000000,0.012160,0.000000,0.910900,19.996330,0.002652,0.383099,20.000000
0.095100,1,"LINK_TORSO_YAW",0.086700,0.200000,0.008400,20.000000,0.000000,0.000000,20.000000,0.000000,0.000000,0.000000,0.000000,0.012160,0.000000,0.910900,19.996317,0.002665,0.383771,20.000000
0.095200,1,"LINK_TORSO_YAW",0.086700,0.200000,0.008500,20.000000,0.000000,0.000000,20.000000,0.000000,0.000000,0.000000,0.000000,0.012160,0.000000,0.910900,19.996305,0.002678,0.384441,20.000000
0.095300,1,"LINK_TORSO_YAW",0.086700,0.200000,0.008600,20.000000,0.000000,0.000000,20.000000,0.000000,0.000000,0.000000,0.000000,0.012160,0.000000,0.910900,19.996292,0.002691,0.385109,20.000000
0.095400,1,"LINK_TORSO_YAW",0.086700,0.200000,0.008700,20.000000,0.000000,0.000000,20.000000,0.000000,0.000000,0.000000,0.000000,0.012160,0.000000,0.910900,19.996279,0.002704,0.385774,20.000000
0.095500,1,"LINK_TORSO_YAW",0.086700,0.200000,0.008800,20.000000,0.000000,0.000000,20.000000,0.000000,0.000000,0.000000,0.000000,0.012160,0.000000,0.910900,19.996266,0.002717,0.386435,20.000000
0.095600,1,"LINK_TORSO_YAW",0.086700,0.200000,0.008900,20.000000,0.000000,0.000000,20.000000,0.000000,0.000000,0.000000,0.000000,0.012160,0.000000,0.910900,19.996253,0.002730,0.387092,20.000000
0.095700,1,"LINK_TORSO_YAW",0.086700,0.200000,0.009000,20.000000,0.000000,0.000000,20.000000,0.000000,0.000000,0.000000,0.000000,0.012160,0.000000,0.910900,19.996241,0.002744,0.387744,20.000000
0.095800,1,"LINK_TORSO_YAW",0.086700,0.200000,0.009100,20.000000,0.000000,0.000000,20.000000,0.000000,0.000000,0.000000,0.000000,0.012160,0.000000,0.910900,19.996228,0.002757,0.388391,20.000000
0.095900,1,"LINK_TORSO_YAW",0.086700,0.200000,0.009200,20.000000,0.000000,0.000000,20.000000,0.000000,0.000000,0.000000,0.000000,0.012160,0.000000,0.910900,19.996216,0.002771,0.389032,20.000000
0.096000,1,"LINK_TORSO_YAW",0.086700,0.200000,0.009300,20.000000,0.000000,0.000000,20.000000,0.000000,0.000000,0.000000,0.000000,0.012160,0.000000,0.910900,19.996203,0.002785,0.389674,20.000000
0.096100,1,"LINK_TORSO_YAW",0.086700,0.200000,0.009400,20.000000,0.000000,0.000000,20.000000,0.000000,0.000000,0.000000,0.000000,0.012160,0.000000,0.910900,19.996191,0.002799,0.390315,20.000000
0.096200,1,"LINK_TORSO_YAW",0.086700,0.200000,0.009500,20.000000,0.000000,0.000000,20.000000,0.000000,0.000000,0.000000,0.000000,0.012160,0.000000,0.910900,19.996178,0.002812,0.390955,20.000000
0.096300,1,"LINK_TORSO_YAW",0.086700,0.200000,0.009600,20.000000,0.000000,0.000000,20.000000,0.000000,0.000000,0.000000,0.000000,0.012160,0.000000,0.910900,19.996166,0.002826,0.391594,20.000000
0.096400,1,"LINK_TORSO_YAW",0.086700,0.200000,0.009700,20.000000,0.000000,0.000000,20.000000,0.000000,0.000000,0.000000,0.000000,0.012160,0.000000,0.910900,19.996153,0.002840,0.392230,20.000000
0.096500,1,"LINK_TORSO_YAW",0.086700,0.200000,0.009800,20.000000,0.000000,0.000000,20.000000,0.000000,0.000000,0.000000,0.000000,0.012160,0.000000,0.910900,19.996141,0.002854,0.392865,20.000000
0.096600,1,"LINK_TORSO_YAW",0.086700,0.200000,0.009900,20.000000,0.000000,0.000000,20.000000,0.000000,0.000000,0.000000,0.000000,0.012160,0.000000,0.910900,19.996128,0.002868,0.393496,20.000000
0.096700,1,"LINK_TORSO_YAW",0.086700,0.200000,0.010000,20.000000,0.000000,0.000000,20.000000,0.000000,0.000000,0.000000,0.000000,0.012160,0.000000,0.910900,19.996116,0.002883,0.394123,20.000000
0.096800,1,"LINK_TORSO_YAW",0.086700,0.200000,0.010100,20.000000,0.000000,0.000000,20.000000,0.000000,0.000000,0.000000,0.000000,0.012160,0.000000,0.910900,19.996104,0.002897,0.394747,20.000000
0.096900,1,"LINK_TORSO_YAW",0.086700,0.200000,0.010200,20.000000,0.000000,0.000000,20.000000,0.000000,0.000000,0.000000,0.000000,0.012160,0.000000,0.910900,19.996092,0.002912,0.395366,20.000000
0.097000,1,"LINK_TORSO_YAW",0.086700,0.200000,0.010300,20.000000,0.000000,0.000000,20.000000,0.000000,0.000000,0.000000,0.000000,0.012160,0.000000,0.910900,19.996079,0.002926,0.395979,20.000000
0.097100,1,"LINK_TORSO_YAW",0.086700,0.200000,0.010400,20.000000,0.000000,0.000000,20.000000,0.000000,0.000000,0.000000,0.000000,0.012160,0.000000,0.910900,19.996067,0.002941,0.396593,20.000000
0.097200,1,"LINK_TORSO_YAW",0.086700,0.200000,0.010500,20.000000,0.000000,0.000000,20.000000,0.000000,0.000000,0.000000,0.000000,0.012160,0.000000,0.910900,19.996055,0.002956,0.397206,20.000000
0.097300,1,"LINK_TORSO_YAW",0.086700,0.200000,0.010600,20.000000,0.000000,0.000000,20.000000,0.000000,0.000000,0.000000,0.000000,0.012160,0.000000,0.910900,19.996043,0.002971,0.397819,20.000000
0.097400,1,"LINK_TORSO_YAW",0.086700,0.200000,0.010700,20.000000,0.000000,0.000000,20.000000,0.000000,0.000000,0.000000,0.000000,0.012160,0.000000,0.910900,19.996031,0.002985,0.398430,20.000000
0.097500,1,"LINK_TORSO_YAW",0.086700,0.200000,0.010800,20.000000,0.000000,0.000000,20.000000,0.000000,0.000000,0.000000,0.000000,0.012160,0.000000,0.910900,19.996019,0.003000,0.399039,20.000000
0.097600,1,"LINK_TORSO_YAW",0.086700,0.200000,0.010900,20.000000,0.000000,0.000000,20.000000,0.000000,0.000000,0.000000,0.000000,0.012160,0.000000,0.910900,19.996006,0.003015,0.399646,20.000000
0.097700,1,"LINK_TORSO_YAW",0.086700,0.200000,0.011000,20.000000,0.000000,0.000000,20.000000,0.000000,0.000000,0.000000,0.000000,0.012160,0.000000,0.910900,19.995994,0.003030,0.400249,20.000000
0.097800,1,"LINK_TORSO_YAW",0.086700,0.200000,0.011100,20.000000,0.000000,0.000000,20.000000,0.000000,0.000000,0.000000,0.000000,0.012160,0.000000,0.910900,19.995982,0.003046,0.400849,20.000000
0.097900,1,"LINK_TORSO_YAW",0.086700,0.200000,0.011200,20.000000,0.000000,0.000000,20.000000,0.000000,0.000000,0.000000,0.000000,0.012160,0.000000,0.910900,19.995970,0.003061,0.401445,20.000000
0.098000,1,"LINK_TORSO_YAW",0.086700,0.200000,0.011300,20.000000,0.000000,0.000000,20.000000,0.000000,0.000000,0.000000,0.000000,0.012160,0.000000,0.910900,19.995959,0.003076,0.402036,20.000000
0.098100,1,"LINK_TORSO_YAW",0.086700,0.200000,0.011400,20.000000,0.000000,0.000000,20.000000,0.000000,0.000000,0.000000,0.000000,0.012160,0.000000,0.910900,19.995947,0.003092,0.402622,20.000000
0.098200,1,"LINK_TORSO_YAW",0.086700,0.200000,0.011500,20.000000,0.000000,0.000000,20.000000,0.000000,0.000000,0.000000,0.000000,0.012160,0.000000,0.910900,19.995935,0.003108,0.403208,20.000000
0.098300,1,"LINK_TORSO_YAW",0.086700,0.200000,0.011600,20.000000,0.000000,0.000000,20.000000,0.000000,0.000000,0.000000,0.000000,0.012160,0.000000,0.910900,19.995923,0.003123,0.403794,20.000000
0.098400,1,"LINK_TORSO_YAW",0.086700,0.200000,0.011700,20.000000,0.000000,0.000000,20.000000,0.000000,0.000000,0.000000,0.000000,0.012160,0.000000,0.910900,19.995911,0.003139,0.404379,20.000000
0.098500,1,"LINK_TORSO_YAW",0.086700,0.200000,0.011800,20.000000,0.000000,0.000000,20.000000,0.000000,0.000000,0.000000,0.000000,0.012160,0.000000,0.910900,19.995899,0.003155,0.404963,20.000000
0.098600,1,"LINK_TORSO_YAW",0.086700,0.200000,0.011900,20.000000,0.000000,0.000000,20.000000,0.000000,0.000000,0.000000,0.000000,0.012160,0.000000,0.910900,19.995888,0.003171,0.405545,20.000000
0.098700,1,"LINK_TORSO_YAW",0.086700,0.200000,0.012000,20.000000,0.000000,0.000000,20.000000,0.000000,0.000000,0.000000,0.000000,0.012160,0.000000,0.910900,19.995876,0.003187,0.406124,20.000000
0.098800,1,"LINK_TORSO_YAW",0.086700,0.200000,0.012100,20.000000,0.000000,0.000000,20.000000,0.000000,0.000000,0.000000,0.000000,0.012160,0.000000,0.910900,19.995864,0.003203,0.406700,20.000000
0.098900,1,"LINK_TORSO_YAW",0.086700,0.200000,0.012200,20.000000,0.000000,0.000000,20.000000,0.000000,0.000000,0.000000,0.000000,0.012160,0.000000,0.910900,19.995853,0.003219,0.407273,20.000000
0.099000,1,"LINK_TORSO_YAW",0.086700,0.200000,0.012300,20.000000,0.000000,0.000000,20.000000,0.000000,0.000000,0.000000,0.000000,0.012160,0.000000,0.910900,19.995841,0.003235,0.407841,20.000000
0.099100,1,"LINK_TORSO_YAW",0.086700,0.200000,0.012400,20.000000,0.000000,0.000000,20.000000,0.000000,0.000000,0.000000,0.000000,0.012160,0.000000,0.910900,19.995829,0.003251,0.408405,20.000000
0.099200,1,"LINK_TORSO_YAW",0.086700,0.200000,0.012500,20.000000,0.000000,0.000000,20.000000,0.000000,0.000000,0.000000,0.000000,0.012160,0.000000,0.910900,19.995818,0.003268,0.408964,20.000000
0.099300,1,"LINK_TORSO_YAW",0.086700,0.200000,0.012600,20.000000,0.000000,0.000000,20.000000,0.000000,0.000000,0.000000,0.000000,0.012160,0.000000,0.910900,19.995807,0.003285,0.409517,20.000000
0.099400,1,"LINK_TORSO_YAW",0.086700,0.200000,0.012700,20.000000,0.000000,0.000000,20.000000,0.000000,0.000000,0.000000,0.000000,0.012160,0.000000,0.910900,19.995795,0.003302,0.410070,20.000000
0.099500,1,"LINK_TORSO_YAW",0.086700,0.200000,0.012800,20.000000,0.000000,0.000000,20.000000,0.000000,0.000000,0.000000,0.000000,0.012160,0.000000,0.910900,19.995784,0.003318,0.410623,20.000000
0.099600,1,"LINK_TORSO_YAW",0.086700,0.200000,0.012900,20.000000,0.000000,0.000000,20.000000,0.000000,0.000000,0.000000,0.000000,0.012160,0.000000,0.910900,19.995773,0.003335,0.411175,20.000000
0.099700,1,"LINK_TORSO_YAW",0.086700,0.200000,0.013000,20.000000,0.000000,0.000000,20.000000,0.000000,0.000000,0.000000,0.000000,0.012160,0.000000,0.910900,19.995761,0.003352,0.411726,20.000000
0.099800,1,"LINK_TORSO_YAW",0.086700,0.200000,0.013100,20.000000,0.000000,0.000000,20.000000,0.000000,0.000000,0.000000,0.000000,0.012160,0.000000,0.910900,19.995750,0.003369,0.412274,20.000000
0.099900,1,"LINK_TORSO_YAW",0.086700,0.200000,0.013200,20.000000,0.000000,0.000000,20.000000,0.000000,0.000000,0.000000,0.000000,0.012160,0.000000,0.910900,19.995739,0.003386,0.412821,20.000000
0.100000,1,"LINK_TORSO_YAW",0.086700,0.200000,0.013300,20.000000,0.000000,0.000000,20.000000,0.000000,0.000000,0.000000,0.000000,0.012160,0.000000,0.910900,19.995728,0.003403,0.413364,20.000000
0.100100,1,"LINK_TORSO_YAW",0.086700,0.200000,0.013400,20.000000,0.000000,0.000000,20.000000,0.000000,0.000000,0.000000,0.000000,0.012160,0.000000,0.910900,19.995716,0.003420,0.413903,20.000000
0.100200,1,"LINK_TORSO_YAW",0.086700,0.200000,0.013500,20.000000,0.000000,0.000000,20.000000,0.000000,0.000000,0.000000,0.000000,0.012160,0.000000,0.910900,19.995705,0.003438,0.414439,20.000000
0.100300,1,"LINK_TORSO_YAW",0.086700,0.200000,0.013600,20.000000,0.000000,0.000000,20.000000,0.000000,0.000000,0.000000,0.000000,0.012160,0.000000,0.910900,19.995694,0.003455,0.414970,20.000000
0.100400,1,"LINK_TORSO_YAW",0.086700,0.200000,0.013700,20.000000,0.000000,0.000000,20.000000,0.000000,0.000000,0.000000,0.000000,0.012160,0.000000,0.910900,19.995683,0.003473,0.415496,20.000000
0.100500,1,"LINK_TORSO_YAW",0.086700,0.200000,0.013800,20.000000,0.000000,0.000000,20.000000,0.000000,0.000000,0.000000,0.000000,0.012160,0.000000,0.910900,19.995672,0.003491,0.416022,20.000000
0.100600,1,"LINK_TORSO_YAW",0.086700,0.200000,0.013900,20.000000,0.000000,0.000000,20.000000,0.000000,0.000000,0.000000,0.000000,0.012160,0.000000,0.910900,19.995661,0.003508,0.416548,20.000000
0.100700,1,"LINK_TORSO_YAW",0.086700,0.200000,0.014000,20.000000,0.000000,0.000000,20.000000,0.000000,0.000000,0.000000,0.000000,0.012160,0.000000,0.910900,19.995650,0.003526,0.417072,20.000000
0.100800,1,"LINK_TORSO_YAW",0.086700,0.200000,0.014100,20.000000,0.000000,0.000000,20.000000,0.000000,0.000000,0.000000,0.000000,0.012160,0.000000,0.910900,19.995640,0.003544,0.417596,20.000000
0.100900,1,"LINK_TORSO_YAW",0.086700,0.200000,0.014200,20.000000,0.000000,0.000000,20.000000,0.000000,0.000000,0.000000,0.000000,0.012160,0.000000,0.910900,19.995629,0.003562,0.418118,20.000000
0.101000,1,"LINK_TORSO_YAW",0.086700,0.200000,0.014300,20.000000,0.000000,0.000000,20.000000,0.000000,0.000000,0.000000,0.000000,0.012160,0.000000,0.910900,19.995618,0.003579,0.418637,20.000000
0.101100,1,"LINK_TORSO_YAW",0.086700,0.200000,0.014400,20.000000,0.000000,0.000000,20.000000,0.000000,0.000000,0.000000,0.000000,0.012160,0.000000,0.910900,19.995607,0.003597,0.419153,20.000000
0.101200,1,"LINK_TORSO_YAW",0.086700,0.200000,0.014500,20.000000,0.000000,0.000000,20.000000,0.000000,0.000000,0.000000,0.000000,0.012160,0.000000,0.910900,19.995596,0.003616,0.419666,20.000000
0.101300,1,"LINK_TORSO_YAW",0.086700,0.200000,0.014600,20.000000,0.000000,0.000000,20.000000,0.000000,0.000000,0.000000,0.000000,0.012160,0.000000,0.910900,19.995586,0.003634,0.420174,20.000000
0.101400,1,"LINK_TORSO_YAW",0.086700,0.200000,0.014700,20.000000,0.000000,0.000000,20.000000,0.000000,0.000000,0.000000,0.000000,0.012160,0.000000,0.910900,19.995575,0.003652,0.420678,20.000000
0.101500,1,"LINK_TORSO_YAW",0.086700,0.200000,0.014800,20.000000,0.000000,0.000000,20.000000,0.000000,0.000000,0.000000,0.000000,0.012160,0.000000,0.910900,19.995564,0.003671,0.421182,20.000000
0.101600,1,"LINK_TORSO_YAW",0.086700,0.200000,0.014900,20.000000,0.000000,0.000000,20.000000,0.000000,0.000000,0.000000,0.000000,0.012160,0.000000,0.910900,19.995554,0.003689,0.421686,20.000000
0.101700,1,"LINK_TORSO_YAW",0.086700,0.200000,0.015000,20.000000,0.000000,0.000000,20.000000,0.000000,0.000000,0.000000,0.000000,0.012160,0.000000,0.910900,19.995543,0.003708,0.422189,20.000000
0.101800,1,"LINK_TORSO_YAW",0.086700,0.200000,0.015100,20.000000,0.000000,0.000000,20.000000,0.000000,0.000000,0.000000,0.000000,0.012160,0.000000,0.910900,19.995532,0.003726,0.422691,20.000000
0.101900,1,"LINK_TORSO_YAW",0.086700,0.200000,0.015200,20.000000,0.000000,0.000000,20.000000,0.000000,0.000000,0.000000,0.000000,0.012160,0.000000,0.910900,19.995522,0.003745,0.423191,20.000000
0.102000,1,"LINK_TORSO_YAW",0.086700,0.200000,0.015300,20.000000,0.000000,0.000000,20.000000,0.000000,0.000000,0.000000,0.000000,0.012160,0.000000,0.910900,19.995511,0.003763,0.423688,20.000000
0.102100,1,"LINK_TORSO_YAW",0.086700,0.200000,0.015400,20.000000,0.000000,0.000000,20.000000,0.000000,0.000000,0.000000,0.000000,0.012160,0.000000,0.910900,19.995501,0.003782,0.424183,20.000000
0.102200,1,"LINK_TORSO_YAW",0.086700,0.200000,0.015500,20.000000,0.000000,0.000000,20.000000,0.000000,0.000000,0.000000,0.000000,0.012160,0.000000,0.910900,19.995490,0.003801,0.424674,20.000000
0.102300,1,"LINK_TORSO_YAW",0.086700,0.200000,0.015600,20.000000,0.000000,0.000000,20.000000,0.000000,0.000000,0.000000,0.000000,0.012160,0.000000,0.910900,19.995480,0.003820,0.425161,20.000000
0.102400,1,"LINK_TORSO_YAW",0.086700,0.200000,0.015700,20.000000,0.000000,0.000000,20.000000,0.000000,0.000000,0.000000,0.000000,0.012160,0.000000,0.910900,19.995470,0.003839,0.425643,20.000000
0.102500,1,"LINK_TORSO_YAW",0.086700,0.200000,0.015800,20.000000,0.000000,0.000000,20.000000,0.000000,0.000000,0.000000,0.000000,0.012160,0.000000,0.910900,19.995460,0.003858,0.426120,20.000000
0.102600,1,"LINK_TORSO_YAW",0.086700,0.200000,0.015900,20.000000,0.000000,0.000000,20.000000,0.000000,0.000000,0.000000,0.000000,0.012160,0.000000,0.910900,19.995450,0.003878,0.426591,20.000000
0.102700,1,"LINK_TORSO_YAW",0.086700,0.200000,0.016000,20.000000,0.000000,0.000000,20.000000,0.000000,0.000000,0.000000,0.000000,0.012160,0.000000,0.910900,19.995440,0.003897,0.427063,20.000000
0.102800,1,"LINK_TORSO_YAW",0.086700,0.200000,0.016100,20.000000,0.000000,0.000000,20.000000,0.000000,0.000000,0.000000,0.000000,0.012160,0.000000,0.910900,19.995429,0.003917,0.427534,20.000000
0.102900,1,"LINK_TORSO_YAW",0.086700,0.200000,0.016200,20.000000,0.000000,0.000000,20.000000,0.000000,0.000000,0.000000,0.000000,0.012160,0.000000,0.910900,19.995419,0.003936,0.428005,20.000000
0.103000,1,"LINK_TORSO_YAW",0.086700,0.200000,0.016300,20.000000,0.000000,0.000000,20.000000,0.000000,0.000000,0.000000,0.000000,0.012160,0.000000,0.910900,19.995409,0.003956,0.428474,20.000000
0.103100,1,"LINK_TORSO_YAW",0.086700,0.200000,0.016400,20.000000,0.000000,0.000000,20.000000,0.000000,0.000000,0.000000,0.000000,0.012160,0.000000,0.910900,19.995399,0.003976,0.428942,20.000000
0.103200,1,"LINK_TORSO_YAW",0.086700,0.200000,0.016500,20.000000,0.000000,0.000000,20.000000,0.000000,0.000000,0.000000,0.000000,0.012160,0.000000,0.910900,19.995389,0.003995,0.429407,20.000000
0.103300,1,"LINK_TORSO_YAW",0.086700,0.200000,0.016600,20.000000,0.000000,0.000000,20.000000,0.000000,0.000000,0.000000,0.000000,0.012160,0.000000,0.910900,19.995379,0.004015,0.429868,20.000000
0.103400,1,"LINK_TORSO_YAW",0.086700,0.200000,0.016700,20.000000,0.000000,0.000000,20.000000,0.000000,0.000000,0.000000,0.000000,0.012160,0.000000,0.910900,19.995370,0.004035,0.430327,20.000000
0.103500,1,"LINK_TORSO_YAW",0.086700,0.200000,0.016800,20.000000,0.000000,0.000000,20.000000,0.000000,0.000000,0.000000,0.000000,0.012160,0.000000,0.910900,19.995360,0.004055,0.430781,20.000000
0.103600,1,"LINK_TORSO_YAW",0.086700,0.200000,0.016900,20.000000,0.000000,0.000000,20.000000,0.000000,0.000000,0.000000,0.000000,0.012160,0.000000,0.910900,19.995350,0.004075,0.431231,20.000000
0.103700,1,"LINK_TORSO_YAW",0.086700,0.200000,0.017000,20.000000,0.000000,0.000000,20.000000,0.000000,0.000000,0.000000,0.000000,0.012160,0.000000,0.910900,19.995340,0.004096,0.431676,20.000000
0.103800,1,"LINK_TORSO_YAW",0.086700,0.200000,0.017100,20.000000,0.000000,0.000000,20.000000,0.000000,0.000000,0.000000,0.000000,0.012160,0.000000,0.910900,19.995331,0.004116,0.432121,20.000000
0.103900,1,"LINK_TORSO_YAW",0.086700,0.200000,0.017200,20.000000,0.000000,0.000000,20.000000,0.000000,0.000000,0.000000,0.000000,0.012160,0.000000,0.910900,19.995321,0.004137,0.432566,20.000000
0.104000,1,"LINK_TORSO_YAW",0.086700,0.200000,0.017300,20.000000,0.000000,0.000000,20.000000,0.000000,0.000000,0.000000,0.000000,0.012160,0.000000,0.910900,19.995312,0.004157,0.433009,20.000000
0.104100,1,"LINK_TORSO_YAW",0.086700,0.200000,0.017400,20.000000,0.000000,0.000000,20.000000,0.000000,0.000000,0.000000,0.000000,0.012160,0.000000,0.910900,19.995302,0.004177,0.433452,20.000000
0.104200,1,"LINK_TORSO_YAW",0.086700,0.200000,0.017500,20.000000,0.000000,0.000000,20.000000,0.000000,0.000000,0.000000,0.000000,0.012160,0.000000,0.910900,19.995292,0.004198,0.433893,20.000000
0.104300,1,"LINK_TORSO_YAW",0.086700,0.200000,0.017600,20.000000,0.000000,0.000000,20.000000,0.000000,0.000000,0.000000,0.000000,0.012160,0.000000,0.910900,19.995283,0.004219,0.434331,20.000000
0.104400,1,"LINK_TORSO_YAW",0.086700,0.200000,0.017700,20.000000,0.000000,0.000000,20.000000,0.000000,0.000000,0.000000,0.000000,0.012160,0.000000,0.910900,19.995273,0.004239,0.434766,20.000000
0.104500,1,"LINK_TORSO_YAW",0.086700,0.200000,0.017800,20.000000,0.000000,0.000000,20.000000,0.000000,0.000000,0.000000,0.000000,0.012160,0.000000,0.910900,19.995264,0.004260,0.435198,20.000000
0.104600,1,"LINK_TORSO_YAW",0.086700,0.200000,0.017900,20.000000,0.000000,0.000000,20.000000,0.000000,0.000000,0.000000,0.000000,0.012160,0.000000,0.910900,19.995255,0.004281,0.435626,20.000000
0.104700,1,"LINK_TORSO_YAW",0.086700,0.200000,0.018000,20.000000,0.000000,0.000000,20.000000,0.000000,0.000000,0.000000,0.000000,0.012160,0.000000,0.910900,19.995245,0.004302,0.436049,20.000000
0.104800,1,"LINK_TORSO_YAW",0.086700,0.200000,0.018100,20.000000,0.000000,0.000000,20.000000,0.000000,0.000000,0.000000,0.000000,0.012160,0.000000,0.910900,19.995236,0.004323,0.436467,20.000000
0.104900,1,"LINK_TORSO_YAW",0.086700,0.200000,0.018200,20.000000,0.000000,0.000000,20.000000,0.000000,0.000000,0.000000,0.000000,0.012160,0.000000,0.910900,19.995227,0.004345,0.436886,20.000000
0.105000,1,"LINK_TORSO_YAW",0.086700,0.200000,0.018300,20.000000,0.000000,0.000000,20.000000,0.000000,0.000000,0.000000,0.000000,0.012160,0.000000,0.910900,19.995218,0.004366,0.437304,20.000000
0.105100,1,"LINK_TORSO_YAW",0.086700,0.200000,0.018400,20.000000,0.000000,0.000000,20.000000,0.000000,0.000000,0.000000,0.000000,0.012160,0.000000,0.910900,19.995209,0.004387,0.437721,20.000000
0.105200,1,"LINK_TORSO_YAW",0.086700,0.200000,0.018500,20.000000,0.000000,0.000000,20.000000,0.000000,0.000000,0.000000,0.000000,0.012160,0.000000,0.910900,19.995200,0.004408,0.438137,20.000000
0.105300,1,"LINK_TORSO_YAW",0.086700,0.200000,0.018600,20.000000,0.000000,0.000000,20.000000,0.000000,0.000000,0.000000,0.000000,0.012160,0.000000,0.910900,19.995191,0.004430,0.438552,20.000000
0.105400,1,"LINK_TORSO_YAW",0.086700,0.200000,0.018700,20.000000,0.000000,0.000000,20.000000,0.000000,0.000000,0.000000,0.000000,0.012160,0.000000,0.910900,19.995182,0.004451,0.438963,20.000000
0.105500,1,"LINK_TORSO_YAW",0.086700,0.200000,0.018800,20.000000,0.000000,0.000000,20.000000,0.000000,0.000000,0.000000,0.000000,0.012160,0.000000,0.910900,19.995173,0.004473,0.439372,20.000000
0.105600,1,"LINK_TORSO_YAW",0.086700,0.200000,0.018900,20.000000,0.000000,0.000000,20.000000,0.000000,0.000000,0.000000,0.000000,0.012160,0.000000,0.910900,19.995164,0.004495,0.439778,20.000000
0.105700,1,"LINK_TORSO_YAW",0.086700,0.200000,0.019000,20.000000,0.000000,0.000000,20.000000,0.000000,0.000000,0.000000,0.000000,0.012160,0.000000,0.910900,19.995155,0.004516,0.440179,20.000000
0.105800,1,"LINK_TORSO_YAW",0.086700,0.200000,0.019100,20.000000,0.000000,0.000000,20.000000,0.000000,0.000000,0.000000,0.000000,0.012160,0.000000,0.910900,19.995146,0.004538,0.440576,20.000000
0.105900,1,"LINK_TORSO_YAW",0.086700,0.200000,0.019200,20.000000,0.000000,0.000000,20.000000,0.000000,0.000000,0.000000,0.000000,0.012160,0.000000,0.910900,19.995138,0.004560,0.440968,20.000000
0.106000,1,"LINK_TORSO_YAW",0.086700,0.200000,0.019300,20.000000,0.000000,0.000000,20.000000,0.000000,0.000000,0.000000,0.000000,0.012160,0.000000,0.910900,19.995129,0.004583,0.441359,20.000000
0.106100,1,"LINK_TORSO_YAW",0.086700,0.200000,0.019400,20.000000,0.000000,0.000000,20.000000,0.000000,0.000000,0.000000,0.000000,0.012160,0.000000,0.910900,19.995120,0.004605,0.441751,20.000000
0.106200,1,"LINK_TORSO_YAW",0.086700,0.200000,0.019500,20.000000,0.000000,0.000000,20.000000,0.000000,0.000000,0.000000,0.000000,0.012160,0.000000,0.910900,19.995112,0.004627,0.442142,20.000000
0.106300,1,"LINK_TORSO_YAW",0.086700,0.200000,0.019600,20.000000,0.000000,0.000000,20.000000,0.000000,0.000000,0.000000,0.000000,0.012160,0.000000,0.910900,19.995103,0.004649,0.442532,20.000000
0.106400,1,"LINK_TORSO_YAW",0.086700,0.200000,0.019700,20.000000,0.000000,0.000000,20.000000,0.000000,0.000000,0.000000,0.000000,0.012160,0.000000,0.910900,19.995094,0.004671,0.442920,20.000000
0.106500,1,"LINK_TORSO_YAW",0.086700,0.200000,0.019800,20.000000,0.000000,0.000000,20.000000,0.000000,0.000000,0.000000,0.000000,0.012160,0.000000,0.910900,19.995086,0.004694,0.443305,20.000000
0.106600,1,"LINK_TORSO_YAW",0.086700,0.200000,0.019900,20.000000,0.000000,0.000000,20.000000,0.000000,0.000000,0.000000,0.000000,0.012160,0.000000,0.910900,19.995077,0.004716,0.443688,20.000000
0.106700,1,"LINK_TORSO_YAW",0.086700,0.200000,0.020000,20.000000,0.000000,0.000000,20.000000,0.000000,0.000000,0.000000,0.000000,0.012160,0.000000,0.910900,19.995069,0.004739,0.444067,20.000000
0.106800,1,"LINK_TORSO_YAW",0.086700,0.200000,0.020100,20.000000,0.000000,0.000000,20.000000,0.000000,0.000000,0.000000,0.000000,0.012160,0.000000,0.910900,19.995061,0.004761,0.444442,20.000000
0.106900,1,"LINK_TORSO_YAW",0.086700,0.200000,0.020200,20.000000,0.000000,0.000000,20.000000,0.000000,0.000000,0.000000,0.000000,0.012160,0.000000,0.910900,19.995052,0.004784,0.444812,20.000000
0.107000,1,"LINK_TORSO_YAW",0.086700,0.200000,0.020300,20.000000,0.000000,0.000000,20.000000,0.000000,0.000000,0.000000,0.000000,0.012160,0.000000,0.910900,19.995044,0.004807,0.445178,20.000000
0.107100,1,"LINK_TORSO_YAW",0.086700,0.200000,0.020400,20.000000,0.000000,0.000000,20.000000,0.000000,0.000000,0.000000,0.000000,0.012160,0.000000,0.910900,19.995036,0.004830,0.445543,20.000000
0.107200,1,"LINK_TORSO_YAW",0.086700,0.200000,0.020500,20.000000,0.000000,0.000000,20.000000,0.000000,0.000000,0.000000,0.000000,0.012160,0.000000,0.910900,19.995028,0.004853,0.445909,20.000000
0.107300,1,"LINK_TORSO_YAW",0.086700,0.200000,0.020600,20.000000,0.000000,0.000000,20.000000,0.000000,0.000000,0.000000,0.000000,0.012160,0.000000,0.910900,19.995020,0.004876,0.446273,20.000000
0.107400,1,"LINK_TORSO_YAW",0.086700,0.200000,0.020700,20.000000,0.000000,0.000000,20.000000,0.000000,0.000000,0.000000,0.000000,0.012160,0.000000,0.910900,19.995012,0.004899,0.446637,20.000000
0.107500,1,"LINK_TORSO_YAW",0.086700,0.200000,0.020800,20.000000,0.000000,0.000000,20.000000,0.000000,0.000000,0.000000,0.000000,0.012160,0.000000,0.910900,19.995004,0.004922,0.446998,20.000000
0.107600,1,"LINK_TORSO_YAW",0.086700,0.200000,0.020900,20.000000,0.000000,0.000000,20.000000,0.000000,0.000000,0.000000,0.000000,0.012160,0.000000,0.910900,19.994996,0.004945,0.447358,20.000000
0.107700,1,"LINK_TORSO_YAW",0.086700,0.200000,0.021000,20.000000,0.000000,0.000000,20.000000,0.000000,0.000000,0.000000,0.000000,0.012160,0.000000,0.910900,19.994988,0.004969,0.447714,20.000000
0.107800,1,"LINK_TORSO_YAW",0.086700,0.200000,0.021100,20.000000,0.000000,0.000000,20.000000,0.000000,0.000000,0.000000,0.000000,0.012160,0.000000,0.910900,19.994980,0.004992,0.448067,20.000000
0.107900,1,"LINK_TORSO_YAW",0.086700,0.200000,0.021200,20.000000,0.000000,0.000000,20.000000,0.000000,0.000000,0.000000,0.000000,0.012160,0.000000,0.910900,19.994972,0.005016,0.448415,20.000000
0.108000,1,"LINK_TORSO_YAW",0.086700,0.200000,0.021300,20.000000,0.000000,0.000000,20.000000,0.000000,0.000000,0.000000,0.000000,0.012160,0.000000,0.910900,19.994964,0.005039,0.448760,20.000000
0.108100,1,"LINK_TORSO_YAW",0.086700,0.200000,0.021400,20.000000,0.000000,0.000000,20.000000,0.000000,0.000000,0.000000,0.000000,0.012160,0.000000,0.910900,19.994956,0.005063,0.449099,20.000000
0.108200,1,"LINK_TORSO_YAW",0.086700,0.200000,0.021500,20.000000,0.000000,0.000000,20.000000,0.000000,0.000000,0.000000,0.000000,0.012160,0.000000,0.910900,19.994949,0.005087,0.449438,20.000000
0.108300,1,"LINK_TORSO_YAW",0.086700,0.200000,0.021600,20.000000,0.000000,0.000000,20.000000,0.000000,0.000000,0.000000,0.000000,0.012160,0.000000,0.910900,19.994941,0.005111,0.449778,20.000000
0.108400,1,"LINK_TORSO_YAW",0.086700,0.200000,0.021700,20.000000,0.000000,0.000000,20.000000,0.000000,0.000000,0.000000,0.000000,0.012160,0.000000,0.910900,19.994934,0.005135,0.450116,20.000000
0.108500,1,"LINK_TORSO_YAW",0.086700,0.200000,0.021800,20.000000,0.000000,0.000000,20.000000,0.000000,0.000000,0.000000,0.000000,0.012160,0.000000,0.910900,19.994926,0.005159,0.450453,20.000000
0.108600,1,"LINK_TORSO_YAW",0.086700,0.200000,0.021900,20.000000,0.000000,0.000000,20.000000,0.000000,0.000000,0.000000,0.000000,0.012160,0.000000,0.910900,19.994918,0.005183,0.450789,20.000000
0.108700,1,"LINK_TORSO_YAW",0.086700,0.200000,0.022000,20.000000,0.000000,0.000000,20.000000,0.000000,0.000000,0.000000,0.000000,0.012160,0.000000,0.910900,19.994911,0.005207,0.451122,20.000000
0.108800,1,"LINK_TORSO_YAW",0.086700,0.200000,0.022100,20.000000,0.000000,0.000000,20.000000,0.000000,0.000000,0.000000,0.000000,0.012160,0.000000,0.910900,19.994903,0.005231,0.451452,20.000000
0.108900,1,"LINK_TORSO_YAW",0.086700,0.200000,0.022200,20.000000,0.000000,0.000000,20.000000,0.000000,0.000000,0.000000,0.000000,0.012160,0.000000,0.910900,19.994896,0.005255,0.451779,20.000000
0.109000,1,"LINK_TORSO_YAW",0.086700,0.200000,0.022300,20.000000,0.000000,0.000000,20.000000,0.000000,0.000000,0.000000,0.000000,0.012160,0.000000,0.910900,19.994889,0.005279,0.452102,20.000000
0.109100,1,"LINK_TORSO_YAW",0.086700,0.200000,0.022400,20.000000,0.000000,0.000000,20.000000,0.000000,0.000000,0.000000,0.000000,0.012160,0.000000,0.910900,19.994882,0.005304,0.452420,20.000000
0.109200,1,"LINK_TORSO_YAW",0.086700,0.200000,0.022500,20.000000,0.000000,0.000000,20.000000,0.000000,0.000000,0.000000,0.000000,0.012160,0.000000,0.910900,19.994874,0.005329,0.452733,20.000000
0.109300,1,"LINK_TORSO_YAW",0.086700,0.200000,0.022600,20.000000,0.000000,0.000000,20.000000,0.000000,0.000000,0.000000,0.000000,0.012160,0.000000,0.910900,19.994867,0.005353,0.453040,20.000000
0.109400,1,"LINK_TORSO_YAW",0.086700,0.200000,0.022700,20.000000,0.000000,0.000000,20.000000,0.000000,0.000000,0.000000,0.000000,0.012160,0.000000,0.910900,19.994861,0.005378,0.453348,20.000000
0.109500,1,"LINK_TORSO_YAW",0.086700,0.200000,0.022800,20.000000,0.000000,0.000000,20.000000,0.000000,0.000000,0.000000,0.000000,0.012160,0.000000,0.910900,19.994854,0.005403,0.453656,20.000000
0.109600,1,"LINK_TORSO_YAW",0.086700,0.200000,0.022900,20.000000,0.000000,0.000000,20.000000,0.000000,0.000000,0.000000,0.000000,0.012160,0.000000,0.910900,19.994847,0.005428,0.453963,20.000000
0.109700,1,"LINK_TORSO_YAW",0.086700,0.200000,0.023000,20.000000,0.000000,0.000000,20.000000,0.000000,0.000000,0.000000,0.000000,0.012160,0.000000,0.910900,19.994840,0.005453,0.454268,20.000000
0.109800,1,"LINK_TORSO_YAW",0.086700,0.200000,0.023100,20.000000,0.000000,0.000000,20.000000,0.000000,0.000000,0.000000,0.000000,0.012160,0.000000,0.910900,19.994833,0.005478,0.454572,20.000000
0.109900,1,"LINK_TORSO_YAW",0.086700,0.200000,0.023200,20.000000,0.000000,0.000000,20.000000,0.000000,0.000000,0.000000,0.000000,0.012160,0.000000,0.910900,19.994826,0.005503,0.454873,20.000000
0.110000,1,"LINK_TORSO_YAW",0.086700,0.200000,0.023300,20.000000,0.000000,0.000000,20.000000,0.000000,0.000000,0.000000,0.000000,0.012160,0.000000,0.910900,19.994819,0.005528,0.455172,20.000000
0.110100,1,"LINK_TORSO_YAW",0.086700,0.200000,0.023400,20.000000,0.000000,0.000000,20.000000,0.000000,0.000000,0.000000,0.000000,0.012160,0.000000,0.910900,19.994812,0.005553,0.455467,20.000000
0.110200,1,"LINK_TORSO_YAW",0.086700,0.200000,0.023500,20.000000,0.000000,0.000000,20.000000,0.000000,0.000000,0.000000,0.000000,0.012160,0.000000,0.910900,19.994806,0.005579,0.455758,20.000000
0.110300,1,"LINK_TORSO_YAW",0.086700,0.200000,0.023600,20.000000,0.000000,0.000000,20.000000,0.000000,0.000000,0.000000,0.000000,0.012160,0.000000,0.910900,19.994799,0.005604,0.456045,20.000000
0.110400,1,"LINK_TORSO_YAW",0.086700,0.200000,0.023700,20.000000,0.000000,0.000000,20.000000,0.000000,0.000000,0.000000,0.000000,0.012160,0.000000,0.910900,19.994793,0.005630,0.456326,20.000000
0.110500,1,"LINK_TORSO_YAW",0.086700,0.200000,0.023800,20.000000,0.000000,0.000000,20.000000,0.000000,0.000000,0.000000,0.000000,0.012160,0.000000,0.910900,19.994786,0.005656,0.456608,20.000000
0.110600,1,"LINK_TORSO_YAW",0.086700,0.200000,0.023900,20.000000,0.000000,0.000000,20.000000,0.000000,0.000000,0.000000,0.000000,0.012160,0.000000,0.910900,19.994780,0.005681,0.456890,20.000000
0.110700,1,"LINK_TORSO_YAW",0.086700,0.200000,0.024000,20.000000,0.000000,0.000000,20.000000,0.000000,0.000000,0.000000,0.000000,0.012160,0.000000,0.910900,19.994773,0.005707,0.457171,20.000000
0.110800,1,"LINK_TORSO_YAW",0.086700,0.200000,0.024100,20.000000,0.000000,0.000000,20.000000,0.000000,0.000000,0.000000,0.000000,0.012160,0.000000,0.910900,19.994767,0.005733,0.457451,20.000000
0.110900,1,"LINK_TORSO_YAW",0.086700,0.200000,0.024200,20.000000,0.000000,0.000000,20.000000,0.000000,0.000000,0.000000,0.000000,0.012160,0.000000,0.910900,19.994761,0.005759,0.457729,20.000000
0.111000,1,"LINK_TORSO_YAW",0.086700,0.200000,0.024300,20.000000,0.000000,0.000000,20.000000,0.000000,0.000000,0.000000,0.000000,0.012160,0.000000,0.910900,19.994754,0.005785,0.458004,20.000000
0.111100,1,"LINK_TORSO_YAW",0.086700,0.200000,0.024400,20.000000,0.000000,0.000000,20.000000,0.000000,0.000000,0.000000,0.000000,0.012160,0.000000,0.910900,19.994748,0.005811,0.458277,20.000000
0.111200,1,"LINK_TORSO_YAW",0.086700,0.200000,0.024500,20.000000,0.000000,0.000000,20.000000,0.000000,0.000000,0.000000,0.000000,0.012160,0.000000,0.910900,19.994742,0.005837,0.458546,20.000000
0.111300,1,"LINK_TORSO_YAW",0.086700,0.200000,0.024600,20.000000,0.000000,0.000000,20.000000,0.000000,0.000000,0.000000,0.000000,0.012160,0.000000,0.910900,19.994736,0.005863,0.458811,20.000000
0.111400,1,"LINK_TORSO_YAW",0.086700,0.200000,0.024700,20.000000,0.000000,0.000000,20.000000,0.000000,0.000000,0.000000,0.000000,0.012160,0.000000,0.910900,19.994730,0.005889,0.459072,20.000000
0.111500,1,"LINK_TORSO_YAW",0.086700,0.200000,0.024800,20.000000,0.000000,0.000000,20.000000,0.000000,0.000000,0.000000,0.000000,0.012160,0.000000,0.910900,19.994724,0.005916,0.459328,20.000000
0.111600,1,"LINK_TORSO_YAW",0.086700,0.200000,0.024900,20.000000,0.000000,0.000000,20.000000,0.000000,0.000000,0.000000,0.000000,0.012160,0.000000,0.910900,19.994718,0.005942,0.459584,20.000000
0.111700,1,"LINK_TORSO_YAW",0.086700,0.200000,0.025000,20.000000,0.000000,0.000000,20.000000,0.000000,0.000000,0.000000,0.000000,0.012160,0.000000,0.910900,19.994712,0.005969,0.459840,20.000000
0.111800,1,"LINK_TORSO_YAW",0.086700,0.200000,0.025100,20.000000,0.000000,0.000000,20.000000,0.000000,0.000000,0.000000,0.000000,0.012160,0.000000,0.910900,19.994706,0.005995,0.460095,20.000000
0.111900,1,"LINK_TORSO_YAW",0.086700,0.200000,0.025200,20.000000,0.000000,0.000000,20.000000,0.000000,0.000000,0.000000,0.000000,0.012160,0.000000,0.910900,19.994700,0.006022,0.460349,20.000000
0.112000,1,"LINK_TORSO_YAW",0.086700,0.200000,0.025300,20.000000,0.000000,0.000000,20.000000,0.000000,0.000000,0.000000,0.000000,0.012160,0.000000,0.910900,19.994695,0.006049,0.460601,20.000000
0.112100,1,"LINK_TORSO_YAW",0.086700,0.200000,0.025400,20.000000,0.000000,0.000000,20.000000,0.000000,0.000000,0.000000,0.000000,0.012160,0.000000,0.910900,19.994689,0.006075,0.460851,20.000000
0.112200,1,"LINK_TORSO_YAW",0.086700,0.200000,0.025500,20.000000,0.000000,0.000000,20.000000,0.000000,0.000000,0.000000,0.000000,0.012160,0.000000,0.910900,19.994683,0.006102,0.461098,20.000000
0.112300,1,"LINK_TORSO_YAW",0.086700,0.200000,0.025600,20.000000,0.000000,0.000000,20.000000,0.000000,0.000000,0.000000,0.000000,0.012160,0.000000,0.910900,19.994677,0.006129,0.461341,20.000000
0.112400,1,"LINK_TORSO_YAW",0.086700,0.200000,0.025700,20.000000,0.000000,0.000000,20.000000,0.000000,0.000000,0.000000,0.000000,0.012160,0.000000,0.910900,19.994672,0.006156,0.461581,20.000000
0.112500,1,"LINK_TORSO_YAW",0.086700,0.200000,0.025800,20.000000,0.000000,0.000000,20.000000,0.000000,0.000000,0.000000,0.000000,0.012160,0.000000,0.910900,19.994666,0.006183,0.461816,20.000000
0.112600,1,"LINK_TORSO_YAW",0.086700,0.200000,0.025900,20.000000,0.000000,0.000000,20.000000,0.000000,0.000000,0.000000,0.000000,0.012160,0.000000,0.910900,19.994661,0.006211,0.462045,20.000000
0.112700,1,"LINK_TORSO_YAW",0.086700,0.200000,0.026000,20.000000,0.000000,0.000000,20.000000,0.000000,0.000000,0.000000,0.000000,0.012160,0.000000,0.910900,19.994656,0.006238,0.462270,20.000000
0.112800,1,"LINK_TORSO_YAW",0.086700,0.200000,0.026100,20.000000,0.000000,0.000000,20.000000,0.000000,0.000000,0.000000,0.000000,0.012160,0.000000,0.910900,19.994651,0.006265,0.462495,20.000000
0.112900,1,"LINK_TORSO_YAW",0.086700,0.200000,0.026200,20.000000,0.000000,0.000000,20.000000,0.000000,0.000000,0.000000,0.000000,0.012160,0.000000,0.910900,19.994646,0.006293,0.462719,20.000000
0.113000,1,"LINK_TORSO_YAW",0.086700,0.200000,0.026300,20.000000,0.000000,0.000000,20.000000,0.000000,0.000000,0.000000,0.000000,0.012160,0.000000,0.910900,19.994640,0.006320,0.462943,20.000000
0.113100,1,"LINK_TORSO_YAW",0.086700,0.200000,0.026400,20.000000,0.000000,0.000000,20.000000,0.000000,0.000000,0.000000,0.000000,0.012160,0.000000,0.910900,19.994635,0.006348,0.463166,20.000000
0.113200,1,"LINK_TORSO_YAW",0.086700,0.200000,0.026500,20.000000,0.000000,0.000000,20.000000,0.000000,0.000000,0.000000,0.000000,0.012160,0.000000,0.910900,19.994630,0.006375,0.463387,20.000000
0.113300,1,"LINK_TORSO_YAW",0.086700,0.200000,0.026600,20.000000,0.000000,0.000000,20.000000,0.000000,0.000000,0.000000,0.000000,0.012160,0.000000,0.910900,19.994625,0.006403,0.463605,20.000000
0.113400,1,"LINK_TORSO_YAW",0.086700,0.200000,0.026700,20.000000,0.000000,0.000000,20.000000,0.000000,0.000000,0.000000,0.000000,0.012160,0.000000,0.910900,19.994620,0.006431,0.463821,20.000000
0.113500,1,"LINK_TORSO_YAW",0.086700,0.200000,0.026800,20.000000,0.000000,0.000000,20.000000,0.000000,0.000000,0.000000,0.000000,0.012160,0.000000,0.910900,19.994615,0.006459,0.464033,20.000000
0.113600,1,"LINK_TORSO_YAW",0.086700,0.200000,0.026900,20.000000,0.000000,0.000000,20.000000,0.000000,0.000000,0.000000,0.000000,0.012160,0.000000,0.910900,19.994610,0.006487,0.464241,20.000000
0.113700,1,"LINK_TORSO_YAW",0.086700,0.200000,0.027000,20.000000,0.000000,0.000000,20.000000,0.000000,0.000000,0.000000,0.000000,0.012160,0.000000,0.910900,19.994605,0.006515,0.464445,20.000000
0.113800,1,"LINK_TORSO_YAW",0.086700,0.200000,0.027100,20.000000,0.000000,0.000000,20.000000,0.000000,0.000000,0.000000,0.000000,0.012160,0.000000,0.910900,19.994601,0.006543,0.464644,20.000000
0.113900,1,"LINK_TORSO_YAW",0.086700,0.200000,0.027200,20.000000,0.000000,0.000000,20.000000,0.000000,0.000000,0.000000,0.000000,0.012160,0.000000,0.910900,19.994596,0.006571,0.464843,20.000000
0.114000,1,"LINK_TORSO_YAW",0.086700,0.200000,0.027300,20.000000,0.000000,0.000000,20.000000,0.000000,0.000000,0.000000,0.000000,0.012160,0.000000,0.910900,19.994592,0.006599,0.465042,20.000000
0.114100,1,"LINK_TORSO_YAW",0.086700,0.200000,0.027400,20.000000,0.000000,0.000000,20.000000,0.000000,0.000000,0.000000,0.000000,0.012160,0.000000,0.910900,19.994587,0.006628,0.465240,20.000000
0.114200,1,"LINK_TORSO_YAW",0.086700,0.200000,0.027500,20.000000,0.000000,0.000000,20.000000,0.000000,0.000000,0.000000,0.000000,0.012160,0.000000,0.910900,19.994582,0.006656,0.465437,20.000000
0.114300,1,"LINK_TORSO_YAW",0.086700,0.200000,0.027600,20.000000,0.000000,0.000000,20.000000,0.000000,0.000000,0.000000,0.000000,0.012160,0.000000,0.910900,19.994578,0.006684,0.465633,20.000000
0.114400,1,"LINK_TORSO_YAW",0.086700,0.200000,0.027700,20.000000,0.000000,0.000000,20.000000,0.000000,0.000000,0.000000,0.000000,0.012160,0.000000,0.910900,19.994573,0.006713,0.465826,20.000000
0.114500,1,"LINK_TORSO_YAW",0.086700,0.200000,0.027800,20.000000,0.000000,0.000000,20.000000,0.000000,0.000000,0.000000,0.000000,0.012160,0.000000,0.910900,19.994569,0.006741,0.466016,20.000000
0.114600,1,"LINK_TORSO_YAW",0.086700,0.200000,0.027900,20.000000,0.000000,0.000000,20.000000,0.000000,0.000000,0.000000,0.000000,0.012160,0.000000,0.910900,19.994564,0.006770,0.466202,20.000000
0.114700,1,"LINK_TORSO_YAW",0.086700,0.200000,0.028000,20.000000,0.000000,0.000000,20.000000,0.000000,0.000000,0.000000,0.000000,0.012160,0.000000,0.910900,19.994560,0.006799,0.466385,20.000000
0.114800,1,"LINK_TORSO_YAW",0.086700,0.200000,0.028100,20.000000,0.000000,0.000000,20.000000,0.000000,0.000000,0.000000,0.000000,0.012160,0.000000,0.910900,19.994556,0.006828,0.466564,20.000000
0.114900,1,"LINK_TORSO_YAW",0.086700,0.200000,0.028200,20.000000,0.000000,0.000000,20.000000,0.000000,0.000000,0.000000,0.000000,0.012160,0.000000,0.910900,19.994552,0.006857,0.466737,20.000000
0.115000,1,"LINK_TORSO_YAW",0.086700,0.200000,0.028300,20.000000,0.000000,0.000000,20.000000,0.000000,0.000000,0.000000,0.000000,0.012160,0.000000,0.910900,19.994548,0.006886,0.466904,20.000000
0.115100,1,"LINK_TORSO_YAW",0.086700,0.200000,0.028400,20.000000,0.000000,0.000000,20.000000,0.000000,0.000000,0.000000,0.000000,0.012160,0.000000,0.910900,19.994544,0.006915,0.467073,20.000000
0.115200,1,"LINK_TORSO_YAW",0.086700,0.200000,0.028500,20.000000,0.000000,0.000000,20.000000,0.000000,0.000000,0.000000,0.000000,0.012160,0.000000,0.910900,19.994540,0.006944,0.467241,20.000000
0.115300,1,"LINK_TORSO_YAW",0.086700,0.200000,0.028600,20.000000,0.000000,0.000000,20.000000,0.000000,0.000000,0.000000,0.000000,0.012160,0.000000,0.910900,19.994536,0.006973,0.467408,20.000000
0.115400,1,"LINK_TORSO_YAW",0.086700,0.200000,0.028700,20.000000,0.000000,0.000000,20.000000,0.000000,0.000000,0.000000,0.000000,0.012160,0.000000,0.910900,19.994532,0.007002,0.467574,20.000000
0.115500,1,"LINK_TORSO_YAW",0.086700,0.200000,0.028800,20.000000,0.000000,0.000000,20.000000,0.000000,0.000000,0.000000,0.000000,0.012160,0.000000,0.910900,19.994529,0.007031,0.467738,20.000000
0.115600,1,"LINK_TORSO_YAW",0.086700,0.200000,0.028900,20.000000,0.000000,0.000000,20.000000,0.000000,0.000000,0.000000,0.000000,0.012160,0.000000,0.910900,19.994525,0.007061,0.467900,20.000000
0.115700,1,"LINK_TORSO_YAW",0.086700,0.200000,0.029000,20.000000,0.000000,0.000000,20.000000,0.000000,0.000000,0.000000,0.000000,0.012160,0.000000,0.910900,19.994521,0.007090,0.468059,20.000000
0.115800,1,"LINK_TORSO_YAW",0.086700,0.200000,0.029100,20.000000,0.000000,0.000000,20.000000,0.000000,0.000000,0.000000,0.000000,0.012160,0.000000,0.910900,19.994517,0.007119,0.468215,20.000000
0.115900,1,"LINK_TORSO_YAW",0.086700,0.200000,0.029200,20.000000,0.000000,0.000000,20.000000,0.000000,0.000000,0.000000,0.000000,0.012160,0.000000,0.910900,19.994514,0.007149,0.468367,20.000000
0.116000,1,"LINK_TORSO_YAW",0.086700,0.200000,0.029300,20.000000,0.000000,0.000000,20.000000,0.000000,0.000000,0.000000,0.000000,0.012160,0.000000,0.910900,19.994510,0.007179,0.468514,20.000000
0.116100,1,"LINK_TORSO_YAW",0.086700,0.200000,0.029400,20.000000,0.000000,0.000000,20.000000,0.000000,0.000000,0.000000,0.000000,0.012160,0.000000,0.910900,19.994507,0.007208,0.468656,20.000000
0.116200,1,"LINK_TORSO_YAW",0.086700,0.200000,0.029500,20.000000,0.000000,0.000000,20.000000,0.000000,0.000000,0.000000,0.000000,0.012160,0.000000,0.910900,19.994504,0.007238,0.468799,20.000000
0.116300,1,"LINK_TORSO_YAW",0.086700,0.200000,0.029600,20.000000,0.000000,0.000000,20.000000,0.000000,0.000000,0.000000,0.000000,0.012160,0.000000,0.910900,19.994500,0.007268,0.468942,20.000000
0.116400,1,"LINK_TORSO_YAW",0.086700,0.200000,0.029700,20.000000,0.000000,0.000000,20.000000,0.000000,0.000000,0.000000,0.000000,0.012160,0.000000,0.910900,19.994497,0.007298,0.469083,20.000000
0.116500,1,"LINK_TORSO_YAW",0.086700,0.200000,0.029800,20.000000,0.000000,0.000000,20.000000,0.000000,0.000000,0.000000,0.000000,0.012160,0.000000,0.910900,19.994494,0.007328,0.469224,20.000000
0.116600,1,"LINK_TORSO_YAW",0.086700,0.200000,0.029900,20.000000,0.000000,0.000000,20.000000,0.000000,0.000000,0.000000,0.000000,0.012160,0.000000,0.910900,19.994490,0.007358,0.469363,20.000000
0.116700,1,"LINK_TORSO_YAW",0.086700,0.200000,0.030000,20.000000,0.000000,0.000000,20.000000,0.000000,0.000000,0.000000,0.000000,0.012160,0.000000,0.910900,19.994487,0.007388,0.469500,20.000000
0.116800,1,"LINK_TORSO_YAW",0.086700,0.200000,0.030100,20.000000,0.000000,0.000000,20.000000,0.000000,0.000000,0.000000,0.000000,0.012160,0.000000,0.910900,19.994484,0.007418,0.469633,20.000000
0.116900,1,"LINK_TORSO_YAW",0.086700,0.200000,0.030200,20.000000,0.000000,0.000000,20.000000,0.000000,0.000000,0.000000,0.000000,0.012160,0.000000,0.910900,19.994481,0.007448,0.469764,20.000000
0.117000,1,"LINK_TORSO_YAW",0.086700,0.200000,0.030300,20.000000,0.000000,0.000000,20.000000,0.000000,0.000000,0.000000,0.000000,0.012160,0.000000,0.910900,19.994478,0.007478,0.469890,20.000000
0.117100,1,"LINK_TORSO_YAW",0.086700,0.200000,0.030400,20.000000,0.000000,0.000000,20.000000,0.000000,0.000000,0.000000,0.000000,0.012160,0.000000,0.910900,19.994475,0.007509,0.470012,20.000000
0.117200,1,"LINK_TORSO_YAW",0.086700,0.200000,0.030500,20.000000,0.000000,0.000000,20.000000,0.000000,0.000000,0.000000,0.000000,0.012160,0.000000,0.910900,19.994472,0.007539,0.470129,20.000000
0.117300,1,"LINK_TORSO_YAW",0.086700,0.200000,0.030600,20.000000,0.000000,0.000000,20.000000,0.000000,0.000000,0.000000,0.000000,0.012160,0.000000,0.910900,19.994470,0.007570,0.470247,20.000000
0.117400,1,"LINK_TORSO_YAW",0.086700,0.200000,0.030700,20.000000,0.000000,0.000000,20.000000,0.000000,0.000000,0.000000,0.000000,0.012160,0.000000,0.910900,19.994467,0.007600,0.470364,20.000000
0.117500,1,"LINK_TORSO_YAW",0.086700,0.200000,0.030800,20.000000,0.000000,0.000000,20.000000,0.000000,0.000000,0.000000,0.000000,0.012160,0.000000,0.910900,19.994464,0.007631,0.470481,20.000000
0.117600,1,"LINK_TORSO_YAW",0.086700,0.200000,0.030900,20.000000,0.000000,0.000000,20.000000,0.000000,0.000000,0.000000,0.000000,0.012160,0.000000,0.910900,19.994461,0.007661,0.470596,20.000000
0.117700,1,"LINK_TORSO_YAW",0.086700,0.200000,0.031000,20.000000,0.000000,0.000000,20.000000,0.000000,0.000000,0.000000,0.000000,0.012160,0.000000,0.910900,19.994459,0.007692,0.470710,20.000000
0.117800,1,"LINK_TORSO_YAW",0.086700,0.200000,0.031100,20.000000,0.000000,0.000000,20.000000,0.000000,0.000000,0.000000,0.000000,0.012160,0.000000,0.910900,19.994456,0.007722,0.470821,20.000000
0.117900,1,"LINK_TORSO_YAW",0.086700,0.200000,0.031200,20.000000,0.000000,0.000000,20.000000,0.000000,0.000000,0.000000,0.000000,0.012160,0.000000,0.910900,19.994453,0.007753,0.470930,20.000000
0.118000,1,"LINK_TORSO_YAW",0.086700,0.200000,0.031300,20.000000,0.000000,0.000000,20.000000,0.000000,0.000000,0.000000,0.000000,0.012160,0.000000,0.910900,19.994451,0.007784,0.471035,20.000000
0.118100,1,"LINK_TORSO_YAW",0.086700,0.200000,0.031400,20.000000,0.000000,0.000000,20.000000,0.000000,0.000000,0.000000,0.000000,0.012160,0.000000,0.910900,19.994448,0.007815,0.471136,20.000000
0.118200,1,"LINK_TORSO_YAW",0.086700,0.200000,0.031500,20.000000,0.000000,0.000000,20.000000,0.000000,0.000000,0.000000,0.000000,0.012160,0.000000,0.910900,19.994446,0.007846,0.471233,20.000000
0.118300,1,"LINK_TORSO_YAW",0.086700,0.200000,0.031600,20.000000,0.000000,0.000000,20.000000,0.000000,0.000000,0.000000,0.000000,0.012160,0.000000,0.910900,19.994444,0.007877,0.471330,20.000000
0.118400,1,"LINK_TORSO_YAW",0.086700,0.200000,0.031700,20.000000,0.000000,0.000000,20.000000,0.000000,0.000000,0.000000,0.000000,0.012160,0.000000,0.910900,19.994442,0.007908,0.471427,20.000000
0.118500,1,"LINK_TORSO_YAW",0.086700,0.200000,0.031800,20.000000,0.000000,0.000000,20.000000,0.000000,0.000000,0.000000,0.000000,0.012160,0.000000,0.910900,19.994439,0.007939,0.471523,20.000000
0.118600,1,"LINK_TORSO_YAW",0.086700,0.200000,0.031900,20.000000,0.000000,0.000000,20.000000,0.000000,0.000000,0.000000,0.000000,0.012160,0.000000,0.910900,19.994437,0.007970,0.471619,20.000000
0.118700,1,"LINK_TORSO_YAW",0.086700,0.200000,0.032000,20.000000,0.000000,0.000000,20.000000,0.000000,0.000000,0.000000,0.000000,0.012160,0.000000,0.910900,19.994435,0.008001,0.471712,20.000000
0.118800,1,"LINK_TORSO_YAW",0.086700,0.200000,0.032100,20.000000,0.000000,0.000000,20.000000,0.000000,0.000000,0.000000,0.000000,0.012160,0.000000,0.910900,19.994433,0.008033,0.471803,20.000000
0.118900,1,"LINK_TORSO_YAW",0.086700,0.200000,0.032200,20.000000,0.000000,0.000000,20.000000,0.000000,0.000000,0.000000,0.000000,0.012160,0.000000,0.910900,19.994431,0.008064,0.471892,20.000000
0.119000,1,"LINK_TORSO_YAW",0.086700,0.200000,0.032300,20.000000,0.000000,0.000000,20.000000,0.000000,0.000000,0.000000,0.000000,0.012160,0.000000,0.910900,19.994429,0.008095,0.471977,20.000000
0.119100,1,"LINK_TORSO_YAW",0.086700,0.200000,0.032400,20.000000,0.000000,0.000000,20.000000,0.000000,0.000000,0.000000,0.000000,0.012160,0.000000,0.910900,19.994427,0.008127,0.472058,20.000000
0.119200,1,"LINK_TORSO_YAW",0.086700,0.200000,0.032500,20.000000,0.000000,0.000000,20.000000,0.000000,0.000000,0.000000,0.000000,0.012160,0.000000,0.910900,19.994425,0.008158,0.472134,20.000000
0.119300,1,"LINK_TORSO_YAW",0.086700,0.200000,0.032600,20.000000,0.000000,0.000000,20.000000,0.000000,0.000000,0.000000,0.000000,0.012160,0.000000,0.910900,19.994423,0.008190,0.472206,20.000000
0.119400,1,"LINK_TORSO_YAW",0.086700,0.200000,0.032700,20.000000,0.000000,0.000000,20.000000,0.000000,0.000000,0.000000,0.000000,0.012160,0.000000,0.910900,19.994422,0.008222,0.472272,20.000000
0.119500,1,"LINK_TORSO_YAW",0.086700,0.200000,0.032800,20.000000,0.000000,0.000000,20.000000,0.000000,0.000000,0.000000,0.000000,0.012160,0.000000,0.910900,19.994420,0.008253,0.472339,20.000000
0.119600,1,"LINK_TORSO_YAW",0.086700,0.200000,0.032900,20.000000,0.000000,0.000000,20.000000,0.000000,0.000000,0.000000,0.000000,0.012160,0.000000,0.910900,19.994418,0.008285,0.472405,20.000000
0.119700,1,"LINK_TORSO_YAW",0.086700,0.200000,0.033000,20.000000,0.000000,0.000000,20.000000,0.000000,0.000000,0.000000,0.000000,0.012160,0.000000,0.910900,19.994417,0.008317,0.472471,20.000000
0.119800,1,"LINK_TORSO_YAW",0.086700,0.200000,0.033100,20.000000,0.000000,0.000000,20.000000,0.000000,0.000000,0.000000,0.000000,0.012160,0.000000,0.910900,19.994415,0.008348,0.472536,20.000000
0.119900,1,"LINK_TORSO_YAW",0.086700,0.200000,0.033200,20.000000,0.000000,0.000000,20.000000,0.000000,0.000000,0.000000,0.000000,0.012160,0.000000,0.910900,19.994414,0.008380,0.472599,20.000000
0.120000,1,"LINK_TORSO_YAW",0.086700,0.200000,0.033300,20.000000,0.000000,0.000000,20.000000,0.000000,0.000000,0.000000,0.000000,0.012160,0.000000,0.910900,19.994412,0.008412,0.472659,20.000000
0.120100,1,"LINK_TORSO_YAW",0.086700,0.200000,0.033400,20.000000,0.000000,0.000000,20.000000,0.000000,0.000000,0.000000,0.000000,0.012160,0.000000,0.910900,19.994411,0.008444,0.472717,20.000000
0.120200,1,"LINK_TORSO_YAW",0.086700,0.200000,0.033500,20.000000,0.000000,0.000000,20.000000,0.000000,0.000000,0.000000,0.000000,0.012160,0.000000,0.910900,19.994410,0.008476,0.472771,20.000000
0.120300,1,"LINK_TORSO_YAW",0.086700,0.200000,0.033600,20.000000,0.000000,0.000000,20.000000,0.000000,0.000000,0.000000,0.000000,0.012160,0.000000,0.910900,19.994408,0.008508,0.472822,20.000000
0.120400,1,"LINK_TORSO_YAW",0.086700,0.200000,0.033700,20.000000,0.000000,0.000000,20.000000,0.000000,0.000000,0.000000,0.000000,0.012160,0.000000,0.910900,19.994407,0.008540,0.472868,20.000000
0.120500,1,"LINK_TORSO_YAW",0.086700,0.200000,0.033800,20.000000,0.000000,0.000000,20.000000,0.000000,0.000000,0.000000,0.000000,0.012160,0.000000,0.910900,19.994406,0.008572,0.472914,20.000000
0.120600,1,"LINK_TORSO_YAW",0.086700,0.200000,0.033900,20.000000,0.000000,0.000000,20.000000,0.000000,0.000000,0.000000,0.000000,0.012160,0.000000,0.910900,19.994405,0.008605,0.472961,20.000000
0.120700,1,"LINK_TORSO_YAW",0.086700,0.200000,0.034000,20.000000,0.000000,0.000000,20.000000,0.000000,0.000000,0.000000,0.000000,0.012160,0.000000,0.910900,19.994404,0.008637,0.473007,20.000000
0.120800,1,"LINK_TORSO_YAW",0.086700,0.200000,0.034100,20.000000,0.000000,0.000000,20.000000,0.000000,0.000000,0.000000,0.000000,0.012160,0.000000,0.910900,19.994403,0.008669,0.473051,20.000000
0.120900,1,"LINK_TORSO_YAW",0.086700,0.200000,0.034200,20.000000,0.000000,0.000000,20.000000,0.000000,0.000000,0.000000,0.000000,0.012160,0.000000,0.910900,19.994402,0.008701,0.473094,20.000000
0.121000,1,"LINK_TORSO_YAW",0.086700,0.200000,0.034300,20.000000,0.000000,0.000000,20.000000,0.000000,0.000000,0.000000,0.000000,0.012160,0.000000,0.910900,19.994401,0.008734,0.473135,20.000000
0.121100,1,"LINK_TORSO_YAW",0.086700,0.200000,0.034400,20.000000,0.000000,0.000000,20.000000,0.000000,0.000000,0.000000,0.000000,0.012160,0.000000,0.910900,19.994400,0.008766,0.473172,20.000000
0.121200,1,"LINK_TORSO_YAW",0.086700,0.200000,0.034500,20.000000,0.000000,0.000000,20.000000,0.000000,0.000000,0.000000,0.000000,0.012160,0.000000,0.910900,19.994399,0.008799,0.473207,20.000000
0.121300,1,"LINK_TORSO_YAW",0.086700,0.200000,0.034600,20.000000,0.000000,0.000000,20.000000,0.000000,0.000000,0.000000,0.000000,0.012160,0.000000,0.910900,19.994398,0.008831,0.473237,20.000000
0.121400,1,"LINK_TORSO_YAW",0.086700,0.200000,0.034700,20.000000,0.000000,0.000000,20.000000,0.000000,0.000000,0.000000,0.000000,0.012160,0.000000,0.910900,19.994398,0.008864,0.473264,20.000000
0.121500,1,"LINK_TORSO_YAW",0.086700,0.200000,0.034800,20.000000,0.000000,0.000000,20.000000,0.000000,0.000000,0.000000,0.000000,0.012160,0.000000,0.910900,19.994397,0.008897,0.473285,20.000000
0.121600,1,"LINK_TORSO_YAW",0.086700,0.200000,0.034900,20.000000,0.000000,0.000000,20.000000,0.000000,0.000000,0.000000,0.000000,0.012160,0.000000,0.910900,19.994397,0.008929,0.473306,20.000000
0.121700,1,"LINK_TORSO_YAW",0.086700,0.200000,0.035000,20.000000,0.000000,0.000000,20.000000,0.000000,0.000000,0.000000,0.000000,0.012160,0.000000,0.910900,19.994396,0.008962,0.473328,20.000000
0.121800,1,"LINK_TORSO_YAW",0.086700,0.200000,0.035100,20.000000,0.000000,0.000000,20.000000,0.000000,0.000000,0.000000,0.000000,0.012160,0.000000,0.910900,19.994396,0.008995,0.473349,20.000000
0.121900,1,"LINK_TORSO_YAW",0.086700,0.200000,0.035200,20.000000,0.000000,0.000000,20.000000,0.000000,0.000000,0.000000,0.000000,0.012160,0.000000,0.910900,19.994395,0.009027,0.473368,20.000000
0.122000,1,"LINK_TORSO_YAW",0.086700,0.200000,0.035300,20.000000,0.000000,0.000000,20.000000,0.000000,0.000000,0.000000,0.000000,0.012160,0.000000,0.910900,19.994395,0.009060,0.473386,20.000000
0.122100,1,"LINK_TORSO_YAW",0.086700,0.200000,0.035400,20.000000,0.000000,0.000000,20.000000,0.000000,0.000000,0.000000,0.000000,0.012160,0.000000,0.910900,19.994394,0.009093,0.473402,20.000000
0.122200,1,"LINK_TORSO_YAW",0.086700,0.200000,0.035500,20.000000,0.000000,0.000000,20.000000,0.000000,0.000000,0.000000,0.000000,0.012160,0.000000,0.910900,19.994394,0.009126,0.473415,20.000000
0.122300,1,"LINK_TORSO_YAW",0.086700,0.200000,0.035600,20.000000,0.000000,0.000000,20.000000,0.000000,0.000000,0.000000,0.000000,0.012160,0.000000,0.910900,19.994394,0.009159,0.473424,20.000000
0.122400,1,"LINK_TORSO_YAW",0.086700,0.200000,0.035700,20.000000,0.000000,0.000000,20.000000,0.000000,0.000000,0.000000,0.000000,0.012160,0.000000,0.910900,19.994394,0.009192,0.473430,20.000000
0.122500,1,"LINK_TORSO_YAW",0.086700,0.200000,0.035800,20.000000,0.000000,0.000000,20.000000,0.000000,0.000000,0.000000,0.000000,0.012160,0.000000,0.910900,19.994394,0.009225,0.473431,20.000000
0.122600,1,"LINK_TORSO_YAW",0.086700,0.200000,0.035900,20.000000,0.000000,0.000000,20.000000,0.000000,0.000000,0.000000,0.000000,0.012160,0.000000,0.910900,19.994394,0.009258,0.473428,20.000000
0.122700,1,"LINK_TORSO_YAW",0.086700,0.200000,0.036000,20.000000,0.000000,0.000000,20.000000,0.000000,0.000000,0.000000,0.000000,0.012160,0.000000,0.910900,19.994394,0.009291,0.473424,20.000000
0.122800,1,"LINK_TORSO_YAW",0.086700,0.200000,0.036100,20.000000,0.000000,0.000000,20.000000,0.000000,0.000000,0.000000,0.000000,0.012160,0.000000,0.910900,19.994394,0.009324,0.473421,20.000000
0.122900,1,"LINK_TORSO_YAW",0.086700,0.200000,0.036200,20.000000,0.000000,0.000000,20.000000,0.000000,0.000000,0.000000,0.000000,0.012160,0.000000,0.910900,19.994394,0.009357,0.473417,20.000000
0.123000,1,"LINK_TORSO_YAW",0.086700,0.200000,0.036300,20.000000,0.000000,0.000000,20.000000,0.000000,0.000000,0.000000,0.000000,0.012160,0.000000,0.910900,19.994394,0.009390,0.473412,20.000000
0.123100,1,"LINK_TORSO_YAW",0.086700,0.200000,0.036400,20.000000,0.000000,0.000000,20.000000,0.000000,0.000000,0.000000,0.000000,0.012160,0.000000,0.910900,19.994394,0.009424,0.473405,20.000000
0.123200,1,"LINK_TORSO_YAW",0.086700,0.200000,0.036500,20.000000,0.000000,0.000000,20.000000,0.000000,0.000000,0.000000,0.000000,0.012160,0.000000,0.910900,19.994394,0.009457,0.473396,20.000000
0.123300,1,"LINK_TORSO_YAW",0.086700,0.200000,0.036600,20.000000,0.000000,0.000000,20.000000,0.000000,0.000000,0.000000,0.000000,0.012160,0.000000,0.910900,19.994395,0.009490,0.473384,20.000000
0.123400,1,"LINK_TORSO_YAW",0.086700,0.200000,0.036700,20.000000,0.000000,0.000000,20.000000,0.000000,0.000000,0.000000,0.000000,0.012160,0.000000,0.910900,19.994395,0.009524,0.473369,20.000000
0.123500,1,"LINK_TORSO_YAW",0.086700,0.200000,0.036800,20.000000,0.000000,0.000000,20.000000,0.000000,0.000000,0.000000,0.000000,0.012160,0.000000,0.910900,19.994395,0.009557,0.473350,20.000000
0.123600,1,"LINK_TORSO_YAW",0.086700,0.200000,0.036900,20.000000,0.000000,0.000000,20.000000,0.000000,0.000000,0.000000,0.000000,0.012160,0.000000,0.910900,19.994396,0.009591,0.473326,20.000000
0.123700,1,"LINK_TORSO_YAW",0.086700,0.200000,0.037000,20.000000,0.000000,0.000000,20.000000,0.000000,0.000000,0.000000,0.000000,0.012160,0.000000,0.910900,19.994397,0.009624,0.473298,20.000000
0.123800,1,"LINK_TORSO_YAW",0.086700,0.200000,0.037100,20.000000,0.000000,0.000000,20.000000,0.000000,0.000000,0.000000,0.000000,0.012160,0.000000,0.910900,19.994397,0.009658,0.473269,20.000000
0.123900,1,"LINK_TORSO_YAW",0.086700,0.200000,0.037200,20.000000,0.000000,0.000000,20.000000,0.000000,0.000000,0.000000,0.000000,0.012160,0.000000,0.910900,19.994398,0.009691,0.473241,20.000000
0.124000,1,"LINK_TORSO_YAW",0.086700,0.200000,0.037300,20.000000,0.000000,0.000000,20.000000,0.000000,0.000000,0.000000,0.000000,0.012160,0.000000,0.910900,19.994399,0.009724,0.473213,20.000000
0.124100,1,"LINK_TORSO_YAW",0.086700,0.200000,0.037400,20.000000,0.000000,0.000000,20.000000,0.000000,0.000000,0.000000,0.000000,0.012160,0.000000,0.910900,19.994399,0.009758,0.473183,20.000000
0.124200,1,"LINK_TORSO_YAW",0.086700,0.200000,0.037500,20.000000,0.000000,0.000000,20.000000,0.000000,0.000000,0.000000,0.000000,0.012160,0.000000,0.910900,19.994400,0.009792,0.473151,20.000000
0.124300,1,"LINK_TORSO_YAW",0.086700,0.200000,0.037600,20.000000,0.000000,0.000000,20.000000,0.000000,0.000000,0.000000,0.000000,0.012160,0.000000,0.910900,19.994401,0.009825,0.473117,20.000000
0.124400,1,"LINK_TORSO_YAW",0.086700,0.200000,0.037700,20.000000,0.000000,0.000000,20.000000,0.000000,0.000000,0.000000,0.000000,0.012160,0.000000,0.910900,19.994402,0.009859,0.473081,20.000000
0.124500,1,"LINK_TORSO_YAW",0.086700,0.200000,0.037800,20.000000,0.000000,0.000000,20.000000,0.000000,0.000000,0.000000,0.000000,0.012160,0.000000,0.910900,19.994403,0.009893,0.473041,20.000000
0.124600,1,"LINK_TORSO_YAW",0.086700,0.200000,0.037900,20.000000,0.000000,0.000000,20.000000,0.000000,0.000000,0.000000,0.000000,0.012160,0.000000,0.910900,19.994404,0.009926,0.472997,20.000000
0.124700,1,"LINK_TORSO_YAW",0.086700,0.200000,0.038000,20.000000,0.000000,0.000000,20.000000,0.000000,0.000000,0.000000,0.000000,0.012160,0.000000,0.910900,19.994405,0.009960,0.472949,20.000000
0.124800,1,"LINK_TORSO_YAW",0.086700,0.200000,0.038100,20.000000,0.000000,0.000000,20.000000,0.000000,0.000000,0.000000,0.000000,0.012160,0.000000,0.910900,19.994406,0.009994,0.472896,20.000000
0.124900,1,"LINK_TORSO_YAW",0.086700,0.200000,0.038200,20.000000,0.000000,0.000000,20.000000,0.000000,0.000000,0.000000,0.000000,0.012160,0.000000,0.910900,19.994407,0.010028,0.472843,20.000000
0.125000,1,"LINK_TORSO_YAW",0.086700,0.200000,0.038300,20.000000,0.000000,0.000000,20.000000,0.000000,0.000000,0.000000,0.000000,0.012160,0.000000,0.910900,19.994408,0.010062,0.472790,20.000000
0.125100,1,"LINK_TORSO_YAW",0.086700,0.200000,0.038400,20.000000,0.000000,0.000000,20.000000,0.000000,0.000000,0.000000,0.000000,0.012160,0.000000,0.910900,19.994410,0.010095,0.472737,20.000000
0.125200,1,"LINK_TORSO_YAW",0.086700,0.200000,0.038500,20.000000,0.000000,0.000000,20.000000,0.000000,0.000000,0.000000,0.000000,0.012160,0.000000,0.910900,19.994411,0.010129,0.472682,20.000000
0.125300,1,"LINK_TORSO_YAW",0.086700,0.200000,0.038600,20.000000,0.000000,0.000000,20.000000,0.000000,0.000000,0.000000,0.000000,0.012160,0.000000,0.910900,19.994412,0.010163,0.472626,20.000000
0.125400,1,"LINK_TORSO_YAW",0.086700,0.200000,0.038700,20.000000,0.000000,0.000000,20.000000,0.000000,0.000000,0.000000,0.000000,0.012160,0.000000,0.910900,19.994414,0.010197,0.472567,20.000000
0.125500,1,"LINK_TORSO_YAW",0.086700,0.200000,0.038800,20.000000,0.000000,0.000000,20.000000,0.000000,0.000000,0.000000,0.000000,0.012160,0.000000,0.910900,19.994415,0.010231,0.472506,20.000000
0.125600,1,"LINK_TORSO_YAW",0.086700,0.200000,0.038900,20.000000,0.000000,0.000000,20.000000,0.000000,0.000000,0.000000,0.000000,0.012160,0.000000,0.910900,19.994417,0.010265,0.472442,20.000000
0.125700,1,"LINK_TORSO_YAW",0.086700,0.200000,0.039000,20.000000,0.000000,0.000000,20.000000,0.000000,0.000000,0.000000,0.000000,0.012160,0.000000,0.910900,19.994418,0.010299,0.472373,20.000000
0.125800,1,"LINK_TORSO_YAW",0.086700,0.200000,0.039100,20.000000,0.000000,0.000000,20.000000,0.000000,0.000000,0.000000,0.000000,0.012160,0.000000,0.910900,19.994420,0.010333,0.472300,20.000000
0.125900,1,"LINK_TORSO_YAW",0.086700,0.200000,0.039200,20.000000,0.000000,0.000000,20.000000,0.000000,0.000000,0.000000,0.000000,0.012160,0.000000,0.910900,19.994422,0.010367,0.472223,20.000000
0.126000,1,"LINK_TORSO_YAW",0.086700,0.200000,0.039300,20.000000,0.000000,0.000000,20.000000,0.000000,0.000000,0.000000,0.000000,0.012160,0.000000,0.910900,19.994423,0.010401,0.472145,20.000000
0.126100,1,"LINK_TORSO_YAW",0.086700,0.200000,0.039400,20.000000,0.000000,0.000000,20.000000,0.000000,0.000000,0.000000,0.000000,0.012160,0.000000,0.910900,19.994425,0.010435,0.472068,20.000000
0.126200,1,"LINK_TORSO_YAW",0.086700,0.200000,0.039500,20.000000,0.000000,0.000000,20.000000,0.000000,0.000000,0.000000,0.000000,0.012160,0.000000,0.910900,19.994427,0.010469,0.471990,20.000000
0.126300,1,"LINK_TORSO_YAW",0.086700,0.200000,0.039600,20.000000,0.000000,0.000000,20.000000,0.000000,0.000000,0.000000,0.000000,0.012160,0.000000,0.910900,19.994429,0.010503,0.471911,20.000000
0.126400,1,"LINK_TORSO_YAW",0.086700,0.200000,0.039700,20.000000,0.000000,0.000000,20.000000,0.000000,0.000000,0.000000,0.000000,0.012160,0.000000,0.910900,19.994431,0.010537,0.471830,20.000000
0.126500,1,"LINK_TORSO_YAW",0.086700,0.200000,0.039800,20.000000,0.000000,0.000000,20.000000,0.000000,0.000000,0.000000,0.000000,0.012160,0.000000,0.910900,19.994433,0.010572,0.471747,20.000000
0.126600,1,"LINK_TORSO_YAW",0.086700,0.200000,0.039900,20.000000,0.000000,0.000000,20.000000,0.000000,0.000000,0.000000,0.000000,0.012160,0.000000,0.910900,19.994435,0.010606,0.471661,20.000000
0.126700,1,"LINK_TORSO_YAW",0.086700,0.200000,0.040000,20.000000,0.000000,0.000000,20.000000,0.000000,0.000000,0.000000,0.000000,0.012160,0.000000,0.910900,19.994437,0.010640,0.471572,20.000000
0.126800,1,"LINK_TORSO_YAW",0.086700,0.200000,0.040100,20.000000,0.000000,0.000000,20.000000,0.000000,0.000000,0.000000,0.000000,0.012160,0.000000,0.910900,19.994439,0.010674,0.471479,20.000000
0.126900,1,"LINK_TORSO_YAW",0.086700,0.200000,0.040200,20.000000,0.000000,0.000000,20.000000,0.000000,0.000000,0.000000,0.000000,0.012160,0.000000,0.910900,19.994441,0.010709,0.471382,20.000000
0.127000,1,"LINK_TORSO_YAW",0.086700,0.200000,0.040300,20.000000,0.000000,0.000000,20.000000,0.000000,0.000000,0.000000,0.000000,0.012160,0.000000,0.910900,19.994444,0.010743,0.471279,20.000000
0.127100,1,"LINK_TORSO_YAW",0.086700,0.200000,0.040400,20.000000,0.000000,0.000000,20.000000,0.000000,0.000000,0.000000,0.000000,0.012160,0.000000,0.910900,19.994446,0.010777,0.471178,20.000000
0.127200,1,"LINK_TORSO_YAW",0.086700,0.200000,0.040500,20.000000,0.000000,0.000000,20.000000,0.000000,0.000000,0.000000,0.000000,0.012160,0.000000,0.910900,19.994448,0.010811,0.471076,20.000000
0.127300,1,"LINK_TORSO_YAW",0.086700,0.200000,0.040600,20.000000,0.000000,0.000000,20.000000,0.000000,0.000000,0.000000,0.000000,0.012160,0.000000,0.910900,19.994451,0.010845,0.470973,20.000000
0.127400,1,"LINK_TORSO_YAW",0.086700,0.200000,0.040700,20.000000,0.000000,0.000000,20.000000,0.000000,0.000000,0.000000,0.000000,0.012160,0.000000,0.910900,19.994453,0.010880,0.470870,20.000000
0.127500,1,"LINK_TORSO_YAW",0.086700,0.200000,0.040800,20.000000,0.000000,0.000000,20.000000,0.000000,0.000000,0.000000,0.000000,0.012160,0.000000,0.910900,19.994456,0.010914,0.470764,20.000000
0.127600,1,"LINK_TORSO_YAW",0.086700,0.200000,0.040900,20.000000,0.000000,0.000000,20.000000,0.000000,0.000000,0.000000,0.000000,0.012160,0.000000,0.910900,19.994458,0.010948,0.470657,20.000000
0.127700,1,"LINK_TORSO_YAW",0.086700,0.200000,0.041000,20.000000,0.000000,0.000000,20.000000,0.000000,0.000000,0.000000,0.000000,0.012160,0.000000,0.910900,19.994461,0.010983,0.470547,20.000000
0.127800,1,"LINK_TORSO_YAW",0.086700,0.200000,0.041100,20.000000,0.000000,0.000000,20.000000,0.000000,0.000000,0.000000,0.000000,0.012160,0.000000,0.910900,19.994464,0.011017,0.470433,20.000000
0.127900,1,"LINK_TORSO_YAW",0.086700,0.200000,0.041200,20.000000,0.000000,0.000000,20.000000,0.000000,0.000000,0.000000,0.000000,0.012160,0.000000,0.910900,19.994466,0.011051,0.470316,20.000000
0.128000,1,"LINK_TORSO_YAW",0.086700,0.200000,0.041300,20.000000,0.000000,0.000000,20.000000,0.000000,0.000000,0.000000,0.000000,0.012160,0.000000,0.910900,19.994469,0.011086,0.470194,20.000000
0.128100,1,"LINK_TORSO_YAW",0.086700,0.200000,0.041400,20.000000,0.000000,0.000000,20.000000,0.000000,0.000000,0.000000,0.000000,0.012160,0.000000,0.910900,19.994472,0.011120,0.470067,20.000000
0.128200,1,"LINK_TORSO_YAW",0.086700,0.200000,0.041500,20.000000,0.000000,0.000000,20.000000,0.000000,0.000000,0.000000,0.000000,0.012160,0.000000,0.910900,19.994475,0.011154,0.469941,20.000000
0.128300,1,"LINK_TORSO_YAW",0.086700,0.200000,0.041600,20.000000,0.000000,0.000000,20.000000,0.000000,0.000000,0.000000,0.000000,0.012160,0.000000,0.910900,19.994478,0.011189,0.469815,20.000000
0.128400,1,"LINK_TORSO_YAW",0.086700,0.200000,0.041700,20.000000,0.000000,0.000000,20.000000,0.000000,0.000000,0.000000,0.000000,0.012160,0.000000,0.910900,19.994481,0.011223,0.469688,20.000000
0.128500,1,"LINK_TORSO_YAW",0.086700,0.200000,0.041800,20.000000,0.000000,0.000000,20.000000,0.000000,0.000000,0.000000,0.000000,0.012160,0.000000,0.910900,19.994484,0.011257,0.469560,20.000000
0.128600,1,"LINK_TORSO_YAW",0.086700,0.200000,0.041900,20.000000,0.000000,0.000000,20.000000,0.000000,0.000000,0.000000,0.000000,0.012160,0.000000,0.910900,19.994487,0.011292,0.469430,20.000000
0.128700,1,"LINK_TORSO_YAW",0.086700,0.200000,0.042000,20.000000,0.000000,0.000000,20.000000,0.000000,0.000000,0.000000,0.000000,0.012160,0.000000,0.910900,19.994490,0.011326,0.469298,20.000000
0.128800,1,"LINK_TORSO_YAW",0.086700,0.200000,0.042100,20.000000,0.000000,0.000000,20.000000,0.000000,0.000000,0.000000,0.000000,0.012160,0.000000,0.910900,19.994493,0.011361,0.469163,20.000000
0.128900,1,"LINK_TORSO_YAW",0.086700,0.200000,0.042200,20.000000,0.000000,0.000000,20.000000,0.000000,0.000000,0.000000,0.000000,0.012160,0.000000,0.910900,19.994496,0.011395,0.469025,20.000000
0.129000,1,"LINK_TORSO_YAW",0.086700,0.200000,0.042300,20.000000,0.000000,0.000000,20.000000,0.000000,0.000000,0.000000,0.000000,0.012160,0.000000,0.910900,19.994500,0.011429,0.468884,20.000000
0.129100,1,"LINK_TORSO_YAW",0.086700,0.200000,0.042400,20.000000,0.000000,0.000000,20.000000,0.000000,0.000000,0.000000,0.000000,0.012160,0.000000,0.910900,19.994503,0.011464,0.468738,20.000000
0.129200,1,"LINK_TORSO_YAW",0.086700,0.200000,0.042500,20.000000,0.000000,0.000000,20.000000,0.000000,0.000000,0.000000,0.000000,0.012160,0.000000,0.910900,19.994507,0.011498,0.468587,20.000000
0.129300,1,"LINK_TORSO_YAW",0.086700,0.200000,0.042600,20.000000,0.000000,0.000000,20.000000,0.000000,0.000000,0.000000,0.000000,0.012160,0.000000,0.910900,19.994510,0.011533,0.468436,20.000000
0.129400,1,"LINK_TORSO_YAW",0.086700,0.200000,0.042700,20.000000,0.000000,0.000000,20.000000,0.000000,0.000000,0.000000,0.000000,0.012160,0.000000,0.910900,19.994514,0.011567,0.468285,20.000000
0.129500,1,"LINK_TORSO_YAW",0.086700,0.200000,0.042800,20.000000,0.000000,0.000000,20.000000,0.000000,0.000000,0.000000,0.000000,0.012160,0.000000,0.910900,19.994517,0.011601,0.468134,20.000000
0.129600,1,"LINK_TORSO_YAW",0.086700,0.200000,0.042900,20.000000,0.000000,0.000000,20.000000,0.000000,0.000000,0.000000,0.000000,0.012160,0.000000,0.910900,19.994521,0.011636,0.467982,20.000000
0.129700,1,"LINK_TORSO_YAW",0.086700,0.200000,0.043000,20.000000,0.000000,0.000000,20.000000,0.000000,0.000000,0.000000,0.000000,0.012160,0.000000,0.910900,19.994524,0.011670,0.467828,20.000000
0.129800,1,"LINK_TORSO_YAW",0.086700,0.200000,0.043100,20.000000,0.000000,0.000000,20.000000,0.000000,0.000000,0.000000,0.000000,0.012160,0.000000,0.910900,19.994528,0.011704,0.467672,20.000000
0.129900,1,"LINK_TORSO_YAW",0.086700,0.200000,0.043200,20.000000,0.000000,0.000000,20.000000,0.000000,0.000000,0.000000,0.000000,0.012160,0.000000,0.910900,19.994532,0.011739,0.467513,20.000000
0.130000,1,"LINK_TORSO_YAW",0.086700,0.200000,0.043300,20.000000,0.000000,0.000000,20.000000,0.000000,0.000000,0.000000,0.000000,0.012160,0.000000,0.910900,19.994535,0.011773,0.467350,20.000000
0.130100,1,"LINK_TORSO_YAW",0.086700,0.200000,0.043400,20.000000,0.000000,0.000000,20.000000,0.000000,0.000000,0.000000,0.000000,0.012160,0.000000,0.910900,19.994539,0.011808,0.467184,20.000000
0.130200,1,"LINK_TORSO_YAW",0.086700,0.200000,0.043500,20.000000,0.000000,0.000000,20.000000,0.000000,0.000000,0.000000,0.000000,0.012160,0.000000,0.910900,19.994543,0.011842,0.467014,20.000000
0.130300,1,"LINK_TORSO_YAW",0.086700,0.200000,0.043600,20.000000,0.000000,0.000000,20.000000,0.000000,0.000000,0.000000,0.000000,0.012160,0.000000,0.910900,19.994547,0.011876,0.466838,20.000000
0.130400,1,"LINK_TORSO_YAW",0.086700,0.200000,0.043700,20.000000,0.000000,0.000000,20.000000,0.000000,0.000000,0.000000,0.000000,0.012160,0.000000,0.910900,19.994551,0.011911,0.466664,20.000000
0.130500,1,"LINK_TORSO_YAW",0.086700,0.200000,0.043800,20.000000,0.000000,0.000000,20.000000,0.000000,0.000000,0.000000,0.000000,0.012160,0.000000,0.910900,19.994555,0.011945,0.466489,20.000000
0.130600,1,"LINK_TORSO_YAW",0.086700,0.200000,0.043900,20.000000,0.000000,0.000000,20.000000,0.000000,0.000000,0.000000,0.000000,0.012160,0.000000,0.910900,19.994559,0.011979,0.466313,20.000000
0.130700,1,"LINK_TORSO_YAW",0.086700,0.200000,0.044000,20.000000,0.000000,0.000000,20.000000,0.000000,0.000000,0.000000,0.000000,0.012160,0.000000,0.910900,19.994564,0.012014,0.466137,20.000000
0.130800,1,"LINK_TORSO_YAW",0.086700,0.200000,0.044100,20.000000,0.000000,0.000000,20.000000,0.000000,0.000000,0.000000,0.000000,0.012160,0.000000,0.910900,19.994568,0.012048,0.465958,20.000000
0.130900,1,"LINK_TORSO_YAW",0.086700,0.200000,0.044200,20.000000,0.000000,0.000000,20.000000,0.000000,0.000000,0.000000,0.000000,0.012160,0.000000,0.910900,19.994572,0.012082,0.465778,20.000000
0.131000,1,"LINK_TORSO_YAW",0.086700,0.200000,0.044300,20.000000,0.000000,0.000000,20.000000,0.000000,0.000000,0.000000,0.000000,0.012160,0.000000,0.910900,19.994576,0.012117,0.465595,20.000000
0.131100,1,"LINK_TORSO_YAW",0.086700,0.200000,0.044400,20.000000,0.000000,0.000000,20.000000,0.000000,0.000000,0.000000,0.000000,0.012160,0.000000,0.910900,19.994580,0.012151,0.465408,20.000000
0.131200,1,"LINK_TORSO_YAW",0.086700,0.200000,0.044500,20.000000,0.000000,0.000000,20.000000,0.000000,0.000000,0.000000,0.000000,0.012160,0.000000,0.910900,19.994585,0.012186,0.465218,20.000000
0.131300,1,"LINK_TORSO_YAW",0.086700,0.200000,0.044600,20.000000,0.000000,0.000000,20.000000,0.000000,0.000000,0.000000,0.000000,0.012160,0.000000,0.910900,19.994589,0.012220,0.465023,20.000000
0.131400,1,"LINK_TORSO_YAW",0.086700,0.200000,0.044700,20.000000,0.000000,0.000000,20.000000,0.000000,0.000000,0.000000,0.000000,0.012160,0.000000,0.910900,19.994594,0.012254,0.464824,20.000000
0.131500,1,"LINK_TORSO_YAW",0.086700,0.200000,0.044800,20.000000,0.000000,0.000000,20.000000,0.000000,0.000000,0.000000,0.000000,0.012160,0.000000,0.910900,19.994599,0.012288,0.464625,20.000000
0.131600,1,"LINK_TORSO_YAW",0.086700,0.200000,0.044900,20.000000,0.000000,0.000000,20.000000,0.000000,0.000000,0.000000,0.000000,0.012160,0.000000,0.910900,19.994603,0.012322,0.464426,20.000000
0.131700,1,"LINK_TORSO_YAW",0.086700,0.200000,0.045000,20.000000,0.000000,0.000000,20.000000,0.000000,0.000000,0.000000,0.000000,0.012160,0.000000,0.910900,19.994608,0.012357,0.464226,20.000000
0.131800,1,"LINK_TORSO_YAW",0.086700,0.200000,0.045100,20.000000,0.000000,0.000000,20.000000,0.000000,0.000000,0.000000,0.000000,0.012160,0.000000,0.910900,19.994612,0.012391,0.464025,20.000000
0.131900,1,"LINK_TORSO_YAW",0.086700,0.200000,0.045200,20.000000,0.000000,0.000000,20.000000,0.000000,0.000000,0.000000,0.000000,0.012160,0.000000,0.910900,19.994617,0.012425,0.463823,20.000000
0.132000,1,"LINK_TORSO_YAW",0.086700,0.200000,0.045300,20.000000,0.000000,0.000000,20.000000,0.000000,0.000000,0.000000,0.000000,0.012160,0.000000,0.910900,19.994622,0.012459,0.463618,20.000000
0.132100,1,"LINK_TORSO_YAW",0.086700,0.200000,0.045400,20.000000,0.000000,0.000000,20.000000,0.000000,0.000000,0.000000,0.000000,0.012160,0.000000,0.910900,19.994627,0.012493,0.463411,20.000000
0.132200,1,"LINK_TORSO_YAW",0.086700,0.200000,0.045500,20.000000,0.000000,0.000000,20.000000,0.000000,0.000000,0.000000,0.000000,0.012160,0.000000,0.910900,19.994631,0.012528,0.463200,20.000000
0.132300,1,"LINK_TORSO_YAW",0.086700,0.200000,0.045600,20.000000,0.000000,0.000000,20.000000,0.000000,0.000000,0.000000,0.000000,0.012160,0.000000,0.910900,19.994636,0.012562,0.462986,20.000000
0.132400,1,"LINK_TORSO_YAW",0.086700,0.200000,0.045700,20.000000,0.000000,0.000000,20.000000,0.000000,0.000000,0.000000,0.000000,0.012160,0.000000,0.910900,19.994641,0.012596,0.462767,20.000000
0.132500,1,"LINK_TORSO_YAW",0.086700,0.200000,0.045800,20.000000,0.000000,0.000000,20.000000,0.000000,0.000000,0.000000,0.000000,0.012160,0.000000,0.910900,19.994647,0.012630,0.462544,20.000000
0.132600,1,"LINK_TORSO_YAW",0.086700,0.200000,0.045900,20.000000,0.000000,0.000000,20.000000,0.000000,0.000000,0.000000,0.000000,0.012160,0.000000,0.910900,19.994652,0.012664,0.462320,20.000000
0.132700,1,"LINK_TORSO_YAW",0.086700,0.200000,0.046000,20.000000,0.000000,0.000000,20.000000,0.000000,0.000000,0.000000,0.000000,0.012160,0.000000,0.910900,19.994657,0.012698,0.462097,20.000000
0.132800,1,"LINK_TORSO_YAW",0.086700,0.200000,0.046100,20.000000,0.000000,0.000000,20.000000,0.000000,0.000000,0.000000,0.000000,0.012160,0.000000,0.910900,19.994662,0.012732,0.461873,20.000000
0.132900,1,"LINK_TORSO_YAW",0.086700,0.200000,0.046200,20.000000,0.000000,0.000000,20.000000,0.000000,0.000000,0.000000,0.000000,0.012160,0.000000,0.910900,19.994667,0.012766,0.461649,20.000000
0.133000,1,"LINK_TORSO_YAW",0.086700,0.200000,0.046300,20.000000,0.000000,0.000000,20.000000,0.000000,0.000000,0.000000,0.000000,0.012160,0.000000,0.910900,19.994672,0.012800,0.461422,20.000000
0.133100,1,"LINK_TORSO_YAW",0.086700,0.200000,0.046400,20.000000,0.000000,0.000000,20.000000,0.000000,0.000000,0.000000,0.000000,0.012160,0.000000,0.910900,19.994678,0.012834,0.461193,20.000000
0.133200,1,"LINK_TORSO_YAW",0.086700,0.200000,0.046500,20.000000,0.000000,0.000000,20.000000,0.000000,0.000000,0.000000,0.000000,0.012160,0.000000,0.910900,19.994683,0.012868,0.460962,20.000000
0.133300,1,"LINK_TORSO_YAW",0.086700,0.200000,0.046600,20.000000,0.000000,0.000000,20.000000,0.000000,0.000000,0.000000,0.000000,0.012160,0.000000,0.910900,19.994688,0.012902,0.460727,20.000000
0.133400,1,"LINK_TORSO_YAW",0.086700,0.200000,0.046700,20.000000,0.000000,0.000000,20.000000,0.000000,0.000000,0.000000,0.000000,0.012160,0.000000,0.910900,19.994694,0.012936,0.460489,20.000000
0.133500,1,"LINK_TORSO_YAW",0.086700,0.200000,0.046800,20.000000,0.000000,0.000000,20.000000,0.000000,0.000000,0.000000,0.000000,0.012160,0.000000,0.910900,19.994699,0.012970,0.460246,20.000000
0.133600,1,"LINK_TORSO_YAW",0.086700,0.200000,0.046900,20.000000,0.000000,0.000000,20.000000,0.000000,0.000000,0.000000,0.000000,0.012160,0.000000,0.910900,19.994705,0.013004,0.459998,20.000000
0.133700,1,"LINK_TORSO_YAW",0.086700,0.200000,0.047000,20.000000,0.000000,0.000000,20.000000,0.000000,0.000000,0.000000,0.000000,0.012160,0.000000,0.910900,19.994711,0.013037,0.459745,20.000000
0.133800,1,"LINK_TORSO_YAW",0.086700,0.200000,0.047100,20.000000,0.000000,0.000000,20.000000,0.000000,0.000000,0.000000,0.000000,0.012160,0.000000,0.910900,19.994717,0.013071,0.459493,20.000000
0.133900,1,"LINK_TORSO_YAW",0.086700,0.200000,0.047200,20.000000,0.000000,0.000000,20.000000,0.000000,0.000000,0.000000,0.000000,0.012160,0.000000,0.910900,19.994722,0.013105,0.459240,20.000000
0.134000,1,"LINK_TORSO_YAW",0.086700,0.200000,0.047300,20.000000,0.000000,0.000000,20.000000,0.000000,0.000000,0.000000,0.000000,0.012160,0.000000,0.910900,19.994728,0.013138,0.458987,20.000000
0.134100,1,"LINK_TORSO_YAW",0.086700,0.200000,0.047400,20.000000,0.000000,0.000000,20.000000,0.000000,0.000000,0.000000,0.000000,0.012160,0.000000,0.910900,19.994734,0.013172,0.458733,20.000000
0.134200,1,"LINK_TORSO_YAW",0.086700,0.200000,0.047500,20.000000,0.000000,0.000000,20.000000,0.000000,0.000000,0.000000,0.000000,0.012160,0.000000,0.910900,19.994740,0.013206,0.458477,20.000000
0.134300,1,"LINK_TORSO_YAW",0.086700,0.200000,0.047600,20.000000,0.000000,0.000000,20.000000,0.000000,0.000000,0.000000,0.000000,0.012160,0.000000,0.910900,19.994746,0.013239,0.458219,20.000000
0.134400,1,"LINK_TORSO_YAW",0.086700,0.200000,0.047700,20.000000,0.000000,0.000000,20.000000,0.000000,0.000000,0.000000,0.000000,0.012160,0.000000,0.910900,19.994752,0.013273,0.457958,20.000000
0.134500,1,"LINK_TORSO_YAW",0.086700,0.200000,0.047800,20.000000,0.000000,0.000000,20.000000,0.000000,0.000000,0.000000,0.000000,0.012160,0.000000,0.910900,19.994758,0.013307,0.457694,20.000000
0.134600,1,"LINK_TORSO_YAW",0.086700,0.200000,0.047900,20.000000,0.000000,0.000000,20.000000,0.000000,0.000000,0.000000,0.000000,0.012160,0.000000,0.910900,19.994764,0.013340,0.457426,20.000000
0.134700,1,"LINK_TORSO_YAW",0.086700,0.200000,0.048000,20.000000,0.000000,0.000000,20.000000,0.000000,0.000000,0.000000,0.000000,0.012160,0.000000,0.910900,19.994770,0.013373,0.457154,20.000000
0.134800,1,"LINK_TORSO_YAW",0.086700,0.200000,0.048100,20.000000,0.000000,0.000000,20.000000,0.000000,0.000000,0.000000,0.000000,0.012160,0.000000,0.910900,19.994776,0.013407,0.456877,20.000000
0.134900,1,"LINK_TORSO_YAW",0.086700,0.200000,0.048200,20.000000,0.000000,0.000000,20.000000,0.000000,0.000000,0.000000,0.000000,0.012160,0.000000,0.910900,19.994783,0.013440,0.456600,20.000000
0.135000,1,"LINK_TORSO_YAW",0.086700,0.200000,0.048300,20.000000,0.000000,0.000000,20.000000,0.000000,0.000000,0.000000,0.000000,0.012160,0.000000,0.910900,19.994789,0.013473,0.456324,20.000000
0.135100,1,"LINK_TORSO_YAW",0.086700,0.200000,0.048400,20.000000,0.000000,0.000000,20.000000,0.000000,0.000000,0.000000,0.000000,0.012160,0.000000,0.910900,19.994795,0.013507,0.456047,20.000000
0.135200,1,"LINK_TORSO_YAW",0.086700,0.200000,0.048500,20.000000,0.000000,0.000000,20.000000,0.000000,0.000000,0.000000,0.000000,0.012160,0.000000,0.910900,19.994802,0.013540,0.455768,20.000000
0.135300,1,"LINK_TORSO_YAW",0.086700,0.200000,0.048600,20.000000,0.000000,0.000000,20.000000,0.000000,0.000000,0.000000,0.000000,0.012160,0.000000,0.910900,19.994808,0.013574,0.455489,20.000000
0.135400,1,"LINK_TORSO_YAW",0.086700,0.200000,0.048700,20.000000,0.000000,0.000000,20.000000,0.000000,0.000000,0.000000,0.000000,0.012160,0.000000,0.910900,19.994814,0.013607,0.455207,20.000000
0.135500,1,"LINK_TORSO_YAW",0.086700,0.200000,0.048800,20.000000,0.000000,0.000000,20.000000,0.000000,0.000000,0.000000,0.000000,0.012160,0.000000,0.910900,19.994821,0.013640,0.454922,20.000000
0.135600,1,"LINK_TORSO_YAW",0.086700,0.200000,0.048900,20.000000,0.000000,0.000000,20.000000,0.000000,0.000000,0.000000,0.000000,0.012160,0.000000,0.910900,19.994827,0.013673,0.454634,20.000000
0.135700,1,"LINK_TORSO_YAW",0.086700,0.200000,0.049000,20.000000,0.000000,0.000000,20.000000,0.000000,0.000000,0.000000,0.000000,0.012160,0.000000,0.910900,19.994834,0.013706,0.454342,20.000000
0.135800,1,"LINK_TORSO_YAW",0.086700,0.200000,0.049100,20.000000,0.000000,0.000000,20.000000,0.000000,0.000000,0.000000,0.000000,0.012160,0.000000,0.910900,19.994841,0.013739,0.454046,20.000000
0.135900,1,"LINK_TORSO_YAW",0.086700,0.200000,0.049200,20.000000,0.000000,0.000000,20.000000,0.000000,0.000000,0.000000,0.000000,0.012160,0.000000,0.910900,19.994847,0.013772,0.453745,20.000000
0.136000,1,"LINK_TORSO_YAW",0.086700,0.200000,0.049300,20.000000,0.000000,0.000000,20.000000,0.000000,0.000000,0.000000,0.000000,0.012160,0.000000,0.910900,19.994854,0.013805,0.453445,20.000000
0.136100,1,"LINK_TORSO_YAW",0.086700,0.200000,0.049400,20.000000,0.000000,0.000000,20.000000,0.000000,0.000000,0.000000,0.000000,0.012160,0.000000,0.910900,19.994861,0.013838,0.453145,20.000000
0.136200,1,"LINK_TORSO_YAW",0.086700,0.200000,0.049500,20.000000,0.000000,0.000000,20.000000,0.000000,0.000000,0.000000,0.000000,0.012160,0.000000,0.910900,19.994868,0.013871,0.452844,20.000000
0.136300,1,"LINK_TORSO_YAW",0.086700,0.200000,0.049600,20.000000,0.000000,0.000000,20.000000,0.000000,0.000000,0.000000,0.000000,0.012160,0.000000,0.910900,19.994875,0.013904,0.452542,20.000000
0.136400,1,"LINK_TORSO_YAW",0.086700,0.200000,0.049700,20.000000,0.000000,0.000000,20.000000,0.000000,0.000000,0.000000,0.000000,0.012160,0.000000,0.910900,19.994882,0.013937,0.452238,20.000000
0.136500,1,"LINK_TORSO_YAW",0.086700,0.200000,0.049800,20.000000,0.000000,0.000000,20.000000,0.000000,0.000000,0.000000,0.000000,0.012160,0.000000,0.910900,19.994888,0.013970,0.451932,20.000000
0.136600,1,"LINK_TORSO_YAW",0.086700,0.200000,0.049900,20.000000,0.000000,0.000000,20.000000,0.000000,0.000000,0.000000,0.000000,0.012160,0.000000,0.910900,19.994895,0.014003,0.451624,20.000000
0.136700,1,"LINK_TORSO_YAW",0.086700,0.200000,0.050000,20.000000,0.000000,0.000000,20.000000,0.000000,0.000000,0.000000,0.000000,0.012160,0.000000,0.910900,19.994902,0.014036,0.451312,20.000000
0.136800,1,"LINK_TORSO_YAW",0.086700,0.200000,0.050100,20.000000,0.000000,0.000000,20.000000,0.000000,0.000000,0.000000,0.000000,0.012160,0.000000,0.910900,19.994909,0.014068,0.450996,20.000000
0.136900,1,"LINK_TORSO_YAW",0.086700,0.200000,0.050200,20.000000,0.000000,0.000000,20.000000,0.000000,0.000000,0.000000,0.000000,0.012160,0.000000,0.910900,19.994917,0.014101,0.450676,20.000000
0.137000,1,"LINK_TORSO_YAW",0.086700,0.200000,0.050300,20.000000,0.000000,0.000000,20.000000,0.000000,0.000000,0.000000,0.000000,0.012160,0.000000,0.910900,19.994924,0.014133,0.450352,20.000000
0.137100,1,"LINK_TORSO_YAW",0.086700,0.200000,0.050400,20.000000,0.000000,0.000000,20.000000,0.000000,0.000000,0.000000,0.000000,0.012160,0.000000,0.910900,19.994931,0.014166,0.450027,20.000000
0.137200,1,"LINK_TORSO_YAW",0.086700,0.200000,0.050500,20.000000,0.000000,0.000000,20.000000,0.000000,0.000000,0.000000,0.000000,0.012160,0.000000,0.910900,19.994938,0.014198,0.449703,20.000000
0.137300,1,"LINK_TORSO_YAW",0.086700,0.200000,0.050600,20.000000,0.000000,0.000000,20.000000,0.000000,0.000000,0.000000,0.000000,0.012160,0.000000,0.910900,19.994946,0.014231,0.449379,20.000000
0.137400,1,"LINK_TORSO_YAW",0.086700,0.200000,0.050700,20.000000,0.000000,0.000000,20.000000,0.000000,0.000000,0.000000,0.000000,0.012160,0.000000,0.910900,19.994953,0.014263,0.449053,20.000000
0.137500,1,"LINK_TORSO_YAW",0.086700,0.200000,0.050800,20.000000,0.000000,0.000000,20.000000,0.000000,0.000000,0.000000,0.000000,0.012160,0.000000,0.910900,19.994960,0.014296,0.448725,20.000000
0.137600,1,"LINK_TORSO_YAW",0.086700,0.200000,0.050900,20.000000,0.000000,0.000000,20.000000,0.000000,0.000000,0.000000,0.000000,0.012160,0.000000,0.910900,19.994968,0.014328,0.448396,20.000000
0.137700,1,"LINK_TORSO_YAW",0.086700,0.200000,0.051000,20.000000,0.000000,0.000000,20.000000,0.000000,0.000000,0.000000,0.000000,0.012160,0.000000,0.910900,19.994975,0.014361,0.448064,20.000000
0.137800,1,"LINK_TORSO_YAW",0.086700,0.200000,0.051100,20.000000,0.000000,0.000000,20.000000,0.000000,0.000000,0.000000,0.000000,0.012160,0.000000,0.910900,19.994983,0.014393,0.447728,20.000000
0.137900,1,"LINK_TORSO_YAW",0.086700,0.200000,0.051200,20.000000,0.000000,0.000000,20.000000,0.000000,0.000000,0.000000,0.000000,0.012160,0.000000,0.910900,19.994990,0.014425,0.447389,20.000000
0.138000,1,"LINK_TORSO_YAW",0.086700,0.200000,0.051300,20.000000,0.000000,0.000000,20.000000,0.000000,0.000000,0.000000,0.000000,0.012160,0.000000,0.910900,19.994998,0.014457,0.447045,20.000000
0.138100,1,"LINK_TORSO_YAW",0.086700,0.200000,0.051400,20.000000,0.000000,0.000000,20.000000,0.000000,0.000000,0.000000,0.000000,0.012160,0.000000,0.910900,19.995006,0.014489,0.446697,20.000000
0.138200,1,"LINK_TORSO_YAW",0.086700,0.200000,0.051500,20.000000,0.000000,0.000000,20.000000,0.000000,0.000000,0.000000,0.000000,0.012160,0.000000,0.910900,19.995013,0.014521,0.446349,20.000000
0.138300,1,"LINK_TORSO_YAW",0.086700,0.200000,0.051600,20.000000,0.000000,0.000000,20.000000,0.000000,0.000000,0.000000,0.000000,0.012160,0.000000,0.910900,19.995021,0.014553,0.446001,20.000000
0.138400,1,"LINK_TORSO_YAW",0.086700,0.200000,0.051700,20.000000,0.000000,0.000000,20.000000,0.000000,0.000000,0.000000,0.000000,0.012160,0.000000,0.910900,19.995029,0.014585,0.445653,20.000000
0.138500,1,"LINK_TORSO_YAW",0.086700,0.200000,0.051800,20.000000,0.000000,0.000000,20.000000,0.000000,0.000000,0.000000,0.000000,0.012160,0.000000,0.910900,19.995037,0.014617,0.445303,20.000000
0.138600,1,"LINK_TORSO_YAW",0.086700,0.200000,0.051900,20.000000,0.000000,0.000000,20.000000,0.000000,0.000000,0.000000,0.000000,0.012160,0.000000,0.910900,19.995044,0.014649,0.444952,20.000000
0.138700,1,"LINK_TORSO_YAW",0.086700,0.200000,0.052000,20.000000,0.000000,0.000000,20.000000,0.000000,0.000000,0.000000,0.000000,0.012160,0.000000,0.910900,19.995052,0.014681,0.444599,20.000000
0.138800,1,"LINK_TORSO_YAW",0.086700,0.200000,0.052100,20.000000,0.000000,0.000000,20.000000,0.000000,0.000000,0.000000,0.000000,0.012160,0.000000,0.910900,19.995060,0.014713,0.444243,20.000000
0.138900,1,"LINK_TORSO_YAW",0.086700,0.200000,0.052200,20.000000,0.000000,0.000000,20.000000,0.000000,0.000000,0.000000,0.000000,0.012160,0.000000,0.910900,19.995068,0.014744,0.443884,20.000000
0.139000,1,"LINK_TORSO_YAW",0.086700,0.200000,0.052300,20.000000,0.000000,0.000000,20.000000,0.000000,0.000000,0.000000,0.000000,0.012160,0.000000,0.910900,19.995076,0.014776,0.443521,20.000000
0.139100,1,"LINK_TORSO_YAW",0.086700,0.200000,0.052400,20.000000,0.000000,0.000000,20.000000,0.000000,0.000000,0.000000,0.000000,0.012160,0.000000,0.910900,19.995084,0.014808,0.443153,20.000000
0.139200,1,"LINK_TORSO_YAW",0.086700,0.200000,0.052500,20.000000,0.000000,0.000000,20.000000,0.000000,0.000000,0.000000,0.000000,0.012160,0.000000,0.910900,19.995092,0.014839,0.442787,20.000000
0.139300,1,"LINK_TORSO_YAW",0.086700,0.200000,0.052600,20.000000,0.000000,0.000000,20.000000,0.000000,0.000000,0.000000,0.000000,0.012160,0.000000,0.910900,19.995100,0.014871,0.442420,20.000000
0.139400,1,"LINK_TORSO_YAW",0.086700,0.200000,0.052700,20.000000,0.000000,0.000000,20.000000,0.000000,0.000000,0.000000,0.000000,0.012160,0.000000,0.910900,19.995109,0.014902,0.442053,20.000000
0.139500,1,"LINK_TORSO_YAW",0.086700,0.200000,0.052800,20.000000,0.000000,0.000000,20.000000,0.000000,0.000000,0.000000,0.000000,0.012160,0.000000,0.910900,19.995117,0.014934,0.441685,20.000000
0.139600,1,"LINK_TORSO_YAW",0.086700,0.200000,0.052900,20.000000,0.000000,0.000000,20.000000,0.000000,0.000000,0.000000,0.000000,0.012160,0.000000,0.910900,19.995125,0.014965,0.441315,20.000000
0.139700,1,"LINK_TORSO_YAW",0.086700,0.200000,0.053000,20.000000,0.000000,0.000000,20.000000,0.000000,0.000000,0.000000,0.000000,0.012160,0.000000,0.910900,19.995133,0.014997,0.440943,20.000000
0.139800,1,"LINK_TORSO_YAW",0.086700,0.200000,0.053100,20.000000,0.000000,0.000000,20.000000,0.000000,0.000000,0.000000,0.000000,0.012160,0.000000,0.910900,19.995141,0.015028,0.440568,20.000000
0.139900,1,"LINK_TORSO_YAW",0.086700,0.200000,0.053200,20.000000,0.000000,0.000000,20.000000,0.000000,0.000000,0.000000,0.000000,0.012160,0.000000,0.910900,19.995150,0.015059,0.440190,20.000000
0.140000,1,"LINK_TORSO_YAW",0.086700,0.200000,0.053300,20.000000,0.000000,0.000000,20.000000,0.000000,0.000000,0.000000,0.000000,0.012160,0.000000,0.910900,19.995158,0.015090,0.439808,20.000000
0.140100,1,"LINK_TORSO_YAW",0.086700,0.200000,0.053400,20.000000,0.000000,0.000000,20.000000,0.000000,0.000000,0.000000,0.000000,0.012160,0.000000,0.910900,19.995166,0.015121,0.439422,20.000000
0.140200,1,"LINK_TORSO_YAW",0.086700,0.200000,0.053500,20.000000,0.000000,0.000000,20.000000,0.000000,0.000000,0.000000,0.000000,0.012160,0.000000,0.910900,19.995175,0.015152,0.439031,20.000000
0.140300,1,"LINK_TORSO_YAW",0.086700,0.200000,0.053600,20.000000,0.000000,0.000000,20.000000,0.000000,0.000000,0.000000,0.000000,0.012160,0.000000,0.910900,19.995184,0.015183,0.438641,20.000000
0.140400,1,"LINK_TORSO_YAW",0.086700,0.200000,0.053700,20.000000,0.000000,0.000000,20.000000,0.000000,0.000000,0.000000,0.000000,0.012160,0.000000,0.910900,19.995192,0.015214,0.438251,20.000000
0.140500,1,"LINK_TORSO_YAW",0.086700,0.200000,0.053800,20.000000,0.000000,0.000000,20.000000,0.000000,0.000000,0.000000,0.000000,0.012160,0.000000,0.910900,19.995201,0.015245,0.437860,20.000000
0.140600,1,"LINK_TORSO_YAW",0.086700,0.200000,0.053900,20.000000,0.000000,0.000000,20.000000,0.000000,0.000000,0.000000,0.000000,0.012160,0.000000,0.910900,19.995209,0.015276,0.437468,20.000000
0.140700,1,"LINK_TORSO_YAW",0.086700,0.200000,0.054000,20.000000,0.000000,0.000000,20.000000,0.000000,0.000000,0.000000,0.000000,0.012160,0.000000,0.910900,19.995218,0.015307,0.437075,20.000000
0.140800,1,"LINK_TORSO_YAW",0.086700,0.200000,0.054100,20.000000,0.000000,0.000000,20.000000,0.000000,0.000000,0.000000,0.000000,0.012160,0.000000,0.910900,19.995226,0.015338,0.436679,20.000000
0.140900,1,"LINK_TORSO_YAW",0.086700,0.200000,0.054200,20.000000,0.000000,0.000000,20.000000,0.000000,0.000000,0.000000,0.000000,0.012160,0.000000,0.910900,19.995235,0.015369,0.436281,20.000000
0.141000,1,"LINK_TORSO_YAW",0.086700,0.200000,0.054300,20.000000,0.000000,0.000000,20.000000,0.000000,0.000000,0.000000,0.000000,0.012160,0.000000,0.910900,19.995244,0.015399,0.435879,20.000000
0.141100,1,"LINK_TORSO_YAW",0.086700,0.200000,0.054400,20.000000,0.000000,0.000000,20.000000,0.000000,0.000000,0.000000,0.000000,0.012160,0.000000,0.910900,19.995253,0.015430,0.435474,20.000000
0.141200,1,"LINK_TORSO_YAW",0.086700,0.200000,0.054500,20.000000,0.000000,0.000000,20.000000,0.000000,0.000000,0.000000,0.000000,0.012160,0.000000,0.910900,19.995261,0.015460,0.435065,20.000000
0.141300,1,"LINK_TORSO_YAW",0.086700,0.200000,0.054600,20.000000,0.000000,0.000000,20.000000,0.000000,0.000000,0.000000,0.000000,0.012160,0.000000,0.910900,19.995270,0.015491,0.434656,20.000000
0.141400,1,"LINK_TORSO_YAW",0.086700,0.200000,0.054700,20.000000,0.000000,0.000000,20.000000,0.000000,0.000000,0.000000,0.000000,0.012160,0.000000,0.910900,19.995279,0.015521,0.434247,20.000000
0.141500,1,"LINK_TORSO_YAW",0.086700,0.200000,0.054800,20.000000,0.000000,0.000000,20.000000,0.000000,0.000000,0.000000,0.000000,0.012160,0.000000,0.910900,19.995288,0.015552,0.433837,20.000000
0.141600,1,"LINK_TORSO_YAW",0.086700,0.200000,0.054900,20.000000,0.000000,0.000000,20.000000,0.000000,0.000000,0.000000,0.000000,0.012160,0.000000,0.910900,19.995297,0.015582,0.433427,20.000000
0.141700,1,"LINK_TORSO_YAW",0.086700,0.200000,0.055000,20.000000,0.000000,0.000000,20.000000,0.000000,0.000000,0.000000,0.000000,0.012160,0.000000,0.910900,19.995306,0.015612,0.433015,20.000000
0.141800,1,"LINK_TORSO_YAW",0.086700,0.200000,0.055100,20.000000,0.000000,0.000000,20.000000,0.000000,0.000000,0.000000,0.000000,0.012160,0.000000,0.910900,19.995315,0.015642,0.432600,20.000000
0.141900,1,"LINK_TORSO_YAW",0.086700,0.200000,0.055200,20.000000,0.000000,0.000000,20.000000,0.000000,0.000000,0.000000,0.000000,0.012160,0.000000,0.910900,19.995324,0.015673,0.432183,20.000000
0.142000,1,"LINK_TORSO_YAW",0.086700,0.200000,0.055300,20.000000,0.000000,0.000000,20.000000,0.000000,0.000000,0.000000,0.000000,0.012160,0.000000,0.910900,19.995333,0.015703,0.431763,20.000000
0.142100,1,"LINK_TORSO_YAW",0.086700,0.200000,0.055400,20.000000,0.000000,0.000000,20.000000,0.000000,0.000000,0.000000,0.000000,0.012160,0.000000,0.910900,19.995342,0.015733,0.431339,20.000000
0.142200,1,"LINK_TORSO_YAW",0.086700,0.200000,0.055500,20.000000,0.000000,0.000000,20.000000,0.000000,0.000000,0.000000,0.000000,0.012160,0.000000,0.910900,19.995351,0.015763,0.430911,20.000000
0.142300,1,"LINK_TORSO_YAW",0.086700,0.200000,0.055600,20.000000,0.000000,0.000000,20.000000,0.000000,0.000000,0.000000,0.000000,0.012160,0.000000,0.910900,19.995360,0.015792,0.430478,20.000000
0.142400,1,"LINK_TORSO_YAW",0.086700,0.200000,0.055700,20.000000,0.000000,0.000000,20.000000,0.000000,0.000000,0.000000,0.000000,0.012160,0.000000,0.910900,19.995370,0.015822,0.430046,20.000000
0.142500,1,"LINK_TORSO_YAW",0.086700,0.200000,0.055800,20.000000,0.000000,0.000000,20.000000,0.000000,0.000000,0.000000,0.000000,0.012160,0.000000,0.910900,19.995379,0.015852,0.429614,20.000000
0.142600,1,"LINK_TORSO_YAW",0.086700,0.200000,0.055900,20.000000,0.000000,0.000000,20.000000,0.000000,0.000000,0.000000,0.000000,0.012160,0.000000,0.910900,19.995388,0.015882,0.429181,20.000000
0.142700,1,"LINK_TORSO_YAW",0.086700,0.200000,0.056000,20.000000,0.000000,0.000000,20.000000,0.000000,0.000000,0.000000,0.000000,0.012160,0.000000,0.910900,19.995398,0.015912,0.428747,20.000000
0.142800,1,"LINK_TORSO_YAW",0.086700,0.200000,0.056100,20.000000,0.000000,0.000000,20.000000,0.000000,0.000000,0.000000,0.000000,0.012160,0.000000,0.910900,19.995407,0.015941,0.428312,20.000000
0.142900,1,"LINK_TORSO_YAW",0.086700,0.200000,0.056200,20.000000,0.000000,0.000000,20.000000,0.000000,0.000000,0.000000,0.000000,0.012160,0.000000,0.910900,19.995416,0.015971,0.427874,20.000000
0.143000,1,"LINK_TORSO_YAW",0.086700,0.200000,0.056300,20.000000,0.000000,0.000000,20.000000,0.000000,0.000000,0.000000,0.000000,0.012160,0.000000,0.910900,19.995426,0.016000,0.427434,20.000000
0.143100,1,"LINK_TORSO_YAW",0.086700,0.200000,0.056400,20.000000,0.000000,0.000000,20.000000,0.000000,0.000000,0.000000,0.000000,0.012160,0.000000,0.910900,19.995435,0.016030,0.426990,20.000000
0.143200,1,"LINK_TORSO_YAW",0.086700,0.200000,0.056500,20.000000,0.000000,0.000000,20.000000,0.000000,0.000000,0.000000,0.000000,0.012160,0.000000,0.910900,19.995445,0.016059,0.426543,20.000000
0.143300,1,"LINK_TORSO_YAW",0.086700,0.200000,0.056600,20.000000,0.000000,0.000000,20.000000,0.000000,0.000000,0.000000,0.000000,0.012160,0.000000,0.910900,19.995454,0.016088,0.426092,20.000000
0.143400,1,"LINK_TORSO_YAW",0.086700,0.200000,0.056700,20.000000,0.000000,0.000000,20.000000,0.000000,0.000000,0.000000,0.000000,0.012160,0.000000,0.910900,19.995464,0.016118,0.425635,20.000000
0.143500,1,"LINK_TORSO_YAW",0.086700,0.200000,0.056800,20.000000,0.000000,0.000000,20.000000,0.000000,0.000000,0.000000,0.000000,0.012160,0.000000,0.910900,19.995474,0.016147,0.425174,20.000000
0.143600,1,"LINK_TORSO_YAW",0.086700,0.200000,0.056900,20.000000,0.000000,0.000000,20.000000,0.000000,0.000000,0.000000,0.000000,0.012160,0.000000,0.910900,19.995483,0.016176,0.424713,20.000000
0.143700,1,"LINK_TORSO_YAW",0.086700,0.200000,0.057000,20.000000,0.000000,0.000000,20.000000,0.000000,0.000000,0.000000,0.000000,0.012160,0.000000,0.910900,19.995493,0.016205,0.424253,20.000000
0.143800,1,"LINK_TORSO_YAW",0.086700,0.200000,0.057100,20.000000,0.000000,0.000000,20.000000,0.000000,0.000000,0.000000,0.000000,0.012160,0.000000,0.910900,19.995503,0.016234,0.423792,20.000000
0.143900,1,"LINK_TORSO_YAW",0.086700,0.200000,0.057200,20.000000,0.000000,0.000000,20.000000,0.000000,0.000000,0.000000,0.000000,0.012160,0.000000,0.910900,19.995513,0.016263,0.423329,20.000000
0.144000,1,"LINK_TORSO_YAW",0.086700,0.200000,0.057300,20.000000,0.000000,0.000000,20.000000,0.000000,0.000000,0.000000,0.000000,0.012160,0.000000,0.910900,19.995522,0.016292,0.422866,20.000000
0.144100,1,"LINK_TORSO_YAW",0.086700,0.200000,0.057400,20.000000,0.000000,0.000000,20.000000,0.000000,0.000000,0.000000,0.000000,0.012160,0.000000,0.910900,19.995532,0.016321,0.422400,20.000000
0.144200,1,"LINK_TORSO_YAW",0.086700,0.200000,0.057500,20.000000,0.000000,0.000000,20.000000,0.000000,0.000000,0.000000,0.000000,0.012160,0.000000,0.910900,19.995542,0.016350,0.421931,20.000000
0.144300,1,"LINK_TORSO_YAW",0.086700,0.200000,0.057600,20.000000,0.000000,0.000000,20.000000,0.000000,0.000000,0.000000,0.000000,0.012160,0.000000,0.910900,19.995552,0.016378,0.421459,20.000000
0.144400,1,"LINK_TORSO_YAW",0.086700,0.200000,0.057700,20.000000,0.000000,0.000000,20.000000,0.000000,0.000000,0.000000,0.000000,0.012160,0.000000,0.910900,19.995562,0.016407,0.420984,20.000000
0.144500,1,"LINK_TORSO_YAW",0.086700,0.200000,0.057800,20.000000,0.000000,0.000000,20.000000,0.000000,0.000000,0.000000,0.000000,0.012160,0.000000,0.910900,19.995572,0.016436,0.420504,20.000000
0.144600,1,"LINK_TORSO_YAW",0.086700,0.200000,0.057900,20.000000,0.000000,0.000000,20.000000,0.000000,0.000000,0.000000,0.000000,0.012160,0.000000,0.910900,19.995582,0.016464,0.420020,20.000000
0.144700,1,"LINK_TORSO_YAW",0.086700,0.200000,0.058000,20.000000,0.000000,0.000000,20.000000,0.000000,0.000000,0.000000,0.000000,0.012160,0.000000,0.910900,19.995592,0.016492,0.419536,20.000000
0.144800,1,"LINK_TORSO_YAW",0.086700,0.200000,0.058100,20.000000,0.000000,0.000000,20.000000,0.000000,0.000000,0.000000,0.000000,0.012160,0.000000,0.910900,19.995603,0.016521,0.419052,20.000000
0.144900,1,"LINK_TORSO_YAW",0.086700,0.200000,0.058200,20.000000,0.000000,0.000000,20.000000,0.000000,0.000000,0.000000,0.000000,0.012160,0.000000,0.910900,19.995613,0.016549,0.418568,20.000000
0.145000,1,"LINK_TORSO_YAW",0.086700,0.200000,0.058300,20.000000,0.000000,0.000000,20.000000,0.000000,0.000000,0.000000,0.000000,0.012160,0.000000,0.910900,19.995623,0.016578,0.418083,20.000000
0.145100,1,"LINK_TORSO_YAW",0.086700,0.200000,0.058400,20.000000,0.000000,0.000000,20.000000,0.000000,0.000000,0.000000,0.000000,0.012160,0.000000,0.910900,19.995633,0.016606,0.417596,20.000000
0.145200,1,"LINK_TORSO_YAW",0.086700,0.200000,0.058500,20.000000,0.000000,0.000000,20.000000,0.000000,0.000000,0.000000,0.000000,0.012160,0.000000,0.910900,19.995643,0.016634,0.417107,20.000000
0.145300,1,"LINK_TORSO_YAW",0.086700,0.200000,0.058600,20.000000,0.000000,0.000000,20.000000,0.000000,0.000000,0.000000,0.000000,0.012160,0.000000,0.910900,19.995653,0.016662,0.416615,20.000000
0.145400,1,"LINK_TORSO_YAW",0.086700,0.200000,0.058700,20.000000,0.000000,0.000000,20.000000,0.000000,0.000000,0.000000,0.000000,0.012160,0.000000,0.910900,19.995664,0.016690,0.416120,20.000000
0.145500,1,"LINK_TORSO_YAW",0.086700,0.200000,0.058800,20.000000,0.000000,0.000000,20.000000,0.000000,0.000000,0.000000,0.000000,0.012160,0.000000,0.910900,19.995674,0.016718,0.415622,20.000000
0.145600,1,"LINK_TORSO_YAW",0.086700,0.200000,0.058900,20.000000,0.000000,0.000000,20.000000,0.000000,0.000000,0.000000,0.000000,0.012160,0.000000,0.910900,19.995684,0.016746,0.415119,20.000000
0.145700,1,"LINK_TORSO_YAW",0.086700,0.200000,0.059000,20.000000,0.000000,0.000000,20.000000,0.000000,0.000000,0.000000,0.000000,0.012160,0.000000,0.910900,19.995695,0.016774,0.414612,20.000000
0.145800,1,"LINK_TORSO_YAW",0.086700,0.200000,0.059100,20.000000,0.000000,0.000000,20.000000,0.000000,0.000000,0.000000,0.000000,0.012160,0.000000,0.910900,19.995705,0.016801,0.414105,20.000000
0.145900,1,"LINK_TORSO_YAW",0.086700,0.200000,0.059200,20.000000,0.000000,0.000000,20.000000,0.000000,0.000000,0.000000,0.000000,0.012160,0.000000,0.910900,19.995716,0.016829,0.413598,20.000000
0.146000,1,"LINK_TORSO_YAW",0.086700,0.200000,0.059300,20.000000,0.000000,0.000000,20.000000,0.000000,0.000000,0.000000,0.000000,0.012160,0.000000,0.910900,19.995726,0.016857,0.413091,20.000000
0.146100,1,"LINK_TORSO_YAW",0.086700,0.200000,0.059400,20.000000,0.000000,0.000000,20.000000,0.000000,0.000000,0.000000,0.000000,0.012160,0.000000,0.910900,19.995737,0.016884,0.412583,20.000000
0.146200,1,"LINK_TORSO_YAW",0.086700,0.200000,0.059500,20.000000,0.000000,0.000000,20.000000,0.000000,0.000000,0.000000,0.000000,0.012160,0.000000,0.910900,19.995747,0.016912,0.412073,20.000000
0.146300,1,"LINK_TORSO_YAW",0.086700,0.200000,0.059600,20.000000,0.000000,0.000000,20.000000,0.000000,0.000000,0.000000,0.000000,0.012160,0.000000,0.910900,19.995758,0.016939,0.411561,20.000000
0.146400,1,"LINK_TORSO_YAW",0.086700,0.200000,0.059700,20.000000,0.000000,0.000000,20.000000,0.000000,0.000000,0.000000,0.000000,0.012160,0.000000,0.910900,19.995768,0.016967,0.411046,20.000000
0.146500,1,"LINK_TORSO_YAW",0.086700,0.200000,0.059800,20.000000,0.000000,0.000000,20.000000,0.000000,0.000000,0.000000,0.000000,0.012160,0.000000,0.910900,19.995779,0.016994,0.410528,20.000000
0.146600,1,"LINK_TORSO_YAW",0.086700,0.200000,0.059900,20.000000,0.000000,0.000000,20.000000,0.000000,0.000000,0.000000,0.000000,0.012160,0.000000,0.910900,19.995790,0.017021,0.410007,20.000000
0.146700,1,"LINK_TORSO_YAW",0.086700,0.200000,0.060000,20.000000,0.000000,0.000000,20.000000,0.000000,0.000000,0.000000,0.000000,0.012160,0.000000,0.910900,19.995800,0.017048,0.409481,20.000000
0.146800,1,"LINK_TORSO_YAW",0.086700,0.200000,0.060100,20.000000,0.000000,0.000000,20.000000,0.000000,0.000000,0.000000,0.000000,0.012160,0.000000,0.910900,19.995811,0.017075,0.408956,20.000000
0.146900,1,"LINK_TORSO_YAW",0.086700,0.200000,0.060200,20.000000,0.000000,0.000000,20.000000,0.000000,0.000000,0.000000,0.000000,0.012160,0.000000,0.910900,19.995822,0.017102,0.408431,20.000000
0.147000,1,"LINK_TORSO_YAW",0.086700,0.200000,0.060300,20.000000,0.000000,0.000000,20.000000,0.000000,0.000000,0.000000,0.000000,0.012160,0.000000,0.910900,19.995833,0.017129,0.407906,20.000000
0.147100,1,"LINK_TORSO_YAW",0.086700,0.200000,0.060400,20.000000,0.000000,0.000000,20.000000,0.000000,0.000000,0.000000,0.000000,0.012160,0.000000,0.910900,19.995843,0.017156,0.407379,20.000000
0.147200,1,"LINK_TORSO_YAW",0.086700,0.200000,0.060500,20.000000,0.000000,0.000000,20.000000,0.000000,0.000000,0.000000,0.000000,0.012160,0.000000,0.910900,19.995854,0.017183,0.406851,20.000000
0.147300,1,"LINK_TORSO_YAW",0.086700,0.200000,0.060600,20.000000,0.000000,0.000000,20.000000,0.000000,0.000000,0.000000,0.000000,0.012160,0.000000,0.910900,19.995865,0.017210,0.406321,20.000000
0.147400,1,"LINK_TORSO_YAW",0.086700,0.200000,0.060700,20.000000,0.000000,0.000000,20.000000,0.000000,0.000000,0.000000,0.000000,0.012160,0.000000,0.910900,19.995876,0.017237,0.405788,20.000000
0.147500,1,"LINK_TORSO_YAW",0.086700,0.200000,0.060800,20.000000,0.000000,0.000000,20.000000,0.000000,0.000000,0.000000,0.000000,0.012160,0.000000,0.910900,19.995886,0.017263,0.405252,20.000000
0.147600,1,"LINK_TORSO_YAW",0.086700,0.200000,0.060900,20.000000,0.000000,0.000000,20.000000,0.000000,0.000000,0.000000,0.000000,0.012160,0.000000,0.910900,19.995897,0.017290,0.404712,20.000000
0.147700,1,"LINK_TORSO_YAW",0.086700,0.200000,0.061000,20.000000,0.000000,0.000000,20.000000,0.000000,0.000000,0.000000,0.000000,0.012160,0.000000,0.910900,19.995908,0.017316,0.404169,20.000000
0.147800,1,"LINK_TORSO_YAW",0.086700,0.200000,0.061100,20.000000,0.000000,0.000000,20.000000,0.000000,0.000000,0.000000,0.000000,0.012160,0.000000,0.910900,19.995919,0.017343,0.403620,20.000000
0.147900,1,"LINK_TORSO_YAW",0.086700,0.200000,0.061200,20.000000,0.000000,0.000000,20.000000,0.000000,0.000000,0.000000,0.000000,0.012160,0.000000,0.910900,19.995930,0.017369,0.403073,20.000000
0.148000,1,"LINK_TORSO_YAW",0.086700,0.200000,0.061300,20.000000,0.000000,0.000000,20.000000,0.000000,0.000000,0.000000,0.000000,0.012160,0.000000,0.910900,19.995941,0.017395,0.402525,20.000000
0.148100,1,"LINK_TORSO_YAW",0.086700,0.200000,0.061400,20.000000,0.000000,0.000000,20.000000,0.000000,0.000000,0.000000,0.000000,0.012160,0.000000,0.910900,19.995952,0.017422,0.401977,20.000000
0.148200,1,"LINK_TORSO_YAW",0.086700,0.200000,0.061500,20.000000,0.000000,0.000000,20.000000,0.000000,0.000000,0.000000,0.000000,0.012160,0.000000,0.910900,19.995963,0.017448,0.401428,20.000000
0.148300,1,"LINK_TORSO_YAW",0.086700,0.200000,0.061600,20.000000,0.000000,0.000000,20.000000,0.000000,0.000000,0.000000,0.000000,0.012160,0.000000,0.910900,19.995974,0.017474,0.400877,20.000000
0.148400,1,"LINK_TORSO_YAW",0.086700,0.200000,0.061700,20.000000,0.000000,0.000000,20.000000,0.000000,0.000000,0.000000,0.000000,0.012160,0.000000,0.910900,19.995985,0.017500,0.400324,20.000000
0.148500,1,"LINK_TORSO_YAW",0.086700,0.200000,0.061800,20.000000,0.000000,0.000000,20.000000,0.000000,0.000000,0.000000,0.000000,0.012160,0.000000,0.910900,19.995997,0.017526,0.399768,20.000000
0.148600,1,"LINK_TORSO_YAW",0.086700,0.200000,0.061900,20.000000,0.000000,0.000000,20.000000,0.000000,0.000000,0.000000,0.000000,0.012160,0.000000,0.910900,19.996008,0.017552,0.399210,20.000000
0.148700,1,"LINK_TORSO_YAW",0.086700,0.200000,0.062000,20.000000,0.000000,0.000000,20.000000,0.000000,0.000000,0.000000,0.000000,0.012160,0.000000,0.910900,19.996019,0.017578,0.398647,20.000000
0.148800,1,"LINK_TORSO_YAW",0.086700,0.200000,0.062100,20.000000,0.000000,0.000000,20.000000,0.000000,0.000000,0.000000,0.000000,0.012160,0.000000,0.910900,19.996030,0.017603,0.398081,20.000000
0.148900,1,"LINK_TORSO_YAW",0.086700,0.200000,0.062200,20.000000,0.000000,0.000000,20.000000,0.000000,0.000000,0.000000,0.000000,0.012160,0.000000,0.910900,19.996041,0.017629,0.397510,20.000000
0.149000,1,"LINK_TORSO_YAW",0.086700,0.200000,0.062300,20.000000,0.000000,0.000000,20.000000,0.000000,0.000000,0.000000,0.000000,0.012160,0.000000,0.910900,19.996053,0.017655,0.396940,20.000000
0.149100,1,"LINK_TORSO_YAW",0.086700,0.200000,0.062400,20.000000,0.000000,0.000000,20.000000,0.000000,0.000000,0.000000,0.000000,0.012160,0.000000,0.910900,19.996064,0.017680,0.396370,20.000000
0.149200,1,"LINK_TORSO_YAW",0.086700,0.200000,0.062500,20.000000,0.000000,0.000000,20.000000,0.000000,0.000000,0.000000,0.000000,0.012160,0.000000,0.910900,19.996075,0.017706,0.395799,20.000000
0.149300,1,"LINK_TORSO_YAW",0.086700,0.200000,0.062600,20.000000,0.000000,0.000000,20.000000,0.000000,0.000000,0.000000,0.000000,0.012160,0.000000,0.910900,19.996087,0.017731,0.395227,20.000000
0.149400,1,"LINK_TORSO_YAW",0.086700,0.200000,0.062700,20.000000,0.000000,0.000000,20.000000,0.000000,0.000000,0.000000,0.000000,0.012160,0.000000,0.910900,19.996098,0.017757,0.394654,20.000000
0.149500,1,"LINK_TORSO_YAW",0.086700,0.200000,0.062800,20.000000,0.000000,0.000000,20.000000,0.000000,0.000000,0.000000,0.000000,0.012160,0.000000,0.910900,19.996109,0.017782,0.394078,20.000000
0.149600,1,"LINK_TORSO_YAW",0.086700,0.200000,0.062900,20.000000,0.000000,0.000000,20.000000,0.000000,0.000000,0.000000,0.000000,0.012160,0.000000,0.910900,19.996121,0.017807,0.393500,20.000000
0.149700,1,"LINK_TORSO_YAW",0.086700,0.200000,0.063000,20.000000,0.000000,0.000000,20.000000,0.000000,0.000000,0.000000,0.000000,0.012160,0.000000,0.910900,19.996132,0.017833,0.392919,20.000000
0.149800,1,"LINK_TORSO_YAW",0.086700,0.200000,0.063100,20.000000,0.000000,0.000000,20.000000,0.000000,0.000000,0.000000,0.000000,0.012160,0.000000,0.910900,19.996143,0.017858,0.392334,20.000000
0.149900,1,"LINK_TORSO_YAW",0.086700,0.200000,0.063200,20.000000,0.000000,0.000000,20.000000,0.000000,0.000000,0.000000,0.000000,0.012160,0.000000,0.910900,19.996155,0.017883,0.391746,20.000000
0.150000,1,"LINK_TORSO_YAW",0.086700,0.200000,0.063300,20.000000,0.000000,0.000000,20.000000,0.000000,0.000000,0.000000,0.000000,0.012160,0.000000,0.910900,19.996167,0.017908,0.391152,20.000000
0.150100,1,"LINK_TORSO_YAW",0.086700,0.200000,0.063400,20.000000,0.000000,0.000000,20.000000,0.000000,0.000000,0.000000,0.000000,0.012160,0.000000,0.910900,19.996178,0.017933,0.390554,20.000000
0.150200,1,"LINK_TORSO_YAW",0.086700,0.200000,0.063500,20.000000,0.000000,0.000000,20.000000,0.000000,0.000000,0.000000,0.000000,0.012160,0.000000,0.910900,19.996190,0.017958,0.389957,20.000000
0.150300,1,"LINK_TORSO_YAW",0.086700,0.200000,0.063600,20.000000,0.000000,0.000000,20.000000,0.000000,0.000000,0.000000,0.000000,0.012160,0.000000,0.910900,19.996202,0.017983,0.389359,20.000000
0.150400,1,"LINK_TORSO_YAW",0.086700,0.200000,0.063700,20.000000,0.000000,0.000000,20.000000,0.000000,0.000000,0.000000,0.000000,0.012160,0.000000,0.910900,19.996213,0.018007,0.388762,20.000000
0.150500,1,"LINK_TORSO_YAW",0.086700,0.200000,0.063800,20.000000,0.000000,0.000000,20.000000,0.000000,0.000000,0.000000,0.000000,0.012160,0.000000,0.910900,19.996225,0.018032,0.388163,20.000000
0.150600,1,"LINK_TORSO_YAW",0.086700,0.200000,0.063900,20.000000,0.000000,0.000000,20.000000,0.000000,0.000000,0.000000,0.000000,0.012160,0.000000,0.910900,19.996236,0.018057,0.387562,20.000000
0.150700,1,"LINK_TORSO_YAW",0.086700,0.200000,0.064000,20.000000,0.000000,0.000000,20.000000,0.000000,0.000000,0.000000,0.000000,0.012160,0.000000,0.910900,19.996248,0.018081,0.386960,20.000000
0.150800,1,"LINK_TORSO_YAW",0.086700,0.200000,0.064100,20.000000,0.000000,0.000000,20.000000,0.000000,0.000000,0.000000,0.000000,0.012160,0.000000,0.910900,19.996260,0.018106,0.386354,20.000000
0.150900,1,"LINK_TORSO_YAW",0.086700,0.200000,0.064200,20.000000,0.000000,0.000000,20.000000,0.000000,0.000000,0.000000,0.000000,0.012160,0.000000,0.910900,19.996271,0.018130,0.385746,20.000000
0.151000,1,"LINK_TORSO_YAW",0.086700,0.200000,0.064300,20.000000,0.000000,0.000000,20.000000,0.000000,0.000000,0.000000,0.000000,0.012160,0.000000,0.910900,19.996283,0.018155,0.385134,20.000000
0.151100,1,"LINK_TORSO_YAW",0.086700,0.200000,0.064400,20.000000,0.000000,0.000000,20.000000,0.000000,0.000000,0.000000,0.000000,0.012160,0.000000,0.910900,19.996295,0.018179,0.384518,20.000000
0.151200,1,"LINK_TORSO_YAW",0.086700,0.200000,0.064500,20.000000,0.000000,0.000000,20.000000,0.000000,0.000000,0.000000,0.000000,0.012160,0.000000,0.910900,19.996307,0.018203,0.383898,20.000000
0.151300,1,"LINK_TORSO_YAW",0.086700,0.200000,0.064600,20.000000,0.000000,0.000000,20.000000,0.000000,0.000000,0.000000,0.000000,0.012160,0.000000,0.910900,19.996319,0.018227,0.383279,20.000000
0.151400,1,"LINK_TORSO_YAW",0.086700,0.200000,0.064700,20.000000,0.000000,0.000000,20.000000,0.000000,0.000000,0.000000,0.000000,0.012160,0.000000,0.910900,19.996331,0.018252,0.382659,20.000000
0.151500,1,"LINK_TORSO_YAW",0.086700,0.200000,0.064800,20.000000,0.000000,0.000000,20.000000,0.000000,0.000000,0.000000,0.000000,0.012160,0.000000,0.910900,19.996342,0.018276,0.382039,20.000000
0.151600,1,"LINK_TORSO_YAW",0.086700,0.200000,0.064900,20.000000,0.000000,0.000000,20.000000,0.000000,0.000000,0.000000,0.000000,0.012160,0.000000,0.910900,19.996354,0.018300,0.381418,20.000000
0.151700,1,"LINK_TORSO_YAW",0.086700,0.200000,0.065000,20.000000,0.000000,0.000000,20.000000,0.000000,0.000000,0.000000,0.000000,0.012160,0.000000,0.910900,19.996366,0.018324,0.380795,20.000000
0.151800,1,"LINK_TORSO_YAW",0.086700,0.200000,0.065100,20.000000,0.000000,0.000000,20.000000,0.000000,0.000000,0.000000,0.000000,0.012160,0.000000,0.910900,19.996378,0.018348,0.380171,20.000000
0.151900,1,"LINK_TORSO_YAW",0.086700,0.200000,0.065200,20.000000,0.000000,0.000000,20.000000,0.000000,0.000000,0.000000,0.000000,0.012160,0.000000,0.910900,19.996390,0.018371,0.379543,20.000000
0.152000,1,"LINK_TORSO_YAW",0.086700,0.200000,0.065300,20.000000,0.000000,0.000000,20.000000,0.000000,0.000000,0.000000,0.000000,0.012160,0.000000,0.910900,19.996402,0.018395,0.378913,20.000000
0.152100,1,"LINK_TORSO_YAW",0.086700,0.200000,0.065400,20.000000,0.000000,0.000000,20.000000,0.000000,0.000000,0.000000,0.000000,0.012160,0.000000,0.910900,19.996414,0.018419,0.378279,20.000000
0.152200,1,"LINK_TORSO_YAW",0.086700,0.200000,0.065500,20.000000,0.000000,0.000000,20.000000,0.000000,0.000000,0.000000,0.000000,0.012160,0.000000,0.910900,19.996426,0.018442,0.377641,20.000000
0.152300,1,"LINK_TORSO_YAW",0.086700,0.200000,0.065600,20.000000,0.000000,0.000000,20.000000,0.000000,0.000000,0.000000,0.000000,0.012160,0.000000,0.910900,19.996438,0.018466,0.376999,20.000000
0.152400,1,"LINK_TORSO_YAW",0.086700,0.200000,0.065700,20.000000,0.000000,0.000000,20.000000,0.000000,0.000000,0.000000,0.000000,0.012160,0.000000,0.910900,19.996450,0.018490,0.376357,20.000000
0.152500,1,"LINK_TORSO_YAW",0.086700,0.200000,0.065800,20.000000,0.000000,0.000000,20.000000,0.000000,0.000000,0.000000,0.000000,0.012160,0.000000,0.910900,19.996462,0.018513,0.375716,20.000000
0.152600,1,"LINK_TORSO_YAW",0.086700,0.200000,0.065900,20.000000,0.000000,0.000000,20.000000,0.000000,0.000000,0.000000,0.000000,0.012160,0.000000,0.910900,19.996474,0.018536,0.375074,20.000000
0.152700,1,"LINK_TORSO_YAW",0.086700,0.200000,0.066000,20.000000,0.000000,0.000000,20.000000,0.000000,0.000000,0.000000,0.000000,0.012160,0.000000,0.910900,19.996486,0.018560,0.374431,20.000000
0.152800,1,"LINK_TORSO_YAW",0.086700,0.200000,0.066100,20.000000,0.000000,0.000000,20.000000,0.000000,0.000000,0.000000,0.000000,0.012160,0.000000,0.910900,19.996498,0.018583,0.373786,20.000000
0.152900,1,"LINK_TORSO_YAW",0.086700,0.200000,0.066200,20.000000,0.000000,0.000000,20.000000,0.000000,0.000000,0.000000,0.000000,0.012160,0.000000,0.910900,19.996510,0.018606,0.373139,20.000000
0.153000,1,"LINK_TORSO_YAW",0.086700,0.200000,0.066300,20.000000,0.000000,0.000000,20.000000,0.000000,0.000000,0.000000,0.000000,0.012160,0.000000,0.910900,19.996522,0.018629,0.372490,20.000000
0.153100,1,"LINK_TORSO_YAW",0.086700,0.200000,0.066400,20.000000,0.000000,0.000000,20.000000,0.000000,0.000000,0.000000,0.000000,0.012160,0.000000,0.910900,19.996534,0.018652,0.371838,20.000000
0.153200,1,"LINK_TORSO_YAW",0.086700,0.200000,0.066500,20.000000,0.000000,0.000000,20.000000,0.000000,0.000000,0.000000,0.000000,0.012160,0.000000,0.910900,19.996547,0.018675,0.371182,20.000000
0.153300,1,"LINK_TORSO_YAW",0.086700,0.200000,0.066600,20.000000,0.000000,0.000000,20.000000,0.000000,0.000000,0.000000,0.000000,0.012160,0.000000,0.910900,19.996559,0.018698,0.370522,20.000000
0.153400,1,"LINK_TORSO_YAW",0.086700,0.200000,0.066700,20.000000,0.000000,0.000000,20.000000,0.000000,0.000000,0.000000,0.000000,0.012160,0.000000,0.910900,19.996571,0.018721,0.369858,20.000000
0.153500,1,"LINK_TORSO_YAW",0.086700,0.200000,0.066800,20.000000,0.000000,0.000000,20.000000,0.000000,0.000000,0.000000,0.000000,0.012160,0.000000,0.910900,19.996583,0.018744,0.369195,20.000000
0.153600,1,"LINK_TORSO_YAW",0.086700,0.200000,0.066900,20.000000,0.000000,0.000000,20.000000,0.000000,0.000000,0.000000,0.000000,0.012160,0.000000,0.910900,19.996596,0.018767,0.368531,20.000000
0.153700,1,"LINK_TORSO_YAW",0.086700,0.200000,0.067000,20.000000,0.000000,0.000000,20.000000,0.000000,0.000000,0.000000,0.000000,0.012160,0.000000,0.910900,19.996608,0.018790,0.367867,20.000000
0.153800,1,"LINK_TORSO_YAW",0.086700,0.200000,0.067100,20.000000,0.000000,0.000000,20.000000,0.000000,0.000000,0.000000,0.000000,0.012160,0.000000,0.910900,19.996620,0.018812,0.367202,20.000000
0.153900,1,"LINK_TORSO_YAW",0.086700,0.200000,0.067200,20.000000,0.000000,0.000000,20.000000,0.000000,0.000000,0.000000,0.000000,0.012160,0.000000,0.910900,19.996632,0.018835,0.366536,20.000000
0.154000,1,"LINK_TORSO_YAW",0.086700,0.200000,0.067300,20.000000,0.000000,0.000000,20.000000,0.000000,0.000000,0.000000,0.000000,0.012160,0.000000,0.910900,19.996644,0.018857,0.365868,20.000000
0.154100,1,"LINK_TORSO_YAW",0.086700,0.200000,0.067400,20.000000,0.000000,0.000000,20.000000,0.000000,0.000000,0.000000,0.000000,0.012160,0.000000,0.910900,19.996657,0.018880,0.365197,20.000000
0.154200,1,"LINK_TORSO_YAW",0.086700,0.200000,0.067500,20.000000,0.000000,0.000000,20.000000,0.000000,0.000000,0.000000,0.000000,0.012160,0.000000,0.910900,19.996669,0.018902,0.364522,20.000000
0.154300,1,"LINK_TORSO_YAW",0.086700,0.200000,0.067600,20.000000,0.000000,0.000000,20.000000,0.000000,0.000000,0.000000,0.000000,0.012160,0.000000,0.910900,19.996681,0.018924,0.363845,20.000000
0.154400,1,"LINK_TORSO_YAW",0.086700,0.200000,0.067700,20.000000,0.000000,0.000000,20.000000,0.000000,0.000000,0.000000,0.000000,0.012160,0.000000,0.910900,19.996694,0.018947,0.363163,20.000000
0.154500,1,"LINK_TORSO_YAW",0.086700,0.200000,0.067800,20.000000,0.000000,0.000000,20.000000,0.000000,0.000000,0.000000,0.000000,0.012160,0.000000,0.910900,19.996706,0.018969,0.362483,20.000000
0.154600,1,"LINK_TORSO_YAW",0.086700,0.200000,0.067900,20.000000,0.000000,0.000000,20.000000,0.000000,0.000000,0.000000,0.000000,0.012160,0.000000,0.910900,19.996718,0.018991,0.361802,20.000000
0.154700,1,"LINK_TORSO_YAW",0.086700,0.200000,0.068000,20.000000,0.000000,0.000000,20.000000,0.000000,0.000000,0.000000,0.000000,0.012160,0.000000,0.910900,19.996730,0.019013,0.361121,20.000000
0.154800,1,"LINK_TORSO_YAW",0.086700,0.200000,0.068100,20.000000,0.000000,0.000000,20.000000,0.000000,0.000000,0.000000,0.000000,0.012160,0.000000,0.910900,19.996743,0.019035,0.360438,20.000000
0.154900,1,"LINK_TORSO_YAW",0.086700,0.200000,0.068200,20.000000,0.000000,0.000000,20.000000,0.000000,0.000000,0.000000,0.000000,0.012160,0.000000,0.910900,19.996755,0.019057,0.359755,20.000000
0.155000,1,"LINK_TORSO_YAW",0.086700,0.200000,0.068300,20.000000,0.000000,0.000000,20.000000,0.000000,0.000000,0.000000,0.000000,0.012160,0.000000,0.910900,19.996767,0.019079,0.359069,20.000000
0.155100,1,"LINK_TORSO_YAW",0.086700,0.200000,0.068400,20.000000,0.000000,0.000000,20.000000,0.000000,0.000000,0.000000,0.000000,0.012160,0.000000,0.910900,19.996780,0.019101,0.358380,20.000000
0.155200,1,"LINK_TORSO_YAW",0.086700,0.200000,0.068500,20.000000,0.000000,0.000000,20.000000,0.000000,0.000000,0.000000,0.000000,0.012160,0.000000,0.910900,19.996792,0.019122,0.357689,20.000000
0.155300,1,"LINK_TORSO_YAW",0.086700,0.200000,0.068600,20.000000,0.000000,0.000000,20.000000,0.000000,0.000000,0.000000,0.000000,0.012160,0.000000,0.910900,19.996804,0.019144,0.356994,20.000000
0.155400,1,"LINK_TORSO_YAW",0.086700,0.200000,0.068700,20.000000,0.000000,0.000000,20.000000,0.000000,0.000000,0.000000,0.000000,0.012160,0.000000,0.910900,19.996817,0.019166,0.356295,20.000000
0.155500,1,"LINK_TORSO_YAW",0.086700,0.200000,0.068800,20.000000,0.000000,0.000000,20.000000,0.000000,0.000000,0.000000,0.000000,0.012160,0.000000,0.910900,19.996829,0.019187,0.355592,20.000000
0.155600,1,"LINK_TORSO_YAW",0.086700,0.200000,0.068900,20.000000,0.000000,0.000000,20.000000,0.000000,0.000000,0.000000,0.000000,0.012160,0.000000,0.910900,19.996842,0.019209,0.354890,20.000000
0.155700,1,"LINK_TORSO_YAW",0.086700,0.200000,0.069000,20.000000,0.000000,0.000000,20.000000,0.000000,0.000000,0.000000,0.000000,0.012160,0.000000,0.910900,19.996854,0.019231,0.354188,20.000000
0.155800,1,"LINK_TORSO_YAW",0.086700,0.200000,0.069100,20.000000,0.000000,0.000000,20.000000,0.000000,0.000000,0.000000,0.000000,0.012160,0.000000,0.910900,19.996867,0.019252,0.353485,20.000000
0.155900,1,"LINK_TORSO_YAW",0.086700,0.200000,0.069200,20.000000,0.000000,0.000000,20.000000,0.000000,0.000000,0.000000,0.000000,0.012160,0.000000,0.910900,19.996879,0.019273,0.352781,20.000000
0.156000,1,"LINK_TORSO_YAW",0.086700,0.200000,0.069300,20.000000,0.000000,0.000000,20.000000,0.000000,0.000000,0.000000,0.000000,0.012160,0.000000,0.910900,19.996892,0.019295,0.352076,20.000000
0.156100,1,"LINK_TORSO_YAW",0.086700,0.200000,0.069400,20.000000,0.000000,0.000000,20.000000,0.000000,0.000000,0.000000,0.000000,0.012160,0.000000,0.910900,19.996904,0.019316,0.351369,20.000000
0.156200,1,"LINK_TORSO_YAW",0.086700,0.200000,0.069500,20.000000,0.000000,0.000000,20.000000,0.000000,0.000000,0.000000,0.000000,0.012160,0.000000,0.910900,19.996916,0.019337,0.350659,20.000000
0.156300,1,"LINK_TORSO_YAW",0.086700,0.200000,0.069600,20.000000,0.000000,0.000000,20.000000,0.000000,0.000000,0.000000,0.000000,0.012160,0.000000,0.910900,19.996929,0.019358,0.349946,20.000000
0.156400,1,"LINK_TORSO_YAW",0.086700,0.200000,0.069700,20.000000,0.000000,0.000000,20.000000,0.000000,0.000000,0.000000,0.000000,0.012160,0.000000,0.910900,19.996941,0.019379,0.349230,20.000000
0.156500,1,"LINK_TORSO_YAW",0.086700,0.200000,0.069800,20.000000,0.000000,0.000000,20.000000,0.000000,0.000000,0.000000,0.000000,0.012160,0.000000,0.910900,19.996954,0.019400,0.348510,20.000000
0.156600,1,"LINK_TORSO_YAW",0.086700,0.200000,0.069900,20.000000,0.000000,0.000000,20.000000,0.000000,0.000000,0.000000,0.000000,0.012160,0.000000,0.910900,19.996966,0.019421,0.347786,20.000000
0.156700,1,"LINK_TORSO_YAW",0.086700,0.200000,0.070000,20.000000,0.000000,0.000000,20.000000,0.000000,0.000000,0.000000,0.000000,0.012160,0.000000,0.910900,19.996979,0.019442,0.347062,20.000000
0.156800,1,"LINK_TORSO_YAW",0.086700,0.200000,0.070100,20.000000,0.000000,0.000000,20.000000,0.000000,0.000000,0.000000,0.000000,0.012160,0.000000,0.910900,19.996992,0.019463,0.346338,20.000000
0.156900,1,"LINK_TORSO_YAW",0.086700,0.200000,0.070200,20.000000,0.000000,0.000000,20.000000,0.000000,0.000000,0.000000,0.000000,0.012160,0.000000,0.910900,19.997004,0.019484,0.345614,20.000000
0.157000,1,"LINK_TORSO_YAW",0.086700,0.200000,0.070300,20.000000,0.000000,0.000000,20.000000,0.000000,0.000000,0.000000,0.000000,0.012160,0.000000,0.910900,19.997017,0.019505,0.344889,20.000000
0.157100,1,"LINK_TORSO_YAW",0.086700,0.200000,0.070400,20.000000,0.000000,0.000000,20.000000,0.000000,0.000000,0.000000,0.000000,0.012160,0.000000,0.910900,19.997029,0.019526,0.344163,20.000000
0.157200,1,"LINK_TORSO_YAW",0.086700,0.200000,0.070500,20.000000,0.000000,0.000000,20.000000,0.000000,0.000000,0.000000,0.000000,0.012160,0.000000,0.910900,19.997042,0.019546,0.343434,20.000000
0.157300,1,"LINK_TORSO_YAW",0.086700,0.200000,0.070600,20.000000,0.000000,0.000000,20.000000,0.000000,0.000000,0.000000,0.000000,0.012160,0.000000,0.910900,19.997054,0.019567,0.342703,20.000000
0.157400,1,"LINK_TORSO_YAW",0.086700,0.200000,0.070700,20.000000,0.000000,0.000000,20.000000,0.000000,0.000000,0.000000,0.000000,0.012160,0.000000,0.910900,19.997067,0.019587,0.341969,20.000000
0.157500,1,"LINK_TORSO_YAW",0.086700,0.200000,0.070800,20.000000,0.000000,0.000000,20.000000,0.000000,0.000000,0.000000,0.000000,0.012160,0.000000,0.910900,19.997079,0.019608,0.341231,20.000000
0.157600,1,"LINK_TORSO_YAW",0.086700,0.200000,0.070900,20.000000,0.000000,0.000000,20.000000,0.000000,0.000000,0.000000,0.000000,0.012160,0.000000,0.910900,19.997092,0.019628,0.340490,20.000000
0.157700,1,"LINK_TORSO_YAW",0.086700,0.200000,0.071000,20.000000,0.000000,0.000000,20.000000,0.000000,0.000000,0.000000,0.000000,0.012160,0.000000,0.910900,19.997104,0.019649,0.339745,20.000000
0.157800,1,"LINK_TORSO_YAW",0.086700,0.200000,0.071100,20.000000,0.000000,0.000000,20.000000,0.000000,0.000000,0.000000,0.000000,0.012160,0.000000,0.910900,19.997117,0.019669,0.338995,20.000000
0.157900,1,"LINK_TORSO_YAW",0.086700,0.200000,0.071200,20.000000,0.000000,0.000000,20.000000,0.000000,0.000000,0.000000,0.000000,0.012160,0.000000,0.910900,19.997130,0.019690,0.338245,20.000000
0.158000,1,"LINK_TORSO_YAW",0.086700,0.200000,0.071300,20.000000,0.000000,0.000000,20.000000,0.000000,0.000000,0.000000,0.000000,0.012160,0.000000,0.910900,19.997142,0.019710,0.337496,20.000000
0.158100,1,"LINK_TORSO_YAW",0.086700,0.200000,0.071400,20.000000,0.000000,0.000000,20.000000,0.000000,0.000000,0.000000,0.000000,0.012160,0.000000,0.910900,19.997155,0.019730,0.336746,20.000000
0.158200,1,"LINK_TORSO_YAW",0.086700,0.200000,0.071500,20.000000,0.000000,0.000000,20.000000,0.000000,0.000000,0.000000,0.000000,0.012160,0.000000,0.910900,19.997168,0.019751,0.335996,20.000000
0.158300,1,"LINK_TORSO_YAW",0.086700,0.200000,0.071600,20.000000,0.000000,0.000000,20.000000,0.000000,0.000000,0.000000,0.000000,0.012160,0.000000,0.910900,19.997180,0.019771,0.335244,20.000000
0.158400,1,"LINK_TORSO_YAW",0.086700,0.200000,0.071700,20.000000,0.000000,0.000000,20.000000,0.000000,0.000000,0.000000,0.000000,0.012160,0.000000,0.910900,19.997193,0.019791,0.334489,20.000000
0.158500,1,"LINK_TORSO_YAW",0.086700,0.200000,0.071800,20.000000,0.000000,0.000000,20.000000,0.000000,0.000000,0.000000,0.000000,0.012160,0.000000,0.910900,19.997206,0.019811,0.333733,20.000000
0.158600,1,"LINK_TORSO_YAW",0.086700,0.200000,0.071900,20.000000,0.000000,0.000000,20.000000,0.000000,0.000000,0.000000,0.000000,0.012160,0.000000,0.910900,19.997218,0.019831,0.332973,20.000000
0.158700,1,"LINK_TORSO_YAW",0.086700,0.200000,0.072000,20.000000,0.000000,0.000000,20.000000,0.000000,0.000000,0.000000,0.000000,0.012160,0.000000,0.910900,19.997231,0.019851,0.332210,20.000000
0.158800,1,"LINK_TORSO_YAW",0.086700,0.200000,0.072100,20.000000,0.000000,0.000000,20.000000,0.000000,0.000000,0.000000,0.000000,0.012160,0.000000,0.910900,19.997244,0.019871,0.331443,20.000000
0.158900,1,"LINK_TORSO_YAW",0.086700,0.200000,0.072200,20.000000,0.000000,0.000000,20.000000,0.000000,0.000000,0.000000,0.000000,0.012160,0.000000,0.910900,19.997256,0.019891,0.330672,20.000000
0.159000,1,"LINK_TORSO_YAW",0.086700,0.200000,0.072300,20.000000,0.000000,0.000000,20.000000,0.000000,0.000000,0.000000,0.000000,0.012160,0.000000,0.910900,19.997269,0.019910,0.329902,20.000000
0.159100,1,"LINK_TORSO_YAW",0.086700,0.200000,0.072400,20.000000,0.000000,0.000000,20.000000,0.000000,0.000000,0.000000,0.000000,0.012160,0.000000,0.910900,19.997282,0.019930,0.329132,20.000000
0.159200,1,"LINK_TORSO_YAW",0.086700,0.200000,0.072500,20.000000,0.000000,0.000000,20.000000,0.000000,0.000000,0.000000,0.000000,0.012160,0.000000,0.910900,19.997294,0.019950,0.328361,20.000000
0.159300,1,"LINK_TORSO_YAW",0.086700,0.200000,0.072600,20.000000,0.000000,0.000000,20.000000,0.000000,0.000000,0.000000,0.000000,0.012160,0.000000,0.910900,19.997307,0.019969,0.327590,20.000000
0.159400,1,"LINK_TORSO_YAW",0.086700,0.200000,0.072700,20.000000,0.000000,0.000000,20.000000,0.000000,0.000000,0.000000,0.000000,0.012160,0.000000,0.910900,19.997320,0.019989,0.326817,20.000000
0.159500,1,"LINK_TORSO_YAW",0.086700,0.200000,0.072800,20.000000,0.000000,0.000000,20.000000,0.000000,0.000000,0.000000,0.000000,0.012160,0.000000,0.910900,19.997332,0.020008,0.326042,20.000000
0.159600,1,"LINK_TORSO_YAW",0.086700,0.200000,0.072900,20.000000,0.000000,0.000000,20.000000,0.000000,0.000000,0.000000,0.000000,0.012160,0.000000,0.910900,19.997345,0.020028,0.325264,20.000000
0.159700,1,"LINK_TORSO_YAW",0.086700,0.200000,0.073000,20.000000,0.000000,0.000000,20.000000,0.000000,0.000000,0.000000,0.000000,0.012160,0.000000,0.910900,19.997358,0.020047,0.324484,20.000000
0.159800,1,"LINK_TORSO_YAW",0.086700,0.200000,0.073100,20.000000,0.000000,0.000000,20.000000,0.000000,0.000000,0.000000,0.000000,0.012160,0.000000,0.910900,19.997370,0.020067,0.323700,20.000000
0.159900,1,"LINK_TORSO_YAW",0.086700,0.200000,0.073200,20.000000,0.000000,0.000000,20.000000,0.000000,0.000000,0.000000,0.000000,0.012160,0.000000,0.910900,19.997383,0.020086,0.322912,20.000000
0.160000,1,"LINK_TORSO_YAW",0.086700,0.200000,0.073300,20.000000,0.000000,0.000000,20.000000,0.000000,0.000000,0.000000,0.000000,0.012160,0.000000,0.910900,19.997396,0.020106,0.322121,20.000000
0.160100,1,"LINK_TORSO_YAW",0.086700,0.200000,0.073400,20.000000,0.000000,0.000000,20.000000,0.000000,0.000000,0.000000,0.000000,0.012160,0.000000,0.910900,19.997408,0.020125,0.321330,20.000000
0.160200,1,"LINK_TORSO_YAW",0.086700,0.200000,0.073500,20.000000,0.000000,0.000000,20.000000,0.000000,0.000000,0.000000,0.000000,0.012160,0.000000,0.910900,19.997421,0.020144,0.320539,20.000000
0.160300,1,"LINK_TORSO_YAW",0.086700,0.200000,0.073600,20.000000,0.000000,0.000000,20.000000,0.000000,0.000000,0.000000,0.000000,0.012160,0.000000,0.910900,19.997434,0.020163,0.319747,20.000000
0.160400,1,"LINK_TORSO_YAW",0.086700,0.200000,0.073700,20.000000,0.000000,0.000000,20.000000,0.000000,0.000000,0.000000,0.000000,0.012160,0.000000,0.910900,19.997446,0.020182,0.318955,20.000000
0.160500,1,"LINK_TORSO_YAW",0.086700,0.200000,0.073800,20.000000,0.000000,0.000000,20.000000,0.000000,0.000000,0.000000,0.000000,0.012160,0.000000,0.910900,19.997459,0.020201,0.318161,20.000000
0.160600,1,"LINK_TORSO_YAW",0.086700,0.200000,0.073900,20.000000,0.000000,0.000000,20.000000,0.000000,0.000000,0.000000,0.000000,0.012160,0.000000,0.910900,19.997472,0.020220,0.317365,20.000000
0.160700,1,"LINK_TORSO_YAW",0.086700,0.200000,0.074000,20.000000,0.000000,0.000000,20.000000,0.000000,0.000000,0.000000,0.000000,0.012160,0.000000,0.910900,19.997484,0.020239,0.316567,20.000000
0.160800,1,"LINK_TORSO_YAW",0.086700,0.200000,0.074100,20.000000,0.000000,0.000000,20.000000,0.000000,0.000000,0.000000,0.000000,0.012160,0.000000,0.910900,19.997497,0.020258,0.315766,20.000000
0.160900,1,"LINK_TORSO_YAW",0.086700,0.200000,0.074200,20.000000,0.000000,0.000000,20.000000,0.000000,0.000000,0.000000,0.000000,0.012160,0.000000,0.910900,19.997510,0.020277,0.314961,20.000000
0.161000,1,"LINK_TORSO_YAW",0.086700,0.200000,0.074300,20.000000,0.000000,0.000000,20.000000,0.000000,0.000000,0.000000,0.000000,0.012160,0.000000,0.910900,19.997522,0.020296,0.314153,20.000000
0.161100,1,"LINK_TORSO_YAW",0.086700,0.200000,0.074400,20.000000,0.000000,0.000000,20.000000,0.000000,0.000000,0.000000,0.000000,0.012160,0.000000,0.910900,19.997535,0.020315,0.313341,20.000000
0.161200,1,"LINK_TORSO_YAW",0.086700,0.200000,0.074500,20.000000,0.000000,0.000000,20.000000,0.000000,0.000000,0.000000,0.000000,0.012160,0.000000,0.910900,19.997548,0.020334,0.312530,20.000000
0.161300,1,"LINK_TORSO_YAW",0.086700,0.200000,0.074600,20.000000,0.000000,0.000000,20.000000,0.000000,0.000000,0.000000,0.000000,0.012160,0.000000,0.910900,19.997560,0.020352,0.311718,20.000000
0.161400,1,"LINK_TORSO_YAW",0.086700,0.200000,0.074700,20.000000,0.000000,0.000000,20.000000,0.000000,0.000000,0.000000,0.000000,0.012160,0.000000,0.910900,19.997573,0.020371,0.310906,20.000000
0.161500,1,"LINK_TORSO_YAW",0.086700,0.200000,0.074800,20.000000,0.000000,0.000000,20.000000,0.000000,0.000000,0.000000,0.000000,0.012160,0.000000,0.910900,19.997586,0.020390,0.310093,20.000000
0.161600,1,"LINK_TORSO_YAW",0.086700,0.200000,0.074900,20.000000,0.000000,0.000000,20.000000,0.000000,0.000000,0.000000,0.000000,0.012160,0.000000,0.910900,19.997598,0.020408,0.309279,20.000000
0.161700,1,"LINK_TORSO_YAW",0.086700,0.200000,0.075000,20.000000,0.000000,0.000000,20.000000,0.000000,0.000000,0.000000,0.000000,0.012160,0.000000,0.910900,19.997611,0.020427,0.308463,20.000000
0.161800,1,"LINK_TORSO_YAW",0.086700,0.200000,0.075100,20.000000,0.000000,0.000000,20.000000,0.000000,0.000000,0.000000,0.000000,0.012160,0.000000,0.910900,19.997623,0.020445,0.307644,20.000000
0.161900,1,"LINK_TORSO_YAW",0.086700,0.200000,0.075200,20.000000,0.000000,0.000000,20.000000,0.000000,0.000000,0.000000,0.000000,0.012160,0.000000,0.910900,19.997636,0.020464,0.306822,20.000000
0.162000,1,"LINK_TORSO_YAW",0.086700,0.200000,0.075300,20.000000,0.000000,0.000000,20.000000,0.000000,0.000000,0.000000,0.000000,0.012160,0.000000,0.910900,19.997649,0.020482,0.305997,20.000000
0.162100,1,"LINK_TORSO_YAW",0.086700,0.200000,0.075400,20.000000,0.000000,0.000000,20.000000,0.000000,0.000000,0.000000,0.000000,0.012160,0.000000,0.910900,19.997661,0.020500,0.305169,20.000000
0.162200,1,"LINK_TORSO_YAW",0.086700,0.200000,0.075500,20.000000,0.000000,0.000000,20.000000,0.000000,0.000000,0.000000,0.000000,0.012160,0.000000,0.910900,19.997674,0.020519,0.304341,20.000000
0.162300,1,"LINK_TORSO_YAW",0.086700,0.200000,0.075600,20.000000,0.000000,0.000000,20.000000,0.000000,0.000000,0.000000,0.000000,0.012160,0.000000,0.910900,19.997686,0.020537,0.303513,20.000000
0.162400,1,"LINK_TORSO_YAW",0.086700,0.200000,0.075700,20.000000,0.000000,0.000000,20.000000,0.000000,0.000000,0.000000,0.000000,0.012160,0.000000,0.910900,19.997699,0.020555,0.302684,20.000000
0.162500,1,"LINK_TORSO_YAW",0.086700,0.200000,0.075800,20.000000,0.000000,0.000000,20.000000,0.000000,0.000000,0.000000,0.000000,0.012160,0.000000,0.910900,19.997711,0.020573,0.301855,20.000000
0.162600,1,"LINK_TORSO_YAW",0.086700,0.200000,0.075900,20.000000,0.000000,0.000000,20.000000,0.000000,0.000000,0.000000,0.000000,0.012160,0.000000,0.910900,19.997724,0.020591,0.301024,20.000000
0.162700,1,"LINK_TORSO_YAW",0.086700,0.200000,0.076000,20.000000,0.000000,0.000000,20.000000,0.000000,0.000000,0.000000,0.000000,0.012160,0.000000,0.910900,19.997736,0.020609,0.300192,20.000000
0.162800,1,"LINK_TORSO_YAW",0.086700,0.200000,0.076100,20.000000,0.000000,0.000000,20.000000,0.000000,0.000000,0.000000,0.000000,0.012160,0.000000,0.910900,19.997749,0.020627,0.299357,20.000000
0.162900,1,"LINK_TORSO_YAW",0.086700,0.200000,0.076200,20.000000,0.000000,0.000000,20.000000,0.000000,0.000000,0.000000,0.000000,0.012160,0.000000,0.910900,19.997761,0.020645,0.298519,20.000000
0.163000,1,"LINK_TORSO_YAW",0.086700,0.200000,0.076300,20.000000,0.000000,0.000000,20.000000,0.000000,0.000000,0.000000,0.000000,0.012160,0.000000,0.910900,19.997774,0.020663,0.297677,20.000000
0.163100,1,"LINK_TORSO_YAW",0.086700,0.200000,0.076400,20.000000,0.000000,0.000000,20.000000,0.000000,0.000000,0.000000,0.000000,0.012160,0.000000,0.910900,19.997786,0.020681,0.296832,20.000000
0.163200,1,"LINK_TORSO_YAW",0.086700,0.200000,0.076500,20.000000,0.000000,0.000000,20.000000,0.000000,0.000000,0.000000,0.000000,0.012160,0.000000,0.910900,19.997799,0.020699,0.295984,20.000000
0.163300,1,"LINK_TORSO_YAW",0.086700,0.200000,0.076600,20.000000,0.000000,0.000000,20.000000,0.000000,0.000000,0.000000,0.000000,0.012160,0.000000,0.910900,19.997812,0.020717,0.295130,20.000000
0.163400,1,"LINK_TORSO_YAW",0.086700,0.200000,0.076700,20.000000,0.000000,0.000000,20.000000,0.000000,0.000000,0.000000,0.000000,0.012160,0.000000,0.910900,19.997824,0.020735,0.294278,20.000000
0.163500,1,"LINK_TORSO_YAW",0.086700,0.200000,0.076800,20.000000,0.000000,0.000000,20.000000,0.000000,0.000000,0.000000,0.000000,0.012160,0.000000,0.910900,19.997837,0.020753,0.293425,20.000000
0.163600,1,"LINK_TORSO_YAW",0.086700,0.200000,0.076900,20.000000,0.000000,0.000000,20.000000,0.000000,0.000000,0.000000,0.000000,0.012160,0.000000,0.910900,19.997849,0.020771,0.292572,20.000000
0.163700,1,"LINK_TORSO_YAW",0.086700,0.200000,0.077000,20.000000,0.000000,0.000000,20.000000,0.000000,0.000000,0.000000,0.000000,0.012160,0.000000,0.910900,19.997862,0.020788,0.291719,20.000000
0.163800,1,"LINK_TORSO_YAW",0.086700,0.200000,0.077100,20.000000,0.000000,0.000000,20.000000,0.000000,0.000000,0.000000,0.000000,0.012160,0.000000,0.910900,19.997874,0.020806,0.290863,20.000000
0.163900,1,"LINK_TORSO_YAW",0.086700,0.200000,0.077200,20.000000,0.000000,0.000000,20.000000,0.000000,0.000000,0.000000,0.000000,0.012160,0.000000,0.910900,19.997886,0.020824,0.290006,20.000000
0.164000,1,"LINK_TORSO_YAW",0.086700,0.200000,0.077300,20.000000,0.000000,0.000000,20.000000,0.000000,0.000000,0.000000,0.000000,0.012160,0.000000,0.910900,19.997899,0.020841,0.289146,20.000000
0.164100,1,"LINK_TORSO_YAW",0.086700,0.200000,0.077400,20.000000,0.000000,0.000000,20.000000,0.000000,0.000000,0.000000,0.000000,0.012160,0.000000,0.910900,19.997911,0.020859,0.288284,20.000000
0.164200,1,"LINK_TORSO_YAW",0.086700,0.200000,0.077500,20.000000,0.000000,0.000000,20.000000,0.000000,0.000000,0.000000,0.000000,0.012160,0.000000,0.910900,19.997924,0.020876,0.287418,20.000000
0.164300,1,"LINK_TORSO_YAW",0.086700,0.200000,0.077600,20.000000,0.000000,0.000000,20.000000,0.000000,0.000000,0.000000,0.000000,0.012160,0.000000,0.910900,19.997936,0.020894,0.286549,20.000000
0.164400,1,"LINK_TORSO_YAW",0.086700,0.200000,0.077700,20.000000,0.000000,0.000000,20.000000,0.000000,0.000000,0.000000,0.000000,0.012160,0.000000,0.910900,19.997949,0.020911,0.285680,20.000000
0.164500,1,"LINK_TORSO_YAW",0.086700,0.200000,0.077800,20.000000,0.000000,0.000000,20.000000,0.000000,0.000000,0.000000,0.000000,0.012160,0.000000,0.910900,19.997961,0.020929,0.284811,20.000000
0.164600,1,"LINK_TORSO_YAW",0.086700,0.200000,0.077900,20.000000,0.000000,0.000000,20.000000,0.000000,0.000000,0.000000,0.000000,0.012160,0.000000,0.910900,19.997973,0.020946,0.283942,20.000000
0.164700,1,"LINK_TORSO_YAW",0.086700,0.200000,0.078000,20.000000,0.000000,0.000000,20.000000,0.000000,0.000000,0.000000,0.000000,0.012160,0.000000,0.910900,19.997986,0.020963,0.283072,20.000000
0.164800,1,"LINK_TORSO_YAW",0.086700,0.200000,0.078100,20.000000,0.000000,0.000000,20.000000,0.000000,0.000000,0.000000,0.000000,0.012160,0.000000,0.910900,19.997998,0.020980,0.282201,20.000000
0.164900,1,"LINK_TORSO_YAW",0.086700,0.200000,0.078200,20.000000,0.000000,0.000000,20.000000,0.000000,0.000000,0.000000,0.000000,0.012160,0.000000,0.910900,19.998010,0.020998,0.281327,20.000000
0.165000,1,"LINK_TORSO_YAW",0.086700,0.200000,0.078300,20.000000,0.000000,0.000000,20.000000,0.000000,0.000000,0.000000,0.000000,0.012160,0.000000,0.910900,19.998023,0.021015,0.280452,20.000000
0.165100,1,"LINK_TORSO_YAW",0.086700,0.200000,0.078400,20.000000,0.000000,0.000000,20.000000,0.000000,0.000000,0.000000,0.000000,0.012160,0.000000,0.910900,19.998035,0.021032,0.279573,20.000000
0.165200,1,"LINK_TORSO_YAW",0.086700,0.200000,0.078500,20.000000,0.000000,0.000000,20.000000,0.000000,0.000000,0.000000,0.000000,0.012160,0.000000,0.910900,19.998047,0.021049,0.278691,20.000000
0.165300,1,"LINK_TORSO_YAW",0.086700,0.200000,0.078600,20.000000,0.000000,0.000000,20.000000,0.000000,0.000000,0.000000,0.000000,0.012160,0.000000,0.910900,19.998059,0.021066,0.277806,20.000000
0.165400,1,"LINK_TORSO_YAW",0.086700,0.200000,0.078700,20.000000,0.000000,0.000000,20.000000,0.000000,0.000000,0.000000,0.000000,0.012160,0.000000,0.910900,19.998072,0.021083,0.276917,20.000000
0.165500,1,"LINK_TORSO_YAW",0.086700,0.200000,0.078800,20.000000,0.000000,0.000000,20.000000,0.000000,0.000000,0.000000,0.000000,0.012160,0.000000,0.910900,19.998084,0.021101,0.276023,20.000000
0.165600,1,"LINK_TORSO_YAW",0.086700,0.200000,0.078900,20.000000,0.000000,0.000000,20.000000,0.000000,0.000000,0.000000,0.000000,0.012160,0.000000,0.910900,19.998096,0.021118,0.275130,20.000000
0.165700,1,"LINK_TORSO_YAW",0.086700,0.200000,0.079000,20.000000,0.000000,0.000000,20.000000,0.000000,0.000000,0.000000,0.000000,0.012160,0.000000,0.910900,19.998109,0.021135,0.274237,20.000000
0.165800,1,"LINK_TORSO_YAW",0.086700,0.200000,0.079100,20.000000,0.000000,0.000000,20.000000,0.000000,0.000000,0.000000,0.000000,0.012160,0.000000,0.910900,19.998121,0.021152,0.273344,20.000000
0.165900,1,"LINK_TORSO_YAW",0.086700,0.200000,0.079200,20.000000,0.000000,0.000000,20.000000,0.000000,0.000000,0.000000,0.000000,0.012160,0.000000,0.910900,19.998133,0.021168,0.272450,20.000000
0.166000,1,"LINK_TORSO_YAW",0.086700,0.200000,0.079300,20.000000,0.000000,0.000000,20.000000,0.000000,0.000000,0.000000,0.000000,0.012160,0.000000,0.910900,19.998145,0.021185,0.271554,20.000000
0.166100,1,"LINK_TORSO_YAW",0.086700,0.200000,0.079400,20.000000,0.000000,0.000000,20.000000,0.000000,0.000000,0.000000,0.000000,0.012160,0.000000,0.910900,19.998157,0.021202,0.270657,20.000000
0.166200,1,"LINK_TORSO_YAW",0.086700,0.200000,0.079500,20.000000,0.000000,0.000000,20.000000,0.000000,0.000000,0.000000,0.000000,0.012160,0.000000,0.910900,19.998169,0.021219,0.269757,20.000000
0.166300,1,"LINK_TORSO_YAW",0.086700,0.200000,0.079600,20.000000,0.000000,0.000000,20.000000,0.000000,0.000000,0.000000,0.000000,0.012160,0.000000,0.910900,19.998182,0.021236,0.268854,20.000000
0.166400,1,"LINK_TORSO_YAW",0.086700,0.200000,0.079700,20.000000,0.000000,0.000000,20.000000,0.000000,0.000000,0.000000,0.000000,0.012160,0.000000,0.910900,19.998194,0.021252,0.267948,20.000000
0.166500,1,"LINK_TORSO_YAW",0.086700,0.200000,0.079800,20.000000,0.000000,0.000000,20.000000,0.000000,0.000000,0.000000,0.000000,0.012160,0.000000,0.910900,19.998206,0.021269,0.267039,20.000000
0.166600,1,"LINK_TORSO_YAW",0.086700,0.200000,0.079900,20.000000,0.000000,0.000000,20.000000,0.000000,0.000000,0.000000,0.000000,0.012160,0.000000,0.910900,19.998218,0.021286,0.266130,20.000000
0.166700,1,"LINK_TORSO_YAW",0.086700,0.200000,0.080000,20.000000,0.000000,0.000000,20.000000,0.000000,0.000000,0.000000,0.000000,0.012160,0.000000,0.910900,19.998230,0.021303,0.265222,20.000000
0.166800,1,"LINK_TORSO_YAW",0.086700,0.200000,0.080100,20.000000,0.000000,0.000000,20.000000,0.000000,0.000000,0.000000,0.000000,0.012160,0.000000,0.910900,19.998242,0.021319,0.264312,20.000000
0.166900,1,"LINK_TORSO_YAW",0.086700,0.200000,0.080200,20.000000,0.000000,0.000000,20.000000,0.000000,0.000000,0.000000,0.000000,0.012160,0.000000,0.910900,19.998254,0.021336,0.263403,20.000000
0.167000,1,"LINK_TORSO_YAW",0.086700,0.200000,0.080300,20.000000,0.000000,0.000000,20.000000,0.000000,0.000000,0.000000,0.000000,0.012160,0.000000,0.910900,19.998266,0.021352,0.262491,20.000000
0.167100,1,"LINK_TORSO_YAW",0.086700,0.200000,0.080400,20.000000,0.000000,0.000000,20.000000,0.000000,0.000000,0.000000,0.000000,0.012160,0.000000,0.910900,19.998278,0.021369,0.261578,20.000000
0.167200,1,"LINK_TORSO_YAW",0.086700,0.200000,0.080500,20.000000,0.000000,0.000000,20.000000,0.000000,0.000000,0.000000,0.000000,0.012160,0.000000,0.910900,19.998290,0.021385,0.260662,20.000000
0.167300,1,"LINK_TORSO_YAW",0.086700,0.200000,0.080600,20.000000,0.000000,0.000000,20.000000,0.000000,0.000000,0.000000,0.000000,0.012160,0.000000,0.910900,19.998302,0.021401,0.259744,20.000000
0.167400,1,"LINK_TORSO_YAW",0.086700,0.200000,0.080700,20.000000,0.000000,0.000000,20.000000,0.000000,0.000000,0.000000,0.000000,0.012160,0.000000,0.910900,19.998314,0.021418,0.258822,20.000000
0.167500,1,"LINK_TORSO_YAW",0.086700,0.200000,0.080800,20.000000,0.000000,0.000000,20.000000,0.000000,0.000000,0.000000,0.000000,0.012160,0.000000,0.910900,19.998326,0.021434,0.257897,20.000000
0.167600,1,"LINK_TORSO_YAW",0.086700,0.200000,0.080900,20.000000,0.000000,0.000000,20.000000,0.000000,0.000000,0.000000,0.000000,0.012160,0.000000,0.910900,19.998338,0.021451,0.256972,20.000000
0.167700,1,"LINK_TORSO_YAW",0.086700,0.200000,0.081000,20.000000,0.000000,0.000000,20.000000,0.000000,0.000000,0.000000,0.000000,0.012160,0.000000,0.910900,19.998349,0.021467,0.256048,20.000000
0.167800,1,"LINK_TORSO_YAW",0.086700,0.200000,0.081100,20.000000,0.000000,0.000000,20.000000,0.000000,0.000000,0.000000,0.000000,0.012160,0.000000,0.910900,19.998361,0.021483,0.255123,20.000000
0.167900,1,"LINK_TORSO_YAW",0.086700,0.200000,0.081200,20.000000,0.000000,0.000000,20.000000,0.000000,0.000000,0.000000,0.000000,0.012160,0.000000,0.910900,19.998373,0.021499,0.254198,20.000000
0.168000,1,"LINK_TORSO_YAW",0.086700,0.200000,0.081300,20.000000,0.000000,0.000000,20.000000,0.000000,0.000000,0.000000,0.000000,0.012160,0.000000,0.910900,19.998385,0.021515,0.253270,20.000000
0.168100,1,"LINK_TORSO_YAW",0.086700,0.200000,0.081400,20.000000,0.000000,0.000000,20.000000,0.000000,0.000000,0.000000,0.000000,0.012160,0.000000,0.910900,19.998396,0.021531,0.252341,20.000000
0.168200,1,"LINK_TORSO_YAW",0.086700,0.200000,0.081500,20.000000,0.000000,0.000000,20.000000,0.000000,0.000000,0.000000,0.000000,0.012160,0.000000,0.910900,19.998408,0.021547,0.251410,20.000000
0.168300,1,"LINK_TORSO_YAW",0.086700,0.200000,0.081600,20.000000,0.000000,0.000000,20.000000,0.000000,0.000000,0.000000,0.000000,0.012160,0.000000,0.910900,19.998420,0.021564,0.250476,20.000000
0.168400,1,"LINK_TORSO_YAW",0.086700,0.200000,0.081700,20.000000,0.000000,0.000000,20.000000,0.000000,0.000000,0.000000,0.000000,0.012160,0.000000,0.910900,19.998432,0.021580,0.249539,20.000000
0.168500,1,"LINK_TORSO_YAW",0.086700,0.200000,0.081800,20.000000,0.000000,0.000000,20.000000,0.000000,0.000000,0.000000,0.000000,0.012160,0.000000,0.910900,19.998443,0.021596,0.248598,20.000000
0.168600,1,"LINK_TORSO_YAW",0.086700,0.200000,0.081900,20.000000,0.000000,0.000000,20.000000,0.000000,0.000000,0.000000,0.000000,0.012160,0.000000,0.910900,19.998455,0.021612,0.247658,20.000000
0.168700,1,"LINK_TORSO_YAW",0.086700,0.200000,0.082000,20.000000,0.000000,0.000000,20.000000,0.000000,0.000000,0.000000,0.000000,0.012160,0.000000,0.910900,19.998467,0.021628,0.246718,20.000000
0.168800,1,"LINK_TORSO_YAW",0.086700,0.200000,0.082100,20.000000,0.000000,0.000000,20.000000,0.000000,0.000000,0.000000,0.000000,0.012160,0.000000,0.910900,19.998478,0.021643,0.245777,20.000000
0.168900,1,"LINK_TORSO_YAW",0.086700,0.200000,0.082200,20.000000,0.000000,0.000000,20.000000,0.000000,0.000000,0.000000,0.000000,0.012160,0.000000,0.910900,19.998490,0.021659,0.244836,20.000000
0.169000,1,"LINK_TORSO_YAW",0.086700,0.200000,0.082300,20.000000,0.000000,0.000000,20.000000,0.000000,0.000000,0.000000,0.000000,0.012160,0.000000,0.910900,19.998501,0.021675,0.243893,20.000000
0.169100,1,"LINK_TORSO_YAW",0.086700,0.200000,0.082400,20.000000,0.000000,0.000000,20.000000,0.000000,0.000000,0.000000,0.000000,0.012160,0.000000,0.910900,19.998513,0.021691,0.242949,20.000000
0.169200,1,"LINK_TORSO_YAW",0.086700,0.200000,0.082500,20.000000,0.000000,0.000000,20.000000,0.000000,0.000000,0.000000,0.000000,0.012160,0.000000,0.910900,19.998524,0.021707,0.242002,20.000000
0.169300,1,"LINK_TORSO_YAW",0.086700,0.200000,0.082600,20.000000,0.000000,0.000000,20.000000,0.000000,0.000000,0.000000,0.000000,0.012160,0.000000,0.910900,19.998535,0.021722,0.241052,20.000000
0.169400,1,"LINK_TORSO_YAW",0.086700,0.200000,0.082700,20.000000,0.000000,0.000000,20.000000,0.000000,0.000000,0.000000,0.000000,0.012160,0.000000,0.910900,19.998547,0.021738,0.240099,20.000000
0.169500,1,"LINK_TORSO_YAW",0.086700,0.200000,0.082800,20.000000,0.000000,0.000000,20.000000,0.000000,0.000000,0.000000,0.000000,0.012160,0.000000,0.910900,19.998558,0.021754,0.239143,20.000000
0.169600,1,"LINK_TORSO_YAW",0.086700,0.200000,0.082900,20.000000,0.000000,0.000000,20.000000,0.000000,0.000000,0.000000,0.000000,0.012160,0.000000,0.910900,19.998570,0.021770,0.238183,20.000000
0.169700,1,"LINK_TORSO_YAW",0.086700,0.200000,0.083000,20.000000,0.000000,0.000000,20.000000,0.000000,0.000000,0.000000,0.000000,0.012160,0.000000,0.910900,19.998581,0.021785,0.237224,20.000000
0.169800,1,"LINK_TORSO_YAW",0.086700,0.200000,0.083100,20.000000,0.000000,0.000000,20.000000,0.000000,0.000000,0.000000,0.000000,0.012160,0.000000,0.910900,19.998593,0.021801,0.236264,20.000000
0.169900,1,"LINK_TORSO_YAW",0.086700,0.200000,0.083200,20.000000,0.000000,0.000000,20.000000,0.000000,0.000000,0.000000,0.000000,0.012160,0.000000,0.910900,19.998604,0.021817,0.235305,20.000000
0.170000,1,"LINK_TORSO_YAW",0.086700,0.200000,0.083300,20.000000,0.000000,0.000000,20.000000,0.000000,0.000000,0.000000,0.000000,0.012160,0.000000,0.910900,19.998615,0.021832,0.234344,20.000000
0.170100,1,"LINK_TORSO_YAW",0.086700,0.200000,0.083400,20.000000,0.000000,0.000000,20.000000,0.000000,0.000000,0.000000,0.000000,0.012160,0.000000,0.910900,19.998626,0.021848,0.233382,20.000000
0.170200,1,"LINK_TORSO_YAW",0.086700,0.200000,0.083500,20.000000,0.000000,0.000000,20.000000,0.000000,0.000000,0.000000,0.000000,0.012160,0.000000,0.910900,19.998638,0.021863,0.232418,20.000000
0.170300,1,"LINK_TORSO_YAW",0.086700,0.200000,0.083600,20.000000,0.000000,0.000000,20.000000,0.000000,0.000000,0.000000,0.000000,0.012160,0.000000,0.910900,19.998649,0.021879,0.231452,20.000000
0.170400,1,"LINK_TORSO_YAW",0.086700,0.200000,0.083700,20.000000,0.000000,0.000000,20.000000,0.000000,0.000000,0.000000,0.000000,0.012160,0.000000,0.910900,19.998660,0.021894,0.230483,20.000000
0.170500,1,"LINK_TORSO_YAW",0.086700,0.200000,0.083800,20.000000,0.000000,0.000000,20.000000,0.000000,0.000000,0.000000,0.000000,0.012160,0.000000,0.910900,19.998671,0.021909,0.229511,20.000000
0.170600,1,"LINK_TORSO_YAW",0.086700,0.200000,0.083900,20.000000,0.000000,0.000000,20.000000,0.000000,0.000000,0.000000,0.000000,0.012160,0.000000,0.910900,19.998682,0.021925,0.228535,20.000000
0.170700,1,"LINK_TORSO_YAW",0.086700,0.200000,0.084000,20.000000,0.000000,0.000000,20.000000,0.000000,0.000000,0.000000,0.000000,0.012160,0.000000,0.910900,19.998693,0.021940,0.227556,20.000000
0.170800,1,"LINK_TORSO_YAW",0.086700,0.200000,0.084100,20.000000,0.000000,0.000000,20.000000,0.000000,0.000000,0.000000,0.000000,0.012160,0.000000,0.910900,19.998704,0.021956,0.226578,20.000000
0.170900,1,"LINK_TORSO_YAW",0.086700,0.200000,0.084200,20.000000,0.000000,0.000000,20.000000,0.000000,0.000000,0.000000,0.000000,0.012160,0.000000,0.910900,19.998716,0.021971,0.225599,20.000000
0.171000,1,"LINK_TORSO_YAW",0.086700,0.200000,0.084300,20.000000,0.000000,0.000000,20.000000,0.000000,0.000000,0.000000,0.000000,0.012160,0.000000,0.910900,19.998727,0.021987,0.224620,20.000000
0.171100,1,"LINK_TORSO_YAW",0.086700,0.200000,0.084400,20.000000,0.000000,0.000000,20.000000,0.000000,0.000000,0.000000,0.000000,0.012160,0.000000,0.910900,19.998737,0.022002,0.223641,20.000000
0.171200,1,"LINK_TORSO_YAW",0.086700,0.200000,0.084500,20.000000,0.000000,0.000000,20.000000,0.000000,0.000000,0.000000,0.000000,0.012160,0.000000,0.910900,19.998748,0.022017,0.222659,20.000000
0.171300,1,"LINK_TORSO_YAW",0.086700,0.200000,0.084600,20.000000,0.000000,0.000000,20.000000,0.000000,0.000000,0.000000,0.000000,0.012160,0.000000,0.910900,19.998759,0.022032,0.221676,20.000000
0.171400,1,"LINK_TORSO_YAW",0.086700,0.200000,0.084700,20.000000,0.000000,0.000000,20.000000,0.000000,0.000000,0.000000,0.000000,0.012160,0.000000,0.910900,19.998770,0.022047,0.220691,20.000000
0.171500,1,"LINK_TORSO_YAW",0.086700,0.200000,0.084800,20.000000,0.000000,0.000000,20.000000,0.000000,0.000000,0.000000,0.000000,0.012160,0.000000,0.910900,19.998781,0.022063,0.219703,20.000000
0.171600,1,"LINK_TORSO_YAW",0.086700,0.200000,0.084900,20.000000,0.000000,0.000000,20.000000,0.000000,0.000000,0.000000,0.000000,0.012160,0.000000,0.910900,19.998792,0.022078,0.218712,20.000000
0.171700,1,"LINK_TORSO_YAW",0.086700,0.200000,0.085000,20.000000,0.000000,0.000000,20.000000,0.000000,0.000000,0.000000,0.000000,0.012160,0.000000,0.910900,19.998803,0.022093,0.217717,20.000000
0.171800,1,"LINK_TORSO_YAW",0.086700,0.200000,0.085100,20.000000,0.000000,0.000000,20.000000,0.000000,0.000000,0.000000,0.000000,0.012160,0.000000,0.910900,19.998814,0.022108,0.216719,20.000000
0.171900,1,"LINK_TORSO_YAW",0.086700,0.200000,0.085200,20.000000,0.000000,0.000000,20.000000,0.000000,0.000000,0.000000,0.000000,0.012160,0.000000,0.910900,19.998824,0.022124,0.215721,20.000000
0.172000,1,"LINK_TORSO_YAW",0.086700,0.200000,0.085300,20.000000,0.000000,0.000000,20.000000,0.000000,0.000000,0.000000,0.000000,0.012160,0.000000,0.910900,19.998835,0.022139,0.214724,20.000000
0.172100,1,"LINK_TORSO_YAW",0.086700,0.200000,0.085400,20.000000,0.000000,0.000000,20.000000,0.000000,0.000000,0.000000,0.000000,0.012160,0.000000,0.910900,19.998846,0.022154,0.213726,20.000000
0.172200,1,"LINK_TORSO_YAW",0.086700,0.200000,0.085500,20.000000,0.000000,0.000000,20.000000,0.000000,0.000000,0.000000,0.000000,0.012160,0.000000,0.910900,19.998856,0.022169,0.212727,20.000000
0.172300,1,"LINK_TORSO_YAW",0.086700,0.200000,0.085600,20.000000,0.000000,0.000000,20.000000,0.000000,0.000000,0.000000,0.000000,0.012160,0.000000,0.910900,19.998867,0.022184,0.211727,20.000000
0.172400,1,"LINK_TORSO_YAW",0.086700,0.200000,0.085700,20.000000,0.000000,0.000000,20.000000,0.000000,0.000000,0.000000,0.000000,0.012160,0.000000,0.910900,19.998878,0.022199,0.210725,20.000000
0.172500,1,"LINK_TORSO_YAW",0.086700,0.200000,0.085800,20.000000,0.000000,0.000000,20.000000,0.000000,0.000000,0.000000,0.000000,0.012160,0.000000,0.910900,19.998888,0.022214,0.209721,20.000000
0.172600,1,"LINK_TORSO_YAW",0.086700,0.200000,0.085900,20.000000,0.000000,0.000000,20.000000,0.000000,0.000000,0.000000,0.000000,0.012160,0.000000,0.910900,19.998899,0.022229,0.208714,20.000000
0.172700,1,"LINK_TORSO_YAW",0.086700,0.200000,0.086000,20.000000,0.000000,0.000000,20.000000,0.000000,0.000000,0.000000,0.000000,0.012160,0.000000,0.910900,19.998909,0.022243,0.207704,20.000000
0.172800,1,"LINK_TORSO_YAW",0.086700,0.200000,0.086100,20.000000,0.000000,0.000000,20.000000,0.000000,0.000000,0.000000,0.000000,0.012160,0.000000,0.910900,19.998920,0.022258,0.206690,20.000000
0.172900,1,"LINK_TORSO_YAW",0.086700,0.200000,0.086200,20.000000,0.000000,0.000000,20.000000,0.000000,0.000000,0.000000,0.000000,0.012160,0.000000,0.910900,19.998930,0.022273,0.205673,20.000000
0.173000,1,"LINK_TORSO_YAW",0.086700,0.200000,0.086300,20.000000,0.000000,0.000000,20.000000,0.000000,0.000000,0.000000,0.000000,0.012160,0.000000,0.910900,19.998940,0.022288,0.204657,20.000000
0.173100,1,"LINK_TORSO_YAW",0.086700,0.200000,0.086400,20.000000,0.000000,0.000000,20.000000,0.000000,0.000000,0.000000,0.000000,0.012160,0.000000,0.910900,19.998951,0.022303,0.203640,20.000000
0.173200,1,"LINK_TORSO_YAW",0.086700,0.200000,0.086500,20.000000,0.000000,0.000000,20.000000,0.000000,0.000000,0.000000,0.000000,0.012160,0.000000,0.910900,19.998961,0.022318,0.202624,20.000000
0.173300,1,"LINK_TORSO_YAW",0.086700,0.200000,0.086600,20.000000,0.000000,0.000000,20.000000,0.000000,0.000000,0.000000,0.000000,0.012160,0.000000,0.910900,19.998971,0.022333,0.201606,20.000000
0.173400,1,"LINK_TORSO_YAW",0.086700,0.200000,0.086700,20.000000,0.000000,0.000000,20.000000,0.000000,0.000000,0.000000,0.000000,0.012160,0.000000,0.910900,19.998982,0.022348,0.200587,20.000000
0.173500,1,"LINK_TORSO_YAW",0.086700,0.200000,0.086800,20.000000,0.000000,0.000000,20.000000,0.000000,0.000000,0.000000,0.000000,0.012160,0.000000,0.910900,19.998992,0.022362,0.199566,20.000000
0.173600,1,"LINK_TORSO_YAW",0.086700,0.200000,0.086900,20.000000,0.000000,0.000000,20.000000,0.000000,0.000000,0.000000,0.000000,0.012160,0.000000,0.910900,19.999002,0.022377,0.198543,20.000000
0.173700,1,"LINK_TORSO_YAW",0.086700,0.200000,0.087000,20.000000,0.000000,0.000000,20.000000,0.000000,0.000000,0.000000,0.000000,0.012160,0.000000,0.910900,19.999012,0.022392,0.197517,20.000000
0.173800,1,"LINK_TORSO_YAW",0.086700,0.200000,0.087100,20.000000,0.000000,0.000000,20.000000,0.000000,0.000000,0.000000,0.000000,0.012160,0.000000,0.910900,19.999022,0.022406,0.196488,20.000000
0.173900,1,"LINK_TORSO_YAW",0.086700,0.200000,0.087200,20.000000,0.000000,0.000000,20.000000,0.000000,0.000000,0.000000,0.000000,0.012160,0.000000,0.910900,19.999032,0.022421,0.195456,20.000000
0.174000,1,"LINK_TORSO_YAW",0.086700,0.200000,0.087300,20.000000,0.000000,0.000000,20.000000,0.000000,0.000000,0.000000,0.000000,0.012160,0.000000,0.910900,19.999042,0.022436,0.194420,20.000000
0.174100,1,"LINK_TORSO_YAW",0.086700,0.200000,0.087400,20.000000,0.000000,0.000000,20.000000,0.000000,0.000000,0.000000,0.000000,0.012160,0.000000,0.910900,19.999052,0.022451,0.193385,20.000000
0.174200,1,"LINK_TORSO_YAW",0.086700,0.200000,0.087500,20.000000,0.000000,0.000000,20.000000,0.000000,0.000000,0.000000,0.000000,0.012160,0.000000,0.910900,19.999062,0.022465,0.192350,20.000000
0.174300,1,"LINK_TORSO_YAW",0.086700,0.200000,0.087600,20.000000,0.000000,0.000000,20.000000,0.000000,0.000000,0.000000,0.000000,0.012160,0.000000,0.910900,19.999072,0.022480,0.191314,20.000000
0.174400,1,"LINK_TORSO_YAW",0.086700,0.200000,0.087700,20.000000,0.000000,0.000000,20.000000,0.000000,0.000000,0.000000,0.000000,0.012160,0.000000,0.910900,19.999082,0.022494,0.190278,20.000000
0.174500,1,"LINK_TORSO_YAW",0.086700,0.200000,0.087800,20.000000,0.000000,0.000000,20.000000,0.000000,0.000000,0.000000,0.000000,0.012160,0.000000,0.910900,19.999092,0.022509,0.189240,20.000000
0.174600,1,"LINK_TORSO_YAW",0.086700,0.200000,0.087900,20.000000,0.000000,0.000000,20.000000,0.000000,0.000000,0.000000,0.000000,0.012160,0.000000,0.910900,19.999102,0.022524,0.188200,20.000000
0.174700,1,"LINK_TORSO_YAW",0.086700,0.200000,0.088000,20.000000,0.000000,0.000000,20.000000,0.000000,0.000000,0.000000,0.000000,0.012160,0.000000,0.910900,19.999112,0.022538,0.187159,20.000000
0.174800,1,"LINK_TORSO_YAW",0.086700,0.200000,0.088100,20.000000,0.000000,0.000000,20.000000,0.000000,0.000000,0.000000,0.000000,0.012160,0.000000,0.910900,19.999121,0.022553,0.186114,20.000000
0.174900,1,"LINK_TORSO_YAW",0.086700,0.200000,0.088200,20.000000,0.000000,0.000000,20.000000,0.000000,0.000000,0.000000,0.000000,0.012160,0.000000,0.910900,19.999131,0.022567,0.185066,20.000000
0.175000,1,"LINK_TORSO_YAW",0.086700,0.200000,0.088300,20.000000,0.000000,0.000000,20.000000,0.000000,0.000000,0.000000,0.000000,0.012160,0.000000,0.910900,19.999141,0.022582,0.184016,20.000000
0.175100,1,"LINK_TORSO_YAW",0.086700,0.200000,0.088400,20.000000,0.000000,0.000000,20.000000,0.000000,0.000000,0.000000,0.000000,0.012160,0.000000,0.910900,19.999150,0.022596,0.182961,20.000000
0.175200,1,"LINK_TORSO_YAW",0.086700,0.200000,0.088500,20.000000,0.000000,0.000000,20.000000,0.000000,0.000000,0.000000,0.000000,0.012160,0.000000,0.910900,19.999160,0.022611,0.181907,20.000000
0.175300,1,"LINK_TORSO_YAW",0.086700,0.200000,0.088600,20.000000,0.000000,0.000000,20.000000,0.000000,0.000000,0.000000,0.000000,0.012160,0.000000,0.910900,19.999169,0.022625,0.180854,20.000000
0.175400,1,"LINK_TORSO_YAW",0.086700,0.200000,0.088700,20.000000,0.000000,0.000000,20.000000,0.000000,0.000000,0.000000,0.000000,0.012160,0.000000,0.910900,19.999179,0.022639,0.179799,20.000000
0.175500,1,"LINK_TORSO_YAW",0.086700,0.200000,0.088800,20.000000,0.000000,0.000000,20.000000,0.000000,0.000000,0.000000,0.000000,0.012160,0.000000,0.910900,19.999188,0.022654,0.178744,20.000000
0.175600,1,"LINK_TORSO_YAW",0.086700,0.200000,0.088900,20.000000,0.000000,0.000000,20.000000,0.000000,0.000000,0.000000,0.000000,0.012160,0.000000,0.910900,19.999198,0.022668,0.177688,20.000000
0.175700,1,"LINK_TORSO_YAW",0.086700,0.200000,0.089000,20.000000,0.000000,0.000000,20.000000,0.000000,0.000000,0.000000,0.000000,0.012160,0.000000,0.910900,19.999207,0.022682,0.176630,20.000000
0.175800,1,"LINK_TORSO_YAW",0.086700,0.200000,0.089100,20.000000,0.000000,0.000000,20.000000,0.000000,0.000000,0.000000,0.000000,0.012160,0.000000,0.910900,19.999216,0.022697,0.175569,20.000000
0.175900,1,"LINK_TORSO_YAW",0.086700,0.200000,0.089200,20.000000,0.000000,0.000000,20.000000,0.000000,0.000000,0.000000,0.000000,0.012160,0.000000,0.910900,19.999226,0.022711,0.174506,20.000000
0.176000,1,"LINK_TORSO_YAW",0.086700,0.200000,0.089300,20.000000,0.000000,0.000000,20.000000,0.000000,0.000000,0.000000,0.000000,0.012160,0.000000,0.910900,19.999235,0.022725,0.173440,20.000000
0.176100,1,"LINK_TORSO_YAW",0.086700,0.200000,0.089400,20.000000,0.000000,0.000000,20.000000,0.000000,0.000000,0.000000,0.000000,0.012160,0.000000,0.910900,19.999244,0.022740,0.172371,20.000000
0.176200,1,"LINK_TORSO_YAW",0.086700,0.200000,0.089500,20.000000,0.000000,0.000000,20.000000,0.000000,0.000000,0.000000,0.000000,0.012160,0.000000,0.910900,19.999253,0.022754,0.171298,20.000000
0.176300,1,"LINK_TORSO_YAW",0.086700,0.200000,0.089600,20.000000,0.000000,0.000000,20.000000,0.000000,0.000000,0.000000,0.000000,0.012160,0.000000,0.910900,19.999263,0.022768,0.170225,20.000000
0.176400,1,"LINK_TORSO_YAW",0.086700,0.200000,0.089700,20.000000,0.000000,0.000000,20.000000,0.000000,0.000000,0.000000,0.000000,0.012160,0.000000,0.910900,19.999272,0.022783,0.169153,20.000000
0.176500,1,"LINK_TORSO_YAW",0.086700,0.200000,0.089800,20.000000,0.000000,0.000000,20.000000,0.000000,0.000000,0.000000,0.000000,0.012160,0.000000,0.910900,19.999281,0.022797,0.168080,20.000000
0.176600,1,"LINK_TORSO_YAW",0.086700,0.200000,0.089900,20.000000,0.000000,0.000000,20.000000,0.000000,0.000000,0.000000,0.000000,0.012160,0.000000,0.910900,19.999290,0.022811,0.167007,20.000000
0.176700,1,"LINK_TORSO_YAW",0.086700,0.200000,0.090000,20.000000,0.000000,0.000000,20.000000,0.000000,0.000000,0.000000,0.000000,0.012160,0.000000,0.910900,19.999299,0.022825,0.165932,20.000000
0.176800,1,"LINK_TORSO_YAW",0.086700,0.200000,0.090100,20.000000,0.000000,0.000000,20.000000,0.000000,0.000000,0.000000,0.000000,0.012160,0.000000,0.910900,19.999308,0.022839,0.164855,20.000000
0.176900,1,"LINK_TORSO_YAW",0.086700,0.200000,0.090200,20.000000,0.000000,0.000000,20.000000,0.000000,0.000000,0.000000,0.000000,0.012160,0.000000,0.910900,19.999316,0.022853,0.163776,20.000000
0.177000,1,"LINK_TORSO_YAW",0.086700,0.200000,0.090300,20.000000,0.000000,0.000000,20.000000,0.000000,0.000000,0.000000,0.000000,0.012160,0.000000,0.910900,19.999325,0.022867,0.162694,20.000000
0.177100,1,"LINK_TORSO_YAW",0.086700,0.200000,0.090400,20.000000,0.000000,0.000000,20.000000,0.000000,0.000000,0.000000,0.000000,0.012160,0.000000,0.910900,19.999334,0.022881,0.161610,20.000000
0.177200,1,"LINK_TORSO_YAW",0.086700,0.200000,0.090500,20.000000,0.000000,0.000000,20.000000,0.000000,0.000000,0.000000,0.000000,0.012160,0.000000,0.910900,19.999343,0.022896,0.160522,20.000000
0.177300,1,"LINK_TORSO_YAW",0.086700,0.200000,0.090600,20.000000,0.000000,0.000000,20.000000,0.000000,0.000000,0.000000,0.000000,0.012160,0.000000,0.910900,19.999351,0.022910,0.159431,20.000000
0.177400,1,"LINK_TORSO_YAW",0.086700,0.200000,0.090700,20.000000,0.000000,0.000000,20.000000,0.000000,0.000000,0.000000,0.000000,0.012160,0.000000,0.910900,19.999360,0.022924,0.158340,20.000000
0.177500,1,"LINK_TORSO_YAW",0.086700,0.200000,0.090800,20.000000,0.000000,0.000000,20.000000,0.000000,0.000000,0.000000,0.000000,0.012160,0.000000,0.910900,19.999369,0.022938,0.157249,20.000000
0.177600,1,"LINK_TORSO_YAW",0.086700,0.200000,0.090900,20.000000,0.000000,0.000000,20.000000,0.000000,0.000000,0.000000,0.000000,0.012160,0.000000,0.910900,19.999377,0.022952,0.156158,20.000000
0.177700,1,"LINK_TORSO_YAW",0.086700,0.200000,0.091000,20.000000,0.000000,0.000000,20.000000,0.000000,0.000000,0.000000,0.000000,0.012160,0.000000,0.910900,19.999386,0.022966,0.155066,20.000000
0.177800,1,"LINK_TORSO_YAW",0.086700,0.200000,0.091100,20.000000,0.000000,0.000000,20.000000,0.000000,0.000000,0.000000,0.000000,0.012160,0.000000,0.910900,19.999394,0.022980,0.153973,20.000000
0.177900,1,"LINK_TORSO_YAW",0.086700,0.200000,0.091200,20.000000,0.000000,0.000000,20.000000,0.000000,0.000000,0.000000,0.000000,0.012160,0.000000,0.910900,19.999402,0.022994,0.152878,20.000000
0.178000,1,"LINK_TORSO_YAW",0.086700,0.200000,0.091300,20.000000,0.000000,0.000000,20.000000,0.000000,0.000000,0.000000,0.000000,0.012160,0.000000,0.910900,19.999411,0.023008,0.151780,20.000000
0.178100,1,"LINK_TORSO_YAW",0.086700,0.200000,0.091400,20.000000,0.000000,0.000000,20.000000,0.000000,0.000000,0.000000,0.000000,0.012160,0.000000,0.910900,19.999419,0.023022,0.150680,20.000000
0.178200,1,"LINK_TORSO_YAW",0.086700,0.200000,0.091500,20.000000,0.000000,0.000000,20.000000,0.000000,0.000000,0.000000,0.000000,0.012160,0.000000,0.910900,19.999427,0.023036,0.149578,20.000000
0.178300,1,"LINK_TORSO_YAW",0.086700,0.200000,0.091600,20.000000,0.000000,0.000000,20.000000,0.000000,0.000000,0.000000,0.000000,0.012160,0.000000,0.910900,19.999436,0.023050,0.148472,20.000000
0.178400,1,"LINK_TORSO_YAW",0.086700,0.200000,0.091700,20.000000,0.000000,0.000000,20.000000,0.000000,0.000000,0.000000,0.000000,0.012160,0.000000,0.910900,19.999444,0.023064,0.147362,20.000000
0.178500,1,"LINK_TORSO_YAW",0.086700,0.200000,0.091800,20.000000,0.000000,0.000000,20.000000,0.000000,0.000000,0.000000,0.000000,0.012160,0.000000,0.910900,19.999452,0.023078,0.146253,20.000000
0.178600,1,"LINK_TORSO_YAW",0.086700,0.200000,0.091900,20.000000,0.000000,0.000000,20.000000,0.000000,0.000000,0.000000,0.000000,0.012160,0.000000,0.910900,19.999460,0.023091,0.145144,20.000000
0.178700,1,"LINK_TORSO_YAW",0.086700,0.200000,0.092000,20.000000,0.000000,0.000000,20.000000,0.000000,0.000000,0.000000,0.000000,0.012160,0.000000,0.910900,19.999468,0.023105,0.144034,20.000000
0.178800,1,"LINK_TORSO_YAW",0.086700,0.200000,0.092100,20.000000,0.000000,0.000000,20.000000,0.000000,0.000000,0.000000,0.000000,0.012160,0.000000,0.910900,19.999476,0.023119,0.142924,20.000000
0.178900,1,"LINK_TORSO_YAW",0.086700,0.200000,0.092200,20.000000,0.000000,0.000000,20.000000,0.000000,0.000000,0.000000,0.000000,0.012160,0.000000,0.910900,19.999484,0.023133,0.141813,20.000000
0.179000,1,"LINK_TORSO_YAW",0.086700,0.200000,0.092300,20.000000,0.000000,0.000000,20.000000,0.000000,0.000000,0.000000,0.000000,0.012160,0.000000,0.910900,19.999492,0.023147,0.140699,20.000000
0.179100,1,"LINK_TORSO_YAW",0.086700,0.200000,0.092400,20.000000,0.000000,0.000000,20.000000,0.000000,0.000000,0.000000,0.000000,0.012160,0.000000,0.910900,19.999499,0.023160,0.139584,20.000000
0.179200,1,"LINK_TORSO_YAW",0.086700,0.200000,0.092500,20.000000,0.000000,0.000000,20.000000,0.000000,0.000000,0.000000,0.000000,0.012160,0.000000,0.910900,19.999507,0.023174,0.138465,20.000000
0.179300,1,"LINK_TORSO_YAW",0.086700,0.200000,0.092600,20.000000,0.000000,0.000000,20.000000,0.000000,0.000000,0.000000,0.000000,0.012160,0.000000,0.910900,19.999515,0.023188,0.137345,20.000000
0.179400,1,"LINK_TORSO_YAW",0.086700,0.200000,0.092700,20.000000,0.000000,0.000000,20.000000,0.000000,0.000000,0.000000,0.000000,0.012160,0.000000,0.910900,19.999523,0.023202,0.136220,20.000000
0.179500,1,"LINK_TORSO_YAW",0.086700,0.200000,0.092800,20.000000,0.000000,0.000000,20.000000,0.000000,0.000000,0.000000,0.000000,0.012160,0.000000,0.910900,19.999530,0.023215,0.135097,20.000000
0.179600,1,"LINK_TORSO_YAW",0.086700,0.200000,0.092900,20.000000,0.000000,0.000000,20.000000,0.000000,0.000000,0.000000,0.000000,0.012160,0.000000,0.910900,19.999538,0.023229,0.133974,20.000000
0.179700,1,"LINK_TORSO_YAW",0.086700,0.200000,0.093000,20.000000,0.000000,0.000000,20.000000,0.000000,0.000000,0.000000,0.000000,0.012160,0.000000,0.910900,19.999545,0.023243,0.132850,20.000000
0.179800,1,"LINK_TORSO_YAW",0.086700,0.200000,0.093100,20.000000,0.000000,0.000000,20.000000,0.000000,0.000000,0.000000,0.000000,0.012160,0.000000,0.910900,19.999553,0.023256,0.131725,20.000000
0.179900,1,"LINK_TORSO_YAW",0.086700,0.200000,0.093200,20.000000,0.000000,0.000000,20.000000,0.000000,0.000000,0.000000,0.000000,0.012160,0.000000,0.910900,19.999560,0.023270,0.130599,20.000000
0.180000,1,"LINK_TORSO_YAW",0.086700,0.200000,0.093300,20.000000,0.000000,0.000000,20.000000,0.000000,0.000000,0.000000,0.000000,0.012160,0.000000,0.910900,19.999567,0.023284,0.129471,20.000000
0.180100,1,"LINK_TORSO_YAW",0.086700,0.200000,0.093400,20.000000,0.000000,0.000000,20.000000,0.000000,0.000000,0.000000,0.000000,0.012160,0.000000,0.910900,19.999575,0.023297,0.128342,20.000000
0.180200,1,"LINK_TORSO_YAW",0.086700,0.200000,0.093500,20.000000,0.000000,0.000000,20.000000,0.000000,0.000000,0.000000,0.000000,0.012160,0.000000,0.910900,19.999582,0.023311,0.127209,20.000000
0.180300,1,"LINK_TORSO_YAW",0.086700,0.200000,0.093600,20.000000,0.000000,0.000000,20.000000,0.000000,0.000000,0.000000,0.000000,0.012160,0.000000,0.910900,19.999589,0.023324,0.126074,20.000000
0.180400,1,"LINK_TORSO_YAW",0.086700,0.200000,0.093700,20.000000,0.000000,0.000000,20.000000,0.000000,0.000000,0.000000,0.000000,0.012160,0.000000,0.910900,19.999596,0.023338,0.124935,20.000000
0.180500,1,"LINK_TORSO_YAW",0.086700,0.200000,0.093800,20.000000,0.000000,0.000000,20.000000,0.000000,0.000000,0.000000,0.000000,0.012160,0.000000,0.910900,19.999603,0.023351,0.123798,20.000000
0.180600,1,"LINK_TORSO_YAW",0.086700,0.200000,0.093900,20.000000,0.000000,0.000000,20.000000,0.000000,0.000000,0.000000,0.000000,0.012160,0.000000,0.910900,19.999610,0.023365,0.122660,20.000000
0.180700,1,"LINK_TORSO_YAW",0.086700,0.200000,0.094000,20.000000,0.000000,0.000000,20.000000,0.000000,0.000000,0.000000,0.000000,0.012160,0.000000,0.910900,19.999617,0.023378,0.121522,20.000000
0.180800,1,"LINK_TORSO_YAW",0.086700,0.200000,0.094100,20.000000,0.000000,0.000000,20.000000,0.000000,0.000000,0.000000,0.000000,0.012160,0.000000,0.910900,19.999624,0.023392,0.120383,20.000000
0.180900,1,"LINK_TORSO_YAW",0.086700,0.200000,0.094200,20.000000,0.000000,0.000000,20.000000,0.000000,0.000000,0.000000,0.000000,0.012160,0.000000,0.910900,19.999631,0.023405,0.119243,20.000000
0.181000,1,"LINK_TORSO_YAW",0.086700,0.200000,0.094300,20.000000,0.000000,0.000000,20.000000,0.000000,0.000000,0.000000,0.000000,0.012160,0.000000,0.910900,19.999638,0.023419,0.118101,20.000000
0.181100,1,"LINK_TORSO_YAW",0.086700,0.200000,0.094400,20.000000,0.000000,0.000000,20.000000,0.000000,0.000000,0.000000,0.000000,0.012160,0.000000,0.910900,19.999644,0.023432,0.116957,20.000000
0.181200,1,"LINK_TORSO_YAW",0.086700,0.200000,0.094500,20.000000,0.000000,0.000000,20.000000,0.000000,0.000000,0.000000,0.000000,0.012160,0.000000,0.910900,19.999651,0.023445,0.115810,20.000000
0.181300,1,"LINK_TORSO_YAW",0.086700,0.200000,0.094600,20.000000,0.000000,0.000000,20.000000,0.000000,0.000000,0.000000,0.000000,0.012160,0.000000,0.910900,19.999658,0.023459,0.114660,20.000000
0.181400,1,"LINK_TORSO_YAW",0.086700,0.200000,0.094700,20.000000,0.000000,0.000000,20.000000,0.000000,0.000000,0.000000,0.000000,0.012160,0.000000,0.910900,19.999664,0.023472,0.113508,20.000000
0.181500,1,"LINK_TORSO_YAW",0.086700,0.200000,0.094800,20.000000,0.000000,0.000000,20.000000,0.000000,0.000000,0.000000,0.000000,0.012160,0.000000,0.910900,19.999671,0.023486,0.112351,20.000000
0.181600,1,"LINK_TORSO_YAW",0.086700,0.200000,0.094900,20.000000,0.000000,0.000000,20.000000,0.000000,0.000000,0.000000,0.000000,0.012160,0.000000,0.910900,19.999677,0.023499,0.111195,20.000000
0.181700,1,"LINK_TORSO_YAW",0.086700,0.200000,0.095000,20.000000,0.000000,0.000000,20.000000,0.000000,0.000000,0.000000,0.000000,0.012160,0.000000,0.910900,19.999683,0.023512,0.110040,20.000000
0.181800,1,"LINK_TORSO_YAW",0.086700,0.200000,0.095100,20.000000,0.000000,0.000000,20.000000,0.000000,0.000000,0.000000,0.000000,0.012160,0.000000,0.910900,19.999690,0.023526,0.108884,20.000000
0.181900,1,"LINK_TORSO_YAW",0.086700,0.200000,0.095200,20.000000,0.000000,0.000000,20.000000,0.000000,0.000000,0.000000,0.000000,0.012160,0.000000,0.910900,19.999696,0.023539,0.107727,20.000000
0.182000,1,"LINK_TORSO_YAW",0.086700,0.200000,0.095300,20.000000,0.000000,0.000000,20.000000,0.000000,0.000000,0.000000,0.000000,0.012160,0.000000,0.910900,19.999702,0.023552,0.106568,20.000000
0.182100,1,"LINK_TORSO_YAW",0.086700,0.200000,0.095400,20.000000,0.000000,0.000000,20.000000,0.000000,0.000000,0.000000,0.000000,0.012160,0.000000,0.910900,19.999708,0.023566,0.105408,20.000000
0.182200,1,"LINK_TORSO_YAW",0.086700,0.200000,0.095500,20.000000,0.000000,0.000000,20.000000,0.000000,0.000000,0.000000,0.000000,0.012160,0.000000,0.910900,19.999714,0.023579,0.104246,20.000000
0.182300,1,"LINK_TORSO_YAW",0.086700,0.200000,0.095600,20.000000,0.000000,0.000000,20.000000,0.000000,0.000000,0.000000,0.000000,0.012160,0.000000,0.910900,19.999720,0.023592,0.103081,20.000000
0.182400,1,"LINK_TORSO_YAW",0.086700,0.200000,0.095700,20.000000,0.000000,0.000000,20.000000,0.000000,0.000000,0.000000,0.000000,0.012160,0.000000,0.910900,19.999726,0.023605,0.101914,20.000000
0.182500,1,"LINK_TORSO_YAW",0.086700,0.200000,0.095800,20.000000,0.000000,0.000000,20.000000,0.000000,0.000000,0.000000,0.000000,0.012160,0.000000,0.910900,19.999732,0.023619,0.100743,20.000000
0.182600,1,"LINK_TORSO_YAW",0.086700,0.200000,0.095900,20.000000,0.000000,0.000000,20.000000,0.000000,0.000000,0.000000,0.000000,0.012160,0.000000,0.910900,19.999738,0.023632,0.099569,20.000000
0.182700,1,"LINK_TORSO_YAW",0.086700,0.200000,0.096000,20.000000,0.000000,0.000000,20.000000,0.000000,0.000000,0.000000,0.000000,0.012160,0.000000,0.910900,19.999744,0.023646,0.098390,20.000000
0.182800,1,"LINK_TORSO_YAW",0.086700,0.200000,0.096100,20.000000,0.000000,0.000000,20.000000,0.000000,0.000000,0.000000,0.000000,0.012160,0.000000,0.910900,19.999750,0.023659,0.097212,20.000000
0.182900,1,"LINK_TORSO_YAW",0.086700,0.200000,0.096200,20.000000,0.000000,0.000000,20.000000,0.000000,0.000000,0.000000,0.000000,0.012160,0.000000,0.910900,19.999755,0.023672,0.096034,20.000000
0.183000,1,"LINK_TORSO_YAW",0.086700,0.200000,0.096300,20.000000,0.000000,0.000000,20.000000,0.000000,0.000000,0.000000,0.000000,0.012160,0.000000,0.910900,19.999761,0.023685,0.094856,20.000000
0.183100,1,"LINK_TORSO_YAW",0.086700,0.200000,0.096400,20.000000,0.000000,0.000000,20.000000,0.000000,0.000000,0.000000,0.000000,0.012160,0.000000,0.910900,19.999767,0.023699,0.093677,20.000000
0.183200,1,"LINK_TORSO_YAW",0.086700,0.200000,0.096500,20.000000,0.000000,0.000000,20.000000,0.000000,0.000000,0.000000,0.000000,0.012160,0.000000,0.910900,19.999772,0.023712,0.092496,20.000000
0.183300,1,"LINK_TORSO_YAW",0.086700,0.200000,0.096600,20.000000,0.000000,0.000000,20.000000,0.000000,0.000000,0.000000,0.000000,0.012160,0.000000,0.910900,19.999777,0.023725,0.091314,20.000000
0.183400,1,"LINK_TORSO_YAW",0.086700,0.200000,0.096700,20.000000,0.000000,0.000000,20.000000,0.000000,0.000000,0.000000,0.000000,0.012160,0.000000,0.910900,19.999783,0.023738,0.090130,20.000000
0.183500,1,"LINK_TORSO_YAW",0.086700,0.200000,0.096800,20.000000,0.000000,0.000000,20.000000,0.000000,0.000000,0.000000,0.000000,0.012160,0.000000,0.910900,19.999788,0.023751,0.088943,20.000000
0.183600,1,"LINK_TORSO_YAW",0.086700,0.200000,0.096900,20.000000,0.000000,0.000000,20.000000,0.000000,0.000000,0.000000,0.000000,0.012160,0.000000,0.910900,19.999793,0.023765,0.087753,20.000000
0.183700,1,"LINK_TORSO_YAW",0.086700,0.200000,0.097000,20.000000,0.000000,0.000000,20.000000,0.000000,0.000000,0.000000,0.000000,0.012160,0.000000,0.910900,19.999799,0.023778,0.086561,20.000000
0.183800,1,"LINK_TORSO_YAW",0.086700,0.200000,0.097100,20.000000,0.000000,0.000000,20.000000,0.000000,0.000000,0.000000,0.000000,0.012160,0.000000,0.910900,19.999804,0.023791,0.085364,20.000000
0.183900,1,"LINK_TORSO_YAW",0.086700,0.200000,0.097200,20.000000,0.000000,0.000000,20.000000,0.000000,0.000000,0.000000,0.000000,0.012160,0.000000,0.910900,19.999809,0.023804,0.084168,20.000000
0.184000,1,"LINK_TORSO_YAW",0.086700,0.200000,0.097300,20.000000,0.000000,0.000000,20.000000,0.000000,0.000000,0.000000,0.000000,0.012160,0.000000,0.910900,19.999814,0.023817,0.082973,20.000000
0.184100,1,"LINK_TORSO_YAW",0.086700,0.200000,0.097400,20.000000,0.000000,0.000000,20.000000,0.000000,0.000000,0.000000,0.000000,0.012160,0.000000,0.910900,19.999819,0.023831,0.081777,20.000000
0.184200,1,"LINK_TORSO_YAW",0.086700,0.200000,0.097500,20.000000,0.000000,0.000000,20.000000,0.000000,0.000000,0.000000,0.000000,0.012160,0.000000,0.910900,19.999823,0.023844,0.080580,20.000000
0.184300,1,"LINK_TORSO_YAW",0.086700,0.200000,0.097600,20.000000,0.000000,0.000000,20.000000,0.000000,0.000000,0.000000,0.000000,0.012160,0.000000,0.910900,19.999828,0.023857,0.079381,20.000000
0.184400,1,"LINK_TORSO_YAW",0.086700,0.200000,0.097700,20.000000,0.000000,0.000000,20.000000,0.000000,0.000000,0.000000,0.000000,0.012160,0.000000,0.910900,19.999833,0.023870,0.078181,20.000000
0.184500,1,"LINK_TORSO_YAW",0.086700,0.200000,0.097800,20.000000,0.000000,0.000000,20.000000,0.000000,0.000000,0.000000,0.000000,0.012160,0.000000,0.910900,19.999838,0.023883,0.076979,20.000000
0.184600,1,"LINK_TORSO_YAW",0.086700,0.200000,0.097900,20.000000,0.000000,0.000000,20.000000,0.000000,0.000000,0.000000,0.000000,0.012160,0.000000,0.910900,19.999842,0.023896,0.075775,20.000000
0.184700,1,"LINK_TORSO_YAW",0.086700,0.200000,0.098000,20.000000,0.000000,0.000000,20.000000,0.000000,0.000000,0.000000,0.000000,0.012160,0.000000,0.910900,19.999847,0.023909,0.074568,20.000000
0.184800,1,"LINK_TORSO_YAW",0.086700,0.200000,0.098100,20.000000,0.000000,0.000000,20.000000,0.000000,0.000000,0.000000,0.000000,0.012160,0.000000,0.910900,19.999851,0.023922,0.073357,20.000000
0.184900,1,"LINK_TORSO_YAW",0.086700,0.200000,0.098200,20.000000,0.000000,0.000000,20.000000,0.000000,0.000000,0.000000,0.000000,0.012160,0.000000,0.910900,19.999856,0.023935,0.072143,20.000000
0.185000,1,"LINK_TORSO_YAW",0.086700,0.200000,0.098300,20.000000,0.000000,0.000000,20.000000,0.000000,0.000000,0.000000,0.000000,0.012160,0.000000,0.910900,19.999860,0.023948,0.070929,20.000000
0.185100,1,"LINK_TORSO_YAW",0.086700,0.200000,0.098400,20.000000,0.000000,0.000000,20.000000,0.000000,0.000000,0.000000,0.000000,0.012160,0.000000,0.910900,19.999864,0.023962,0.069716,20.000000
0.185200,1,"LINK_TORSO_YAW",0.086700,0.200000,0.098500,20.000000,0.000000,0.000000,20.000000,0.000000,0.000000,0.000000,0.000000,0.012160,0.000000,0.910900,19.999868,0.023975,0.068502,20.000000
0.185300,1,"LINK_TORSO_YAW",0.086700,0.200000,0.098600,20.000000,0.000000,0.000000,20.000000,0.000000,0.000000,0.000000,0.000000,0.012160,0.000000,0.910900,19.999872,0.023987,0.067288,20.000000
0.185400,1,"LINK_TORSO_YAW",0.086700,0.200000,0.098700,20.000000,0.000000,0.000000,20.000000,0.000000,0.000000,0.000000,0.000000,0.012160,0.000000,0.910900,19.999876,0.024000,0.066072,20.000000
0.185500,1,"LINK_TORSO_YAW",0.086700,0.200000,0.098800,20.000000,0.000000,0.000000,20.000000,0.000000,0.000000,0.000000,0.000000,0.012160,0.000000,0.910900,19.999880,0.024013,0.064854,20.000000
0.185600,1,"LINK_TORSO_YAW",0.086700,0.200000,0.098900,20.000000,0.000000,0.000000,20.000000,0.000000,0.000000,0.000000,0.000000,0.012160,0.000000,0.910900,19.999884,0.024026,0.063635,20.000000
0.185700,1,"LINK_TORSO_YAW",0.086700,0.200000,0.099000,20.000000,0.000000,0.000000,20.000000,0.000000,0.000000,0.000000,0.000000,0.012160,0.000000,0.910900,19.999888,0.024039,0.062413,20.000000
0.185800,1,"LINK_TORSO_YAW",0.086700,0.200000,0.099100,20.000000,0.000000,0.000000,20.000000,0.000000,0.000000,0.000000,0.000000,0.012160,0.000000,0.910900,19.999892,0.024052,0.061188,20.000000
0.185900,1,"LINK_TORSO_YAW",0.086700,0.200000,0.099200,20.000000,0.000000,0.000000,20.000000,0.000000,0.000000,0.000000,0.000000,0.012160,0.000000,0.910900,19.999896,0.024065,0.059960,20.000000
0.186000,1,"LINK_TORSO_YAW",0.086700,0.200000,0.099300,20.000000,0.000000,0.000000,20.000000,0.000000,0.000000,0.000000,0.000000,0.012160,0.000000,0.910900,19.999899,0.024078,0.058728,20.000000
0.186100,1,"LINK_TORSO_YAW",0.086700,0.200000,0.099400,20.000000,0.000000,0.000000,20.000000,0.000000,0.000000,0.000000,0.000000,0.012160,0.000000,0.910900,19.999903,0.024091,0.057492,20.000000
0.186200,1,"LINK_TORSO_YAW",0.086700,0.200000,0.099500,20.000000,0.000000,0.000000,20.000000,0.000000,0.000000,0.000000,0.000000,0.012160,0.000000,0.910900,19.999906,0.024104,0.056256,20.000000
0.186300,1,"LINK_TORSO_YAW",0.086700,0.200000,0.099600,20.000000,0.000000,0.000000,20.000000,0.000000,0.000000,0.000000,0.000000,0.012160,0.000000,0.910900,19.999910,0.024117,0.055021,20.000000
0.186400,1,"LINK_TORSO_YAW",0.086700,0.200000,0.099700,20.000000,0.000000,0.000000,20.000000,0.000000,0.000000,0.000000,0.000000,0.012160,0.000000,0.910900,19.999913,0.024130,0.053785,20.000000
0.186500,1,"LINK_TORSO_YAW",0.086700,0.200000,0.099800,20.000000,0.000000,0.000000,20.000000,0.000000,0.000000,0.000000,0.000000,0.012160,0.000000,0.910900,19.999916,0.024143,0.052549,20.000000
0.186600,1,"LINK_TORSO_YAW",0.086700,0.200000,0.099900,20.000000,0.000000,0.000000,20.000000,0.000000,0.000000,0.000000,0.000000,0.012160,0.000000,0.910900,19.999920,0.024156,0.051311,20.000000
0.186700,1,"LINK_TORSO_YAW",0.086700,0.200000,0.100000,20.000000,0.000000,0.000000,20.000000,0.000000,0.000000,0.000000,0.000000,0.012160,0.000000,0.910900,19.999923,0.024169,0.050072,20.000000
0.186800,1,"LINK_TORSO_YAW",0.086700,0.200000,0.100100,20.000000,0.000000,0.000000,20.000000,0.000000,0.000000,0.000000,0.000000,0.012160,0.000000,0.910900,19.999926,0.024182,0.048830,20.000000
0.186900,1,"LINK_TORSO_YAW",0.086700,0.200000,0.100200,20.000000,0.000000,0.000000,20.000000,0.000000,0.000000,0.000000,0.000000,0.012160,0.000000,0.910900,19.999929,0.024195,0.047586,20.000000
0.187000,1,"LINK_TORSO_YAW",0.086700,0.200000,0.100300,20.000000,0.000000,0.000000,20.000000,0.000000,0.000000,0.000000,0.000000,0.012160,0.000000,0.910900,19.999932,0.024208,0.046340,20.000000
0.187100,1,"LINK_TORSO_YAW",0.086700,0.200000,0.100400,20.000000,0.000000,0.000000,20.000000,0.000000,0.000000,0.000000,0.000000,0.012160,0.000000,0.910900,19.999935,0.024221,0.045090,20.000000
0.187200,1,"LINK_TORSO_YAW",0.086700,0.200000,0.100500,20.000000,0.000000,0.000000,20.000000,0.000000,0.000000,0.000000,0.000000,0.012160,0.000000,0.910900,19.999937,0.024234,0.043836,20.000000
0.187300,1,"LINK_TORSO_YAW",0.086700,0.200000,0.100600,20.000000,0.000000,0.000000,20.000000,0.000000,0.000000,0.000000,0.000000,0.012160,0.000000,0.910900,19.999940,0.024247,0.042583,20.000000
0.187400,1,"LINK_TORSO_YAW",0.086700,0.200000,0.100700,20.000000,0.000000,0.000000,20.000000,0.000000,0.000000,0.000000,0.000000,0.012160,0.000000,0.910900,19.999943,0.024260,0.041331,20.000000
0.187500,1,"LINK_TORSO_YAW",0.086700,0.200000,0.100800,20.000000,0.000000,0.000000,20.000000,0.000000,0.000000,0.000000,0.000000,0.012160,0.000000,0.910900,19.999945,0.024272,0.040078,20.000000
0.187600,1,"LINK_TORSO_YAW",0.086700,0.200000,0.100900,20.000000,0.000000,0.000000,20.000000,0.000000,0.000000,0.000000,0.000000,0.012160,0.000000,0.910900,19.999948,0.024285,0.038824,20.000000
0.187700,1,"LINK_TORSO_YAW",0.086700,0.200000,0.101000,20.000000,0.000000,0.000000,20.000000,0.000000,0.000000,0.000000,0.000000,0.012160,0.000000,0.910900,19.999950,0.024298,0.037568,20.000000
0.187800,1,"LINK_TORSO_YAW",0.086700,0.200000,0.101100,20.000000,0.000000,0.000000,20.000000,0.000000,0.000000,0.000000,0.000000,0.012160,0.000000,0.910900,19.999952,0.024311,0.036312,20.000000
0.187900,1,"LINK_TORSO_YAW",0.086700,0.200000,0.101200,20.000000,0.000000,0.000000,20.000000,0.000000,0.000000,0.000000,0.000000,0.012160,0.000000,0.910900,19.999954,0.024324,0.035053,20.000000
0.188000,1,"LINK_TORSO_YAW",0.086700,0.200000,0.101300,20.000000,0.000000,0.000000,20.000000,0.000000,0.000000,0.000000,0.000000,0.012160,0.000000,0.910900,19.999957,0.024336,0.033791,20.000000
0.188100,1,"LINK_TORSO_YAW",0.086700,0.200000,0.101400,20.000000,0.000000,0.000000,20.000000,0.000000,0.000000,0.000000,0.000000,0.012160,0.000000,0.910900,19.999959,0.024349,0.032528,20.000000
0.188200,1,"LINK_TORSO_YAW",0.086700,0.200000,0.101500,20.000000,0.000000,0.000000,20.000000,0.000000,0.000000,0.000000,0.000000,0.012160,0.000000,0.910900,19.999961,0.024362,0.031260,20.000000
0.188300,1,"LINK_TORSO_YAW",0.086700,0.200000,0.101600,20.000000,0.000000,0.000000,20.000000,0.000000,0.000000,0.000000,0.000000,0.012160,0.000000,0.910900,19.999963,0.024375,0.029989,20.000000
0.188400,1,"LINK_TORSO_YAW",0.086700,0.200000,0.101700,20.000000,0.000000,0.000000,20.000000,0.000000,0.000000,0.000000,0.000000,0.012160,0.000000,0.910900,19.999965,0.024388,0.028719,20.000000
0.188500,1,"LINK_TORSO_YAW",0.086700,0.200000,0.101800,20.000000,0.000000,0.000000,20.000000,0.000000,0.000000,0.000000,0.000000,0.012160,0.000000,0.910900,19.999966,0.024400,0.027449,20.000000
0.188600,1,"LINK_TORSO_YAW",0.086700,0.200000,0.101900,20.000000,0.000000,0.000000,20.000000,0.000000,0.000000,0.000000,0.000000,0.012160,0.000000,0.910900,19.999968,0.024413,0.026179,20.000000
0.188700,1,"LINK_TORSO_YAW",0.086700,0.200000,0.102000,20.000000,0.000000,0.000000,20.000000,0.000000,0.000000,0.000000,0.000000,0.012160,0.000000,0.910900,19.999970,0.024426,0.024908,20.000000
0.188800,1,"LINK_TORSO_YAW",0.086700,0.200000,0.102100,20.000000,0.000000,0.000000,20.000000,0.000000,0.000000,0.000000,0.000000,0.012160,0.000000,0.910900,19.999971,0.024439,0.023635,20.000000
0.188900,1,"LINK_TORSO_YAW",0.086700,0.200000,0.102200,20.000000,0.000000,0.000000,20.000000,0.000000,0.000000,0.000000,0.000000,0.012160,0.000000,0.910900,19.999973,0.024451,0.022361,20.000000
0.189000,1,"LINK_TORSO_YAW",0.086700,0.200000,0.102300,20.000000,0.000000,0.000000,20.000000,0.000000,0.000000,0.000000,0.000000,0.012160,0.000000,0.910900,19.999974,0.024464,0.021085,20.000000
0.189100,1,"LINK_TORSO_YAW",0.086700,0.200000,0.102400,20.000000,0.000000,0.000000,20.000000,0.000000,0.000000,0.000000,0.000000,0.012160,0.000000,0.910900,19.999975,0.024477,0.019806,20.000000
0.189200,1,"LINK_TORSO_YAW",0.086700,0.200000,0.102500,20.000000,0.000000,0.000000,20.000000,0.000000,0.000000,0.000000,0.000000,0.012160,0.000000,0.910900,19.999976,0.024489,0.018525,20.000000
0.189300,1,"LINK_TORSO_YAW",0.086700,0.200000,0.102600,20.000000,0.000000,0.000000,20.000000,0.000000,0.000000,0.000000,0.000000,0.012160,0.000000,0.910900,19.999978,0.024502,0.017241,20.000000
0.189400,1,"LINK_TORSO_YAW",0.086700,0.200000,0.102700,20.000000,0.000000,0.000000,20.000000,0.000000,0.000000,0.000000,0.000000,0.012160,0.000000,0.910900,19.999979,0.024515,0.015952,20.000000
0.189500,1,"LINK_TORSO_YAW",0.086700,0.200000,0.102800,20.000000,0.000000,0.000000,20.000000,0.000000,0.000000,0.000000,0.000000,0.012160,0.000000,0.910900,19.999980,0.024528,0.014660,20.000000
0.189600,1,"LINK_TORSO_YAW",0.086700,0.200000,0.102900,20.000000,0.000000,0.000000,20.000000,0.000000,0.000000,0.000000,0.000000,0.012160,0.000000,0.910900,19.999980,0.024541,0.013368,20.000000
0.189700,1,"LINK_TORSO_YAW",0.086700,0.200000,0.103000,20.000000,0.000000,0.000000,20.000000,0.000000,0.000000,0.000000,0.000000,0.012160,0.000000,0.910900,19.999981,0.024553,0.012076,20.000000
0.189800,1,"LINK_TORSO_YAW",0.086700,0.200000,0.103100,20.000000,0.000000,0.000000,20.000000,0.000000,0.000000,0.000000,0.000000,0.012160,0.000000,0.910900,19.999982,0.024566,0.010784,20.000000
0.189900,1,"LINK_TORSO_YAW",0.086700,0.200000,0.103200,20.000000,0.000000,0.000000,20.000000,0.000000,0.000000,0.000000,0.000000,0.012160,0.000000,0.910900,19.999983,0.024579,0.009492,20.000000
0.190000,1,"LINK_TORSO_YAW",0.086700,0.200000,0.103300,20.000000,0.000000,0.000000,20.000000,0.000000,0.000000,0.000000,0.000000,0.012160,0.000000,0.910900,19.999983,0.024591,0.008198,20.000000
0.190100,1,"LINK_TORSO_YAW",0.086700,0.200000,0.103400,20.000000,0.000000,0.000000,20.000000,0.000000,0.000000,0.000000,0.000000,0.012160,0.000000,0.910900,19.999984,0.024604,0.006902,20.000000
0.190200,1,"LINK_TORSO_YAW",0.086700,0.200000,0.103500,20.000000,0.000000,0.000000,20.000000,0.000000,0.000000,0.000000,0.000000,0.012160,0.000000,0.910900,19.999984,0.024617,0.005604,20.000000
0.190300,1,"LINK_TORSO_YAW",0.086700,0.200000,0.103600,20.000000,0.000000,0.000000,20.000000,0.000000,0.000000,0.000000,0.000000,0.012160,0.000000,0.910900,19.999984,0.024629,0.004304,20.000000
0.190400,1,"LINK_TORSO_YAW",0.086700,0.200000,0.103700,20.000000,0.000000,0.000000,20.000000,0.000000,0.000000,0.000000,0.000000,0.012160,0.000000,0.910900,19.999985,0.024642,0.003002,20.000000
0.190500,1,"LINK_TORSO_YAW",0.086700,0.200000,0.103800,20.000000,0.000000,0.000000,20.000000,0.000000,0.000000,0.000000,0.000000,0.012160,0.000000,0.910900,19.999985,0.024655,0.001700,20.000000
0.190600,1,"LINK_TORSO_YAW",0.086700,0.200000,0.103900,20.000000,0.000000,0.000000,20.000000,0.000000,0.000000,0.000000,0.000000,0.012160,0.000000,0.910900,19.999985,0.024667,0.000398,20.000000
0.190700,1,"LINK_TORSO_YAW",0.086700,0.200000,0.104000,20.000000,0.000000,0.000000,20.000000,0.000000,0.000000,0.000000,0.000000,0.012160,0.000000,0.910900,19.999985,0.024680,-0.000904,20.000000
0.190800,1,"LINK_TORSO_YAW",0.086700,0.200000,0.104100,20.000000,0.000000,0.000000,20.000000,0.000000,0.000000,0.000000,0.000000,0.012160,0.000000,0.910900,19.999985,0.024692,-0.002207,20.000000
0.190900,1,"LINK_TORSO_YAW",0.086700,0.200000,0.104200,20.000000,0.000000,0.000000,20.000000,0.000000,0.000000,0.000000,0.000000,0.012160,0.000000,0.910900,19.999984,0.024705,-0.003511,20.000000
0.191000,1,"LINK_TORSO_YAW",0.086700,0.200000,0.104300,20.000000,0.000000,0.000000,20.000000,0.000000,0.000000,0.000000,0.000000,0.012160,0.000000,0.910900,19.999984,0.024717,-0.004817,20.000000
0.191100,1,"LINK_TORSO_YAW",0.086700,0.200000,0.104400,20.000000,0.000000,0.000000,20.000000,0.000000,0.000000,0.000000,0.000000,0.012160,0.000000,0.910900,19.999984,0.024730,-0.006124,20.000000
0.191200,1,"LINK_TORSO_YAW",0.086700,0.200000,0.104500,20.000000,0.000000,0.000000,20.000000,0.000000,0.000000,0.000000,0.000000,0.012160,0.000000,0.910900,19.999983,0.024742,-0.007434,20.000000
0.191300,1,"LINK_TORSO_YAW",0.086700,0.200000,0.104600,20.000000,0.000000,0.000000,20.000000,0.000000,0.000000,0.000000,0.000000,0.012160,0.000000,0.910900,19.999983,0.024755,-0.008747,20.000000
0.191400,1,"LINK_TORSO_YAW",0.086700,0.200000,0.104700,20.000000,0.000000,0.000000,20.000000,0.000000,0.000000,0.000000,0.000000,0.012160,0.000000,0.910900,19.999982,0.024767,-0.010063,20.000000
0.191500,1,"LINK_TORSO_YAW",0.086700,0.200000,0.104800,20.000000,0.000000,0.000000,20.000000,0.000000,0.000000,0.000000,0.000000,0.012160,0.000000,0.910900,19.999981,0.024780,-0.011383,20.000000
0.191600,1,"LINK_TORSO_YAW",0.086700,0.200000,0.104900,20.000000,0.000000,0.000000,20.000000,0.000000,0.000000,0.000000,0.000000,0.012160,0.000000,0.910900,19.999981,0.024792,-0.012702,20.000000
0.191700,1,"LINK_TORSO_YAW",0.086700,0.200000,0.105000,20.000000,0.000000,0.000000,20.000000,0.000000,0.000000,0.000000,0.000000,0.012160,0.000000,0.910900,19.999980,0.024805,-0.014020,20.000000
0.191800,1,"LINK_TORSO_YAW",0.086700,0.200000,0.105100,20.000000,0.000000,0.000000,20.000000,0.000000,0.000000,0.000000,0.000000,0.012160,0.000000,0.910900,19.999979,0.024817,-0.015340,20.000000
0.191900,1,"LINK_TORSO_YAW",0.086700,0.200000,0.105200,20.000000,0.000000,0.000000,20.000000,0.000000,0.000000,0.000000,0.000000,0.012160,0.000000,0.910900,19.999978,0.024830,-0.016660,20.000000
0.192000,1,"LINK_TORSO_YAW",0.086700,0.200000,0.105300,20.000000,0.000000,0.000000,20.000000,0.000000,0.000000,0.000000,0.000000,0.012160,0.000000,0.910900,19.999976,0.024842,-0.017981,20.000000
0.192100,1,"LINK_TORSO_YAW",0.086700,0.200000,0.105400,20.000000,0.000000,0.000000,20.000000,0.000000,0.000000,0.000000,0.000000,0.012160,0.000000,0.910900,19.999975,0.024855,-0.019304,20.000000
0.192200,1,"LINK_TORSO_YAW",0.086700,0.200000,0.105500,20.000000,0.000000,0.000000,20.000000,0.000000,0.000000,0.000000,0.000000,0.012160,0.000000,0.910900,19.999974,0.024867,-0.020628,20.000000
0.192300,1,"LINK_TORSO_YAW",0.086700,0.200000,0.105600,20.000000,0.000000,0.000000,20.000000,0.000000,0.000000,0.000000,0.000000,0.012160,0.000000,0.910900,19.999972,0.024879,-0.021955,20.000000
0.192400,1,"LINK_TORSO_YAW",0.086700,0.200000,0.105700,20.000000,0.000000,0.000000,20.000000,0.000000,0.000000,0.000000,0.000000,0.012160,0.000000,0.910900,19.999971,0.024892,-0.023285,20.000000
0.192500,1,"LINK_TORSO_YAW",0.086700,0.200000,0.105800,20.000000,0.000000,0.000000,20.000000,0.000000,0.000000,0.000000,0.000000,0.012160,0.000000,0.910900,19.999969,0.024904,-0.024618,20.000000
0.192600,1,"LINK_TORSO_YAW",0.086700,0.200000,0.105900,20.000000,0.000000,0.000000,20.000000,0.000000,0.000000,0.000000,0.000000,0.012160,0.000000,0.910900,19.999968,0.024917,-0.025950,20.000000
0.192700,1,"LINK_TORSO_YAW",0.086700,0.200000,0.106000,20.000000,0.000000,0.000000,20.000000,0.000000,0.000000,0.000000,0.000000,0.012160,0.000000,0.910900,19.999966,0.024929,-0.027282,20.000000
0.192800,1,"LINK_TORSO_YAW",0.086700,0.200000,0.106100,20.000000,0.000000,0.000000,20.000000,0.000000,0.000000,0.000000,0.000000,0.012160,0.000000,0.910900,19.999964,0.024941,-0.028614,20.000000
0.192900,1,"LINK_TORSO_YAW",0.086700,0.200000,0.106200,20.000000,0.000000,0.000000,20.000000,0.000000,0.000000,0.000000,0.000000,0.012160,0.000000,0.910900,19.999962,0.024954,-0.029948,20.000000
0.193000,1,"LINK_TORSO_YAW",0.086700,0.200000,0.106300,20.000000,0.000000,0.000000,20.000000,0.000000,0.000000,0.000000,0.000000,0.012160,0.000000,0.910900,19.999960,0.024966,-0.031282,20.000000
0.193100,1,"LINK_TORSO_YAW",0.086700,0.200000,0.106400,20.000000,0.000000,0.000000,20.000000,0.000000,0.000000,0.000000,0.000000,0.012160,0.000000,0.910900,19.999958,0.024978,-0.032618,20.000000
0.193200,1,"LINK_TORSO_YAW",0.086700,0.200000,0.106500,20.000000,0.000000,0.000000,20.000000,0.000000,0.000000,0.000000,0.000000,0.012160,0.000000,0.910900,19.999956,0.024991,-0.033956,20.000000
0.193300,1,"LINK_TORSO_YAW",0.086700,0.200000,0.106600,20.000000,0.000000,0.000000,20.000000,0.000000,0.000000,0.000000,0.000000,0.012160,0.000000,0.910900,19.999953,0.025003,-0.035296,20.000000
0.193400,1,"LINK_TORSO_YAW",0.086700,0.200000,0.106700,20.000000,0.000000,0.000000,20.000000,0.000000,0.000000,0.000000,0.000000,0.012160,0.000000,0.910900,19.999951,0.025015,-0.036639,20.000000
0.193500,1,"LINK_TORSO_YAW",0.086700,0.200000,0.106800,20.000000,0.000000,0.000000,20.000000,0.000000,0.000000,0.000000,0.000000,0.012160,0.000000,0.910900,19.999948,0.025028,-0.037985,20.000000
0.193600,1,"LINK_TORSO_YAW",0.086700,0.200000,0.106900,20.000000,0.000000,0.000000,20.000000,0.000000,0.000000,0.000000,0.000000,0.012160,0.000000,0.910900,19.999946,0.025040,-0.039335,20.000000
0.193700,1,"LINK_TORSO_YAW",0.086700,0.200000,0.107000,20.000000,0.000000,0.000000,20.000000,0.000000,0.000000,0.000000,0.000000,0.012160,0.000000,0.910900,19.999943,0.025052,-0.040684,20.000000
0.193800,1,"LINK_TORSO_YAW",0.086700,0.200000,0.107100,20.000000,0.000000,0.000000,20.000000,0.000000,0.000000,0.000000,0.000000,0.012160,0.000000,0.910900,19.999940,0.025065,-0.042033,20.000000
0.193900,1,"LINK_TORSO_YAW",0.086700,0.200000,0.107200,20.000000,0.000000,0.000000,20.000000,0.000000,0.000000,0.000000,0.000000,0.012160,0.000000,0.910900,19.999937,0.025077,-0.043383,20.000000
0.194000,1,"LINK_TORSO_YAW",0.086700,0.200000,0.107300,20.000000,0.000000,0.000000,20.000000,0.000000,0.000000,0.000000,0.000000,0.012160,0.000000,0.910900,19.999934,0.025089,-0.044733,20.000000
0.194100,1,"LINK_TORSO_YAW",0.086700,0.200000,0.107400,20.000000,0.000000,0.000000,20.000000,0.000000,0.000000,0.000000,0.000000,0.012160,0.000000,0.910900,19.999931,0.025101,-0.046084,20.000000
0.194200,1,"LINK_TORSO_YAW",0.086700,0.200000,0.107500,20.000000,0.000000,0.000000,20.000000,0.000000,0.000000,0.000000,0.000000,0.012160,0.000000,0.910900,19.999928,0.025114,-0.047437,20.000000
0.194300,1,"LINK_TORSO_YAW",0.086700,0.200000,0.107600,20.000000,0.000000,0.000000,20.000000,0.000000,0.000000,0.000000,0.000000,0.012160,0.000000,0.910900,19.999925,0.025126,-0.048792,20.000000
0.194400,1,"LINK_TORSO_YAW",0.086700,0.200000,0.107700,20.000000,0.000000,0.000000,20.000000,0.000000,0.000000,0.000000,0.000000,0.012160,0.000000,0.910900,19.999921,0.025138,-0.050149,20.000000
0.194500,1,"LINK_TORSO_YAW",0.086700,0.200000,0.107800,20.000000,0.000000,0.000000,20.000000,0.000000,0.000000,0.000000,0.000000,0.012160,0.000000,0.910900,19.999918,0.025150,-0.051509,20.000000
0.194600,1,"LINK_TORSO_YAW",0.086700,0.200000,0.107900,20.000000,0.000000,0.000000,20.000000,0.000000,0.000000,0.000000,0.000000,0.012160,0.000000,0.910900,19.999914,0.025163,-0.052872,20.000000
0.194700,1,"LINK_TORSO_YAW",0.086700,0.200000,0.108000,20.000000,0.000000,0.000000,20.000000,0.000000,0.000000,0.000000,0.000000,0.012160,0.000000,0.910900,19.999911,0.025175,-0.054238,20.000000
0.194800,1,"LINK_TORSO_YAW",0.086700,0.200000,0.108100,20.000000,0.000000,0.000000,20.000000,0.000000,0.000000,0.000000,0.000000,0.012160,0.000000,0.910900,19.999907,0.025187,-0.055605,20.000000
0.194900,1,"LINK_TORSO_YAW",0.086700,0.200000,0.108200,20.000000,0.000000,0.000000,20.000000,0.000000,0.000000,0.000000,0.000000,0.012160,0.000000,0.910900,19.999903,0.025200,-0.056970,20.000000
0.195000,1,"LINK_TORSO_YAW",0.086700,0.200000,0.108300,20.000000,0.000000,0.000000,20.000000,0.000000,0.000000,0.000000,0.000000,0.012160,0.000000,0.910900,19.999899,0.025212,-0.058337,20.000000
0.195100,1,"LINK_TORSO_YAW",0.086700,0.200000,0.108400,20.000000,0.000000,0.000000,20.000000,0.000000,0.000000,0.000000,0.000000,0.012160,0.000000,0.910900,19.999895,0.025224,-0.059704,20.000000
0.195200,1,"LINK_TORSO_YAW",0.086700,0.200000,0.108500,20.000000,0.000000,0.000000,20.000000,0.000000,0.000000,0.000000,0.000000,0.012160,0.000000,0.910900,19.999891,0.025236,-0.061072,20.000000
0.195300,1,"LINK_TORSO_YAW",0.086700,0.200000,0.108600,20.000000,0.000000,0.000000,20.000000,0.000000,0.000000,0.000000,0.000000,0.012160,0.000000,0.910900,19.999887,0.025248,-0.062442,20.000000
0.195400,1,"LINK_TORSO_YAW",0.086700,0.200000,0.108700,20.000000,0.000000,0.000000,20.000000,0.000000,0.000000,0.000000,0.000000,0.012160,0.000000,0.910900,19.999882,0.025260,-0.063813,20.000000
0.195500,1,"LINK_TORSO_YAW",0.086700,0.200000,0.108800,20.000000,0.000000,0.000000,20.000000,0.000000,0.000000,0.000000,0.000000,0.012160,0.000000,0.910900,19.999878,0.025273,-0.065187,20.000000
0.195600,1,"LINK_TORSO_YAW",0.086700,0.200000,0.108900,20.000000,0.000000,0.000000,20.000000,0.000000,0.000000,0.000000,0.000000,0.012160,0.000000,0.910900,19.999873,0.025285,-0.066564,20.000000
0.195700,1,"LINK_TORSO_YAW",0.086700,0.200000,0.109000,20.000000,0.000000,0.000000,20.000000,0.000000,0.000000,0.000000,0.000000,0.012160,0.000000,0.910900,19.999869,0.025297,-0.067944,20.000000
0.195800,1,"LINK_TORSO_YAW",0.086700,0.200000,0.109100,20.000000,0.000000,0.000000,20.000000,0.000000,0.000000,0.000000,0.000000,0.012160,0.000000,0.910900,19.999864,0.025309,-0.069327,20.000000
0.195900,1,"LINK_TORSO_YAW",0.086700,0.200000,0.109200,20.000000,0.000000,0.000000,20.000000,0.000000,0.000000,0.000000,0.000000,0.012160,0.000000,0.910900,19.999859,0.025321,-0.070710,20.000000
0.196000,1,"LINK_TORSO_YAW",0.086700,0.200000,0.109300,20.000000,0.000000,0.000000,20.000000,0.000000,0.000000,0.000000,0.000000,0.012160,0.000000,0.910900,19.999854,0.025334,-0.072093,20.000000
0.196100,1,"LINK_TORSO_YAW",0.086700,0.200000,0.109400,20.000000,0.000000,0.000000,20.000000,0.000000,0.000000,0.000000,0.000000,0.012160,0.000000,0.910900,19.999849,0.025346,-0.073476,20.000000
0.196200,1,"LINK_TORSO_YAW",0.086700,0.200000,0.109500,20.000000,0.000000,0.000000,20.000000,0.000000,0.000000,0.000000,0.000000,0.012160,0.000000,0.910900,19.999844,0.025358,-0.074860,20.000000
0.196300,1,"LINK_TORSO_YAW",0.086700,0.200000,0.109600,20.000000,0.000000,0.000000,20.000000,0.000000,0.000000,0.000000,0.000000,0.012160,0.000000,0.910900,19.999839,0.025370,-0.076245,20.000000
0.196400,1,"LINK_TORSO_YAW",0.086700,0.200000,0.109700,20.000000,0.000000,0.000000,20.000000,0.000000,0.000000,0.000000,0.000000,0.012160,0.000000,0.910900,19.999833,0.025382,-0.077631,20.000000
0.196500,1,"LINK_TORSO_YAW",0.086700,0.200000,0.109800,20.000000,0.000000,0.000000,20.000000,0.000000,0.000000,0.000000,0.000000,0.012160,0.000000,0.910900,19.999828,0.025394,-0.079020,20.000000
0.196600,1,"LINK_TORSO_YAW",0.086700,0.200000,0.109900,20.000000,0.000000,0.000000,20.000000,0.000000,0.000000,0.000000,0.000000,0.012160,0.000000,0.910900,19.999822,0.025406,-0.080410,20.000000
0.196700,1,"LINK_TORSO_YAW",0.086700,0.200000,0.110000,20.000000,0.000000,0.000000,20.000000,0.000000,0.000000,0.000000,0.000000,0.012160,0.000000,0.910900,19.999817,0.025418,-0.081804,20.000000
0.196800,1,"LINK_TORSO_YAW",0.086700,0.200000,0.110100,20.000000,0.000000,0.000000,20.000000,0.000000,0.000000,0.000000,0.000000,0.012160,0.000000,0.910900,19.999811,0.025431,-0.083200,20.000000
0.196900,1,"LINK_TORSO_YAW",0.086700,0.200000,0.110200,20.000000,0.000000,0.000000,20.000000,0.000000,0.000000,0.000000,0.000000,0.012160,0.000000,0.910900,19.999805,0.025443,-0.084600,20.000000
0.197000,1,"LINK_TORSO_YAW",0.086700,0.200000,0.110300,20.000000,0.000000,0.000000,20.000000,0.000000,0.000000,0.000000,0.000000,0.012160,0.000000,0.910900,19.999799,0.025455,-0.086000,20.000000
0.197100,1,"LINK_TORSO_YAW",0.086700,0.200000,0.110400,20.000000,0.000000,0.000000,20.000000,0.000000,0.000000,0.000000,0.000000,0.012160,0.000000,0.910900,19.999793,0.025467,-0.087399,20.000000
0.197200,1,"LINK_TORSO_YAW",0.086700,0.200000,0.110500,20.000000,0.000000,0.000000,20.000000,0.000000,0.000000,0.000000,0.000000,0.012160,0.000000,0.910900,19.999787,0.025479,-0.088799,20.000000
0.197300,1,"LINK_TORSO_YAW",0.086700,0.200000,0.110600,20.000000,0.000000,0.000000,20.000000,0.000000,0.000000,0.000000,0.000000,0.012160,0.000000,0.910900,19.999780,0.025491,-0.090200,20.000000
0.197400,1,"LINK_TORSO_YAW",0.086700,0.200000,0.110700,20.000000,0.000000,0.000000,20.000000,0.000000,0.000000,0.000000,0.000000,0.012160,0.000000,0.910900,19.999774,0.025503,-0.091601,20.000000
0.197500,1,"LINK_TORSO_YAW",0.086700,0.200000,0.110800,20.000000,0.000000,0.000000,20.000000,0.000000,0.000000,0.000000,0.000000,0.012160,0.000000,0.910900,19.999767,0.025515,-0.093005,20.000000
0.197600,1,"LINK_TORSO_YAW",0.086700,0.200000,0.110900,20.000000,0.000000,0.000000,20.000000,0.000000,0.000000,0.000000,0.000000,0.012160,0.000000,0.910900,19.999761,0.025527,-0.094410,20.000000
0.197700,1,"LINK_TORSO_YAW",0.086700,0.200000,0.111000,20.000000,0.000000,0.000000,20.000000,0.000000,0.000000,0.000000,0.000000,0.012160,0.000000,0.910900,19.999754,0.025539,-0.095817,20.000000
0.197800,1,"LINK_TORSO_YAW",0.086700,0.200000,0.111100,20.000000,0.000000,0.000000,20.000000,0.000000,0.000000,0.000000,0.000000,0.012160,0.000000,0.910900,19.999747,0.025551,-0.097227,20.000000
0.197900,1,"LINK_TORSO_YAW",0.086700,0.200000,0.111200,20.000000,0.000000,0.000000,20.000000,0.000000,0.000000,0.000000,0.000000,0.012160,0.000000,0.910900,19.999740,0.025564,-0.098640,20.000000
0.198000,1,"LINK_TORSO_YAW",0.086700,0.200000,0.111300,20.000000,0.000000,0.000000,20.000000,0.000000,0.000000,0.000000,0.000000,0.012160,0.000000,0.910900,19.999733,0.025576,-0.100057,20.000000
0.198100,1,"LINK_TORSO_YAW",0.086700,0.200000,0.111400,20.000000,0.000000,0.000000,20.000000,0.000000,0.000000,0.000000,0.000000,0.012160,0.000000,0.910900,19.999726,0.025588,-0.101474,20.000000
0.198200,1,"LINK_TORSO_YAW",0.086700,0.200000,0.111500,20.000000,0.000000,0.000000,20.000000,0.000000,0.000000,0.000000,0.000000,0.012160,0.000000,0.910900,19.999719,0.025600,-0.102890,20.000000
0.198300,1,"LINK_TORSO_YAW",0.086700,0.200000,0.111600,20.000000,0.000000,0.000000,20.000000,0.000000,0.000000,0.000000,0.000000,0.012160,0.000000,0.910900,19.999712,0.025612,-0.104306,20.000000
0.198400,1,"LINK_TORSO_YAW",0.086700,0.200000,0.111700,20.000000,0.000000,0.000000,20.000000,0.000000,0.000000,0.000000,0.000000,0.012160,0.000000,0.910900,19.999704,0.025624,-0.105723,20.000000
0.198500,1,"LINK_TORSO_YAW",0.086700,0.200000,0.111800,20.000000,0.000000,0.000000,20.000000,0.000000,0.000000,0.000000,0.000000,0.012160,0.000000,0.910900,19.999697,0.025636,-0.107142,20.000000
0.198600,1,"LINK_TORSO_YAW",0.086700,0.200000,0.111900,20.000000,0.000000,0.000000,20.000000,0.000000,0.000000,0.000000,0.000000,0.012160,0.000000,0.910900,19.999689,0.025648,-0.108562,20.000000
0.198700,1,"LINK_TORSO_YAW",0.086700,0.200000,0.112000,20.000000,0.000000,0.000000,20.000000,0.000000,0.000000,0.000000,0.000000,0.012160,0.000000,0.910900,19.999681,0.025660,-0.109983,20.000000
0.198800,1,"LINK_TORSO_YAW",0.086700,0.200000,0.112100,20.000000,0.000000,0.000000,20.000000,0.000000,0.000000,0.000000,0.000000,0.012160,0.000000,0.910900,19.999673,0.025672,-0.111407,20.000000
0.198900,1,"LINK_TORSO_YAW",0.086700,0.200000,0.112200,20.000000,0.000000,0.000000,20.000000,0.000000,0.000000,0.000000,0.000000,0.012160,0.000000,0.910900,19.999665,0.025684,-0.112834,20.000000
0.199000,1,"LINK_TORSO_YAW",0.086700,0.200000,0.112300,20.000000,0.000000,0.000000,20.000000,0.000000,0.000000,0.000000,0.000000,0.012160,0.000000,0.910900,19.999657,0.025696,-0.114264,20.000000
0.199100,1,"LINK_TORSO_YAW",0.086700,0.200000,0.112400,20.000000,0.000000,0.000000,20.000000,0.000000,0.000000,0.000000,0.000000,0.012160,0.000000,0.910900,19.999649,0.025708,-0.115697,20.000000
0.199200,1,"LINK_TORSO_YAW",0.086700,0.200000,0.112500,20.000000,0.000000,0.000000,20.000000,0.000000,0.000000,0.000000,0.000000,0.012160,0.000000,0.910900,19.999640,0.025720,-0.117130,20.000000
0.199300,1,"LINK_TORSO_YAW",0.086700,0.200000,0.112600,20.000000,0.000000,0.000000,20.000000,0.000000,0.000000,0.000000,0.000000,0.012160,0.000000,0.910900,19.999632,0.025732,-0.118563,20.000000
0.199400,1,"LINK_TORSO_YAW",0.086700,0.200000,0.112700,20.000000,0.000000,0.000000,20.000000,0.000000,0.000000,0.000000,0.000000,0.012160,0.000000,0.910900,19.999623,0.025744,-0.119996,20.000000
0.199500,1,"LINK_TORSO_YAW",0.086700,0.200000,0.112800,20.000000,0.000000,0.000000,20.000000,0.000000,0.000000,0.000000,0.000000,0.012160,0.000000,0.910900,19.999615,0.025756,-0.121430,20.000000
0.199600,1,"LINK_TORSO_YAW",0.086700,0.200000,0.112900,20.000000,0.000000,0.000000,20.000000,0.000000,0.000000,0.000000,0.000000,0.012160,0.000000,0.910900,19.999606,0.025768,-0.122865,20.000000
0.199700,1,"LINK_TORSO_YAW",0.086700,0.200000,0.113000,20.000000,0.000000,0.000000,20.000000,0.000000,0.000000,0.000000,0.000000,0.012160,0.000000,0.910900,19.999597,0.025780,-0.124301,20.000000
0.199800,1,"LINK_TORSO_YAW",0.086700,0.200000,0.113100,20.000000,0.000000,0.000000,20.000000,0.000000,0.000000,0.000000,0.000000,0.012160,0.000000,0.910900,19.999588,0.025792,-0.125739,20.000000
0.199900,1,"LINK_TORSO_YAW",0.086700,0.200000,0.113200,20.000000,0.000000,0.000000,20.000000,0.000000,0.000000,0.000000,0.000000,0.012160,0.000000,0.910900,19.999579,0.025804,-0.127180,20.000000
0.200000,1,"LINK_TORSO_YAW",0.086700,0.200000,0.113300,20.000000,0.000000,0.000000,20.000000,0.000000,0.000000,0.000000,0.000000,0.012160,0.000000,0.910900,19.999570,0.025816,-0.128623,20.000000
0.200100,1,"LINK_TORSO_YAW",0.086700,0.200000,0.113400,20.000000,0.000000,0.000000,20.000000,0.000000,0.000000,0.000000,0.000000,0.012160,0.000000,0.910900,19.999560,0.025828,-0.130069,20.000000
0.200200,1,"LINK_TORSO_YAW",0.086700,0.200000,0.113500,20.000000,0.000000,0.000000,20.000000,0.000000,0.000000,0.000000,0.000000,0.012160,0.000000,0.910900,19.999551,0.025840,-0.131519,20.000000
0.200300,1,"LINK_TORSO_YAW",0.086700,0.200000,0.113600,20.000000,0.000000,0.000000,20.000000,0.000000,0.000000,0.000000,0.000000,0.012160,0.000000,0.910900,19.999541,0.025852,-0.132969,20.000000
0.200400,1,"LINK_TORSO_YAW",0.086700,0.200000,0.113700,20.000000,0.000000,0.000000,20.000000,0.000000,0.000000,0.000000,0.000000,0.012160,0.000000,0.910900,19.999532,0.025864,-0.134418,20.000000
0.200500,1,"LINK_TORSO_YAW",0.086700,0.200000,0.113800,20.000000,0.000000,0.000000,20.000000,0.000000,0.000000,0.000000,0.000000,0.012160,0.000000,0.910900,19.999522,0.025876,-0.135868,20.000000
0.200600,1,"LINK_TORSO_YAW",0.086700,0.200000,0.113900,20.000000,0.000000,0.000000,20.000000,0.000000,0.000000,0.000000,0.000000,0.012160,0.000000,0.910900,19.999512,0.025887,-0.137318,20.000000
0.200700,1,"LINK_TORSO_YAW",0.086700,0.200000,0.114000,20.000000,0.000000,0.000000,20.000000,0.000000,0.000000,0.000000,0.000000,0.012160,0.000000,0.910900,19.999502,0.025899,-0.138769,20.000000
0.200800,1,"LINK_TORSO_YAW",0.086700,0.200000,0.114100,20.000000,0.000000,0.000000,20.000000,0.000000,0.000000,0.000000,0.000000,0.012160,0.000000,0.910900,19.999492,0.025911,-0.140222,20.000000
0.200900,1,"LINK_TORSO_YAW",0.086700,0.200000,0.114200,20.000000,0.000000,0.000000,20.000000,0.000000,0.000000,0.000000,0.000000,0.012160,0.000000,0.910900,19.999481,0.025923,-0.141677,20.000000
0.201000,1,"LINK_TORSO_YAW",0.086700,0.200000,0.114300,20.000000,0.000000,0.000000,20.000000,0.000000,0.000000,0.000000,0.000000,0.012160,0.000000,0.910900,19.999471,0.025935,-0.143134,20.000000
0.201100,1,"LINK_TORSO_YAW",0.086700,0.200000,0.114400,20.000000,0.000000,0.000000,20.000000,0.000000,0.000000,0.000000,0.000000,0.012160,0.000000,0.910900,19.999460,0.025947,-0.144594,20.000000
0.201200,1,"LINK_TORSO_YAW",0.086700,0.200000,0.114500,20.000000,0.000000,0.000000,20.000000,0.000000,0.000000,0.000000,0.000000,0.012160,0.000000,0.910900,19.999450,0.025959,-0.146056,20.000000
0.201300,1,"LINK_TORSO_YAW",0.086700,0.200000,0.114600,20.000000,0.000000,0.000000,20.000000,0.000000,0.000000,0.000000,0.000000,0.012160,0.000000,0.910900,19.999439,0.025971,-0.147523,20.000000
0.201400,1,"LINK_TORSO_YAW",0.086700,0.200000,0.114700,20.000000,0.000000,0.000000,20.000000,0.000000,0.000000,0.000000,0.000000,0.012160,0.000000,0.910900,19.999428,0.025983,-0.148989,20.000000
0.201500,1,"LINK_TORSO_YAW",0.086700,0.200000,0.114800,20.000000,0.000000,0.000000,20.000000,0.000000,0.000000,0.000000,0.000000,0.012160,0.000000,0.910900,19.999417,0.025995,-0.150455,20.000000
0.201600,1,"LINK_TORSO_YAW",0.086700,0.200000,0.114900,20.000000,0.000000,0.000000,20.000000,0.000000,0.000000,0.000000,0.000000,0.012160,0.000000,0.910900,19.999406,0.026007,-0.151921,20.000000
0.201700,1,"LINK_TORSO_YAW",0.086700,0.200000,0.115000,20.000000,0.000000,0.000000,20.000000,0.000000,0.000000,0.000000,0.000000,0.012160,0.000000,0.910900,19.999395,0.026018,-0.153387,20.000000
0.201800,1,"LINK_TORSO_YAW",0.086700,0.200000,0.115100,20.000000,0.000000,0.000000,20.000000,0.000000,0.000000,0.000000,0.000000,0.012160,0.000000,0.910900,19.999384,0.026030,-0.154855,20.000000
0.201900,1,"LINK_TORSO_YAW",0.086700,0.200000,0.115200,20.000000,0.000000,0.000000,20.000000,0.000000,0.000000,0.000000,0.000000,0.012160,0.000000,0.910900,19.999372,0.026042,-0.156325,20.000000
0.202000,1,"LINK_TORSO_YAW",0.086700,0.200000,0.115300,20.000000,0.000000,0.000000,20.000000,0.000000,0.000000,0.000000,0.000000,0.012160,0.000000,0.910900,19.999361,0.026054,-0.157796,20.000000
0.202100,1,"LINK_TORSO_YAW",0.086700,0.200000,0.115400,20.000000,0.000000,0.000000,20.000000,0.000000,0.000000,0.000000,0.000000,0.012160,0.000000,0.910900,19.999349,0.026066,-0.159269,20.000000
0.202200,1,"LINK_TORSO_YAW",0.086700,0.200000,0.115500,20.000000,0.000000,0.000000,20.000000,0.000000,0.000000,0.000000,0.000000,0.012160,0.000000,0.910900,19.999337,0.026078,-0.160745,20.000000
0.202300,1,"LINK_TORSO_YAW",0.086700,0.200000,0.115600,20.000000,0.000000,0.000000,20.000000,0.000000,0.000000,0.000000,0.000000,0.012160,0.000000,0.910900,19.999325,0.026090,-0.162224,20.000000
0.202400,1,"LINK_TORSO_YAW",0.086700,0.200000,0.115700,20.000000,0.000000,0.000000,20.000000,0.000000,0.000000,0.000000,0.000000,0.012160,0.000000,0.910900,19.999313,0.026101,-0.163703,20.000000
0.202500,1,"LINK_TORSO_YAW",0.086700,0.200000,0.115800,20.000000,0.000000,0.000000,20.000000,0.000000,0.000000,0.000000,0.000000,0.012160,0.000000,0.910900,19.999301,0.026113,-0.165181,20.000000
0.202600,1,"LINK_TORSO_YAW",0.086700,0.200000,0.115900,20.000000,0.000000,0.000000,20.000000,0.000000,0.000000,0.000000,0.000000,0.012160,0.000000,0.910900,19.999289,0.026125,-0.166660,20.000000
0.202700,1,"LINK_TORSO_YAW",0.086700,0.200000,0.116000,20.000000,0.000000,0.000000,20.000000,0.000000,0.000000,0.000000,0.000000,0.012160,0.000000,0.910900,19.999276,0.026137,-0.168139,20.000000
0.202800,1,"LINK_TORSO_YAW",0.086700,0.200000,0.116100,20.000000,0.000000,0.000000,20.000000,0.000000,0.000000,0.000000,0.000000,0.012160,0.000000,0.910900,19.999264,0.026149,-0.169620,20.000000
0.202900,1,"LINK_TORSO_YAW",0.086700,0.200000,0.116200,20.000000,0.000000,0.000000,20.000000,0.000000,0.000000,0.000000,0.000000,0.012160,0.000000,0.910900,19.999251,0.026160,-0.171102,20.000000
0.203000,1,"LINK_TORSO_YAW",0.086700,0.200000,0.116300,20.000000,0.000000,0.000000,20.000000,0.000000,0.000000,0.000000,0.000000,0.012160,0.000000,0.910900,19.999238,0.026172,-0.172585,20.000000
0.203100,1,"LINK_TORSO_YAW",0.086700,0.200000,0.116400,20.000000,0.000000,0.000000,20.000000,0.000000,0.000000,0.000000,0.000000,0.012160,0.000000,0.910900,19.999225,0.026184,-0.174071,20.000000
0.203200,1,"LINK_TORSO_YAW",0.086700,0.200000,0.116500,20.000000,0.000000,0.000000,20.000000,0.000000,0.000000,0.000000,0.000000,0.012160,0.000000,0.910900,19.999212,0.026196,-0.175560,20.000000
0.203300,1,"LINK_TORSO_YAW",0.086700,0.200000,0.116600,20.000000,0.000000,0.000000,20.000000,0.000000,0.000000,0.000000,0.000000,0.012160,0.000000,0.910900,19.999199,0.026207,-0.177052,20.000000
0.203400,1,"LINK_TORSO_YAW",0.086700,0.200000,0.116700,20.000000,0.000000,0.000000,20.000000,0.000000,0.000000,0.000000,0.000000,0.012160,0.000000,0.910900,19.999186,0.026219,-0.178547,20.000000
0.203500,1,"LINK_TORSO_YAW",0.086700,0.200000,0.116800,20.000000,0.000000,0.000000,20.000000,0.000000,0.000000,0.000000,0.000000,0.012160,0.000000,0.910900,19.999172,0.026231,-0.180047,20.000000
0.203600,1,"LINK_TORSO_YAW",0.086700,0.200000,0.116900,20.000000,0.000000,0.000000,20.000000,0.000000,0.000000,0.000000,0.000000,0.012160,0.000000,0.910900,19.999159,0.026243,-0.181546,20.000000
0.203700,1,"LINK_TORSO_YAW",0.086700,0.200000,0.117000,20.000000,0.000000,0.000000,20.000000,0.000000,0.000000,0.000000,0.000000,0.012160,0.000000,0.910900,19.999145,0.026255,-0.183045,20.000000
0.203800,1,"LINK_TORSO_YAW",0.086700,0.200000,0.117100,20.000000,0.000000,0.000000,20.000000,0.000000,0.000000,0.000000,0.000000,0.012160,0.000000,0.910900,19.999131,0.026267,-0.184545,20.000000
0.203900,1,"LINK_TORSO_YAW",0.086700,0.200000,0.117200,20.000000,0.000000,0.000000,20.000000,0.000000,0.000000,0.000000,0.000000,0.012160,0.000000,0.910900,19.999117,0.026279,-0.186045,20.000000
0.204000,1,"LINK_TORSO_YAW",0.086700,0.200000,0.117300,20.000000,0.000000,0.000000,20.000000,0.000000,0.000000,0.000000,0.000000,0.012160,0.000000,0.910900,19.999103,0.026290,-0.187546,20.000000
0.204100,1,"LINK_TORSO_YAW",0.086700,0.200000,0.117400,20.000000,0.000000,0.000000,20.000000,0.000000,0.000000,0.000000,0.000000,0.012160,0.000000,0.910900,19.999089,0.026302,-0.189048,20.000000
0.204200,1,"LINK_TORSO_YAW",0.086700,0.200000,0.117500,20.000000,0.000000,0.000000,20.000000,0.000000,0.000000,0.000000,0.000000,0.012160,0.000000,0.910900,19.999075,0.026314,-0.190553,20.000000
0.204300,1,"LINK_TORSO_YAW",0.086700,0.200000,0.117600,20.000000,0.000000,0.000000,20.000000,0.000000,0.000000,0.000000,0.000000,0.012160,0.000000,0.910900,19.999060,0.026326,-0.192059,20.000000
0.204400,1,"LINK_TORSO_YAW",0.086700,0.200000,0.117700,20.000000,0.000000,0.000000,20.000000,0.000000,0.000000,0.000000,0.000000,0.012160,0.000000,0.910900,19.999046,0.026338,-0.193568,20.000000
0.204500,1,"LINK_TORSO_YAW",0.086700,0.200000,0.117800,20.000000,0.000000,0.000000,20.000000,0.000000,0.000000,0.000000,0.000000,0.012160,0.000000,0.910900,19.999031,0.026349,-0.195081,20.000000
0.204600,1,"LINK_TORSO_YAW",0.086700,0.200000,0.117900,20.000000,0.000000,0.000000,20.000000,0.000000,0.000000,0.000000,0.000000,0.012160,0.000000,0.910900,19.999016,0.026361,-0.196597,20.000000
0.204700,1,"LINK_TORSO_YAW",0.086700,0.200000,0.118000,20.000000,0.000000,0.000000,20.000000,0.000000,0.000000,0.000000,0.000000,0.012160,0.000000,0.910900,19.999001,0.026373,-0.198112,20.000000
0.204800,1,"LINK_TORSO_YAW",0.086700,0.200000,0.118100,20.000000,0.000000,0.000000,20.000000,0.000000,0.000000,0.000000,0.000000,0.012160,0.000000,0.910900,19.998986,0.026385,-0.199627,20.000000
0.204900,1,"LINK_TORSO_YAW",0.086700,0.200000,0.118200,20.000000,0.000000,0.000000,20.000000,0.000000,0.000000,0.000000,0.000000,0.012160,0.000000,0.910900,19.998971,0.026397,-0.201143,20.000000
0.205000,1,"LINK_TORSO_YAW",0.086700,0.200000,0.118300,20.000000,0.000000,0.000000,20.000000,0.000000,0.000000,0.000000,0.000000,0.012160,0.000000,0.910900,19.998956,0.026409,-0.202659,20.000000
0.205100,1,"LINK_TORSO_YAW",0.086700,0.200000,0.118400,20.000000,0.000000,0.000000,20.000000,0.000000,0.000000,0.000000,0.000000,0.012160,0.000000,0.910900,19.998940,0.026420,-0.204176,20.000000
0.205200,1,"LINK_TORSO_YAW",0.086700,0.200000,0.118500,20.000000,0.000000,0.000000,20.000000,0.000000,0.000000,0.000000,0.000000,0.012160,0.000000,0.910900,19.998925,0.026432,-0.205695,20.000000
0.205300,1,"LINK_TORSO_YAW",0.086700,0.200000,0.118600,20.000000,0.000000,0.000000,20.000000,0.000000,0.000000,0.000000,0.000000,0.012160,0.000000,0.910900,19.998909,0.026444,-0.207216,20.000000
0.205400,1,"LINK_TORSO_YAW",0.086700,0.200000,0.118700,20.000000,0.000000,0.000000,20.000000,0.000000,0.000000,0.000000,0.000000,0.012160,0.000000,0.910900,19.998893,0.026456,-0.208738,20.000000
0.205500,1,"LINK_TORSO_YAW",0.086700,0.200000,0.118800,20.000000,0.000000,0.000000,20.000000,0.000000,0.000000,0.000000,0.000000,0.012160,0.000000,0.910900,19.998877,0.026467,-0.210264,20.000000
0.205600,1,"LINK_TORSO_YAW",0.086700,0.200000,0.118900,20.000000,0.000000,0.000000,20.000000,0.000000,0.000000,0.000000,0.000000,0.012160,0.000000,0.910900,19.998861,0.026479,-0.211792,20.000000
0.205700,1,"LINK_TORSO_YAW",0.086700,0.200000,0.119000,20.000000,0.000000,0.000000,20.000000,0.000000,0.000000,0.000000,0.000000,0.012160,0.000000,0.910900,19.998845,0.026491,-0.213325,20.000000
0.205800,1,"LINK_TORSO_YAW",0.086700,0.200000,0.119100,20.000000,0.000000,0.000000,20.000000,0.000000,0.000000,0.000000,0.000000,0.012160,0.000000,0.910900,19.998828,0.026503,-0.214856,20.000000
0.205900,1,"LINK_TORSO_YAW",0.086700,0.200000,0.119200,20.000000,0.000000,0.000000,20.000000,0.000000,0.000000,0.000000,0.000000,0.012160,0.000000,0.910900,19.998812,0.026515,-0.216388,20.000000
0.206000,1,"LINK_TORSO_YAW",0.086700,0.200000,0.119300,20.000000,0.000000,0.000000,20.000000,0.000000,0.000000,0.000000,0.000000,0.012160,0.000000,0.910900,19.998795,0.026526,-0.217919,20.000000
0.206100,1,"LINK_TORSO_YAW",0.086700,0.200000,0.119400,20.000000,0.000000,0.000000,20.000000,0.000000,0.000000,0.000000,0.000000,0.012160,0.000000,0.910900,19.998778,0.026538,-0.219452,20.000000
0.206200,1,"LINK_TORSO_YAW",0.086700,0.200000,0.119500,20.000000,0.000000,0.000000,20.000000,0.000000,0.000000,0.000000,0.000000,0.012160,0.000000,0.910900,19.998761,0.026550,-0.220985,20.000000
0.206300,1,"LINK_TORSO_YAW",0.086700,0.200000,0.119600,20.000000,0.000000,0.000000,20.000000,0.000000,0.000000,0.000000,0.000000,0.012160,0.000000,0.910900,19.998744,0.026561,-0.222520,20.000000
0.206400,1,"LINK_TORSO_YAW",0.086700,0.200000,0.119700,20.000000,0.000000,0.000000,20.000000,0.000000,0.000000,0.000000,0.000000,0.012160,0.000000,0.910900,19.998727,0.026573,-0.224057,20.000000
0.206500,1,"LINK_TORSO_YAW",0.086700,0.200000,0.119800,20.000000,0.000000,0.000000,20.000000,0.000000,0.000000,0.000000,0.000000,0.012160,0.000000,0.910900,19.998710,0.026585,-0.225595,20.000000
0.206600,1,"LINK_TORSO_YAW",0.086700,0.200000,0.119900,20.000000,0.000000,0.000000,20.000000,0.000000,0.000000,0.000000,0.000000,0.012160,0.000000,0.910900,19.998692,0.026597,-0.227137,20.000000
0.206700,1,"LINK_TORSO_YAW",0.086700,0.200000,0.120000,20.000000,0.000000,0.000000,20.000000,0.000000,0.000000,0.000000,0.000000,0.012160,0.000000,0.910900,19.998675,0.026608,-0.228682,20.000000
0.206800,1,"LINK_TORSO_YAW",0.086700,0.200000,0.120100,20.000000,0.000000,0.000000,20.000000,0.000000,0.000000,0.000000,0.000000,0.012160,0.000000,0.910900,19.998657,0.026620,-0.230230,20.000000
0.206900,1,"LINK_TORSO_YAW",0.086700,0.200000,0.120200,20.000000,0.000000,0.000000,20.000000,0.000000,0.000000,0.000000,0.000000,0.012160,0.000000,0.910900,19.998639,0.026632,-0.231778,20.000000
0.207000,1,"LINK_TORSO_YAW",0.086700,0.200000,0.120300,20.000000,0.000000,0.000000,20.000000,0.000000,0.000000,0.000000,0.000000,0.012160,0.000000,0.910900,19.998621,0.026644,-0.233325,20.000000
0.207100,1,"LINK_TORSO_YAW",0.086700,0.200000,0.120400,20.000000,0.000000,0.000000,20.000000,0.000000,0.000000,0.000000,0.000000,0.012160,0.000000,0.910900,19.998603,0.026655,-0.234873,20.000000
0.207200,1,"LINK_TORSO_YAW",0.086700,0.200000,0.120500,20.000000,0.000000,0.000000,20.000000,0.000000,0.000000,0.000000,0.000000,0.012160,0.000000,0.910900,19.998585,0.026667,-0.236421,20.000000
0.207300,1,"LINK_TORSO_YAW",0.086700,0.200000,0.120600,20.000000,0.000000,0.000000,20.000000,0.000000,0.000000,0.000000,0.000000,0.012160,0.000000,0.910900,19.998566,0.026679,-0.237971,20.000000
0.207400,1,"LINK_TORSO_YAW",0.086700,0.200000,0.120700,20.000000,0.000000,0.000000,20.000000,0.000000,0.000000,0.000000,0.000000,0.012160,0.000000,0.910900,19.998548,0.026690,-0.239522,20.000000
0.207500,1,"LINK_TORSO_YAW",0.086700,0.200000,0.120800,20.000000,0.000000,0.000000,20.000000,0.000000,0.000000,0.000000,0.000000,0.012160,0.000000,0.910900,19.998529,0.026702,-0.241075,20.000000
0.207600,1,"LINK_TORSO_YAW",0.086700,0.200000,0.120900,20.000000,0.000000,0.000000,20.000000,0.000000,0.000000,0.000000,0.000000,0.012160,0.000000,0.910900,19.998510,0.026714,-0.242630,20.000000
0.207700,1,"LINK_TORSO_YAW",0.086700,0.200000,0.121000,20.000000,0.000000,0.000000,20.000000,0.000000,0.000000,0.000000,0.000000,0.012160,0.000000,0.910900,19.998491,0.026726,-0.244187,20.000000
0.207800,1,"LINK_TORSO_YAW",0.086700,0.200000,0.121100,20.000000,0.000000,0.000000,20.000000,0.000000,0.000000,0.000000,0.000000,0.012160,0.000000,0.910900,19.998472,0.026737,-0.245748,20.000000
0.207900,1,"LINK_TORSO_YAW",0.086700,0.200000,0.121200,20.000000,0.000000,0.000000,20.000000,0.000000,0.000000,0.000000,0.000000,0.012160,0.000000,0.910900,19.998453,0.026749,-0.247312,20.000000
0.208000,1,"LINK_TORSO_YAW",0.086700,0.200000,0.121300,20.000000,0.000000,0.000000,20.000000,0.000000,0.000000,0.000000,0.000000,0.012160,0.000000,0.910900,19.998434,0.026761,-0.248876,20.000000
0.208100,1,"LINK_TORSO_YAW",0.086700,0.200000,0.121400,20.000000,0.000000,0.000000,20.000000,0.000000,0.000000,0.000000,0.000000,0.012160,0.000000,0.910900,19.998414,0.026773,-0.250440,20.000000
0.208200,1,"LINK_TORSO_YAW",0.086700,0.200000,0.121500,20.000000,0.000000,0.000000,20.000000,0.000000,0.000000,0.000000,0.000000,0.012160,0.000000,0.910900,19.998394,0.026784,-0.252003,20.000000
0.208300,1,"LINK_TORSO_YAW",0.086700,0.200000,0.121600,20.000000,0.000000,0.000000,20.000000,0.000000,0.000000,0.000000,0.000000,0.012160,0.000000,0.910900,19.998375,0.026796,-0.253568,20.000000
0.208400,1,"LINK_TORSO_YAW",0.086700,0.200000,0.121700,20.000000,0.000000,0.000000,20.000000,0.000000,0.000000,0.000000,0.000000,0.012160,0.000000,0.910900,19.998355,0.026807,-0.255134,20.000000
0.208500,1,"LINK_TORSO_YAW",0.086700,0.200000,0.121800,20.000000,0.000000,0.000000,20.000000,0.000000,0.000000,0.000000,0.000000,0.012160,0.000000,0.910900,19.998335,0.026819,-0.256701,20.000000
0.208600,1,"LINK_TORSO_YAW",0.086700,0.200000,0.121900,20.000000,0.000000,0.000000,20.000000,0.000000,0.000000,0.000000,0.000000,0.012160,0.000000,0.910900,19.998314,0.026831,-0.258269,20.000000
0.208700,1,"LINK_TORSO_YAW",0.086700,0.200000,0.122000,20.000000,0.000000,0.000000,20.000000,0.000000,0.000000,0.000000,0.000000,0.012160,0.000000,0.910900,19.998294,0.026842,-0.259840,20.000000
0.208800,1,"LINK_TORSO_YAW",0.086700,0.200000,0.122100,20.000000,0.000000,0.000000,20.000000,0.000000,0.000000,0.000000,0.000000,0.012160,0.000000,0.910900,19.998273,0.026854,-0.261413,20.000000
0.208900,1,"LINK_TORSO_YAW",0.086700,0.200000,0.122200,20.000000,0.000000,0.000000,20.000000,0.000000,0.000000,0.000000,0.000000,0.012160,0.000000,0.910900,19.998253,0.026866,-0.262990,20.000000
0.209000,1,"LINK_TORSO_YAW",0.086700,0.200000,0.122300,20.000000,0.000000,0.000000,20.000000,0.000000,0.000000,0.000000,0.000000,0.012160,0.000000,0.910900,19.998232,0.026878,-0.264571,20.000000
0.209100,1,"LINK_TORSO_YAW",0.086700,0.200000,0.122400,20.000000,0.000000,0.000000,20.000000,0.000000,0.000000,0.000000,0.000000,0.012160,0.000000,0.910900,19.998211,0.026889,-0.266150,20.000000
0.209200,1,"LINK_TORSO_YAW",0.086700,0.200000,0.122500,20.000000,0.000000,0.000000,20.000000,0.000000,0.000000,0.000000,0.000000,0.012160,0.000000,0.910900,19.998190,0.026901,-0.267730,20.000000
0.209300,1,"LINK_TORSO_YAW",0.086700,0.200000,0.122600,20.000000,0.000000,0.000000,20.000000,0.000000,0.000000,0.000000,0.000000,0.012160,0.000000,0.910900,19.998169,0.026913,-0.269310,20.000000
0.209400,1,"LINK_TORSO_YAW",0.086700,0.200000,0.122700,20.000000,0.000000,0.000000,20.000000,0.000000,0.000000,0.000000,0.000000,0.012160,0.000000,0.910900,19.998147,0.026924,-0.270890,20.000000
0.209500,1,"LINK_TORSO_YAW",0.086700,0.200000,0.122800,20.000000,0.000000,0.000000,20.000000,0.000000,0.000000,0.000000,0.000000,0.012160,0.000000,0.910900,19.998126,0.026936,-0.272472,20.000000
0.209600,1,"LINK_TORSO_YAW",0.086700,0.200000,0.122900,20.000000,0.000000,0.000000,20.000000,0.000000,0.000000,0.000000,0.000000,0.012160,0.000000,0.910900,19.998104,0.026947,-0.274055,20.000000
0.209700,1,"LINK_TORSO_YAW",0.086700,0.200000,0.123000,20.000000,0.000000,0.000000,20.000000,0.000000,0.000000,0.000000,0.000000,0.012160,0.000000,0.910900,19.998082,0.026959,-0.275639,20.000000
0.209800,1,"LINK_TORSO_YAW",0.086700,0.200000,0.123100,20.000000,0.000000,0.000000,20.000000,0.000000,0.000000,0.000000,0.000000,0.012160,0.000000,0.910900,19.998060,0.026971,-0.277226,20.000000
0.209900,1,"LINK_TORSO_YAW",0.086700,0.200000,0.123200,20.000000,0.000000,0.000000,20.000000,0.000000,0.000000,0.000000,0.000000,0.012160,0.000000,0.910900,19.998038,0.026982,-0.278815,20.000000
0.210000,1,"LINK_TORSO_YAW",0.086700,0.200000,0.123300,20.000000,0.000000,0.000000,20.000000,0.000000,0.000000,0.000000,0.000000,0.012160,0.000000,0.910900,19.998016,0.026994,-0.280408,20.000000
0.210100,1,"LINK_TORSO_YAW",0.086700,0.200000,0.123400,20.000000,0.000000,0.000000,20.000000,0.000000,0.000000,0.000000,0.000000,0.012160,0.000000,0.910900,19.997994,0.027006,-0.282005,20.000000
0.210200,1,"LINK_TORSO_YAW",0.086700,0.200000,0.123500,20.000000,0.000000,0.000000,20.000000,0.000000,0.000000,0.000000,0.000000,0.012160,0.000000,0.910900,19.997971,0.027017,-0.283600,20.000000
0.210300,1,"LINK_TORSO_YAW",0.086700,0.200000,0.123600,20.000000,0.000000,0.000000,20.000000,0.000000,0.000000,0.000000,0.000000,0.012160,0.000000,0.910900,19.997948,0.027029,-0.285196,20.000000
0.210400,1,"LINK_TORSO_YAW",0.086700,0.200000,0.123700,20.000000,0.000000,0.000000,20.000000,0.000000,0.000000,0.000000,0.000000,0.012160,0.000000,0.910900,19.997925,0.027041,-0.286791,20.000000
0.210500,1,"LINK_TORSO_YAW",0.086700,0.200000,0.123800,20.000000,0.000000,0.000000,20.000000,0.000000,0.000000,0.000000,0.000000,0.012160,0.000000,0.910900,19.997902,0.027052,-0.288388,20.000000
0.210600,1,"LINK_TORSO_YAW",0.086700,0.200000,0.123900,20.000000,0.000000,0.000000,20.000000,0.000000,0.000000,0.000000,0.000000,0.012160,0.000000,0.910900,19.997879,0.027064,-0.289985,20.000000
0.210700,1,"LINK_TORSO_YAW",0.086700,0.200000,0.124000,20.000000,0.000000,0.000000,20.000000,0.000000,0.000000,0.000000,0.000000,0.012160,0.000000,0.910900,19.997856,0.027075,-0.291584,20.000000
0.210800,1,"LINK_TORSO_YAW",0.086700,0.200000,0.124100,20.000000,0.000000,0.000000,20.000000,0.000000,0.000000,0.000000,0.000000,0.012160,0.000000,0.910900,19.997833,0.027087,-0.293185,20.000000
0.210900,1,"LINK_TORSO_YAW",0.086700,0.200000,0.124200,20.000000,0.000000,0.000000,20.000000,0.000000,0.000000,0.000000,0.000000,0.012160,0.000000,0.910900,19.997809,0.027098,-0.294787,20.000000
0.211000,1,"LINK_TORSO_YAW",0.086700,0.200000,0.124300,20.000000,0.000000,0.000000,20.000000,0.000000,0.000000,0.000000,0.000000,0.012160,0.000000,0.910900,19.997785,0.027110,-0.296392,20.000000
0.211100,1,"LINK_TORSO_YAW",0.086700,0.200000,0.124400,20.000000,0.000000,0.000000,20.000000,0.000000,0.000000,0.000000,0.000000,0.012160,0.000000,0.910900,19.997761,0.027122,-0.298001,20.000000
0.211200,1,"LINK_TORSO_YAW",0.086700,0.200000,0.124500,20.000000,0.000000,0.000000,20.000000,0.000000,0.000000,0.000000,0.000000,0.012160,0.000000,0.910900,19.997737,0.027133,-0.299613,20.000000
0.211300,1,"LINK_TORSO_YAW",0.086700,0.200000,0.124600,20.000000,0.000000,0.000000,20.000000,0.000000,0.000000,0.000000,0.000000,0.012160,0.000000,0.910900,19.997713,0.027145,-0.301225,20.000000
0.211400,1,"LINK_TORSO_YAW",0.086700,0.200000,0.124700,20.000000,0.000000,0.000000,20.000000,0.000000,0.000000,0.000000,0.000000,0.012160,0.000000,0.910900,19.997689,0.027157,-0.302836,20.000000
0.211500,1,"LINK_TORSO_YAW",0.086700,0.200000,0.124800,20.000000,0.000000,0.000000,20.000000,0.000000,0.000000,0.000000,0.000000,0.012160,0.000000,0.910900,19.997664,0.027168,-0.304448,20.000000
0.211600,1,"LINK_TORSO_YAW",0.086700,0.200000,0.124900,20.000000,0.000000,0.000000,20.000000,0.000000,0.000000,0.000000,0.000000,0.012160,0.000000,0.910900,19.997640,0.027180,-0.306060,20.000000
0.211700,1,"LINK_TORSO_YAW",0.086700,0.200000,0.125000,20.000000,0.000000,0.000000,20.000000,0.000000,0.000000,0.000000,0.000000,0.012160,0.000000,0.910900,19.997615,0.027191,-0.307673,20.000000
0.211800,1,"LINK_TORSO_YAW",0.086700,0.200000,0.125100,20.000000,0.000000,0.000000,20.000000,0.000000,0.000000,0.000000,0.000000,0.012160,0.000000,0.910900,19.997590,0.027203,-0.309288,20.000000
0.211900,1,"LINK_TORSO_YAW",0.086700,0.200000,0.125200,20.000000,0.000000,0.000000,20.000000,0.000000,0.000000,0.000000,0.000000,0.012160,0.000000,0.910900,19.997565,0.027215,-0.310904,20.000000
0.212000,1,"LINK_TORSO_YAW",0.086700,0.200000,0.125300,20.000000,0.000000,0.000000,20.000000,0.000000,0.000000,0.000000,0.000000,0.012160,0.000000,0.910900,19.997540,0.027226,-0.312523,20.000000
0.212100,1,"LINK_TORSO_YAW",0.086700,0.200000,0.125400,20.000000,0.000000,0.000000,20.000000,0.000000,0.000000,0.000000,0.000000,0.012160,0.000000,0.910900,19.997514,0.027238,-0.314144,20.000000
0.212200,1,"LINK_TORSO_YAW",0.086700,0.200000,0.125500,20.000000,0.000000,0.000000,20.000000,0.000000,0.000000,0.000000,0.000000,0.012160,0.000000,0.910900,19.997489,0.027249,-0.315768,20.000000
0.212300,1,"LINK_TORSO_YAW",0.086700,0.200000,0.125600,20.000000,0.000000,0.000000,20.000000,0.000000,0.000000,0.000000,0.000000,0.012160,0.000000,0.910900,19.997463,0.027261,-0.317396,20.000000
0.212400,1,"LINK_TORSO_YAW",0.086700,0.200000,0.125700,20.000000,0.000000,0.000000,20.000000,0.000000,0.000000,0.000000,0.000000,0.012160,0.000000,0.910900,19.997437,0.027273,-0.319024,20.000000
0.212500,1,"LINK_TORSO_YAW",0.086700,0.200000,0.125800,20.000000,0.000000,0.000000,20.000000,0.000000,0.000000,0.000000,0.000000,0.012160,0.000000,0.910900,19.997411,0.027284,-0.320651,20.000000
0.212600,1,"LINK_TORSO_YAW",0.086700,0.200000,0.125900,20.000000,0.000000,0.000000,20.000000,0.000000,0.000000,0.000000,0.000000,0.012160,0.000000,0.910900,19.997385,0.027296,-0.322278,20.000000
0.212700,1,"LINK_TORSO_YAW",0.086700,0.200000,0.126000,20.000000,0.000000,0.000000,20.000000,0.000000,0.000000,0.000000,0.000000,0.012160,0.000000,0.910900,19.997358,0.027307,-0.323906,20.000000
0.212800,1,"LINK_TORSO_YAW",0.086700,0.200000,0.126100,20.000000,0.000000,0.000000,20.000000,0.000000,0.000000,0.000000,0.000000,0.012160,0.000000,0.910900,19.997332,0.027319,-0.325535,20.000000
0.212900,1,"LINK_TORSO_YAW",0.086700,0.200000,0.126200,20.000000,0.000000,0.000000,20.000000,0.000000,0.000000,0.000000,0.000000,0.012160,0.000000,0.910900,19.997305,0.027330,-0.327166,20.000000
0.213000,1,"LINK_TORSO_YAW",0.086700,0.200000,0.126300,20.000000,0.000000,0.000000,20.000000,0.000000,0.000000,0.000000,0.000000,0.012160,0.000000,0.910900,19.997278,0.027342,-0.328798,20.000000
0.213100,1,"LINK_TORSO_YAW",0.086700,0.200000,0.126400,20.000000,0.000000,0.000000,20.000000,0.000000,0.000000,0.000000,0.000000,0.012160,0.000000,0.910900,19.997251,0.027354,-0.330432,20.000000
0.213200,1,"LINK_TORSO_YAW",0.086700,0.200000,0.126500,20.000000,0.000000,0.000000,20.000000,0.000000,0.000000,0.000000,0.000000,0.012160,0.000000,0.910900,19.997224,0.027365,-0.332069,20.000000
0.213300,1,"LINK_TORSO_YAW",0.086700,0.200000,0.126600,20.000000,0.000000,0.000000,20.000000,0.000000,0.000000,0.000000,0.000000,0.012160,0.000000,0.910900,19.997197,0.027377,-0.333709,20.000000
0.213400,1,"LINK_TORSO_YAW",0.086700,0.200000,0.126700,20.000000,0.000000,0.000000,20.000000,0.000000,0.000000,0.000000,0.000000,0.012160,0.000000,0.910900,19.997170,0.027388,-0.335353,20.000000
0.213500,1,"LINK_TORSO_YAW",0.086700,0.200000,0.126800,20.000000,0.000000,0.000000,20.000000,0.000000,0.000000,0.000000,0.000000,0.012160,0.000000,0.910900,19.997142,0.027400,-0.336996,20.000000
0.213600,1,"LINK_TORSO_YAW",0.086700,0.200000,0.126900,20.000000,0.000000,0.000000,20.000000,0.000000,0.000000,0.000000,0.000000,0.012160,0.000000,0.910900,19.997114,0.027412,-0.338639,20.000000
0.213700,1,"LINK_TORSO_YAW",0.086700,0.200000,0.127000,20.000000,0.000000,0.000000,20.000000,0.000000,0.000000,0.000000,0.000000,0.012160,0.000000,0.910900,19.997086,0.027423,-0.340282,20.000000
0.213800,1,"LINK_TORSO_YAW",0.086700,0.200000,0.127100,20.000000,0.000000,0.000000,20.000000,0.000000,0.000000,0.000000,0.000000,0.012160,0.000000,0.910900,19.997058,0.027435,-0.341926,20.000000
0.213900,1,"LINK_TORSO_YAW",0.086700,0.200000,0.127200,20.000000,0.000000,0.000000,20.000000,0.000000,0.000000,0.000000,0.000000,0.012160,0.000000,0.910900,19.997030,0.027446,-0.343571,20.000000
0.214000,1,"LINK_TORSO_YAW",0.086700,0.200000,0.127300,20.000000,0.000000,0.000000,20.000000,0.000000,0.000000,0.000000,0.000000,0.012160,0.000000,0.910900,19.997002,0.027458,-0.345217,20.000000
0.214100,1,"LINK_TORSO_YAW",0.086700,0.200000,0.127400,20.000000,0.000000,0.000000,20.000000,0.000000,0.000000,0.000000,0.000000,0.012160,0.000000,0.910900,19.996973,0.027469,-0.346865,20.000000
0.214200,1,"LINK_TORSO_YAW",0.086700,0.200000,0.127500,20.000000,0.000000,0.000000,20.000000,0.000000,0.000000,0.000000,0.000000,0.012160,0.000000,0.910900,19.996944,0.027481,-0.348515,20.000000
0.214300,1,"LINK_TORSO_YAW",0.086700,0.200000,0.127600,20.000000,0.000000,0.000000,20.000000,0.000000,0.000000,0.000000,0.000000,0.012160,0.000000,0.910900,19.996915,0.027492,-0.350167,20.000000
0.214400,1,"LINK_TORSO_YAW",0.086700,0.200000,0.127700,20.000000,0.000000,0.000000,20.000000,0.000000,0.000000,0.000000,0.000000,0.012160,0.000000,0.910900,19.996886,0.027504,-0.351823,20.000000
0.214500,1,"LINK_TORSO_YAW",0.086700,0.200000,0.127800,20.000000,0.000000,0.000000,20.000000,0.000000,0.000000,0.000000,0.000000,0.012160,0.000000,0.910900,19.996857,0.027516,-0.353483,20.000000
0.214600,1,"LINK_TORSO_YAW",0.086700,0.200000,0.127900,20.000000,0.000000,0.000000,20.000000,0.000000,0.000000,0.000000,0.000000,0.012160,0.000000,0.910900,19.996828,0.027527,-0.355142,20.000000
0.214700,1,"LINK_TORSO_YAW",0.086700,0.200000,0.128000,20.000000,0.000000,0.000000,20.000000,0.000000,0.000000,0.000000,0.000000,0.012160,0.000000,0.910900,19.996798,0.027539,-0.356800,20.000000
0.214800,1,"LINK_TORSO_YAW",0.086700,0.200000,0.128100,20.000000,0.000000,0.000000,20.000000,0.000000,0.000000,0.000000,0.000000,0.012160,0.000000,0.910900,19.996768,0.027550,-0.358459,20.000000
0.214900,1,"LINK_TORSO_YAW",0.086700,0.200000,0.128200,20.000000,0.000000,0.000000,20.000000,0.000000,0.000000,0.000000,0.000000,0.012160,0.000000,0.910900,19.996739,0.027562,-0.360119,20.000000
0.215000,1,"LINK_TORSO_YAW",0.086700,0.200000,0.128300,20.000000,0.000000,0.000000,20.000000,0.000000,0.000000,0.000000,0.000000,0.012160,0.000000,0.910900,19.996709,0.027573,-0.361779,20.000000
0.215100,1,"LINK_TORSO_YAW",0.086700,0.200000,0.128400,20.000000,0.000000,0.000000,20.000000,0.000000,0.000000,0.000000,0.000000,0.012160,0.000000,0.910900,19.996678,0.027585,-0.363441,20.000000
0.215200,1,"LINK_TORSO_YAW",0.086700,0.200000,0.128500,20.000000,0.000000,0.000000,20.000000,0.000000,0.000000,0.000000,0.000000,0.012160,0.000000,0.910900,19.996648,0.027596,-0.365105,20.000000
0.215300,1,"LINK_TORSO_YAW",0.086700,0.200000,0.128600,20.000000,0.000000,0.000000,20.000000,0.000000,0.000000,0.000000,0.000000,0.012160,0.000000,0.910900,19.996618,0.027608,-0.366770,20.000000
0.215400,1,"LINK_TORSO_YAW",0.086700,0.200000,0.128700,20.000000,0.000000,0.000000,20.000000,0.000000,0.000000,0.000000,0.000000,0.012160,0.000000,0.910900,19.996587,0.027619,-0.368438,20.000000
0.215500,1,"LINK_TORSO_YAW",0.086700,0.200000,0.128800,20.000000,0.000000,0.000000,20.000000,0.000000,0.000000,0.000000,0.000000,0.012160,0.000000,0.910900,19.996556,0.027631,-0.370110,20.000000
0.215600,1,"LINK_TORSO_YAW",0.086700,0.200000,0.128900,20.000000,0.000000,0.000000,20.000000,0.000000,0.000000,0.000000,0.000000,0.012160,0.000000,0.910900,19.996525,0.027642,-0.371781,20.000000
0.215700,1,"LINK_TORSO_YAW",0.086700,0.200000,0.129000,20.000000,0.000000,0.000000,20.000000,0.000000,0.000000,0.000000,0.000000,0.012160,0.000000,0.910900,19.996494,0.027654,-0.373451,20.000000
0.215800,1,"LINK_TORSO_YAW",0.086700,0.200000,0.129100,20.000000,0.000000,0.000000,20.000000,0.000000,0.000000,0.000000,0.000000,0.012160,0.000000,0.910900,19.996463,0.027665,-0.375122,20.000000
0.215900,1,"LINK_TORSO_YAW",0.086700,0.200000,0.129200,20.000000,0.000000,0.000000,20.000000,0.000000,0.000000,0.000000,0.000000,0.012160,0.000000,0.910900,19.996431,0.027677,-0.376794,20.000000
0.216000,1,"LINK_TORSO_YAW",0.086700,0.200000,0.129300,20.000000,0.000000,0.000000,20.000000,0.000000,0.000000,0.000000,0.000000,0.012160,0.000000,0.910900,19.996400,0.027688,-0.378466,20.000000
0.216100,1,"LINK_TORSO_YAW",0.086700,0.200000,0.129400,20.000000,0.000000,0.000000,20.000000,0.000000,0.000000,0.000000,0.000000,0.012160,0.000000,0.910900,19.996368,0.027700,-0.380140,20.000000
0.216200,1,"LINK_TORSO_YAW",0.086700,0.200000,0.129500,20.000000,0.000000,0.000000,20.000000,0.000000,0.000000,0.000000,0.000000,0.012160,0.000000,0.910900,19.996336,0.027711,-0.381815,20.000000
0.216300,1,"LINK_TORSO_YAW",0.086700,0.200000,0.129600,20.000000,0.000000,0.000000,20.000000,0.000000,0.000000,0.000000,0.000000,0.012160,0.000000,0.910900,19.996304,0.027722,-0.383493,20.000000
0.216400,1,"LINK_TORSO_YAW",0.086700,0.200000,0.129700,20.000000,0.000000,0.000000,20.000000,0.000000,0.000000,0.000000,0.000000,0.012160,0.000000,0.910900,19.996271,0.027734,-0.385173,20.000000
0.216500,1,"LINK_TORSO_YAW",0.086700,0.200000,0.129800,20.000000,0.000000,0.000000,20.000000,0.000000,0.000000,0.000000,0.000000,0.012160,0.000000,0.910900,19.996239,0.027745,-0.386857,20.000000
0.216600,1,"LINK_TORSO_YAW",0.086700,0.200000,0.129900,20.000000,0.000000,0.000000,20.000000,0.000000,0.000000,0.000000,0.000000,0.012160,0.000000,0.910900,19.996206,0.027757,-0.388539,20.000000
0.216700,1,"LINK_TORSO_YAW",0.086700,0.200000,0.130000,20.000000,0.000000,0.000000,20.000000,0.000000,0.000000,0.000000,0.000000,0.012160,0.000000,0.910900,19.996174,0.027768,-0.390222,20.000000
0.216800,1,"LINK_TORSO_YAW",0.086700,0.200000,0.130100,20.000000,0.000000,0.000000,20.000000,0.000000,0.000000,0.000000,0.000000,0.012160,0.000000,0.910900,19.996141,0.027780,-0.391905,20.000000
0.216900,1,"LINK_TORSO_YAW",0.086700,0.200000,0.130200,20.000000,0.000000,0.000000,20.000000,0.000000,0.000000,0.000000,0.000000,0.012160,0.000000,0.910900,19.996108,0.027791,-0.393588,20.000000
0.217000,1,"LINK_TORSO_YAW",0.086700,0.200000,0.130300,20.000000,0.000000,0.000000,20.000000,0.000000,0.000000,0.000000,0.000000,0.012160,0.000000,0.910900,19.996074,0.027802,-0.395273,20.000000
0.217100,1,"LINK_TORSO_YAW",0.086700,0.200000,0.130400,20.000000,0.000000,0.000000,20.000000,0.000000,0.000000,0.000000,0.000000,0.012160,0.000000,0.910900,19.996041,0.027814,-0.396958,20.000000
0.217200,1,"LINK_TORSO_YAW",0.086700,0.200000,0.130500,20.000000,0.000000,0.000000,20.000000,0.000000,0.000000,0.000000,0.000000,0.012160,0.000000,0.910900,19.996007,0.027825,-0.398646,20.000000
0.217300,1,"LINK_TORSO_YAW",0.086700,0.200000,0.130600,20.000000,0.000000,0.000000,20.000000,0.000000,0.000000,0.000000,0.000000,0.012160,0.000000,0.910900,19.995974,0.027836,-0.400335,20.000000
0.217400,1,"LINK_TORSO_YAW",0.086700,0.200000,0.130700,20.000000,0.000000,0.000000,20.000000,0.000000,0.000000,0.000000,0.000000,0.012160,0.000000,0.910900,19.995940,0.027848,-0.402027,20.000000
0.217500,1,"LINK_TORSO_YAW",0.086700,0.200000,0.130800,20.000000,0.000000,0.000000,20.000000,0.000000,0.000000,0.000000,0.000000,0.012160,0.000000,0.910900,19.995905,0.027859,-0.403723,20.000000
0.217600,1,"LINK_TORSO_YAW",0.086700,0.200000,0.130900,20.000000,0.000000,0.000000,20.000000,0.000000,0.000000,0.000000,0.000000,0.012160,0.000000,0.910900,19.995871,0.027871,-0.405417,20.000000
0.217700,1,"LINK_TORSO_YAW",0.086700,0.200000,0.131000,20.000000,0.000000,0.000000,20.000000,0.000000,0.000000,0.000000,0.000000,0.012160,0.000000,0.910900,19.995837,0.027882,-0.407112,20.000000
0.217800,1,"LINK_TORSO_YAW",0.086700,0.200000,0.131100,20.000000,0.000000,0.000000,20.000000,0.000000,0.000000,0.000000,0.000000,0.012160,0.000000,0.910900,19.995802,0.027893,-0.408807,20.000000
0.217900,1,"LINK_TORSO_YAW",0.086700,0.200000,0.131200,20.000000,0.000000,0.000000,20.000000,0.000000,0.000000,0.000000,0.000000,0.012160,0.000000,0.910900,19.995767,0.027905,-0.410502,20.000000
0.218000,1,"LINK_TORSO_YAW",0.086700,0.200000,0.131300,20.000000,0.000000,0.000000,20.000000,0.000000,0.000000,0.000000,0.000000,0.012160,0.000000,0.910900,19.995732,0.027916,-0.412198,20.000000
0.218100,1,"LINK_TORSO_YAW",0.086700,0.200000,0.131400,20.000000,0.000000,0.000000,20.000000,0.000000,0.000000,0.000000,0.000000,0.012160,0.000000,0.910900,19.995697,0.027927,-0.413896,20.000000
0.218200,1,"LINK_TORSO_YAW",0.086700,0.200000,0.131500,20.000000,0.000000,0.000000,20.000000,0.000000,0.000000,0.000000,0.000000,0.012160,0.000000,0.910900,19.995662,0.027938,-0.415595,20.000000
0.218300,1,"LINK_TORSO_YAW",0.086700,0.200000,0.131600,20.000000,0.000000,0.000000,20.000000,0.000000,0.000000,0.000000,0.000000,0.012160,0.000000,0.910900,19.995627,0.027950,-0.417297,20.000000
0.218400,1,"LINK_TORSO_YAW",0.086700,0.200000,0.131700,20.000000,0.000000,0.000000,20.000000,0.000000,0.000000,0.000000,0.000000,0.012160,0.000000,0.910900,19.995591,0.027961,-0.419001,20.000000
0.218500,1,"LINK_TORSO_YAW",0.086700,0.200000,0.131800,20.000000,0.000000,0.000000,20.000000,0.000000,0.000000,0.000000,0.000000,0.012160,0.000000,0.910900,19.995555,0.027972,-0.420708,20.000000
0.218600,1,"LINK_TORSO_YAW",0.086700,0.200000,0.131900,20.000000,0.000000,0.000000,20.000000,0.000000,0.000000,0.000000,0.000000,0.012160,0.000000,0.910900,19.995519,0.027984,-0.422419,20.000000
0.218700,1,"LINK_TORSO_YAW",0.086700,0.200000,0.132000,20.000000,0.000000,0.000000,20.000000,0.000000,0.000000,0.000000,0.000000,0.012160,0.000000,0.910900,19.995483,0.027995,-0.424130,20.000000
0.218800,1,"LINK_TORSO_YAW",0.086700,0.200000,0.132100,20.000000,0.000000,0.000000,20.000000,0.000000,0.000000,0.000000,0.000000,0.012160,0.000000,0.910900,19.995446,0.028007,-0.425840,20.000000
0.218900,1,"LINK_TORSO_YAW",0.086700,0.200000,0.132200,20.000000,0.000000,0.000000,20.000000,0.000000,0.000000,0.000000,0.000000,0.012160,0.000000,0.910900,19.995410,0.028018,-0.427550,20.000000
0.219000,1,"LINK_TORSO_YAW",0.086700,0.200000,0.132300,20.000000,0.000000,0.000000,20.000000,0.000000,0.000000,0.000000,0.000000,0.012160,0.000000,0.910900,19.995373,0.028029,-0.429261,20.000000
0.219100,1,"LINK_TORSO_YAW",0.086700,0.200000,0.132400,20.000000,0.000000,0.000000,20.000000,0.000000,0.000000,0.000000,0.000000,0.012160,0.000000,0.910900,19.995336,0.028041,-0.430973,20.000000
0.219200,1,"LINK_TORSO_YAW",0.086700,0.200000,0.132500,20.000000,0.000000,0.000000,20.000000,0.000000,0.000000,0.000000,0.000000,0.012160,0.000000,0.910900,19.995299,0.028052,-0.432687,20.000000
0.219300,1,"LINK_TORSO_YAW",0.086700,0.200000,0.132600,20.000000,0.000000,0.000000,20.000000,0.000000,0.000000,0.000000,0.000000,0.012160,0.000000,0.910900,19.995262,0.028063,-0.434402,20.000000
0.219400,1,"LINK_TORSO_YAW",0.086700,0.200000,0.132700,20.000000,0.000000,0.000000,20.000000,0.000000,0.000000,0.000000,0.000000,0.012160,0.000000,0.910900,19.995225,0.028074,-0.436119,20.000000
0.219500,1,"LINK_TORSO_YAW",0.086700,0.200000,0.132800,20.000000,0.000000,0.000000,20.000000,0.000000,0.000000,0.000000,0.000000,0.012160,0.000000,0.910900,19.995187,0.028086,-0.437839,20.000000
0.219600,1,"LINK_TORSO_YAW",0.086700,0.200000,0.132900,20.000000,0.000000,0.000000,20.000000,0.000000,0.000000,0.000000,0.000000,0.012160,0.000000,0.910900,19.995149,0.028097,-0.439562,20.000000
0.219700,1,"LINK_TORSO_YAW",0.086700,0.200000,0.133000,20.000000,0.000000,0.000000,20.000000,0.000000,0.000000,0.000000,0.000000,0.012160,0.000000,0.910900,19.995111,0.028109,-0.441288,20.000000
0.219800,1,"LINK_TORSO_YAW",0.086700,0.200000,0.133100,20.000000,0.000000,0.000000,20.000000,0.000000,0.000000,0.000000,0.000000,0.012160,0.000000,0.910900,19.995073,0.028120,-0.443014,20.000000
0.219900,1,"LINK_TORSO_YAW",0.086700,0.200000,0.133200,20.000000,0.000000,0.000000,20.000000,0.000000,0.000000,0.000000,0.000000,0.012160,0.000000,0.910900,19.995035,0.028131,-0.444740,20.000000
0.220000,1,"LINK_TORSO_YAW",0.086700,0.200000,0.133300,20.000000,0.000000,0.000000,20.000000,0.000000,0.000000,0.000000,0.000000,0.012160,0.000000,0.910900,19.994996,0.028143,-0.446466,20.000000
0.220100,1,"LINK_TORSO_YAW",0.086700,0.200000,0.133400,20.000000,0.000000,0.000000,20.000000,0.000000,0.000000,0.000000,0.000000,0.012160,0.000000,0.910900,19.994958,0.028154,-0.448193,20.000000
0.220200,1,"LINK_TORSO_YAW",0.086700,0.200000,0.133500,20.000000,0.000000,0.000000,20.000000,0.000000,0.000000,0.000000,0.000000,0.012160,0.000000,0.910900,19.994919,0.028165,-0.449920,20.000000
0.220300,1,"LINK_TORSO_YAW",0.086700,0.200000,0.133600,20.000000,0.000000,0.000000,20.000000,0.000000,0.000000,0.000000,0.000000,0.012160,0.000000,0.910900,19.994880,0.028176,-0.451649,20.000000
0.220400,1,"LINK_TORSO_YAW",0.086700,0.200000,0.133700,20.000000,0.000000,0.000000,20.000000,0.000000,0.000000,0.000000,0.000000,0.012160,0.000000,0.910900,19.994841,0.028188,-0.453380,20.000000
0.220500,1,"LINK_TORSO_YAW",0.086700,0.200000,0.133800,20.000000,0.000000,0.000000,20.000000,0.000000,0.000000,0.000000,0.000000,0.012160,0.000000,0.910900,19.994801,0.028199,-0.455113,20.000000
0.220600,1,"LINK_TORSO_YAW",0.086700,0.200000,0.133900,20.000000,0.000000,0.000000,20.000000,0.000000,0.000000,0.000000,0.000000,0.012160,0.000000,0.910900,19.994762,0.028210,-0.456848,20.000000
0.220700,1,"LINK_TORSO_YAW",0.086700,0.200000,0.134000,20.000000,0.000000,0.000000,20.000000,0.000000,0.000000,0.000000,0.000000,0.012160,0.000000,0.910900,19.994722,0.028222,-0.458587,20.000000
0.220800,1,"LINK_TORSO_YAW",0.086700,0.200000,0.134100,20.000000,0.000000,0.000000,20.000000,0.000000,0.000000,0.000000,0.000000,0.012160,0.000000,0.910900,19.994682,0.028233,-0.460329,20.000000
0.220900,1,"LINK_TORSO_YAW",0.086700,0.200000,0.134200,20.000000,0.000000,0.000000,20.000000,0.000000,0.000000,0.000000,0.000000,0.012160,0.000000,0.910900,19.994642,0.028244,-0.462070,20.000000
0.221000,1,"LINK_TORSO_YAW",0.086700,0.200000,0.134300,20.000000,0.000000,0.000000,20.000000,0.000000,0.000000,0.000000,0.000000,0.012160,0.000000,0.910900,19.994601,0.028256,-0.463812,20.000000
0.221100,1,"LINK_TORSO_YAW",0.086700,0.200000,0.134400,20.000000,0.000000,0.000000,20.000000,0.000000,0.000000,0.000000,0.000000,0.012160,0.000000,0.910900,19.994561,0.028267,-0.465553,20.000000
0.221200,1,"LINK_TORSO_YAW",0.086700,0.200000,0.134500,20.000000,0.000000,0.000000,20.000000,0.000000,0.000000,0.000000,0.000000,0.012160,0.000000,0.910900,19.994520,0.028278,-0.467296,20.000000
0.221300,1,"LINK_TORSO_YAW",0.086700,0.200000,0.134600,20.000000,0.000000,0.000000,20.000000,0.000000,0.000000,0.000000,0.000000,0.012160,0.000000,0.910900,19.994479,0.028290,-0.469039,20.000000
0.221400,1,"LINK_TORSO_YAW",0.086700,0.200000,0.134700,20.000000,0.000000,0.000000,20.000000,0.000000,0.000000,0.000000,0.000000,0.012160,0.000000,0.910900,19.994438,0.028301,-0.470783,20.000000
0.221500,1,"LINK_TORSO_YAW",0.086700,0.200000,0.134800,20.000000,0.000000,0.000000,20.000000,0.000000,0.000000,0.000000,0.000000,0.012160,0.000000,0.910900,19.994397,0.028312,-0.472529,20.000000
0.221600,1,"LINK_TORSO_YAW",0.086700,0.200000,0.134900,20.000000,0.000000,0.000000,20.000000,0.000000,0.000000,0.000000,0.000000,0.012160,0.000000,0.910900,19.994356,0.028323,-0.474278,20.000000
0.221700,1,"LINK_TORSO_YAW",0.086700,0.200000,0.135000,20.000000,0.000000,0.000000,20.000000,0.000000,0.000000,0.000000,0.000000,0.012160,0.000000,0.910900,19.994314,0.028335,-0.476029,20.000000
0.221800,1,"LINK_TORSO_YAW",0.086700,0.200000,0.135100,20.000000,0.000000,0.000000,20.000000,0.000000,0.000000,0.000000,0.000000,0.012160,0.000000,0.910900,19.994272,0.028346,-0.477783,20.000000
0.221900,1,"LINK_TORSO_YAW",0.086700,0.200000,0.135200,20.000000,0.000000,0.000000,20.000000,0.000000,0.000000,0.000000,0.000000,0.012160,0.000000,0.910900,19.994230,0.028358,-0.479541,20.000000
0.222000,1,"LINK_TORSO_YAW",0.086700,0.200000,0.135300,20.000000,0.000000,0.000000,20.000000,0.000000,0.000000,0.000000,0.000000,0.012160,0.000000,0.910900,19.994188,0.028369,-0.481298,20.000000
0.222100,1,"LINK_TORSO_YAW",0.086700,0.200000,0.135400,20.000000,0.000000,0.000000,20.000000,0.000000,0.000000,0.000000,0.000000,0.012160,0.000000,0.910900,19.994145,0.028380,-0.483055,20.000000
0.222200,1,"LINK_TORSO_YAW",0.086700,0.200000,0.135500,20.000000,0.000000,0.000000,20.000000,0.000000,0.000000,0.000000,0.000000,0.012160,0.000000,0.910900,19.994103,0.028392,-0.484812,20.000000
0.222300,1,"LINK_TORSO_YAW",0.086700,0.200000,0.135600,20.000000,0.000000,0.000000,20.000000,0.000000,0.000000,0.000000,0.000000,0.012160,0.000000,0.910900,19.994060,0.028403,-0.486570,20.000000
0.222400,1,"LINK_TORSO_YAW",0.086700,0.200000,0.135700,20.000000,0.000000,0.000000,20.000000,0.000000,0.000000,0.000000,0.000000,0.012160,0.000000,0.910900,19.994017,0.028414,-0.488328,20.000000
0.222500,1,"LINK_TORSO_YAW",0.086700,0.200000,0.135800,20.000000,0.000000,0.000000,20.000000,0.000000,0.000000,0.000000,0.000000,0.012160,0.000000,0.910900,19.993974,0.028425,-0.490088,20.000000
0.222600,1,"LINK_TORSO_YAW",0.086700,0.200000,0.135900,20.000000,0.000000,0.000000,20.000000,0.000000,0.000000,0.000000,0.000000,0.012160,0.000000,0.910900,19.993931,0.028437,-0.491850,20.000000
0.222700,1,"LINK_TORSO_YAW",0.086700,0.200000,0.136000,20.000000,0.000000,0.000000,20.000000,0.000000,0.000000,0.000000,0.000000,0.012160,0.000000,0.910900,19.993887,0.028448,-0.493614,20.000000
0.222800,1,"LINK_TORSO_YAW",0.086700,0.200000,0.136100,20.000000,0.000000,0.000000,20.000000,0.000000,0.000000,0.000000,0.000000,0.012160,0.000000,0.910900,19.993844,0.028459,-0.495380,20.000000
0.222900,1,"LINK_TORSO_YAW",0.086700,0.200000,0.136200,20.000000,0.000000,0.000000,20.000000,0.000000,0.000000,0.000000,0.000000,0.012160,0.000000,0.910900,19.993800,0.028471,-0.497150,20.000000
0.223000,1,"LINK_TORSO_YAW",0.086700,0.200000,0.136300,20.000000,0.000000,0.000000,20.000000,0.000000,0.000000,0.000000,0.000000,0.012160,0.000000,0.910900,19.993756,0.028482,-0.498923,20.000000
0.223100,1,"LINK_TORSO_YAW",0.086700,0.200000,0.136400,20.000000,0.000000,0.000000,20.000000,0.000000,0.000000,0.000000,0.000000,0.012160,0.000000,0.910900,19.993711,0.028493,-0.500696,20.000000
0.223200,1,"LINK_TORSO_YAW",0.086700,0.200000,0.136500,20.000000,0.000000,0.000000,20.000000,0.000000,0.000000,0.000000,0.000000,0.012160,0.000000,0.910900,19.993667,0.028505,-0.502468,20.000000
0.223300,1,"LINK_TORSO_YAW",0.086700,0.200000,0.136600,20.000000,0.000000,0.000000,20.000000,0.000000,0.000000,0.000000,0.000000,0.012160,0.000000,0.910900,19.993622,0.028516,-0.504241,20.000000
0.223400,1,"LINK_TORSO_YAW",0.086700,0.200000,0.136700,20.000000,0.000000,0.000000,20.000000,0.000000,0.000000,0.000000,0.000000,0.012160,0.000000,0.910900,19.993577,0.028527,-0.506014,20.000000
0.223500,1,"LINK_TORSO_YAW",0.086700,0.200000,0.136800,20.000000,0.000000,0.000000,20.000000,0.000000,0.000000,0.000000,0.000000,0.012160,0.000000,0.910900,19.993532,0.028539,-0.507788,20.000000
0.223600,1,"LINK_TORSO_YAW",0.086700,0.200000,0.136900,20.000000,0.000000,0.000000,20.000000,0.000000,0.000000,0.000000,0.000000,0.012160,0.000000,0.910900,19.993487,0.028550,-0.509564,20.000000
0.223700,1,"LINK_TORSO_YAW",0.086700,0.200000,0.137000,20.000000,0.000000,0.000000,20.000000,0.000000,0.000000,0.000000,0.000000,0.012160,0.000000,0.910900,19.993442,0.028561,-0.511341,20.000000
0.223800,1,"LINK_TORSO_YAW",0.086700,0.200000,0.137100,20.000000,0.000000,0.000000,20.000000,0.000000,0.000000,0.000000,0.000000,0.012160,0.000000,0.910900,19.993396,0.028572,-0.513120,20.000000
0.223900,1,"LINK_TORSO_YAW",0.086700,0.200000,0.137200,20.000000,0.000000,0.000000,20.000000,0.000000,0.000000,0.000000,0.000000,0.012160,0.000000,0.910900,19.993350,0.028584,-0.514902,20.000000
0.224000,1,"LINK_TORSO_YAW",0.086700,0.200000,0.137300,20.000000,0.000000,0.000000,20.000000,0.000000,0.000000,0.000000,0.000000,0.012160,0.000000,0.910900,19.993304,0.028595,-0.516687,20.000000
0.224100,1,"LINK_TORSO_YAW",0.086700,0.200000,0.137400,20.000000,0.000000,0.000000,20.000000,0.000000,0.000000,0.000000,0.000000,0.012160,0.000000,0.910900,19.993258,0.028607,-0.518476,20.000000
0.224200,1,"LINK_TORSO_YAW",0.086700,0.200000,0.137500,20.000000,0.000000,0.000000,20.000000,0.000000,0.000000,0.000000,0.000000,0.012160,0.000000,0.910900,19.993211,0.028618,-0.520269,20.000000
0.224300,1,"LINK_TORSO_YAW",0.086700,0.200000,0.137600,20.000000,0.000000,0.000000,20.000000,0.000000,0.000000,0.000000,0.000000,0.012160,0.000000,0.910900,19.993165,0.028630,-0.522061,20.000000
0.224400,1,"LINK_TORSO_YAW",0.086700,0.200000,0.137700,20.000000,0.000000,0.000000,20.000000,0.000000,0.000000,0.000000,0.000000,0.012160,0.000000,0.910900,19.993118,0.028641,-0.523854,20.000000
0.224500,1,"LINK_TORSO_YAW",0.086700,0.200000,0.137800,20.000000,0.000000,0.000000,20.000000,0.000000,0.000000,0.000000,0.000000,0.012160,0.000000,0.910900,19.993071,0.028652,-0.525646,20.000000
0.224600,1,"LINK_TORSO_YAW",0.086700,0.200000,0.137900,20.000000,0.000000,0.000000,20.000000,0.000000,0.000000,0.000000,0.000000,0.012160,0.000000,0.910900,19.993023,0.028664,-0.527439,20.000000
0.224700,1,"LINK_TORSO_YAW",0.086700,0.200000,0.138000,20.000000,0.000000,0.000000,20.000000,0.000000,0.000000,0.000000,0.000000,0.012160,0.000000,0.910900,19.992976,0.028675,-0.529233,20.000000
0.224800,1,"LINK_TORSO_YAW",0.086700,0.200000,0.138100,20.000000,0.000000,0.000000,20.000000,0.000000,0.000000,0.000000,0.000000,0.012160,0.000000,0.910900,19.992928,0.028687,-0.531028,20.000000
0.224900,1,"LINK_TORSO_YAW",0.086700,0.200000,0.138200,20.000000,0.000000,0.000000,20.000000,0.000000,0.000000,0.000000,0.000000,0.012160,0.000000,0.910900,19.992881,0.028698,-0.532825,20.000000
0.225000,1,"LINK_TORSO_YAW",0.086700,0.200000,0.138300,20.000000,0.000000,0.000000,20.000000,0.000000,0.000000,0.000000,0.000000,0.012160,0.000000,0.910900,19.992833,0.028709,-0.534624,20.000000
0.225100,1,"LINK_TORSO_YAW",0.086700,0.200000,0.138400,20.000000,0.000000,0.000000,20.000000,0.000000,0.000000,0.000000,0.000000,0.012160,0.000000,0.910900,19.992784,0.028721,-0.536425,20.000000
0.225200,1,"LINK_TORSO_YAW",0.086700,0.200000,0.138500,20.000000,0.000000,0.000000,20.000000,0.000000,0.000000,0.000000,0.000000,0.012160,0.000000,0.910900,19.992736,0.028732,-0.538230,20.000000
0.225300,1,"LINK_TORSO_YAW",0.086700,0.200000,0.138600,20.000000,0.000000,0.000000,20.000000,0.000000,0.000000,0.000000,0.000000,0.012160,0.000000,0.910900,19.992687,0.028744,-0.540038,20.000000
0.225400,1,"LINK_TORSO_YAW",0.086700,0.200000,0.138700,20.000000,0.000000,0.000000,20.000000,0.000000,0.000000,0.000000,0.000000,0.012160,0.000000,0.910900,19.992638,0.028755,-0.541846,20.000000
0.225500,1,"LINK_TORSO_YAW",0.086700,0.200000,0.138800,20.000000,0.000000,0.000000,20.000000,0.000000,0.000000,0.000000,0.000000,0.012160,0.000000,0.910900,19.992589,0.028767,-0.543654,20.000000
0.225600,1,"LINK_TORSO_YAW",0.086700,0.200000,0.138900,20.000000,0.000000,0.000000,20.000000,0.000000,0.000000,0.000000,0.000000,0.012160,0.000000,0.910900,19.992540,0.028778,-0.545461,20.000000
0.225700,1,"LINK_TORSO_YAW",0.086700,0.200000,0.139000,20.000000,0.000000,0.000000,20.000000,0.000000,0.000000,0.000000,0.000000,0.012160,0.000000,0.910900,19.992490,0.028790,-0.547270,20.000000
0.225800,1,"LINK_TORSO_YAW",0.086700,0.200000,0.139100,20.000000,0.000000,0.000000,20.000000,0.000000,0.000000,0.000000,0.000000,0.012160,0.000000,0.910900,19.992441,0.028801,-0.549079,20.000000
0.225900,1,"LINK_TORSO_YAW",0.086700,0.200000,0.139200,20.000000,0.000000,0.000000,20.000000,0.000000,0.000000,0.000000,0.000000,0.012160,0.000000,0.910900,19.992391,0.028812,-0.550889,20.000000
0.226000,1,"LINK_TORSO_YAW",0.086700,0.200000,0.139300,20.000000,0.000000,0.000000,20.000000,0.000000,0.000000,0.000000,0.000000,0.012160,0.000000,0.910900,19.992341,0.028824,-0.552701,20.000000
0.226100,1,"LINK_TORSO_YAW",0.086700,0.200000,0.139400,20.000000,0.000000,0.000000,20.000000,0.000000,0.000000,0.000000,0.000000,0.012160,0.000000,0.910900,19.992291,0.028835,-0.554516,20.000000
0.226200,1,"LINK_TORSO_YAW",0.086700,0.200000,0.139500,20.000000,0.000000,0.000000,20.000000,0.000000,0.000000,0.000000,0.000000,0.012160,0.000000,0.910900,19.992240,0.028846,-0.556333,20.000000
0.226300,1,"LINK_TORSO_YAW",0.086700,0.200000,0.139600,20.000000,0.000000,0.000000,20.000000,0.000000,0.000000,0.000000,0.000000,0.012160,0.000000,0.910900,19.992189,0.028858,-0.558153,20.000000
0.226400,1,"LINK_TORSO_YAW",0.086700,0.200000,0.139700,20.000000,0.000000,0.000000,20.000000,0.000000,0.000000,0.000000,0.000000,0.012160,0.000000,0.910900,19.992138,0.028869,-0.559977,20.000000
0.226500,1,"LINK_TORSO_YAW",0.086700,0.200000,0.139800,20.000000,0.000000,0.000000,20.000000,0.000000,0.000000,0.000000,0.000000,0.012160,0.000000,0.910900,19.992087,0.028881,-0.561800,20.000000
0.226600,1,"LINK_TORSO_YAW",0.086700,0.200000,0.139900,20.000000,0.000000,0.000000,20.000000,0.000000,0.000000,0.000000,0.000000,0.012160,0.000000,0.910900,19.992036,0.028892,-0.563622,20.000000
0.226700,1,"LINK_TORSO_YAW",0.086700,0.200000,0.140000,20.000000,0.000000,0.000000,20.000000,0.000000,0.000000,0.000000,0.000000,0.012160,0.000000,0.910900,19.991984,0.028904,-0.565445,20.000000
0.226800,1,"LINK_TORSO_YAW",0.086700,0.200000,0.140100,20.000000,0.000000,0.000000,20.000000,0.000000,0.000000,0.000000,0.000000,0.012160,0.000000,0.910900,19.991933,0.028915,-0.567269,20.000000
0.226900,1,"LINK_TORSO_YAW",0.086700,0.200000,0.140200,20.000000,0.000000,0.000000,20.000000,0.000000,0.000000,0.000000,0.000000,0.012160,0.000000,0.910900,19.991881,0.028926,-0.569094,20.000000
0.227000,1,"LINK_TORSO_YAW",0.086700,0.200000,0.140300,20.000000,0.000000,0.000000,20.000000,0.000000,0.000000,0.000000,0.000000,0.012160,0.000000,0.910900,19.991829,0.028938,-0.570919,20.000000
0.227100,1,"LINK_TORSO_YAW",0.086700,0.200000,0.140400,20.000000,0.000000,0.000000,20.000000,0.000000,0.000000,0.000000,0.000000,0.012160,0.000000,0.910900,19.991776,0.028949,-0.572747,20.000000
0.227200,1,"LINK_TORSO_YAW",0.086700,0.200000,0.140500,20.000000,0.000000,0.000000,20.000000,0.000000,0.000000,0.000000,0.000000,0.012160,0.000000,0.910900,19.991724,0.028961,-0.574576,20.000000
0.227300,1,"LINK_TORSO_YAW",0.086700,0.200000,0.140600,20.000000,0.000000,0.000000,20.000000,0.000000,0.000000,0.000000,0.000000,0.012160,0.000000,0.910900,19.991671,0.028972,-0.576409,20.000000
0.227400,1,"LINK_TORSO_YAW",0.086700,0.200000,0.140700,20.000000,0.000000,0.000000,20.000000,0.000000,0.000000,0.000000,0.000000,0.012160,0.000000,0.910900,19.991618,0.028984,-0.578244,20.000000
0.227500,1,"LINK_TORSO_YAW",0.086700,0.200000,0.140800,20.000000,0.000000,0.000000,20.000000,0.000000,0.000000,0.000000,0.000000,0.012160,0.000000,0.910900,19.991565,0.028995,-0.580083,20.000000
0.227600,1,"LINK_TORSO_YAW",0.086700,0.200000,0.140900,20.000000,0.000000,0.000000,20.000000,0.000000,0.000000,0.000000,0.000000,0.012160,0.000000,0.910900,19.991511,0.029007,-0.581921,20.000000
0.227700,1,"LINK_TORSO_YAW",0.086700,0.200000,0.141000,20.000000,0.000000,0.000000,20.000000,0.000000,0.000000,0.000000,0.000000,0.012160,0.000000,0.910900,19.991458,0.029018,-0.583760,20.000000
0.227800,1,"LINK_TORSO_YAW",0.086700,0.200000,0.141100,20.000000,0.000000,0.000000,20.000000,0.000000,0.000000,0.000000,0.000000,0.012160,0.000000,0.910900,19.991404,0.029029,-0.585598,20.000000
0.227900,1,"LINK_TORSO_YAW",0.086700,0.200000,0.141200,20.000000,0.000000,0.000000,20.000000,0.000000,0.000000,0.000000,0.000000,0.012160,0.000000,0.910900,19.991350,0.029041,-0.587437,20.000000
0.228000,1,"LINK_TORSO_YAW",0.086700,0.200000,0.141300,20.000000,0.000000,0.000000,20.000000,0.000000,0.000000,0.000000,0.000000,0.012160,0.000000,0.910900,19.991296,0.029052,-0.589277,20.000000
0.228100,1,"LINK_TORSO_YAW",0.086700,0.200000,0.141400,20.000000,0.000000,0.000000,20.000000,0.000000,0.000000,0.000000,0.000000,0.012160,0.000000,0.910900,19.991241,0.029063,-0.591118,20.000000
0.228200,1,"LINK_TORSO_YAW",0.086700,0.200000,0.141500,20.000000,0.000000,0.000000,20.000000,0.000000,0.000000,0.000000,0.000000,0.012160,0.000000,0.910900,19.991187,0.029075,-0.592961,20.000000
0.228300,1,"LINK_TORSO_YAW",0.086700,0.200000,0.141600,20.000000,0.000000,0.000000,20.000000,0.000000,0.000000,0.000000,0.000000,0.012160,0.000000,0.910900,19.991132,0.029086,-0.594805,20.000000
0.228400,1,"LINK_TORSO_YAW",0.086700,0.200000,0.141700,20.000000,0.000000,0.000000,20.000000,0.000000,0.000000,0.000000,0.000000,0.012160,0.000000,0.910900,19.991077,0.029098,-0.596653,20.000000
0.228500,1,"LINK_TORSO_YAW",0.086700,0.200000,0.141800,20.000000,0.000000,0.000000,20.000000,0.000000,0.000000,0.000000,0.000000,0.012160,0.000000,0.910900,19.991022,0.029109,-0.598503,20.000000
0.228600,1,"LINK_TORSO_YAW",0.086700,0.200000,0.141900,20.000000,0.000000,0.000000,20.000000,0.000000,0.000000,0.000000,0.000000,0.012160,0.000000,0.910900,19.990966,0.029121,-0.600358,20.000000
0.228700,1,"LINK_TORSO_YAW",0.086700,0.200000,0.142000,20.000000,0.000000,0.000000,20.000000,0.000000,0.000000,0.000000,0.000000,0.012160,0.000000,0.910900,19.990910,0.029132,-0.602212,20.000000
0.228800,1,"LINK_TORSO_YAW",0.086700,0.200000,0.142100,20.000000,0.000000,0.000000,20.000000,0.000000,0.000000,0.000000,0.000000,0.012160,0.000000,0.910900,19.990854,0.029144,-0.604065,20.000000
0.228900,1,"LINK_TORSO_YAW",0.086700,0.200000,0.142200,20.000000,0.000000,0.000000,20.000000,0.000000,0.000000,0.000000,0.000000,0.012160,0.000000,0.910900,19.990798,0.029155,-0.605918,20.000000
0.229000,1,"LINK_TORSO_YAW",0.086700,0.200000,0.142300,20.000000,0.000000,0.000000,20.000000,0.000000,0.000000,0.000000,0.000000,0.012160,0.000000,0.910900,19.990742,0.029166,-0.607773,20.000000
0.229100,1,"LINK_TORSO_YAW",0.086700,0.200000,0.142400,20.000000,0.000000,0.000000,20.000000,0.000000,0.000000,0.000000,0.000000,0.012160,0.000000,0.910900,19.990685,0.029178,-0.609628,20.000000
0.229200,1,"LINK_TORSO_YAW",0.086700,0.200000,0.142500,20.000000,0.000000,0.000000,20.000000,0.000000,0.000000,0.000000,0.000000,0.012160,0.000000,0.910900,19.990629,0.029189,-0.611484,20.000000
0.229300,1,"LINK_TORSO_YAW",0.086700,0.200000,0.142600,20.000000,0.000000,0.000000,20.000000,0.000000,0.000000,0.000000,0.000000,0.012160,0.000000,0.910900,19.990572,0.029200,-0.613342,20.000000
0.229400,1,"LINK_TORSO_YAW",0.086700,0.200000,0.142700,20.000000,0.000000,0.000000,20.000000,0.000000,0.000000,0.000000,0.000000,0.012160,0.000000,0.910900,19.990515,0.029212,-0.615202,20.000000
0.229500,1,"LINK_TORSO_YAW",0.086700,0.200000,0.142800,20.000000,0.000000,0.000000,20.000000,0.000000,0.000000,0.000000,0.000000,0.012160,0.000000,0.910900,19.990457,0.029223,-0.617065,20.000000
0.229600,1,"LINK_TORSO_YAW",0.086700,0.200000,0.142900,20.000000,0.000000,0.000000,20.000000,0.000000,0.000000,0.000000,0.000000,0.012160,0.000000,0.910900,19.990399,0.029235,-0.618931,20.000000
0.229700,1,"LINK_TORSO_YAW",0.086700,0.200000,0.143000,20.000000,0.000000,0.000000,20.000000,0.000000,0.000000,0.000000,0.000000,0.012160,0.000000,0.910900,19.990341,0.029246,-0.620800,20.000000
0.229800,1,"LINK_TORSO_YAW",0.086700,0.200000,0.143100,20.000000,0.000000,0.000000,20.000000,0.000000,0.000000,0.000000,0.000000,0.012160,0.000000,0.910900,19.990283,0.029258,-0.622669,20.000000
0.229900,1,"LINK_TORSO_YAW",0.086700,0.200000,0.143200,20.000000,0.000000,0.000000,20.000000,0.000000,0.000000,0.000000,0.000000,0.012160,0.000000,0.910900,19.990225,0.029269,-0.624538,20.000000
0.230000,1,"LINK_TORSO_YAW",0.086700,0.200000,0.143300,20.000000,0.000000,0.000000,20.000000,0.000000,0.000000,0.000000,0.000000,0.012160,0.000000,0.910900,19.990167,0.029280,-0.626407,20.000000
0.230100,1,"LINK_TORSO_YAW",0.086700,0.200000,0.143400,20.000000,0.000000,0.000000,20.000000,0.000000,0.000000,0.000000,0.000000,0.012160,0.000000,0.910900,19.990108,0.029292,-0.628276,20.000000
0.230200,1,"LINK_TORSO_YAW",0.086700,0.200000,0.143500,20.000000,0.000000,0.000000,20.000000,0.000000,0.000000,0.000000,0.000000,0.012160,0.000000,0.910900,19.990049,0.029303,-0.630146,20.000000
0.230300,1,"LINK_TORSO_YAW",0.086700,0.200000,0.143600,20.000000,0.000000,0.000000,20.000000,0.000000,0.000000,0.000000,0.000000,0.012160,0.000000,0.910900,19.989990,0.029315,-0.632018,20.000000
0.230400,1,"LINK_TORSO_YAW",0.086700,0.200000,0.143700,20.000000,0.000000,0.000000,20.000000,0.000000,0.000000,0.000000,0.000000,0.012160,0.000000,0.910900,19.989931,0.029326,-0.633891,20.000000
0.230500,1,"LINK_TORSO_YAW",0.086700,0.200000,0.143800,20.000000,0.000000,0.000000,20.000000,0.000000,0.000000,0.000000,0.000000,0.012160,0.000000,0.910900,19.989871,0.029337,-0.635766,20.000000
0.230600,1,"LINK_TORSO_YAW",0.086700,0.200000,0.143900,20.000000,0.000000,0.000000,20.000000,0.000000,0.000000,0.000000,0.000000,0.012160,0.000000,0.910900,19.989811,0.029349,-0.637644,20.000000
0.230700,1,"LINK_TORSO_YAW",0.086700,0.200000,0.144000,20.000000,0.000000,0.000000,20.000000,0.000000,0.000000,0.000000,0.000000,0.012160,0.000000,0.910900,19.989751,0.029360,-0.639525,20.000000
0.230800,1,"LINK_TORSO_YAW",0.086700,0.200000,0.144100,20.000000,0.000000,0.000000,20.000000,0.000000,0.000000,0.000000,0.000000,0.012160,0.000000,0.910900,19.989691,0.029372,-0.641410,20.000000
0.230900,1,"LINK_TORSO_YAW",0.086700,0.200000,0.144200,20.000000,0.000000,0.000000,20.000000,0.000000,0.000000,0.000000,0.000000,0.012160,0.000000,0.910900,19.989630,0.029383,-0.643294,20.000000
0.231000,1,"LINK_TORSO_YAW",0.086700,0.200000,0.144300,20.000000,0.000000,0.000000,20.000000,0.000000,0.000000,0.000000,0.000000,0.012160,0.000000,0.910900,19.989569,0.029395,-0.645178,20.000000
0.231100,1,"LINK_TORSO_YAW",0.086700,0.200000,0.144400,20.000000,0.000000,0.000000,20.000000,0.000000,0.000000,0.000000,0.000000,0.012160,0.000000,0.910900,19.989508,0.029406,-0.647062,20.000000
0.231200,1,"LINK_TORSO_YAW",0.086700,0.200000,0.144500,20.000000,0.000000,0.000000,20.000000,0.000000,0.000000,0.000000,0.000000,0.012160,0.000000,0.910900,19.989447,0.029417,-0.648947,20.000000
0.231300,1,"LINK_TORSO_YAW",0.086700,0.200000,0.144600,20.000000,0.000000,0.000000,20.000000,0.000000,0.000000,0.000000,0.000000,0.012160,0.000000,0.910900,19.989386,0.029429,-0.650832,20.000000
0.231400,1,"LINK_TORSO_YAW",0.086700,0.200000,0.144700,20.000000,0.000000,0.000000,20.000000,0.000000,0.000000,0.000000,0.000000,0.012160,0.000000,0.910900,19.989324,0.029440,-0.652719,20.000000
0.231500,1,"LINK_TORSO_YAW",0.086700,0.200000,0.144800,20.000000,0.000000,0.000000,20.000000,0.000000,0.000000,0.000000,0.000000,0.012160,0.000000,0.910900,19.989263,0.029451,-0.654607,20.000000
0.231600,1,"LINK_TORSO_YAW",0.086700,0.200000,0.144900,20.000000,0.000000,0.000000,20.000000,0.000000,0.000000,0.000000,0.000000,0.012160,0.000000,0.910900,19.989201,0.029463,-0.656498,20.000000
0.231700,1,"LINK_TORSO_YAW",0.086700,0.200000,0.145000,20.000000,0.000000,0.000000,20.000000,0.000000,0.000000,0.000000,0.000000,0.012160,0.000000,0.910900,19.989138,0.029474,-0.658391,20.000000
0.231800,1,"LINK_TORSO_YAW",0.086700,0.200000,0.145100,20.000000,0.000000,0.000000,20.000000,0.000000,0.000000,0.000000,0.000000,0.012160,0.000000,0.910900,19.989076,0.029486,-0.660287,20.000000
0.231900,1,"LINK_TORSO_YAW",0.086700,0.200000,0.145200,20.000000,0.000000,0.000000,20.000000,0.000000,0.000000,0.000000,0.000000,0.012160,0.000000,0.910900,19.989013,0.029497,-0.662187,20.000000
0.232000,1,"LINK_TORSO_YAW",0.086700,0.200000,0.145300,20.000000,0.000000,0.000000,20.000000,0.000000,0.000000,0.000000,0.000000,0.012160,0.000000,0.910900,19.988950,0.029509,-0.664091,20.000000
0.232100,1,"LINK_TORSO_YAW",0.086700,0.200000,0.145400,20.000000,0.000000,0.000000,20.000000,0.000000,0.000000,0.000000,0.000000,0.012160,0.000000,0.910900,19.988886,0.029520,-0.665995,20.000000
0.232200,1,"LINK_TORSO_YAW",0.086700,0.200000,0.145500,20.000000,0.000000,0.000000,20.000000,0.000000,0.000000,0.000000,0.000000,0.012160,0.000000,0.910900,19.988823,0.029532,-0.667898,20.000000
0.232300,1,"LINK_TORSO_YAW",0.086700,0.200000,0.145600,20.000000,0.000000,0.000000,20.000000,0.000000,0.000000,0.000000,0.000000,0.012160,0.000000,0.910900,19.988759,0.029543,-0.669801,20.000000
0.232400,1,"LINK_TORSO_YAW",0.086700,0.200000,0.145700,20.000000,0.000000,0.000000,20.000000,0.000000,0.000000,0.000000,0.000000,0.012160,0.000000,0.910900,19.988695,0.029555,-0.671705,20.000000
0.232500,1,"LINK_TORSO_YAW",0.086700,0.200000,0.145800,20.000000,0.000000,0.000000,20.000000,0.000000,0.000000,0.000000,0.000000,0.012160,0.000000,0.910900,19.988631,0.029566,-0.673610,20.000000
0.232600,1,"LINK_TORSO_YAW",0.086700,0.200000,0.145900,20.000000,0.000000,0.000000,20.000000,0.000000,0.000000,0.000000,0.000000,0.012160,0.000000,0.910900,19.988567,0.029578,-0.675516,20.000000
0.232700,1,"LINK_TORSO_YAW",0.086700,0.200000,0.146000,20.000000,0.000000,0.000000,20.000000,0.000000,0.000000,0.000000,0.000000,0.012160,0.000000,0.910900,19.988502,0.029589,-0.677424,20.000000
0.232800,1,"LINK_TORSO_YAW",0.086700,0.200000,0.146100,20.000000,0.000000,0.000000,20.000000,0.000000,0.000000,0.000000,0.000000,0.012160,0.000000,0.910900,19.988437,0.029601,-0.679334,20.000000
0.232900,1,"LINK_TORSO_YAW",0.086700,0.200000,0.146200,20.000000,0.000000,0.000000,20.000000,0.000000,0.000000,0.000000,0.000000,0.012160,0.000000,0.910900,19.988372,0.029612,-0.681246,20.000000
0.233000,1,"LINK_TORSO_YAW",0.086700,0.200000,0.146300,20.000000,0.000000,0.000000,20.000000,0.000000,0.000000,0.000000,0.000000,0.012160,0.000000,0.910900,19.988307,0.029624,-0.683162,20.000000
0.233100,1,"LINK_TORSO_YAW",0.086700,0.200000,0.146400,20.000000,0.000000,0.000000,20.000000,0.000000,0.000000,0.000000,0.000000,0.012160,0.000000,0.910900,19.988241,0.029635,-0.685081,20.000000
0.233200,1,"LINK_TORSO_YAW",0.086700,0.200000,0.146500,20.000000,0.000000,0.000000,20.000000,0.000000,0.000000,0.000000,0.000000,0.012160,0.000000,0.910900,19.988175,0.029647,-0.687000,20.000000
0.233300,1,"LINK_TORSO_YAW",0.086700,0.200000,0.146600,20.000000,0.000000,0.000000,20.000000,0.000000,0.000000,0.000000,0.000000,0.012160,0.000000,0.910900,19.988109,0.029658,-0.688918,20.000000
0.233400,1,"LINK_TORSO_YAW",0.086700,0.200000,0.146700,20.000000,0.000000,0.000000,20.000000,0.000000,0.000000,0.000000,0.000000,0.012160,0.000000,0.910900,19.988043,0.029670,-0.690837,20.000000
0.233500,1,"LINK_TORSO_YAW",0.086700,0.200000,0.146800,20.000000,0.000000,0.000000,20.000000,0.000000,0.000000,0.000000,0.000000,0.012160,0.000000,0.910900,19.987977,0.029681,-0.692756,20.000000
0.233600,1,"LINK_TORSO_YAW",0.086700,0.200000,0.146900,20.000000,0.000000,0.000000,20.000000,0.000000,0.000000,0.000000,0.000000,0.012160,0.000000,0.910900,19.987910,0.029693,-0.694676,20.000000
0.233700,1,"LINK_TORSO_YAW",0.086700,0.200000,0.147000,20.000000,0.000000,0.000000,20.000000,0.000000,0.000000,0.000000,0.000000,0.012160,0.000000,0.910900,19.987843,0.029704,-0.696597,20.000000
0.233800,1,"LINK_TORSO_YAW",0.086700,0.200000,0.147100,20.000000,0.000000,0.000000,20.000000,0.000000,0.000000,0.000000,0.000000,0.012160,0.000000,0.910900,19.987776,0.029716,-0.698519,20.000000
0.233900,1,"LINK_TORSO_YAW",0.086700,0.200000,0.147200,20.000000,0.000000,0.000000,20.000000,0.000000,0.000000,0.000000,0.000000,0.012160,0.000000,0.910900,19.987709,0.029727,-0.700444,20.000000
0.234000,1,"LINK_TORSO_YAW",0.086700,0.200000,0.147300,20.000000,0.000000,0.000000,20.000000,0.000000,0.000000,0.000000,0.000000,0.012160,0.000000,0.910900,19.987641,0.029739,-0.702372,20.000000
0.234100,1,"LINK_TORSO_YAW",0.086700,0.200000,0.147400,20.000000,0.000000,0.000000,20.000000,0.000000,0.000000,0.000000,0.000000,0.012160,0.000000,0.910900,19.987573,0.029750,-0.704302,20.000000
0.234200,1,"LINK_TORSO_YAW",0.086700,0.200000,0.147500,20.000000,0.000000,0.000000,20.000000,0.000000,0.000000,0.000000,0.000000,0.012160,0.000000,0.910900,19.987505,0.029762,-0.706237,20.000000
0.234300,1,"LINK_TORSO_YAW",0.086700,0.200000,0.147600,20.000000,0.000000,0.000000,20.000000,0.000000,0.000000,0.000000,0.000000,0.012160,0.000000,0.910900,19.987436,0.029773,-0.708170,20.000000
0.234400,1,"LINK_TORSO_YAW",0.086700,0.200000,0.147700,20.000000,0.000000,0.000000,20.000000,0.000000,0.000000,0.000000,0.000000,0.012160,0.000000,0.910900,19.987368,0.029785,-0.710104,20.000000
0.234500,1,"LINK_TORSO_YAW",0.086700,0.200000,0.147800,20.000000,0.000000,0.000000,20.000000,0.000000,0.000000,0.000000,0.000000,0.012160,0.000000,0.910900,19.987299,0.029796,-0.712037,20.000000
0.234600,1,"LINK_TORSO_YAW",0.086700,0.200000,0.147900,20.000000,0.000000,0.000000,20.000000,0.000000,0.000000,0.000000,0.000000,0.012160,0.000000,0.910900,19.987230,0.029808,-0.713971,20.000000
0.234700,1,"LINK_TORSO_YAW",0.086700,0.200000,0.148000,20.000000,0.000000,0.000000,20.000000,0.000000,0.000000,0.000000,0.000000,0.012160,0.000000,0.910900,19.987161,0.029819,-0.715906,20.000000
0.234800,1,"LINK_TORSO_YAW",0.086700,0.200000,0.148100,20.000000,0.000000,0.000000,20.000000,0.000000,0.000000,0.000000,0.000000,0.012160,0.000000,0.910900,19.987091,0.029831,-0.717843,20.000000
0.234900,1,"LINK_TORSO_YAW",0.086700,0.200000,0.148200,20.000000,0.000000,0.000000,20.000000,0.000000,0.000000,0.000000,0.000000,0.012160,0.000000,0.910900,19.987021,0.029842,-0.719780,20.000000
0.235000,1,"LINK_TORSO_YAW",0.086700,0.200000,0.148300,20.000000,0.000000,0.000000,20.000000,0.000000,0.000000,0.000000,0.000000,0.012160,0.000000,0.910900,19.986951,0.029854,-0.721720,20.000000
0.235100,1,"LINK_TORSO_YAW",0.086700,0.200000,0.148400,20.000000,0.000000,0.000000,20.000000,0.000000,0.000000,0.000000,0.000000,0.012160,0.000000,0.910900,19.986881,0.029865,-0.723663,20.000000
0.235200,1,"LINK_TORSO_YAW",0.086700,0.200000,0.148500,20.000000,0.000000,0.000000,20.000000,0.000000,0.000000,0.000000,0.000000,0.012160,0.000000,0.910900,19.986811,0.029877,-0.725608,20.000000
0.235300,1,"LINK_TORSO_YAW",0.086700,0.200000,0.148600,20.000000,0.000000,0.000000,20.000000,0.000000,0.000000,0.000000,0.000000,0.012160,0.000000,0.910900,19.986740,0.029888,-0.727558,20.000000
0.235400,1,"LINK_TORSO_YAW",0.086700,0.200000,0.148700,20.000000,0.000000,0.000000,20.000000,0.000000,0.000000,0.000000,0.000000,0.012160,0.000000,0.910900,19.986669,0.029900,-0.729511,20.000000
0.235500,1,"LINK_TORSO_YAW",0.086700,0.200000,0.148800,20.000000,0.000000,0.000000,20.000000,0.000000,0.000000,0.000000,0.000000,0.012160,0.000000,0.910900,19.986597,0.029912,-0.731464,20.000000
0.235600,1,"LINK_TORSO_YAW",0.086700,0.200000,0.148900,20.000000,0.000000,0.000000,20.000000,0.000000,0.000000,0.000000,0.000000,0.012160,0.000000,0.910900,19.986526,0.029923,-0.733417,20.000000
0.235700,1,"LINK_TORSO_YAW",0.086700,0.200000,0.149000,20.000000,0.000000,0.000000,20.000000,0.000000,0.000000,0.000000,0.000000,0.012160,0.000000,0.910900,19.986454,0.029935,-0.735370,20.000000
0.235800,1,"LINK_TORSO_YAW",0.086700,0.200000,0.149100,20.000000,0.000000,0.000000,20.000000,0.000000,0.000000,0.000000,0.000000,0.012160,0.000000,0.910900,19.986382,0.029946,-0.737323,20.000000
0.235900,1,"LINK_TORSO_YAW",0.086700,0.200000,0.149200,20.000000,0.000000,0.000000,20.000000,0.000000,0.000000,0.000000,0.000000,0.012160,0.000000,0.910900,19.986310,0.029958,-0.739277,20.000000
0.236000,1,"LINK_TORSO_YAW",0.086700,0.200000,0.149300,20.000000,0.000000,0.000000,20.000000,0.000000,0.000000,0.000000,0.000000,0.012160,0.000000,0.910900,19.986237,0.029970,-0.741233,20.000000
0.236100,1,"LINK_TORSO_YAW",0.086700,0.200000,0.149400,20.000000,0.000000,0.000000,20.000000,0.000000,0.000000,0.000000,0.000000,0.012160,0.000000,0.910900,19.986164,0.029981,-0.743190,20.000000
0.236200,1,"LINK_TORSO_YAW",0.086700,0.200000,0.149500,20.000000,0.000000,0.000000,20.000000,0.000000,0.000000,0.000000,0.000000,0.012160,0.000000,0.910900,19.986092,0.029993,-0.745149,20.000000
0.236300,1,"LINK_TORSO_YAW",0.086700,0.200000,0.149600,20.000000,0.000000,0.000000,20.000000,0.000000,0.000000,0.000000,0.000000,0.012160,0.000000,0.910900,19.986018,0.030004,-0.747110,20.000000
0.236400,1,"LINK_TORSO_YAW",0.086700,0.200000,0.149700,20.000000,0.000000,0.000000,20.000000,0.000000,0.000000,0.000000,0.000000,0.012160,0.000000,0.910900,19.985945,0.030016,-0.749075,20.000000
0.236500,1,"LINK_TORSO_YAW",0.086700,0.200000,0.149800,20.000000,0.000000,0.000000,20.000000,0.000000,0.000000,0.000000,0.000000,0.012160,0.000000,0.910900,19.985871,0.030028,-0.751044,20.000000
0.236600,1,"LINK_TORSO_YAW",0.086700,0.200000,0.149900,20.000000,0.000000,0.000000,20.000000,0.000000,0.000000,0.000000,0.000000,0.012160,0.000000,0.910900,19.985797,0.030039,-0.753012,20.000000
0.236700,1,"LINK_TORSO_YAW",0.086700,0.200000,0.150000,20.000000,0.000000,0.000000,20.000000,0.000000,0.000000,0.000000,0.000000,0.012160,0.000000,0.910900,19.985722,0.030051,-0.754979,20.000000
0.236800,1,"LINK_TORSO_YAW",0.086700,0.200000,0.150100,20.000000,0.000000,0.000000,20.000000,0.000000,0.000000,0.000000,0.000000,0.012160,0.000000,0.910900,19.985648,0.030062,-0.756947,20.000000
0.236900,1,"LINK_TORSO_YAW",0.086700,0.200000,0.150200,20.000000,0.000000,0.000000,20.000000,0.000000,0.000000,0.000000,0.000000,0.012160,0.000000,0.910900,19.985573,0.030074,-0.758915,20.000000
0.237000,1,"LINK_TORSO_YAW",0.086700,0.200000,0.150300,20.000000,0.000000,0.000000,20.000000,0.000000,0.000000,0.000000,0.000000,0.012160,0.000000,0.910900,19.985498,0.030086,-0.760884,20.000000
0.237100,1,"LINK_TORSO_YAW",0.086700,0.200000,0.150400,20.000000,0.000000,0.000000,20.000000,0.000000,0.000000,0.000000,0.000000,0.012160,0.000000,0.910900,19.985423,0.030097,-0.762855,20.000000
0.237200,1,"LINK_TORSO_YAW",0.086700,0.200000,0.150500,20.000000,0.000000,0.000000,20.000000,0.000000,0.000000,0.000000,0.000000,0.012160,0.000000,0.910900,19.985348,0.030109,-0.764827,20.000000
0.237300,1,"LINK_TORSO_YAW",0.086700,0.200000,0.150600,20.000000,0.000000,0.000000,20.000000,0.000000,0.000000,0.000000,0.000000,0.012160,0.000000,0.910900,19.985272,0.030120,-0.766801,20.000000
0.237400,1,"LINK_TORSO_YAW",0.086700,0.200000,0.150700,20.000000,0.000000,0.000000,20.000000,0.000000,0.000000,0.000000,0.000000,0.012160,0.000000,0.910900,19.985196,0.030132,-0.768777,20.000000
0.237500,1,"LINK_TORSO_YAW",0.086700,0.200000,0.150800,20.000000,0.000000,0.000000,20.000000,0.000000,0.000000,0.000000,0.000000,0.012160,0.000000,0.910900,19.985120,0.030143,-0.770757,20.000000
0.237600,1,"LINK_TORSO_YAW",0.086700,0.200000,0.150900,20.000000,0.000000,0.000000,20.000000,0.000000,0.000000,0.000000,0.000000,0.012160,0.000000,0.910900,19.985043,0.030155,-0.772741,20.000000
0.237700,1,"LINK_TORSO_YAW",0.086700,0.200000,0.151000,20.000000,0.000000,0.000000,20.000000,0.000000,0.000000,0.000000,0.000000,0.012160,0.000000,0.910900,19.984967,0.030167,-0.774723,20.000000
0.237800,1,"LINK_TORSO_YAW",0.086700,0.200000,0.151100,20.000000,0.000000,0.000000,20.000000,0.000000,0.000000,0.000000,0.000000,0.012160,0.000000,0.910900,19.984890,0.030178,-0.776706,20.000000
0.237900,1,"LINK_TORSO_YAW",0.086700,0.200000,0.151200,20.000000,0.000000,0.000000,20.000000,0.000000,0.000000,0.000000,0.000000,0.012160,0.000000,0.910900,19.984813,0.030190,-0.778689,20.000000
0.238000,1,"LINK_TORSO_YAW",0.086700,0.200000,0.151300,20.000000,0.000000,0.000000,20.000000,0.000000,0.000000,0.000000,0.000000,0.012160,0.000000,0.910900,19.984735,0.030201,-0.780672,20.000000
0.238100,1,"LINK_TORSO_YAW",0.086700,0.200000,0.151400,20.000000,0.000000,0.000000,20.000000,0.000000,0.000000,0.000000,0.000000,0.012160,0.000000,0.910900,19.984658,0.030213,-0.782656,20.000000
0.238200,1,"LINK_TORSO_YAW",0.086700,0.200000,0.151500,20.000000,0.000000,0.000000,20.000000,0.000000,0.000000,0.000000,0.000000,0.012160,0.000000,0.910900,19.984580,0.030225,-0.784641,20.000000
0.238300,1,"LINK_TORSO_YAW",0.086700,0.200000,0.151600,20.000000,0.000000,0.000000,20.000000,0.000000,0.000000,0.000000,0.000000,0.012160,0.000000,0.910900,19.984502,0.030236,-0.786628,20.000000
0.238400,1,"LINK_TORSO_YAW",0.086700,0.200000,0.151700,20.000000,0.000000,0.000000,20.000000,0.000000,0.000000,0.000000,0.000000,0.012160,0.000000,0.910900,19.984423,0.030248,-0.788617,20.000000
0.238500,1,"LINK_TORSO_YAW",0.086700,0.200000,0.151800,20.000000,0.000000,0.000000,20.000000,0.000000,0.000000,0.000000,0.000000,0.012160,0.000000,0.910900,19.984344,0.030259,-0.790608,20.000000
0.238600,1,"LINK_TORSO_YAW",0.086700,0.200000,0.151900,20.000000,0.000000,0.000000,20.000000,0.000000,0.000000,0.000000,0.000000,0.012160,0.000000,0.910900,19.984265,0.030271,-0.792603,20.000000
0.238700,1,"LINK_TORSO_YAW",0.086700,0.200000,0.152000,20.000000,0.000000,0.000000,20.000000,0.000000,0.000000,0.000000,0.000000,0.012160,0.000000,0.910900,19.984186,0.030282,-0.794601,20.000000
0.238800,1,"LINK_TORSO_YAW",0.086700,0.200000,0.152100,20.000000,0.000000,0.000000,20.000000,0.000000,0.000000,0.000000,0.000000,0.012160,0.000000,0.910900,19.984106,0.030294,-0.796599,20.000000
0.238900,1,"LINK_TORSO_YAW",0.086700,0.200000,0.152200,20.000000,0.000000,0.000000,20.000000,0.000000,0.000000,0.000000,0.000000,0.012160,0.000000,0.910900,19.984027,0.030306,-0.798596,20.000000
0.239000,1,"LINK_TORSO_YAW",0.086700,0.200000,0.152300,20.000000,0.000000,0.000000,20.000000,0.000000,0.000000,0.000000,0.000000,0.012160,0.000000,0.910900,19.983947,0.030317,-0.800594,20.000000
0.239100,1,"LINK_TORSO_YAW",0.086700,0.200000,0.152400,20.000000,0.000000,0.000000,20.000000,0.000000,0.000000,0.000000,0.000000,0.012160,0.000000,0.910900,19.983867,0.030329,-0.802592,20.000000
0.239200,1,"LINK_TORSO_YAW",0.086700,0.200000,0.152500,20.000000,0.000000,0.000000,20.000000,0.000000,0.000000,0.000000,0.000000,0.012160,0.000000,0.910900,19.983786,0.030340,-0.804591,20.000000
0.239300,1,"LINK_TORSO_YAW",0.086700,0.200000,0.152600,20.000000,0.000000,0.000000,20.000000,0.000000,0.000000,0.000000,0.000000,0.012160,0.000000,0.910900,19.983706,0.030352,-0.806591,20.000000
0.239400,1,"LINK_TORSO_YAW",0.086700,0.200000,0.152700,20.000000,0.000000,0.000000,20.000000,0.000000,0.000000,0.000000,0.000000,0.012160,0.000000,0.910900,19.983625,0.030363,-0.808593,20.000000
0.239500,1,"LINK_TORSO_YAW",0.086700,0.200000,0.152800,20.000000,0.000000,0.000000,20.000000,0.000000,0.000000,0.000000,0.000000,0.012160,0.000000,0.910900,19.983543,0.030375,-0.810597,20.000000
0.239600,1,"LINK_TORSO_YAW",0.086700,0.200000,0.152900,20.000000,0.000000,0.000000,20.000000,0.000000,0.000000,0.000000,0.000000,0.012160,0.000000,0.910900,19.983462,0.030386,-0.812603,20.000000
0.239700,1,"LINK_TORSO_YAW",0.086700,0.200000,0.153000,20.000000,0.000000,0.000000,20.000000,0.000000,0.000000,0.000000,0.000000,0.012160,0.000000,0.910900,19.983380,0.030398,-0.814613,20.000000
0.239800,1,"LINK_TORSO_YAW",0.086700,0.200000,0.153100,20.000000,0.000000,0.000000,20.000000,0.000000,0.000000,0.000000,0.000000,0.012160,0.000000,0.910900,19.983298,0.030410,-0.816622,20.000000
0.239900,1,"LINK_TORSO_YAW",0.086700,0.200000,0.153200,20.000000,0.000000,0.000000,20.000000,0.000000,0.000000,0.000000,0.000000,0.012160,0.000000,0.910900,19.983216,0.030421,-0.818630,20.000000
0.240000,1,"LINK_TORSO_YAW",0.086700,0.200000,0.153300,20.000000,0.000000,0.000000,20.000000,0.000000,0.000000,0.000000,0.000000,0.012160,0.000000,0.910900,19.983134,0.030433,-0.820639,20.000000
0.240100,1,"LINK_TORSO_YAW",0.086700,0.200000,0.153400,20.000000,0.000000,0.000000,20.000000,0.000000,0.000000,0.000000,0.000000,0.012160,0.000000,0.910900,19.983051,0.030445,-0.822648,20.000000
0.240200,1,"LINK_TORSO_YAW",0.086700,0.200000,0.153500,20.000000,0.000000,0.000000,20.000000,0.000000,0.000000,0.000000,0.000000,0.012160,0.000000,0.910900,19.982968,0.030456,-0.824659,20.000000
0.240300,1,"LINK_TORSO_YAW",0.086700,0.200000,0.153600,20.000000,0.000000,0.000000,20.000000,0.000000,0.000000,0.000000,0.000000,0.012160,0.000000,0.910900,19.982885,0.030468,-0.826670,20.000000
0.240400,1,"LINK_TORSO_YAW",0.086700,0.200000,0.153700,20.000000,0.000000,0.000000,20.000000,0.000000,0.000000,0.000000,0.000000,0.012160,0.000000,0.910900,19.982802,0.030480,-0.828683,20.000000
0.240500,1,"LINK_TORSO_YAW",0.086700,0.200000,0.153800,20.000000,0.000000,0.000000,20.000000,0.000000,0.000000,0.000000,0.000000,0.012160,0.000000,0.910900,19.982718,0.030492,-0.830698,20.000000
0.240600,1,"LINK_TORSO_YAW",0.086700,0.200000,0.153900,20.000000,0.000000,0.000000,20.000000,0.000000,0.000000,0.000000,0.000000,0.012160,0.000000,0.910900,19.982634,0.030504,-0.832716,20.000000
0.240700,1,"LINK_TORSO_YAW",0.086700,0.200000,0.154000,20.000000,0.000000,0.000000,20.000000,0.000000,0.000000,0.000000,0.000000,0.012160,0.000000,0.910900,19.982549,0.030516,-0.834737,20.000000
0.240800,1,"LINK_TORSO_YAW",0.086700,0.200000,0.154100,20.000000,0.000000,0.000000,20.000000,0.000000,0.000000,0.000000,0.000000,0.012160,0.000000,0.910900,19.982465,0.030529,-0.836761,20.000000
0.240900,1,"LINK_TORSO_YAW",0.086700,0.200000,0.154200,20.000000,0.000000,0.000000,20.000000,0.000000,0.000000,0.000000,0.000000,0.012160,0.000000,0.910900,19.982380,0.030541,-0.838785,20.000000
0.241000,1,"LINK_TORSO_YAW",0.086700,0.200000,0.154300,20.000000,0.000000,0.000000,20.000000,0.000000,0.000000,0.000000,0.000000,0.012160,0.000000,0.910900,19.982295,0.030553,-0.840809,20.000000
0.241100,1,"LINK_TORSO_YAW",0.086700,0.200000,0.154400,20.000000,0.000000,0.000000,20.000000,0.000000,0.000000,0.000000,0.000000,0.012160,0.000000,0.910900,19.982210,0.030566,-0.842833,20.000000
0.241200,1,"LINK_TORSO_YAW",0.086700,0.200000,0.154500,20.000000,0.000000,0.000000,20.000000,0.000000,0.000000,0.000000,0.000000,0.012160,0.000000,0.910900,19.982124,0.030578,-0.844858,20.000000
0.241300,1,"LINK_TORSO_YAW",0.086700,0.200000,0.154600,20.000000,0.000000,0.000000,20.000000,0.000000,0.000000,0.000000,0.000000,0.012160,0.000000,0.910900,19.982038,0.030590,-0.846883,20.000000
0.241400,1,"LINK_TORSO_YAW",0.086700,0.200000,0.154700,20.000000,0.000000,0.000000,20.000000,0.000000,0.000000,0.000000,0.000000,0.012160,0.000000,0.910900,19.981952,0.030602,-0.848909,20.000000
0.241500,1,"LINK_TORSO_YAW",0.086700,0.200000,0.154800,20.000000,0.000000,0.000000,20.000000,0.000000,0.000000,0.000000,0.000000,0.012160,0.000000,0.910900,19.981866,0.030615,-0.850937,20.000000
0.241600,1,"LINK_TORSO_YAW",0.086700,0.200000,0.154900,20.000000,0.000000,0.000000,20.000000,0.000000,0.000000,0.000000,0.000000,0.012160,0.000000,0.910900,19.981779,0.030627,-0.852968,20.000000
0.241700,1,"LINK_TORSO_YAW",0.086700,0.200000,0.155000,20.000000,0.000000,0.000000,20.000000,0.000000,0.000000,0.000000,0.000000,0.012160,0.000000,0.910900,19.981692,0.030639,-0.855001,20.000000
0.241800,1,"LINK_TORSO_YAW",0.086700,0.200000,0.155100,20.000000,0.000000,0.000000,20.000000,0.000000,0.000000,0.000000,0.000000,0.012160,0.000000,0.910900,19.981605,0.030651,-0.857037,20.000000
0.241900,1,"LINK_TORSO_YAW",0.086700,0.200000,0.155200,20.000000,0.000000,0.000000,20.000000,0.000000,0.000000,0.000000,0.000000,0.012160,0.000000,0.910900,19.981518,0.030663,-0.859077,20.000000
0.242000,1,"LINK_TORSO_YAW",0.086700,0.200000,0.155300,20.000000,0.000000,0.000000,20.000000,0.000000,0.000000,0.000000,0.000000,0.012160,0.000000,0.910900,19.981430,0.030675,-0.861116,20.000000
0.242100,1,"LINK_TORSO_YAW",0.086700,0.200000,0.155400,20.000000,0.000000,0.000000,20.000000,0.000000,0.000000,0.000000,0.000000,0.012160,0.000000,0.910900,19.981342,0.030687,-0.863155,20.000000
0.242200,1,"LINK_TORSO_YAW",0.086700,0.200000,0.155500,20.000000,0.000000,0.000000,20.000000,0.000000,0.000000,0.000000,0.000000,0.012160,0.000000,0.910900,19.981254,0.030699,-0.865194,20.000000
0.242300,1,"LINK_TORSO_YAW",0.086700,0.200000,0.155600,20.000000,0.000000,0.000000,20.000000,0.000000,0.000000,0.000000,0.000000,0.012160,0.000000,0.910900,19.981165,0.030710,-0.867233,20.000000
0.242400,1,"LINK_TORSO_YAW",0.086700,0.200000,0.155700,20.000000,0.000000,0.000000,20.000000,0.000000,0.000000,0.000000,0.000000,0.012160,0.000000,0.910900,19.981077,0.030722,-0.869274,20.000000
0.242500,1,"LINK_TORSO_YAW",0.086700,0.200000,0.155800,20.000000,0.000000,0.000000,20.000000,0.000000,0.000000,0.000000,0.000000,0.012160,0.000000,0.910900,19.980988,0.030733,-0.871315,20.000000
0.242600,1,"LINK_TORSO_YAW",0.086700,0.200000,0.155900,20.000000,0.000000,0.000000,20.000000,0.000000,0.000000,0.000000,0.000000,0.012160,0.000000,0.910900,19.980898,0.030745,-0.873358,20.000000
0.242700,1,"LINK_TORSO_YAW",0.086700,0.200000,0.156000,20.000000,0.000000,0.000000,20.000000,0.000000,0.000000,0.000000,0.000000,0.012160,0.000000,0.910900,19.980809,0.030756,-0.875404,20.000000
0.242800,1,"LINK_TORSO_YAW",0.086700,0.200000,0.156100,20.000000,0.000000,0.000000,20.000000,0.000000,0.000000,0.000000,0.000000,0.012160,0.000000,0.910900,19.980719,0.030768,-0.877451,20.000000
0.242900,1,"LINK_TORSO_YAW",0.086700,0.200000,0.156200,20.000000,0.000000,0.000000,20.000000,0.000000,0.000000,0.000000,0.000000,0.012160,0.000000,0.910900,19.980629,0.030779,-0.879502,20.000000
0.243000,1,"LINK_TORSO_YAW",0.086700,0.200000,0.156300,20.000000,0.000000,0.000000,20.000000,0.000000,0.000000,0.000000,0.000000,0.012160,0.000000,0.910900,19.980538,0.030791,-0.881557,20.000000
0.243100,1,"LINK_TORSO_YAW",0.086700,0.200000,0.156400,20.000000,0.000000,0.000000,20.000000,0.000000,0.000000,0.000000,0.000000,0.012160,0.000000,0.910900,19.980448,0.030802,-0.883611,20.000000
0.243200,1,"LINK_TORSO_YAW",0.086700,0.200000,0.156500,20.000000,0.000000,0.000000,20.000000,0.000000,0.000000,0.000000,0.000000,0.012160,0.000000,0.910900,19.980357,0.030814,-0.885665,20.000000
0.243300,1,"LINK_TORSO_YAW",0.086700,0.200000,0.156600,20.000000,0.000000,0.000000,20.000000,0.000000,0.000000,0.000000,0.000000,0.012160,0.000000,0.910900,19.980265,0.030825,-0.887718,20.000000
0.243400,1,"LINK_TORSO_YAW",0.086700,0.200000,0.156700,20.000000,0.000000,0.000000,20.000000,0.000000,0.000000,0.000000,0.000000,0.012160,0.000000,0.910900,19.980174,0.030837,-0.889773,20.000000
0.243500,1,"LINK_TORSO_YAW",0.086700,0.200000,0.156800,20.000000,0.000000,0.000000,20.000000,0.000000,0.000000,0.000000,0.000000,0.012160,0.000000,0.910900,19.980082,0.030848,-0.891828,20.000000
0.243600,1,"LINK_TORSO_YAW",0.086700,0.200000,0.156900,20.000000,0.000000,0.000000,20.000000,0.000000,0.000000,0.000000,0.000000,0.012160,0.000000,0.910900,19.979990,0.030860,-0.893884,20.000000
0.243700,1,"LINK_TORSO_YAW",0.086700,0.200000,0.157000,20.000000,0.000000,0.000000,20.000000,0.000000,0.000000,0.000000,0.000000,0.012160,0.000000,0.910900,19.979898,0.030871,-0.895942,20.000000
0.243800,1,"LINK_TORSO_YAW",0.086700,0.200000,0.157100,20.000000,0.000000,0.000000,20.000000,0.000000,0.000000,0.000000,0.000000,0.012160,0.000000,0.910900,19.979806,0.030883,-0.898002,20.000000
0.243900,1,"LINK_TORSO_YAW",0.086700,0.200000,0.157200,20.000000,0.000000,0.000000,20.000000,0.000000,0.000000,0.000000,0.000000,0.012160,0.000000,0.910900,19.979713,0.030894,-0.900065,20.000000
0.244000,1,"LINK_TORSO_YAW",0.086700,0.200000,0.157300,20.000000,0.000000,0.000000,20.000000,0.000000,0.000000,0.000000,0.000000,0.012160,0.000000,0.910900,19.979620,0.030906,-0.902130,20.000000
0.244100,1,"LINK_TORSO_YAW",0.086700,0.200000,0.157400,20.000000,0.000000,0.000000,20.000000,0.000000,0.000000,0.000000,0.000000,0.012160,0.000000,0.910900,19.979526,0.030917,-0.904200,20.000000
0.244200,1,"LINK_TORSO_YAW",0.086700,0.200000,0.157500,20.000000,0.000000,0.000000,20.000000,0.000000,0.000000,0.000000,0.000000,0.012160,0.000000,0.910900,19.979432,0.030929,-0.906269,20.000000
0.244300,1,"LINK_TORSO_YAW",0.086700,0.200000,0.157600,20.000000,0.000000,0.000000,20.000000,0.000000,0.000000,0.000000,0.000000,0.012160,0.000000,0.910900,19.979338,0.030940,-0.908337,20.000000
0.244400,1,"LINK_TORSO_YAW",0.086700,0.200000,0.157700,20.000000,0.000000,0.000000,20.000000,0.000000,0.000000,0.000000,0.000000,0.012160,0.000000,0.910900,19.979244,0.030952,-0.910406,20.000000
0.244500,1,"LINK_TORSO_YAW",0.086700,0.200000,0.157800,20.000000,0.000000,0.000000,20.000000,0.000000,0.000000,0.000000,0.000000,0.012160,0.000000,0.910900,19.979150,0.030963,-0.912475,20.000000
0.244600,1,"LINK_TORSO_YAW",0.086700,0.200000,0.157900,20.000000,0.000000,0.000000,20.000000,0.000000,0.000000,0.000000,0.000000,0.012160,0.000000,0.910900,19.979055,0.030975,-0.914545,20.000000
0.244700,1,"LINK_TORSO_YAW",0.086700,0.200000,0.158000,20.000000,0.000000,0.000000,20.000000,0.000000,0.000000,0.000000,0.000000,0.012160,0.000000,0.910900,19.978960,0.030986,-0.916616,20.000000
0.244800,1,"LINK_TORSO_YAW",0.086700,0.200000,0.158100,20.000000,0.000000,0.000000,20.000000,0.000000,0.000000,0.000000,0.000000,0.012160,0.000000,0.910900,19.978865,0.030998,-0.918688,20.000000
0.244900,1,"LINK_TORSO_YAW",0.086700,0.200000,0.158200,20.000000,0.000000,0.000000,20.000000,0.000000,0.000000,0.000000,0.000000,0.012160,0.000000,0.910900,19.978770,0.031009,-0.920763,20.000000
0.245000,1,"LINK_TORSO_YAW",0.086700,0.200000,0.158300,20.000000,0.000000,0.000000,20.000000,0.000000,0.000000,0.000000,0.000000,0.012160,0.000000,0.910900,19.978674,0.031020,-0.922840,20.000000
0.245100,1,"LINK_TORSO_YAW",0.086700,0.200000,0.158400,20.000000,0.000000,0.000000,20.000000,0.000000,0.000000,0.000000,0.000000,0.012160,0.000000,0.910900,19.978577,0.031032,-0.924921,20.000000
0.245200,1,"LINK_TORSO_YAW",0.086700,0.200000,0.158500,20.000000,0.000000,0.000000,20.000000,0.000000,0.000000,0.000000,0.000000,0.012160,0.000000,0.910900,19.978481,0.031044,-0.927005,20.000000
0.245300,1,"LINK_TORSO_YAW",0.086700,0.200000,0.158600,20.000000,0.000000,0.000000,20.000000,0.000000,0.000000,0.000000,0.000000,0.012160,0.000000,0.910900,19.978384,0.031055,-0.929089,20.000000
0.245400,1,"LINK_TORSO_YAW",0.086700,0.200000,0.158700,20.000000,0.000000,0.000000,20.000000,0.000000,0.000000,0.000000,0.000000,0.012160,0.000000,0.910900,19.978287,0.031067,-0.931172,20.000000
0.245500,1,"LINK_TORSO_YAW",0.086700,0.200000,0.158800,20.000000,0.000000,0.000000,20.000000,0.000000,0.000000,0.000000,0.000000,0.012160,0.000000,0.910900,19.978190,0.031078,-0.933255,20.000000
0.245600,1,"LINK_TORSO_YAW",0.086700,0.200000,0.158900,20.000000,0.000000,0.000000,20.000000,0.000000,0.000000,0.000000,0.000000,0.012160,0.000000,0.910900,19.978092,0.031089,-0.935339,20.000000
0.245700,1,"LINK_TORSO_YAW",0.086700,0.200000,0.159000,20.000000,0.000000,0.000000,20.000000,0.000000,0.000000,0.000000,0.000000,0.012160,0.000000,0.910900,19.977995,0.031101,-0.937424,20.000000
0.245800,1,"LINK_TORSO_YAW",0.086700,0.200000,0.159100,20.000000,0.000000,0.000000,20.000000,0.000000,0.000000,0.000000,0.000000,0.012160,0.000000,0.910900,19.977897,0.031112,-0.939509,20.000000
0.245900,1,"LINK_TORSO_YAW",0.086700,0.200000,0.159200,20.000000,0.000000,0.000000,20.000000,0.000000,0.000000,0.000000,0.000000,0.012160,0.000000,0.910900,19.977798,0.031124,-0.941597,20.000000
0.246000,1,"LINK_TORSO_YAW",0.086700,0.200000,0.159300,20.000000,0.000000,0.000000,20.000000,0.000000,0.000000,0.000000,0.000000,0.012160,0.000000,0.910900,19.977700,0.031135,-0.943686,20.000000
0.246100,1,"LINK_TORSO_YAW",0.086700,0.200000,0.159400,20.000000,0.000000,0.000000,20.000000,0.000000,0.000000,0.000000,0.000000,0.012160,0.000000,0.910900,19.977601,0.031147,-0.945778,20.000000
0.246200,1,"LINK_TORSO_YAW",0.086700,0.200000,0.159500,20.000000,0.000000,0.000000,20.000000,0.000000,0.000000,0.000000,0.000000,0.012160,0.000000,0.910900,19.977501,0.031158,-0.947874,20.000000
0.246300,1,"LINK_TORSO_YAW",0.086700,0.200000,0.159600,20.000000,0.000000,0.000000,20.000000,0.000000,0.000000,0.000000,0.000000,0.012160,0.000000,0.910900,19.977402,0.031170,-0.949968,20.000000
0.246400,1,"LINK_TORSO_YAW",0.086700,0.200000,0.159700,20.000000,0.000000,0.000000,20.000000,0.000000,0.000000,0.000000,0.000000,0.012160,0.000000,0.910900,19.977302,0.031181,-0.952063,20.000000
0.246500,1,"LINK_TORSO_YAW",0.086700,0.200000,0.159800,20.000000,0.000000,0.000000,20.000000,0.000000,0.000000,0.000000,0.000000,0.012160,0.000000,0.910900,19.977202,0.031192,-0.954157,20.000000
0.246600,1,"LINK_TORSO_YAW",0.086700,0.200000,0.159900,20.000000,0.000000,0.000000,20.000000,0.000000,0.000000,0.000000,0.000000,0.012160,0.000000,0.910900,19.977102,0.031204,-0.956252,20.000000
0.246700,1,"LINK_TORSO_YAW",0.086700,0.200000,0.160000,20.000000,0.000000,0.000000,20.000000,0.000000,0.000000,0.000000,0.000000,0.012160,0.000000,0.910900,19.977002,0.031215,-0.958348,20.000000
0.246800,1,"LINK_TORSO_YAW",0.086700,0.200000,0.160100,20.000000,0.000000,0.000000,20.000000,0.000000,0.000000,0.000000,0.000000,0.012160,0.000000,0.910900,19.976901,0.031226,-0.960445,20.000000
0.246900,1,"LINK_TORSO_YAW",0.086700,0.200000,0.160200,20.000000,0.000000,0.000000,20.000000,0.000000,0.000000,0.000000,0.000000,0.012160,0.000000,0.910900,19.976800,0.031238,-0.962543,20.000000
0.247000,1,"LINK_TORSO_YAW",0.086700,0.200000,0.160300,20.000000,0.000000,0.000000,20.000000,0.000000,0.000000,0.000000,0.000000,0.012160,0.000000,0.910900,19.976699,0.031249,-0.964644,20.000000
0.247100,1,"LINK_TORSO_YAW",0.086700,0.200000,0.160400,20.000000,0.000000,0.000000,20.000000,0.000000,0.000000,0.000000,0.000000,0.012160,0.000000,0.910900,19.976597,0.031260,-0.966747,20.000000
0.247200,1,"LINK_TORSO_YAW",0.086700,0.200000,0.160500,20.000000,0.000000,0.000000,20.000000,0.000000,0.000000,0.000000,0.000000,0.012160,0.000000,0.910900,19.976495,0.031272,-0.968854,20.000000
0.247300,1,"LINK_TORSO_YAW",0.086700,0.200000,0.160600,20.000000,0.000000,0.000000,20.000000,0.000000,0.000000,0.000000,0.000000,0.012160,0.000000,0.910900,19.976392,0.031283,-0.970964,20.000000
0.247400,1,"LINK_TORSO_YAW",0.086700,0.200000,0.160700,20.000000,0.000000,0.000000,20.000000,0.000000,0.000000,0.000000,0.000000,0.012160,0.000000,0.910900,19.976290,0.031295,-0.973073,20.000000
0.247500,1,"LINK_TORSO_YAW",0.086700,0.200000,0.160800,20.000000,0.000000,0.000000,20.000000,0.000000,0.000000,0.000000,0.000000,0.012160,0.000000,0.910900,19.976187,0.031306,-0.975182,20.000000
0.247600,1,"LINK_TORSO_YAW",0.086700,0.200000,0.160900,20.000000,0.000000,0.000000,20.000000,0.000000,0.000000,0.000000,0.000000,0.012160,0.000000,0.910900,19.976084,0.031317,-0.977291,20.000000
0.247700,1,"LINK_TORSO_YAW",0.086700,0.200000,0.161000,20.000000,0.000000,0.000000,20.000000,0.000000,0.000000,0.000000,0.000000,0.012160,0.000000,0.910900,19.975980,0.031329,-0.979401,20.000000
0.247800,1,"LINK_TORSO_YAW",0.086700,0.200000,0.161100,20.000000,0.000000,0.000000,20.000000,0.000000,0.000000,0.000000,0.000000,0.012160,0.000000,0.910900,19.975877,0.031340,-0.981512,20.000000
0.247900,1,"LINK_TORSO_YAW",0.086700,0.200000,0.161200,20.000000,0.000000,0.000000,20.000000,0.000000,0.000000,0.000000,0.000000,0.012160,0.000000,0.910900,19.975773,0.031352,-0.983624,20.000000
0.248000,1,"LINK_TORSO_YAW",0.086700,0.200000,0.161300,20.000000,0.000000,0.000000,20.000000,0.000000,0.000000,0.000000,0.000000,0.012160,0.000000,0.910900,19.975669,0.031363,-0.985737,20.000000
0.248100,1,"LINK_TORSO_YAW",0.086700,0.200000,0.161400,20.000000,0.000000,0.000000,20.000000,0.000000,0.000000,0.000000,0.000000,0.012160,0.000000,0.910900,19.975564,0.031374,-0.987852,20.000000
0.248200,1,"LINK_TORSO_YAW",0.086700,0.200000,0.161500,20.000000,0.000000,0.000000,20.000000,0.000000,0.000000,0.000000,0.000000,0.012160,0.000000,0.910900,19.975459,0.031387,-0.989971,20.000000
0.248300,1,"LINK_TORSO_YAW",0.086700,0.200000,0.161600,20.000000,0.000000,0.000000,20.000000,0.000000,0.000000,0.000000,0.000000,0.012160,0.000000,0.910900,19.975354,0.031399,-0.992093,20.000000
0.248400,1,"LINK_TORSO_YAW",0.086700,0.200000,0.161700,20.000000,0.000000,0.000000,20.000000,0.000000,0.000000,0.000000,0.000000,0.012160,0.000000,0.910900,19.975248,0.031411,-0.994214,20.000000
0.248500,1,"LINK_TORSO_YAW",0.086700,0.200000,0.161800,20.000000,0.000000,0.000000,20.000000,0.000000,0.000000,0.000000,0.000000,0.012160,0.000000,0.910900,19.975143,0.031424,-0.996335,20.000000
0.248600,1,"LINK_TORSO_YAW",0.086700,0.200000,0.161900,20.000000,0.000000,0.000000,20.000000,0.000000,0.000000,0.000000,0.000000,0.012160,0.000000,0.910900,19.975037,0.031435,-0.998456,20.000000
0.248700,1,"LINK_TORSO_YAW",0.086700,0.200000,0.162000,20.000000,0.000000,0.000000,20.000000,0.000000,0.000000,0.000000,0.000000,0.012160,0.000000,0.910900,19.974931,0.031447,-1.000578,20.000000
0.248800,1,"LINK_TORSO_YAW",0.086700,0.200000,0.162100,20.000000,0.000000,0.000000,20.000000,0.000000,0.000000,0.000000,0.000000,0.012160,0.000000,0.910900,19.974824,0.031458,-1.002700,20.000000
0.248900,1,"LINK_TORSO_YAW",0.086700,0.200000,0.162200,20.000000,0.000000,0.000000,20.000000,0.000000,0.000000,0.000000,0.000000,0.012160,0.000000,0.910900,19.974717,0.031469,-1.004824,20.000000
0.249000,1,"LINK_TORSO_YAW",0.086700,0.200000,0.162300,20.000000,0.000000,0.000000,20.000000,0.000000,0.000000,0.000000,0.000000,0.012160,0.000000,0.910900,19.974610,0.031481,-1.006949,20.000000
0.249100,1,"LINK_TORSO_YAW",0.086700,0.200000,0.162400,20.000000,0.000000,0.000000,20.000000,0.000000,0.000000,0.000000,0.000000,0.012160,0.000000,0.910900,19.974503,0.031492,-1.009076,20.000000
0.249200,1,"LINK_TORSO_YAW",0.086700,0.200000,0.162500,20.000000,0.000000,0.000000,20.000000,0.000000,0.000000,0.000000,0.000000,0.012160,0.000000,0.910900,19.974395,0.031504,-1.011206,20.000000
0.249300,1,"LINK_TORSO_YAW",0.086700,0.200000,0.162600,20.000000,0.000000,0.000000,20.000000,0.000000,0.000000,0.000000,0.000000,0.012160,0.000000,0.910900,19.974287,0.031515,-1.013339,20.000000
0.249400,1,"LINK_TORSO_YAW",0.086700,0.200000,0.162700,20.000000,0.000000,0.000000,20.000000,0.000000,0.000000,0.000000,0.000000,0.012160,0.000000,0.910900,19.974179,0.031527,-1.015475,20.000000
0.249500,1,"LINK_TORSO_YAW",0.086700,0.200000,0.162800,20.000000,0.000000,0.000000,20.000000,0.000000,0.000000,0.000000,0.000000,0.012160,0.000000,0.910900,19.974070,0.031538,-1.017611,20.000000
0.249600,1,"LINK_TORSO_YAW",0.086700,0.200000,0.162900,20.000000,0.000000,0.000000,20.000000,0.000000,0.000000,0.000000,0.000000,0.012160,0.000000,0.910900,19.973961,0.031550,-1.019747,20.000000
0.249700,1,"LINK_TORSO_YAW",0.086700,0.200000,0.163000,20.000000,0.000000,0.000000,20.000000,0.000000,0.000000,0.000000,0.000000,0.012160,0.000000,0.910900,19.973852,0.031561,-1.021882,20.000000
0.249800,1,"LINK_TORSO_YAW",0.086700,0.200000,0.163100,20.000000,0.000000,0.000000,20.000000,0.000000,0.000000,0.000000,0.000000,0.012160,0.000000,0.910900,19.973742,0.031573,-1.024019,20.000000
0.249900,1,"LINK_TORSO_YAW",0.086700,0.200000,0.163200,20.000000,0.000000,0.000000,20.000000,0.000000,0.000000,0.000000,0.000000,0.012160,0.000000,0.910900,19.973633,0.031584,-1.026156,20.000000
0.250000,1,"LINK_TORSO_YAW",0.086700,0.200000,0.163300,20.000000,0.000000,0.000000,20.000000,0.000000,0.000000,0.000000,0.000000,0.012160,0.000000,0.910900,19.973523,0.031595,-1.028294,20.000000
0.250100,1,"LINK_TORSO_YAW",0.086700,0.200000,0.163400,20.000000,0.000000,0.000000,20.000000,0.000000,0.000000,0.000000,0.000000,0.012160,0.000000,0.910900,19.973413,0.031607,-1.030434,20.000000
0.250200,1,"LINK_TORSO_YAW",0.086700,0.200000,0.163500,20.000000,0.000000,0.000000,20.000000,0.000000,0.000000,0.000000,0.000000,0.012160,0.000000,0.910900,19.973302,0.031618,-1.032576,20.000000
0.250300,1,"LINK_TORSO_YAW",0.086700,0.200000,0.163600,20.000000,0.000000,0.000000,20.000000,0.000000,0.000000,0.000000,0.000000,0.012160,0.000000,0.910900,19.973191,0.031630,-1.034720,20.000000
0.250400,1,"LINK_TORSO_YAW",0.086700,0.200000,0.163700,20.000000,0.000000,0.000000,20.000000,0.000000,0.000000,0.000000,0.000000,0.012160,0.000000,0.910900,19.973079,0.031641,-1.036868,20.000000
0.250500,1,"LINK_TORSO_YAW",0.086700,0.200000,0.163800,20.000000,0.000000,0.000000,20.000000,0.000000,0.000000,0.000000,0.000000,0.012160,0.000000,0.910900,19.972968,0.031653,-1.039014,20.000000
0.250600,1,"LINK_TORSO_YAW",0.086700,0.200000,0.163900,20.000000,0.000000,0.000000,20.000000,0.000000,0.000000,0.000000,0.000000,0.012160,0.000000,0.910900,19.972856,0.031664,-1.041161,20.000000
0.250700,1,"LINK_TORSO_YAW",0.086700,0.200000,0.164000,20.000000,0.000000,0.000000,20.000000,0.000000,0.000000,0.000000,0.000000,0.012160,0.000000,0.910900,19.972744,0.031675,-1.043308,20.000000
0.250800,1,"LINK_TORSO_YAW",0.086700,0.200000,0.164100,20.000000,0.000000,0.000000,20.000000,0.000000,0.000000,0.000000,0.000000,0.012160,0.000000,0.910900,19.972632,0.031687,-1.045455,20.000000
0.250900,1,"LINK_TORSO_YAW",0.086700,0.200000,0.164200,20.000000,0.000000,0.000000,20.000000,0.000000,0.000000,0.000000,0.000000,0.012160,0.000000,0.910900,19.972519,0.031698,-1.047603,20.000000
0.251000,1,"LINK_TORSO_YAW",0.086700,0.200000,0.164300,20.000000,0.000000,0.000000,20.000000,0.000000,0.000000,0.000000,0.000000,0.012160,0.000000,0.910900,19.972406,0.031709,-1.049753,20.000000
0.251100,1,"LINK_TORSO_YAW",0.086700,0.200000,0.164400,20.000000,0.000000,0.000000,20.000000,0.000000,0.000000,0.000000,0.000000,0.012160,0.000000,0.910900,19.972293,0.031721,-1.051903,20.000000
0.251200,1,"LINK_TORSO_YAW",0.086700,0.200000,0.164500,20.000000,0.000000,0.000000,20.000000,0.000000,0.000000,0.000000,0.000000,0.012160,0.000000,0.910900,19.972180,0.031732,-1.054056,20.000000
0.251300,1,"LINK_TORSO_YAW",0.086700,0.200000,0.164600,20.000000,0.000000,0.000000,20.000000,0.000000,0.000000,0.000000,0.000000,0.012160,0.000000,0.910900,19.972066,0.031743,-1.056212,20.000000
0.251400,1,"LINK_TORSO_YAW",0.086700,0.200000,0.164700,20.000000,0.000000,0.000000,20.000000,0.000000,0.000000,0.000000,0.000000,0.012160,0.000000,0.910900,19.971951,0.031755,-1.058371,20.000000
0.251500,1,"LINK_TORSO_YAW",0.086700,0.200000,0.164800,20.000000,0.000000,0.000000,20.000000,0.000000,0.000000,0.000000,0.000000,0.012160,0.000000,0.910900,19.971837,0.031766,-1.060533,20.000000
0.251600,1,"LINK_TORSO_YAW",0.086700,0.200000,0.164900,20.000000,0.000000,0.000000,20.000000,0.000000,0.000000,0.000000,0.000000,0.012160,0.000000,0.910900,19.971722,0.031778,-1.062694,20.000000
0.251700,1,"LINK_TORSO_YAW",0.086700,0.200000,0.165000,20.000000,0.000000,0.000000,20.000000,0.000000,0.000000,0.000000,0.000000,0.012160,0.000000,0.910900,19.971607,0.031789,-1.064856,20.000000
0.251800,1,"LINK_TORSO_YAW",0.086700,0.200000,0.165100,20.000000,0.000000,0.000000,20.000000,0.000000,0.000000,0.000000,0.000000,0.012160,0.000000,0.910900,19.971491,0.031801,-1.067017,20.000000
0.251900,1,"LINK_TORSO_YAW",0.086700,0.200000,0.165200,20.000000,0.000000,0.000000,20.000000,0.000000,0.000000,0.000000,0.000000,0.012160,0.000000,0.910900,19.971376,0.031812,-1.069179,20.000000
0.252000,1,"LINK_TORSO_YAW",0.086700,0.200000,0.165300,20.000000,0.000000,0.000000,20.000000,0.000000,0.000000,0.000000,0.000000,0.012160,0.000000,0.910900,19.971260,0.031823,-1.071342,20.000000
0.252100,1,"LINK_TORSO_YAW",0.086700,0.200000,0.165400,20.000000,0.000000,0.000000,20.000000,0.000000,0.000000,0.000000,0.000000,0.012160,0.000000,0.910900,19.971143,0.031835,-1.073506,20.000000
0.252200,1,"LINK_TORSO_YAW",0.086700,0.200000,0.165500,20.000000,0.000000,0.000000,20.000000,0.000000,0.000000,0.000000,0.000000,0.012160,0.000000,0.910900,19.971027,0.031846,-1.075672,20.000000
0.252300,1,"LINK_TORSO_YAW",0.086700,0.200000,0.165600,20.000000,0.000000,0.000000,20.000000,0.000000,0.000000,0.000000,0.000000,0.012160,0.000000,0.910900,19.970910,0.031857,-1.077840,20.000000
0.252400,1,"LINK_TORSO_YAW",0.086700,0.200000,0.165700,20.000000,0.000000,0.000000,20.000000,0.000000,0.000000,0.000000,0.000000,0.012160,0.000000,0.910900,19.970793,0.031869,-1.080010,20.000000
0.252500,1,"LINK_TORSO_YAW",0.086700,0.200000,0.165800,20.000000,0.000000,0.000000,20.000000,0.000000,0.000000,0.000000,0.000000,0.012160,0.000000,0.910900,19.970675,0.031880,-1.082183,20.000000
0.252600,1,"LINK_TORSO_YAW",0.086700,0.200000,0.165900,20.000000,0.000000,0.000000,20.000000,0.000000,0.000000,0.000000,0.000000,0.012160,0.000000,0.910900,19.970557,0.031891,-1.084360,20.000000
0.252700,1,"LINK_TORSO_YAW",0.086700,0.200000,0.166000,20.000000,0.000000,0.000000,20.000000,0.000000,0.000000,0.000000,0.000000,0.012160,0.000000,0.910900,19.970439,0.031903,-1.086537,20.000000
0.252800,1,"LINK_TORSO_YAW",0.086700,0.200000,0.166100,20.000000,0.000000,0.000000,20.000000,0.000000,0.000000,0.000000,0.000000,0.012160,0.000000,0.910900,19.970320,0.031914,-1.088713,20.000000
0.252900,1,"LINK_TORSO_YAW",0.086700,0.200000,0.166200,20.000000,0.000000,0.000000,20.000000,0.000000,0.000000,0.000000,0.000000,0.012160,0.000000,0.910900,19.970201,0.031926,-1.090889,20.000000
0.253000,1,"LINK_TORSO_YAW",0.086700,0.200000,0.166300,20.000000,0.000000,0.000000,20.000000,0.000000,0.000000,0.000000,0.000000,0.012160,0.000000,0.910900,19.970082,0.031937,-1.093066,20.000000
0.253100,1,"LINK_TORSO_YAW",0.086700,0.200000,0.166400,20.000000,0.000000,0.000000,20.000000,0.000000,0.000000,0.000000,0.000000,0.012160,0.000000,0.910900,19.969963,0.031948,-1.095244,20.000000
0.253200,1,"LINK_TORSO_YAW",0.086700,0.200000,0.166500,20.000000,0.000000,0.000000,20.000000,0.000000,0.000000,0.000000,0.000000,0.012160,0.000000,0.910900,19.969843,0.031960,-1.097422,20.000000
0.253300,1,"LINK_TORSO_YAW",0.086700,0.200000,0.166600,20.000000,0.000000,0.000000,20.000000,0.000000,0.000000,0.000000,0.000000,0.012160,0.000000,0.910900,19.969723,0.031971,-1.099603,20.000000
0.253400,1,"LINK_TORSO_YAW",0.086700,0.200000,0.166700,20.000000,0.000000,0.000000,20.000000,0.000000,0.000000,0.000000,0.000000,0.012160,0.000000,0.910900,19.969603,0.031982,-1.101785,20.000000
0.253500,1,"LINK_TORSO_YAW",0.086700,0.200000,0.166800,20.000000,0.000000,0.000000,20.000000,0.000000,0.000000,0.000000,0.000000,0.012160,0.000000,0.910900,19.969482,0.031994,-1.103970,20.000000
0.253600,1,"LINK_TORSO_YAW",0.086700,0.200000,0.166900,20.000000,0.000000,0.000000,20.000000,0.000000,0.000000,0.000000,0.000000,0.012160,0.000000,0.910900,19.969361,0.032005,-1.106159,20.000000
0.253700,1,"LINK_TORSO_YAW",0.086700,0.200000,0.167000,20.000000,0.000000,0.000000,20.000000,0.000000,0.000000,0.000000,0.000000,0.012160,0.000000,0.910900,19.969240,0.032017,-1.108351,20.000000
0.253800,1,"LINK_TORSO_YAW",0.086700,0.200000,0.167100,20.000000,0.000000,0.000000,20.000000,0.000000,0.000000,0.000000,0.000000,0.012160,0.000000,0.910900,19.969118,0.032028,-1.110542,20.000000
0.253900,1,"LINK_TORSO_YAW",0.086700,0.200000,0.167200,20.000000,0.000000,0.000000,20.000000,0.000000,0.000000,0.000000,0.000000,0.012160,0.000000,0.910900,19.968996,0.032040,-1.112733,20.000000
0.254000,1,"LINK_TORSO_YAW",0.086700,0.200000,0.167300,20.000000,0.000000,0.000000,20.000000,0.000000,0.000000,0.000000,0.000000,0.012160,0.000000,0.910900,19.968874,0.032051,-1.114924,20.000000
0.254100,1,"LINK_TORSO_YAW",0.086700,0.200000,0.167400,20.000000,0.000000,0.000000,20.000000,0.000000,0.000000,0.000000,0.000000,0.012160,0.000000,0.910900,19.968751,0.032063,-1.117115,20.000000
0.254200,1,"LINK_TORSO_YAW",0.086700,0.200000,0.167500,20.000000,0.000000,0.000000,20.000000,0.000000,0.000000,0.000000,0.000000,0.012160,0.000000,0.910900,19.968628,0.032074,-1.119308,20.000000
0.254300,1,"LINK_TORSO_YAW",0.086700,0.200000,0.167600,20.000000,0.000000,0.000000,20.000000,0.000000,0.000000,0.000000,0.000000,0.012160,0.000000,0.910900,19.968505,0.032086,-1.121501,20.000000
0.254400,1,"LINK_TORSO_YAW",0.086700,0.200000,0.167700,20.000000,0.000000,0.000000,20.000000,0.000000,0.000000,0.000000,0.000000,0.012160,0.000000,0.910900,19.968382,0.032098,-1.123697,20.000000
0.254500,1,"LINK_TORSO_YAW",0.086700,0.200000,0.167800,20.000000,0.000000,0.000000,20.000000,0.000000,0.000000,0.000000,0.000000,0.012160,0.000000,0.910900,19.968258,0.032110,-1.125894,20.000000
0.254600,1,"LINK_TORSO_YAW",0.086700,0.200000,0.167900,20.000000,0.000000,0.000000,20.000000,0.000000,0.000000,0.000000,0.000000,0.012160,0.000000,0.910900,19.968134,0.032122,-1.128094,20.000000
0.254700,1,"LINK_TORSO_YAW",0.086700,0.200000,0.168000,20.000000,0.000000,0.000000,20.000000,0.000000,0.000000,0.000000,0.000000,0.012160,0.000000,0.910900,19.968009,0.032134,-1.130297,20.000000
0.254800,1,"LINK_TORSO_YAW",0.086700,0.200000,0.168100,20.000000,0.000000,0.000000,20.000000,0.000000,0.000000,0.000000,0.000000,0.012160,0.000000,0.910900,19.967884,0.032146,-1.132500,20.000000
0.254900,1,"LINK_TORSO_YAW",0.086700,0.200000,0.168200,20.000000,0.000000,0.000000,20.000000,0.000000,0.000000,0.000000,0.000000,0.012160,0.000000,0.910900,19.967759,0.032157,-1.134702,20.000000
0.255000,1,"LINK_TORSO_YAW",0.086700,0.200000,0.168300,20.000000,0.000000,0.000000,20.000000,0.000000,0.000000,0.000000,0.000000,0.012160,0.000000,0.910900,19.967634,0.032169,-1.136905,20.000000
0.255100,1,"LINK_TORSO_YAW",0.086700,0.200000,0.168400,20.000000,0.000000,0.000000,20.000000,0.000000,0.000000,0.000000,0.000000,0.012160,0.000000,0.910900,19.967509,0.032181,-1.139108,20.000000
0.255200,1,"LINK_TORSO_YAW",0.086700,0.200000,0.168500,20.000000,0.000000,0.000000,20.000000,0.000000,0.000000,0.000000,0.000000,0.012160,0.000000,0.910900,19.967383,0.032193,-1.141312,20.000000
0.255300,1,"LINK_TORSO_YAW",0.086700,0.200000,0.168600,20.000000,0.000000,0.000000,20.000000,0.000000,0.000000,0.000000,0.000000,0.012160,0.000000,0.910900,19.967257,0.032205,-1.143517,20.000000
0.255400,1,"LINK_TORSO_YAW",0.086700,0.200000,0.168700,20.000000,0.000000,0.000000,20.000000,0.000000,0.000000,0.000000,0.000000,0.012160,0.000000,0.910900,19.967130,0.032216,-1.145723,20.000000
0.255500,1,"LINK_TORSO_YAW",0.086700,0.200000,0.168800,20.000000,0.000000,0.000000,20.000000,0.000000,0.000000,0.000000,0.000000,0.012160,0.000000,0.910900,19.967003,0.032228,-1.147932,20.000000
0.255600,1,"LINK_TORSO_YAW",0.086700,0.200000,0.168900,20.000000,0.000000,0.000000,20.000000,0.000000,0.000000,0.000000,0.000000,0.012160,0.000000,0.910900,19.966876,0.032240,-1.150144,20.000000
0.255700,1,"LINK_TORSO_YAW",0.086700,0.200000,0.169000,20.000000,0.000000,0.000000,20.000000,0.000000,0.000000,0.000000,0.000000,0.012160,0.000000,0.910900,19.966748,0.032251,-1.152358,20.000000
0.255800,1,"LINK_TORSO_YAW",0.086700,0.200000,0.169100,20.000000,0.000000,0.000000,20.000000,0.000000,0.000000,0.000000,0.000000,0.012160,0.000000,0.910900,19.966620,0.032263,-1.154577,20.000000
0.255900,1,"LINK_TORSO_YAW",0.086700,0.200000,0.169200,20.000000,0.000000,0.000000,20.000000,0.000000,0.000000,0.000000,0.000000,0.012160,0.000000,0.910900,19.966492,0.032274,-1.156794,20.000000
0.256000,1,"LINK_TORSO_YAW",0.086700,0.200000,0.169300,20.000000,0.000000,0.000000,20.000000,0.000000,0.000000,0.000000,0.000000,0.012160,0.000000,0.910900,19.966363,0.032286,-1.159011,20.000000
0.256100,1,"LINK_TORSO_YAW",0.086700,0.200000,0.169400,20.000000,0.000000,0.000000,20.000000,0.000000,0.000000,0.000000,0.000000,0.012160,0.000000,0.910900,19.966234,0.032297,-1.161229,20.000000
0.256200,1,"LINK_TORSO_YAW",0.086700,0.200000,0.169500,20.000000,0.000000,0.000000,20.000000,0.000000,0.000000,0.000000,0.000000,0.012160,0.000000,0.910900,19.966105,0.032308,-1.163447,20.000000
0.256300,1,"LINK_TORSO_YAW",0.086700,0.200000,0.169600,20.000000,0.000000,0.000000,20.000000,0.000000,0.000000,0.000000,0.000000,0.012160,0.000000,0.910900,19.965976,0.032320,-1.165666,20.000000
0.256400,1,"LINK_TORSO_YAW",0.086700,0.200000,0.169700,20.000000,0.000000,0.000000,20.000000,0.000000,0.000000,0.000000,0.000000,0.012160,0.000000,0.910900,19.965846,0.032331,-1.167886,20.000000
0.256500,1,"LINK_TORSO_YAW",0.086700,0.200000,0.169800,20.000000,0.000000,0.000000,20.000000,0.000000,0.000000,0.000000,0.000000,0.012160,0.000000,0.910900,19.965716,0.032342,-1.170108,20.000000
0.256600,1,"LINK_TORSO_YAW",0.086700,0.200000,0.169900,20.000000,0.000000,0.000000,20.000000,0.000000,0.000000,0.000000,0.000000,0.012160,0.000000,0.910900,19.965585,0.032353,-1.172331,20.000000
0.256700,1,"LINK_TORSO_YAW",0.086700,0.200000,0.170000,20.000000,0.000000,0.000000,20.000000,0.000000,0.000000,0.000000,0.000000,0.012160,0.000000,0.910900,19.965454,0.032365,-1.174558,20.000000
0.256800,1,"LINK_TORSO_YAW",0.086700,0.200000,0.170100,20.000000,0.000000,0.000000,20.000000,0.000000,0.000000,0.000000,0.000000,0.012160,0.000000,0.910900,19.965323,0.032376,-1.176787,20.000000
0.256900,1,"LINK_TORSO_YAW",0.086700,0.200000,0.170200,20.000000,0.000000,0.000000,20.000000,0.000000,0.000000,0.000000,0.000000,0.012160,0.000000,0.910900,19.965191,0.032388,-1.179020,20.000000
0.257000,1,"LINK_TORSO_YAW",0.086700,0.200000,0.170300,20.000000,0.000000,0.000000,20.000000,0.000000,0.000000,0.000000,0.000000,0.012160,0.000000,0.910900,19.965059,0.032400,-1.181253,20.000000
0.257100,1,"LINK_TORSO_YAW",0.086700,0.200000,0.170400,20.000000,0.000000,0.000000,20.000000,0.000000,0.000000,0.000000,0.000000,0.012160,0.000000,0.910900,19.964927,0.032411,-1.183485,20.000000
0.257200,1,"LINK_TORSO_YAW",0.086700,0.200000,0.170500,20.000000,0.000000,0.000000,20.000000,0.000000,0.000000,0.000000,0.000000,0.012160,0.000000,0.910900,19.964795,0.032423,-1.185717,20.000000
0.257300,1,"LINK_TORSO_YAW",0.086700,0.200000,0.170600,20.000000,0.000000,0.000000,20.000000,0.000000,0.000000,0.000000,0.000000,0.012160,0.000000,0.910900,19.964662,0.032435,-1.187950,20.000000
0.257400,1,"LINK_TORSO_YAW",0.086700,0.200000,0.170700,20.000000,0.000000,0.000000,20.000000,0.000000,0.000000,0.000000,0.000000,0.012160,0.000000,0.910900,19.964529,0.032446,-1.190184,20.000000
0.257500,1,"LINK_TORSO_YAW",0.086700,0.200000,0.170800,20.000000,0.000000,0.000000,20.000000,0.000000,0.000000,0.000000,0.000000,0.012160,0.000000,0.910900,19.964395,0.032458,-1.192419,20.000000
0.257600,1,"LINK_TORSO_YAW",0.086700,0.200000,0.170900,20.000000,0.000000,0.000000,20.000000,0.000000,0.000000,0.000000,0.000000,0.012160,0.000000,0.910900,19.964262,0.032469,-1.194655,20.000000
0.257700,1,"LINK_TORSO_YAW",0.086700,0.200000,0.171000,20.000000,0.000000,0.000000,20.000000,0.000000,0.000000,0.000000,0.000000,0.012160,0.000000,0.910900,19.964128,0.032481,-1.196894,20.000000
0.257800,1,"LINK_TORSO_YAW",0.086700,0.200000,0.171100,20.000000,0.000000,0.000000,20.000000,0.000000,0.000000,0.000000,0.000000,0.012160,0.000000,0.910900,19.963993,0.032493,-1.199135,20.000000
0.257900,1,"LINK_TORSO_YAW",0.086700,0.200000,0.171200,20.000000,0.000000,0.000000,20.000000,0.000000,0.000000,0.000000,0.000000,0.012160,0.000000,0.910900,19.963858,0.032505,-1.201379,20.000000
0.258000,1,"LINK_TORSO_YAW",0.086700,0.200000,0.171300,20.000000,0.000000,0.000000,20.000000,0.000000,0.000000,0.000000,0.000000,0.012160,0.000000,0.910900,19.963723,0.032516,-1.203627,20.000000
0.258100,1,"LINK_TORSO_YAW",0.086700,0.200000,0.171400,20.000000,0.000000,0.000000,20.000000,0.000000,0.000000,0.000000,0.000000,0.012160,0.000000,0.910900,19.963587,0.032528,-1.205874,20.000000
0.258200,1,"LINK_TORSO_YAW",0.086700,0.200000,0.171500,20.000000,0.000000,0.000000,20.000000,0.000000,0.000000,0.000000,0.000000,0.012160,0.000000,0.910900,19.963451,0.032540,-1.208121,20.000000
0.258300,1,"LINK_TORSO_YAW",0.086700,0.200000,0.171600,20.000000,0.000000,0.000000,20.000000,0.000000,0.000000,0.000000,0.000000,0.012160,0.000000,0.910900,19.963315,0.032551,-1.210368,20.000000
0.258400,1,"LINK_TORSO_YAW",0.086700,0.200000,0.171700,20.000000,0.000000,0.000000,20.000000,0.000000,0.000000,0.000000,0.000000,0.012160,0.000000,0.910900,19.963179,0.032563,-1.212616,20.000000
0.258500,1,"LINK_TORSO_YAW",0.086700,0.200000,0.171800,20.000000,0.000000,0.000000,20.000000,0.000000,0.000000,0.000000,0.000000,0.012160,0.000000,0.910900,19.963042,0.032574,-1.214864,20.000000
0.258600,1,"LINK_TORSO_YAW",0.086700,0.200000,0.171900,20.000000,0.000000,0.000000,20.000000,0.000000,0.000000,0.000000,0.000000,0.012160,0.000000,0.910900,19.962905,0.032585,-1.217114,20.000000
0.258700,1,"LINK_TORSO_YAW",0.086700,0.200000,0.172000,20.000000,0.000000,0.000000,20.000000,0.000000,0.000000,0.000000,0.000000,0.012160,0.000000,0.910900,19.962767,0.032597,-1.219365,20.000000
0.258800,1,"LINK_TORSO_YAW",0.086700,0.200000,0.172100,20.000000,0.000000,0.000000,20.000000,0.000000,0.000000,0.000000,0.000000,0.012160,0.000000,0.910900,19.962630,0.032608,-1.221618,20.000000
0.258900,1,"LINK_TORSO_YAW",0.086700,0.200000,0.172200,20.000000,0.000000,0.000000,20.000000,0.000000,0.000000,0.000000,0.000000,0.012160,0.000000,0.910900,19.962492,0.032620,-1.223874,20.000000
0.259000,1,"LINK_TORSO_YAW",0.086700,0.200000,0.172300,20.000000,0.000000,0.000000,20.000000,0.000000,0.000000,0.000000,0.000000,0.012160,0.000000,0.910900,19.962353,0.032631,-1.226134,20.000000
0.259100,1,"LINK_TORSO_YAW",0.086700,0.200000,0.172400,20.000000,0.000000,0.000000,20.000000,0.000000,0.000000,0.000000,0.000000,0.012160,0.000000,0.910900,19.962214,0.032642,-1.228396,20.000000
0.259200,1,"LINK_TORSO_YAW",0.086700,0.200000,0.172500,20.000000,0.000000,0.000000,20.000000,0.000000,0.000000,0.000000,0.000000,0.012160,0.000000,0.910900,19.962074,0.032653,-1.230658,20.000000
0.259300,1,"LINK_TORSO_YAW",0.086700,0.200000,0.172600,20.000000,0.000000,0.000000,20.000000,0.000000,0.000000,0.000000,0.000000,0.012160,0.000000,0.910900,19.961935,0.032665,-1.232920,20.000000
0.259400,1,"LINK_TORSO_YAW",0.086700,0.200000,0.172700,20.000000,0.000000,0.000000,20.000000,0.000000,0.000000,0.000000,0.000000,0.012160,0.000000,0.910900,19.961795,0.032676,-1.235182,20.000000
0.259500,1,"LINK_TORSO_YAW",0.086700,0.200000,0.172800,20.000000,0.000000,0.000000,20.000000,0.000000,0.000000,0.000000,0.000000,0.012160,0.000000,0.910900,19.961655,0.032687,-1.237444,20.000000
0.259600,1,"LINK_TORSO_YAW",0.086700,0.200000,0.172900,20.000000,0.000000,0.000000,20.000000,0.000000,0.000000,0.000000,0.000000,0.012160,0.000000,0.910900,19.961514,0.032698,-1.239708,20.000000
0.259700,1,"LINK_TORSO_YAW",0.086700,0.200000,0.173000,20.000000,0.000000,0.000000,20.000000,0.000000,0.000000,0.000000,0.000000,0.012160,0.000000,0.910900,19.961374,0.032709,-1.241972,20.000000
0.259800,1,"LINK_TORSO_YAW",0.086700,0.200000,0.173100,20.000000,0.000000,0.000000,20.000000,0.000000,0.000000,0.000000,0.000000,0.012160,0.000000,0.910900,19.961232,0.032720,-1.244238,20.000000
0.259900,1,"LINK_TORSO_YAW",0.086700,0.200000,0.173200,20.000000,0.000000,0.000000,20.000000,0.000000,0.000000,0.000000,0.000000,0.012160,0.000000,0.910900,19.961091,0.032732,-1.246506,20.000000
0.260000,1,"LINK_TORSO_YAW",0.086700,0.200000,0.173300,20.000000,0.000000,0.000000,20.000000,0.000000,0.000000,0.000000,0.000000,0.012160,0.000000,0.910900,19.960949,0.032743,-1.248777,20.000000
0.260100,1,"LINK_TORSO_YAW",0.086700,0.200000,0.173400,20.000000,0.000000,0.000000,20.000000,0.000000,0.000000,0.000000,0.000000,0.012160,0.000000,0.910900,19.960807,0.032754,-1.251051,20.000000
0.260200,1,"LINK_TORSO_YAW",0.086700,0.200000,0.173500,20.000000,0.000000,0.000000,20.000000,0.000000,0.000000,0.000000,0.000000,0.012160,0.000000,0.910900,19.960664,0.032766,-1.253329,20.000000
0.260300,1,"LINK_TORSO_YAW",0.086700,0.200000,0.173600,20.000000,0.000000,0.000000,20.000000,0.000000,0.000000,0.000000,0.000000,0.012160,0.000000,0.910900,19.960520,0.032778,-1.255611,20.000000
0.260400,1,"LINK_TORSO_YAW",0.086700,0.200000,0.173700,20.000000,0.000000,0.000000,20.000000,0.000000,0.000000,0.000000,0.000000,0.012160,0.000000,0.910900,19.960377,0.032789,-1.257892,20.000000
0.260500,1,"LINK_TORSO_YAW",0.086700,0.200000,0.173800,20.000000,0.000000,0.000000,20.000000,0.000000,0.000000,0.000000,0.000000,0.012160,0.000000,0.910900,19.960233,0.032801,-1.260172,20.000000
0.260600,1,"LINK_TORSO_YAW",0.086700,0.200000,0.173900,20.000000,0.000000,0.000000,20.000000,0.000000,0.000000,0.000000,0.000000,0.012160,0.000000,0.910900,19.960089,0.032813,-1.262453,20.000000
0.260700,1,"LINK_TORSO_YAW",0.086700,0.200000,0.174000,20.000000,0.000000,0.000000,20.000000,0.000000,0.000000,0.000000,0.000000,0.012160,0.000000,0.910900,19.959944,0.032824,-1.264735,20.000000
0.260800,1,"LINK_TORSO_YAW",0.086700,0.200000,0.174100,20.000000,0.000000,0.000000,20.000000,0.000000,0.000000,0.000000,0.000000,0.012160,0.000000,0.910900,19.959799,0.032836,-1.267017,20.000000
0.260900,1,"LINK_TORSO_YAW",0.086700,0.200000,0.174200,20.000000,0.000000,0.000000,20.000000,0.000000,0.000000,0.000000,0.000000,0.012160,0.000000,0.910900,19.959654,0.032847,-1.269300,20.000000
0.261000,1,"LINK_TORSO_YAW",0.086700,0.200000,0.174300,20.000000,0.000000,0.000000,20.000000,0.000000,0.000000,0.000000,0.000000,0.012160,0.000000,0.910900,19.959509,0.032859,-1.271586,20.000000
0.261100,1,"LINK_TORSO_YAW",0.086700,0.200000,0.174400,20.000000,0.000000,0.000000,20.000000,0.000000,0.000000,0.000000,0.000000,0.012160,0.000000,0.910900,19.959363,0.032870,-1.273873,20.000000
0.261200,1,"LINK_TORSO_YAW",0.086700,0.200000,0.174500,20.000000,0.000000,0.000000,20.000000,0.000000,0.000000,0.000000,0.000000,0.012160,0.000000,0.910900,19.959217,0.032882,-1.276163,20.000000
0.261300,1,"LINK_TORSO_YAW",0.086700,0.200000,0.174600,20.000000,0.000000,0.000000,20.000000,0.000000,0.000000,0.000000,0.000000,0.012160,0.000000,0.910900,19.959070,0.032894,-1.278456,20.000000
0.261400,1,"LINK_TORSO_YAW",0.086700,0.200000,0.174700,20.000000,0.000000,0.000000,20.000000,0.000000,0.000000,0.000000,0.000000,0.012160,0.000000,0.910900,19.958923,0.032905,-1.280748,20.000000
0.261500,1,"LINK_TORSO_YAW",0.086700,0.200000,0.174800,20.000000,0.000000,0.000000,20.000000,0.000000,0.000000,0.000000,0.000000,0.012160,0.000000,0.910900,19.958776,0.032917,-1.283040,20.000000
0.261600,1,"LINK_TORSO_YAW",0.086700,0.200000,0.174900,20.000000,0.000000,0.000000,20.000000,0.000000,0.000000,0.000000,0.000000,0.012160,0.000000,0.910900,19.958628,0.032928,-1.285332,20.000000
0.261700,1,"LINK_TORSO_YAW",0.086700,0.200000,0.175000,20.000000,0.000000,0.000000,20.000000,0.000000,0.000000,0.000000,0.000000,0.012160,0.000000,0.910900,19.958480,0.032940,-1.287625,20.000000
0.261800,1,"LINK_TORSO_YAW",0.086700,0.200000,0.175100,20.000000,0.000000,0.000000,20.000000,0.000000,0.000000,0.000000,0.000000,0.012160,0.000000,0.910900,19.958332,0.032951,-1.289919,20.000000
0.261900,1,"LINK_TORSO_YAW",0.086700,0.200000,0.175200,20.000000,0.000000,0.000000,20.000000,0.000000,0.000000,0.000000,0.000000,0.012160,0.000000,0.910900,19.958184,0.032963,-1.292214,20.000000
0.262000,1,"LINK_TORSO_YAW",0.086700,0.200000,0.175300,20.000000,0.000000,0.000000,20.000000,0.000000,0.000000,0.000000,0.000000,0.012160,0.000000,0.910900,19.958035,0.032975,-1.294510,20.000000
0.262100,1,"LINK_TORSO_YAW",0.086700,0.200000,0.175400,20.000000,0.000000,0.000000,20.000000,0.000000,0.000000,0.000000,0.000000,0.012160,0.000000,0.910900,19.957886,0.032986,-1.296808,20.000000
0.262200,1,"LINK_TORSO_YAW",0.086700,0.200000,0.175500,20.000000,0.000000,0.000000,20.000000,0.000000,0.000000,0.000000,0.000000,0.012160,0.000000,0.910900,19.957736,0.032998,-1.299109,20.000000
0.262300,1,"LINK_TORSO_YAW",0.086700,0.200000,0.175600,20.000000,0.000000,0.000000,20.000000,0.000000,0.000000,0.000000,0.000000,0.012160,0.000000,0.910900,19.957586,0.033010,-1.301414,20.000000
0.262400,1,"LINK_TORSO_YAW",0.086700,0.200000,0.175700,20.000000,0.000000,0.000000,20.000000,0.000000,0.000000,0.000000,0.000000,0.012160,0.000000,0.910900,19.957435,0.033022,-1.303721,20.000000
0.262500,1,"LINK_TORSO_YAW",0.086700,0.200000,0.175800,20.000000,0.000000,0.000000,20.000000,0.000000,0.000000,0.000000,0.000000,0.012160,0.000000,0.910900,19.957284,0.033033,-1.306028,20.000000
0.262600,1,"LINK_TORSO_YAW",0.086700,0.200000,0.175900,20.000000,0.000000,0.000000,20.000000,0.000000,0.000000,0.000000,0.000000,0.012160,0.000000,0.910900,19.957133,0.033045,-1.308335,20.000000
0.262700,1,"LINK_TORSO_YAW",0.086700,0.200000,0.176000,20.000000,0.000000,0.000000,20.000000,0.000000,0.000000,0.000000,0.000000,0.012160,0.000000,0.910900,19.956982,0.033057,-1.310642,20.000000
0.262800,1,"LINK_TORSO_YAW",0.086700,0.200000,0.176100,20.000000,0.000000,0.000000,20.000000,0.000000,0.000000,0.000000,0.000000,0.012160,0.000000,0.910900,19.956830,0.033068,-1.312950,20.000000
0.262900,1,"LINK_TORSO_YAW",0.086700,0.200000,0.176200,20.000000,0.000000,0.000000,20.000000,0.000000,0.000000,0.000000,0.000000,0.012160,0.000000,0.910900,19.956678,0.033080,-1.315258,20.000000
0.263000,1,"LINK_TORSO_YAW",0.086700,0.200000,0.176300,20.000000,0.000000,0.000000,20.000000,0.000000,0.000000,0.000000,0.000000,0.012160,0.000000,0.910900,19.956526,0.033092,-1.317567,20.000000
0.263100,1,"LINK_TORSO_YAW",0.086700,0.200000,0.176400,20.000000,0.000000,0.000000,20.000000,0.000000,0.000000,0.000000,0.000000,0.012160,0.000000,0.910900,19.956373,0.033103,-1.319879,20.000000
0.263200,1,"LINK_TORSO_YAW",0.086700,0.200000,0.176500,20.000000,0.000000,0.000000,20.000000,0.000000,0.000000,0.000000,0.000000,0.012160,0.000000,0.910900,19.956220,0.033115,-1.322192,20.000000
0.263300,1,"LINK_TORSO_YAW",0.086700,0.200000,0.176600,20.000000,0.000000,0.000000,20.000000,0.000000,0.000000,0.000000,0.000000,0.012160,0.000000,0.910900,19.956066,0.033128,-1.324508,20.000000
0.263400,1,"LINK_TORSO_YAW",0.086700,0.200000,0.176700,20.000000,0.000000,0.000000,20.000000,0.000000,0.000000,0.000000,0.000000,0.012160,0.000000,0.910900,19.955912,0.033142,-1.326828,20.000000
0.263500,1,"LINK_TORSO_YAW",0.086700,0.200000,0.176800,20.000000,0.000000,0.000000,20.000000,0.000000,0.000000,0.000000,0.000000,0.012160,0.000000,0.910900,19.955757,0.033157,-1.329153,20.000000
0.263600,1,"LINK_TORSO_YAW",0.086700,0.200000,0.176900,20.000000,0.000000,0.000000,20.000000,0.000000,0.000000,0.000000,0.000000,0.012160,0.000000,0.910900,19.955602,0.033171,-1.331476,20.000000
0.263700,1,"LINK_TORSO_YAW",0.086700,0.200000,0.177000,20.000000,0.000000,0.000000,20.000000,0.000000,0.000000,0.000000,0.000000,0.012160,0.000000,0.910900,19.955447,0.033186,-1.333799,20.000000
0.263800,1,"LINK_TORSO_YAW",0.086700,0.200000,0.177100,20.000000,0.000000,0.000000,20.000000,0.000000,0.000000,0.000000,0.000000,0.012160,0.000000,0.910900,19.955292,0.033200,-1.336123,20.000000
0.263900,1,"LINK_TORSO_YAW",0.086700,0.200000,0.177200,20.000000,0.000000,0.000000,20.000000,0.000000,0.000000,0.000000,0.000000,0.012160,0.000000,0.910900,19.955136,0.033214,-1.338446,20.000000
0.264000,1,"LINK_TORSO_YAW",0.086700,0.200000,0.177300,20.000000,0.000000,0.000000,20.000000,0.000000,0.000000,0.000000,0.000000,0.012160,0.000000,0.910900,19.954980,0.033228,-1.340772,20.000000
0.264100,1,"LINK_TORSO_YAW",0.086700,0.200000,0.177400,20.000000,0.000000,0.000000,20.000000,0.000000,0.000000,0.000000,0.000000,0.012160,0.000000,0.910900,19.954824,0.033241,-1.343098,20.000000
0.264200,1,"LINK_TORSO_YAW",0.086700,0.200000,0.177500,20.000000,0.000000,0.000000,20.000000,0.000000,0.000000,0.000000,0.000000,0.012160,0.000000,0.910900,19.954667,0.033253,-1.345427,20.000000
0.264300,1,"LINK_TORSO_YAW",0.086700,0.200000,0.177600,20.000000,0.000000,0.000000,20.000000,0.000000,0.000000,0.000000,0.000000,0.012160,0.000000,0.910900,19.954509,0.033265,-1.347758,20.000000
0.264400,1,"LINK_TORSO_YAW",0.086700,0.200000,0.177700,20.000000,0.000000,0.000000,20.000000,0.000000,0.000000,0.000000,0.000000,0.012160,0.000000,0.910900,19.954351,0.033277,-1.350093,20.000000
0.264500,1,"LINK_TORSO_YAW",0.086700,0.200000,0.177800,20.000000,0.000000,0.000000,20.000000,0.000000,0.000000,0.000000,0.000000,0.012160,0.000000,0.910900,19.954193,0.033290,-1.352430,20.000000
0.264600,1,"LINK_TORSO_YAW",0.086700,0.200000,0.177900,20.000000,0.000000,0.000000,20.000000,0.000000,0.000000,0.000000,0.000000,0.012160,0.000000,0.910900,19.954035,0.033303,-1.354766,20.000000
0.264700,1,"LINK_TORSO_YAW",0.086700,0.200000,0.178000,20.000000,0.000000,0.000000,20.000000,0.000000,0.000000,0.000000,0.000000,0.012160,0.000000,0.910900,19.953876,0.033315,-1.357102,20.000000
0.264800,1,"LINK_TORSO_YAW",0.086700,0.200000,0.178100,20.000000,0.000000,0.000000,20.000000,0.000000,0.000000,0.000000,0.000000,0.012160,0.000000,0.910900,19.953717,0.033328,-1.359439,20.000000
0.264900,1,"LINK_TORSO_YAW",0.086700,0.200000,0.178200,20.000000,0.000000,0.000000,20.000000,0.000000,0.000000,0.000000,0.000000,0.012160,0.000000,0.910900,19.953557,0.033340,-1.361775,20.000000
0.265000,1,"LINK_TORSO_YAW",0.086700,0.200000,0.178300,20.000000,0.000000,0.000000,20.000000,0.000000,0.000000,0.000000,0.000000,0.012160,0.000000,0.910900,19.953398,0.033353,-1.364113,20.000000
0.265100,1,"LINK_TORSO_YAW",0.086700,0.200000,0.178400,20.000000,0.000000,0.000000,20.000000,0.000000,0.000000,0.000000,0.000000,0.012160,0.000000,0.910900,19.953238,0.033365,-1.366452,20.000000
0.265200,1,"LINK_TORSO_YAW",0.086700,0.200000,0.178500,20.000000,0.000000,0.000000,20.000000,0.000000,0.000000,0.000000,0.000000,0.012160,0.000000,0.910900,19.953077,0.033377,-1.368792,20.000000
0.265300,1,"LINK_TORSO_YAW",0.086700,0.200000,0.178600,20.000000,0.000000,0.000000,20.000000,0.000000,0.000000,0.000000,0.000000,0.012160,0.000000,0.910900,19.952916,0.033390,-1.371134,20.000000
0.265400,1,"LINK_TORSO_YAW",0.086700,0.200000,0.178700,20.000000,0.000000,0.000000,20.000000,0.000000,0.000000,0.000000,0.000000,0.012160,0.000000,0.910900,19.952755,0.033402,-1.373479,20.000000
0.265500,1,"LINK_TORSO_YAW",0.086700,0.200000,0.178800,20.000000,0.000000,0.000000,20.000000,0.000000,0.000000,0.000000,0.000000,0.012160,0.000000,0.910900,19.952593,0.033414,-1.375827,20.000000
0.265600,1,"LINK_TORSO_YAW",0.086700,0.200000,0.178900,20.000000,0.000000,0.000000,20.000000,0.000000,0.000000,0.000000,0.000000,0.012160,0.000000,0.910900,19.952431,0.033427,-1.378178,20.000000
0.265700,1,"LINK_TORSO_YAW",0.086700,0.200000,0.179000,20.000000,0.000000,0.000000,20.000000,0.000000,0.000000,0.000000,0.000000,0.012160,0.000000,0.910900,19.952269,0.033439,-1.380529,20.000000
0.265800,1,"LINK_TORSO_YAW",0.086700,0.200000,0.179100,20.000000,0.000000,0.000000,20.000000,0.000000,0.000000,0.000000,0.000000,0.012160,0.000000,0.910900,19.952106,0.033452,-1.382879,20.000000
0.265900,1,"LINK_TORSO_YAW",0.086700,0.200000,0.179200,20.000000,0.000000,0.000000,20.000000,0.000000,0.000000,0.000000,0.000000,0.012160,0.000000,0.910900,19.951943,0.033464,-1.385229,20.000000
0.266000,1,"LINK_TORSO_YAW",0.086700,0.200000,0.179300,20.000000,0.000000,0.000000,20.000000,0.000000,0.000000,0.000000,0.000000,0.012160,0.000000,0.910900,19.951779,0.033476,-1.387580,20.000000
0.266100,1,"LINK_TORSO_YAW",0.086700,0.200000,0.179400,20.000000,0.000000,0.000000,20.000000,0.000000,0.000000,0.000000,0.000000,0.012160,0.000000,0.910900,19.951616,0.033488,-1.389932,20.000000
0.266200,1,"LINK_TORSO_YAW",0.086700,0.200000,0.179500,20.000000,0.000000,0.000000,20.000000,0.000000,0.000000,0.000000,0.000000,0.012160,0.000000,0.910900,19.951452,0.033501,-1.392284,20.000000
0.266300,1,"LINK_TORSO_YAW",0.086700,0.200000,0.179600,20.000000,0.000000,0.000000,20.000000,0.000000,0.000000,0.000000,0.000000,0.012160,0.000000,0.910900,19.951287,0.033513,-1.394639,20.000000
0.266400,1,"LINK_TORSO_YAW",0.086700,0.200000,0.179700,20.000000,0.000000,0.000000,20.000000,0.000000,0.000000,0.000000,0.000000,0.012160,0.000000,0.910900,19.951122,0.033525,-1.396995,20.000000
0.266500,1,"LINK_TORSO_YAW",0.086700,0.200000,0.179800,20.000000,0.000000,0.000000,20.000000,0.000000,0.000000,0.000000,0.000000,0.012160,0.000000,0.910900,19.950957,0.033537,-1.399354,20.000000
0.266600,1,"LINK_TORSO_YAW",0.086700,0.200000,0.179900,20.000000,0.000000,0.000000,20.000000,0.000000,0.000000,0.000000,0.000000,0.012160,0.000000,0.910900,19.950791,0.033549,-1.401716,20.000000
0.266700,1,"LINK_TORSO_YAW",0.086700,0.200000,0.180000,20.000000,0.000000,0.000000,20.000000,0.000000,0.000000,0.000000,0.000000,0.012160,0.000000,0.910900,19.950625,0.033562,-1.404077,20.000000
0.266800,1,"LINK_TORSO_YAW",0.086700,0.200000,0.180100,20.000000,0.000000,0.000000,20.000000,0.000000,0.000000,0.000000,0.000000,0.012160,0.000000,0.910900,19.950459,0.033574,-1.406438,20.000000
0.266900,1,"LINK_TORSO_YAW",0.086700,0.200000,0.180200,20.000000,0.000000,0.000000,20.000000,0.000000,0.000000,0.000000,0.000000,0.012160,0.000000,0.910900,19.950292,0.033586,-1.408799,20.000000
0.267000,1,"LINK_TORSO_YAW",0.086700,0.200000,0.180300,20.000000,0.000000,0.000000,20.000000,0.000000,0.000000,0.000000,0.000000,0.012160,0.000000,0.910900,19.950125,0.033598,-1.411160,20.000000
0.267100,1,"LINK_TORSO_YAW",0.086700,0.200000,0.180400,20.000000,0.000000,0.000000,20.000000,0.000000,0.000000,0.000000,0.000000,0.012160,0.000000,0.910900,19.949958,0.033610,-1.413523,20.000000
0.267200,1,"LINK_TORSO_YAW",0.086700,0.200000,0.180500,20.000000,0.000000,0.000000,20.000000,0.000000,0.000000,0.000000,0.000000,0.012160,0.000000,0.910900,19.949790,0.033622,-1.415886,20.000000
0.267300,1,"LINK_TORSO_YAW",0.086700,0.200000,0.180600,20.000000,0.000000,0.000000,20.000000,0.000000,0.000000,0.000000,0.000000,0.012160,0.000000,0.910900,19.949622,0.033634,-1.418251,20.000000
0.267400,1,"LINK_TORSO_YAW",0.086700,0.200000,0.180700,20.000000,0.000000,0.000000,20.000000,0.000000,0.000000,0.000000,0.000000,0.012160,0.000000,0.910900,19.949454,0.033645,-1.420618,20.000000
0.267500,1,"LINK_TORSO_YAW",0.086700,0.200000,0.180800,20.000000,0.000000,0.000000,20.000000,0.000000,0.000000,0.000000,0.000000,0.012160,0.000000,0.910900,19.949285,0.033657,-1.422988,20.000000
0.267600,1,"LINK_TORSO_YAW",0.086700,0.200000,0.180900,20.000000,0.000000,0.000000,20.000000,0.000000,0.000000,0.000000,0.000000,0.012160,0.000000,0.910900,19.949116,0.033668,-1.425362,20.000000
0.267700,1,"LINK_TORSO_YAW",0.086700,0.200000,0.181000,20.000000,0.000000,0.000000,20.000000,0.000000,0.000000,0.000000,0.000000,0.012160,0.000000,0.910900,19.948946,0.033679,-1.427739,20.000000
0.267800,1,"LINK_TORSO_YAW",0.086700,0.200000,0.181100,20.000000,0.000000,0.000000,20.000000,0.000000,0.000000,0.000000,0.000000,0.012160,0.000000,0.910900,19.948775,0.033689,-1.430115,20.000000
0.267900,1,"LINK_TORSO_YAW",0.086700,0.200000,0.181200,20.000000,0.000000,0.000000,20.000000,0.000000,0.000000,0.000000,0.000000,0.012160,0.000000,0.910900,19.948605,0.033700,-1.432491,20.000000
0.268000,1,"LINK_TORSO_YAW",0.086700,0.200000,0.181300,20.000000,0.000000,0.000000,20.000000,0.000000,0.000000,0.000000,0.000000,0.012160,0.000000,0.910900,19.948434,0.033710,-1.434867,20.000000
0.268100,1,"LINK_TORSO_YAW",0.086700,0.200000,0.181400,20.000000,0.000000,0.000000,20.000000,0.000000,0.000000,0.000000,0.000000,0.012160,0.000000,0.910900,19.948263,0.033721,-1.437244,20.000000
0.268200,1,"LINK_TORSO_YAW",0.086700,0.200000,0.181500,20.000000,0.000000,0.000000,20.000000,0.000000,0.000000,0.000000,0.000000,0.012160,0.000000,0.910900,19.948091,0.033731,-1.439622,20.000000
0.268300,1,"LINK_TORSO_YAW",0.086700,0.200000,0.181600,20.000000,0.000000,0.000000,20.000000,0.000000,0.000000,0.000000,0.000000,0.012160,0.000000,0.910900,19.947920,0.033742,-1.442000,20.000000
0.268400,1,"LINK_TORSO_YAW",0.086700,0.200000,0.181700,20.000000,0.000000,0.000000,20.000000,0.000000,0.000000,0.000000,0.000000,0.012160,0.000000,0.910900,19.947747,0.033752,-1.444381,20.000000
0.268500,1,"LINK_TORSO_YAW",0.086700,0.200000,0.181800,20.000000,0.000000,0.000000,20.000000,0.000000,0.000000,0.000000,0.000000,0.012160,0.000000,0.910900,19.947575,0.033763,-1.446763,20.000000
0.268600,1,"LINK_TORSO_YAW",0.086700,0.200000,0.181900,20.000000,0.000000,0.000000,20.000000,0.000000,0.000000,0.000000,0.000000,0.012160,0.000000,0.910900,19.947402,0.033774,-1.449148,20.000000
0.268700,1,"LINK_TORSO_YAW",0.086700,0.200000,0.182000,20.000000,0.000000,0.000000,20.000000,0.000000,0.000000,0.000000,0.000000,0.012160,0.000000,0.910900,19.947228,0.033785,-1.451536,20.000000
0.268800,1,"LINK_TORSO_YAW",0.086700,0.200000,0.182100,20.000000,0.000000,0.000000,20.000000,0.000000,0.000000,0.000000,0.000000,0.012160,0.000000,0.910900,19.947054,0.033796,-1.453927,20.000000
0.268900,1,"LINK_TORSO_YAW",0.086700,0.200000,0.182200,20.000000,0.000000,0.000000,20.000000,0.000000,0.000000,0.000000,0.000000,0.012160,0.000000,0.910900,19.946879,0.033807,-1.456318,20.000000
0.269000,1,"LINK_TORSO_YAW",0.086700,0.200000,0.182300,20.000000,0.000000,0.000000,20.000000,0.000000,0.000000,0.000000,0.000000,0.012160,0.000000,0.910900,19.946705,0.033818,-1.458709,20.000000
0.269100,1,"LINK_TORSO_YAW",0.086700,0.200000,0.182400,20.000000,0.000000,0.000000,20.000000,0.000000,0.000000,0.000000,0.000000,0.012160,0.000000,0.910900,19.946530,0.033829,-1.461099,20.000000
0.269200,1,"LINK_TORSO_YAW",0.086700,0.200000,0.182500,20.000000,0.000000,0.000000,20.000000,0.000000,0.000000,0.000000,0.000000,0.012160,0.000000,0.910900,19.946354,0.033840,-1.463490,20.000000
0.269300,1,"LINK_TORSO_YAW",0.086700,0.200000,0.182600,20.000000,0.000000,0.000000,20.000000,0.000000,0.000000,0.000000,0.000000,0.012160,0.000000,0.910900,19.946179,0.033852,-1.465882,20.000000
0.269400,1,"LINK_TORSO_YAW",0.086700,0.200000,0.182700,20.000000,0.000000,0.000000,20.000000,0.000000,0.000000,0.000000,0.000000,0.012160,0.000000,0.910900,19.946003,0.033863,-1.468275,20.000000
0.269500,1,"LINK_TORSO_YAW",0.086700,0.200000,0.182800,20.000000,0.000000,0.000000,20.000000,0.000000,0.000000,0.000000,0.000000,0.012160,0.000000,0.910900,19.945826,0.033874,-1.470670,20.000000
0.269600,1,"LINK_TORSO_YAW",0.086700,0.200000,0.182900,20.000000,0.000000,0.000000,20.000000,0.000000,0.000000,0.000000,0.000000,0.012160,0.000000,0.910900,19.945649,0.033887,-1.473067,20.000000
0.269700,1,"LINK_TORSO_YAW",0.086700,0.200000,0.183000,20.000000,0.000000,0.000000,20.000000,0.000000,0.000000,0.000000,0.000000,0.012160,0.000000,0.910900,19.945472,0.033899,-1.475467,20.000000
0.269800,1,"LINK_TORSO_YAW",0.086700,0.200000,0.183100,20.000000,0.000000,0.000000,20.000000,0.000000,0.000000,0.000000,0.000000,0.012160,0.000000,0.910900,19.945294,0.033912,-1.477870,20.000000
0.269900,1,"LINK_TORSO_YAW",0.086700,0.200000,0.183200,20.000000,0.000000,0.000000,20.000000,0.000000,0.000000,0.000000,0.000000,0.012160,0.000000,0.910900,19.945115,0.033924,-1.480277,20.000000
0.270000,1,"LINK_TORSO_YAW",0.086700,0.200000,0.183300,20.000000,0.000000,0.000000,20.000000,0.000000,0.000000,0.000000,0.000000,0.012160,0.000000,0.910900,19.944937,0.033937,-1.482683,20.000000
0.270100,1,"LINK_TORSO_YAW",0.086700,0.200000,0.183400,20.000000,0.000000,0.000000,20.000000,0.000000,0.000000,0.000000,0.000000,0.012160,0.000000,0.910900,19.944758,0.033949,-1.485088,20.000000
0.270200,1,"LINK_TORSO_YAW",0.086700,0.200000,0.183500,20.000000,0.000000,0.000000,20.000000,0.000000,0.000000,0.000000,0.000000,0.012160,0.000000,0.910900,19.944578,0.033962,-1.487494,20.000000
0.270300,1,"LINK_TORSO_YAW",0.086700,0.200000,0.183600,20.000000,0.000000,0.000000,20.000000,0.000000,0.000000,0.000000,0.000000,0.012160,0.000000,0.910900,19.944399,0.033974,-1.489900,20.000000
0.270400,1,"LINK_TORSO_YAW",0.086700,0.200000,0.183700,20.000000,0.000000,0.000000,20.000000,0.000000,0.000000,0.000000,0.000000,0.012160,0.000000,0.910900,19.944219,0.033986,-1.492307,20.000000
0.270500,1,"LINK_TORSO_YAW",0.086700,0.200000,0.183800,20.000000,0.000000,0.000000,20.000000,0.000000,0.000000,0.000000,0.000000,0.012160,0.000000,0.910900,19.944038,0.033998,-1.494715,20.000000
0.270600,1,"LINK_TORSO_YAW",0.086700,0.200000,0.183900,20.000000,0.000000,0.000000,20.000000,0.000000,0.000000,0.000000,0.000000,0.012160,0.000000,0.910900,19.943858,0.034010,-1.497125,20.000000
0.270700,1,"LINK_TORSO_YAW",0.086700,0.200000,0.184000,20.000000,0.000000,0.000000,20.000000,0.000000,0.000000,0.000000,0.000000,0.012160,0.000000,0.910900,19.943676,0.034022,-1.499537,20.000000
0.270800,1,"LINK_TORSO_YAW",0.086700,0.200000,0.184100,20.000000,0.000000,0.000000,20.000000,0.000000,0.000000,0.000000,0.000000,0.012160,0.000000,0.910900,19.943495,0.034035,-1.501951,20.000000
0.270900,1,"LINK_TORSO_YAW",0.086700,0.200000,0.184200,20.000000,0.000000,0.000000,20.000000,0.000000,0.000000,0.000000,0.000000,0.012160,0.000000,0.910900,19.943313,0.034047,-1.504369,20.000000
0.271000,1,"LINK_TORSO_YAW",0.086700,0.200000,0.184300,20.000000,0.000000,0.000000,20.000000,0.000000,0.000000,0.000000,0.000000,0.012160,0.000000,0.910900,19.943130,0.034059,-1.506790,20.000000
0.271100,1,"LINK_TORSO_YAW",0.086700,0.200000,0.184400,20.000000,0.000000,0.000000,20.000000,0.000000,0.000000,0.000000,0.000000,0.012160,0.000000,0.910900,19.942947,0.034071,-1.509210,20.000000
0.271200,1,"LINK_TORSO_YAW",0.086700,0.200000,0.184500,20.000000,0.000000,0.000000,20.000000,0.000000,0.000000,0.000000,0.000000,0.012160,0.000000,0.910900,19.942763,0.034083,-1.511630,20.000000
0.271300,1,"LINK_TORSO_YAW",0.086700,0.200000,0.184600,20.000000,0.000000,0.000000,20.000000,0.000000,0.000000,0.000000,0.000000,0.012160,0.000000,0.910900,19.942580,0.034095,-1.514050,20.000000
0.271400,1,"LINK_TORSO_YAW",0.086700,0.200000,0.184700,20.000000,0.000000,0.000000,20.000000,0.000000,0.000000,0.000000,0.000000,0.012160,0.000000,0.910900,19.942396,0.034107,-1.516471,20.000000
0.271500,1,"LINK_TORSO_YAW",0.086700,0.200000,0.184800,20.000000,0.000000,0.000000,20.000000,0.000000,0.000000,0.000000,0.000000,0.012160,0.000000,0.910900,19.942212,0.034119,-1.518893,20.000000
0.271600,1,"LINK_TORSO_YAW",0.086700,0.200000,0.184900,20.000000,0.000000,0.000000,20.000000,0.000000,0.000000,0.000000,0.000000,0.012160,0.000000,0.910900,19.942027,0.034131,-1.521316,20.000000
0.271700,1,"LINK_TORSO_YAW",0.086700,0.200000,0.185000,20.000000,0.000000,0.000000,20.000000,0.000000,0.000000,0.000000,0.000000,0.012160,0.000000,0.910900,19.941842,0.034143,-1.523740,20.000000
0.271800,1,"LINK_TORSO_YAW",0.086700,0.200000,0.185100,20.000000,0.000000,0.000000,20.000000,0.000000,0.000000,0.000000,0.000000,0.012160,0.000000,0.910900,19.941656,0.034156,-1.526167,20.000000
0.271900,1,"LINK_TORSO_YAW",0.086700,0.200000,0.185200,20.000000,0.000000,0.000000,20.000000,0.000000,0.000000,0.000000,0.000000,0.012160,0.000000,0.910900,19.941470,0.034169,-1.528596,20.000000
0.272000,1,"LINK_TORSO_YAW",0.086700,0.200000,0.185300,20.000000,0.000000,0.000000,20.000000,0.000000,0.000000,0.000000,0.000000,0.012160,0.000000,0.910900,19.941283,0.034182,-1.531028,20.000000
0.272100,1,"LINK_TORSO_YAW",0.086700,0.200000,0.185400,20.000000,0.000000,0.000000,20.000000,0.000000,0.000000,0.000000,0.000000,0.012160,0.000000,0.910900,19.941096,0.034195,-1.533464,20.000000
0.272200,1,"LINK_TORSO_YAW",0.086700,0.200000,0.185500,20.000000,0.000000,0.000000,20.000000,0.000000,0.000000,0.000000,0.000000,0.012160,0.000000,0.910900,19.940909,0.034208,-1.535900,20.000000
0.272300,1,"LINK_TORSO_YAW",0.086700,0.200000,0.185600,20.000000,0.000000,0.000000,20.000000,0.000000,0.000000,0.000000,0.000000,0.012160,0.000000,0.910900,19.940721,0.034221,-1.538336,20.000000
0.272400,1,"LINK_TORSO_YAW",0.086700,0.200000,0.185700,20.000000,0.000000,0.000000,20.000000,0.000000,0.000000,0.000000,0.000000,0.012160,0.000000,0.910900,19.940533,0.034235,-1.540772,20.000000
0.272500,1,"LINK_TORSO_YAW",0.086700,0.200000,0.185800,20.000000,0.000000,0.000000,20.000000,0.000000,0.000000,0.000000,0.000000,0.012160,0.000000,0.910900,19.940344,0.034248,-1.543209,20.000000
0.272600,1,"LINK_TORSO_YAW",0.086700,0.200000,0.185900,20.000000,0.000000,0.000000,20.000000,0.000000,0.000000,0.000000,0.000000,0.012160,0.000000,0.910900,19.940156,0.034261,-1.545647,20.000000
0.272700,1,"LINK_TORSO_YAW",0.086700,0.200000,0.186000,20.000000,0.000000,0.000000,20.000000,0.000000,0.000000,0.000000,0.000000,0.012160,0.000000,0.910900,19.939966,0.034274,-1.548086,20.000000
0.272800,1,"LINK_TORSO_YAW",0.086700,0.200000,0.186100,20.000000,0.000000,0.000000,20.000000,0.000000,0.000000,0.000000,0.000000,0.012160,0.000000,0.910900,19.939777,0.034287,-1.550526,20.000000
0.272900,1,"LINK_TORSO_YAW",0.086700,0.200000,0.186200,20.000000,0.000000,0.000000,20.000000,0.000000,0.000000,0.000000,0.000000,0.012160,0.000000,0.910900,19.939587,0.034300,-1.552968,20.000000
0.273000,1,"LINK_TORSO_YAW",0.086700,0.200000,0.186300,20.000000,0.000000,0.000000,20.000000,0.000000,0.000000,0.000000,0.000000,0.012160,0.000000,0.910900,19.939396,0.034313,-1.555413,20.000000
0.273100,1,"LINK_TORSO_YAW",0.086700,0.200000,0.186400,20.000000,0.000000,0.000000,20.000000,0.000000,0.000000,0.000000,0.000000,0.012160,0.000000,0.910900,19.939205,0.034326,-1.557861,20.000000
0.273200,1,"LINK_TORSO_YAW",0.086700,0.200000,0.186500,20.000000,0.000000,0.000000,20.000000,0.000000,0.000000,0.000000,0.000000,0.012160,0.000000,0.910900,19.939013,0.034339,-1.560313,20.000000
0.273300,1,"LINK_TORSO_YAW",0.086700,0.200000,0.186600,20.000000,0.000000,0.000000,20.000000,0.000000,0.000000,0.000000,0.000000,0.012160,0.000000,0.910900,19.938821,0.034352,-1.562763,20.000000
0.273400,1,"LINK_TORSO_YAW",0.086700,0.200000,0.186700,20.000000,0.000000,0.000000,20.000000,0.000000,0.000000,0.000000,0.000000,0.012160,0.000000,0.910900,19.938629,0.034366,-1.565214,20.000000
0.273500,1,"LINK_TORSO_YAW",0.086700,0.200000,0.186800,20.000000,0.000000,0.000000,20.000000,0.000000,0.000000,0.000000,0.000000,0.012160,0.000000,0.910900,19.938436,0.034379,-1.567664,20.000000
0.273600,1,"LINK_TORSO_YAW",0.086700,0.200000,0.186900,20.000000,0.000000,0.000000,20.000000,0.000000,0.000000,0.000000,0.000000,0.012160,0.000000,0.910900,19.938244,0.034392,-1.570115,20.000000
0.273700,1,"LINK_TORSO_YAW",0.086700,0.200000,0.187000,20.000000,0.000000,0.000000,20.000000,0.000000,0.000000,0.000000,0.000000,0.012160,0.000000,0.910900,19.938050,0.034405,-1.572567,20.000000
0.273800,1,"LINK_TORSO_YAW",0.086700,0.200000,0.187100,20.000000,0.000000,0.000000,20.000000,0.000000,0.000000,0.000000,0.000000,0.012160,0.000000,0.910900,19.937857,0.034419,-1.575021,20.000000
0.273900,1,"LINK_TORSO_YAW",0.086700,0.200000,0.187200,20.000000,0.000000,0.000000,20.000000,0.000000,0.000000,0.000000,0.000000,0.012160,0.000000,0.910900,19.937662,0.034433,-1.577476,20.000000
0.274000,1,"LINK_TORSO_YAW",0.086700,0.200000,0.187300,20.000000,0.000000,0.000000,20.000000,0.000000,0.000000,0.000000,0.000000,0.012160,0.000000,0.910900,19.937468,0.034447,-1.579933,20.000000
0.274100,1,"LINK_TORSO_YAW",0.086700,0.200000,0.187400,20.000000,0.000000,0.000000,20.000000,0.000000,0.000000,0.000000,0.000000,0.012160,0.000000,0.910900,19.937273,0.034460,-1.582393,20.000000
0.274200,1,"LINK_TORSO_YAW",0.086700,0.200000,0.187500,20.000000,0.000000,0.000000,20.000000,0.000000,0.000000,0.000000,0.000000,0.012160,0.000000,0.910900,19.937077,0.034474,-1.584856,20.000000
0.274300,1,"LINK_TORSO_YAW",0.086700,0.200000,0.187600,20.000000,0.000000,0.000000,20.000000,0.000000,0.000000,0.000000,0.000000,0.012160,0.000000,0.910900,19.936881,0.034488,-1.587323,20.000000
0.274400,1,"LINK_TORSO_YAW",0.086700,0.200000,0.187700,20.000000,0.000000,0.000000,20.000000,0.000000,0.000000,0.000000,0.000000,0.012160,0.000000,0.910900,19.936684,0.034502,-1.589788,20.000000
0.274500,1,"LINK_TORSO_YAW",0.086700,0.200000,0.187800,20.000000,0.000000,0.000000,20.000000,0.000000,0.000000,0.000000,0.000000,0.012160,0.000000,0.910900,19.936488,0.034516,-1.592254,20.000000
0.274600,1,"LINK_TORSO_YAW",0.086700,0.200000,0.187900,20.000000,0.000000,0.000000,20.000000,0.000000,0.000000,0.000000,0.000000,0.012160,0.000000,0.910900,19.936290,0.034530,-1.594719,20.000000
0.274700,1,"LINK_TORSO_YAW",0.086700,0.200000,0.188000,20.000000,0.000000,0.000000,20.000000,0.000000,0.000000,0.000000,0.000000,0.012160,0.000000,0.910900,19.936093,0.034544,-1.597185,20.000000
0.274800,1,"LINK_TORSO_YAW",0.086700,0.200000,0.188100,20.000000,0.000000,0.000000,20.000000,0.000000,0.000000,0.000000,0.000000,0.012160,0.000000,0.910900,19.935895,0.034558,-1.599652,20.000000
0.274900,1,"LINK_TORSO_YAW",0.086700,0.200000,0.188200,20.000000,0.000000,0.000000,20.000000,0.000000,0.000000,0.000000,0.000000,0.012160,0.000000,0.910900,19.935697,0.034572,-1.602120,20.000000
0.275000,1,"LINK_TORSO_YAW",0.086700,0.200000,0.188300,20.000000,0.000000,0.000000,20.000000,0.000000,0.000000,0.000000,0.000000,0.012160,0.000000,0.910900,19.935498,0.034586,-1.604590,20.000000
0.275100,1,"LINK_TORSO_YAW",0.086700,0.200000,0.188400,20.000000,0.000000,0.000000,20.000000,0.000000,0.000000,0.000000,0.000000,0.012160,0.000000,0.910900,19.935299,0.034599,-1.607062,20.000000
0.275200,1,"LINK_TORSO_YAW",0.086700,0.200000,0.188500,20.000000,0.000000,0.000000,20.000000,0.000000,0.000000,0.000000,0.000000,0.012160,0.000000,0.910900,19.935100,0.034612,-1.609536,20.000000
0.275300,1,"LINK_TORSO_YAW",0.086700,0.200000,0.188600,20.000000,0.000000,0.000000,20.000000,0.000000,0.000000,0.000000,0.000000,0.012160,0.000000,0.910900,19.934899,0.034625,-1.612014,20.000000
0.275400,1,"LINK_TORSO_YAW",0.086700,0.200000,0.188700,20.000000,0.000000,0.000000,20.000000,0.000000,0.000000,0.000000,0.000000,0.012160,0.000000,0.910900,19.934699,0.034638,-1.614495,20.000000
0.275500,1,"LINK_TORSO_YAW",0.086700,0.200000,0.188800,20.000000,0.000000,0.000000,20.000000,0.000000,0.000000,0.000000,0.000000,0.012160,0.000000,0.910900,19.934498,0.034651,-1.616975,20.000000
0.275600,1,"LINK_TORSO_YAW",0.086700,0.200000,0.188900,20.000000,0.000000,0.000000,20.000000,0.000000,0.000000,0.000000,0.000000,0.012160,0.000000,0.910900,19.934296,0.034664,-1.619455,20.000000
0.275700,1,"LINK_TORSO_YAW",0.086700,0.200000,0.189000,20.000000,0.000000,0.000000,20.000000,0.000000,0.000000,0.000000,0.000000,0.012160,0.000000,0.910900,19.934095,0.034677,-1.621935,20.000000
0.275800,1,"LINK_TORSO_YAW",0.086700,0.200000,0.189100,20.000000,0.000000,0.000000,20.000000,0.000000,0.000000,0.000000,0.000000,0.012160,0.000000,0.910900,19.933892,0.034690,-1.624416,20.000000
0.275900,1,"LINK_TORSO_YAW",0.086700,0.200000,0.189200,20.000000,0.000000,0.000000,20.000000,0.000000,0.000000,0.000000,0.000000,0.012160,0.000000,0.910900,19.933690,0.034702,-1.626897,20.000000
0.276000,1,"LINK_TORSO_YAW",0.086700,0.200000,0.189300,20.000000,0.000000,0.000000,20.000000,0.000000,0.000000,0.000000,0.000000,0.012160,0.000000,0.910900,19.933487,0.034714,-1.629380,20.000000
0.276100,1,"LINK_TORSO_YAW",0.086700,0.200000,0.189400,20.000000,0.000000,0.000000,20.000000,0.000000,0.000000,0.000000,0.000000,0.012160,0.000000,0.910900,19.933284,0.034726,-1.631865,20.000000
0.276200,1,"LINK_TORSO_YAW",0.086700,0.200000,0.189500,20.000000,0.000000,0.000000,20.000000,0.000000,0.000000,0.000000,0.000000,0.012160,0.000000,0.910900,19.933080,0.034737,-1.634352,20.000000
0.276300,1,"LINK_TORSO_YAW",0.086700,0.200000,0.189600,20.000000,0.000000,0.000000,20.000000,0.000000,0.000000,0.000000,0.000000,0.012160,0.000000,0.910900,19.932876,0.034749,-1.636841,20.000000
0.276400,1,"LINK_TORSO_YAW",0.086700,0.200000,0.189700,20.000000,0.000000,0.000000,20.000000,0.000000,0.000000,0.000000,0.000000,0.012160,0.000000,0.910900,19.932671,0.034761,-1.639334,20.000000
0.276500,1,"LINK_TORSO_YAW",0.086700,0.200000,0.189800,20.000000,0.000000,0.000000,20.000000,0.000000,0.000000,0.000000,0.000000,0.012160,0.000000,0.910900,19.932466,0.034773,-1.641830,20.000000
0.276600,1,"LINK_TORSO_YAW",0.086700,0.200000,0.189900,20.000000,0.000000,0.000000,20.000000,0.000000,0.000000,0.000000,0.000000,0.012160,0.000000,0.910900,19.932260,0.034784,-1.644325,20.000000
0.276700,1,"LINK_TORSO_YAW",0.086700,0.200000,0.190000,20.000000,0.000000,0.000000,20.000000,0.000000,0.000000,0.000000,0.000000,0.012160,0.000000,0.910900,19.932054,0.034796,-1.646820,20.000000
0.276800,1,"LINK_TORSO_YAW",0.086700,0.200000,0.190100,20.000000,0.000000,0.000000,20.000000,0.000000,0.000000,0.000000,0.000000,0.012160,0.000000,0.910900,19.931848,0.034808,-1.649315,20.000000
0.276900,1,"LINK_TORSO_YAW",0.086700,0.200000,0.190200,20.000000,0.000000,0.000000,20.000000,0.000000,0.000000,0.000000,0.000000,0.012160,0.000000,0.910900,19.931641,0.034819,-1.651810,20.000000
0.277000,1,"LINK_TORSO_YAW",0.086700,0.200000,0.190300,20.000000,0.000000,0.000000,20.000000,0.000000,0.000000,0.000000,0.000000,0.012160,0.000000,0.910900,19.931434,0.034831,-1.654307,20.000000
0.277100,1,"LINK_TORSO_YAW",0.086700,0.200000,0.190400,20.000000,0.000000,0.000000,20.000000,0.000000,0.000000,0.000000,0.000000,0.012160,0.000000,0.910900,19.931226,0.034843,-1.656804,20.000000
0.277200,1,"LINK_TORSO_YAW",0.086700,0.200000,0.190500,20.000000,0.000000,0.000000,20.000000,0.000000,0.000000,0.000000,0.000000,0.012160,0.000000,0.910900,19.931019,0.034854,-1.659303,20.000000
0.277300,1,"LINK_TORSO_YAW",0.086700,0.200000,0.190600,20.000000,0.000000,0.000000,20.000000,0.000000,0.000000,0.000000,0.000000,0.012160,0.000000,0.910900,19.930810,0.034866,-1.661804,20.000000
0.277400,1,"LINK_TORSO_YAW",0.086700,0.200000,0.190700,20.000000,0.000000,0.000000,20.000000,0.000000,0.000000,0.000000,0.000000,0.012160,0.000000,0.910900,19.930601,0.034877,-1.664307,20.000000
0.277500,1,"LINK_TORSO_YAW",0.086700,0.200000,0.190800,20.000000,0.000000,0.000000,20.000000,0.000000,0.000000,0.000000,0.000000,0.012160,0.000000,0.910900,19.930392,0.034889,-1.666814,20.000000
0.277600,1,"LINK_TORSO_YAW",0.086700,0.200000,0.190900,20.000000,0.000000,0.000000,20.000000,0.000000,0.000000,0.000000,0.000000,0.012160,0.000000,0.910900,19.930182,0.034900,-1.669320,20.000000
0.277700,1,"LINK_TORSO_YAW",0.086700,0.200000,0.191000,20.000000,0.000000,0.000000,20.000000,0.000000,0.000000,0.000000,0.000000,0.012160,0.000000,0.910900,19.929972,0.034911,-1.671825,20.000000
0.277800,1,"LINK_TORSO_YAW",0.086700,0.200000,0.191100,20.000000,0.000000,0.000000,20.000000,0.000000,0.000000,0.000000,0.000000,0.012160,0.000000,0.910900,19.929762,0.034923,-1.674331,20.000000
0.277900,1,"LINK_TORSO_YAW",0.086700,0.200000,0.191200,20.000000,0.000000,0.000000,20.000000,0.000000,0.000000,0.000000,0.000000,0.012160,0.000000,0.910900,19.929551,0.034936,-1.676838,20.000000
0.278000,1,"LINK_TORSO_YAW",0.086700,0.200000,0.191300,20.000000,0.000000,0.000000,20.000000,0.000000,0.000000,0.000000,0.000000,0.012160,0.000000,0.910900,19.929340,0.034949,-1.679346,20.000000
0.278100,1,"LINK_TORSO_YAW",0.086700,0.200000,0.191400,20.000000,0.000000,0.000000,20.000000,0.000000,0.000000,0.000000,0.000000,0.012160,0.000000,0.910900,19.929128,0.034962,-1.681855,20.000000
0.278200,1,"LINK_TORSO_YAW",0.086700,0.200000,0.191500,20.000000,0.000000,0.000000,20.000000,0.000000,0.000000,0.000000,0.000000,0.012160,0.000000,0.910900,19.928916,0.034975,-1.684365,20.000000
0.278300,1,"LINK_TORSO_YAW",0.086700,0.200000,0.191600,20.000000,0.000000,0.000000,20.000000,0.000000,0.000000,0.000000,0.000000,0.012160,0.000000,0.910900,19.928703,0.034988,-1.686877,20.000000
0.278400,1,"LINK_TORSO_YAW",0.086700,0.200000,0.191700,20.000000,0.000000,0.000000,20.000000,0.000000,0.000000,0.000000,0.000000,0.012160,0.000000,0.910900,19.928490,0.035001,-1.689392,20.000000
0.278500,1,"LINK_TORSO_YAW",0.086700,0.200000,0.191800,20.000000,0.000000,0.000000,20.000000,0.000000,0.000000,0.000000,0.000000,0.012160,0.000000,0.910900,19.928277,0.035016,-1.691911,20.000000
0.278600,1,"LINK_TORSO_YAW",0.086700,0.200000,0.191900,20.000000,0.000000,0.000000,20.000000,0.000000,0.000000,0.000000,0.000000,0.012160,0.000000,0.910900,19.928063,0.035031,-1.694429,20.000000
0.278700,1,"LINK_TORSO_YAW",0.086700,0.200000,0.192000,20.000000,0.000000,0.000000,20.000000,0.000000,0.000000,0.000000,0.000000,0.012160,0.000000,0.910900,19.927848,0.035045,-1.696946,20.000000
0.278800,1,"LINK_TORSO_YAW",0.086700,0.200000,0.192100,20.000000,0.000000,0.000000,20.000000,0.000000,0.000000,0.000000,0.000000,0.012160,0.000000,0.910900,19.927634,0.035060,-1.699464,20.000000
0.278900,1,"LINK_TORSO_YAW",0.086700,0.200000,0.192200,20.000000,0.000000,0.000000,20.000000,0.000000,0.000000,0.000000,0.000000,0.012160,0.000000,0.910900,19.927419,0.035074,-1.701982,20.000000
0.279000,1,"LINK_TORSO_YAW",0.086700,0.200000,0.192300,20.000000,0.000000,0.000000,20.000000,0.000000,0.000000,0.000000,0.000000,0.012160,0.000000,0.910900,19.927204,0.035088,-1.704501,20.000000
0.279100,1,"LINK_TORSO_YAW",0.086700,0.200000,0.192400,20.000000,0.000000,0.000000,20.000000,0.000000,0.000000,0.000000,0.000000,0.012160,0.000000,0.910900,19.926988,0.035103,-1.707021,20.000000
0.279200,1,"LINK_TORSO_YAW",0.086700,0.200000,0.192500,20.000000,0.000000,0.000000,20.000000,0.000000,0.000000,0.000000,0.000000,0.012160,0.000000,0.910900,19.926772,0.035117,-1.709543,20.000000
0.279300,1,"LINK_TORSO_YAW",0.086700,0.200000,0.192600,20.000000,0.000000,0.000000,20.000000,0.000000,0.000000,0.000000,0.000000,0.012160,0.000000,0.910900,19.926555,0.035131,-1.712067,20.000000
0.279400,1,"LINK_TORSO_YAW",0.086700,0.200000,0.192700,20.000000,0.000000,0.000000,20.000000,0.000000,0.000000,0.000000,0.000000,0.012160,0.000000,0.910900,19.926338,0.035145,-1.714593,20.000000
0.279500,1,"LINK_TORSO_YAW",0.086700,0.200000,0.192800,20.000000,0.000000,0.000000,20.000000,0.000000,0.000000,0.000000,0.000000,0.012160,0.000000,0.910900,19.926120,0.035158,-1.717123,20.000000
0.279600,1,"LINK_TORSO_YAW",0.086700,0.200000,0.192900,20.000000,0.000000,0.000000,20.000000,0.000000,0.000000,0.000000,0.000000,0.012160,0.000000,0.910900,19.925901,0.035172,-1.719656,20.000000
0.279700,1,"LINK_TORSO_YAW",0.086700,0.200000,0.193000,20.000000,0.000000,0.000000,20.000000,0.000000,0.000000,0.000000,0.000000,0.012160,0.000000,0.910900,19.925683,0.035185,-1.722188,20.000000
0.279800,1,"LINK_TORSO_YAW",0.086700,0.200000,0.193100,20.000000,0.000000,0.000000,20.000000,0.000000,0.000000,0.000000,0.000000,0.012160,0.000000,0.910900,19.925464,0.035198,-1.724720,20.000000
0.279900,1,"LINK_TORSO_YAW",0.086700,0.200000,0.193200,20.000000,0.000000,0.000000,20.000000,0.000000,0.000000,0.000000,0.000000,0.012160,0.000000,0.910900,19.925244,0.035211,-1.727253,20.000000
0.280000,1,"LINK_TORSO_YAW",0.086700,0.200000,0.193300,20.000000,0.000000,0.000000,20.000000,0.000000,0.000000,0.000000,0.000000,0.012160,0.000000,0.910900,19.925025,0.035224,-1.729785,20.000000
0.280100,1,"LINK_TORSO_YAW",0.086700,0.200000,0.193400,20.000000,0.000000,0.000000,20.000000,0.000000,0.000000,0.000000,0.000000,0.012160,0.000000,0.910900,19.924804,0.035236,-1.732319,20.000000
0.280200,1,"LINK_TORSO_YAW",0.086700,0.200000,0.193500,20.000000,0.000000,0.000000,20.000000,0.000000,0.000000,0.000000,0.000000,0.012160,0.000000,0.910900,19.924584,0.035249,-1.734854,20.000000
0.280300,1,"LINK_TORSO_YAW",0.086700,0.200000,0.193600,20.000000,0.000000,0.000000,20.000000,0.000000,0.000000,0.000000,0.000000,0.012160,0.000000,0.910900,19.924363,0.035261,-1.737391,20.000000
0.280400,1,"LINK_TORSO_YAW",0.086700,0.200000,0.193700,20.000000,0.000000,0.000000,20.000000,0.000000,0.000000,0.000000,0.000000,0.012160,0.000000,0.910900,19.924141,0.035273,-1.739929,20.000000
0.280500,1,"LINK_TORSO_YAW",0.086700,0.200000,0.193800,20.000000,0.000000,0.000000,20.000000,0.000000,0.000000,0.000000,0.000000,0.012160,0.000000,0.910900,19.923919,0.035286,-1.742470,20.000000
0.280600,1,"LINK_TORSO_YAW",0.086700,0.200000,0.193900,20.000000,0.000000,0.000000,20.000000,0.000000,0.000000,0.000000,0.000000,0.012160,0.000000,0.910900,19.923696,0.035298,-1.745014,20.000000
0.280700,1,"LINK_TORSO_YAW",0.086700,0.200000,0.194000,20.000000,0.000000,0.000000,20.000000,0.000000,0.000000,0.000000,0.000000,0.012160,0.000000,0.910900,19.923473,0.035310,-1.747562,20.000000
0.280800,1,"LINK_TORSO_YAW",0.086700,0.200000,0.194100,20.000000,0.000000,0.000000,20.000000,0.000000,0.000000,0.000000,0.000000,0.012160,0.000000,0.910900,19.923249,0.035323,-1.750114,20.000000
0.280900,1,"LINK_TORSO_YAW",0.086700,0.200000,0.194200,20.000000,0.000000,0.000000,20.000000,0.000000,0.000000,0.000000,0.000000,0.012160,0.000000,0.910900,19.923025,0.035335,-1.752665,20.000000
0.281000,1,"LINK_TORSO_YAW",0.086700,0.200000,0.194300,20.000000,0.000000,0.000000,20.000000,0.000000,0.000000,0.000000,0.000000,0.012160,0.000000,0.910900,19.922800,0.035347,-1.755216,20.000000
0.281100,1,"LINK_TORSO_YAW",0.086700,0.200000,0.194400,20.000000,0.000000,0.000000,20.000000,0.000000,0.000000,0.000000,0.000000,0.012160,0.000000,0.910900,19.922575,0.035360,-1.757767,20.000000
0.281200,1,"LINK_TORSO_YAW",0.086700,0.200000,0.194500,20.000000,0.000000,0.000000,20.000000,0.000000,0.000000,0.000000,0.000000,0.012160,0.000000,0.910900,19.922350,0.035373,-1.760319,20.000000
0.281300,1,"LINK_TORSO_YAW",0.086700,0.200000,0.194600,20.000000,0.000000,0.000000,20.000000,0.000000,0.000000,0.000000,0.000000,0.012160,0.000000,0.910900,19.922124,0.035386,-1.762872,20.000000
0.281400,1,"LINK_TORSO_YAW",0.086700,0.200000,0.194700,20.000000,0.000000,0.000000,20.000000,0.000000,0.000000,0.000000,0.000000,0.012160,0.000000,0.910900,19.921898,0.035399,-1.765426,20.000000
0.281500,1,"LINK_TORSO_YAW",0.086700,0.200000,0.194800,20.000000,0.000000,0.000000,20.000000,0.000000,0.000000,0.000000,0.000000,0.012160,0.000000,0.910900,19.921671,0.035411,-1.767982,20.000000
0.281600,1,"LINK_TORSO_YAW",0.086700,0.200000,0.194900,20.000000,0.000000,0.000000,20.000000,0.000000,0.000000,0.000000,0.000000,0.012160,0.000000,0.910900,19.921444,0.035423,-1.770540,20.000000
0.281700,1,"LINK_TORSO_YAW",0.086700,0.200000,0.195000,20.000000,0.000000,0.000000,20.000000,0.000000,0.000000,0.000000,0.000000,0.012160,0.000000,0.910900,19.921216,0.035435,-1.773100,20.000000
0.281800,1,"LINK_TORSO_YAW",0.086700,0.200000,0.195100,20.000000,0.000000,0.000000,20.000000,0.000000,0.000000,0.000000,0.000000,0.012160,0.000000,0.910900,19.920988,0.035448,-1.775663,20.000000
0.281900,1,"LINK_TORSO_YAW",0.086700,0.200000,0.195200,20.000000,0.000000,0.000000,20.000000,0.000000,0.000000,0.000000,0.000000,0.012160,0.000000,0.910900,19.920759,0.035460,-1.778230,20.000000
0.282000,1,"LINK_TORSO_YAW",0.086700,0.200000,0.195300,20.000000,0.000000,0.000000,20.000000,0.000000,0.000000,0.000000,0.000000,0.012160,0.000000,0.910900,19.920530,0.035472,-1.780796,20.000000
0.282100,1,"LINK_TORSO_YAW",0.086700,0.200000,0.195400,20.000000,0.000000,0.000000,20.000000,0.000000,0.000000,0.000000,0.000000,0.012160,0.000000,0.910900,19.920300,0.035484,-1.783361,20.000000
0.282200,1,"LINK_TORSO_YAW",0.086700,0.200000,0.195500,20.000000,0.000000,0.000000,20.000000,0.000000,0.000000,0.000000,0.000000,0.012160,0.000000,0.910900,19.920070,0.035497,-1.785927,20.000000
0.282300,1,"LINK_TORSO_YAW",0.086700,0.200000,0.195600,20.000000,0.000000,0.000000,20.000000,0.000000,0.000000,0.000000,0.000000,0.012160,0.000000,0.910900,19.919840,0.035509,-1.788493,20.000000
0.282400,1,"LINK_TORSO_YAW",0.086700,0.200000,0.195700,20.000000,0.000000,0.000000,20.000000,0.000000,0.000000,0.000000,0.000000,0.012160,0.000000,0.910900,19.919610,0.035521,-1.791060,20.000000
0.282500,1,"LINK_TORSO_YAW",0.086700,0.200000,0.195800,20.000000,0.000000,0.000000,20.000000,0.000000,0.000000,0.000000,0.000000,0.012160,0.000000,0.910900,19.919378,0.035533,-1.793628,20.000000
0.282600,1,"LINK_TORSO_YAW",0.086700,0.200000,0.195900,20.000000,0.000000,0.000000,20.000000,0.000000,0.000000,0.000000,0.000000,0.012160,0.000000,0.910900,19.919147,0.035545,-1.796198,20.000000
0.282700,1,"LINK_TORSO_YAW",0.086700,0.200000,0.196000,20.000000,0.000000,0.000000,20.000000,0.000000,0.000000,0.000000,0.000000,0.012160,0.000000,0.910900,19.918915,0.035557,-1.798770,20.000000
0.282800,1,"LINK_TORSO_YAW",0.086700,0.200000,0.196100,20.000000,0.000000,0.000000,20.000000,0.000000,0.000000,0.000000,0.000000,0.012160,0.000000,0.910900,19.918682,0.035569,-1.801345,20.000000
0.282900,1,"LINK_TORSO_YAW",0.086700,0.200000,0.196200,20.000000,0.000000,0.000000,20.000000,0.000000,0.000000,0.000000,0.000000,0.012160,0.000000,0.910900,19.918449,0.035581,-1.803923,20.000000
0.283000,1,"LINK_TORSO_YAW",0.086700,0.200000,0.196300,20.000000,0.000000,0.000000,20.000000,0.000000,0.000000,0.000000,0.000000,0.012160,0.000000,0.910900,19.918215,0.035594,-1.806500,20.000000
0.283100,1,"LINK_TORSO_YAW",0.086700,0.200000,0.196400,20.000000,0.000000,0.000000,20.000000,0.000000,0.000000,0.000000,0.000000,0.012160,0.000000,0.910900,19.917981,0.035606,-1.809077,20.000000
0.283200,1,"LINK_TORSO_YAW",0.086700,0.200000,0.196500,20.000000,0.000000,0.000000,20.000000,0.000000,0.000000,0.000000,0.000000,0.012160,0.000000,0.910900,19.917747,0.035618,-1.811654,20.000000
0.283300,1,"LINK_TORSO_YAW",0.086700,0.200000,0.196600,20.000000,0.000000,0.000000,20.000000,0.000000,0.000000,0.000000,0.000000,0.012160,0.000000,0.910900,19.917512,0.035629,-1.814232,20.000000
0.283400,1,"LINK_TORSO_YAW",0.086700,0.200000,0.196700,20.000000,0.000000,0.000000,20.000000,0.000000,0.000000,0.000000,0.000000,0.012160,0.000000,0.910900,19.917277,0.035642,-1.816810,20.000000
0.283500,1,"LINK_TORSO_YAW",0.086700,0.200000,0.196800,20.000000,0.000000,0.000000,20.000000,0.000000,0.000000,0.000000,0.000000,0.012160,0.000000,0.910900,19.917042,0.035655,-1.819391,20.000000
0.283600,1,"LINK_TORSO_YAW",0.086700,0.200000,0.196900,20.000000,0.000000,0.000000,20.000000,0.000000,0.000000,0.000000,0.000000,0.012160,0.000000,0.910900,19.916806,0.035668,-1.821972,20.000000
0.283700,1,"LINK_TORSO_YAW",0.086700,0.200000,0.197000,20.000000,0.000000,0.000000,20.000000,0.000000,0.000000,0.000000,0.000000,0.012160,0.000000,0.910900,19.916569,0.035681,-1.824556,20.000000
0.283800,1,"LINK_TORSO_YAW",0.086700,0.200000,0.197100,20.000000,0.000000,0.000000,20.000000,0.000000,0.000000,0.000000,0.000000,0.012160,0.000000,0.910900,19.916332,0.035695,-1.827142,20.000000
0.283900,1,"LINK_TORSO_YAW",0.086700,0.200000,0.197200,20.000000,0.000000,0.000000,20.000000,0.000000,0.000000,0.000000,0.000000,0.012160,0.000000,0.910900,19.916094,0.035708,-1.829731,20.000000
0.284000,1,"LINK_TORSO_YAW",0.086700,0.200000,0.197300,20.000000,0.000000,0.000000,20.000000,0.000000,0.000000,0.000000,0.000000,0.012160,0.000000,0.910900,19.915856,0.035721,-1.832323,20.000000
0.284100,1,"LINK_TORSO_YAW",0.086700,0.200000,0.197400,20.000000,0.000000,0.000000,20.000000,0.000000,0.000000,0.000000,0.000000,0.012160,0.000000,0.910900,19.915617,0.035734,-1.834915,20.000000
0.284200,1,"LINK_TORSO_YAW",0.086700,0.200000,0.197500,20.000000,0.000000,0.000000,20.000000,0.000000,0.000000,0.000000,0.000000,0.012160,0.000000,0.910900,19.915378,0.035747,-1.837506,20.000000
0.284300,1,"LINK_TORSO_YAW",0.086700,0.200000,0.197600,20.000000,0.000000,0.000000,20.000000,0.000000,0.000000,0.000000,0.000000,0.012160,0.000000,0.910900,19.915139,0.035760,-1.840098,20.000000
0.284400,1,"LINK_TORSO_YAW",0.086700,0.200000,0.197700,20.000000,0.000000,0.000000,20.000000,0.000000,0.000000,0.000000,0.000000,0.012160,0.000000,0.910900,19.914899,0.035773,-1.842690,20.000000
0.284500,1,"LINK_TORSO_YAW",0.086700,0.200000,0.197800,20.000000,0.000000,0.000000,20.000000,0.000000,0.000000,0.000000,0.000000,0.012160,0.000000,0.910900,19.914659,0.035787,-1.845283,20.000000
0.284600,1,"LINK_TORSO_YAW",0.086700,0.200000,0.197900,20.000000,0.000000,0.000000,20.000000,0.000000,0.000000,0.000000,0.000000,0.012160,0.000000,0.910900,19.914419,0.035800,-1.847877,20.000000
0.284700,1,"LINK_TORSO_YAW",0.086700,0.200000,0.198000,20.000000,0.000000,0.000000,20.000000,0.000000,0.000000,0.000000,0.000000,0.012160,0.000000,0.910900,19.914177,0.035814,-1.850475,20.000000
0.284800,1,"LINK_TORSO_YAW",0.086700,0.200000,0.198100,20.000000,0.000000,0.000000,20.000000,0.000000,0.000000,0.000000,0.000000,0.012160,0.000000,0.910900,19.913936,0.035828,-1.853074,20.000000
0.284900,1,"LINK_TORSO_YAW",0.086700,0.200000,0.198200,20.000000,0.000000,0.000000,20.000000,0.000000,0.000000,0.000000,0.000000,0.012160,0.000000,0.910900,19.913693,0.035842,-1.855676,20.000000
0.285000,1,"LINK_TORSO_YAW",0.086700,0.200000,0.198300,20.000000,0.000000,0.000000,20.000000,0.000000,0.000000,0.000000,0.000000,0.012160,0.000000,0.910900,19.913450,0.035855,-1.858281,20.000000
0.285100,1,"LINK_TORSO_YAW",0.086700,0.200000,0.198400,20.000000,0.000000,0.000000,20.000000,0.000000,0.000000,0.000000,0.000000,0.012160,0.000000,0.910900,19.913207,0.035869,-1.860889,20.000000
0.285200,1,"LINK_TORSO_YAW",0.086700,0.200000,0.198500,20.000000,0.000000,0.000000,20.000000,0.000000,0.000000,0.000000,0.000000,0.012160,0.000000,0.910900,19.912962,0.035883,-1.863502,20.000000
0.285300,1,"LINK_TORSO_YAW",0.086700,0.200000,0.198600,20.000000,0.000000,0.000000,20.000000,0.000000,0.000000,0.000000,0.000000,0.012160,0.000000,0.910900,19.912718,0.035897,-1.866113,20.000000
0.285400,1,"LINK_TORSO_YAW",0.086700,0.200000,0.198700,20.000000,0.000000,0.000000,20.000000,0.000000,0.000000,0.000000,0.000000,0.012160,0.000000,0.910900,19.912473,0.035911,-1.868724,20.000000
0.285500,1,"LINK_TORSO_YAW",0.086700,0.200000,0.198800,20.000000,0.000000,0.000000,20.000000,0.000000,0.000000,0.000000,0.000000,0.012160,0.000000,0.910900,19.912228,0.035925,-1.871336,20.000000
0.285600,1,"LINK_TORSO_YAW",0.086700,0.200000,0.198900,20.000000,0.000000,0.000000,20.000000,0.000000,0.000000,0.000000,0.000000,0.012160,0.000000,0.910900,19.911982,0.035938,-1.873947,20.000000
0.285700,1,"LINK_TORSO_YAW",0.086700,0.200000,0.199000,20.000000,0.000000,0.000000,20.000000,0.000000,0.000000,0.000000,0.000000,0.012160,0.000000,0.910900,19.911736,0.035952,-1.876560,20.000000
0.285800,1,"LINK_TORSO_YAW",0.086700,0.200000,0.199100,20.000000,0.000000,0.000000,20.000000,0.000000,0.000000,0.000000,0.000000,0.012160,0.000000,0.910900,19.911489,0.035965,-1.879174,20.000000
0.285900,1,"LINK_TORSO_YAW",0.086700,0.200000,0.199200,20.000000,0.000000,0.000000,20.000000,0.000000,0.000000,0.000000,0.000000,0.012160,0.000000,0.910900,19.911242,0.035978,-1.881790,20.000000
0.286000,1,"LINK_TORSO_YAW",0.086700,0.200000,0.199300,20.000000,0.000000,0.000000,20.000000,0.000000,0.000000,0.000000,0.000000,0.012160,0.000000,0.910900,19.910995,0.035991,-1.884407,20.000000
0.286100,1,"LINK_TORSO_YAW",0.086700,0.200000,0.199400,20.000000,0.000000,0.000000,20.000000,0.000000,0.000000,0.000000,0.000000,0.012160,0.000000,0.910900,19.910747,0.036004,-1.887028,20.000000
0.286200,1,"LINK_TORSO_YAW",0.086700,0.200000,0.199500,20.000000,0.000000,0.000000,20.000000,0.000000,0.000000,0.000000,0.000000,0.012160,0.000000,0.910900,19.910498,0.036016,-1.889651,20.000000
0.286300,1,"LINK_TORSO_YAW",0.086700,0.200000,0.199600,20.000000,0.000000,0.000000,20.000000,0.000000,0.000000,0.000000,0.000000,0.012160,0.000000,0.910900,19.910248,0.036029,-1.892277,20.000000
0.286400,1,"LINK_TORSO_YAW",0.086700,0.200000,0.199700,20.000000,0.000000,0.000000,20.000000,0.000000,0.000000,0.000000,0.000000,0.012160,0.000000,0.910900,19.909999,0.036042,-1.894903,20.000000
0.286500,1,"LINK_TORSO_YAW",0.086700,0.200000,0.199800,20.000000,0.000000,0.000000,20.000000,0.000000,0.000000,0.000000,0.000000,0.012160,0.000000,0.910900,19.909749,0.036055,-1.897529,20.000000
0.286600,1,"LINK_TORSO_YAW",0.086700,0.200000,0.199900,20.000000,0.000000,0.000000,20.000000,0.000000,0.000000,0.000000,0.000000,0.012160,0.000000,0.910900,19.909498,0.036067,-1.900154,20.000000
0.286700,1,"LINK_TORSO_YAW",0.086700,0.200000,0.200000,20.000000,0.000000,0.000000,20.000000,0.000000,0.000000,0.000000,0.000000,0.012160,0.000000,0.910900,19.909247,0.036079,-1.902780,20.000000
0.286800,1,"LINK_TORSO_YAW",0.086700,0.200000,0.200100,20.000000,0.000000,0.000000,20.000000,0.000000,0.000000,0.000000,0.000000,0.012160,0.000000,0.910900,19.908996,0.036091,-1.905407,20.000000
0.286900,2,"LINK_TORSO_YAW",0.286800,0.200000,0.000100,20.000000,0.000000,0.000000,20.000000,0.000000,0.000000,0.000000,0.000000,0.012160,0.000000,0.910900,19.908744,0.036103,-1.908036,20.000000
0.287000,2,"LINK_TORSO_YAW",0.286800,0.200000,0.000200,20.000000,0.000000,0.000000,20.000000,0.000000,0.000000,0.000000,0.000000,0.012160,0.000000,0.910900,19.908492,0.036115,-1.910666,20.000000
0.287100,2,"LINK_TORSO_YAW",0.286800,0.200000,0.000300,20.000000,0.000000,0.000000,20.000000,0.000000,0.000000,0.000000,0.000000,0.012160,0.000000,0.910900,19.908239,0.036126,-1.913298,20.000000
0.287200,2,"LINK_TORSO_YAW",0.286800,0.200000,0.000400,20.000000,0.000000,0.000000,20.000000,0.000000,0.000000,0.000000,0.000000,0.012160,0.000000,0.910900,19.907986,0.036138,-1.915932,20.000000
0.287300,2,"LINK_TORSO_YAW",0.286800,0.200000,0.000500,20.000000,0.000000,0.000000,20.000000,0.000000,0.000000,0.000000,0.000000,0.012160,0.000000,0.910900,19.907732,0.036149,-1.918570,20.000000
0.287400,2,"LINK_TORSO_YAW",0.286800,0.200000,0.000600,20.000000,0.000000,0.000000,20.000000,0.000000,0.000000,0.000000,0.000000,0.012160,0.000000,0.910900,19.907477,0.036161,-1.921211,20.000000
0.287500,2,"LINK_TORSO_YAW",0.286800,0.200000,0.000700,20.000000,0.000000,0.000000,20.000000,0.000000,0.000000,0.000000,0.000000,0.012160,0.000000,0.910900,19.907222,0.036172,-1.923851,20.000000
0.287600,2,"LINK_TORSO_YAW",0.286800,0.200000,0.000800,20.000000,0.000000,0.000000,20.000000,0.000000,0.000000,0.000000,0.000000,0.012160,0.000000,0.910900,19.906967,0.036183,-1.926491,20.000000
0.287700,2,"LINK_TORSO_YAW",0.286800,0.200000,0.000900,20.000000,0.000000,0.000000,20.000000,0.000000,0.000000,0.000000,0.000000,0.012160,0.000000,0.910900,19.906711,0.036194,-1.929131,20.000000
0.287800,2,"LINK_TORSO_YAW",0.286800,0.200000,0.001000,20.000000,0.000000,0.000000,20.000000,0.000000,0.000000,0.000000,0.000000,0.012160,0.000000,0.910900,19.906455,0.036205,-1.931772,20.000000
0.287900,2,"LINK_TORSO_YAW",0.286800,0.200000,0.001100,20.000000,0.000000,0.000000,20.000000,0.000000,0.000000,0.000000,0.000000,0.012160,0.000000,0.910900,19.906198,0.036216,-1.934413,20.000000
0.288000,2,"LINK_TORSO_YAW",0.286800,0.200000,0.001200,20.000000,0.000000,0.000000,20.000000,0.000000,0.000000,0.000000,0.000000,0.012160,0.000000,0.910900,19.905941,0.036227,-1.937056,20.000000
0.288100,2,"LINK_TORSO_YAW",0.286800,0.200000,0.001300,20.000000,0.000000,0.000000,20.000000,0.000000,0.000000,0.000000,0.000000,0.012160,0.000000,0.910900,19.905684,0.036238,-1.939700,20.000000
0.288200,2,"LINK_TORSO_YAW",0.286800,0.200000,0.001400,20.000000,0.000000,0.000000,20.000000,0.000000,0.000000,0.000000,0.000000,0.012160,0.000000,0.910900,19.905426,0.036250,-1.942347,20.000000
0.288300,2,"LINK_TORSO_YAW",0.286800,0.200000,0.001500,20.000000,0.000000,0.000000,20.000000,0.000000,0.000000,0.000000,0.000000,0.012160,0.000000,0.910900,19.905167,0.036261,-1.944995,20.000000
0.288400,2,"LINK_TORSO_YAW",0.286800,0.200000,0.001600,20.000000,0.000000,0.000000,20.000000,0.000000,0.000000,0.000000,0.000000,0.012160,0.000000,0.910900,19.904908,0.036274,-1.947647,20.000000
0.288500,2,"LINK_TORSO_YAW",0.286800,0.200000,0.001700,20.000000,0.000000,0.000000,20.000000,0.000000,0.000000,0.000000,0.000000,0.012160,0.000000,0.910900,19.904648,0.036287,-1.950304,20.000000
0.288600,2,"LINK_TORSO_YAW",0.286800,0.200000,0.001800,20.000000,0.000000,0.000000,20.000000,0.000000,0.000000,0.000000,0.000000,0.012160,0.000000,0.910900,19.904387,0.036301,-1.952959,20.000000
0.288700,2,"LINK_TORSO_YAW",0.286800,0.200000,0.001900,20.000000,0.000000,0.000000,20.000000,0.000000,0.000000,0.000000,0.000000,0.012160,0.000000,0.910900,19.904127,0.036314,-1.955614,20.000000
0.288800,2,"LINK_TORSO_YAW",0.286800,0.200000,0.002000,20.000000,0.000000,0.000000,20.000000,0.000000,0.000000,0.000000,0.000000,0.012160,0.000000,0.910900,19.903865,0.036328,-1.958269,20.000000
0.288900,2,"LINK_TORSO_YAW",0.286800,0.200000,0.002100,20.000000,0.000000,0.000000,20.000000,0.000000,0.000000,0.000000,0.000000,0.012160,0.000000,0.910900,19.903604,0.036342,-1.960926,20.000000
0.289000,2,"LINK_TORSO_YAW",0.286800,0.200000,0.002200,20.000000,0.000000,0.000000,20.000000,0.000000,0.000000,0.000000,0.000000,0.012160,0.000000,0.910900,19.903342,0.036356,-1.963583,20.000000
0.289100,2,"LINK_TORSO_YAW",0.286800,0.200000,0.002300,20.000000,0.000000,0.000000,20.000000,0.000000,0.000000,0.000000,0.000000,0.012160,0.000000,0.910900,19.903079,0.036369,-1.966241,20.000000
0.289200,2,"LINK_TORSO_YAW",0.286800,0.200000,0.002400,20.000000,0.000000,0.000000,20.000000,0.000000,0.000000,0.000000,0.000000,0.012160,0.000000,0.910900,19.902817,0.036383,-1.968901,20.000000
0.289300,2,"LINK_TORSO_YAW",0.286800,0.200000,0.002500,20.000000,0.000000,0.000000,20.000000,0.000000,0.000000,0.000000,0.000000,0.012160,0.000000,0.910900,19.902553,0.036397,-1.971563,20.000000
0.289400,2,"LINK_TORSO_YAW",0.286800,0.200000,0.002600,20.000000,0.000000,0.000000,20.000000,0.000000,0.000000,0.000000,0.000000,0.012160,0.000000,0.910900,19.902289,0.036411,-1.974227,20.000000
0.289500,2,"LINK_TORSO_YAW",0.286800,0.200000,0.002700,20.000000,0.000000,0.000000,20.000000,0.000000,0.000000,0.000000,0.000000,0.012160,0.000000,0.910900,19.902024,0.036425,-1.976895,20.000000
0.289600,2,"LINK_TORSO_YAW",0.286800,0.200000,0.002800,20.000000,0.000000,0.000000,20.000000,0.000000,0.000000,0.000000,0.000000,0.012160,0.000000,0.910900,19.901758,0.036439,-1.979566,20.000000
0.289700,2,"LINK_TORSO_YAW",0.286800,0.200000,0.002900,20.000000,0.000000,0.000000,20.000000,0.000000,0.000000,0.000000,0.000000,0.012160,0.000000,0.910900,19.901493,0.036453,-1.982237,20.000000
0.289800,2,"LINK_TORSO_YAW",0.286800,0.200000,0.003000,20.000000,0.000000,0.000000,20.000000,0.000000,0.000000,0.000000,0.000000,0.012160,0.000000,0.910900,19.901226,0.036467,-1.984907,20.000000
0.289900,2,"LINK_TORSO_YAW",0.286800,0.200000,0.003100,20.000000,0.000000,0.000000,20.000000,0.000000,0.000000,0.000000,0.000000,0.012160,0.000000,0.910900,19.900960,0.036481,-1.987578,20.000000
0.290000,2,"LINK_TORSO_YAW",0.286800,0.200000,0.003200,20.000000,0.000000,0.000000,20.000000,0.000000,0.000000,0.000000,0.000000,0.012160,0.000000,0.910900,19.900693,0.036495,-1.990250,20.000000
0.290100,2,"LINK_TORSO_YAW",0.286800,0.200000,0.003300,20.000000,0.000000,0.000000,20.000000,0.000000,0.000000,0.000000,0.000000,0.012160,0.000000,0.910900,19.900425,0.036508,-1.992922,20.000000
0.290200,2,"LINK_TORSO_YAW",0.286800,0.200000,0.003400,20.000000,0.000000,0.000000,20.000000,0.000000,0.000000,0.000000,0.000000,0.012160,0.000000,0.910900,19.900157,0.036522,-1.995596,20.000000
0.290300,2,"LINK_TORSO_YAW",0.286800,0.200000,0.003500,20.000000,0.000000,0.000000,20.000000,0.000000,0.000000,0.000000,0.000000,0.012160,0.000000,0.910900,19.899889,0.036535,-1.998272,20.000000
0.290400,2,"LINK_TORSO_YAW",0.286800,0.200000,0.003600,20.000000,0.000000,0.000000,20.000000,0.000000,0.000000,0.000000,0.000000,0.012160,0.000000,0.910900,19.899620,0.036548,-2.000950,20.000000
0.290500,2,"LINK_TORSO_YAW",0.286800,0.200000,0.003700,20.000000,0.000000,0.000000,20.000000,0.000000,0.000000,0.000000,0.000000,0.012160,0.000000,0.910900,19.899350,0.036561,-2.003630,20.000000
0.290600,2,"LINK_TORSO_YAW",0.286800,0.200000,0.003800,20.000000,0.000000,0.000000,20.000000,0.000000,0.000000,0.000000,0.000000,0.012160,0.000000,0.910900,19.899080,0.036574,-2.006313,20.000000
0.290700,2,"LINK_TORSO_YAW",0.286800,0.200000,0.003900,20.000000,0.000000,0.000000,20.000000,0.000000,0.000000,0.000000,0.000000,0.012160,0.000000,0.910900,19.898809,0.036588,-2.009000,20.000000
0.290800,2,"LINK_TORSO_YAW",0.286800,0.200000,0.004000,20.000000,0.000000,0.000000,20.000000,0.000000,0.000000,0.000000,0.000000,0.012160,0.000000,0.910900,19.898537,0.036601,-2.011691,20.000000
0.290900,2,"LINK_TORSO_YAW",0.286800,0.200000,0.004100,20.000000,0.000000,0.000000,20.000000,0.000000,0.000000,0.000000,0.000000,0.012160,0.000000,0.910900,19.898264,0.036614,-2.014381,20.000000
0.291000,2,"LINK_TORSO_YAW",0.286800,0.200000,0.004200,20.000000,0.000000,0.000000,20.000000,0.000000,0.000000,0.000000,0.000000,0.012160,0.000000,0.910900,19.897992,0.036627,-2.017070,20.000000
0.291100,2,"LINK_TORSO_YAW",0.286800,0.200000,0.004300,20.000000,0.000000,0.000000,20.000000,0.000000,0.000000,0.000000,0.000000,0.012160,0.000000,0.910900,19.897719,0.036640,-2.019760,20.000000
0.291200,2,"LINK_TORSO_YAW",0.286800,0.200000,0.004400,20.000000,0.000000,0.000000,20.000000,0.000000,0.000000,0.000000,0.000000,0.012160,0.000000,0.910900,19.897446,0.036653,-2.022450,20.000000
0.291300,2,"LINK_TORSO_YAW",0.286800,0.200000,0.004500,20.000000,0.000000,0.000000,20.000000,0.000000,0.000000,0.000000,0.000000,0.012160,0.000000,0.910900,19.897172,0.036665,-2.025141,20.000000
0.291400,2,"LINK_TORSO_YAW",0.286800,0.200000,0.004600,20.000000,0.000000,0.000000,20.000000,0.000000,0.000000,0.000000,0.000000,0.012160,0.000000,0.910900,19.896898,0.036678,-2.027833,20.000000
0.291500,2,"LINK_TORSO_YAW",0.286800,0.200000,0.004700,20.000000,0.000000,0.000000,20.000000,0.000000,0.000000,0.000000,0.000000,0.012160,0.000000,0.910900,19.896623,0.036690,-2.030527,20.000000
0.291600,2,"LINK_TORSO_YAW",0.286800,0.200000,0.004800,20.000000,0.000000,0.000000,20.000000,0.000000,0.000000,0.000000,0.000000,0.012160,0.000000,0.910900,19.896348,0.036702,-2.033223,20.000000
0.291700,2,"LINK_TORSO_YAW",0.286800,0.200000,0.004900,20.000000,0.000000,0.000000,20.000000,0.000000,0.000000,0.000000,0.000000,0.012160,0.000000,0.910900,19.896072,0.036715,-2.035921,20.000000
0.291800,2,"LINK_TORSO_YAW",0.286800,0.200000,0.005000,20.000000,0.000000,0.000000,20.000000,0.000000,0.000000,0.000000,0.000000,0.012160,0.000000,0.910900,19.895795,0.036727,-2.038621,20.000000
0.291900,2,"LINK_TORSO_YAW",0.286800,0.200000,0.005100,20.000000,0.000000,0.000000,20.000000,0.000000,0.000000,0.000000,0.000000,0.012160,0.000000,0.910900,19.895519,0.036740,-2.041322,20.000000
0.292000,2,"LINK_TORSO_YAW",0.286800,0.200000,0.005200,20.000000,0.000000,0.000000,20.000000,0.000000,0.000000,0.000000,0.000000,0.012160,0.000000,0.910900,19.895241,0.036752,-2.044021,20.000000
0.292100,2,"LINK_TORSO_YAW",0.286800,0.200000,0.005300,20.000000,0.000000,0.000000,20.000000,0.000000,0.000000,0.000000,0.000000,0.012160,0.000000,0.910900,19.894964,0.036764,-2.046721,20.000000
0.292200,2,"LINK_TORSO_YAW",0.286800,0.200000,0.005400,20.000000,0.000000,0.000000,20.000000,0.000000,0.000000,0.000000,0.000000,0.012160,0.000000,0.910900,19.894686,0.036777,-2.049421,20.000000
0.292300,2,"LINK_TORSO_YAW",0.286800,0.200000,0.005500,20.000000,0.000000,0.000000,20.000000,0.000000,0.000000,0.000000,0.000000,0.012160,0.000000,0.910900,19.894407,0.036789,-2.052123,20.000000
0.292400,2,"LINK_TORSO_YAW",0.286800,0.200000,0.005600,20.000000,0.000000,0.000000,20.000000,0.000000,0.000000,0.000000,0.000000,0.012160,0.000000,0.910900,19.894128,0.036801,-2.054825,20.000000
0.292500,2,"LINK_TORSO_YAW",0.286800,0.200000,0.005700,20.000000,0.000000,0.000000,20.000000,0.000000,0.000000,0.000000,0.000000,0.012160,0.000000,0.910900,19.893849,0.036813,-2.057529,20.000000
0.292600,2,"LINK_TORSO_YAW",0.286800,0.200000,0.005800,20.000000,0.000000,0.000000,20.000000,0.000000,0.000000,0.000000,0.000000,0.012160,0.000000,0.910900,19.893569,0.036826,-2.060234,20.000000
0.292700,2,"LINK_TORSO_YAW",0.286800,0.200000,0.005900,20.000000,0.000000,0.000000,20.000000,0.000000,0.000000,0.000000,0.000000,0.012160,0.000000,0.910900,19.893288,0.036838,-2.062943,20.000000
0.292800,2,"LINK_TORSO_YAW",0.286800,0.200000,0.006000,20.000000,0.000000,0.000000,20.000000,0.000000,0.000000,0.000000,0.000000,0.012160,0.000000,0.910900,19.893007,0.036850,-2.065654,20.000000
0.292900,2,"LINK_TORSO_YAW",0.286800,0.200000,0.006100,20.000000,0.000000,0.000000,20.000000,0.000000,0.000000,0.000000,0.000000,0.012160,0.000000,0.910900,19.892725,0.036863,-2.068369,20.000000
0.293000,2,"LINK_TORSO_YAW",0.286800,0.200000,0.006200,20.000000,0.000000,0.000000,20.000000,0.000000,0.000000,0.000000,0.000000,0.012160,0.000000,0.910900,19.892442,0.036875,-2.071083,20.000000
0.293100,2,"LINK_TORSO_YAW",0.286800,0.200000,0.006300,20.000000,0.000000,0.000000,20.000000,0.000000,0.000000,0.000000,0.000000,0.012160,0.000000,0.910900,19.892159,0.036886,-2.073797,20.000000
0.293200,2,"LINK_TORSO_YAW",0.286800,0.200000,0.006400,20.000000,0.000000,0.000000,20.000000,0.000000,0.000000,0.000000,0.000000,0.012160,0.000000,0.910900,19.891876,0.036898,-2.076511,20.000000
0.293300,2,"LINK_TORSO_YAW",0.286800,0.200000,0.006500,20.000000,0.000000,0.000000,20.000000,0.000000,0.000000,0.000000,0.000000,0.012160,0.000000,0.910900,19.891593,0.036910,-2.079226,20.000000
0.293400,2,"LINK_TORSO_YAW",0.286800,0.200000,0.006600,20.000000,0.000000,0.000000,20.000000,0.000000,0.000000,0.000000,0.000000,0.012160,0.000000,0.910900,19.891309,0.036921,-2.081942,20.000000
0.293500,2,"LINK_TORSO_YAW",0.286800,0.200000,0.006700,20.000000,0.000000,0.000000,20.000000,0.000000,0.000000,0.000000,0.000000,0.012160,0.000000,0.910900,19.891024,0.036933,-2.084659,20.000000
0.293600,2,"LINK_TORSO_YAW",0.286800,0.200000,0.006800,20.000000,0.000000,0.000000,20.000000,0.000000,0.000000,0.000000,0.000000,0.012160,0.000000,0.910900,19.890739,0.036944,-2.087377,20.000000
0.293700,2,"LINK_TORSO_YAW",0.286800,0.200000,0.006900,20.000000,0.000000,0.000000,20.000000,0.000000,0.000000,0.000000,0.000000,0.012160,0.000000,0.910900,19.890453,0.036957,-2.090098,20.000000
0.293800,2,"LINK_TORSO_YAW",0.286800,0.200000,0.007000,20.000000,0.000000,0.000000,20.000000,0.000000,0.000000,0.000000,0.000000,0.012160,0.000000,0.910900,19.890167,0.036969,-2.092822,20.000000
0.293900,2,"LINK_TORSO_YAW",0.286800,0.200000,0.007100,20.000000,0.000000,0.000000,20.000000,0.000000,0.000000,0.000000,0.000000,0.012160,0.000000,0.910900,19.889879,0.036982,-2.095549,20.000000
0.294000,2,"LINK_TORSO_YAW",0.286800,0.200000,0.007200,20.000000,0.000000,0.000000,20.000000,0.000000,0.000000,0.000000,0.000000,0.012160,0.000000,0.910900,19.889592,0.036994,-2.098280,20.000000
0.294100,2,"LINK_TORSO_YAW",0.286800,0.200000,0.007300,20.000000,0.000000,0.000000,20.000000,0.000000,0.000000,0.000000,0.000000,0.012160,0.000000,0.910900,19.889303,0.037006,-2.101014,20.000000
0.294200,2,"LINK_TORSO_YAW",0.286800,0.200000,0.007400,20.000000,0.000000,0.000000,20.000000,0.000000,0.000000,0.000000,0.000000,0.012160,0.000000,0.910900,19.889014,0.037019,-2.103749,20.000000
0.294300,2,"LINK_TORSO_YAW",0.286800,0.200000,0.007500,20.000000,0.000000,0.000000,20.000000,0.000000,0.000000,0.000000,0.000000,0.012160,0.000000,0.910900,19.888724,0.037032,-2.106483,20.000000
0.294400,2,"LINK_TORSO_YAW",0.286800,0.200000,0.007600,20.000000,0.000000,0.000000,20.000000,0.000000,0.000000,0.000000,0.000000,0.012160,0.000000,0.910900,19.888435,0.037045,-2.109217,20.000000
0.294500,2,"LINK_TORSO_YAW",0.286800,0.200000,0.007700,20.000000,0.000000,0.000000,20.000000,0.000000,0.000000,0.000000,0.000000,0.012160,0.000000,0.910900,19.888144,0.037057,-2.111952,20.000000
0.294600,2,"LINK_TORSO_YAW",0.286800,0.200000,0.007800,20.000000,0.000000,0.000000,20.000000,0.000000,0.000000,0.000000,0.000000,0.012160,0.000000,0.910900,19.887854,0.037070,-2.114688,20.000000
0.294700,2,"LINK_TORSO_YAW",0.286800,0.200000,0.007900,20.000000,0.000000,0.000000,20.000000,0.000000,0.000000,0.000000,0.000000,0.012160,0.000000,0.910900,19.887562,0.037083,-2.117425,20.000000
0.294800,2,"LINK_TORSO_YAW",0.286800,0.200000,0.008000,20.000000,0.000000,0.000000,20.000000,0.000000,0.000000,0.000000,0.000000,0.012160,0.000000,0.910900,19.887271,0.037097,-2.120163,20.000000
0.294900,2,"LINK_TORSO_YAW",0.286800,0.200000,0.008100,20.000000,0.000000,0.000000,20.000000,0.000000,0.000000,0.000000,0.000000,0.012160,0.000000,0.910900,19.886978,0.037110,-2.122904,20.000000
0.295000,2,"LINK_TORSO_YAW",0.286800,0.200000,0.008200,20.000000,0.000000,0.000000,20.000000,0.000000,0.000000,0.000000,0.000000,0.012160,0.000000,0.910900,19.886685,0.037123,-2.125648,20.000000
0.295100,2,"LINK_TORSO_YAW",0.286800,0.200000,0.008300,20.000000,0.000000,0.000000,20.000000,0.000000,0.000000,0.000000,0.000000,0.012160,0.000000,0.910900,19.886391,0.037135,-2.128395,20.000000
0.295200,2,"LINK_TORSO_YAW",0.286800,0.200000,0.008400,20.000000,0.000000,0.000000,20.000000,0.000000,0.000000,0.000000,0.000000,0.012160,0.000000,0.910900,19.886097,0.037148,-2.131145,20.000000
0.295300,2,"LINK_TORSO_YAW",0.286800,0.200000,0.008500,20.000000,0.000000,0.000000,20.000000,0.000000,0.000000,0.000000,0.000000,0.012160,0.000000,0.910900,19.885802,0.037161,-2.133894,20.000000
0.295400,2,"LINK_TORSO_YAW",0.286800,0.200000,0.008600,20.000000,0.000000,0.000000,20.000000,0.000000,0.000000,0.000000,0.000000,0.012160,0.000000,0.910900,19.885507,0.037174,-2.136643,20.000000
0.295500,2,"LINK_TORSO_YAW",0.286800,0.200000,0.008700,20.000000,0.000000,0.000000,20.000000,0.000000,0.000000,0.000000,0.000000,0.012160,0.000000,0.910900,19.885211,0.037187,-2.139392,20.000000
0.295600,2,"LINK_TORSO_YAW",0.286800,0.200000,0.008800,20.000000,0.000000,0.000000,20.000000,0.000000,0.000000,0.000000,0.000000,0.012160,0.000000,0.910900,19.884915,0.037199,-2.142142,20.000000
0.295700,2,"LINK_TORSO_YAW",0.286800,0.200000,0.008900,20.000000,0.000000,0.000000,20.000000,0.000000,0.000000,0.000000,0.000000,0.012160,0.000000,0.910900,19.884618,0.037212,-2.144892,20.000000
0.295800,2,"LINK_TORSO_YAW",0.286800,0.200000,0.009000,20.000000,0.000000,0.000000,20.000000,0.000000,0.000000,0.000000,0.000000,0.012160,0.000000,0.910900,19.884321,0.037225,-2.147644,20.000000
0.295900,2,"LINK_TORSO_YAW",0.286800,0.200000,0.009100,20.000000,0.000000,0.000000,20.000000,0.000000,0.000000,0.000000,0.000000,0.012160,0.000000,0.910900,19.884024,0.037238,-2.150397,20.000000
0.296000,2,"LINK_TORSO_YAW",0.286800,0.200000,0.009200,20.000000,0.000000,0.000000,20.000000,0.000000,0.000000,0.000000,0.000000,0.012160,0.000000,0.910900,19.883726,0.037250,-2.153152,20.000000
0.296100,2,"LINK_TORSO_YAW",0.286800,0.200000,0.009300,20.000000,0.000000,0.000000,20.000000,0.000000,0.000000,0.000000,0.000000,0.012160,0.000000,0.910900,19.883427,0.037263,-2.155909,20.000000
0.296200,2,"LINK_TORSO_YAW",0.286800,0.200000,0.009400,20.000000,0.000000,0.000000,20.000000,0.000000,0.000000,0.000000,0.000000,0.012160,0.000000,0.910900,19.883127,0.037276,-2.158670,20.000000
0.296300,2,"LINK_TORSO_YAW",0.286800,0.200000,0.009500,20.000000,0.000000,0.000000,20.000000,0.000000,0.000000,0.000000,0.000000,0.012160,0.000000,0.910900,19.882827,0.037288,-2.161430,20.000000
0.296400,2,"LINK_TORSO_YAW",0.286800,0.200000,0.009600,20.000000,0.000000,0.000000,20.000000,0.000000,0.000000,0.000000,0.000000,0.012160,0.000000,0.910900,19.882527,0.037302,-2.164190,20.000000
0.296500,2,"LINK_TORSO_YAW",0.286800,0.200000,0.009700,20.000000,0.000000,0.000000,20.000000,0.000000,0.000000,0.000000,0.000000,0.012160,0.000000,0.910900,19.882227,0.037315,-2.166950,20.000000
0.296600,2,"LINK_TORSO_YAW",0.286800,0.200000,0.009800,20.000000,0.000000,0.000000,20.000000,0.000000,0.000000,0.000000,0.000000,0.012160,0.000000,0.910900,19.881925,0.037329,-2.169711,20.000000
0.296700,2,"LINK_TORSO_YAW",0.286800,0.200000,0.009900,20.000000,0.000000,0.000000,20.000000,0.000000,0.000000,0.000000,0.000000,0.012160,0.000000,0.910900,19.881624,0.037342,-2.172473,20.000000
0.296800,2,"LINK_TORSO_YAW",0.286800,0.200000,0.010000,20.000000,0.000000,0.000000,20.000000,0.000000,0.000000,0.000000,0.000000,0.012160,0.000000,0.910900,19.881322,0.037356,-2.175236,20.000000
0.296900,2,"LINK_TORSO_YAW",0.286800,0.200000,0.010100,20.000000,0.000000,0.000000,20.000000,0.000000,0.000000,0.000000,0.000000,0.012160,0.000000,0.910900,19.881019,0.037369,-2.178001,20.000000
0.297000,2,"LINK_TORSO_YAW",0.286800,0.200000,0.010200,20.000000,0.000000,0.000000,20.000000,0.000000,0.000000,0.000000,0.000000,0.012160,0.000000,0.910900,19.880716,0.037383,-2.180767,20.000000
0.297100,2,"LINK_TORSO_YAW",0.286800,0.200000,0.010300,20.000000,0.000000,0.000000,20.000000,0.000000,0.000000,0.000000,0.000000,0.012160,0.000000,0.910900,19.880412,0.037396,-2.183536,20.000000
0.297200,2,"LINK_TORSO_YAW",0.286800,0.200000,0.010400,20.000000,0.000000,0.000000,20.000000,0.000000,0.000000,0.000000,0.000000,0.012160,0.000000,0.910900,19.880107,0.037410,-2.186308,20.000000
0.297300,2,"LINK_TORSO_YAW",0.286800,0.200000,0.010500,20.000000,0.000000,0.000000,20.000000,0.000000,0.000000,0.000000,0.000000,0.012160,0.000000,0.910900,19.879802,0.037423,-2.189083,20.000000
0.297400,2,"LINK_TORSO_YAW",0.286800,0.200000,0.010600,20.000000,0.000000,0.000000,20.000000,0.000000,0.000000,0.000000,0.000000,0.012160,0.000000,0.910900,19.879496,0.037436,-2.191858,20.000000
0.297500,2,"LINK_TORSO_YAW",0.286800,0.200000,0.010700,20.000000,0.000000,0.000000,20.000000,0.000000,0.000000,0.000000,0.000000,0.012160,0.000000,0.910900,19.879190,0.037450,-2.194632,20.000000
0.297600,2,"LINK_TORSO_YAW",0.286800,0.200000,0.010800,20.000000,0.000000,0.000000,20.000000,0.000000,0.000000,0.000000,0.000000,0.012160,0.000000,0.910900,19.878883,0.037463,-2.197407,20.000000
0.297700,2,"LINK_TORSO_YAW",0.286800,0.200000,0.010900,20.000000,0.000000,0.000000,20.000000,0.000000,0.000000,0.000000,0.000000,0.012160,0.000000,0.910900,19.878576,0.037475,-2.200182,20.000000
0.297800,2,"LINK_TORSO_YAW",0.286800,0.200000,0.011000,20.000000,0.000000,0.000000,20.000000,0.000000,0.000000,0.000000,0.000000,0.012160,0.000000,0.910900,19.878269,0.037488,-2.202958,20.000000
0.297900,2,"LINK_TORSO_YAW",0.286800,0.200000,0.011100,20.000000,0.000000,0.000000,20.000000,0.000000,0.000000,0.000000,0.000000,0.012160,0.000000,0.910900,19.877961,0.037500,-2.205736,20.000000
0.298000,2,"LINK_TORSO_YAW",0.286800,0.200000,0.011200,20.000000,0.000000,0.000000,20.000000,0.000000,0.000000,0.000000,0.000000,0.012160,0.000000,0.910900,19.877652,0.037513,-2.208515,20.000000
0.298100,2,"LINK_TORSO_YAW",0.286800,0.200000,0.011300,20.000000,0.000000,0.000000,20.000000,0.000000,0.000000,0.000000,0.000000,0.012160,0.000000,0.910900,19.877343,0.037526,-2.211296,20.000000
0.298200,2,"LINK_TORSO_YAW",0.286800,0.200000,0.011400,20.000000,0.000000,0.000000,20.000000,0.000000,0.000000,0.000000,0.000000,0.012160,0.000000,0.910900,19.877033,0.037539,-2.214079,20.000000
0.298300,2,"LINK_TORSO_YAW",0.286800,0.200000,0.011500,20.000000,0.000000,0.000000,20.000000,0.000000,0.000000,0.000000,0.000000,0.012160,0.000000,0.910900,19.876722,0.037552,-2.216866,20.000000
0.298400,2,"LINK_TORSO_YAW",0.286800,0.200000,0.011600,20.000000,0.000000,0.000000,20.000000,0.000000,0.000000,0.000000,0.000000,0.012160,0.000000,0.910900,19.876411,0.037565,-2.219656,20.000000
0.298500,2,"LINK_TORSO_YAW",0.286800,0.200000,0.011700,20.000000,0.000000,0.000000,20.000000,0.000000,0.000000,0.000000,0.000000,0.012160,0.000000,0.910900,19.876099,0.037578,-2.222445,20.000000
0.298600,2,"LINK_TORSO_YAW",0.286800,0.200000,0.011800,20.000000,0.000000,0.000000,20.000000,0.000000,0.000000,0.000000,0.000000,0.012160,0.000000,0.910900,19.875787,0.037590,-2.225234,20.000000
0.298700,2,"LINK_TORSO_YAW",0.286800,0.200000,0.011900,20.000000,0.000000,0.000000,20.000000,0.000000,0.000000,0.000000,0.000000,0.012160,0.000000,0.910900,19.875475,0.037602,-2.228023,20.000000
0.298800,2,"LINK_TORSO_YAW",0.286800,0.200000,0.012000,20.000000,0.000000,0.000000,20.000000,0.000000,0.000000,0.000000,0.000000,0.012160,0.000000,0.910900,19.875162,0.037614,-2.230812,20.000000
0.298900,2,"LINK_TORSO_YAW",0.286800,0.200000,0.012100,20.000000,0.000000,0.000000,20.000000,0.000000,0.000000,0.000000,0.000000,0.012160,0.000000,0.910900,19.874849,0.037626,-2.233603,20.000000
0.299000,2,"LINK_TORSO_YAW",0.286800,0.200000,0.012200,20.000000,0.000000,0.000000,20.000000,0.000000,0.000000,0.000000,0.000000,0.012160,0.000000,0.910900,19.874535,0.037638,-2.236394,20.000000
0.299100,2,"LINK_TORSO_YAW",0.286800,0.200000,0.012300,20.000000,0.000000,0.000000,20.000000,0.000000,0.000000,0.000000,0.000000,0.012160,0.000000,0.910900,19.874220,0.037650,-2.239187,20.000000
0.299200,2,"LINK_TORSO_YAW",0.286800,0.200000,0.012400,20.000000,0.000000,0.000000,20.000000,0.000000,0.000000,0.000000,0.000000,0.012160,0.000000,0.910900,19.873905,0.037662,-2.241982,20.000000
0.299300,2,"LINK_TORSO_YAW",0.286800,0.200000,0.012500,20.000000,0.000000,0.000000,20.000000,0.000000,0.000000,0.000000,0.000000,0.012160,0.000000,0.910900,19.873589,0.037674,-2.244779,20.000000
0.299400,2,"LINK_TORSO_YAW",0.286800,0.200000,0.012600,20.000000,0.000000,0.000000,20.000000,0.000000,0.000000,0.000000,0.000000,0.012160,0.000000,0.910900,19.873273,0.037686,-2.247580,20.000000
0.299500,2,"LINK_TORSO_YAW",0.286800,0.200000,0.012700,20.000000,0.000000,0.000000,20.000000,0.000000,0.000000,0.000000,0.000000,0.012160,0.000000,0.910900,19.872955,0.037699,-2.250383,20.000000
0.299600,2,"LINK_TORSO_YAW",0.286800,0.200000,0.012800,20.000000,0.000000,0.000000,20.000000,0.000000,0.000000,0.000000,0.000000,0.012160,0.000000,0.910900,19.872638,0.037711,-2.253187,20.000000
0.299700,2,"LINK_TORSO_YAW",0.286800,0.200000,0.012900,20.000000,0.000000,0.000000,20.000000,0.000000,0.000000,0.000000,0.000000,0.012160,0.000000,0.910900,19.872320,0.037724,-2.255990,20.000000
0.299800,2,"LINK_TORSO_YAW",0.286800,0.200000,0.013000,20.000000,0.000000,0.000000,20.000000,0.000000,0.000000,0.000000,0.000000,0.012160,0.000000,0.910900,19.872001,0.037737,-2.258793,20.000000
0.299900,2,"LINK_TORSO_YAW",0.286800,0.200000,0.013100,20.000000,0.000000,0.000000,20.000000,0.000000,0.000000,0.000000,0.000000,0.012160,0.000000,0.910900,19.871682,0.037750,-2.261597,20.000000
0.300000,2,"LINK_TORSO_YAW",0.286800,0.200000,0.013200,20.000000,0.000000,0.000000,20.000000,0.000000,0.000000,0.000000,0.000000,0.012160,0.000000,0.910900,19.871363,0.037762,-2.264401,20.000000
0.300100,2,"LINK_TORSO_YAW",0.286800,0.200000,0.013300,20.000000,0.000000,0.000000,20.000000,0.000000,0.000000,0.000000,0.000000,0.012160,0.000000,0.910900,19.871043,0.037774,-2.267207,20.000000
0.300200,2,"LINK_TORSO_YAW",0.286800,0.200000,0.013400,20.000000,0.000000,0.000000,20.000000,0.000000,0.000000,0.000000,0.000000,0.012160,0.000000,0.910900,19.870722,0.037787,-2.270015,20.000000
0.300300,2,"LINK_TORSO_YAW",0.286800,0.200000,0.013500,20.000000,0.000000,0.000000,20.000000,0.000000,0.000000,0.000000,0.000000,0.012160,0.000000,0.910900,19.870401,0.037799,-2.272825,20.000000
0.300400,2,"LINK_TORSO_YAW",0.286800,0.200000,0.013600,20.000000,0.000000,0.000000,20.000000,0.000000,0.000000,0.000000,0.000000,0.012160,0.000000,0.910900,19.870079,0.037811,-2.275637,20.000000
0.300500,2,"LINK_TORSO_YAW",0.286800,0.200000,0.013700,20.000000,0.000000,0.000000,20.000000,0.000000,0.000000,0.000000,0.000000,0.012160,0.000000,0.910900,19.869756,0.037824,-2.278453,20.000000
0.300600,2,"LINK_TORSO_YAW",0.286800,0.200000,0.013800,20.000000,0.000000,0.000000,20.000000,0.000000,0.000000,0.000000,0.000000,0.012160,0.000000,0.910900,19.869433,0.037836,-2.281272,20.000000
0.300700,2,"LINK_TORSO_YAW",0.286800,0.200000,0.013900,20.000000,0.000000,0.000000,20.000000,0.000000,0.000000,0.000000,0.000000,0.012160,0.000000,0.910900,19.869109,0.037849,-2.284090,20.000000
0.300800,2,"LINK_TORSO_YAW",0.286800,0.200000,0.014000,20.000000,0.000000,0.000000,20.000000,0.000000,0.000000,0.000000,0.000000,0.012160,0.000000,0.910900,19.868785,0.037861,-2.286908,20.000000
0.300900,2,"LINK_TORSO_YAW",0.286800,0.200000,0.014100,20.000000,0.000000,0.000000,20.000000,0.000000,0.000000,0.000000,0.000000,0.012160,0.000000,0.910900,19.868460,0.037875,-2.289726,20.000000
0.301000,2,"LINK_TORSO_YAW",0.286800,0.200000,0.014200,20.000000,0.000000,0.000000,20.000000,0.000000,0.000000,0.000000,0.000000,0.012160,0.000000,0.910900,19.868135,0.037888,-2.292545,20.000000
0.301100,2,"LINK_TORSO_YAW",0.286800,0.200000,0.014300,20.000000,0.000000,0.000000,20.000000,0.000000,0.000000,0.000000,0.000000,0.012160,0.000000,0.910900,19.867810,0.037901,-2.295365,20.000000
0.301200,2,"LINK_TORSO_YAW",0.286800,0.200000,0.014400,20.000000,0.000000,0.000000,20.000000,0.000000,0.000000,0.000000,0.000000,0.012160,0.000000,0.910900,19.867484,0.037914,-2.298187,20.000000
0.301300,2,"LINK_TORSO_YAW",0.286800,0.200000,0.014500,20.000000,0.000000,0.000000,20.000000,0.000000,0.000000,0.000000,0.000000,0.012160,0.000000,0.910900,19.867157,0.037927,-2.301010,20.000000
0.301400,2,"LINK_TORSO_YAW",0.286800,0.200000,0.014600,20.000000,0.000000,0.000000,20.000000,0.000000,0.000000,0.000000,0.000000,0.012160,0.000000,0.910900,19.866829,0.037939,-2.303835,20.000000
0.301500,2,"LINK_TORSO_YAW",0.286800,0.200000,0.014700,20.000000,0.000000,0.000000,20.000000,0.000000,0.000000,0.000000,0.000000,0.012160,0.000000,0.910900,19.866501,0.037951,-2.306663,20.000000
0.301600,2,"LINK_TORSO_YAW",0.286800,0.200000,0.014800,20.000000,0.000000,0.000000,20.000000,0.000000,0.000000,0.000000,0.000000,0.012160,0.000000,0.910900,19.866172,0.037964,-2.309494,20.000000
0.301700,2,"LINK_TORSO_YAW",0.286800,0.200000,0.014900,20.000000,0.000000,0.000000,20.000000,0.000000,0.000000,0.000000,0.000000,0.012160,0.000000,0.910900,19.865842,0.037976,-2.312328,20.000000
0.301800,2,"LINK_TORSO_YAW",0.286800,0.200000,0.015000,20.000000,0.000000,0.000000,20.000000,0.000000,0.000000,0.000000,0.000000,0.012160,0.000000,0.910900,19.865512,0.037989,-2.315162,20.000000
0.301900,2,"LINK_TORSO_YAW",0.286800,0.200000,0.015100,20.000000,0.000000,0.000000,20.000000,0.000000,0.000000,0.000000,0.000000,0.012160,0.000000,0.910900,19.865182,0.038001,-2.317995,20.000000
0.302000,2,"LINK_TORSO_YAW",0.286800,0.200000,0.015200,20.000000,0.000000,0.000000,20.000000,0.000000,0.000000,0.000000,0.000000,0.012160,0.000000,0.910900,19.864851,0.038014,-2.320828,20.000000
0.302100,2,"LINK_TORSO_YAW",0.286800,0.200000,0.015300,20.000000,0.000000,0.000000,20.000000,0.000000,0.000000,0.000000,0.000000,0.012160,0.000000,0.910900,19.864520,0.038026,-2.323662,20.000000
0.302200,2,"LINK_TORSO_YAW",0.286800,0.200000,0.015400,20.000000,0.000000,0.000000,20.000000,0.000000,0.000000,0.000000,0.000000,0.012160,0.000000,0.910900,19.864188,0.038038,-2.326496,20.000000
0.302300,2,"LINK_TORSO_YAW",0.286800,0.200000,0.015500,20.000000,0.000000,0.000000,20.000000,0.000000,0.000000,0.000000,0.000000,0.012160,0.000000,0.910900,19.863856,0.038050,-2.329332,20.000000
0.302400,2,"LINK_TORSO_YAW",0.286800,0.200000,0.015600,20.000000,0.000000,0.000000,20.000000,0.000000,0.000000,0.000000,0.000000,0.012160,0.000000,0.910900,19.863523,0.038063,-2.332169,20.000000
0.302500,2,"LINK_TORSO_YAW",0.286800,0.200000,0.015700,20.000000,0.000000,0.000000,20.000000,0.000000,0.000000,0.000000,0.000000,0.012160,0.000000,0.910900,19.863189,0.038075,-2.335008,20.000000
0.302600,2,"LINK_TORSO_YAW",0.286800,0.200000,0.015800,20.000000,0.000000,0.000000,20.000000,0.000000,0.000000,0.000000,0.000000,0.012160,0.000000,0.910900,19.862855,0.038087,-2.337850,20.000000
0.302700,2,"LINK_TORSO_YAW",0.286800,0.200000,0.015900,20.000000,0.000000,0.000000,20.000000,0.000000,0.000000,0.000000,0.000000,0.012160,0.000000,0.910900,19.862520,0.038100,-2.340694,20.000000
0.302800,2,"LINK_TORSO_YAW",0.286800,0.200000,0.016000,20.000000,0.000000,0.000000,20.000000,0.000000,0.000000,0.000000,0.000000,0.012160,0.000000,0.910900,19.862184,0.038112,-2.343542,20.000000
0.302900,2,"LINK_TORSO_YAW",0.286800,0.200000,0.016100,20.000000,0.000000,0.000000,20.000000,0.000000,0.000000,0.000000,0.000000,0.012160,0.000000,0.910900,19.861848,0.038125,-2.346390,20.000000
0.303000,2,"LINK_TORSO_YAW",0.286800,0.200000,0.016200,20.000000,0.000000,0.000000,20.000000,0.000000,0.000000,0.000000,0.000000,0.012160,0.000000,0.910900,19.861511,0.038138,-2.349237,20.000000
0.303100,2,"LINK_TORSO_YAW",0.286800,0.200000,0.016300,20.000000,0.000000,0.000000,20.000000,0.000000,0.000000,0.000000,0.000000,0.012160,0.000000,0.910900,19.861174,0.038151,-2.352085,20.000000
0.303200,2,"LINK_TORSO_YAW",0.286800,0.200000,0.016400,20.000000,0.000000,0.000000,20.000000,0.000000,0.000000,0.000000,0.000000,0.012160,0.000000,0.910900,19.860837,0.038163,-2.354933,20.000000
0.303300,2,"LINK_TORSO_YAW",0.286800,0.200000,0.016500,20.000000,0.000000,0.000000,20.000000,0.000000,0.000000,0.000000,0.000000,0.012160,0.000000,0.910900,19.860499,0.038176,-2.357783,20.000000
0.303400,2,"LINK_TORSO_YAW",0.286800,0.200000,0.016600,20.000000,0.000000,0.000000,20.000000,0.000000,0.000000,0.000000,0.000000,0.012160,0.000000,0.910900,19.860160,0.038188,-2.360633,20.000000
0.303500,2,"LINK_TORSO_YAW",0.286800,0.200000,0.016700,20.000000,0.000000,0.000000,20.000000,0.000000,0.000000,0.000000,0.000000,0.012160,0.000000,0.910900,19.859821,0.038201,-2.363485,20.000000
0.303600,2,"LINK_TORSO_YAW",0.286800,0.200000,0.016800,20.000000,0.000000,0.000000,20.000000,0.000000,0.000000,0.000000,0.000000,0.012160,0.000000,0.910900,19.859481,0.038213,-2.366339,20.000000
0.303700,2,"LINK_TORSO_YAW",0.286800,0.200000,0.016900,20.000000,0.000000,0.000000,20.000000,0.000000,0.000000,0.000000,0.000000,0.012160,0.000000,0.910900,19.859140,0.038225,-2.369197,20.000000
0.303800,2,"LINK_TORSO_YAW",0.286800,0.200000,0.017000,20.000000,0.000000,0.000000,20.000000,0.000000,0.000000,0.000000,0.000000,0.012160,0.000000,0.910900,19.858798,0.038238,-2.372059,20.000000
0.303900,2,"LINK_TORSO_YAW",0.286800,0.200000,0.017100,20.000000,0.000000,0.000000,20.000000,0.000000,0.000000,0.000000,0.000000,0.012160,0.000000,0.910900,19.858456,0.038250,-2.374924,20.000000
0.304000,2,"LINK_TORSO_YAW",0.286800,0.200000,0.017200,20.000000,0.000000,0.000000,20.000000,0.000000,0.000000,0.000000,0.000000,0.012160,0.000000,0.910900,19.858113,0.038263,-2.377788,20.000000
0.304100,2,"LINK_TORSO_YAW",0.286800,0.200000,0.017300,20.000000,0.000000,0.000000,20.000000,0.000000,0.000000,0.000000,0.000000,0.012160,0.000000,0.910900,19.857770,0.038275,-2.380652,20.000000
0.304200,2,"LINK_TORSO_YAW",0.286800,0.200000,0.017400,20.000000,0.000000,0.000000,20.000000,0.000000,0.000000,0.000000,0.000000,0.012160,0.000000,0.910900,19.857427,0.038287,-2.383515,20.000000
0.304300,2,"LINK_TORSO_YAW",0.286800,0.200000,0.017500,20.000000,0.000000,0.000000,20.000000,0.000000,0.000000,0.000000,0.000000,0.012160,0.000000,0.910900,19.857082,0.038300,-2.386380,20.000000
0.304400,2,"LINK_TORSO_YAW",0.286800,0.200000,0.017600,20.000000,0.000000,0.000000,20.000000,0.000000,0.000000,0.000000,0.000000,0.012160,0.000000,0.910900,19.856738,0.038312,-2.389245,20.000000
0.304500,2,"LINK_TORSO_YAW",0.286800,0.200000,0.017700,20.000000,0.000000,0.000000,20.000000,0.000000,0.000000,0.000000,0.000000,0.012160,0.000000,0.910900,19.856393,0.038325,-2.392112,20.000000
0.304600,2,"LINK_TORSO_YAW",0.286800,0.200000,0.017800,20.000000,0.000000,0.000000,20.000000,0.000000,0.000000,0.000000,0.000000,0.012160,0.000000,0.910900,19.856047,0.038337,-2.394980,20.000000
0.304700,2,"LINK_TORSO_YAW",0.286800,0.200000,0.017900,20.000000,0.000000,0.000000,20.000000,0.000000,0.000000,0.000000,0.000000,0.012160,0.000000,0.910900,19.855701,0.038350,-2.397850,20.000000
0.304800,2,"LINK_TORSO_YAW",0.286800,0.200000,0.018000,20.000000,0.000000,0.000000,20.000000,0.000000,0.000000,0.000000,0.000000,0.012160,0.000000,0.910900,19.855353,0.038363,-2.400722,20.000000
0.304900,2,"LINK_TORSO_YAW",0.286800,0.200000,0.018100,20.000000,0.000000,0.000000,20.000000,0.000000,0.000000,0.000000,0.000000,0.012160,0.000000,0.910900,19.855006,0.038376,-2.403597,20.000000
0.305000,2,"LINK_TORSO_YAW",0.286800,0.200000,0.018200,20.000000,0.000000,0.000000,20.000000,0.000000,0.000000,0.000000,0.000000,0.012160,0.000000,0.910900,19.854657,0.038389,-2.406477,20.000000
0.305100,2,"LINK_TORSO_YAW",0.286800,0.200000,0.018300,20.000000,0.000000,0.000000,20.000000,0.000000,0.000000,0.000000,0.000000,0.012160,0.000000,0.910900,19.854308,0.038402,-2.409355,20.000000
0.305200,2,"LINK_TORSO_YAW",0.286800,0.200000,0.018400,20.000000,0.000000,0.000000,20.000000,0.000000,0.000000,0.000000,0.000000,0.012160,0.000000,0.910900,19.853958,0.038415,-2.412233,20.000000
0.305300,2,"LINK_TORSO_YAW",0.286800,0.200000,0.018500,20.000000,0.000000,0.000000,20.000000,0.000000,0.000000,0.000000,0.000000,0.012160,0.000000,0.910900,19.853608,0.038428,-2.415112,20.000000
0.305400,2,"LINK_TORSO_YAW",0.286800,0.200000,0.018600,20.000000,0.000000,0.000000,20.000000,0.000000,0.000000,0.000000,0.000000,0.012160,0.000000,0.910900,19.853258,0.038441,-2.417991,20.000000
0.305500,2,"LINK_TORSO_YAW",0.286800,0.200000,0.018700,20.000000,0.000000,0.000000,20.000000,0.000000,0.000000,0.000000,0.000000,0.012160,0.000000,0.910900,19.852907,0.038454,-2.420871,20.000000
0.305600,2,"LINK_TORSO_YAW",0.286800,0.200000,0.018800,20.000000,0.000000,0.000000,20.000000,0.000000,0.000000,0.000000,0.000000,0.012160,0.000000,0.910900,19.852555,0.038467,-2.423752,20.000000
0.305700,2,"LINK_TORSO_YAW",0.286800,0.200000,0.018900,20.000000,0.000000,0.000000,20.000000,0.000000,0.000000,0.000000,0.000000,0.012160,0.000000,0.910900,19.852203,0.038480,-2.426635,20.000000
0.305800,2,"LINK_TORSO_YAW",0.286800,0.200000,0.019000,20.000000,0.000000,0.000000,20.000000,0.000000,0.000000,0.000000,0.000000,0.012160,0.000000,0.910900,19.851850,0.038493,-2.429520,20.000000
0.305900,2,"LINK_TORSO_YAW",0.286800,0.200000,0.019100,20.000000,0.000000,0.000000,20.000000,0.000000,0.000000,0.000000,0.000000,0.012160,0.000000,0.910900,19.851496,0.038507,-2.432407,20.000000
0.306000,2,"LINK_TORSO_YAW",0.286800,0.200000,0.019200,20.000000,0.000000,0.000000,20.000000,0.000000,0.000000,0.000000,0.000000,0.012160,0.000000,0.910900,19.851142,0.038521,-2.435298,20.000000
0.306100,2,"LINK_TORSO_YAW",0.286800,0.200000,0.019300,20.000000,0.000000,0.000000,20.000000,0.000000,0.000000,0.000000,0.000000,0.012160,0.000000,0.910900,19.850787,0.038534,-2.438187,20.000000
0.306200,2,"LINK_TORSO_YAW",0.286800,0.200000,0.019400,20.000000,0.000000,0.000000,20.000000,0.000000,0.000000,0.000000,0.000000,0.012160,0.000000,0.910900,19.850432,0.038548,-2.441076,20.000000
0.306300,2,"LINK_TORSO_YAW",0.286800,0.200000,0.019500,20.000000,0.000000,0.000000,20.000000,0.000000,0.000000,0.000000,0.000000,0.012160,0.000000,0.910900,19.850077,0.038562,-2.443965,20.000000
0.306400,2,"LINK_TORSO_YAW",0.286800,0.200000,0.019600,20.000000,0.000000,0.000000,20.000000,0.000000,0.000000,0.000000,0.000000,0.012160,0.000000,0.910900,19.849721,0.038576,-2.446855,20.000000
0.306500,2,"LINK_TORSO_YAW",0.286800,0.200000,0.019700,20.000000,0.000000,0.000000,20.000000,0.000000,0.000000,0.000000,0.000000,0.012160,0.000000,0.910900,19.849364,0.038590,-2.449746,20.000000
0.306600,2,"LINK_TORSO_YAW",0.286800,0.200000,0.019800,20.000000,0.000000,0.000000,20.000000,0.000000,0.000000,0.000000,0.000000,0.012160,0.000000,0.910900,19.849007,0.038603,-2.452639,20.000000
0.306700,2,"LINK_TORSO_YAW",0.286800,0.200000,0.019900,20.000000,0.000000,0.000000,20.000000,0.000000,0.000000,0.000000,0.000000,0.012160,0.000000,0.910900,19.848649,0.038615,-2.455534,20.000000
0.306800,2,"LINK_TORSO_YAW",0.286800,0.200000,0.020000,20.000000,0.000000,0.000000,20.000000,0.000000,0.000000,0.000000,0.000000,0.012160,0.000000,0.910900,19.848290,0.038627,-2.458431,20.000000
0.306900,2,"LINK_TORSO_YAW",0.286800,0.200000,0.020100,20.000000,0.000000,0.000000,20.000000,0.000000,0.000000,0.000000,0.000000,0.012160,0.000000,0.910900,19.847931,0.038640,-2.461330,20.000000
0.307000,2,"LINK_TORSO_YAW",0.286800,0.200000,0.020200,20.000000,0.000000,0.000000,20.000000,0.000000,0.000000,0.000000,0.000000,0.012160,0.000000,0.910900,19.847571,0.038652,-2.464232,20.000000
0.307100,2,"LINK_TORSO_YAW",0.286800,0.200000,0.020300,20.000000,0.000000,0.000000,20.000000,0.000000,0.000000,0.000000,0.000000,0.012160,0.000000,0.910900,19.847210,0.038664,-2.467138,20.000000
0.307200,2,"LINK_TORSO_YAW",0.286800,0.200000,0.020400,20.000000,0.000000,0.000000,20.000000,0.000000,0.000000,0.000000,0.000000,0.012160,0.000000,0.910900,19.846848,0.038676,-2.470047,20.000000
0.307300,2,"LINK_TORSO_YAW",0.286800,0.200000,0.020500,20.000000,0.000000,0.000000,20.000000,0.000000,0.000000,0.000000,0.000000,0.012160,0.000000,0.910900,19.846486,0.038687,-2.472956,20.000000
0.307400,2,"LINK_TORSO_YAW",0.286800,0.200000,0.020600,20.000000,0.000000,0.000000,20.000000,0.000000,0.000000,0.000000,0.000000,0.012160,0.000000,0.910900,19.846123,0.038699,-2.475864,20.000000
0.307500,2,"LINK_TORSO_YAW",0.286800,0.200000,0.020700,20.000000,0.000000,0.000000,20.000000,0.000000,0.000000,0.000000,0.000000,0.012160,0.000000,0.910900,19.845760,0.038711,-2.478773,20.000000
0.307600,2,"LINK_TORSO_YAW",0.286800,0.200000,0.020800,20.000000,0.000000,0.000000,20.000000,0.000000,0.000000,0.000000,0.000000,0.012160,0.000000,0.910900,19.845396,0.038722,-2.481682,20.000000
0.307700,2,"LINK_TORSO_YAW",0.286800,0.200000,0.020900,20.000000,0.000000,0.000000,20.000000,0.000000,0.000000,0.000000,0.000000,0.012160,0.000000,0.910900,19.845032,0.038734,-2.484592,20.000000
0.307800,2,"LINK_TORSO_YAW",0.286800,0.200000,0.021000,20.000000,0.000000,0.000000,20.000000,0.000000,0.000000,0.000000,0.000000,0.012160,0.000000,0.910900,19.844667,0.038747,-2.487503,20.000000
0.307900,2,"LINK_TORSO_YAW",0.286800,0.200000,0.021100,20.000000,0.000000,0.000000,20.000000,0.000000,0.000000,0.000000,0.000000,0.012160,0.000000,0.910900,19.844302,0.038760,-2.490416,20.000000
0.308000,2,"LINK_TORSO_YAW",0.286800,0.200000,0.021200,20.000000,0.000000,0.000000,20.000000,0.000000,0.000000,0.000000,0.000000,0.012160,0.000000,0.910900,19.843936,0.038774,-2.493331,20.000000
0.308100,2,"LINK_TORSO_YAW",0.286800,0.200000,0.021300,20.000000,0.000000,0.000000,20.000000,0.000000,0.000000,0.000000,0.000000,0.012160,0.000000,0.910900,19.843569,0.038787,-2.496248,20.000000
0.308200,2,"LINK_TORSO_YAW",0.286800,0.200000,0.021400,20.000000,0.000000,0.000000,20.000000,0.000000,0.000000,0.000000,0.000000,0.012160,0.000000,0.910900,19.843202,0.038801,-2.499168,20.000000
0.308300,2,"LINK_TORSO_YAW",0.286800,0.200000,0.021500,20.000000,0.000000,0.000000,20.000000,0.000000,0.000000,0.000000,0.000000,0.012160,0.000000,0.910900,19.842834,0.038815,-2.502088,20.000000
0.308400,2,"LINK_TORSO_YAW",0.286800,0.200000,0.021600,20.000000,0.000000,0.000000,20.000000,0.000000,0.000000,0.000000,0.000000,0.012160,0.000000,0.910900,19.842465,0.038829,-2.505008,20.000000
0.308500,2,"LINK_TORSO_YAW",0.286800,0.200000,0.021700,20.000000,0.000000,0.000000,20.000000,0.000000,0.000000,0.000000,0.000000,0.012160,0.000000,0.910900,19.842096,0.038844,-2.507927,20.000000
0.308600,2,"LINK_TORSO_YAW",0.286800,0.200000,0.021800,20.000000,0.000000,0.000000,20.000000,0.000000,0.000000,0.000000,0.000000,0.012160,0.000000,0.910900,19.841727,0.038859,-2.510848,20.000000
0.308700,2,"LINK_TORSO_YAW",0.286800,0.200000,0.021900,20.000000,0.000000,0.000000,20.000000,0.000000,0.000000,0.000000,0.000000,0.012160,0.000000,0.910900,19.841357,0.038874,-2.513769,20.000000
0.308800,2,"LINK_TORSO_YAW",0.286800,0.200000,0.022000,20.000000,0.000000,0.000000,20.000000,0.000000,0.000000,0.000000,0.000000,0.012160,0.000000,0.910900,19.840987,0.038888,-2.516692,20.000000
0.308900,2,"LINK_TORSO_YAW",0.286800,0.200000,0.022100,20.000000,0.000000,0.000000,20.000000,0.000000,0.000000,0.000000,0.000000,0.012160,0.000000,0.910900,19.840615,0.038902,-2.519616,20.000000
0.309000,2,"LINK_TORSO_YAW",0.286800,0.200000,0.022200,20.000000,0.000000,0.000000,20.000000,0.000000,0.000000,0.000000,0.000000,0.012160,0.000000,0.910900,19.840244,0.038915,-2.522543,20.000000
0.309100,2,"LINK_TORSO_YAW",0.286800,0.200000,0.022300,20.000000,0.000000,0.000000,20.000000,0.000000,0.000000,0.000000,0.000000,0.012160,0.000000,0.910900,19.839871,0.038928,-2.525472,20.000000
0.309200,2,"LINK_TORSO_YAW",0.286800,0.200000,0.022400,20.000000,0.000000,0.000000,20.000000,0.000000,0.000000,0.000000,0.000000,0.012160,0.000000,0.910900,19.839497,0.038941,-2.528404,20.000000
0.309300,2,"LINK_TORSO_YAW",0.286800,0.200000,0.022500,20.000000,0.000000,0.000000,20.000000,0.000000,0.000000,0.000000,0.000000,0.012160,0.000000,0.910900,19.839124,0.038954,-2.531335,20.000000
0.309400,2,"LINK_TORSO_YAW",0.286800,0.200000,0.022600,20.000000,0.000000,0.000000,20.000000,0.000000,0.000000,0.000000,0.000000,0.012160,0.000000,0.910900,19.838749,0.038967,-2.534265,20.000000
0.309500,2,"LINK_TORSO_YAW",0.286800,0.200000,0.022700,20.000000,0.000000,0.000000,20.000000,0.000000,0.000000,0.000000,0.000000,0.012160,0.000000,0.910900,19.838375,0.038980,-2.537196,20.000000
0.309600,2,"LINK_TORSO_YAW",0.286800,0.200000,0.022800,20.000000,0.000000,0.000000,20.000000,0.000000,0.000000,0.000000,0.000000,0.012160,0.000000,0.910900,19.838000,0.038993,-2.540128,20.000000
0.309700,2,"LINK_TORSO_YAW",0.286800,0.200000,0.022900,20.000000,0.000000,0.000000,20.000000,0.000000,0.000000,0.000000,0.000000,0.012160,0.000000,0.910900,19.837624,0.039006,-2.543060,20.000000
0.309800,2,"LINK_TORSO_YAW",0.286800,0.200000,0.023000,20.000000,0.000000,0.000000,20.000000,0.000000,0.000000,0.000000,0.000000,0.012160,0.000000,0.910900,19.837248,0.039020,-2.545994,20.000000
0.309900,2,"LINK_TORSO_YAW",0.286800,0.200000,0.023100,20.000000,0.000000,0.000000,20.000000,0.000000,0.000000,0.000000,0.000000,0.012160,0.000000,0.910900,19.836871,0.039033,-2.548930,20.000000
0.310000,2,"LINK_TORSO_YAW",0.286800,0.200000,0.023200,20.000000,0.000000,0.000000,20.000000,0.000000,0.000000,0.000000,0.000000,0.012160,0.000000,0.910900,19.836493,0.039046,-2.551868,20.000000
0.310100,2,"LINK_TORSO_YAW",0.286800,0.200000,0.023300,20.000000,0.000000,0.000000,20.000000,0.000000,0.000000,0.000000,0.000000,0.012160,0.000000,0.910900,19.836114,0.039059,-2.554808,20.000000
0.310200,2,"LINK_TORSO_YAW",0.286800,0.200000,0.023400,20.000000,0.000000,0.000000,20.000000,0.000000,0.000000,0.000000,0.000000,0.012160,0.000000,0.910900,19.835735,0.039073,-2.557751,20.000000
0.310300,2,"LINK_TORSO_YAW",0.286800,0.200000,0.023500,20.000000,0.000000,0.000000,20.000000,0.000000,0.000000,0.000000,0.000000,0.012160,0.000000,0.910900,19.835355,0.039086,-2.560697,20.000000
0.310400,2,"LINK_TORSO_YAW",0.286800,0.200000,0.023600,20.000000,0.000000,0.000000,20.000000,0.000000,0.000000,0.000000,0.000000,0.012160,0.000000,0.910900,19.834974,0.039100,-2.563643,20.000000
0.310500,2,"LINK_TORSO_YAW",0.286800,0.200000,0.023700,20.000000,0.000000,0.000000,20.000000,0.000000,0.000000,0.000000,0.000000,0.012160,0.000000,0.910900,19.834593,0.039114,-2.566588,20.000000
0.310600,2,"LINK_TORSO_YAW",0.286800,0.200000,0.023800,20.000000,0.000000,0.000000,20.000000,0.000000,0.000000,0.000000,0.000000,0.012160,0.000000,0.910900,19.834212,0.039128,-2.569534,20.000000
0.310700,2,"LINK_TORSO_YAW",0.286800,0.200000,0.023900,20.000000,0.000000,0.000000,20.000000,0.000000,0.000000,0.000000,0.000000,0.012160,0.000000,0.910900,19.833830,0.039143,-2.572480,20.000000
0.310800,2,"LINK_TORSO_YAW",0.286800,0.200000,0.024000,20.000000,0.000000,0.000000,20.000000,0.000000,0.000000,0.000000,0.000000,0.012160,0.000000,0.910900,19.833448,0.039158,-2.575427,20.000000
0.310900,2,"LINK_TORSO_YAW",0.286800,0.200000,0.024100,20.000000,0.000000,0.000000,20.000000,0.000000,0.000000,0.000000,0.000000,0.012160,0.000000,0.910900,19.833064,0.039172,-2.578376,20.000000
0.311000,2,"LINK_TORSO_YAW",0.286800,0.200000,0.024200,20.000000,0.000000,0.000000,20.000000,0.000000,0.000000,0.000000,0.000000,0.012160,0.000000,0.910900,19.832681,0.039186,-2.581327,20.000000
0.311100,2,"LINK_TORSO_YAW",0.286800,0.200000,0.024300,20.000000,0.000000,0.000000,20.000000,0.000000,0.000000,0.000000,0.000000,0.012160,0.000000,0.910900,19.832296,0.039200,-2.584279,20.000000
0.311200,2,"LINK_TORSO_YAW",0.286800,0.200000,0.024400,20.000000,0.000000,0.000000,20.000000,0.000000,0.000000,0.000000,0.000000,0.012160,0.000000,0.910900,19.831911,0.039214,-2.587235,20.000000
0.311300,2,"LINK_TORSO_YAW",0.286800,0.200000,0.024500,20.000000,0.000000,0.000000,20.000000,0.000000,0.000000,0.000000,0.000000,0.012160,0.000000,0.910900,19.831524,0.039227,-2.590194,20.000000
0.311400,2,"LINK_TORSO_YAW",0.286800,0.200000,0.024600,20.000000,0.000000,0.000000,20.000000,0.000000,0.000000,0.000000,0.000000,0.012160,0.000000,0.910900,19.831137,0.039240,-2.593156,20.000000
0.311500,2,"LINK_TORSO_YAW",0.286800,0.200000,0.024700,20.000000,0.000000,0.000000,20.000000,0.000000,0.000000,0.000000,0.000000,0.012160,0.000000,0.910900,19.830750,0.039253,-2.596118,20.000000
0.311600,2,"LINK_TORSO_YAW",0.286800,0.200000,0.024800,20.000000,0.000000,0.000000,20.000000,0.000000,0.000000,0.000000,0.000000,0.012160,0.000000,0.910900,19.830362,0.039266,-2.599079,20.000000
0.311700,2,"LINK_TORSO_YAW",0.286800,0.200000,0.024900,20.000000,0.000000,0.000000,20.000000,0.000000,0.000000,0.000000,0.000000,0.012160,0.000000,0.910900,19.829973,0.039279,-2.602040,20.000000
0.311800,2,"LINK_TORSO_YAW",0.286800,0.200000,0.025000,20.000000,0.000000,0.000000,20.000000,0.000000,0.000000,0.000000,0.000000,0.012160,0.000000,0.910900,19.829585,0.039292,-2.605001,20.000000
0.311900,2,"LINK_TORSO_YAW",0.286800,0.200000,0.025100,20.000000,0.000000,0.000000,20.000000,0.000000,0.000000,0.000000,0.000000,0.012160,0.000000,0.910900,19.829195,0.039305,-2.607963,20.000000
0.312000,2,"LINK_TORSO_YAW",0.286800,0.200000,0.025200,20.000000,0.000000,0.000000,20.000000,0.000000,0.000000,0.000000,0.000000,0.012160,0.000000,0.910900,19.828805,0.039318,-2.610927,20.000000
0.312100,2,"LINK_TORSO_YAW",0.286800,0.200000,0.025300,20.000000,0.000000,0.000000,20.000000,0.000000,0.000000,0.000000,0.000000,0.012160,0.000000,0.910900,19.828414,0.039331,-2.613892,20.000000
0.312200,2,"LINK_TORSO_YAW",0.286800,0.200000,0.025400,20.000000,0.000000,0.000000,20.000000,0.000000,0.000000,0.000000,0.000000,0.012160,0.000000,0.910900,19.828023,0.039344,-2.616859,20.000000
0.312300,2,"LINK_TORSO_YAW",0.286800,0.200000,0.025500,20.000000,0.000000,0.000000,20.000000,0.000000,0.000000,0.000000,0.000000,0.012160,0.000000,0.910900,19.827631,0.039357,-2.619829,20.000000
0.312400,2,"LINK_TORSO_YAW",0.286800,0.200000,0.025600,20.000000,0.000000,0.000000,20.000000,0.000000,0.000000,0.000000,0.000000,0.012160,0.000000,0.910900,19.827238,0.039370,-2.622797,20.000000
0.312500,2,"LINK_TORSO_YAW",0.286800,0.200000,0.025700,20.000000,0.000000,0.000000,20.000000,0.000000,0.000000,0.000000,0.000000,0.012160,0.000000,0.910900,19.826846,0.039383,-2.625765,20.000000
0.312600,2,"LINK_TORSO_YAW",0.286800,0.200000,0.025800,20.000000,0.000000,0.000000,20.000000,0.000000,0.000000,0.000000,0.000000,0.012160,0.000000,0.910900,19.826452,0.039396,-2.628733,20.000000
0.312700,2,"LINK_TORSO_YAW",0.286800,0.200000,0.025900,20.000000,0.000000,0.000000,20.000000,0.000000,0.000000,0.000000,0.000000,0.012160,0.000000,0.910900,19.826058,0.039410,-2.631702,20.000000
0.312800,2,"LINK_TORSO_YAW",0.286800,0.200000,0.026000,20.000000,0.000000,0.000000,20.000000,0.000000,0.000000,0.000000,0.000000,0.012160,0.000000,0.910900,19.825664,0.039423,-2.634672,20.000000
0.312900,2,"LINK_TORSO_YAW",0.286800,0.200000,0.026100,20.000000,0.000000,0.000000,20.000000,0.000000,0.000000,0.000000,0.000000,0.012160,0.000000,0.910900,19.825269,0.039437,-2.637643,20.000000
0.313000,2,"LINK_TORSO_YAW",0.286800,0.200000,0.026200,20.000000,0.000000,0.000000,20.000000,0.000000,0.000000,0.000000,0.000000,0.012160,0.000000,0.910900,19.824873,0.039450,-2.640616,20.000000
0.313100,2,"LINK_TORSO_YAW",0.286800,0.200000,0.026300,20.000000,0.000000,0.000000,20.000000,0.000000,0.000000,0.000000,0.000000,0.012160,0.000000,0.910900,19.824476,0.039464,-2.643591,20.000000
0.313200,2,"LINK_TORSO_YAW",0.286800,0.200000,0.026400,20.000000,0.000000,0.000000,20.000000,0.000000,0.000000,0.000000,0.000000,0.012160,0.000000,0.910900,19.824079,0.039478,-2.646569,20.000000
0.313300,2,"LINK_TORSO_YAW",0.286800,0.200000,0.026500,20.000000,0.000000,0.000000,20.000000,0.000000,0.000000,0.000000,0.000000,0.012160,0.000000,0.910900,19.823681,0.039493,-2.649551,20.000000
0.313400,2,"LINK_TORSO_YAW",0.286800,0.200000,0.026600,20.000000,0.000000,0.000000,20.000000,0.000000,0.000000,0.000000,0.000000,0.012160,0.000000,0.910900,19.823282,0.039508,-2.652536,20.000000
0.313500,2,"LINK_TORSO_YAW",0.286800,0.200000,0.026700,20.000000,0.000000,0.000000,20.000000,0.000000,0.000000,0.000000,0.000000,0.012160,0.000000,0.910900,19.822882,0.039523,-2.655521,20.000000
0.313600,2,"LINK_TORSO_YAW",0.286800,0.200000,0.026800,20.000000,0.000000,0.000000,20.000000,0.000000,0.000000,0.000000,0.000000,0.012160,0.000000,0.910900,19.822482,0.039538,-2.658505,20.000000
0.313700,2,"LINK_TORSO_YAW",0.286800,0.200000,0.026900,20.000000,0.000000,0.000000,20.000000,0.000000,0.000000,0.000000,0.000000,0.012160,0.000000,0.910900,19.822081,0.039553,-2.661489,20.000000
0.313800,2,"LINK_TORSO_YAW",0.286800,0.200000,0.027000,20.000000,0.000000,0.000000,20.000000,0.000000,0.000000,0.000000,0.000000,0.012160,0.000000,0.910900,19.821680,0.039568,-2.664473,20.000000
0.313900,2,"LINK_TORSO_YAW",0.286800,0.200000,0.027100,20.000000,0.000000,0.000000,20.000000,0.000000,0.000000,0.000000,0.000000,0.012160,0.000000,0.910900,19.821279,0.039583,-2.667459,20.000000
0.314000,2,"LINK_TORSO_YAW",0.286800,0.200000,0.027200,20.000000,0.000000,0.000000,20.000000,0.000000,0.000000,0.000000,0.000000,0.012160,0.000000,0.910900,19.820877,0.039597,-2.670446,20.000000
0.314100,2,"LINK_TORSO_YAW",0.286800,0.200000,0.027300,20.000000,0.000000,0.000000,20.000000,0.000000,0.000000,0.000000,0.000000,0.012160,0.000000,0.910900,19.820474,0.039611,-2.673434,20.000000
0.314200,2,"LINK_TORSO_YAW",0.286800,0.200000,0.027400,20.000000,0.000000,0.000000,20.000000,0.000000,0.000000,0.000000,0.000000,0.012160,0.000000,0.910900,19.820070,0.039624,-2.676425,20.000000
0.314300,2,"LINK_TORSO_YAW",0.286800,0.200000,0.027500,20.000000,0.000000,0.000000,20.000000,0.000000,0.000000,0.000000,0.000000,0.012160,0.000000,0.910900,19.819666,0.039637,-2.679419,20.000000
0.314400,2,"LINK_TORSO_YAW",0.286800,0.200000,0.027600,20.000000,0.000000,0.000000,20.000000,0.000000,0.000000,0.000000,0.000000,0.012160,0.000000,0.910900,19.819260,0.039650,-2.682416,20.000000
0.314500,2,"LINK_TORSO_YAW",0.286800,0.200000,0.027700,20.000000,0.000000,0.000000,20.000000,0.000000,0.000000,0.000000,0.000000,0.012160,0.000000,0.910900,19.818854,0.039662,-2.685417,20.000000
0.314600,2,"LINK_TORSO_YAW",0.286800,0.200000,0.027800,20.000000,0.000000,0.000000,20.000000,0.000000,0.000000,0.000000,0.000000,0.012160,0.000000,0.910900,19.818447,0.039674,-2.688418,20.000000
0.314700,2,"LINK_TORSO_YAW",0.286800,0.200000,0.027900,20.000000,0.000000,0.000000,20.000000,0.000000,0.000000,0.000000,0.000000,0.012160,0.000000,0.910900,19.818040,0.039687,-2.691418,20.000000
0.314800,2,"LINK_TORSO_YAW",0.286800,0.200000,0.028000,20.000000,0.000000,0.000000,20.000000,0.000000,0.000000,0.000000,0.000000,0.012160,0.000000,0.910900,19.817632,0.039701,-2.694418,20.000000
0.314900,2,"LINK_TORSO_YAW",0.286800,0.200000,0.028100,20.000000,0.000000,0.000000,20.000000,0.000000,0.000000,0.000000,0.000000,0.012160,0.000000,0.910900,19.817224,0.039714,-2.697420,20.000000
0.315000,2,"LINK_TORSO_YAW",0.286800,0.200000,0.028200,20.000000,0.000000,0.000000,20.000000,0.000000,0.000000,0.000000,0.000000,0.012160,0.000000,0.910900,19.816815,0.039727,-2.700422,20.000000
0.315100,2,"LINK_TORSO_YAW",0.286800,0.200000,0.028300,20.000000,0.000000,0.000000,20.000000,0.000000,0.000000,0.000000,0.000000,0.012160,0.000000,0.910900,19.816405,0.039740,-2.703426,20.000000
0.315200,2,"LINK_TORSO_YAW",0.286800,0.200000,0.028400,20.000000,0.000000,0.000000,20.000000,0.000000,0.000000,0.000000,0.000000,0.012160,0.000000,0.910900,19.815995,0.039754,-2.706431,20.000000
0.315300,2,"LINK_TORSO_YAW",0.286800,0.200000,0.028500,20.000000,0.000000,0.000000,20.000000,0.000000,0.000000,0.000000,0.000000,0.012160,0.000000,0.910900,19.815584,0.039767,-2.709439,20.000000
0.315400,2,"LINK_TORSO_YAW",0.286800,0.200000,0.028600,20.000000,0.000000,0.000000,20.000000,0.000000,0.000000,0.000000,0.000000,0.012160,0.000000,0.910900,19.815172,0.039780,-2.712449,20.000000
0.315500,2,"LINK_TORSO_YAW",0.286800,0.200000,0.028700,20.000000,0.000000,0.000000,20.000000,0.000000,0.000000,0.000000,0.000000,0.012160,0.000000,0.910900,19.814759,0.039793,-2.715462,20.000000
0.315600,2,"LINK_TORSO_YAW",0.286800,0.200000,0.028800,20.000000,0.000000,0.000000,20.000000,0.000000,0.000000,0.000000,0.000000,0.012160,0.000000,0.910900,19.814346,0.039807,-2.718478,20.000000
0.315700,2,"LINK_TORSO_YAW",0.286800,0.200000,0.028900,20.000000,0.000000,0.000000,20.000000,0.000000,0.000000,0.000000,0.000000,0.012160,0.000000,0.910900,19.813932,0.039820,-2.721494,20.000000
0.315800,2,"LINK_TORSO_YAW",0.286800,0.200000,0.029000,20.000000,0.000000,0.000000,20.000000,0.000000,0.000000,0.000000,0.000000,0.012160,0.000000,0.910900,19.813517,0.039833,-2.724509,20.000000
0.315900,2,"LINK_TORSO_YAW",0.286800,0.200000,0.029100,20.000000,0.000000,0.000000,20.000000,0.000000,0.000000,0.000000,0.000000,0.012160,0.000000,0.910900,19.813102,0.039846,-2.727524,20.000000
0.316000,2,"LINK_TORSO_YAW",0.286800,0.200000,0.029200,20.000000,0.000000,0.000000,20.000000,0.000000,0.000000,0.000000,0.000000,0.012160,0.000000,0.910900,19.812687,0.039860,-2.730539,20.000000
0.316100,2,"LINK_TORSO_YAW",0.286800,0.200000,0.029300,20.000000,0.000000,0.000000,20.000000,0.000000,0.000000,0.000000,0.000000,0.012160,0.000000,0.910900,19.812271,0.039873,-2.733556,20.000000
0.316200,2,"LINK_TORSO_YAW",0.286800,0.200000,0.029400,20.000000,0.000000,0.000000,20.000000,0.000000,0.000000,0.000000,0.000000,0.012160,0.000000,0.910900,19.811854,0.039886,-2.736573,20.000000
0.316300,2,"LINK_TORSO_YAW",0.286800,0.200000,0.029500,20.000000,0.000000,0.000000,20.000000,0.000000,0.000000,0.000000,0.000000,0.012160,0.000000,0.910900,19.811437,0.039899,-2.739592,20.000000
0.316400,2,"LINK_TORSO_YAW",0.286800,0.200000,0.029600,20.000000,0.000000,0.000000,20.000000,0.000000,0.000000,0.000000,0.000000,0.012160,0.000000,0.910900,19.811019,0.039912,-2.742614,20.000000
0.316500,2,"LINK_TORSO_YAW",0.286800,0.200000,0.029700,20.000000,0.000000,0.000000,20.000000,0.000000,0.000000,0.000000,0.000000,0.012160,0.000000,0.910900,19.810600,0.039926,-2.745637,20.000000
0.316600,2,"LINK_TORSO_YAW",0.286800,0.200000,0.029800,20.000000,0.000000,0.000000,20.000000,0.000000,0.000000,0.000000,0.000000,0.012160,0.000000,0.910900,19.810181,0.039939,-2.748663,20.000000
0.316700,2,"LINK_TORSO_YAW",0.286800,0.200000,0.029900,20.000000,0.000000,0.000000,20.000000,0.000000,0.000000,0.000000,0.000000,0.012160,0.000000,0.910900,19.809760,0.039952,-2.751693,20.000000
0.316800,2,"LINK_TORSO_YAW",0.286800,0.200000,0.030000,20.000000,0.000000,0.000000,20.000000,0.000000,0.000000,0.000000,0.000000,0.012160,0.000000,0.910900,19.809339,0.039965,-2.754722,20.000000
0.316900,2,"LINK_TORSO_YAW",0.286800,0.200000,0.030100,20.000000,0.000000,0.000000,20.000000,0.000000,0.000000,0.000000,0.000000,0.012160,0.000000,0.910900,19.808917,0.039977,-2.757752,20.000000
0.317000,2,"LINK_TORSO_YAW",0.286800,0.200000,0.030200,20.000000,0.000000,0.000000,20.000000,0.000000,0.000000,0.000000,0.000000,0.012160,0.000000,0.910900,19.808495,0.039990,-2.760781,20.000000
0.317100,2,"LINK_TORSO_YAW",0.286800,0.200000,0.030300,20.000000,0.000000,0.000000,20.000000,0.000000,0.000000,0.000000,0.000000,0.012160,0.000000,0.910900,19.808073,0.040003,-2.763811,20.000000
0.317200,2,"LINK_TORSO_YAW",0.286800,0.200000,0.030400,20.000000,0.000000,0.000000,20.000000,0.000000,0.000000,0.000000,0.000000,0.012160,0.000000,0.910900,19.807649,0.040017,-2.766843,20.000000
0.317300,2,"LINK_TORSO_YAW",0.286800,0.200000,0.030500,20.000000,0.000000,0.000000,20.000000,0.000000,0.000000,0.000000,0.000000,0.012160,0.000000,0.910900,19.807226,0.040032,-2.769876,20.000000
0.317400,2,"LINK_TORSO_YAW",0.286800,0.200000,0.030600,20.000000,0.000000,0.000000,20.000000,0.000000,0.000000,0.000000,0.000000,0.012160,0.000000,0.910900,19.806801,0.040047,-2.772912,20.000000
0.317500,2,"LINK_TORSO_YAW",0.286800,0.200000,0.030700,20.000000,0.000000,0.000000,20.000000,0.000000,0.000000,0.000000,0.000000,0.012160,0.000000,0.910900,19.806375,0.040063,-2.775949,20.000000
0.317600,2,"LINK_TORSO_YAW",0.286800,0.200000,0.030800,20.000000,0.000000,0.000000,20.000000,0.000000,0.000000,0.000000,0.000000,0.012160,0.000000,0.910900,19.805949,0.040080,-2.778990,20.000000
0.317700,2,"LINK_TORSO_YAW",0.286800,0.200000,0.030900,20.000000,0.000000,0.000000,20.000000,0.000000,0.000000,0.000000,0.000000,0.012160,0.000000,0.910900,19.805522,0.040096,-2.782033,20.000000
0.317800,2,"LINK_TORSO_YAW",0.286800,0.200000,0.031000,20.000000,0.000000,0.000000,20.000000,0.000000,0.000000,0.000000,0.000000,0.012160,0.000000,0.910900,19.805094,0.040113,-2.785075,20.000000
0.317900,2,"LINK_TORSO_YAW",0.286800,0.200000,0.031100,20.000000,0.000000,0.000000,20.000000,0.000000,0.000000,0.000000,0.000000,0.012160,0.000000,0.910900,19.804666,0.040129,-2.788116,20.000000
0.318000,2,"LINK_TORSO_YAW",0.286800,0.200000,0.031200,20.000000,0.000000,0.000000,20.000000,0.000000,0.000000,0.000000,0.000000,0.012160,0.000000,0.910900,19.804238,0.040145,-2.791158,20.000000
0.318100,2,"LINK_TORSO_YAW",0.286800,0.200000,0.031300,20.000000,0.000000,0.000000,20.000000,0.000000,0.000000,0.000000,0.000000,0.012160,0.000000,0.910900,19.803809,0.040161,-2.794200,20.000000
0.318200,2,"LINK_TORSO_YAW",0.286800,0.200000,0.031400,20.000000,0.000000,0.000000,20.000000,0.000000,0.000000,0.000000,0.000000,0.012160,0.000000,0.910900,19.803379,0.040177,-2.797244,20.000000
0.318300,2,"LINK_TORSO_YAW",0.286800,0.200000,0.031500,20.000000,0.000000,0.000000,20.000000,0.000000,0.000000,0.000000,0.000000,0.012160,0.000000,0.910900,19.802949,0.040193,-2.800288,20.000000
0.318400,2,"LINK_TORSO_YAW",0.286800,0.200000,0.031600,20.000000,0.000000,0.000000,20.000000,0.000000,0.000000,0.000000,0.000000,0.012160,0.000000,0.910900,19.802518,0.040209,-2.803334,20.000000
0.318500,2,"LINK_TORSO_YAW",0.286800,0.200000,0.031700,20.000000,0.000000,0.000000,20.000000,0.000000,0.000000,0.000000,0.000000,0.012160,0.000000,0.910900,19.802086,0.040224,-2.806382,20.000000
0.318600,2,"LINK_TORSO_YAW",0.286800,0.200000,0.031800,20.000000,0.000000,0.000000,20.000000,0.000000,0.000000,0.000000,0.000000,0.012160,0.000000,0.910900,19.801653,0.040239,-2.809433,20.000000
0.318700,2,"LINK_TORSO_YAW",0.286800,0.200000,0.031900,20.000000,0.000000,0.000000,20.000000,0.000000,0.000000,0.000000,0.000000,0.012160,0.000000,0.910900,19.801220,0.040254,-2.812487,20.000000
0.318800,2,"LINK_TORSO_YAW",0.286800,0.200000,0.032000,20.000000,0.000000,0.000000,20.000000,0.000000,0.000000,0.000000,0.000000,0.012160,0.000000,0.910900,19.800785,0.040269,-2.815544,20.000000
0.318900,2,"LINK_TORSO_YAW",0.286800,0.200000,0.032100,20.000000,0.000000,0.000000,20.000000,0.000000,0.000000,0.000000,0.000000,0.012160,0.000000,0.910900,19.800350,0.040283,-2.818601,20.000000
0.319000,2,"LINK_TORSO_YAW",0.286800,0.200000,0.032200,20.000000,0.000000,0.000000,20.000000,0.000000,0.000000,0.000000,0.000000,0.012160,0.000000,0.910900,19.799915,0.040297,-2.821657,20.000000
0.319100,2,"LINK_TORSO_YAW",0.286800,0.200000,0.032300,20.000000,0.000000,0.000000,20.000000,0.000000,0.000000,0.000000,0.000000,0.012160,0.000000,0.910900,19.799479,0.040310,-2.824714,20.000000
0.319200,2,"LINK_TORSO_YAW",0.286800,0.200000,0.032400,20.000000,0.000000,0.000000,20.000000,0.000000,0.000000,0.000000,0.000000,0.012160,0.000000,0.910900,19.799043,0.040324,-2.827771,20.000000
0.319300,2,"LINK_TORSO_YAW",0.286800,0.200000,0.032500,20.000000,0.000000,0.000000,20.000000,0.000000,0.000000,0.000000,0.000000,0.012160,0.000000,0.910900,19.798606,0.040338,-2.830829,20.000000
0.319400,2,"LINK_TORSO_YAW",0.286800,0.200000,0.032600,20.000000,0.000000,0.000000,20.000000,0.000000,0.000000,0.000000,0.000000,0.012160,0.000000,0.910900,19.798168,0.040352,-2.833888,20.000000
0.319500,2,"LINK_TORSO_YAW",0.286800,0.200000,0.032700,20.000000,0.000000,0.000000,20.000000,0.000000,0.000000,0.000000,0.000000,0.012160,0.000000,0.910900,19.797729,0.040365,-2.836949,20.000000
0.319600,2,"LINK_TORSO_YAW",0.286800,0.200000,0.032800,20.000000,0.000000,0.000000,20.000000,0.000000,0.000000,0.000000,0.000000,0.012160,0.000000,0.910900,19.797290,0.040379,-2.840012,20.000000
0.319700,2,"LINK_TORSO_YAW",0.286800,0.200000,0.032900,20.000000,0.000000,0.000000,20.000000,0.000000,0.000000,0.000000,0.000000,0.012160,0.000000,0.910900,19.796850,0.040392,-2.843078,20.000000
0.319800,2,"LINK_TORSO_YAW",0.286800,0.200000,0.033000,20.000000,0.000000,0.000000,20.000000,0.000000,0.000000,0.000000,0.000000,0.012160,0.000000,0.910900,19.796409,0.040406,-2.846147,20.000000
0.319900,2,"LINK_TORSO_YAW",0.286800,0.200000,0.033100,20.000000,0.000000,0.000000,20.000000,0.000000,0.000000,0.000000,0.000000,0.012160,0.000000,0.910900,19.795967,0.040419,-2.849219,20.000000
0.320000,2,"LINK_TORSO_YAW",0.286800,0.200000,0.033200,20.000000,0.000000,0.000000,20.000000,0.000000,0.000000,0.000000,0.000000,0.012160,0.000000,0.910900,19.795525,0.040432,-2.852290,20.000000
0.320100,2,"LINK_TORSO_YAW",0.286800,0.200000,0.033300,20.000000,0.000000,0.000000,20.000000,0.000000,0.000000,0.000000,0.000000,0.012160,0.000000,0.910900,19.795082,0.040445,-2.855361,20.000000
0.320200,2,"LINK_TORSO_YAW",0.286800,0.200000,0.033400,20.000000,0.000000,0.000000,20.000000,0.000000,0.000000,0.000000,0.000000,0.012160,0.000000,0.910900,19.794639,0.040458,-2.858433,20.000000
0.320300,2,"LINK_TORSO_YAW",0.286800,0.200000,0.033500,20.000000,0.000000,0.000000,20.000000,0.000000,0.000000,0.000000,0.000000,0.012160,0.000000,0.910900,19.794195,0.040472,-2.861504,20.000000
0.320400,2,"LINK_TORSO_YAW",0.286800,0.200000,0.033600,20.000000,0.000000,0.000000,20.000000,0.000000,0.000000,0.000000,0.000000,0.012160,0.000000,0.910900,19.793750,0.040486,-2.864578,20.000000
0.320500,2,"LINK_TORSO_YAW",0.286800,0.200000,0.033700,20.000000,0.000000,0.000000,20.000000,0.000000,0.000000,0.000000,0.000000,0.012160,0.000000,0.910900,19.793305,0.040501,-2.867652,20.000000
0.320600,2,"LINK_TORSO_YAW",0.286800,0.200000,0.033800,20.000000,0.000000,0.000000,20.000000,0.000000,0.000000,0.000000,0.000000,0.012160,0.000000,0.910900,19.792859,0.040517,-2.870729,20.000000
0.320700,2,"LINK_TORSO_YAW",0.286800,0.200000,0.033900,20.000000,0.000000,0.000000,20.000000,0.000000,0.000000,0.000000,0.000000,0.012160,0.000000,0.910900,19.792412,0.040532,-2.873808,20.000000
0.320800,2,"LINK_TORSO_YAW",0.286800,0.200000,0.034000,20.000000,0.000000,0.000000,20.000000,0.000000,0.000000,0.000000,0.000000,0.012160,0.000000,0.910900,19.791965,0.040548,-2.876889,20.000000
0.320900,2,"LINK_TORSO_YAW",0.286800,0.200000,0.034100,20.000000,0.000000,0.000000,20.000000,0.000000,0.000000,0.000000,0.000000,0.012160,0.000000,0.910900,19.791516,0.040564,-2.879974,20.000000
0.321000,2,"LINK_TORSO_YAW",0.286800,0.200000,0.034200,20.000000,0.000000,0.000000,20.000000,0.000000,0.000000,0.000000,0.000000,0.012160,0.000000,0.910900,19.791066,0.040581,-2.883062,20.000000
0.321100,2,"LINK_TORSO_YAW",0.286800,0.200000,0.034300,20.000000,0.000000,0.000000,20.000000,0.000000,0.000000,0.000000,0.000000,0.012160,0.000000,0.910900,19.790616,0.040597,-2.886149,20.000000
0.321200,2,"LINK_TORSO_YAW",0.286800,0.200000,0.034400,20.000000,0.000000,0.000000,20.000000,0.000000,0.000000,0.000000,0.000000,0.012160,0.000000,0.910900,19.790166,0.040613,-2.889235,20.000000
0.321300,2,"LINK_TORSO_YAW",0.286800,0.200000,0.034500,20.000000,0.000000,0.000000,20.000000,0.000000,0.000000,0.000000,0.000000,0.012160,0.000000,0.910900,19.789715,0.040629,-2.892322,20.000000
0.321400,2,"LINK_TORSO_YAW",0.286800,0.200000,0.034600,20.000000,0.000000,0.000000,20.000000,0.000000,0.000000,0.000000,0.000000,0.012160,0.000000,0.910900,19.789264,0.040645,-2.895410,20.000000
0.321500,2,"LINK_TORSO_YAW",0.286800,0.200000,0.034700,20.000000,0.000000,0.000000,20.000000,0.000000,0.000000,0.000000,0.000000,0.012160,0.000000,0.910900,19.788811,0.040661,-2.898498,20.000000
0.321600,2,"LINK_TORSO_YAW",0.286800,0.200000,0.034800,20.000000,0.000000,0.000000,20.000000,0.000000,0.000000,0.000000,0.000000,0.012160,0.000000,0.910900,19.788358,0.040677,-2.901588,20.000000
0.321700,2,"LINK_TORSO_YAW",0.286800,0.200000,0.034900,20.000000,0.000000,0.000000,20.000000,0.000000,0.000000,0.000000,0.000000,0.012160,0.000000,0.910900,19.787905,0.040693,-2.904680,20.000000
0.321800,2,"LINK_TORSO_YAW",0.286800,0.200000,0.035000,20.000000,0.000000,0.000000,20.000000,0.000000,0.000000,0.000000,0.000000,0.012160,0.000000,0.910900,19.787450,0.040709,-2.907774,20.000000
0.321900,2,"LINK_TORSO_YAW",0.286800,0.200000,0.035100,20.000000,0.000000,0.000000,20.000000,0.000000,0.000000,0.000000,0.000000,0.012160,0.000000,0.910900,19.786995,0.040726,-2.910870,20.000000
0.322000,2,"LINK_TORSO_YAW",0.286800,0.200000,0.035200,20.000000,0.000000,0.000000,20.000000,0.000000,0.000000,0.000000,0.000000,0.012160,0.000000,0.910900,19.786539,0.040742,-2.913969,20.000000
0.322100,2,"LINK_TORSO_YAW",0.286800,0.200000,0.035300,20.000000,0.000000,0.000000,20.000000,0.000000,0.000000,0.000000,0.000000,0.012160,0.000000,0.910900,19.786082,0.040759,-2.917071,20.000000
0.322200,2,"LINK_TORSO_YAW",0.286800,0.200000,0.035400,20.000000,0.000000,0.000000,20.000000,0.000000,0.000000,0.000000,0.000000,0.012160,0.000000,0.910900,19.785624,0.040775,-2.920173,20.000000
0.322300,2,"LINK_TORSO_YAW",0.286800,0.200000,0.035500,20.000000,0.000000,0.000000,20.000000,0.000000,0.000000,0.000000,0.000000,0.012160,0.000000,0.910900,19.785166,0.040791,-2.923275,20.000000
0.322400,2,"LINK_TORSO_YAW",0.286800,0.200000,0.035600,20.000000,0.000000,0.000000,20.000000,0.000000,0.000000,0.000000,0.000000,0.012160,0.000000,0.910900,19.784708,0.040806,-2.926377,20.000000
0.322500,2,"LINK_TORSO_YAW",0.286800,0.200000,0.035700,20.000000,0.000000,0.000000,20.000000,0.000000,0.000000,0.000000,0.000000,0.012160,0.000000,0.910900,19.784248,0.040821,-2.929479,20.000000
0.322600,2,"LINK_TORSO_YAW",0.286800,0.200000,0.035800,20.000000,0.000000,0.000000,20.000000,0.000000,0.000000,0.000000,0.000000,0.012160,0.000000,0.910900,19.783789,0.040836,-2.932583,20.000000
0.322700,2,"LINK_TORSO_YAW",0.286800,0.200000,0.035900,20.000000,0.000000,0.000000,20.000000,0.000000,0.000000,0.000000,0.000000,0.012160,0.000000,0.910900,19.783328,0.040851,-2.935689,20.000000
0.322800,2,"LINK_TORSO_YAW",0.286800,0.200000,0.036000,20.000000,0.000000,0.000000,20.000000,0.000000,0.000000,0.000000,0.000000,0.012160,0.000000,0.910900,19.782867,0.040865,-2.938796,20.000000
0.322900,2,"LINK_TORSO_YAW",0.286800,0.200000,0.036100,20.000000,0.000000,0.000000,20.000000,0.000000,0.000000,0.000000,0.000000,0.012160,0.000000,0.910900,19.782404,0.040880,-2.941905,20.000000
0.323000,2,"LINK_TORSO_YAW",0.286800,0.200000,0.036200,20.000000,0.000000,0.000000,20.000000,0.000000,0.000000,0.000000,0.000000,0.012160,0.000000,0.910900,19.781941,0.040895,-2.945016,20.000000
0.323100,2,"LINK_TORSO_YAW",0.286800,0.200000,0.036300,20.000000,0.000000,0.000000,20.000000,0.000000,0.000000,0.000000,0.000000,0.012160,0.000000,0.910900,19.781477,0.040910,-2.948131,20.000000
0.323200,2,"LINK_TORSO_YAW",0.286800,0.200000,0.036400,20.000000,0.000000,0.000000,20.000000,0.000000,0.000000,0.000000,0.000000,0.012160,0.000000,0.910900,19.781013,0.040925,-2.951249,20.000000
0.323300,2,"LINK_TORSO_YAW",0.286800,0.200000,0.036500,20.000000,0.000000,0.000000,20.000000,0.000000,0.000000,0.000000,0.000000,0.012160,0.000000,0.910900,19.780547,0.040940,-2.954366,20.000000
0.323400,2,"LINK_TORSO_YAW",0.286800,0.200000,0.036600,20.000000,0.000000,0.000000,20.000000,0.000000,0.000000,0.000000,0.000000,0.012160,0.000000,0.910900,19.780081,0.040955,-2.957483,20.000000
0.323500,2,"LINK_TORSO_YAW",0.286800,0.200000,0.036700,20.000000,0.000000,0.000000,20.000000,0.000000,0.000000,0.000000,0.000000,0.012160,0.000000,0.910900,19.779615,0.040969,-2.960600,20.000000
0.323600,2,"LINK_TORSO_YAW",0.286800,0.200000,0.036800,20.000000,0.000000,0.000000,20.000000,0.000000,0.000000,0.000000,0.000000,0.012160,0.000000,0.910900,19.779148,0.040984,-2.963718,20.000000
0.323700,2,"LINK_TORSO_YAW",0.286800,0.200000,0.036900,20.000000,0.000000,0.000000,20.000000,0.000000,0.000000,0.000000,0.000000,0.012160,0.000000,0.910900,19.778680,0.040999,-2.966836,20.000000
0.323800,2,"LINK_TORSO_YAW",0.286800,0.200000,0.037000,20.000000,0.000000,0.000000,20.000000,0.000000,0.000000,0.000000,0.000000,0.012160,0.000000,0.910900,19.778212,0.041014,-2.969957,20.000000
0.323900,2,"LINK_TORSO_YAW",0.286800,0.200000,0.037100,20.000000,0.000000,0.000000,20.000000,0.000000,0.000000,0.000000,0.000000,0.012160,0.000000,0.910900,19.777743,0.041030,-2.973078,20.000000
0.324000,2,"LINK_TORSO_YAW",0.286800,0.200000,0.037200,20.000000,0.000000,0.000000,20.000000,0.000000,0.000000,0.000000,0.000000,0.012160,0.000000,0.910900,19.777273,0.041045,-2.976202,20.000000
0.324100,2,"LINK_TORSO_YAW",0.286800,0.200000,0.037300,20.000000,0.000000,0.000000,20.000000,0.000000,0.000000,0.000000,0.000000,0.012160,0.000000,0.910900,19.776802,0.041061,-2.979329,20.000000
0.324200,2,"LINK_TORSO_YAW",0.286800,0.200000,0.037400,20.000000,0.000000,0.000000,20.000000,0.000000,0.000000,0.000000,0.000000,0.012160,0.000000,0.910900,19.776331,0.041077,-2.982459,20.000000
0.324300,2,"LINK_TORSO_YAW",0.286800,0.200000,0.037500,20.000000,0.000000,0.000000,20.000000,0.000000,0.000000,0.000000,0.000000,0.012160,0.000000,0.910900,19.775858,0.041094,-2.985592,20.000000
0.324400,2,"LINK_TORSO_YAW",0.286800,0.200000,0.037600,20.000000,0.000000,0.000000,20.000000,0.000000,0.000000,0.000000,0.000000,0.012160,0.000000,0.910900,19.775384,0.041111,-2.988726,20.000000
0.324500,2,"LINK_TORSO_YAW",0.286800,0.200000,0.037700,20.000000,0.000000,0.000000,20.000000,0.000000,0.000000,0.000000,0.000000,0.012160,0.000000,0.910900,19.774911,0.041128,-2.991859,20.000000
0.324600,2,"LINK_TORSO_YAW",0.286800,0.200000,0.037800,20.000000,0.000000,0.000000,20.000000,0.000000,0.000000,0.000000,0.000000,0.012160,0.000000,0.910900,19.774436,0.041145,-2.994991,20.000000
0.324700,2,"LINK_TORSO_YAW",0.286800,0.200000,0.037900,20.000000,0.000000,0.000000,20.000000,0.000000,0.000000,0.000000,0.000000,0.012160,0.000000,0.910900,19.773961,0.041161,-2.998125,20.000000
0.324800,2,"LINK_TORSO_YAW",0.286800,0.200000,0.038000,20.000000,0.000000,0.000000,20.000000,0.000000,0.000000,0.000000,0.000000,0.012160,0.000000,0.910900,19.773486,0.041178,-3.001259,20.000000
0.324900,2,"LINK_TORSO_YAW",0.286800,0.200000,0.038100,20.000000,0.000000,0.000000,20.000000,0.000000,0.000000,0.000000,0.000000,0.012160,0.000000,0.910900,19.773010,0.041194,-3.004395,20.000000
0.325000,2,"LINK_TORSO_YAW",0.286800,0.200000,0.038200,20.000000,0.000000,0.000000,20.000000,0.000000,0.000000,0.000000,0.000000,0.012160,0.000000,0.910900,19.772533,0.041211,-3.007532,20.000000
0.325100,2,"LINK_TORSO_YAW",0.286800,0.200000,0.038300,20.000000,0.000000,0.000000,20.000000,0.000000,0.000000,0.000000,0.000000,0.012160,0.000000,0.910900,19.772055,0.041227,-3.010671,20.000000
0.325200,2,"LINK_TORSO_YAW",0.286800,0.200000,0.038400,20.000000,0.000000,0.000000,20.000000,0.000000,0.000000,0.000000,0.000000,0.012160,0.000000,0.910900,19.771576,0.041243,-3.013813,20.000000
0.325300,2,"LINK_TORSO_YAW",0.286800,0.200000,0.038500,20.000000,0.000000,0.000000,20.000000,0.000000,0.000000,0.000000,0.000000,0.012160,0.000000,0.910900,19.771097,0.041259,-3.016958,20.000000
0.325400,2,"LINK_TORSO_YAW",0.286800,0.200000,0.038600,20.000000,0.000000,0.000000,20.000000,0.000000,0.000000,0.000000,0.000000,0.012160,0.000000,0.910900,19.770616,0.041274,-3.020106,20.000000
0.325500,2,"LINK_TORSO_YAW",0.286800,0.200000,0.038700,20.000000,0.000000,0.000000,20.000000,0.000000,0.000000,0.000000,0.000000,0.012160,0.000000,0.910900,19.770135,0.041289,-3.023254,20.000000
0.325600,2,"LINK_TORSO_YAW",0.286800,0.200000,0.038800,20.000000,0.000000,0.000000,20.000000,0.000000,0.000000,0.000000,0.000000,0.012160,0.000000,0.910900,19.769653,0.041303,-3.026401,20.000000
0.325700,2,"LINK_TORSO_YAW",0.286800,0.200000,0.038900,20.000000,0.000000,0.000000,20.000000,0.000000,0.000000,0.000000,0.000000,0.012160,0.000000,0.910900,19.769171,0.041317,-3.029549,20.000000
0.325800,2,"LINK_TORSO_YAW",0.286800,0.200000,0.039000,20.000000,0.000000,0.000000,20.000000,0.000000,0.000000,0.000000,0.000000,0.012160,0.000000,0.910900,19.768688,0.041331,-3.032697,20.000000
0.325900,2,"LINK_TORSO_YAW",0.286800,0.200000,0.039100,20.000000,0.000000,0.000000,20.000000,0.000000,0.000000,0.000000,0.000000,0.012160,0.000000,0.910900,19.768205,0.041345,-3.035845,20.000000
0.326000,2,"LINK_TORSO_YAW",0.286800,0.200000,0.039200,20.000000,0.000000,0.000000,20.000000,0.000000,0.000000,0.000000,0.000000,0.012160,0.000000,0.910900,19.767721,0.041359,-3.038996,20.000000
0.326100,2,"LINK_TORSO_YAW",0.286800,0.200000,0.039300,20.000000,0.000000,0.000000,20.000000,0.000000,0.000000,0.000000,0.000000,0.012160,0.000000,0.910900,19.767236,0.041373,-3.042147,20.000000
0.326200,2,"LINK_TORSO_YAW",0.286800,0.200000,0.039400,20.000000,0.000000,0.000000,20.000000,0.000000,0.000000,0.000000,0.000000,0.012160,0.000000,0.910900,19.766751,0.041388,-3.045301,20.000000
0.326300,2,"LINK_TORSO_YAW",0.286800,0.200000,0.039500,20.000000,0.000000,0.000000,20.000000,0.000000,0.000000,0.000000,0.000000,0.012160,0.000000,0.910900,19.766264,0.041402,-3.048457,20.000000
0.326400,2,"LINK_TORSO_YAW",0.286800,0.200000,0.039600,20.000000,0.000000,0.000000,20.000000,0.000000,0.000000,0.000000,0.000000,0.012160,0.000000,0.910900,19.765777,0.041417,-3.051616,20.000000
0.326500,2,"LINK_TORSO_YAW",0.286800,0.200000,0.039700,20.000000,0.000000,0.000000,20.000000,0.000000,0.000000,0.000000,0.000000,0.012160,0.000000,0.910900,19.765288,0.041432,-3.054780,20.000000
0.326600,2,"LINK_TORSO_YAW",0.286800,0.200000,0.039800,20.000000,0.000000,0.000000,20.000000,0.000000,0.000000,0.000000,0.000000,0.012160,0.000000,0.910900,19.764799,0.041447,-3.057942,20.000000
0.326700,2,"LINK_TORSO_YAW",0.286800,0.200000,0.039900,20.000000,0.000000,0.000000,20.000000,0.000000,0.000000,0.000000,0.000000,0.012160,0.000000,0.910900,19.764309,0.041463,-3.061105,20.000000
0.326800,2,"LINK_TORSO_YAW",0.286800,0.200000,0.040000,20.000000,0.000000,0.000000,20.000000,0.000000,0.000000,0.000000,0.000000,0.012160,0.000000,0.910900,19.763819,0.041479,-3.064269,20.000000
0.326900,2,"LINK_TORSO_YAW",0.286800,0.200000,0.040100,20.000000,0.000000,0.000000,20.000000,0.000000,0.000000,0.000000,0.000000,0.012160,0.000000,0.910900,19.763328,0.041495,-3.067432,20.000000
0.327000,2,"LINK_TORSO_YAW",0.286800,0.200000,0.040200,20.000000,0.000000,0.000000,20.000000,0.000000,0.000000,0.000000,0.000000,0.012160,0.000000,0.910900,19.762837,0.041511,-3.070597,20.000000
0.327100,2,"LINK_TORSO_YAW",0.286800,0.200000,0.040300,20.000000,0.000000,0.000000,20.000000,0.000000,0.000000,0.000000,0.000000,0.012160,0.000000,0.910900,19.762344,0.041527,-3.073763,20.000000
0.327200,2,"LINK_TORSO_YAW",0.286800,0.200000,0.040400,20.000000,0.000000,0.000000,20.000000,0.000000,0.000000,0.000000,0.000000,0.012160,0.000000,0.910900,19.761851,0.041543,-3.076931,20.000000
0.327300,2,"LINK_TORSO_YAW",0.286800,0.200000,0.040500,20.000000,0.000000,0.000000,20.000000,0.000000,0.000000,0.000000,0.000000,0.012160,0.000000,0.910900,19.761357,0.041560,-3.080102,20.000000
0.327400,2,"LINK_TORSO_YAW",0.286800,0.200000,0.040600,20.000000,0.000000,0.000000,20.000000,0.000000,0.000000,0.000000,0.000000,0.012160,0.000000,0.910900,19.760862,0.041577,-3.083276,20.000000
0.327500,2,"LINK_TORSO_YAW",0.286800,0.200000,0.040700,20.000000,0.000000,0.000000,20.000000,0.000000,0.000000,0.000000,0.000000,0.012160,0.000000,0.910900,19.760366,0.041593,-3.086453,20.000000
0.327600,2,"LINK_TORSO_YAW",0.286800,0.200000,0.040800,20.000000,0.000000,0.000000,20.000000,0.000000,0.000000,0.000000,0.000000,0.012160,0.000000,0.910900,19.759869,0.041610,-3.089633,20.000000
0.327700,2,"LINK_TORSO_YAW",0.286800,0.200000,0.040900,20.000000,0.000000,0.000000,20.000000,0.000000,0.000000,0.000000,0.000000,0.012160,0.000000,0.910900,19.759372,0.041626,-3.092813,20.000000
0.327800,2,"LINK_TORSO_YAW",0.286800,0.200000,0.041000,20.000000,0.000000,0.000000,20.000000,0.000000,0.000000,0.000000,0.000000,0.012160,0.000000,0.910900,19.758874,0.041641,-3.095992,20.000000
0.327900,2,"LINK_TORSO_YAW",0.286800,0.200000,0.041100,20.000000,0.000000,0.000000,20.000000,0.000000,0.000000,0.000000,0.000000,0.012160,0.000000,0.910900,19.758376,0.041656,-3.099171,20.000000
0.328000,2,"LINK_TORSO_YAW",0.286800,0.200000,0.041200,20.000000,0.000000,0.000000,20.000000,0.000000,0.000000,0.000000,0.000000,0.012160,0.000000,0.910900,19.757877,0.041671,-3.102350,20.000000
0.328100,2,"LINK_TORSO_YAW",0.286800,0.200000,0.041300,20.000000,0.000000,0.000000,20.000000,0.000000,0.000000,0.000000,0.000000,0.012160,0.000000,0.910900,19.757377,0.041686,-3.105531,20.000000
0.328200,2,"LINK_TORSO_YAW",0.286800,0.200000,0.041400,20.000000,0.000000,0.000000,20.000000,0.000000,0.000000,0.000000,0.000000,0.012160,0.000000,0.910900,19.756876,0.041701,-3.108713,20.000000
0.328300,2,"LINK_TORSO_YAW",0.286800,0.200000,0.041500,20.000000,0.000000,0.000000,20.000000,0.000000,0.000000,0.000000,0.000000,0.012160,0.000000,0.910900,19.756375,0.041716,-3.111896,20.000000
0.328400,2,"LINK_TORSO_YAW",0.286800,0.200000,0.041600,20.000000,0.000000,0.000000,20.000000,0.000000,0.000000,0.000000,0.000000,0.012160,0.000000,0.910900,19.755873,0.041731,-3.115081,20.000000
0.328500,2,"LINK_TORSO_YAW",0.286800,0.200000,0.041700,20.000000,0.000000,0.000000,20.000000,0.000000,0.000000,0.000000,0.000000,0.012160,0.000000,0.910900,19.755370,0.041746,-3.118269,20.000000
0.328600,2,"LINK_TORSO_YAW",0.286800,0.200000,0.041800,20.000000,0.000000,0.000000,20.000000,0.000000,0.000000,0.000000,0.000000,0.012160,0.000000,0.910900,19.754866,0.041761,-3.121459,20.000000
0.328700,2,"LINK_TORSO_YAW",0.286800,0.200000,0.041900,20.000000,0.000000,0.000000,20.000000,0.000000,0.000000,0.000000,0.000000,0.012160,0.000000,0.910900,19.754362,0.041775,-3.124649,20.000000
0.328800,2,"LINK_TORSO_YAW",0.286800,0.200000,0.042000,20.000000,0.000000,0.000000,20.000000,0.000000,0.000000,0.000000,0.000000,0.012160,0.000000,0.910900,19.753857,0.041790,-3.127838,20.000000
0.328900,2,"LINK_TORSO_YAW",0.286800,0.200000,0.042100,20.000000,0.000000,0.000000,20.000000,0.000000,0.000000,0.000000,0.000000,0.012160,0.000000,0.910900,19.753352,0.041804,-3.131027,20.000000
0.329000,2,"LINK_TORSO_YAW",0.286800,0.200000,0.042200,20.000000,0.000000,0.000000,20.000000,0.000000,0.000000,0.000000,0.000000,0.012160,0.000000,0.910900,19.752846,0.041818,-3.134217,20.000000
0.329100,2,"LINK_TORSO_YAW",0.286800,0.200000,0.042300,20.000000,0.000000,0.000000,20.000000,0.000000,0.000000,0.000000,0.000000,0.012160,0.000000,0.910900,19.752340,0.041832,-3.137408,20.000000
0.329200,2,"LINK_TORSO_YAW",0.286800,0.200000,0.042400,20.000000,0.000000,0.000000,20.000000,0.000000,0.000000,0.000000,0.000000,0.012160,0.000000,0.910900,19.751832,0.041846,-3.140601,20.000000
0.329300,2,"LINK_TORSO_YAW",0.286800,0.200000,0.042500,20.000000,0.000000,0.000000,20.000000,0.000000,0.000000,0.000000,0.000000,0.012160,0.000000,0.910900,19.751324,0.041860,-3.143795,20.000000
0.329400,2,"LINK_TORSO_YAW",0.286800,0.200000,0.042600,20.000000,0.000000,0.000000,20.000000,0.000000,0.000000,0.000000,0.000000,0.012160,0.000000,0.910900,19.750815,0.041874,-3.146993,20.000000
0.329500,2,"LINK_TORSO_YAW",0.286800,0.200000,0.042700,20.000000,0.000000,0.000000,20.000000,0.000000,0.000000,0.000000,0.000000,0.012160,0.000000,0.910900,19.750305,0.041888,-3.150193,20.000000
0.329600,2,"LINK_TORSO_YAW",0.286800,0.200000,0.042800,20.000000,0.000000,0.000000,20.000000,0.000000,0.000000,0.000000,0.000000,0.012160,0.000000,0.910900,19.749793,0.041903,-3.153396,20.000000
0.329700,2,"LINK_TORSO_YAW",0.286800,0.200000,0.042900,20.000000,0.000000,0.000000,20.000000,0.000000,0.000000,0.000000,0.000000,0.012160,0.000000,0.910900,19.749281,0.041917,-3.156602,20.000000
0.329800,2,"LINK_TORSO_YAW",0.286800,0.200000,0.043000,20.000000,0.000000,0.000000,20.000000,0.000000,0.000000,0.000000,0.000000,0.012160,0.000000,0.910900,19.748769,0.041931,-3.159807,20.000000
0.329900,2,"LINK_TORSO_YAW",0.286800,0.200000,0.043100,20.000000,0.000000,0.000000,20.000000,0.000000,0.000000,0.000000,0.000000,0.012160,0.000000,0.910900,19.748255,0.041945,-3.163012,20.000000
0.330000,2,"LINK_TORSO_YAW",0.286800,0.200000,0.043200,20.000000,0.000000,0.000000,20.000000,0.000000,0.000000,0.000000,0.000000,0.012160,0.000000,0.910900,19.747742,0.041959,-3.166218,20.000000
0.330100,2,"LINK_TORSO_YAW",0.286800,0.200000,0.043300,20.000000,0.000000,0.000000,20.000000,0.000000,0.000000,0.000000,0.000000,0.012160,0.000000,0.910900,19.747227,0.041974,-3.169426,20.000000
0.330200,2,"LINK_TORSO_YAW",0.286800,0.200000,0.043400,20.000000,0.000000,0.000000,20.000000,0.000000,0.000000,0.000000,0.000000,0.012160,0.000000,0.910900,19.746712,0.041989,-3.172634,20.000000
0.330300,2,"LINK_TORSO_YAW",0.286800,0.200000,0.043500,20.000000,0.000000,0.000000,20.000000,0.000000,0.000000,0.000000,0.000000,0.012160,0.000000,0.910900,19.746196,0.042004,-3.175844,20.000000
0.330400,2,"LINK_TORSO_YAW",0.286800,0.200000,0.043600,20.000000,0.000000,0.000000,20.000000,0.000000,0.000000,0.000000,0.000000,0.012160,0.000000,0.910900,19.745679,0.042020,-3.179056,20.000000
0.330500,2,"LINK_TORSO_YAW",0.286800,0.200000,0.043700,20.000000,0.000000,0.000000,20.000000,0.000000,0.000000,0.000000,0.000000,0.012160,0.000000,0.910900,19.745161,0.042035,-3.182269,20.000000
0.330600,2,"LINK_TORSO_YAW",0.286800,0.200000,0.043800,20.000000,0.000000,0.000000,20.000000,0.000000,0.000000,0.000000,0.000000,0.012160,0.000000,0.910900,19.744643,0.042051,-3.185485,20.000000
0.330700,2,"LINK_TORSO_YAW",0.286800,0.200000,0.043900,20.000000,0.000000,0.000000,20.000000,0.000000,0.000000,0.000000,0.000000,0.012160,0.000000,0.910900,19.744123,0.042066,-3.188703,20.000000
0.330800,2,"LINK_TORSO_YAW",0.286800,0.200000,0.044000,20.000000,0.000000,0.000000,20.000000,0.000000,0.000000,0.000000,0.000000,0.012160,0.000000,0.910900,19.743603,0.042081,-3.191925,20.000000
0.330900,2,"LINK_TORSO_YAW",0.286800,0.200000,0.044100,20.000000,0.000000,0.000000,20.000000,0.000000,0.000000,0.000000,0.000000,0.012160,0.000000,0.910900,19.743082,0.042096,-3.195146,20.000000
0.331000,2,"LINK_TORSO_YAW",0.286800,0.200000,0.044200,20.000000,0.000000,0.000000,20.000000,0.000000,0.000000,0.000000,0.000000,0.012160,0.000000,0.910900,19.742560,0.042111,-3.198366,20.000000
0.331100,2,"LINK_TORSO_YAW",0.286800,0.200000,0.044300,20.000000,0.000000,0.000000,20.000000,0.000000,0.000000,0.000000,0.000000,0.012160,0.000000,0.910900,19.742038,0.042126,-3.201586,20.000000
0.331200,2,"LINK_TORSO_YAW",0.286800,0.200000,0.044400,20.000000,0.000000,0.000000,20.000000,0.000000,0.000000,0.000000,0.000000,0.012160,0.000000,0.910900,19.741516,0.042141,-3.204807,20.000000
0.331300,2,"LINK_TORSO_YAW",0.286800,0.200000,0.044500,20.000000,0.000000,0.000000,20.000000,0.000000,0.000000,0.000000,0.000000,0.012160,0.000000,0.910900,19.740992,0.042155,-3.208028,20.000000
0.331400,2,"LINK_TORSO_YAW",0.286800,0.200000,0.044600,20.000000,0.000000,0.000000,20.000000,0.000000,0.000000,0.000000,0.000000,0.012160,0.000000,0.910900,19.740468,0.042170,-3.211251,20.000000
0.331500,2,"LINK_TORSO_YAW",0.286800,0.200000,0.044700,20.000000,0.000000,0.000000,20.000000,0.000000,0.000000,0.000000,0.000000,0.012160,0.000000,0.910900,19.739943,0.042185,-3.214476,20.000000
0.331600,2,"LINK_TORSO_YAW",0.286800,0.200000,0.044800,20.000000,0.000000,0.000000,20.000000,0.000000,0.000000,0.000000,0.000000,0.012160,0.000000,0.910900,19.739418,0.042199,-3.217703,20.000000
0.331700,2,"LINK_TORSO_YAW",0.286800,0.200000,0.044900,20.000000,0.000000,0.000000,20.000000,0.000000,0.000000,0.000000,0.000000,0.012160,0.000000,0.910900,19.738891,0.042213,-3.220932,20.000000
0.331800,2,"LINK_TORSO_YAW",0.286800,0.200000,0.045000,20.000000,0.000000,0.000000,20.000000,0.000000,0.000000,0.000000,0.000000,0.012160,0.000000,0.910900,19.738363,0.042228,-3.224164,20.000000
0.331900,2,"LINK_TORSO_YAW",0.286800,0.200000,0.045100,20.000000,0.000000,0.000000,20.000000,0.000000,0.000000,0.000000,0.000000,0.012160,0.000000,0.910900,19.737835,0.042242,-3.227399,20.000000
0.332000,2,"LINK_TORSO_YAW",0.286800,0.200000,0.045200,20.000000,0.000000,0.000000,20.000000,0.000000,0.000000,0.000000,0.000000,0.012160,0.000000,0.910900,19.737305,0.042256,-3.230633,20.000000
0.332100,2,"LINK_TORSO_YAW",0.286800,0.200000,0.045300,20.000000,0.000000,0.000000,20.000000,0.000000,0.000000,0.000000,0.000000,0.012160,0.000000,0.910900,19.736776,0.042270,-3.233867,20.000000
0.332200,2,"LINK_TORSO_YAW",0.286800,0.200000,0.045400,20.000000,0.000000,0.000000,20.000000,0.000000,0.000000,0.000000,0.000000,0.012160,0.000000,0.910900,19.736246,0.042285,-3.237101,20.000000
0.332300,2,"LINK_TORSO_YAW",0.286800,0.200000,0.045500,20.000000,0.000000,0.000000,20.000000,0.000000,0.000000,0.000000,0.000000,0.012160,0.000000,0.910900,19.735715,0.042300,-3.240336,20.000000
0.332400,2,"LINK_TORSO_YAW",0.286800,0.200000,0.045600,20.000000,0.000000,0.000000,20.000000,0.000000,0.000000,0.000000,0.000000,0.012160,0.000000,0.910900,19.735183,0.042315,-3.243572,20.000000
0.332500,2,"LINK_TORSO_YAW",0.286800,0.200000,0.045700,20.000000,0.000000,0.000000,20.000000,0.000000,0.000000,0.000000,0.000000,0.012160,0.000000,0.910900,19.734651,0.042331,-3.246810,20.000000
0.332600,2,"LINK_TORSO_YAW",0.286800,0.200000,0.045800,20.000000,0.000000,0.000000,20.000000,0.000000,0.000000,0.000000,0.000000,0.012160,0.000000,0.910900,19.734117,0.042347,-3.250050,20.000000
0.332700,2,"LINK_TORSO_YAW",0.286800,0.200000,0.045900,20.000000,0.000000,0.000000,20.000000,0.000000,0.000000,0.000000,0.000000,0.012160,0.000000,0.910900,19.733583,0.042362,-3.253293,20.000000
0.332800,2,"LINK_TORSO_YAW",0.286800,0.200000,0.046000,20.000000,0.000000,0.000000,20.000000,0.000000,0.000000,0.000000,0.000000,0.012160,0.000000,0.910900,19.733047,0.042378,-3.256539,20.000000
0.332900,2,"LINK_TORSO_YAW",0.286800,0.200000,0.046100,20.000000,0.000000,0.000000,20.000000,0.000000,0.000000,0.000000,0.000000,0.012160,0.000000,0.910900,19.732511,0.042394,-3.259789,20.000000
0.333000,2,"LINK_TORSO_YAW",0.286800,0.200000,0.046200,20.000000,0.000000,0.000000,20.000000,0.000000,0.000000,0.000000,0.000000,0.012160,0.000000,0.910900,19.731973,0.042410,-3.263042,20.000000
0.333100,2,"LINK_TORSO_YAW",0.286800,0.200000,0.046300,20.000000,0.000000,0.000000,20.000000,0.000000,0.000000,0.000000,0.000000,0.012160,0.000000,0.910900,19.731435,0.042425,-3.266293,20.000000
0.333200,2,"LINK_TORSO_YAW",0.286800,0.200000,0.046400,20.000000,0.000000,0.000000,20.000000,0.000000,0.000000,0.000000,0.000000,0.012160,0.000000,0.910900,19.730896,0.042441,-3.269545,20.000000
0.333300,2,"LINK_TORSO_YAW",0.286800,0.200000,0.046500,20.000000,0.000000,0.000000,20.000000,0.000000,0.000000,0.000000,0.000000,0.012160,0.000000,0.910900,19.730357,0.042456,-3.272796,20.000000
0.333400,2,"LINK_TORSO_YAW",0.286800,0.200000,0.046600,20.000000,0.000000,0.000000,20.000000,0.000000,0.000000,0.000000,0.000000,0.012160,0.000000,0.910900,19.729818,0.042471,-3.276048,20.000000
0.333500,2,"LINK_TORSO_YAW",0.286800,0.200000,0.046700,20.000000,0.000000,0.000000,20.000000,0.000000,0.000000,0.000000,0.000000,0.012160,0.000000,0.910900,19.729277,0.042486,-3.279301,20.000000
0.333600,2,"LINK_TORSO_YAW",0.286800,0.200000,0.046800,20.000000,0.000000,0.000000,20.000000,0.000000,0.000000,0.000000,0.000000,0.012160,0.000000,0.910900,19.728736,0.042501,-3.282555,20.000000
0.333700,2,"LINK_TORSO_YAW",0.286800,0.200000,0.046900,20.000000,0.000000,0.000000,20.000000,0.000000,0.000000,0.000000,0.000000,0.012160,0.000000,0.910900,19.728194,0.042515,-3.285811,20.000000
0.333800,2,"LINK_TORSO_YAW",0.286800,0.200000,0.047000,20.000000,0.000000,0.000000,20.000000,0.000000,0.000000,0.000000,0.000000,0.012160,0.000000,0.910900,19.727651,0.042529,-3.289069,20.000000
0.333900,2,"LINK_TORSO_YAW",0.286800,0.200000,0.047100,20.000000,0.000000,0.000000,20.000000,0.000000,0.000000,0.000000,0.000000,0.012160,0.000000,0.910900,19.727107,0.042543,-3.292329,20.000000
0.334000,2,"LINK_TORSO_YAW",0.286800,0.200000,0.047200,20.000000,0.000000,0.000000,20.000000,0.000000,0.000000,0.000000,0.000000,0.012160,0.000000,0.910900,19.726562,0.042557,-3.295591,20.000000
0.334100,2,"LINK_TORSO_YAW",0.286800,0.200000,0.047300,20.000000,0.000000,0.000000,20.000000,0.000000,0.000000,0.000000,0.000000,0.012160,0.000000,0.910900,19.726017,0.042572,-3.298853,20.000000
0.334200,2,"LINK_TORSO_YAW",0.286800,0.200000,0.047400,20.000000,0.000000,0.000000,20.000000,0.000000,0.000000,0.000000,0.000000,0.012160,0.000000,0.910900,19.725471,0.042586,-3.302115,20.000000
0.334300,2,"LINK_TORSO_YAW",0.286800,0.200000,0.047500,20.000000,0.000000,0.000000,20.000000,0.000000,0.000000,0.000000,0.000000,0.012160,0.000000,0.910900,19.724925,0.042601,-3.305377,20.000000
0.334400,2,"LINK_TORSO_YAW",0.286800,0.200000,0.047600,20.000000,0.000000,0.000000,20.000000,0.000000,0.000000,0.000000,0.000000,0.012160,0.000000,0.910900,19.724378,0.042615,-3.308639,20.000000
0.334500,2,"LINK_TORSO_YAW",0.286800,0.200000,0.047700,20.000000,0.000000,0.000000,20.000000,0.000000,0.000000,0.000000,0.000000,0.012160,0.000000,0.910900,19.723830,0.042630,-3.311902,20.000000
0.334600,2,"LINK_TORSO_YAW",0.286800,0.200000,0.047800,20.000000,0.000000,0.000000,20.000000,0.000000,0.000000,0.000000,0.000000,0.012160,0.000000,0.910900,19.723282,0.042645,-3.315167,20.000000
0.334700,2,"LINK_TORSO_YAW",0.286800,0.200000,0.047900,20.000000,0.000000,0.000000,20.000000,0.000000,0.000000,0.000000,0.000000,0.012160,0.000000,0.910900,19.722733,0.042660,-3.318433,20.000000
0.334800,2,"LINK_TORSO_YAW",0.286800,0.200000,0.048000,20.000000,0.000000,0.000000,20.000000,0.000000,0.000000,0.000000,0.000000,0.012160,0.000000,0.910900,19.722182,0.042675,-3.321701,20.000000
0.334900,2,"LINK_TORSO_YAW",0.286800,0.200000,0.048100,20.000000,0.000000,0.000000,20.000000,0.000000,0.000000,0.000000,0.000000,0.012160,0.000000,0.910900,19.721631,0.042690,-3.324972,20.000000
0.335000,2,"LINK_TORSO_YAW",0.286800,0.200000,0.048200,20.000000,0.000000,0.000000,20.000000,0.000000,0.000000,0.000000,0.000000,0.012160,0.000000,0.910900,19.721079,0.042706,-3.328246,20.000000
0.335100,2,"LINK_TORSO_YAW",0.286800,0.200000,0.048300,20.000000,0.000000,0.000000,20.000000,0.000000,0.000000,0.000000,0.000000,0.012160,0.000000,0.910900,19.720526,0.042721,-3.331523,20.000000
0.335200,2,"LINK_TORSO_YAW",0.286800,0.200000,0.048400,20.000000,0.000000,0.000000,20.000000,0.000000,0.000000,0.000000,0.000000,0.012160,0.000000,0.910900,19.719971,0.042736,-3.334804,20.000000
0.335300,2,"LINK_TORSO_YAW",0.286800,0.200000,0.048500,20.000000,0.000000,0.000000,20.000000,0.000000,0.000000,0.000000,0.000000,0.012160,0.000000,0.910900,19.719416,0.042751,-3.338085,20.000000
0.335400,2,"LINK_TORSO_YAW",0.286800,0.200000,0.048600,20.000000,0.000000,0.000000,20.000000,0.000000,0.000000,0.000000,0.000000,0.012160,0.000000,0.910900,19.718860,0.042764,-3.341366,20.000000
0.335500,2,"LINK_TORSO_YAW",0.286800,0.200000,0.048700,20.000000,0.000000,0.000000,20.000000,0.000000,0.000000,0.000000,0.000000,0.012160,0.000000,0.910900,19.718304,0.042778,-3.344648,20.000000
0.335600,2,"LINK_TORSO_YAW",0.286800,0.200000,0.048800,20.000000,0.000000,0.000000,20.000000,0.000000,0.000000,0.000000,0.000000,0.012160,0.000000,0.910900,19.717747,0.042791,-3.347931,20.000000
0.335700,2,"LINK_TORSO_YAW",0.286800,0.200000,0.048900,20.000000,0.000000,0.000000,20.000000,0.000000,0.000000,0.000000,0.000000,0.012160,0.000000,0.910900,19.717189,0.042804,-3.351214,20.000000
0.335800,2,"LINK_TORSO_YAW",0.286800,0.200000,0.049000,20.000000,0.000000,0.000000,20.000000,0.000000,0.000000,0.000000,0.000000,0.012160,0.000000,0.910900,19.716630,0.042819,-3.354500,20.000000
0.335900,2,"LINK_TORSO_YAW",0.286800,0.200000,0.049100,20.000000,0.000000,0.000000,20.000000,0.000000,0.000000,0.000000,0.000000,0.012160,0.000000,0.910900,19.716070,0.042835,-3.357786,20.000000
0.336000,2,"LINK_TORSO_YAW",0.286800,0.200000,0.049200,20.000000,0.000000,0.000000,20.000000,0.000000,0.000000,0.000000,0.000000,0.012160,0.000000,0.910900,19.715510,0.042851,-3.361075,20.000000
0.336100,2,"LINK_TORSO_YAW",0.286800,0.200000,0.049300,20.000000,0.000000,0.000000,20.000000,0.000000,0.000000,0.000000,0.000000,0.012160,0.000000,0.910900,19.714948,0.042867,-3.364368,20.000000
0.336200,2,"LINK_TORSO_YAW",0.286800,0.200000,0.049400,20.000000,0.000000,0.000000,20.000000,0.000000,0.000000,0.000000,0.000000,0.012160,0.000000,0.910900,19.714386,0.042883,-3.367663,20.000000
0.336300,2,"LINK_TORSO_YAW",0.286800,0.200000,0.049500,20.000000,0.000000,0.000000,20.000000,0.000000,0.000000,0.000000,0.000000,0.012160,0.000000,0.910900,19.713822,0.042898,-3.370962,20.000000
0.336400,2,"LINK_TORSO_YAW",0.286800,0.200000,0.049600,20.000000,0.000000,0.000000,20.000000,0.000000,0.000000,0.000000,0.000000,0.012160,0.000000,0.910900,19.713258,0.042914,-3.374260,20.000000
0.336500,2,"LINK_TORSO_YAW",0.286800,0.200000,0.049700,20.000000,0.000000,0.000000,20.000000,0.000000,0.000000,0.000000,0.000000,0.012160,0.000000,0.910900,19.712693,0.042930,-3.377558,20.000000
0.336600,2,"LINK_TORSO_YAW",0.286800,0.200000,0.049800,20.000000,0.000000,0.000000,20.000000,0.000000,0.000000,0.000000,0.000000,0.012160,0.000000,0.910900,19.712127,0.042946,-3.380856,20.000000
0.336700,2,"LINK_TORSO_YAW",0.286800,0.200000,0.049900,20.000000,0.000000,0.000000,20.000000,0.000000,0.000000,0.000000,0.000000,0.012160,0.000000,0.910900,19.711561,0.042962,-3.384154,20.000000
0.336800,2,"LINK_TORSO_YAW",0.286800,0.200000,0.050000,20.000000,0.000000,0.000000,20.000000,0.000000,0.000000,0.000000,0.000000,0.012160,0.000000,0.910900,19.710995,0.042979,-3.387453,20.000000
0.336900,2,"LINK_TORSO_YAW",0.286800,0.200000,0.050100,20.000000,0.000000,0.000000,20.000000,0.000000,0.000000,0.000000,0.000000,0.012160,0.000000,0.910900,19.710427,0.042995,-3.390754,20.000000
0.337000,2,"LINK_TORSO_YAW",0.286800,0.200000,0.050200,20.000000,0.000000,0.000000,20.000000,0.000000,0.000000,0.000000,0.000000,0.012160,0.000000,0.910900,19.709859,0.043011,-3.394056,20.000000
0.337100,2,"LINK_TORSO_YAW",0.286800,0.200000,0.050300,20.000000,0.000000,0.000000,20.000000,0.000000,0.000000,0.000000,0.000000,0.012160,0.000000,0.910900,19.709290,0.043028,-3.397360,20.000000
0.337200,2,"LINK_TORSO_YAW",0.286800,0.200000,0.050400,20.000000,0.000000,0.000000,20.000000,0.000000,0.000000,0.000000,0.000000,0.012160,0.000000,0.910900,19.708719,0.043045,-3.400666,20.000000
0.337300,2,"LINK_TORSO_YAW",0.286800,0.200000,0.050500,20.000000,0.000000,0.000000,20.000000,0.000000,0.000000,0.000000,0.000000,0.012160,0.000000,0.910900,19.708148,0.043062,-3.403976,20.000000
0.337400,2,"LINK_TORSO_YAW",0.286800,0.200000,0.050600,20.000000,0.000000,0.000000,20.000000,0.000000,0.000000,0.000000,0.000000,0.012160,0.000000,0.910900,19.707575,0.043079,-3.407288,20.000000
0.337500,2,"LINK_TORSO_YAW",0.286800,0.200000,0.050700,20.000000,0.000000,0.000000,20.000000,0.000000,0.000000,0.000000,0.000000,0.012160,0.000000,0.910900,19.707003,0.043096,-3.410600,20.000000
0.337600,2,"LINK_TORSO_YAW",0.286800,0.200000,0.050800,20.000000,0.000000,0.000000,20.000000,0.000000,0.000000,0.000000,0.000000,0.012160,0.000000,0.910900,19.706429,0.043113,-3.413911,20.000000
0.337700,2,"LINK_TORSO_YAW",0.286800,0.200000,0.050900,20.000000,0.000000,0.000000,20.000000,0.000000,0.000000,0.000000,0.000000,0.012160,0.000000,0.910900,19.705855,0.043130,-3.417222,20.000000
0.337800,2,"LINK_TORSO_YAW",0.286800,0.200000,0.051000,20.000000,0.000000,0.000000,20.000000,0.000000,0.000000,0.000000,0.000000,0.012160,0.000000,0.910900,19.705281,0.043148,-3.420534,20.000000
0.337900,2,"LINK_TORSO_YAW",0.286800,0.200000,0.051100,20.000000,0.000000,0.000000,20.000000,0.000000,0.000000,0.000000,0.000000,0.012160,0.000000,0.910900,19.704705,0.043165,-3.423847,20.000000
0.338000,2,"LINK_TORSO_YAW",0.286800,0.200000,0.051200,20.000000,0.000000,0.000000,20.000000,0.000000,0.000000,0.000000,0.000000,0.012160,0.000000,0.910900,19.704129,0.043182,-3.427162,20.000000
0.338100,2,"LINK_TORSO_YAW",0.286800,0.200000,0.051300,20.000000,0.000000,0.000000,20.000000,0.000000,0.000000,0.000000,0.000000,0.012160,0.000000,0.910900,19.703552,0.043200,-3.430478,20.000000
0.338200,2,"LINK_TORSO_YAW",0.286800,0.200000,0.051400,20.000000,0.000000,0.000000,20.000000,0.000000,0.000000,0.000000,0.000000,0.012160,0.000000,0.910900,19.702974,0.043217,-3.433795,20.000000
0.338300,2,"LINK_TORSO_YAW",0.286800,0.200000,0.051500,20.000000,0.000000,0.000000,20.000000,0.000000,0.000000,0.000000,0.000000,0.012160,0.000000,0.910900,19.702395,0.043235,-3.437115,20.000000
0.338400,2,"LINK_TORSO_YAW",0.286800,0.200000,0.051600,20.000000,0.000000,0.000000,20.000000,0.000000,0.000000,0.000000,0.000000,0.012160,0.000000,0.910900,19.701816,0.043252,-3.440435,20.000000
0.338500,2,"LINK_TORSO_YAW",0.286800,0.200000,0.051700,20.000000,0.000000,0.000000,20.000000,0.000000,0.000000,0.000000,0.000000,0.012160,0.000000,0.910900,19.701236,0.043270,-3.443754,20.000000
0.338600,2,"LINK_TORSO_YAW",0.286800,0.200000,0.051800,20.000000,0.000000,0.000000,20.000000,0.000000,0.000000,0.000000,0.000000,0.012160,0.000000,0.910900,19.700655,0.043288,-3.447073,20.000000
0.338700,2,"LINK_TORSO_YAW",0.286800,0.200000,0.051900,20.000000,0.000000,0.000000,20.000000,0.000000,0.000000,0.000000,0.000000,0.012160,0.000000,0.910900,19.700074,0.043307,-3.450393,20.000000
0.338800,2,"LINK_TORSO_YAW",0.286800,0.200000,0.052000,20.000000,0.000000,0.000000,20.000000,0.000000,0.000000,0.000000,0.000000,0.012160,0.000000,0.910900,19.699492,0.043325,-3.453714,20.000000
0.338900,2,"LINK_TORSO_YAW",0.286800,0.200000,0.052100,20.000000,0.000000,0.000000,20.000000,0.000000,0.000000,0.000000,0.000000,0.012160,0.000000,0.910900,19.698909,0.043343,-3.457036,20.000000
0.339000,2,"LINK_TORSO_YAW",0.286800,0.200000,0.052200,20.000000,0.000000,0.000000,20.000000,0.000000,0.000000,0.000000,0.000000,0.012160,0.000000,0.910900,19.698325,0.043361,-3.460360,20.000000
0.339100,2,"LINK_TORSO_YAW",0.286800,0.200000,0.052300,20.000000,0.000000,0.000000,20.000000,0.000000,0.000000,0.000000,0.000000,0.012160,0.000000,0.910900,19.697741,0.043379,-3.463687,20.000000
0.339200,2,"LINK_TORSO_YAW",0.286800,0.200000,0.052400,20.000000,0.000000,0.000000,20.000000,0.000000,0.000000,0.000000,0.000000,0.012160,0.000000,0.910900,19.697155,0.043396,-3.467018,20.000000
0.339300,2,"LINK_TORSO_YAW",0.286800,0.200000,0.052500,20.000000,0.000000,0.000000,20.000000,0.000000,0.000000,0.000000,0.000000,0.012160,0.000000,0.910900,19.696567,0.043414,-3.470352,20.000000
0.339400,2,"LINK_TORSO_YAW",0.286800,0.200000,0.052600,20.000000,0.000000,0.000000,20.000000,0.000000,0.000000,0.000000,0.000000,0.012160,0.000000,0.910900,19.695979,0.043431,-3.473691,20.000000
0.339500,2,"LINK_TORSO_YAW",0.286800,0.200000,0.052700,20.000000,0.000000,0.000000,20.000000,0.000000,0.000000,0.000000,0.000000,0.012160,0.000000,0.910900,19.695390,0.043447,-3.477029,20.000000
0.339600,2,"LINK_TORSO_YAW",0.286800,0.200000,0.052800,20.000000,0.000000,0.000000,20.000000,0.000000,0.000000,0.000000,0.000000,0.012160,0.000000,0.910900,19.694800,0.043463,-3.480366,20.000000
0.339700,2,"LINK_TORSO_YAW",0.286800,0.200000,0.052900,20.000000,0.000000,0.000000,20.000000,0.000000,0.000000,0.000000,0.000000,0.012160,0.000000,0.910900,19.694210,0.043479,-3.483704,20.000000
0.339800,2,"LINK_TORSO_YAW",0.286800,0.200000,0.053000,20.000000,0.000000,0.000000,20.000000,0.000000,0.000000,0.000000,0.000000,0.012160,0.000000,0.910900,19.693620,0.043496,-3.487042,20.000000
0.339900,2,"LINK_TORSO_YAW",0.286800,0.200000,0.053100,20.000000,0.000000,0.000000,20.000000,0.000000,0.000000,0.000000,0.000000,0.012160,0.000000,0.910900,19.693028,0.043512,-3.490380,20.000000
0.340000,2,"LINK_TORSO_YAW",0.286800,0.200000,0.053200,20.000000,0.000000,0.000000,20.000000,0.000000,0.000000,0.000000,0.000000,0.012160,0.000000,0.910900,19.692436,0.043529,-3.493721,20.000000
0.340100,2,"LINK_TORSO_YAW",0.286800,0.200000,0.053300,20.000000,0.000000,0.000000,20.000000,0.000000,0.000000,0.000000,0.000000,0.012160,0.000000,0.910900,19.691842,0.043545,-3.497063,20.000000
0.340200,2,"LINK_TORSO_YAW",0.286800,0.200000,0.053400,20.000000,0.000000,0.000000,20.000000,0.000000,0.000000,0.000000,0.000000,0.012160,0.000000,0.910900,19.691248,0.043562,-3.500406,20.000000
0.340300,2,"LINK_TORSO_YAW",0.286800,0.200000,0.053500,20.000000,0.000000,0.000000,20.000000,0.000000,0.000000,0.000000,0.000000,0.012160,0.000000,0.910900,19.690653,0.043579,-3.503752,20.000000
0.340400,2,"LINK_TORSO_YAW",0.286800,0.200000,0.053600,20.000000,0.000000,0.000000,20.000000,0.000000,0.000000,0.000000,0.000000,0.012160,0.000000,0.910900,19.690057,0.043595,-3.507101,20.000000
0.340500,2,"LINK_TORSO_YAW",0.286800,0.200000,0.053700,20.000000,0.000000,0.000000,20.000000,0.000000,0.000000,0.000000,0.000000,0.012160,0.000000,0.910900,19.689460,0.043612,-3.510453,20.000000
0.340600,2,"LINK_TORSO_YAW",0.286800,0.200000,0.053800,20.000000,0.000000,0.000000,20.000000,0.000000,0.000000,0.000000,0.000000,0.012160,0.000000,0.910900,19.688861,0.043628,-3.513808,20.000000
0.340700,2,"LINK_TORSO_YAW",0.286800,0.200000,0.053900,20.000000,0.000000,0.000000,20.000000,0.000000,0.000000,0.000000,0.000000,0.012160,0.000000,0.910900,19.688262,0.043645,-3.517163,20.000000
0.340800,2,"LINK_TORSO_YAW",0.286800,0.200000,0.054000,20.000000,0.000000,0.000000,20.000000,0.000000,0.000000,0.000000,0.000000,0.012160,0.000000,0.910900,19.687662,0.043661,-3.520517,20.000000
0.340900,2,"LINK_TORSO_YAW",0.286800,0.200000,0.054100,20.000000,0.000000,0.000000,20.000000,0.000000,0.000000,0.000000,0.000000,0.012160,0.000000,0.910900,19.687062,0.043677,-3.523871,20.000000
0.341000,2,"LINK_TORSO_YAW",0.286800,0.200000,0.054200,20.000000,0.000000,0.000000,20.000000,0.000000,0.000000,0.000000,0.000000,0.012160,0.000000,0.910900,19.686461,0.043693,-3.527226,20.000000
0.341100,2,"LINK_TORSO_YAW",0.286800,0.200000,0.054300,20.000000,0.000000,0.000000,20.000000,0.000000,0.000000,0.000000,0.000000,0.012160,0.000000,0.910900,19.685860,0.043709,-3.530582,20.000000
0.341200,2,"LINK_TORSO_YAW",0.286800,0.200000,0.054400,20.000000,0.000000,0.000000,20.000000,0.000000,0.000000,0.000000,0.000000,0.012160,0.000000,0.910900,19.685257,0.043726,-3.533940,20.000000
0.341300,2,"LINK_TORSO_YAW",0.286800,0.200000,0.054500,20.000000,0.000000,0.000000,20.000000,0.000000,0.000000,0.000000,0.000000,0.012160,0.000000,0.910900,19.684654,0.043743,-3.537299,20.000000
0.341400,2,"LINK_TORSO_YAW",0.286800,0.200000,0.054600,20.000000,0.000000,0.000000,20.000000,0.000000,0.000000,0.000000,0.000000,0.012160,0.000000,0.910900,19.684050,0.043761,-3.540660,20.000000
0.341500,2,"LINK_TORSO_YAW",0.286800,0.200000,0.054700,20.000000,0.000000,0.000000,20.000000,0.000000,0.000000,0.000000,0.000000,0.012160,0.000000,0.910900,19.683444,0.043779,-3.544025,20.000000
0.341600,2,"LINK_TORSO_YAW",0.286800,0.200000,0.054800,20.000000,0.000000,0.000000,20.000000,0.000000,0.000000,0.000000,0.000000,0.012160,0.000000,0.910900,19.682837,0.043799,-3.547393,20.000000
0.341700,2,"LINK_TORSO_YAW",0.286800,0.200000,0.054900,20.000000,0.000000,0.000000,20.000000,0.000000,0.000000,0.000000,0.000000,0.012160,0.000000,0.910900,19.682230,0.043820,-3.550760,20.000000
0.341800,2,"LINK_TORSO_YAW",0.286800,0.200000,0.055000,20.000000,0.000000,0.000000,20.000000,0.000000,0.000000,0.000000,0.000000,0.012160,0.000000,0.910900,19.681622,0.043840,-3.554129,20.000000
0.341900,2,"LINK_TORSO_YAW",0.286800,0.200000,0.055100,20.000000,0.000000,0.000000,20.000000,0.000000,0.000000,0.000000,0.000000,0.012160,0.000000,0.910900,19.681013,0.043860,-3.557497,20.000000
0.342000,2,"LINK_TORSO_YAW",0.286800,0.200000,0.055200,20.000000,0.000000,0.000000,20.000000,0.000000,0.000000,0.000000,0.000000,0.012160,0.000000,0.910900,19.680404,0.043879,-3.560867,20.000000
0.342100,2,"LINK_TORSO_YAW",0.286800,0.200000,0.055300,20.000000,0.000000,0.000000,20.000000,0.000000,0.000000,0.000000,0.000000,0.012160,0.000000,0.910900,19.679794,0.043898,-3.564237,20.000000
0.342200,2,"LINK_TORSO_YAW",0.286800,0.200000,0.055400,20.000000,0.000000,0.000000,20.000000,0.000000,0.000000,0.000000,0.000000,0.012160,0.000000,0.910900,19.679183,0.043917,-3.567609,20.000000
0.342300,2,"LINK_TORSO_YAW",0.286800,0.200000,0.055500,20.000000,0.000000,0.000000,20.000000,0.000000,0.000000,0.000000,0.000000,0.012160,0.000000,0.910900,19.678571,0.043935,-3.570983,20.000000
0.342400,2,"LINK_TORSO_YAW",0.286800,0.200000,0.055600,20.000000,0.000000,0.000000,20.000000,0.000000,0.000000,0.000000,0.000000,0.012160,0.000000,0.910900,19.677958,0.043954,-3.574358,20.000000
0.342500,2,"LINK_TORSO_YAW",0.286800,0.200000,0.055700,20.000000,0.000000,0.000000,20.000000,0.000000,0.000000,0.000000,0.000000,0.012160,0.000000,0.910900,19.677344,0.043972,-3.577735,20.000000
0.342600,2,"LINK_TORSO_YAW",0.286800,0.200000,0.055800,20.000000,0.000000,0.000000,20.000000,0.000000,0.000000,0.000000,0.000000,0.012160,0.000000,0.910900,19.676729,0.043991,-3.581116,20.000000
0.342700,2,"LINK_TORSO_YAW",0.286800,0.200000,0.055900,20.000000,0.000000,0.000000,20.000000,0.000000,0.000000,0.000000,0.000000,0.012160,0.000000,0.910900,19.676113,0.044010,-3.584499,20.000000
0.342800,2,"LINK_TORSO_YAW",0.286800,0.200000,0.056000,20.000000,0.000000,0.000000,20.000000,0.000000,0.000000,0.000000,0.000000,0.012160,0.000000,0.910900,19.675497,0.044028,-3.587882,20.000000
0.342900,2,"LINK_TORSO_YAW",0.286800,0.200000,0.056100,20.000000,0.000000,0.000000,20.000000,0.000000,0.000000,0.000000,0.000000,0.012160,0.000000,0.910900,19.674879,0.044046,-3.591265,20.000000
0.343000,2,"LINK_TORSO_YAW",0.286800,0.200000,0.056200,20.000000,0.000000,0.000000,20.000000,0.000000,0.000000,0.000000,0.000000,0.012160,0.000000,0.910900,19.674262,0.044064,-3.594647,20.000000
0.343100,2,"LINK_TORSO_YAW",0.286800,0.200000,0.056300,20.000000,0.000000,0.000000,20.000000,0.000000,0.000000,0.000000,0.000000,0.012160,0.000000,0.910900,19.673643,0.044083,-3.598030,20.000000
0.343200,2,"LINK_TORSO_YAW",0.286800,0.200000,0.056400,20.000000,0.000000,0.000000,20.000000,0.000000,0.000000,0.000000,0.000000,0.012160,0.000000,0.910900,19.673024,0.044101,-3.601414,20.000000
0.343300,2,"LINK_TORSO_YAW",0.286800,0.200000,0.056500,20.000000,0.000000,0.000000,20.000000,0.000000,0.000000,0.000000,0.000000,0.012160,0.000000,0.910900,19.672404,0.044119,-3.604800,20.000000
0.343400,2,"LINK_TORSO_YAW",0.286800,0.200000,0.056600,20.000000,0.000000,0.000000,20.000000,0.000000,0.000000,0.000000,0.000000,0.012160,0.000000,0.910900,19.671783,0.044137,-3.608187,20.000000
0.343500,2,"LINK_TORSO_YAW",0.286800,0.200000,0.056700,20.000000,0.000000,0.000000,20.000000,0.000000,0.000000,0.000000,0.000000,0.012160,0.000000,0.910900,19.671161,0.044155,-3.611577,20.000000
0.343600,2,"LINK_TORSO_YAW",0.286800,0.200000,0.056800,20.000000,0.000000,0.000000,20.000000,0.000000,0.000000,0.000000,0.000000,0.012160,0.000000,0.910900,19.670537,0.044172,-3.614970,20.000000
0.343700,2,"LINK_TORSO_YAW",0.286800,0.200000,0.056900,20.000000,0.000000,0.000000,20.000000,0.000000,0.000000,0.000000,0.000000,0.012160,0.000000,0.910900,19.669913,0.044190,-3.618365,20.000000
0.343800,2,"LINK_TORSO_YAW",0.286800,0.200000,0.057000,20.000000,0.000000,0.000000,20.000000,0.000000,0.000000,0.000000,0.000000,0.012160,0.000000,0.910900,19.669287,0.044207,-3.621764,20.000000
0.343900,2,"LINK_TORSO_YAW",0.286800,0.200000,0.057100,20.000000,0.000000,0.000000,20.000000,0.000000,0.000000,0.000000,0.000000,0.012160,0.000000,0.910900,19.668661,0.044224,-3.625167,20.000000
0.344000,2,"LINK_TORSO_YAW",0.286800,0.200000,0.057200,20.000000,0.000000,0.000000,20.000000,0.000000,0.000000,0.000000,0.000000,0.012160,0.000000,0.910900,19.668033,0.044242,-3.628568,20.000000
0.344100,2,"LINK_TORSO_YAW",0.286800,0.200000,0.057300,20.000000,0.000000,0.000000,20.000000,0.000000,0.000000,0.000000,0.000000,0.012160,0.000000,0.910900,19.667405,0.044258,-3.631970,20.000000
0.344200,2,"LINK_TORSO_YAW",0.286800,0.200000,0.057400,20.000000,0.000000,0.000000,20.000000,0.000000,0.000000,0.000000,0.000000,0.012160,0.000000,0.910900,19.666777,0.044275,-3.635371,20.000000
0.344300,2,"LINK_TORSO_YAW",0.286800,0.200000,0.057500,20.000000,0.000000,0.000000,20.000000,0.000000,0.000000,0.000000,0.000000,0.012160,0.000000,0.910900,19.666148,0.044292,-3.638773,20.000000
0.344400,2,"LINK_TORSO_YAW",0.286800,0.200000,0.057600,20.000000,0.000000,0.000000,20.000000,0.000000,0.000000,0.000000,0.000000,0.012160,0.000000,0.910900,19.665518,0.044309,-3.642176,20.000000
0.344500,2,"LINK_TORSO_YAW",0.286800,0.200000,0.057700,20.000000,0.000000,0.000000,20.000000,0.000000,0.000000,0.000000,0.000000,0.012160,0.000000,0.910900,19.664887,0.044326,-3.645580,20.000000
0.344600,2,"LINK_TORSO_YAW",0.286800,0.200000,0.057800,20.000000,0.000000,0.000000,20.000000,0.000000,0.000000,0.000000,0.000000,0.012160,0.000000,0.910900,19.664255,0.044343,-3.648986,20.000000
0.344700,2,"LINK_TORSO_YAW",0.286800,0.200000,0.057900,20.000000,0.000000,0.000000,20.000000,0.000000,0.000000,0.000000,0.000000,0.012160,0.000000,0.910900,19.663622,0.044361,-3.652394,20.000000
0.344800,2,"LINK_TORSO_YAW",0.286800,0.200000,0.058000,20.000000,0.000000,0.000000,20.000000,0.000000,0.000000,0.000000,0.000000,0.012160,0.000000,0.910900,19.662989,0.044379,-3.655805,20.000000
0.344900,2,"LINK_TORSO_YAW",0.286800,0.200000,0.058100,20.000000,0.000000,0.000000,20.000000,0.000000,0.000000,0.000000,0.000000,0.012160,0.000000,0.910900,19.662353,0.044398,-3.659221,20.000000
0.345000,2,"LINK_TORSO_YAW",0.286800,0.200000,0.058200,20.000000,0.000000,0.000000,20.000000,0.000000,0.000000,0.000000,0.000000,0.012160,0.000000,0.910900,19.661716,0.044417,-3.662642,20.000000
0.345100,2,"LINK_TORSO_YAW",0.286800,0.200000,0.058300,20.000000,0.000000,0.000000,20.000000,0.000000,0.000000,0.000000,0.000000,0.012160,0.000000,0.910900,19.661079,0.044437,-3.666062,20.000000
0.345200,2,"LINK_TORSO_YAW",0.286800,0.200000,0.058400,20.000000,0.000000,0.000000,20.000000,0.000000,0.000000,0.000000,0.000000,0.012160,0.000000,0.910900,19.660441,0.044457,-3.669481,20.000000
0.345300,2,"LINK_TORSO_YAW",0.286800,0.200000,0.058500,20.000000,0.000000,0.000000,20.000000,0.000000,0.000000,0.000000,0.000000,0.012160,0.000000,0.910900,19.659802,0.044477,-3.672901,20.000000
0.345400,2,"LINK_TORSO_YAW",0.286800,0.200000,0.058600,20.000000,0.000000,0.000000,20.000000,0.000000,0.000000,0.000000,0.000000,0.012160,0.000000,0.910900,19.659163,0.044497,-3.676321,20.000000
0.345500,2,"LINK_TORSO_YAW",0.286800,0.200000,0.058700,20.000000,0.000000,0.000000,20.000000,0.000000,0.000000,0.000000,0.000000,0.012160,0.000000,0.910900,19.658523,0.044518,-3.679742,20.000000
0.345600,2,"LINK_TORSO_YAW",0.286800,0.200000,0.058800,20.000000,0.000000,0.000000,20.000000,0.000000,0.000000,0.000000,0.000000,0.012160,0.000000,0.910900,19.657882,0.044538,-3.683164,20.000000
0.345700,2,"LINK_TORSO_YAW",0.286800,0.200000,0.058900,20.000000,0.000000,0.000000,20.000000,0.000000,0.000000,0.000000,0.000000,0.012160,0.000000,0.910900,19.657240,0.044557,-3.686588,20.000000
0.345800,2,"LINK_TORSO_YAW",0.286800,0.200000,0.059000,20.000000,0.000000,0.000000,20.000000,0.000000,0.000000,0.000000,0.000000,0.012160,0.000000,0.910900,19.656597,0.044577,-3.690014,20.000000
0.345900,2,"LINK_TORSO_YAW",0.286800,0.200000,0.059100,20.000000,0.000000,0.000000,20.000000,0.000000,0.000000,0.000000,0.000000,0.012160,0.000000,0.910900,19.655953,0.044596,-3.693442,20.000000
0.346000,2,"LINK_TORSO_YAW",0.286800,0.200000,0.059200,20.000000,0.000000,0.000000,20.000000,0.000000,0.000000,0.000000,0.000000,0.012160,0.000000,0.910900,19.655308,0.044616,-3.696873,20.000000
0.346100,2,"LINK_TORSO_YAW",0.286800,0.200000,0.059300,20.000000,0.000000,0.000000,20.000000,0.000000,0.000000,0.000000,0.000000,0.012160,0.000000,0.910900,19.654662,0.044636,-3.700307,20.000000
0.346200,2,"LINK_TORSO_YAW",0.286800,0.200000,0.059400,20.000000,0.000000,0.000000,20.000000,0.000000,0.000000,0.000000,0.000000,0.012160,0.000000,0.910900,19.654015,0.044656,-3.703741,20.000000
0.346300,2,"LINK_TORSO_YAW",0.286800,0.200000,0.059500,20.000000,0.000000,0.000000,20.000000,0.000000,0.000000,0.000000,0.000000,0.012160,0.000000,0.910900,19.653368,0.044676,-3.707173,20.000000
0.346400,2,"LINK_TORSO_YAW",0.286800,0.200000,0.059600,20.000000,0.000000,0.000000,20.000000,0.000000,0.000000,0.000000,0.000000,0.012160,0.000000,0.910900,19.652720,0.044696,-3.710606,20.000000
0.346500,2,"LINK_TORSO_YAW",0.286800,0.200000,0.059700,20.000000,0.000000,0.000000,20.000000,0.000000,0.000000,0.000000,0.000000,0.012160,0.000000,0.910900,19.652071,0.044716,-3.714040,20.000000
0.346600,2,"LINK_TORSO_YAW",0.286800,0.200000,0.059800,20.000000,0.000000,0.000000,20.000000,0.000000,0.000000,0.000000,0.000000,0.012160,0.000000,0.910900,19.651422,0.044736,-3.717475,20.000000
0.346700,2,"LINK_TORSO_YAW",0.286800,0.200000,0.059900,20.000000,0.000000,0.000000,20.000000,0.000000,0.000000,0.000000,0.000000,0.012160,0.000000,0.910900,19.650772,0.044756,-3.720911,20.000000
0.346800,2,"LINK_TORSO_YAW",0.286800,0.200000,0.060000,20.000000,0.000000,0.000000,20.000000,0.000000,0.000000,0.000000,0.000000,0.012160,0.000000,0.910900,19.650120,0.044775,-3.724349,20.000000
0.346900,2,"LINK_TORSO_YAW",0.286800,0.200000,0.060100,20.000000,0.000000,0.000000,20.000000,0.000000,0.000000,0.000000,0.000000,0.012160,0.000000,0.910900,19.649468,0.044794,-3.727789,20.000000
0.347000,2,"LINK_TORSO_YAW",0.286800,0.200000,0.060200,20.000000,0.000000,0.000000,20.000000,0.000000,0.000000,0.000000,0.000000,0.012160,0.000000,0.910900,19.648814,0.044812,-3.731232,20.000000
0.347100,2,"LINK_TORSO_YAW",0.286800,0.200000,0.060300,20.000000,0.000000,0.000000,20.000000,0.000000,0.000000,0.000000,0.000000,0.012160,0.000000,0.910900,19.648159,0.044831,-3.734678,20.000000
0.347200,2,"LINK_TORSO_YAW",0.286800,0.200000,0.060400,20.000000,0.000000,0.000000,20.000000,0.000000,0.000000,0.000000,0.000000,0.012160,0.000000,0.910900,19.647503,0.044849,-3.738127,20.000000
0.347300,2,"LINK_TORSO_YAW",0.286800,0.200000,0.060500,20.000000,0.000000,0.000000,20.000000,0.000000,0.000000,0.000000,0.000000,0.012160,0.000000,0.910900,19.646847,0.044866,-3.741576,20.000000
0.347400,2,"LINK_TORSO_YAW",0.286800,0.200000,0.060600,20.000000,0.000000,0.000000,20.000000,0.000000,0.000000,0.000000,0.000000,0.012160,0.000000,0.910900,19.646190,0.044883,-3.745024,20.000000
0.347500,2,"LINK_TORSO_YAW",0.286800,0.200000,0.060700,20.000000,0.000000,0.000000,20.000000,0.000000,0.000000,0.000000,0.000000,0.012160,0.000000,0.910900,19.645532,0.044901,-3.748472,20.000000
0.347600,2,"LINK_TORSO_YAW",0.286800,0.200000,0.060800,20.000000,0.000000,0.000000,20.000000,0.000000,0.000000,0.000000,0.000000,0.012160,0.000000,0.910900,19.644874,0.044918,-3.751922,20.000000
0.347700,2,"LINK_TORSO_YAW",0.286800,0.200000,0.060900,20.000000,0.000000,0.000000,20.000000,0.000000,0.000000,0.000000,0.000000,0.012160,0.000000,0.910900,19.644215,0.044936,-3.755372,20.000000
0.347800,2,"LINK_TORSO_YAW",0.286800,0.200000,0.061000,20.000000,0.000000,0.000000,20.000000,0.000000,0.000000,0.000000,0.000000,0.012160,0.000000,0.910900,19.643554,0.044955,-3.758823,20.000000
0.347900,2,"LINK_TORSO_YAW",0.286800,0.200000,0.061100,20.000000,0.000000,0.000000,20.000000,0.000000,0.000000,0.000000,0.000000,0.012160,0.000000,0.910900,19.642893,0.044974,-3.762277,20.000000
0.348000,2,"LINK_TORSO_YAW",0.286800,0.200000,0.061200,20.000000,0.000000,0.000000,20.000000,0.000000,0.000000,0.000000,0.000000,0.012160,0.000000,0.910900,19.642231,0.044995,-3.765732,20.000000
0.348100,2,"LINK_TORSO_YAW",0.286800,0.200000,0.061300,20.000000,0.000000,0.000000,20.000000,0.000000,0.000000,0.000000,0.000000,0.012160,0.000000,0.910900,19.641568,0.045016,-3.769190,20.000000
0.348200,2,"LINK_TORSO_YAW",0.286800,0.200000,0.061400,20.000000,0.000000,0.000000,20.000000,0.000000,0.000000,0.000000,0.000000,0.012160,0.000000,0.910900,19.640903,0.045038,-3.772652,20.000000
0.348300,2,"LINK_TORSO_YAW",0.286800,0.200000,0.061500,20.000000,0.000000,0.000000,20.000000,0.000000,0.000000,0.000000,0.000000,0.012160,0.000000,0.910900,19.640237,0.045061,-3.776118,20.000000
0.348400,2,"LINK_TORSO_YAW",0.286800,0.200000,0.061600,20.000000,0.000000,0.000000,20.000000,0.000000,0.000000,0.000000,0.000000,0.012160,0.000000,0.910900,19.639570,0.045083,-3.779582,20.000000
0.348500,2,"LINK_TORSO_YAW",0.286800,0.200000,0.061700,20.000000,0.000000,0.000000,20.000000,0.000000,0.000000,0.000000,0.000000,0.012160,0.000000,0.910900,19.638903,0.045106,-3.783047,20.000000
0.348600,2,"LINK_TORSO_YAW",0.286800,0.200000,0.061800,20.000000,0.000000,0.000000,20.000000,0.000000,0.000000,0.000000,0.000000,0.012160,0.000000,0.910900,19.638236,0.045128,-3.786511,20.000000
0.348700,2,"LINK_TORSO_YAW",0.286800,0.200000,0.061900,20.000000,0.000000,0.000000,20.000000,0.000000,0.000000,0.000000,0.000000,0.012160,0.000000,0.910900,19.637567,0.045150,-3.789976,20.000000
0.348800,2,"LINK_TORSO_YAW",0.286800,0.200000,0.062000,20.000000,0.000000,0.000000,20.000000,0.000000,0.000000,0.000000,0.000000,0.012160,0.000000,0.910900,19.636898,0.045171,-3.793441,20.000000
0.348900,2,"LINK_TORSO_YAW",0.286800,0.200000,0.062100,20.000000,0.000000,0.000000,20.000000,0.000000,0.000000,0.000000,0.000000,0.012160,0.000000,0.910900,19.636228,0.045192,-3.796908,20.000000
0.349000,2,"LINK_TORSO_YAW",0.286800,0.200000,0.062200,20.000000,0.000000,0.000000,20.000000,0.000000,0.000000,0.000000,0.000000,0.012160,0.000000,0.910900,19.635557,0.045213,-3.800377,20.000000
0.349100,2,"LINK_TORSO_YAW",0.286800,0.200000,0.062300,20.000000,0.000000,0.000000,20.000000,0.000000,0.000000,0.000000,0.000000,0.012160,0.000000,0.910900,19.634885,0.045233,-3.803848,20.000000
0.349200,2,"LINK_TORSO_YAW",0.286800,0.200000,0.062400,20.000000,0.000000,0.000000,20.000000,0.000000,0.000000,0.000000,0.000000,0.012160,0.000000,0.910900,19.634212,0.045253,-3.807321,20.000000
0.349300,2,"LINK_TORSO_YAW",0.286800,0.200000,0.062500,20.000000,0.000000,0.000000,20.000000,0.000000,0.000000,0.000000,0.000000,0.012160,0.000000,0.910900,19.633537,0.045273,-3.810796,20.000000
0.349400,2,"LINK_TORSO_YAW",0.286800,0.200000,0.062600,20.000000,0.000000,0.000000,20.000000,0.000000,0.000000,0.000000,0.000000,0.012160,0.000000,0.910900,19.632862,0.045293,-3.814275,20.000000
0.349500,2,"LINK_TORSO_YAW",0.286800,0.200000,0.062700,20.000000,0.000000,0.000000,20.000000,0.000000,0.000000,0.000000,0.000000,0.012160,0.000000,0.910900,19.632185,0.045313,-3.817754,20.000000
0.349600,2,"LINK_TORSO_YAW",0.286800,0.200000,0.062800,20.000000,0.000000,0.000000,20.000000,0.000000,0.000000,0.000000,0.000000,0.012160,0.000000,0.910900,19.631509,0.045331,-3.821232,20.000000
0.349700,2,"LINK_TORSO_YAW",0.286800,0.200000,0.062900,20.000000,0.000000,0.000000,20.000000,0.000000,0.000000,0.000000,0.000000,0.012160,0.000000,0.910900,19.630831,0.045350,-3.824710,20.000000
0.349800,2,"LINK_TORSO_YAW",0.286800,0.200000,0.063000,20.000000,0.000000,0.000000,20.000000,0.000000,0.000000,0.000000,0.000000,0.012160,0.000000,0.910900,19.630153,0.045367,-3.828190,20.000000
0.349900,2,"LINK_TORSO_YAW",0.286800,0.200000,0.063100,20.000000,0.000000,0.000000,20.000000,0.000000,0.000000,0.000000,0.000000,0.012160,0.000000,0.910900,19.629474,0.045385,-3.831670,20.000000
0.350000,2,"LINK_TORSO_YAW",0.286800,0.200000,0.063200,20.000000,0.000000,0.000000,20.000000,0.000000,0.000000,0.000000,0.000000,0.012160,0.000000,0.910900,19.628794,0.045402,-3.835151,20.000000
0.350100,2,"LINK_TORSO_YAW",0.286800,0.200000,0.063300,20.000000,0.000000,0.000000,20.000000,0.000000,0.000000,0.000000,0.000000,0.012160,0.000000,0.910900,19.628113,0.045419,-3.838634,20.000000
0.350200,2,"LINK_TORSO_YAW",0.286800,0.200000,0.063400,20.000000,0.000000,0.000000,20.000000,0.000000,0.000000,0.000000,0.000000,0.012160,0.000000,0.910900,19.627431,0.045436,-3.842119,20.000000
0.350300,2,"LINK_TORSO_YAW",0.286800,0.200000,0.063500,20.000000,0.000000,0.000000,20.000000,0.000000,0.000000,0.000000,0.000000,0.012160,0.000000,0.910900,19.626748,0.045454,-3.845606,20.000000
0.350400,2,"LINK_TORSO_YAW",0.286800,0.200000,0.063600,20.000000,0.000000,0.000000,20.000000,0.000000,0.000000,0.000000,0.000000,0.012160,0.000000,0.910900,19.626064,0.045472,-3.849096,20.000000
0.350500,2,"LINK_TORSO_YAW",0.286800,0.200000,0.063700,20.000000,0.000000,0.000000,20.000000,0.000000,0.000000,0.000000,0.000000,0.012160,0.000000,0.910900,19.625379,0.045491,-3.852586,20.000000
0.350600,2,"LINK_TORSO_YAW",0.286800,0.200000,0.063800,20.000000,0.000000,0.000000,20.000000,0.000000,0.000000,0.000000,0.000000,0.012160,0.000000,0.910900,19.624694,0.045510,-3.856075,20.000000
0.350700,2,"LINK_TORSO_YAW",0.286800,0.200000,0.063900,20.000000,0.000000,0.000000,20.000000,0.000000,0.000000,0.000000,0.000000,0.012160,0.000000,0.910900,19.624008,0.045530,-3.859565,20.000000
0.350800,2,"LINK_TORSO_YAW",0.286800,0.200000,0.064000,20.000000,0.000000,0.000000,20.000000,0.000000,0.000000,0.000000,0.000000,0.012160,0.000000,0.910900,19.623321,0.045551,-3.863056,20.000000
0.350900,2,"LINK_TORSO_YAW",0.286800,0.200000,0.064100,20.000000,0.000000,0.000000,20.000000,0.000000,0.000000,0.000000,0.000000,0.012160,0.000000,0.910900,19.622633,0.045572,-3.866549,20.000000
0.351000,2,"LINK_TORSO_YAW",0.286800,0.200000,0.064200,20.000000,0.000000,0.000000,20.000000,0.000000,0.000000,0.000000,0.000000,0.012160,0.000000,0.910900,19.621944,0.045594,-3.870043,20.000000
0.351100,2,"LINK_TORSO_YAW",0.286800,0.200000,0.064300,20.000000,0.000000,0.000000,20.000000,0.000000,0.000000,0.000000,0.000000,0.012160,0.000000,0.910900,19.621254,0.045616,-3.873539,20.000000
0.351200,2,"LINK_TORSO_YAW",0.286800,0.200000,0.064400,20.000000,0.000000,0.000000,20.000000,0.000000,0.000000,0.000000,0.000000,0.012160,0.000000,0.910900,19.620563,0.045639,-3.877038,20.000000
0.351300,2,"LINK_TORSO_YAW",0.286800,0.200000,0.064500,20.000000,0.000000,0.000000,20.000000,0.000000,0.000000,0.000000,0.000000,0.012160,0.000000,0.910900,19.619871,0.045663,-3.880539,20.000000
0.351400,2,"LINK_TORSO_YAW",0.286800,0.200000,0.064600,20.000000,0.000000,0.000000,20.000000,0.000000,0.000000,0.000000,0.000000,0.012160,0.000000,0.910900,19.619178,0.045685,-3.884043,20.000000
0.351500,2,"LINK_TORSO_YAW",0.286800,0.200000,0.064700,20.000000,0.000000,0.000000,20.000000,0.000000,0.000000,0.000000,0.000000,0.012160,0.000000,0.910900,19.618483,0.045708,-3.887550,20.000000
0.351600,2,"LINK_TORSO_YAW",0.286800,0.200000,0.064800,20.000000,0.000000,0.000000,20.000000,0.000000,0.000000,0.000000,0.000000,0.012160,0.000000,0.910900,19.617787,0.045731,-3.891061,20.000000
0.351700,2,"LINK_TORSO_YAW",0.286800,0.200000,0.064900,20.000000,0.000000,0.000000,20.000000,0.000000,0.000000,0.000000,0.000000,0.012160,0.000000,0.910900,19.617090,0.045752,-3.894571,20.000000
0.351800,2,"LINK_TORSO_YAW",0.286800,0.200000,0.065000,20.000000,0.000000,0.000000,20.000000,0.000000,0.000000,0.000000,0.000000,0.012160,0.000000,0.910900,19.616393,0.045774,-3.898081,20.000000
0.351900,2,"LINK_TORSO_YAW",0.286800,0.200000,0.065100,20.000000,0.000000,0.000000,20.000000,0.000000,0.000000,0.000000,0.000000,0.012160,0.000000,0.910900,19.615695,0.045795,-3.901591,20.000000
0.352000,2,"LINK_TORSO_YAW",0.286800,0.200000,0.065200,20.000000,0.000000,0.000000,20.000000,0.000000,0.000000,0.000000,0.000000,0.012160,0.000000,0.910900,19.614996,0.045816,-3.905101,20.000000
0.352100,2,"LINK_TORSO_YAW",0.286800,0.200000,0.065300,20.000000,0.000000,0.000000,20.000000,0.000000,0.000000,0.000000,0.000000,0.012160,0.000000,0.910900,19.614297,0.045837,-3.908613,20.000000
0.352200,2,"LINK_TORSO_YAW",0.286800,0.200000,0.065400,20.000000,0.000000,0.000000,20.000000,0.000000,0.000000,0.000000,0.000000,0.012160,0.000000,0.910900,19.613596,0.045857,-3.912126,20.000000
0.352300,2,"LINK_TORSO_YAW",0.286800,0.200000,0.065500,20.000000,0.000000,0.000000,20.000000,0.000000,0.000000,0.000000,0.000000,0.012160,0.000000,0.910900,19.612895,0.045876,-3.915641,20.000000
0.352400,2,"LINK_TORSO_YAW",0.286800,0.200000,0.065600,20.000000,0.000000,0.000000,20.000000,0.000000,0.000000,0.000000,0.000000,0.012160,0.000000,0.910900,19.612192,0.045896,-3.919158,20.000000
0.352500,2,"LINK_TORSO_YAW",0.286800,0.200000,0.065700,20.000000,0.000000,0.000000,20.000000,0.000000,0.000000,0.000000,0.000000,0.012160,0.000000,0.910900,19.611489,0.045915,-3.922677,20.000000
0.352600,2,"LINK_TORSO_YAW",0.286800,0.200000,0.065800,20.000000,0.000000,0.000000,20.000000,0.000000,0.000000,0.000000,0.000000,0.012160,0.000000,0.910900,19.610784,0.045935,-3.926199,20.000000
0.352700,2,"LINK_TORSO_YAW",0.286800,0.200000,0.065900,20.000000,0.000000,0.000000,20.000000,0.000000,0.000000,0.000000,0.000000,0.012160,0.000000,0.910900,19.610078,0.045954,-3.929725,20.000000
0.352800,2,"LINK_TORSO_YAW",0.286800,0.200000,0.066000,20.000000,0.000000,0.000000,20.000000,0.000000,0.000000,0.000000,0.000000,0.012160,0.000000,0.910900,19.609371,0.045974,-3.933249,20.000000
0.352900,2,"LINK_TORSO_YAW",0.286800,0.200000,0.066100,20.000000,0.000000,0.000000,20.000000,0.000000,0.000000,0.000000,0.000000,0.012160,0.000000,0.910900,19.608664,0.045995,-3.936773,20.000000
0.353000,2,"LINK_TORSO_YAW",0.286800,0.200000,0.066200,20.000000,0.000000,0.000000,20.000000,0.000000,0.000000,0.000000,0.000000,0.012160,0.000000,0.910900,19.607956,0.046015,-3.940297,20.000000
0.353100,2,"LINK_TORSO_YAW",0.286800,0.200000,0.066300,20.000000,0.000000,0.000000,20.000000,0.000000,0.000000,0.000000,0.000000,0.012160,0.000000,0.910900,19.607247,0.046035,-3.943822,20.000000
0.353200,2,"LINK_TORSO_YAW",0.286800,0.200000,0.066400,20.000000,0.000000,0.000000,20.000000,0.000000,0.000000,0.000000,0.000000,0.012160,0.000000,0.910900,19.606538,0.046055,-3.947347,20.000000
0.353300,2,"LINK_TORSO_YAW",0.286800,0.200000,0.066500,20.000000,0.000000,0.000000,20.000000,0.000000,0.000000,0.000000,0.000000,0.012160,0.000000,0.910900,19.605828,0.046075,-3.950874,20.000000
0.353400,2,"LINK_TORSO_YAW",0.286800,0.200000,0.066600,20.000000,0.000000,0.000000,20.000000,0.000000,0.000000,0.000000,0.000000,0.012160,0.000000,0.910900,19.605116,0.046095,-3.954402,20.000000
0.353500,2,"LINK_TORSO_YAW",0.286800,0.200000,0.066700,20.000000,0.000000,0.000000,20.000000,0.000000,0.000000,0.000000,0.000000,0.012160,0.000000,0.910900,19.604404,0.046115,-3.957933,20.000000
0.353600,2,"LINK_TORSO_YAW",0.286800,0.200000,0.066800,20.000000,0.000000,0.000000,20.000000,0.000000,0.000000,0.000000,0.000000,0.012160,0.000000,0.910900,19.603690,0.046135,-3.961465,20.000000
0.353700,2,"LINK_TORSO_YAW",0.286800,0.200000,0.066900,20.000000,0.000000,0.000000,20.000000,0.000000,0.000000,0.000000,0.000000,0.012160,0.000000,0.910900,19.602975,0.046154,-3.965001,20.000000
0.353800,2,"LINK_TORSO_YAW",0.286800,0.200000,0.067000,20.000000,0.000000,0.000000,20.000000,0.000000,0.000000,0.000000,0.000000,0.012160,0.000000,0.910900,19.602259,0.046174,-3.968540,20.000000
0.353900,2,"LINK_TORSO_YAW",0.286800,0.200000,0.067100,20.000000,0.000000,0.000000,20.000000,0.000000,0.000000,0.000000,0.000000,0.012160,0.000000,0.910900,19.601542,0.046192,-3.972079,20.000000
0.354000,2,"LINK_TORSO_YAW",0.286800,0.200000,0.067200,20.000000,0.000000,0.000000,20.000000,0.000000,0.000000,0.000000,0.000000,0.012160,0.000000,0.910900,19.600825,0.046211,-3.975618,20.000000
0.354100,2,"LINK_TORSO_YAW",0.286800,0.200000,0.067300,20.000000,0.000000,0.000000,20.000000,0.000000,0.000000,0.000000,0.000000,0.012160,0.000000,0.910900,19.600106,0.046229,-3.979158,20.000000
0.354200,2,"LINK_TORSO_YAW",0.286800,0.200000,0.067400,20.000000,0.000000,0.000000,20.000000,0.000000,0.000000,0.000000,0.000000,0.012160,0.000000,0.910900,19.599387,0.046248,-3.982699,20.000000
0.354300,2,"LINK_TORSO_YAW",0.286800,0.200000,0.067500,20.000000,0.000000,0.000000,20.000000,0.000000,0.000000,0.000000,0.000000,0.012160,0.000000,0.910900,19.598667,0.046267,-3.986240,20.000000
0.354400,2,"LINK_TORSO_YAW",0.286800,0.200000,0.067600,20.000000,0.000000,0.000000,20.000000,0.000000,0.000000,0.000000,0.000000,0.012160,0.000000,0.910900,19.597946,0.046288,-3.989784,20.000000
0.354500,2,"LINK_TORSO_YAW",0.286800,0.200000,0.067700,20.000000,0.000000,0.000000,20.000000,0.000000,0.000000,0.000000,0.000000,0.012160,0.000000,0.910900,19.597224,0.046308,-3.993330,20.000000
0.354600,2,"LINK_TORSO_YAW",0.286800,0.200000,0.067800,20.000000,0.000000,0.000000,20.000000,0.000000,0.000000,0.000000,0.000000,0.012160,0.000000,0.910900,19.596500,0.046330,-3.996878,20.000000
0.354700,2,"LINK_TORSO_YAW",0.286800,0.200000,0.067900,20.000000,0.000000,0.000000,20.000000,0.000000,0.000000,0.000000,0.000000,0.012160,0.000000,0.910900,19.595776,0.046351,-4.000429,20.000000
0.354800,2,"LINK_TORSO_YAW",0.286800,0.200000,0.068000,20.000000,0.000000,0.000000,20.000000,0.000000,0.000000,0.000000,0.000000,0.012160,0.000000,0.910900,19.595050,0.046373,-4.003982,20.000000
0.354900,2,"LINK_TORSO_YAW",0.286800,0.200000,0.068100,20.000000,0.000000,0.000000,20.000000,0.000000,0.000000,0.000000,0.000000,0.012160,0.000000,0.910900,19.594323,0.046395,-4.007539,20.000000
0.355000,2,"LINK_TORSO_YAW",0.286800,0.200000,0.068200,20.000000,0.000000,0.000000,20.000000,0.000000,0.000000,0.000000,0.000000,0.012160,0.000000,0.910900,19.593595,0.046418,-4.011095,20.000000
0.355100,2,"LINK_TORSO_YAW",0.286800,0.200000,0.068300,20.000000,0.000000,0.000000,20.000000,0.000000,0.000000,0.000000,0.000000,0.012160,0.000000,0.910900,19.592867,0.046440,-4.014650,20.000000
0.355200,2,"LINK_TORSO_YAW",0.286800,0.200000,0.068400,20.000000,0.000000,0.000000,20.000000,0.000000,0.000000,0.000000,0.000000,0.012160,0.000000,0.910900,19.592138,0.046462,-4.018205,20.000000
0.355300,2,"LINK_TORSO_YAW",0.286800,0.200000,0.068500,20.000000,0.000000,0.000000,20.000000,0.000000,0.000000,0.000000,0.000000,0.012160,0.000000,0.910900,19.591408,0.046484,-4.021761,20.000000
0.355400,2,"LINK_TORSO_YAW",0.286800,0.200000,0.068600,20.000000,0.000000,0.000000,20.000000,0.000000,0.000000,0.000000,0.000000,0.012160,0.000000,0.910900,19.590678,0.046506,-4.025317,20.000000
0.355500,2,"LINK_TORSO_YAW",0.286800,0.200000,0.068700,20.000000,0.000000,0.000000,20.000000,0.000000,0.000000,0.000000,0.000000,0.012160,0.000000,0.910900,19.589947,0.046528,-4.028875,20.000000
0.355600,2,"LINK_TORSO_YAW",0.286800,0.200000,0.068800,20.000000,0.000000,0.000000,20.000000,0.000000,0.000000,0.000000,0.000000,0.012160,0.000000,0.910900,19.589214,0.046550,-4.032434,20.000000
0.355700,2,"LINK_TORSO_YAW",0.286800,0.200000,0.068900,20.000000,0.000000,0.000000,20.000000,0.000000,0.000000,0.000000,0.000000,0.012160,0.000000,0.910900,19.588481,0.046571,-4.035995,20.000000
0.355800,2,"LINK_TORSO_YAW",0.286800,0.200000,0.069000,20.000000,0.000000,0.000000,20.000000,0.000000,0.000000,0.000000,0.000000,0.012160,0.000000,0.910900,19.587746,0.046593,-4.039559,20.000000
0.355900,2,"LINK_TORSO_YAW",0.286800,0.200000,0.069100,20.000000,0.000000,0.000000,20.000000,0.000000,0.000000,0.000000,0.000000,0.012160,0.000000,0.910900,19.587010,0.046614,-4.043125,20.000000
0.356000,2,"LINK_TORSO_YAW",0.286800,0.200000,0.069200,20.000000,0.000000,0.000000,20.000000,0.000000,0.000000,0.000000,0.000000,0.012160,0.000000,0.910900,19.586273,0.046635,-4.046694,20.000000
0.356100,2,"LINK_TORSO_YAW",0.286800,0.200000,0.069300,20.000000,0.000000,0.000000,20.000000,0.000000,0.000000,0.000000,0.000000,0.012160,0.000000,0.910900,19.585534,0.046656,-4.050269,20.000000
0.356200,2,"LINK_TORSO_YAW",0.286800,0.200000,0.069400,20.000000,0.000000,0.000000,20.000000,0.000000,0.000000,0.000000,0.000000,0.012160,0.000000,0.910900,19.584795,0.046676,-4.053842,20.000000
0.356300,2,"LINK_TORSO_YAW",0.286800,0.200000,0.069500,20.000000,0.000000,0.000000,20.000000,0.000000,0.000000,0.000000,0.000000,0.012160,0.000000,0.910900,19.584055,0.046695,-4.057416,20.000000
0.356400,2,"LINK_TORSO_YAW",0.286800,0.200000,0.069600,20.000000,0.000000,0.000000,20.000000,0.000000,0.000000,0.000000,0.000000,0.012160,0.000000,0.910900,19.583314,0.046715,-4.060991,20.000000
0.356500,2,"LINK_TORSO_YAW",0.286800,0.200000,0.069700,20.000000,0.000000,0.000000,20.000000,0.000000,0.000000,0.000000,0.000000,0.012160,0.000000,0.910900,19.582572,0.046733,-4.064566,20.000000
0.356600,2,"LINK_TORSO_YAW",0.286800,0.200000,0.069800,20.000000,0.000000,0.000000,20.000000,0.000000,0.000000,0.000000,0.000000,0.012160,0.000000,0.910900,19.581829,0.046751,-4.068143,20.000000
0.356700,2,"LINK_TORSO_YAW",0.286800,0.200000,0.069900,20.000000,0.000000,0.000000,20.000000,0.000000,0.000000,0.000000,0.000000,0.012160,0.000000,0.910900,19.581085,0.046769,-4.071721,20.000000
0.356800,2,"LINK_TORSO_YAW",0.286800,0.200000,0.070000,20.000000,0.000000,0.000000,20.000000,0.000000,0.000000,0.000000,0.000000,0.012160,0.000000,0.910900,19.580340,0.046787,-4.075301,20.000000
0.356900,2,"LINK_TORSO_YAW",0.286800,0.200000,0.070100,20.000000,0.000000,0.000000,20.000000,0.000000,0.000000,0.000000,0.000000,0.012160,0.000000,0.910900,19.579594,0.046806,-4.078883,20.000000
0.357000,2,"LINK_TORSO_YAW",0.286800,0.200000,0.070200,20.000000,0.000000,0.000000,20.000000,0.000000,0.000000,0.000000,0.000000,0.012160,0.000000,0.910900,19.578847,0.046826,-4.082468,20.000000
0.357100,2,"LINK_TORSO_YAW",0.286800,0.200000,0.070300,20.000000,0.000000,0.000000,20.000000,0.000000,0.000000,0.000000,0.000000,0.012160,0.000000,0.910900,19.578099,0.046846,-4.086056,20.000000
0.357200,2,"LINK_TORSO_YAW",0.286800,0.200000,0.070400,20.000000,0.000000,0.000000,20.000000,0.000000,0.000000,0.000000,0.000000,0.012160,0.000000,0.910900,19.577349,0.046867,-4.089648,20.000000
0.357300,2,"LINK_TORSO_YAW",0.286800,0.200000,0.070500,20.000000,0.000000,0.000000,20.000000,0.000000,0.000000,0.000000,0.000000,0.012160,0.000000,0.910900,19.576598,0.046888,-4.093239,20.000000
0.357400,2,"LINK_TORSO_YAW",0.286800,0.200000,0.070600,20.000000,0.000000,0.000000,20.000000,0.000000,0.000000,0.000000,0.000000,0.012160,0.000000,0.910900,19.575847,0.046908,-4.096830,20.000000
0.357500,2,"LINK_TORSO_YAW",0.286800,0.200000,0.070700,20.000000,0.000000,0.000000,20.000000,0.000000,0.000000,0.000000,0.000000,0.012160,0.000000,0.910900,19.575095,0.046929,-4.100421,20.000000
0.357600,2,"LINK_TORSO_YAW",0.286800,0.200000,0.070800,20.000000,0.000000,0.000000,20.000000,0.000000,0.000000,0.000000,0.000000,0.012160,0.000000,0.910900,19.574342,0.046950,-4.104012,20.000000
0.357700,2,"LINK_TORSO_YAW",0.286800,0.200000,0.070900,20.000000,0.000000,0.000000,20.000000,0.000000,0.000000,0.000000,0.000000,0.012160,0.000000,0.910900,19.573589,0.046970,-4.107604,20.000000
0.357800,2,"LINK_TORSO_YAW",0.286800,0.200000,0.071000,20.000000,0.000000,0.000000,20.000000,0.000000,0.000000,0.000000,0.000000,0.012160,0.000000,0.910900,19.572834,0.046991,-4.111197,20.000000
0.357900,2,"LINK_TORSO_YAW",0.286800,0.200000,0.071100,20.000000,0.000000,0.000000,20.000000,0.000000,0.000000,0.000000,0.000000,0.012160,0.000000,0.910900,19.572079,0.047012,-4.114792,20.000000
0.358000,2,"LINK_TORSO_YAW",0.286800,0.200000,0.071200,20.000000,0.000000,0.000000,20.000000,0.000000,0.000000,0.000000,0.000000,0.012160,0.000000,0.910900,19.571322,0.047032,-4.118389,20.000000
0.358100,2,"LINK_TORSO_YAW",0.286800,0.200000,0.071300,20.000000,0.000000,0.000000,20.000000,0.000000,0.000000,0.000000,0.000000,0.012160,0.000000,0.910900,19.570565,0.047054,-4.121989,20.000000
0.358200,2,"LINK_TORSO_YAW",0.286800,0.200000,0.071400,20.000000,0.000000,0.000000,20.000000,0.000000,0.000000,0.000000,0.000000,0.012160,0.000000,0.910900,19.569805,0.047076,-4.125591,20.000000
0.358300,2,"LINK_TORSO_YAW",0.286800,0.200000,0.071500,20.000000,0.000000,0.000000,20.000000,0.000000,0.000000,0.000000,0.000000,0.012160,0.000000,0.910900,19.569045,0.047098,-4.129197,20.000000
0.358400,2,"LINK_TORSO_YAW",0.286800,0.200000,0.071600,20.000000,0.000000,0.000000,20.000000,0.000000,0.000000,0.000000,0.000000,0.012160,0.000000,0.910900,19.568283,0.047121,-4.132806,20.000000
0.358500,2,"LINK_TORSO_YAW",0.286800,0.200000,0.071700,20.000000,0.000000,0.000000,20.000000,0.000000,0.000000,0.000000,0.000000,0.012160,0.000000,0.910900,19.567520,0.047143,-4.136414,20.000000
0.358600,2,"LINK_TORSO_YAW",0.286800,0.200000,0.071800,20.000000,0.000000,0.000000,20.000000,0.000000,0.000000,0.000000,0.000000,0.012160,0.000000,0.910900,19.566757,0.047165,-4.140022,20.000000
0.358700,2,"LINK_TORSO_YAW",0.286800,0.200000,0.071900,20.000000,0.000000,0.000000,20.000000,0.000000,0.000000,0.000000,0.000000,0.012160,0.000000,0.910900,19.565994,0.047187,-4.143630,20.000000
0.358800,2,"LINK_TORSO_YAW",0.286800,0.200000,0.072000,20.000000,0.000000,0.000000,20.000000,0.000000,0.000000,0.000000,0.000000,0.012160,0.000000,0.910900,19.565229,0.047208,-4.147238,20.000000
0.358900,2,"LINK_TORSO_YAW",0.286800,0.200000,0.072100,20.000000,0.000000,0.000000,20.000000,0.000000,0.000000,0.000000,0.000000,0.012160,0.000000,0.910900,19.564464,0.047231,-4.150847,20.000000
0.359000,2,"LINK_TORSO_YAW",0.286800,0.200000,0.072200,20.000000,0.000000,0.000000,20.000000,0.000000,0.000000,0.000000,0.000000,0.012160,0.000000,0.910900,19.563697,0.047254,-4.154458,20.000000
0.359100,2,"LINK_TORSO_YAW",0.286800,0.200000,0.072300,20.000000,0.000000,0.000000,20.000000,0.000000,0.000000,0.000000,0.000000,0.012160,0.000000,0.910900,19.562930,0.047278,-4.158071,20.000000
0.359200,2,"LINK_TORSO_YAW",0.286800,0.200000,0.072400,20.000000,0.000000,0.000000,20.000000,0.000000,0.000000,0.000000,0.000000,0.012160,0.000000,0.910900,19.562161,0.047303,-4.161686,20.000000
0.359300,2,"LINK_TORSO_YAW",0.286800,0.200000,0.072500,20.000000,0.000000,0.000000,20.000000,0.000000,0.000000,0.000000,0.000000,0.012160,0.000000,0.910900,19.561391,0.047327,-4.165303,20.000000
0.359400,2,"LINK_TORSO_YAW",0.286800,0.200000,0.072600,20.000000,0.000000,0.000000,20.000000,0.000000,0.000000,0.000000,0.000000,0.012160,0.000000,0.910900,19.560619,0.047351,-4.168924,20.000000
0.359500,2,"LINK_TORSO_YAW",0.286800,0.200000,0.072700,20.000000,0.000000,0.000000,20.000000,0.000000,0.000000,0.000000,0.000000,0.012160,0.000000,0.910900,19.559847,0.047375,-4.172545,20.000000
0.359600,2,"LINK_TORSO_YAW",0.286800,0.200000,0.072800,20.000000,0.000000,0.000000,20.000000,0.000000,0.000000,0.000000,0.000000,0.012160,0.000000,0.910900,19.559075,0.047398,-4.176165,20.000000
0.359700,2,"LINK_TORSO_YAW",0.286800,0.200000,0.072900,20.000000,0.000000,0.000000,20.000000,0.000000,0.000000,0.000000,0.000000,0.012160,0.000000,0.910900,19.558301,0.047420,-4.179786,20.000000
0.359800,2,"LINK_TORSO_YAW",0.286800,0.200000,0.073000,20.000000,0.000000,0.000000,20.000000,0.000000,0.000000,0.000000,0.000000,0.012160,0.000000,0.910900,19.557527,0.047442,-4.183407,20.000000
0.359900,2,"LINK_TORSO_YAW",0.286800,0.200000,0.073100,20.000000,0.000000,0.000000,20.000000,0.000000,0.000000,0.000000,0.000000,0.012160,0.000000,0.910900,19.556751,0.047464,-4.187031,20.000000
0.360000,2,"LINK_TORSO_YAW",0.286800,0.200000,0.073200,20.000000,0.000000,0.000000,20.000000,0.000000,0.000000,0.000000,0.000000,0.012160,0.000000,0.910900,19.555975,0.047485,-4.190656,20.000000
0.360100,2,"LINK_TORSO_YAW",0.286800,0.200000,0.073300,20.000000,0.000000,0.000000,20.000000,0.000000,0.000000,0.000000,0.000000,0.012160,0.000000,0.910900,19.555197,0.047506,-4.194283,20.000000
0.360200,2,"LINK_TORSO_YAW",0.286800,0.200000,0.073400,20.000000,0.000000,0.000000,20.000000,0.000000,0.000000,0.000000,0.000000,0.012160,0.000000,0.910900,19.554418,0.047527,-4.197913,20.000000
0.360300,2,"LINK_TORSO_YAW",0.286800,0.200000,0.073500,20.000000,0.000000,0.000000,20.000000,0.000000,0.000000,0.000000,0.000000,0.012160,0.000000,0.910900,19.553638,0.047547,-4.201545,20.000000
0.360400,2,"LINK_TORSO_YAW",0.286800,0.200000,0.073600,20.000000,0.000000,0.000000,20.000000,0.000000,0.000000,0.000000,0.000000,0.012160,0.000000,0.910900,19.552857,0.047567,-4.205180,20.000000
0.360500,2,"LINK_TORSO_YAW",0.286800,0.200000,0.073700,20.000000,0.000000,0.000000,20.000000,0.000000,0.000000,0.000000,0.000000,0.012160,0.000000,0.910900,19.552074,0.047588,-4.208818,20.000000
0.360600,2,"LINK_TORSO_YAW",0.286800,0.200000,0.073800,20.000000,0.000000,0.000000,20.000000,0.000000,0.000000,0.000000,0.000000,0.012160,0.000000,0.910900,19.551289,0.047609,-4.212460,20.000000
0.360700,2,"LINK_TORSO_YAW",0.286800,0.200000,0.073900,20.000000,0.000000,0.000000,20.000000,0.000000,0.000000,0.000000,0.000000,0.012160,0.000000,0.910900,19.550504,0.047631,-4.216102,20.000000
0.360800,2,"LINK_TORSO_YAW",0.286800,0.200000,0.074000,20.000000,0.000000,0.000000,20.000000,0.000000,0.000000,0.000000,0.000000,0.012160,0.000000,0.910900,19.549718,0.047654,-4.219744,20.000000
0.360900,2,"LINK_TORSO_YAW",0.286800,0.200000,0.074100,20.000000,0.000000,0.000000,20.000000,0.000000,0.000000,0.000000,0.000000,0.012160,0.000000,0.910900,19.548932,0.047677,-4.223385,20.000000
0.361000,2,"LINK_TORSO_YAW",0.286800,0.200000,0.074200,20.000000,0.000000,0.000000,20.000000,0.000000,0.000000,0.000000,0.000000,0.012160,0.000000,0.910900,19.548145,0.047699,-4.227027,20.000000
0.361100,2,"LINK_TORSO_YAW",0.286800,0.200000,0.074300,20.000000,0.000000,0.000000,20.000000,0.000000,0.000000,0.000000,0.000000,0.012160,0.000000,0.910900,19.547357,0.047722,-4.230670,20.000000
0.361200,2,"LINK_TORSO_YAW",0.286800,0.200000,0.074400,20.000000,0.000000,0.000000,20.000000,0.000000,0.000000,0.000000,0.000000,0.012160,0.000000,0.910900,19.546568,0.047744,-4.234314,20.000000
0.361300,2,"LINK_TORSO_YAW",0.286800,0.200000,0.074500,20.000000,0.000000,0.000000,20.000000,0.000000,0.000000,0.000000,0.000000,0.012160,0.000000,0.910900,19.545778,0.047766,-4.237959,20.000000
0.361400,2,"LINK_TORSO_YAW",0.286800,0.200000,0.074600,20.000000,0.000000,0.000000,20.000000,0.000000,0.000000,0.000000,0.000000,0.012160,0.000000,0.910900,19.544986,0.047788,-4.241607,20.000000
0.361500,2,"LINK_TORSO_YAW",0.286800,0.200000,0.074700,20.000000,0.000000,0.000000,20.000000,0.000000,0.000000,0.000000,0.000000,0.012160,0.000000,0.910900,19.544194,0.047810,-4.245257,20.000000
0.361600,2,"LINK_TORSO_YAW",0.286800,0.200000,0.074800,20.000000,0.000000,0.000000,20.000000,0.000000,0.000000,0.000000,0.000000,0.012160,0.000000,0.910900,19.543400,0.047831,-4.248910,20.000000
0.361700,2,"LINK_TORSO_YAW",0.286800,0.200000,0.074900,20.000000,0.000000,0.000000,20.000000,0.000000,0.000000,0.000000,0.000000,0.012160,0.000000,0.910900,19.542604,0.047852,-4.252566,20.000000
0.361800,2,"LINK_TORSO_YAW",0.286800,0.200000,0.075000,20.000000,0.000000,0.000000,20.000000,0.000000,0.000000,0.000000,0.000000,0.012160,0.000000,0.910900,19.541809,0.047874,-4.256222,20.000000
0.361900,2,"LINK_TORSO_YAW",0.286800,0.200000,0.075100,20.000000,0.000000,0.000000,20.000000,0.000000,0.000000,0.000000,0.000000,0.012160,0.000000,0.910900,19.541012,0.047895,-4.259877,20.000000
0.362000,2,"LINK_TORSO_YAW",0.286800,0.200000,0.075200,20.000000,0.000000,0.000000,20.000000,0.000000,0.000000,0.000000,0.000000,0.012160,0.000000,0.910900,19.540215,0.047917,-4.263532,20.000000
0.362100,2,"LINK_TORSO_YAW",0.286800,0.200000,0.075300,20.000000,0.000000,0.000000,20.000000,0.000000,0.000000,0.000000,0.000000,0.012160,0.000000,0.910900,19.539417,0.047938,-4.267188,20.000000
0.362200,2,"LINK_TORSO_YAW",0.286800,0.200000,0.075400,20.000000,0.000000,0.000000,20.000000,0.000000,0.000000,0.000000,0.000000,0.012160,0.000000,0.910900,19.538618,0.047961,-4.270845,20.000000
0.362300,2,"LINK_TORSO_YAW",0.286800,0.200000,0.075500,20.000000,0.000000,0.000000,20.000000,0.000000,0.000000,0.000000,0.000000,0.012160,0.000000,0.910900,19.537818,0.047984,-4.274503,20.000000
0.362400,2,"LINK_TORSO_YAW",0.286800,0.200000,0.075600,20.000000,0.000000,0.000000,20.000000,0.000000,0.000000,0.000000,0.000000,0.012160,0.000000,0.910900,19.537017,0.048008,-4.278163,20.000000
0.362500,2,"LINK_TORSO_YAW",0.286800,0.200000,0.075700,20.000000,0.000000,0.000000,20.000000,0.000000,0.000000,0.000000,0.000000,0.012160,0.000000,0.910900,19.536214,0.048033,-4.281826,20.000000
0.362600,2,"LINK_TORSO_YAW",0.286800,0.200000,0.075800,20.000000,0.000000,0.000000,20.000000,0.000000,0.000000,0.000000,0.000000,0.012160,0.000000,0.910900,19.535410,0.048058,-4.285491,20.000000
0.362700,2,"LINK_TORSO_YAW",0.286800,0.200000,0.075900,20.000000,0.000000,0.000000,20.000000,0.000000,0.000000,0.000000,0.000000,0.012160,0.000000,0.910900,19.534605,0.048084,-4.289159,20.000000
0.362800,2,"LINK_TORSO_YAW",0.286800,0.200000,0.076000,20.000000,0.000000,0.000000,20.000000,0.000000,0.000000,0.000000,0.000000,0.012160,0.000000,0.910900,19.533799,0.048110,-4.292830,20.000000
0.362900,2,"LINK_TORSO_YAW",0.286800,0.200000,0.076100,20.000000,0.000000,0.000000,20.000000,0.000000,0.000000,0.000000,0.000000,0.012160,0.000000,0.910900,19.532992,0.048135,-4.296501,20.000000
0.363000,2,"LINK_TORSO_YAW",0.286800,0.200000,0.076200,20.000000,0.000000,0.000000,20.000000,0.000000,0.000000,0.000000,0.000000,0.012160,0.000000,0.910900,19.532184,0.048161,-4.300171,20.000000
0.363100,2,"LINK_TORSO_YAW",0.286800,0.200000,0.076300,20.000000,0.000000,0.000000,20.000000,0.000000,0.000000,0.000000,0.000000,0.012160,0.000000,0.910900,19.531376,0.048186,-4.303841,20.000000
0.363200,2,"LINK_TORSO_YAW",0.286800,0.200000,0.076400,20.000000,0.000000,0.000000,20.000000,0.000000,0.000000,0.000000,0.000000,0.012160,0.000000,0.910900,19.530566,0.048212,-4.307512,20.000000
0.363300,2,"LINK_TORSO_YAW",0.286800,0.200000,0.076500,20.000000,0.000000,0.000000,20.000000,0.000000,0.000000,0.000000,0.000000,0.012160,0.000000,0.910900,19.529756,0.048237,-4.311184,20.000000
0.363400,2,"LINK_TORSO_YAW",0.286800,0.200000,0.076600,20.000000,0.000000,0.000000,20.000000,0.000000,0.000000,0.000000,0.000000,0.012160,0.000000,0.910900,19.528944,0.048263,-4.314858,20.000000
0.363500,2,"LINK_TORSO_YAW",0.286800,0.200000,0.076700,20.000000,0.000000,0.000000,20.000000,0.000000,0.000000,0.000000,0.000000,0.012160,0.000000,0.910900,19.528132,0.048288,-4.318533,20.000000
0.363600,2,"LINK_TORSO_YAW",0.286800,0.200000,0.076800,20.000000,0.000000,0.000000,20.000000,0.000000,0.000000,0.000000,0.000000,0.012160,0.000000,0.910900,19.527318,0.048312,-4.322210,20.000000
0.363700,2,"LINK_TORSO_YAW",0.286800,0.200000,0.076900,20.000000,0.000000,0.000000,20.000000,0.000000,0.000000,0.000000,0.000000,0.012160,0.000000,0.910900,19.526503,0.048336,-4.325891,20.000000
0.363800,2,"LINK_TORSO_YAW",0.286800,0.200000,0.077000,20.000000,0.000000,0.000000,20.000000,0.000000,0.000000,0.000000,0.000000,0.012160,0.000000,0.910900,19.525687,0.048360,-4.329574,20.000000
0.363900,2,"LINK_TORSO_YAW",0.286800,0.200000,0.077100,20.000000,0.000000,0.000000,20.000000,0.000000,0.000000,0.000000,0.000000,0.012160,0.000000,0.910900,19.524869,0.048384,-4.333261,20.000000
0.364000,2,"LINK_TORSO_YAW",0.286800,0.200000,0.077200,20.000000,0.000000,0.000000,20.000000,0.000000,0.000000,0.000000,0.000000,0.012160,0.000000,0.910900,19.524050,0.048407,-4.336948,20.000000
0.364100,2,"LINK_TORSO_YAW",0.286800,0.200000,0.077300,20.000000,0.000000,0.000000,20.000000,0.000000,0.000000,0.000000,0.000000,0.012160,0.000000,0.910900,19.523231,0.048429,-4.340635,20.000000
0.364200,2,"LINK_TORSO_YAW",0.286800,0.200000,0.077400,20.000000,0.000000,0.000000,20.000000,0.000000,0.000000,0.000000,0.000000,0.012160,0.000000,0.910900,19.522411,0.048451,-4.344322,20.000000
0.364300,2,"LINK_TORSO_YAW",0.286800,0.200000,0.077500,20.000000,0.000000,0.000000,20.000000,0.000000,0.000000,0.000000,0.000000,0.012160,0.000000,0.910900,19.521589,0.048473,-4.348010,20.000000
0.364400,2,"LINK_TORSO_YAW",0.286800,0.200000,0.077600,20.000000,0.000000,0.000000,20.000000,0.000000,0.000000,0.000000,0.000000,0.012160,0.000000,0.910900,19.520767,0.048494,-4.351700,20.000000
0.364500,2,"LINK_TORSO_YAW",0.286800,0.200000,0.077700,20.000000,0.000000,0.000000,20.000000,0.000000,0.000000,0.000000,0.000000,0.012160,0.000000,0.910900,19.519944,0.048514,-4.355391,20.000000
0.364600,2,"LINK_TORSO_YAW",0.286800,0.200000,0.077800,20.000000,0.000000,0.000000,20.000000,0.000000,0.000000,0.000000,0.000000,0.012160,0.000000,0.910900,19.519120,0.048536,-4.359084,20.000000
0.364700,2,"LINK_TORSO_YAW",0.286800,0.200000,0.077900,20.000000,0.000000,0.000000,20.000000,0.000000,0.000000,0.000000,0.000000,0.012160,0.000000,0.910900,19.518294,0.048557,-4.362779,20.000000
0.364800,2,"LINK_TORSO_YAW",0.286800,0.200000,0.078000,20.000000,0.000000,0.000000,20.000000,0.000000,0.000000,0.000000,0.000000,0.012160,0.000000,0.910900,19.517467,0.048578,-4.366477,20.000000
0.364900,2,"LINK_TORSO_YAW",0.286800,0.200000,0.078100,20.000000,0.000000,0.000000,20.000000,0.000000,0.000000,0.000000,0.000000,0.012160,0.000000,0.910900,19.516639,0.048600,-4.370178,20.000000
0.365000,2,"LINK_TORSO_YAW",0.286800,0.200000,0.078200,20.000000,0.000000,0.000000,20.000000,0.000000,0.000000,0.000000,0.000000,0.012160,0.000000,0.910900,19.515809,0.048622,-4.373883,20.000000
0.365100,2,"LINK_TORSO_YAW",0.286800,0.200000,0.078300,20.000000,0.000000,0.000000,20.000000,0.000000,0.000000,0.000000,0.000000,0.012160,0.000000,0.910900,19.514977,0.048645,-4.377591,20.000000
0.365200,2,"LINK_TORSO_YAW",0.286800,0.200000,0.078400,20.000000,0.000000,0.000000,20.000000,0.000000,0.000000,0.000000,0.000000,0.012160,0.000000,0.910900,19.514145,0.048668,-4.381298,20.000000
0.365300,2,"LINK_TORSO_YAW",0.286800,0.200000,0.078500,20.000000,0.000000,0.000000,20.000000,0.000000,0.000000,0.000000,0.000000,0.012160,0.000000,0.910900,19.513312,0.048691,-4.385005,20.000000
0.365400,2,"LINK_TORSO_YAW",0.286800,0.200000,0.078600,20.000000,0.000000,0.000000,20.000000,0.000000,0.000000,0.000000,0.000000,0.012160,0.000000,0.910900,19.512479,0.048714,-4.388712,20.000000
0.365500,2,"LINK_TORSO_YAW",0.286800,0.200000,0.078700,20.000000,0.000000,0.000000,20.000000,0.000000,0.000000,0.000000,0.000000,0.012160,0.000000,0.910900,19.511645,0.048739,-4.392419,20.000000
0.365600,2,"LINK_TORSO_YAW",0.286800,0.200000,0.078800,20.000000,0.000000,0.000000,20.000000,0.000000,0.000000,0.000000,0.000000,0.012160,0.000000,0.910900,19.510809,0.048763,-4.396128,20.000000
0.365700,2,"LINK_TORSO_YAW",0.286800,0.200000,0.078900,20.000000,0.000000,0.000000,20.000000,0.000000,0.000000,0.000000,0.000000,0.012160,0.000000,0.910900,19.509973,0.048787,-4.399838,20.000000
0.365800,2,"LINK_TORSO_YAW",0.286800,0.200000,0.079000,20.000000,0.000000,0.000000,20.000000,0.000000,0.000000,0.000000,0.000000,0.012160,0.000000,0.910900,19.509136,0.048812,-4.403549,20.000000
0.365900,2,"LINK_TORSO_YAW",0.286800,0.200000,0.079100,20.000000,0.000000,0.000000,20.000000,0.000000,0.000000,0.000000,0.000000,0.012160,0.000000,0.910900,19.508297,0.048836,-4.407262,20.000000
0.366000,2,"LINK_TORSO_YAW",0.286800,0.200000,0.079200,20.000000,0.000000,0.000000,20.000000,0.000000,0.000000,0.000000,0.000000,0.012160,0.000000,0.910900,19.507457,0.048861,-4.410978,20.000000
0.366100,2,"LINK_TORSO_YAW",0.286800,0.200000,0.079300,20.000000,0.000000,0.000000,20.000000,0.000000,0.000000,0.000000,0.000000,0.012160,0.000000,0.910900,19.506616,0.048886,-4.414696,20.000000
0.366200,2,"LINK_TORSO_YAW",0.286800,0.200000,0.079400,20.000000,0.000000,0.000000,20.000000,0.000000,0.000000,0.000000,0.000000,0.012160,0.000000,0.910900,19.505774,0.048911,-4.418414,20.000000
0.366300,2,"LINK_TORSO_YAW",0.286800,0.200000,0.079500,20.000000,0.000000,0.000000,20.000000,0.000000,0.000000,0.000000,0.000000,0.012160,0.000000,0.910900,19.504932,0.048936,-4.422131,20.000000
0.366400,2,"LINK_TORSO_YAW",0.286800,0.200000,0.079600,20.000000,0.000000,0.000000,20.000000,0.000000,0.000000,0.000000,0.000000,0.012160,0.000000,0.910900,19.504088,0.048962,-4.425849,20.000000
0.366500,2,"LINK_TORSO_YAW",0.286800,0.200000,0.079700,20.000000,0.000000,0.000000,20.000000,0.000000,0.000000,0.000000,0.000000,0.012160,0.000000,0.910900,19.503244,0.048988,-4.429567,20.000000
0.366600,2,"LINK_TORSO_YAW",0.286800,0.200000,0.079800,20.000000,0.000000,0.000000,20.000000,0.000000,0.000000,0.000000,0.000000,0.012160,0.000000,0.910900,19.502399,0.049014,-4.433286,20.000000
0.366700,2,"LINK_TORSO_YAW",0.286800,0.200000,0.079900,20.000000,0.000000,0.000000,20.000000,0.000000,0.000000,0.000000,0.000000,0.012160,0.000000,0.910900,19.501553,0.049040,-4.437006,20.000000
0.366800,2,"LINK_TORSO_YAW",0.286800,0.200000,0.080000,20.000000,0.000000,0.000000,20.000000,0.000000,0.000000,0.000000,0.000000,0.012160,0.000000,0.910900,19.500706,0.049066,-4.440728,20.000000
0.366900,2,"LINK_TORSO_YAW",0.286800,0.200000,0.080100,20.000000,0.000000,0.000000,20.000000,0.000000,0.000000,0.000000,0.000000,0.012160,0.000000,0.910900,19.499857,0.049092,-4.444453,20.000000
0.367000,2,"LINK_TORSO_YAW",0.286800,0.200000,0.080200,20.000000,0.000000,0.000000,20.000000,0.000000,0.000000,0.000000,0.000000,0.012160,0.000000,0.910900,19.499007,0.049118,-4.448181,20.000000
0.367100,2,"LINK_TORSO_YAW",0.286800,0.200000,0.080300,20.000000,0.000000,0.000000,20.000000,0.000000,0.000000,0.000000,0.000000,0.012160,0.000000,0.910900,19.498155,0.049144,-4.451912,20.000000
0.367200,2,"LINK_TORSO_YAW",0.286800,0.200000,0.080400,20.000000,0.000000,0.000000,20.000000,0.000000,0.000000,0.000000,0.000000,0.012160,0.000000,0.910900,19.497302,0.049170,-4.455648,20.000000
0.367300,2,"LINK_TORSO_YAW",0.286800,0.200000,0.080500,20.000000,0.000000,0.000000,20.000000,0.000000,0.000000,0.000000,0.000000,0.012160,0.000000,0.910900,19.496448,0.049196,-4.459383,20.000000
0.367400,2,"LINK_TORSO_YAW",0.286800,0.200000,0.080600,20.000000,0.000000,0.000000,20.000000,0.000000,0.000000,0.000000,0.000000,0.012160,0.000000,0.910900,19.495593,0.049222,-4.463119,20.000000
0.367500,2,"LINK_TORSO_YAW",0.286800,0.200000,0.080700,20.000000,0.000000,0.000000,20.000000,0.000000,0.000000,0.000000,0.000000,0.012160,0.000000,0.910900,19.494738,0.049247,-4.466854,20.000000
0.367600,2,"LINK_TORSO_YAW",0.286800,0.200000,0.080800,20.000000,0.000000,0.000000,20.000000,0.000000,0.000000,0.000000,0.000000,0.012160,0.000000,0.910900,19.493881,0.049272,-4.470589,20.000000
0.367700,2,"LINK_TORSO_YAW",0.286800,0.200000,0.080900,20.000000,0.000000,0.000000,20.000000,0.000000,0.000000,0.000000,0.000000,0.012160,0.000000,0.910900,19.493024,0.049297,-4.474326,20.000000
0.367800,2,"LINK_TORSO_YAW",0.286800,0.200000,0.081000,20.000000,0.000000,0.000000,20.000000,0.000000,0.000000,0.000000,0.000000,0.012160,0.000000,0.910900,19.492165,0.049321,-4.478064,20.000000
0.367900,2,"LINK_TORSO_YAW",0.286800,0.200000,0.081100,20.000000,0.000000,0.000000,20.000000,0.000000,0.000000,0.000000,0.000000,0.012160,0.000000,0.910900,19.491306,0.049345,-4.481803,20.000000
0.368000,2,"LINK_TORSO_YAW",0.286800,0.200000,0.081200,20.000000,0.000000,0.000000,20.000000,0.000000,0.000000,0.000000,0.000000,0.012160,0.000000,0.910900,19.490445,0.049369,-4.485544,20.000000
0.368100,2,"LINK_TORSO_YAW",0.286800,0.200000,0.081300,20.000000,0.000000,0.000000,20.000000,0.000000,0.000000,0.000000,0.000000,0.012160,0.000000,0.910900,19.489583,0.049393,-4.489288,20.000000
0.368200,2,"LINK_TORSO_YAW",0.286800,0.200000,0.081400,20.000000,0.000000,0.000000,20.000000,0.000000,0.000000,0.000000,0.000000,0.012160,0.000000,0.910900,19.488720,0.049416,-4.493035,20.000000
0.368300,2,"LINK_TORSO_YAW",0.286800,0.200000,0.081500,20.000000,0.000000,0.000000,20.000000,0.000000,0.000000,0.000000,0.000000,0.012160,0.000000,0.910900,19.487855,0.049439,-4.496785,20.000000
0.368400,2,"LINK_TORSO_YAW",0.286800,0.200000,0.081600,20.000000,0.000000,0.000000,20.000000,0.000000,0.000000,0.000000,0.000000,0.012160,0.000000,0.910900,19.486989,0.049461,-4.500535,20.000000
0.368500,2,"LINK_TORSO_YAW",0.286800,0.200000,0.081700,20.000000,0.000000,0.000000,20.000000,0.000000,0.000000,0.000000,0.000000,0.012160,0.000000,0.910900,19.486123,0.049483,-4.504285,20.000000
0.368600,2,"LINK_TORSO_YAW",0.286800,0.200000,0.081800,20.000000,0.000000,0.000000,20.000000,0.000000,0.000000,0.000000,0.000000,0.012160,0.000000,0.910900,19.485255,0.049505,-4.508035,20.000000
0.368700,2,"LINK_TORSO_YAW",0.286800,0.200000,0.081900,20.000000,0.000000,0.000000,20.000000,0.000000,0.000000,0.000000,0.000000,0.012160,0.000000,0.910900,19.484387,0.049526,-4.511786,20.000000
0.368800,2,"LINK_TORSO_YAW",0.286800,0.200000,0.082000,20.000000,0.000000,0.000000,20.000000,0.000000,0.000000,0.000000,0.000000,0.012160,0.000000,0.910900,19.483518,0.049547,-4.515537,20.000000
0.368900,2,"LINK_TORSO_YAW",0.286800,0.200000,0.082100,20.000000,0.000000,0.000000,20.000000,0.000000,0.000000,0.000000,0.000000,0.012160,0.000000,0.910900,19.482648,0.049569,-4.519290,20.000000
0.369000,2,"LINK_TORSO_YAW",0.286800,0.200000,0.082200,20.000000,0.000000,0.000000,20.000000,0.000000,0.000000,0.000000,0.000000,0.012160,0.000000,0.910900,19.481776,0.049591,-4.523045,20.000000
0.369100,2,"LINK_TORSO_YAW",0.286800,0.200000,0.082300,20.000000,0.000000,0.000000,20.000000,0.000000,0.000000,0.000000,0.000000,0.012160,0.000000,0.910900,19.480904,0.049612,-4.526801,20.000000
0.369200,2,"LINK_TORSO_YAW",0.286800,0.200000,0.082400,20.000000,0.000000,0.000000,20.000000,0.000000,0.000000,0.000000,0.000000,0.012160,0.000000,0.910900,19.480030,0.049635,-4.530560,20.000000
0.369300,2,"LINK_TORSO_YAW",0.286800,0.200000,0.082500,20.000000,0.000000,0.000000,20.000000,0.000000,0.000000,0.000000,0.000000,0.012160,0.000000,0.910900,19.479154,0.049658,-4.534322,20.000000
0.369400,2,"LINK_TORSO_YAW",0.286800,0.200000,0.082600,20.000000,0.000000,0.000000,20.000000,0.000000,0.000000,0.000000,0.000000,0.012160,0.000000,0.910900,19.478277,0.049680,-4.538088,20.000000
0.369500,2,"LINK_TORSO_YAW",0.286800,0.200000,0.082700,20.000000,0.000000,0.000000,20.000000,0.000000,0.000000,0.000000,0.000000,0.012160,0.000000,0.910900,19.477400,0.049703,-4.541854,20.000000
0.369600,2,"LINK_TORSO_YAW",0.286800,0.200000,0.082800,20.000000,0.000000,0.000000,20.000000,0.000000,0.000000,0.000000,0.000000,0.012160,0.000000,0.910900,19.476521,0.049726,-4.545620,20.000000
0.369700,2,"LINK_TORSO_YAW",0.286800,0.200000,0.082900,20.000000,0.000000,0.000000,20.000000,0.000000,0.000000,0.000000,0.000000,0.012160,0.000000,0.910900,19.475641,0.049749,-4.549386,20.000000
0.369800,2,"LINK_TORSO_YAW",0.286800,0.200000,0.083000,20.000000,0.000000,0.000000,20.000000,0.000000,0.000000,0.000000,0.000000,0.012160,0.000000,0.910900,19.474761,0.049772,-4.553154,20.000000
0.369900,2,"LINK_TORSO_YAW",0.286800,0.200000,0.083100,20.000000,0.000000,0.000000,20.000000,0.000000,0.000000,0.000000,0.000000,0.012160,0.000000,0.910900,19.473880,0.049796,-4.556922,20.000000
0.370000,2,"LINK_TORSO_YAW",0.286800,0.200000,0.083200,20.000000,0.000000,0.000000,20.000000,0.000000,0.000000,0.000000,0.000000,0.012160,0.000000,0.910900,19.472997,0.049820,-4.560691,20.000000
0.370100,2,"LINK_TORSO_YAW",0.286800,0.200000,0.083300,20.000000,0.000000,0.000000,20.000000,0.000000,0.000000,0.000000,0.000000,0.012160,0.000000,0.910900,19.472113,0.049844,-4.564462,20.000000
0.370200,2,"LINK_TORSO_YAW",0.286800,0.200000,0.083400,20.000000,0.000000,0.000000,20.000000,0.000000,0.000000,0.000000,0.000000,0.012160,0.000000,0.910900,19.471229,0.049868,-4.568235,20.000000
0.370300,2,"LINK_TORSO_YAW",0.286800,0.200000,0.083500,20.000000,0.000000,0.000000,20.000000,0.000000,0.000000,0.000000,0.000000,0.012160,0.000000,0.910900,19.470342,0.049893,-4.572010,20.000000
0.370400,2,"LINK_TORSO_YAW",0.286800,0.200000,0.083600,20.000000,0.000000,0.000000,20.000000,0.000000,0.000000,0.000000,0.000000,0.012160,0.000000,0.910900,19.469455,0.049917,-4.575788,20.000000
0.370500,2,"LINK_TORSO_YAW",0.286800,0.200000,0.083700,20.000000,0.000000,0.000000,20.000000,0.000000,0.000000,0.000000,0.000000,0.012160,0.000000,0.910900,19.468566,0.049942,-4.579569,20.000000
0.370600,2,"LINK_TORSO_YAW",0.286800,0.200000,0.083800,20.000000,0.000000,0.000000,20.000000,0.000000,0.000000,0.000000,0.000000,0.012160,0.000000,0.910900,19.467676,0.049966,-4.583348,20.000000
0.370700,2,"LINK_TORSO_YAW",0.286800,0.200000,0.083900,20.000000,0.000000,0.000000,20.000000,0.000000,0.000000,0.000000,0.000000,0.012160,0.000000,0.910900,19.466786,0.049991,-4.587128,20.000000
0.370800,2,"LINK_TORSO_YAW",0.286800,0.200000,0.084000,20.000000,0.000000,0.000000,20.000000,0.000000,0.000000,0.000000,0.000000,0.012160,0.000000,0.910900,19.465895,0.050015,-4.590907,20.000000
0.370900,2,"LINK_TORSO_YAW",0.286800,0.200000,0.084100,20.000000,0.000000,0.000000,20.000000,0.000000,0.000000,0.000000,0.000000,0.012160,0.000000,0.910900,19.465003,0.050039,-4.594686,20.000000
0.371000,2,"LINK_TORSO_YAW",0.286800,0.200000,0.084200,20.000000,0.000000,0.000000,20.000000,0.000000,0.000000,0.000000,0.000000,0.012160,0.000000,0.910900,19.464110,0.050063,-4.598467,20.000000
0.371100,2,"LINK_TORSO_YAW",0.286800,0.200000,0.084300,20.000000,0.000000,0.000000,20.000000,0.000000,0.000000,0.000000,0.000000,0.012160,0.000000,0.910900,19.463217,0.050086,-4.602249,20.000000
0.371200,2,"LINK_TORSO_YAW",0.286800,0.200000,0.084400,20.000000,0.000000,0.000000,20.000000,0.000000,0.000000,0.000000,0.000000,0.012160,0.000000,0.910900,19.462321,0.050110,-4.606032,20.000000
0.371300,2,"LINK_TORSO_YAW",0.286800,0.200000,0.084500,20.000000,0.000000,0.000000,20.000000,0.000000,0.000000,0.000000,0.000000,0.012160,0.000000,0.910900,19.461425,0.050133,-4.609818,20.000000
0.371400,2,"LINK_TORSO_YAW",0.286800,0.200000,0.084600,20.000000,0.000000,0.000000,20.000000,0.000000,0.000000,0.000000,0.000000,0.012160,0.000000,0.910900,19.460527,0.050156,-4.613607,20.000000
0.371500,2,"LINK_TORSO_YAW",0.286800,0.200000,0.084700,20.000000,0.000000,0.000000,20.000000,0.000000,0.000000,0.000000,0.000000,0.012160,0.000000,0.910900,19.459627,0.050178,-4.617400,20.000000
0.371600,2,"LINK_TORSO_YAW",0.286800,0.200000,0.084800,20.000000,0.000000,0.000000,20.000000,0.000000,0.000000,0.000000,0.000000,0.012160,0.000000,0.910900,19.458726,0.050201,-4.621197,20.000000
0.371700,2,"LINK_TORSO_YAW",0.286800,0.200000,0.084900,20.000000,0.000000,0.000000,20.000000,0.000000,0.000000,0.000000,0.000000,0.012160,0.000000,0.910900,19.457824,0.050223,-4.624995,20.000000
0.371800,2,"LINK_TORSO_YAW",0.286800,0.200000,0.085000,20.000000,0.000000,0.000000,20.000000,0.000000,0.000000,0.000000,0.000000,0.012160,0.000000,0.910900,19.456921,0.050244,-4.628792,20.000000
0.371900,2,"LINK_TORSO_YAW",0.286800,0.200000,0.085100,20.000000,0.000000,0.000000,20.000000,0.000000,0.000000,0.000000,0.000000,0.012160,0.000000,0.910900,19.456016,0.050266,-4.632591,20.000000
0.372000,2,"LINK_TORSO_YAW",0.286800,0.200000,0.085200,20.000000,0.000000,0.000000,20.000000,0.000000,0.000000,0.000000,0.000000,0.012160,0.000000,0.910900,19.455111,0.050287,-4.636391,20.000000
0.372100,2,"LINK_TORSO_YAW",0.286800,0.200000,0.085300,20.000000,0.000000,0.000000,20.000000,0.000000,0.000000,0.000000,0.000000,0.012160,0.000000,0.910900,19.454205,0.050308,-4.640192,20.000000
0.372200,2,"LINK_TORSO_YAW",0.286800,0.200000,0.085400,20.000000,0.000000,0.000000,20.000000,0.000000,0.000000,0.000000,0.000000,0.012160,0.000000,0.910900,19.453298,0.050328,-4.643994,20.000000
0.372300,2,"LINK_TORSO_YAW",0.286800,0.200000,0.085500,20.000000,0.000000,0.000000,20.000000,0.000000,0.000000,0.000000,0.000000,0.012160,0.000000,0.910900,19.452389,0.050349,-4.647798,20.000000
0.372400,2,"LINK_TORSO_YAW",0.286800,0.200000,0.085600,20.000000,0.000000,0.000000,20.000000,0.000000,0.000000,0.000000,0.000000,0.012160,0.000000,0.910900,19.451479,0.050369,-4.651604,20.000000
0.372500,2,"LINK_TORSO_YAW",0.286800,0.200000,0.085700,20.000000,0.000000,0.000000,20.000000,0.000000,0.000000,0.000000,0.000000,0.012160,0.000000,0.910900,19.450568,0.050389,-4.655411,20.000000
0.372600,2,"LINK_TORSO_YAW",0.286800,0.200000,0.085800,20.000000,0.000000,0.000000,20.000000,0.000000,0.000000,0.000000,0.000000,0.012160,0.000000,0.910900,19.449656,0.050410,-4.659221,20.000000
0.372700,2,"LINK_TORSO_YAW",0.286800,0.200000,0.085900,20.000000,0.000000,0.000000,20.000000,0.000000,0.000000,0.000000,0.000000,0.012160,0.000000,0.910900,19.448742,0.050430,-4.663035,20.000000
0.372800,2,"LINK_TORSO_YAW",0.286800,0.200000,0.086000,20.000000,0.000000,0.000000,20.000000,0.000000,0.000000,0.000000,0.000000,0.012160,0.000000,0.910900,19.447828,0.050451,-4.666847,20.000000
0.372900,2,"LINK_TORSO_YAW",0.286800,0.200000,0.086100,20.000000,0.000000,0.000000,20.000000,0.000000,0.000000,0.000000,0.000000,0.012160,0.000000,0.910900,19.446912,0.050471,-4.670659,20.000000
0.373000,2,"LINK_TORSO_YAW",0.286800,0.200000,0.086200,20.000000,0.000000,0.000000,20.000000,0.000000,0.000000,0.000000,0.000000,0.012160,0.000000,0.910900,19.445996,0.050492,-4.674470,20.000000
0.373100,2,"LINK_TORSO_YAW",0.286800,0.200000,0.086300,20.000000,0.000000,0.000000,20.000000,0.000000,0.000000,0.000000,0.000000,0.012160,0.000000,0.910900,19.445080,0.050513,-4.678283,20.000000
0.373200,2,"LINK_TORSO_YAW",0.286800,0.200000,0.086400,20.000000,0.000000,0.000000,20.000000,0.000000,0.000000,0.000000,0.000000,0.012160,0.000000,0.910900,19.444162,0.050535,-4.682096,20.000000
0.373300,2,"LINK_TORSO_YAW",0.286800,0.200000,0.086500,20.000000,0.000000,0.000000,20.000000,0.000000,0.000000,0.000000,0.000000,0.012160,0.000000,0.910900,19.443243,0.050557,-4.685911,20.000000
0.373400,2,"LINK_TORSO_YAW",0.286800,0.200000,0.086600,20.000000,0.000000,0.000000,20.000000,0.000000,0.000000,0.000000,0.000000,0.012160,0.000000,0.910900,19.442322,0.050580,-4.689727,20.000000
0.373500,2,"LINK_TORSO_YAW",0.286800,0.200000,0.086700,20.000000,0.000000,0.000000,20.000000,0.000000,0.000000,0.000000,0.000000,0.012160,0.000000,0.910900,19.441401,0.050602,-4.693545,20.000000
0.373600,2,"LINK_TORSO_YAW",0.286800,0.200000,0.086800,20.000000,0.000000,0.000000,20.000000,0.000000,0.000000,0.000000,0.000000,0.012160,0.000000,0.910900,19.440478,0.050625,-4.697365,20.000000
0.373700,2,"LINK_TORSO_YAW",0.286800,0.200000,0.086900,20.000000,0.000000,0.000000,20.000000,0.000000,0.000000,0.000000,0.000000,0.012160,0.000000,0.910900,19.439554,0.050648,-4.701188,20.000000
0.373800,2,"LINK_TORSO_YAW",0.286800,0.200000,0.087000,20.000000,0.000000,0.000000,20.000000,0.000000,0.000000,0.000000,0.000000,0.012160,0.000000,0.910900,19.438628,0.050670,-4.705014,20.000000
0.373900,2,"LINK_TORSO_YAW",0.286800,0.200000,0.087100,20.000000,0.000000,0.000000,20.000000,0.000000,0.000000,0.000000,0.000000,0.012160,0.000000,0.910900,19.437702,0.050693,-4.708839,20.000000
0.374000,2,"LINK_TORSO_YAW",0.286800,0.200000,0.087200,20.000000,0.000000,0.000000,20.000000,0.000000,0.000000,0.000000,0.000000,0.012160,0.000000,0.910900,19.436775,0.050715,-4.712665,20.000000
0.374100,2,"LINK_TORSO_YAW",0.286800,0.200000,0.087300,20.000000,0.000000,0.000000,20.000000,0.000000,0.000000,0.000000,0.000000,0.012160,0.000000,0.910900,19.435847,0.050737,-4.716490,20.000000
0.374200,2,"LINK_TORSO_YAW",0.286800,0.200000,0.087400,20.000000,0.000000,0.000000,20.000000,0.000000,0.000000,0.000000,0.000000,0.012160,0.000000,0.910900,19.434918,0.050758,-4.720317,20.000000
0.374300,2,"LINK_TORSO_YAW",0.286800,0.200000,0.087500,20.000000,0.000000,0.000000,20.000000,0.000000,0.000000,0.000000,0.000000,0.012160,0.000000,0.910900,19.433988,0.050779,-4.724144,20.000000
0.374400,2,"LINK_TORSO_YAW",0.286800,0.200000,0.087600,20.000000,0.000000,0.000000,20.000000,0.000000,0.000000,0.000000,0.000000,0.012160,0.000000,0.910900,19.433057,0.050800,-4.727973,20.000000
0.374500,2,"LINK_TORSO_YAW",0.286800,0.200000,0.087700,20.000000,0.000000,0.000000,20.000000,0.000000,0.000000,0.000000,0.000000,0.012160,0.000000,0.910900,19.432124,0.050820,-4.731803,20.000000
0.374600,2,"LINK_TORSO_YAW",0.286800,0.200000,0.087800,20.000000,0.000000,0.000000,20.000000,0.000000,0.000000,0.000000,0.000000,0.012160,0.000000,0.910900,19.431191,0.050840,-4.735636,20.000000
0.374700,2,"LINK_TORSO_YAW",0.286800,0.200000,0.087900,20.000000,0.000000,0.000000,20.000000,0.000000,0.000000,0.000000,0.000000,0.012160,0.000000,0.910900,19.430256,0.050861,-4.739471,20.000000
0.374800,2,"LINK_TORSO_YAW",0.286800,0.200000,0.088000,20.000000,0.000000,0.000000,20.000000,0.000000,0.000000,0.000000,0.000000,0.012160,0.000000,0.910900,19.429319,0.050882,-4.743309,20.000000
0.374900,2,"LINK_TORSO_YAW",0.286800,0.200000,0.088100,20.000000,0.000000,0.000000,20.000000,0.000000,0.000000,0.000000,0.000000,0.012160,0.000000,0.910900,19.428380,0.050902,-4.747152,20.000000
0.375000,2,"LINK_TORSO_YAW",0.286800,0.200000,0.088200,20.000000,0.000000,0.000000,20.000000,0.000000,0.000000,0.000000,0.000000,0.012160,0.000000,0.910900,19.427441,0.050923,-4.750993,20.000000
0.375100,2,"LINK_TORSO_YAW",0.286800,0.200000,0.088300,20.000000,0.000000,0.000000,20.000000,0.000000,0.000000,0.000000,0.000000,0.012160,0.000000,0.910900,19.426501,0.050944,-4.754835,20.000000
0.375200,2,"LINK_TORSO_YAW",0.286800,0.200000,0.088400,20.000000,0.000000,0.000000,20.000000,0.000000,0.000000,0.000000,0.000000,0.012160,0.000000,0.910900,19.425561,0.050965,-4.758676,20.000000
0.375300,2,"LINK_TORSO_YAW",0.286800,0.200000,0.088500,20.000000,0.000000,0.000000,20.000000,0.000000,0.000000,0.000000,0.000000,0.012160,0.000000,0.910900,19.424619,0.050986,-4.762519,20.000000
0.375400,2,"LINK_TORSO_YAW",0.286800,0.200000,0.088600,20.000000,0.000000,0.000000,20.000000,0.000000,0.000000,0.000000,0.000000,0.012160,0.000000,0.910900,19.423676,0.051008,-4.766363,20.000000
0.375500,2,"LINK_TORSO_YAW",0.286800,0.200000,0.088700,20.000000,0.000000,0.000000,20.000000,0.000000,0.000000,0.000000,0.000000,0.012160,0.000000,0.910900,19.422732,0.051030,-4.770208,20.000000
0.375600,2,"LINK_TORSO_YAW",0.286800,0.200000,0.088800,20.000000,0.000000,0.000000,20.000000,0.000000,0.000000,0.000000,0.000000,0.012160,0.000000,0.910900,19.421787,0.051053,-4.774055,20.000000
0.375700,2,"LINK_TORSO_YAW",0.286800,0.200000,0.088900,20.000000,0.000000,0.000000,20.000000,0.000000,0.000000,0.000000,0.000000,0.012160,0.000000,0.910900,19.420840,0.051075,-4.777904,20.000000
0.375800,2,"LINK_TORSO_YAW",0.286800,0.200000,0.089000,20.000000,0.000000,0.000000,20.000000,0.000000,0.000000,0.000000,0.000000,0.012160,0.000000,0.910900,19.419892,0.051098,-4.781755,20.000000
0.375900,2,"LINK_TORSO_YAW",0.286800,0.200000,0.089100,20.000000,0.000000,0.000000,20.000000,0.000000,0.000000,0.000000,0.000000,0.012160,0.000000,0.910900,19.418942,0.051120,-4.785610,20.000000
0.376000,2,"LINK_TORSO_YAW",0.286800,0.200000,0.089200,20.000000,0.000000,0.000000,20.000000,0.000000,0.000000,0.000000,0.000000,0.012160,0.000000,0.910900,19.417991,0.051142,-4.789468,20.000000
0.376100,2,"LINK_TORSO_YAW",0.286800,0.200000,0.089300,20.000000,0.000000,0.000000,20.000000,0.000000,0.000000,0.000000,0.000000,0.012160,0.000000,0.910900,19.417038,0.051164,-4.793330,20.000000
0.376200,2,"LINK_TORSO_YAW",0.286800,0.200000,0.089400,20.000000,0.000000,0.000000,20.000000,0.000000,0.000000,0.000000,0.000000,0.012160,0.000000,0.910900,19.416084,0.051186,-4.797191,20.000000
0.376300,2,"LINK_TORSO_YAW",0.286800,0.200000,0.089500,20.000000,0.000000,0.000000,20.000000,0.000000,0.000000,0.000000,0.000000,0.012160,0.000000,0.910900,19.415130,0.051208,-4.801053,20.000000
0.376400,2,"LINK_TORSO_YAW",0.286800,0.200000,0.089600,20.000000,0.000000,0.000000,20.000000,0.000000,0.000000,0.000000,0.000000,0.012160,0.000000,0.910900,19.414175,0.051229,-4.804914,20.000000
0.376500,2,"LINK_TORSO_YAW",0.286800,0.200000,0.089700,20.000000,0.000000,0.000000,20.000000,0.000000,0.000000,0.000000,0.000000,0.012160,0.000000,0.910900,19.413218,0.051250,-4.808777,20.000000
0.376600,2,"LINK_TORSO_YAW",0.286800,0.200000,0.089800,20.000000,0.000000,0.000000,20.000000,0.000000,0.000000,0.000000,0.000000,0.012160,0.000000,0.910900,19.412261,0.051271,-4.812640,20.000000
0.376700,2,"LINK_TORSO_YAW",0.286800,0.200000,0.089900,20.000000,0.000000,0.000000,20.000000,0.000000,0.000000,0.000000,0.000000,0.012160,0.000000,0.910900,19.411302,0.051292,-4.816505,20.000000
0.376800,2,"LINK_TORSO_YAW",0.286800,0.200000,0.090000,20.000000,0.000000,0.000000,20.000000,0.000000,0.000000,0.000000,0.000000,0.012160,0.000000,0.910900,19.410342,0.051313,-4.820371,20.000000
0.376900,2,"LINK_TORSO_YAW",0.286800,0.200000,0.090100,20.000000,0.000000,0.000000,20.000000,0.000000,0.000000,0.000000,0.000000,0.012160,0.000000,0.910900,19.409381,0.051333,-4.824240,20.000000
0.377000,2,"LINK_TORSO_YAW",0.286800,0.200000,0.090200,20.000000,0.000000,0.000000,20.000000,0.000000,0.000000,0.000000,0.000000,0.012160,0.000000,0.910900,19.408419,0.051353,-4.828110,20.000000
0.377100,2,"LINK_TORSO_YAW",0.286800,0.200000,0.090300,20.000000,0.000000,0.000000,20.000000,0.000000,0.000000,0.000000,0.000000,0.012160,0.000000,0.910900,19.407455,0.051374,-4.831984,20.000000
0.377200,2,"LINK_TORSO_YAW",0.286800,0.200000,0.090400,20.000000,0.000000,0.000000,20.000000,0.000000,0.000000,0.000000,0.000000,0.012160,0.000000,0.910900,19.406490,0.051394,-4.835857,20.000000
0.377300,2,"LINK_TORSO_YAW",0.286800,0.200000,0.090500,20.000000,0.000000,0.000000,20.000000,0.000000,0.000000,0.000000,0.000000,0.012160,0.000000,0.910900,19.405525,0.051415,-4.839729,20.000000
0.377400,2,"LINK_TORSO_YAW",0.286800,0.200000,0.090600,20.000000,0.000000,0.000000,20.000000,0.000000,0.000000,0.000000,0.000000,0.012160,0.000000,0.910900,19.404558,0.051434,-4.843601,20.000000
0.377500,2,"LINK_TORSO_YAW",0.286800,0.200000,0.090700,20.000000,0.000000,0.000000,20.000000,0.000000,0.000000,0.000000,0.000000,0.012160,0.000000,0.910900,19.403591,0.051454,-4.847474,20.000000
0.377600,2,"LINK_TORSO_YAW",0.286800,0.200000,0.090800,20.000000,0.000000,0.000000,20.000000,0.000000,0.000000,0.000000,0.000000,0.012160,0.000000,0.910900,19.402623,0.051474,-4.851349,20.000000
0.377700,2,"LINK_TORSO_YAW",0.286800,0.200000,0.090900,20.000000,0.000000,0.000000,20.000000,0.000000,0.000000,0.000000,0.000000,0.012160,0.000000,0.910900,19.401653,0.051493,-4.855225,20.000000
0.377800,2,"LINK_TORSO_YAW",0.286800,0.200000,0.091000,20.000000,0.000000,0.000000,20.000000,0.000000,0.000000,0.000000,0.000000,0.012160,0.000000,0.910900,19.400682,0.051513,-4.859103,20.000000
0.377900,2,"LINK_TORSO_YAW",0.286800,0.200000,0.091100,20.000000,0.000000,0.000000,20.000000,0.000000,0.000000,0.000000,0.000000,0.012160,0.000000,0.910900,19.399710,0.051532,-4.862982,20.000000
0.378000,2,"LINK_TORSO_YAW",0.286800,0.200000,0.091200,20.000000,0.000000,0.000000,20.000000,0.000000,0.000000,0.000000,0.000000,0.012160,0.000000,0.910900,19.398736,0.051552,-4.866866,20.000000
0.378100,2,"LINK_TORSO_YAW",0.286800,0.200000,0.091300,20.000000,0.000000,0.000000,20.000000,0.000000,0.000000,0.000000,0.000000,0.012160,0.000000,0.910900,19.397760,0.051571,-4.870753,20.000000
0.378200,2,"LINK_TORSO_YAW",0.286800,0.200000,0.091400,20.000000,0.000000,0.000000,20.000000,0.000000,0.000000,0.000000,0.000000,0.012160,0.000000,0.910900,19.396783,0.051590,-4.874643,20.000000
0.378300,2,"LINK_TORSO_YAW",0.286800,0.200000,0.091500,20.000000,0.000000,0.000000,20.000000,0.000000,0.000000,0.000000,0.000000,0.012160,0.000000,0.910900,19.395804,0.051609,-4.878537,20.000000
0.378400,2,"LINK_TORSO_YAW",0.286800,0.200000,0.091600,20.000000,0.000000,0.000000,20.000000,0.000000,0.000000,0.000000,0.000000,0.012160,0.000000,0.910900,19.394824,0.051628,-4.882430,20.000000
0.378500,2,"LINK_TORSO_YAW",0.286800,0.200000,0.091700,20.000000,0.000000,0.000000,20.000000,0.000000,0.000000,0.000000,0.000000,0.012160,0.000000,0.910900,19.393844,0.051647,-4.886322,20.000000
0.378600,2,"LINK_TORSO_YAW",0.286800,0.200000,0.091800,20.000000,0.000000,0.000000,20.000000,0.000000,0.000000,0.000000,0.000000,0.012160,0.000000,0.910900,19.392863,0.051667,-4.890215,20.000000
0.378700,2,"LINK_TORSO_YAW",0.286800,0.200000,0.091900,20.000000,0.000000,0.000000,20.000000,0.000000,0.000000,0.000000,0.000000,0.012160,0.000000,0.910900,19.391881,0.051686,-4.894107,20.000000
0.378800,2,"LINK_TORSO_YAW",0.286800,0.200000,0.092000,20.000000,0.000000,0.000000,20.000000,0.000000,0.000000,0.000000,0.000000,0.012160,0.000000,0.910900,19.390898,0.051706,-4.898001,20.000000
0.378900,2,"LINK_TORSO_YAW",0.286800,0.200000,0.092100,20.000000,0.000000,0.000000,20.000000,0.000000,0.000000,0.000000,0.000000,0.012160,0.000000,0.910900,19.389913,0.051727,-4.901896,20.000000
0.379000,2,"LINK_TORSO_YAW",0.286800,0.200000,0.092200,20.000000,0.000000,0.000000,20.000000,0.000000,0.000000,0.000000,0.000000,0.012160,0.000000,0.910900,19.388928,0.051748,-4.905794,20.000000
0.379100,2,"LINK_TORSO_YAW",0.286800,0.200000,0.092300,20.000000,0.000000,0.000000,20.000000,0.000000,0.000000,0.000000,0.000000,0.012160,0.000000,0.910900,19.387940,0.051770,-4.909693,20.000000
0.379200,2,"LINK_TORSO_YAW",0.286800,0.200000,0.092400,20.000000,0.000000,0.000000,20.000000,0.000000,0.000000,0.000000,0.000000,0.012160,0.000000,0.910900,19.386952,0.051793,-4.913595,20.000000
0.379300,2,"LINK_TORSO_YAW",0.286800,0.200000,0.092500,20.000000,0.000000,0.000000,20.000000,0.000000,0.000000,0.000000,0.000000,0.012160,0.000000,0.910900,19.385962,0.051815,-4.917500,20.000000
0.379400,2,"LINK_TORSO_YAW",0.286800,0.200000,0.092600,20.000000,0.000000,0.000000,20.000000,0.000000,0.000000,0.000000,0.000000,0.012160,0.000000,0.910900,19.384970,0.051838,-4.921409,20.000000
0.379500,2,"LINK_TORSO_YAW",0.286800,0.200000,0.092700,20.000000,0.000000,0.000000,20.000000,0.000000,0.000000,0.000000,0.000000,0.012160,0.000000,0.910900,19.383977,0.051860,-4.925316,20.000000
0.379600,2,"LINK_TORSO_YAW",0.286800,0.200000,0.092800,20.000000,0.000000,0.000000,20.000000,0.000000,0.000000,0.000000,0.000000,0.012160,0.000000,0.910900,19.382984,0.051882,-4.929223,20.000000
0.379700,2,"LINK_TORSO_YAW",0.286800,0.200000,0.092900,20.000000,0.000000,0.000000,20.000000,0.000000,0.000000,0.000000,0.000000,0.012160,0.000000,0.910900,19.381990,0.051904,-4.933129,20.000000
0.379800,2,"LINK_TORSO_YAW",0.286800,0.200000,0.093000,20.000000,0.000000,0.000000,20.000000,0.000000,0.000000,0.000000,0.000000,0.012160,0.000000,0.910900,19.380995,0.051926,-4.937036,20.000000
0.379900,2,"LINK_TORSO_YAW",0.286800,0.200000,0.093100,20.000000,0.000000,0.000000,20.000000,0.000000,0.000000,0.000000,0.000000,0.012160,0.000000,0.910900,19.379999,0.051947,-4.940944,20.000000
0.380000,2,"LINK_TORSO_YAW",0.286800,0.200000,0.093200,20.000000,0.000000,0.000000,20.000000,0.000000,0.000000,0.000000,0.000000,0.012160,0.000000,0.910900,19.379002,0.051968,-4.944854,20.000000
0.380100,2,"LINK_TORSO_YAW",0.286800,0.200000,0.093300,20.000000,0.000000,0.000000,20.000000,0.000000,0.000000,0.000000,0.000000,0.012160,0.000000,0.910900,19.378004,0.051988,-4.948765,20.000000
0.380200,2,"LINK_TORSO_YAW",0.286800,0.200000,0.093400,20.000000,0.000000,0.000000,20.000000,0.000000,0.000000,0.000000,0.000000,0.012160,0.000000,0.910900,19.377004,0.052008,-4.952679,20.000000
0.380300,2,"LINK_TORSO_YAW",0.286800,0.200000,0.093500,20.000000,0.000000,0.000000,20.000000,0.000000,0.000000,0.000000,0.000000,0.012160,0.000000,0.910900,19.376002,0.052028,-4.956596,20.000000
0.380400,2,"LINK_TORSO_YAW",0.286800,0.200000,0.093600,20.000000,0.000000,0.000000,20.000000,0.000000,0.000000,0.000000,0.000000,0.012160,0.000000,0.910900,19.374999,0.052048,-4.960515,20.000000
0.380500,2,"LINK_TORSO_YAW",0.286800,0.200000,0.093700,20.000000,0.000000,0.000000,20.000000,0.000000,0.000000,0.000000,0.000000,0.012160,0.000000,0.910900,19.373994,0.052069,-4.964440,20.000000
0.380600,2,"LINK_TORSO_YAW",0.286800,0.200000,0.093800,20.000000,0.000000,0.000000,20.000000,0.000000,0.000000,0.000000,0.000000,0.012160,0.000000,0.910900,19.372988,0.052090,-4.968363,20.000000
0.380700,2,"LINK_TORSO_YAW",0.286800,0.200000,0.093900,20.000000,0.000000,0.000000,20.000000,0.000000,0.000000,0.000000,0.000000,0.012160,0.000000,0.910900,19.371981,0.052110,-4.972287,20.000000
0.380800,2,"LINK_TORSO_YAW",0.286800,0.200000,0.094000,20.000000,0.000000,0.000000,20.000000,0.000000,0.000000,0.000000,0.000000,0.012160,0.000000,0.910900,19.370973,0.052131,-4.976212,20.000000
0.380900,2,"LINK_TORSO_YAW",0.286800,0.200000,0.094100,20.000000,0.000000,0.000000,20.000000,0.000000,0.000000,0.000000,0.000000,0.012160,0.000000,0.910900,19.369964,0.052151,-4.980137,20.000000
0.381000,2,"LINK_TORSO_YAW",0.286800,0.200000,0.094200,20.000000,0.000000,0.000000,20.000000,0.000000,0.000000,0.000000,0.000000,0.012160,0.000000,0.910900,19.368955,0.052171,-4.984062,20.000000
0.381100,2,"LINK_TORSO_YAW",0.286800,0.200000,0.094300,20.000000,0.000000,0.000000,20.000000,0.000000,0.000000,0.000000,0.000000,0.012160,0.000000,0.910900,19.367944,0.052191,-4.987989,20.000000
0.381200,2,"LINK_TORSO_YAW",0.286800,0.200000,0.094400,20.000000,0.000000,0.000000,20.000000,0.000000,0.000000,0.000000,0.000000,0.012160,0.000000,0.910900,19.366932,0.052211,-4.991917,20.000000
0.381300,2,"LINK_TORSO_YAW",0.286800,0.200000,0.094500,20.000000,0.000000,0.000000,20.000000,0.000000,0.000000,0.000000,0.000000,0.012160,0.000000,0.910900,19.365918,0.052231,-4.995847,20.000000
0.381400,2,"LINK_TORSO_YAW",0.286800,0.200000,0.094600,20.000000,0.000000,0.000000,20.000000,0.000000,0.000000,0.000000,0.000000,0.012160,0.000000,0.910900,19.364903,0.052251,-4.999780,20.000000
0.381500,2,"LINK_TORSO_YAW",0.286800,0.200000,0.094700,20.000000,0.000000,0.000000,20.000000,0.000000,0.000000,0.000000,0.000000,0.012160,0.000000,0.910900,19.363887,0.052272,-5.003715,20.000000
0.381600,2,"LINK_TORSO_YAW",0.286800,0.200000,0.094800,20.000000,0.000000,0.000000,20.000000,0.000000,0.000000,0.000000,0.000000,0.012160,0.000000,0.910900,19.362870,0.052292,-5.007649,20.000000
0.381700,2,"LINK_TORSO_YAW",0.286800,0.200000,0.094900,20.000000,0.000000,0.000000,20.000000,0.000000,0.000000,0.000000,0.000000,0.012160,0.000000,0.910900,19.361851,0.052312,-5.011584,20.000000
0.381800,2,"LINK_TORSO_YAW",0.286800,0.200000,0.095000,20.000000,0.000000,0.000000,20.000000,0.000000,0.000000,0.000000,0.000000,0.012160,0.000000,0.910900,19.360832,0.052333,-5.015520,20.000000
0.381900,2,"LINK_TORSO_YAW",0.286800,0.200000,0.095100,20.000000,0.000000,0.000000,20.000000,0.000000,0.000000,0.000000,0.000000,0.012160,0.000000,0.910900,19.359812,0.052353,-5.019456,20.000000
0.382000,2,"LINK_TORSO_YAW",0.286800,0.200000,0.095200,20.000000,0.000000,0.000000,20.000000,0.000000,0.000000,0.000000,0.000000,0.012160,0.000000,0.910900,19.358791,0.052374,-5.023393,20.000000
0.382100,2,"LINK_TORSO_YAW",0.286800,0.200000,0.095300,20.000000,0.000000,0.000000,20.000000,0.000000,0.000000,0.000000,0.000000,0.012160,0.000000,0.910900,19.357768,0.052395,-5.027331,20.000000
0.382200,2,"LINK_TORSO_YAW",0.286800,0.200000,0.095400,20.000000,0.000000,0.000000,20.000000,0.000000,0.000000,0.000000,0.000000,0.012160,0.000000,0.910900,19.356745,0.052418,-5.031271,20.000000
0.382300,2,"LINK_TORSO_YAW",0.286800,0.200000,0.095500,20.000000,0.000000,0.000000,20.000000,0.000000,0.000000,0.000000,0.000000,0.012160,0.000000,0.910900,19.355720,0.052440,-5.035212,20.000000
0.382400,2,"LINK_TORSO_YAW",0.286800,0.200000,0.095600,20.000000,0.000000,0.000000,20.000000,0.000000,0.000000,0.000000,0.000000,0.012160,0.000000,0.910900,19.354693,0.052463,-5.039156,20.000000
0.382500,2,"LINK_TORSO_YAW",0.286800,0.200000,0.095700,20.000000,0.000000,0.000000,20.000000,0.000000,0.000000,0.000000,0.000000,0.012160,0.000000,0.910900,19.353665,0.052486,-5.043103,20.000000
0.382600,2,"LINK_TORSO_YAW",0.286800,0.200000,0.095800,20.000000,0.000000,0.000000,20.000000,0.000000,0.000000,0.000000,0.000000,0.012160,0.000000,0.910900,19.352636,0.052509,-5.047053,20.000000
0.382700,2,"LINK_TORSO_YAW",0.286800,0.200000,0.095900,20.000000,0.000000,0.000000,20.000000,0.000000,0.000000,0.000000,0.000000,0.012160,0.000000,0.910900,19.351605,0.052532,-5.051001,20.000000
0.382800,2,"LINK_TORSO_YAW",0.286800,0.200000,0.096000,20.000000,0.000000,0.000000,20.000000,0.000000,0.000000,0.000000,0.000000,0.012160,0.000000,0.910900,19.350574,0.052555,-5.054950,20.000000
0.382900,2,"LINK_TORSO_YAW",0.286800,0.200000,0.096100,20.000000,0.000000,0.000000,20.000000,0.000000,0.000000,0.000000,0.000000,0.012160,0.000000,0.910900,19.349542,0.052579,-5.058899,20.000000
0.383000,2,"LINK_TORSO_YAW",0.286800,0.200000,0.096200,20.000000,0.000000,0.000000,20.000000,0.000000,0.000000,0.000000,0.000000,0.012160,0.000000,0.910900,19.348509,0.052602,-5.062849,20.000000
0.383100,2,"LINK_TORSO_YAW",0.286800,0.200000,0.096300,20.000000,0.000000,0.000000,20.000000,0.000000,0.000000,0.000000,0.000000,0.012160,0.000000,0.910900,19.347474,0.052626,-5.066801,20.000000
0.383200,2,"LINK_TORSO_YAW",0.286800,0.200000,0.096400,20.000000,0.000000,0.000000,20.000000,0.000000,0.000000,0.000000,0.000000,0.012160,0.000000,0.910900,19.346439,0.052649,-5.070753,20.000000
0.383300,2,"LINK_TORSO_YAW",0.286800,0.200000,0.096500,20.000000,0.000000,0.000000,20.000000,0.000000,0.000000,0.000000,0.000000,0.012160,0.000000,0.910900,19.345402,0.052672,-5.074707,20.000000
0.383400,2,"LINK_TORSO_YAW",0.286800,0.200000,0.096600,20.000000,0.000000,0.000000,20.000000,0.000000,0.000000,0.000000,0.000000,0.012160,0.000000,0.910900,19.344364,0.052696,-5.078663,20.000000
0.383500,2,"LINK_TORSO_YAW",0.286800,0.200000,0.096700,20.000000,0.000000,0.000000,20.000000,0.000000,0.000000,0.000000,0.000000,0.012160,0.000000,0.910900,19.343324,0.052719,-5.082622,20.000000
0.383600,2,"LINK_TORSO_YAW",0.286800,0.200000,0.096800,20.000000,0.000000,0.000000,20.000000,0.000000,0.000000,0.000000,0.000000,0.012160,0.000000,0.910900,19.342282,0.052741,-5.086583,20.000000
0.383700,2,"LINK_TORSO_YAW",0.286800,0.200000,0.096900,20.000000,0.000000,0.000000,20.000000,0.000000,0.000000,0.000000,0.000000,0.012160,0.000000,0.910900,19.341239,0.052764,-5.090548,20.000000
0.383800,2,"LINK_TORSO_YAW",0.286800,0.200000,0.097000,20.000000,0.000000,0.000000,20.000000,0.000000,0.000000,0.000000,0.000000,0.012160,0.000000,0.910900,19.340195,0.052786,-5.094513,20.000000
0.383900,2,"LINK_TORSO_YAW",0.286800,0.200000,0.097100,20.000000,0.000000,0.000000,20.000000,0.000000,0.000000,0.000000,0.000000,0.012160,0.000000,0.910900,19.339151,0.052808,-5.098477,20.000000
0.384000,2,"LINK_TORSO_YAW",0.286800,0.200000,0.097200,20.000000,0.000000,0.000000,20.000000,0.000000,0.000000,0.000000,0.000000,0.012160,0.000000,0.910900,19.338105,0.052830,-5.102442,20.000000
0.384100,2,"LINK_TORSO_YAW",0.286800,0.200000,0.097300,20.000000,0.000000,0.000000,20.000000,0.000000,0.000000,0.000000,0.000000,0.012160,0.000000,0.910900,19.337058,0.052852,-5.106409,20.000000
0.384200,2,"LINK_TORSO_YAW",0.286800,0.200000,0.097400,20.000000,0.000000,0.000000,20.000000,0.000000,0.000000,0.000000,0.000000,0.012160,0.000000,0.910900,19.336009,0.052874,-5.110377,20.000000
0.384300,2,"LINK_TORSO_YAW",0.286800,0.200000,0.097500,20.000000,0.000000,0.000000,20.000000,0.000000,0.000000,0.000000,0.000000,0.012160,0.000000,0.910900,19.334959,0.052896,-5.114347,20.000000
0.384400,2,"LINK_TORSO_YAW",0.286800,0.200000,0.097600,20.000000,0.000000,0.000000,20.000000,0.000000,0.000000,0.000000,0.000000,0.012160,0.000000,0.910900,19.333908,0.052918,-5.118319,20.000000
0.384500,2,"LINK_TORSO_YAW",0.286800,0.200000,0.097700,20.000000,0.000000,0.000000,20.000000,0.000000,0.000000,0.000000,0.000000,0.012160,0.000000,0.910900,19.332856,0.052939,-5.122292,20.000000
0.384600,2,"LINK_TORSO_YAW",0.286800,0.200000,0.097800,20.000000,0.000000,0.000000,20.000000,0.000000,0.000000,0.000000,0.000000,0.012160,0.000000,0.910900,19.331802,0.052960,-5.126268,20.000000
0.384700,2,"LINK_TORSO_YAW",0.286800,0.200000,0.097900,20.000000,0.000000,0.000000,20.000000,0.000000,0.000000,0.000000,0.000000,0.012160,0.000000,0.910900,19.330747,0.052981,-5.130247,20.000000
0.384800,2,"LINK_TORSO_YAW",0.286800,0.200000,0.098000,20.000000,0.000000,0.000000,20.000000,0.000000,0.000000,0.000000,0.000000,0.012160,0.000000,0.910900,19.329689,0.053002,-5.134228,20.000000
0.384900,2,"LINK_TORSO_YAW",0.286800,0.200000,0.098100,20.000000,0.000000,0.000000,20.000000,0.000000,0.000000,0.000000,0.000000,0.012160,0.000000,0.910900,19.328630,0.053023,-5.138213,20.000000
0.385000,2,"LINK_TORSO_YAW",0.286800,0.200000,0.098200,20.000000,0.000000,0.000000,20.000000,0.000000,0.000000,0.000000,0.000000,0.012160,0.000000,0.910900,19.327571,0.053045,-5.142197,20.000000
0.385100,2,"LINK_TORSO_YAW",0.286800,0.200000,0.098300,20.000000,0.000000,0.000000,20.000000,0.000000,0.000000,0.000000,0.000000,0.012160,0.000000,0.910900,19.326511,0.053066,-5.146180,20.000000
0.385200,2,"LINK_TORSO_YAW",0.286800,0.200000,0.098400,20.000000,0.000000,0.000000,20.000000,0.000000,0.000000,0.000000,0.000000,0.012160,0.000000,0.910900,19.325450,0.053087,-5.150163,20.000000
0.385300,2,"LINK_TORSO_YAW",0.286800,0.200000,0.098500,20.000000,0.000000,0.000000,20.000000,0.000000,0.000000,0.000000,0.000000,0.012160,0.000000,0.910900,19.324387,0.053108,-5.154147,20.000000
0.385400,2,"LINK_TORSO_YAW",0.286800,0.200000,0.098600,20.000000,0.000000,0.000000,20.000000,0.000000,0.000000,0.000000,0.000000,0.012160,0.000000,0.910900,19.323324,0.053130,-5.158132,20.000000
0.385500,2,"LINK_TORSO_YAW",0.286800,0.200000,0.098700,20.000000,0.000000,0.000000,20.000000,0.000000,0.000000,0.000000,0.000000,0.012160,0.000000,0.910900,19.322259,0.053151,-5.162118,20.000000
0.385600,2,"LINK_TORSO_YAW",0.286800,0.200000,0.098800,20.000000,0.000000,0.000000,20.000000,0.000000,0.000000,0.000000,0.000000,0.012160,0.000000,0.910900,19.321193,0.053173,-5.166106,20.000000
0.385700,2,"LINK_TORSO_YAW",0.286800,0.200000,0.098900,20.000000,0.000000,0.000000,20.000000,0.000000,0.000000,0.000000,0.000000,0.012160,0.000000,0.910900,19.320126,0.053196,-5.170097,20.000000
0.385800,2,"LINK_TORSO_YAW",0.286800,0.200000,0.099000,20.000000,0.000000,0.000000,20.000000,0.000000,0.000000,0.000000,0.000000,0.012160,0.000000,0.910900,19.319056,0.053219,-5.174092,20.000000
0.385900,2,"LINK_TORSO_YAW",0.286800,0.200000,0.099100,20.000000,0.000000,0.000000,20.000000,0.000000,0.000000,0.000000,0.000000,0.012160,0.000000,0.910900,19.317985,0.053242,-5.178090,20.000000
0.386000,2,"LINK_TORSO_YAW",0.286800,0.200000,0.099200,20.000000,0.000000,0.000000,20.000000,0.000000,0.000000,0.000000,0.000000,0.012160,0.000000,0.910900,19.316912,0.053267,-5.182092,20.000000
0.386100,2,"LINK_TORSO_YAW",0.286800,0.200000,0.099300,20.000000,0.000000,0.000000,20.000000,0.000000,0.000000,0.000000,0.000000,0.012160,0.000000,0.910900,19.315838,0.053291,-5.186093,20.000000
0.386200,2,"LINK_TORSO_YAW",0.286800,0.200000,0.099400,20.000000,0.000000,0.000000,20.000000,0.000000,0.000000,0.000000,0.000000,0.012160,0.000000,0.910900,19.314763,0.053316,-5.190094,20.000000
0.386300,2,"LINK_TORSO_YAW",0.286800,0.200000,0.099500,20.000000,0.000000,0.000000,20.000000,0.000000,0.000000,0.000000,0.000000,0.012160,0.000000,0.910900,19.313688,0.053341,-5.194095,20.000000
0.386400,2,"LINK_TORSO_YAW",0.286800,0.200000,0.099600,20.000000,0.000000,0.000000,20.000000,0.000000,0.000000,0.000000,0.000000,0.012160,0.000000,0.910900,19.312611,0.053366,-5.198096,20.000000
0.386500,2,"LINK_TORSO_YAW",0.286800,0.200000,0.099700,20.000000,0.000000,0.000000,20.000000,0.000000,0.000000,0.000000,0.000000,0.012160,0.000000,0.910900,19.311533,0.053390,-5.202098,20.000000
0.386600,2,"LINK_TORSO_YAW",0.286800,0.200000,0.099800,20.000000,0.000000,0.000000,20.000000,0.000000,0.000000,0.000000,0.000000,0.012160,0.000000,0.910900,19.310455,0.053415,-5.206101,20.000000
0.386700,2,"LINK_TORSO_YAW",0.286800,0.200000,0.099900,20.000000,0.000000,0.000000,20.000000,0.000000,0.000000,0.000000,0.000000,0.012160,0.000000,0.910900,19.309374,0.053439,-5.210106,20.000000
0.386800,2,"LINK_TORSO_YAW",0.286800,0.200000,0.100000,20.000000,0.000000,0.000000,20.000000,0.000000,0.000000,0.000000,0.000000,0.012160,0.000000,0.910900,19.308293,0.053463,-5.214112,20.000000
0.386900,2,"LINK_TORSO_YAW",0.286800,0.200000,0.100100,20.000000,0.000000,0.000000,20.000000,0.000000,0.000000,0.000000,0.000000,0.012160,0.000000,0.910900,19.307210,0.053486,-5.218121,20.000000
0.387000,2,"LINK_TORSO_YAW",0.286800,0.200000,0.100200,20.000000,0.000000,0.000000,20.000000,0.000000,0.000000,0.000000,0.000000,0.012160,0.000000,0.910900,19.306125,0.053510,-5.222133,20.000000
0.387100,2,"LINK_TORSO_YAW",0.286800,0.200000,0.100300,20.000000,0.000000,0.000000,20.000000,0.000000,0.000000,0.000000,0.000000,0.012160,0.000000,0.910900,19.305038,0.053532,-5.226149,20.000000
0.387200,2,"LINK_TORSO_YAW",0.286800,0.200000,0.100400,20.000000,0.000000,0.000000,20.000000,0.000000,0.000000,0.000000,0.000000,0.012160,0.000000,0.910900,19.303951,0.053555,-5.230163,20.000000
0.387300,2,"LINK_TORSO_YAW",0.286800,0.200000,0.100500,20.000000,0.000000,0.000000,20.000000,0.000000,0.000000,0.000000,0.000000,0.012160,0.000000,0.910900,19.302863,0.053577,-5.234177,20.000000
0.387400,2,"LINK_TORSO_YAW",0.286800,0.200000,0.100600,20.000000,0.000000,0.000000,20.000000,0.000000,0.000000,0.000000,0.000000,0.012160,0.000000,0.910900,19.301774,0.053598,-5.238192,20.000000
0.387500,2,"LINK_TORSO_YAW",0.286800,0.200000,0.100700,20.000000,0.000000,0.000000,20.000000,0.000000,0.000000,0.000000,0.000000,0.012160,0.000000,0.910900,19.300683,0.053620,-5.242208,20.000000
0.387600,2,"LINK_TORSO_YAW",0.286800,0.200000,0.100800,20.000000,0.000000,0.000000,20.000000,0.000000,0.000000,0.000000,0.000000,0.012160,0.000000,0.910900,19.299592,0.053642,-5.246225,20.000000
0.387700,2,"LINK_TORSO_YAW",0.286800,0.200000,0.100900,20.000000,0.000000,0.000000,20.000000,0.000000,0.000000,0.000000,0.000000,0.012160,0.000000,0.910900,19.298499,0.053663,-5.250243,20.000000
0.387800,2,"LINK_TORSO_YAW",0.286800,0.200000,0.101000,20.000000,0.000000,0.000000,20.000000,0.000000,0.000000,0.000000,0.000000,0.012160,0.000000,0.910900,19.297405,0.053685,-5.254264,20.000000
0.387900,2,"LINK_TORSO_YAW",0.286800,0.200000,0.101100,20.000000,0.000000,0.000000,20.000000,0.000000,0.000000,0.000000,0.000000,0.012160,0.000000,0.910900,19.296308,0.053706,-5.258289,20.000000
0.388000,2,"LINK_TORSO_YAW",0.286800,0.200000,0.101200,20.000000,0.000000,0.000000,20.000000,0.000000,0.000000,0.000000,0.000000,0.012160,0.000000,0.910900,19.295210,0.053727,-5.262317,20.000000
0.388100,2,"LINK_TORSO_YAW",0.286800,0.200000,0.101300,20.000000,0.000000,0.000000,20.000000,0.000000,0.000000,0.000000,0.000000,0.012160,0.000000,0.910900,19.294110,0.053749,-5.266349,20.000000
0.388200,2,"LINK_TORSO_YAW",0.286800,0.200000,0.101400,20.000000,0.000000,0.000000,20.000000,0.000000,0.000000,0.000000,0.000000,0.012160,0.000000,0.910900,19.293008,0.053771,-5.270384,20.000000
0.388300,2,"LINK_TORSO_YAW",0.286800,0.200000,0.101500,20.000000,0.000000,0.000000,20.000000,0.000000,0.000000,0.000000,0.000000,0.012160,0.000000,0.910900,19.291906,0.053793,-5.274418,20.000000
0.388400,2,"LINK_TORSO_YAW",0.286800,0.200000,0.101600,20.000000,0.000000,0.000000,20.000000,0.000000,0.000000,0.000000,0.000000,0.012160,0.000000,0.910900,19.290802,0.053815,-5.278451,20.000000
0.388500,2,"LINK_TORSO_YAW",0.286800,0.200000,0.101700,20.000000,0.000000,0.000000,20.000000,0.000000,0.000000,0.000000,0.000000,0.012160,0.000000,0.910900,19.289698,0.053836,-5.282484,20.000000
0.388600,2,"LINK_TORSO_YAW",0.286800,0.200000,0.101800,20.000000,0.000000,0.000000,20.000000,0.000000,0.000000,0.000000,0.000000,0.012160,0.000000,0.910900,19.288593,0.053858,-5.286517,20.000000
0.388700,2,"LINK_TORSO_YAW",0.286800,0.200000,0.101900,20.000000,0.000000,0.000000,20.000000,0.000000,0.000000,0.000000,0.000000,0.012160,0.000000,0.910900,19.287487,0.053879,-5.290551,20.000000
0.388800,2,"LINK_TORSO_YAW",0.286800,0.200000,0.102000,20.000000,0.000000,0.000000,20.000000,0.000000,0.000000,0.000000,0.000000,0.012160,0.000000,0.910900,19.286380,0.053900,-5.294586,20.000000
0.388900,2,"LINK_TORSO_YAW",0.286800,0.200000,0.102100,20.000000,0.000000,0.000000,20.000000,0.000000,0.000000,0.000000,0.000000,0.012160,0.000000,0.910900,19.285271,0.053922,-5.298623,20.000000
0.389000,2,"LINK_TORSO_YAW",0.286800,0.200000,0.102200,20.000000,0.000000,0.000000,20.000000,0.000000,0.000000,0.000000,0.000000,0.012160,0.000000,0.910900,19.284161,0.053943,-5.302661,20.000000
0.389100,2,"LINK_TORSO_YAW",0.286800,0.200000,0.102300,20.000000,0.000000,0.000000,20.000000,0.000000,0.000000,0.000000,0.000000,0.012160,0.000000,0.910900,19.283050,0.053964,-5.306702,20.000000
0.389200,2,"LINK_TORSO_YAW",0.286800,0.200000,0.102400,20.000000,0.000000,0.000000,20.000000,0.000000,0.000000,0.000000,0.000000,0.012160,0.000000,0.910900,19.281936,0.053985,-5.310745,20.000000
0.389300,2,"LINK_TORSO_YAW",0.286800,0.200000,0.102500,20.000000,0.000000,0.000000,20.000000,0.000000,0.000000,0.000000,0.000000,0.012160,0.000000,0.910900,19.280822,0.054006,-5.314791,20.000000
0.389400,2,"LINK_TORSO_YAW",0.286800,0.200000,0.102600,20.000000,0.000000,0.000000,20.000000,0.000000,0.000000,0.000000,0.000000,0.012160,0.000000,0.910900,19.279706,0.054027,-5.318836,20.000000
0.389500,2,"LINK_TORSO_YAW",0.286800,0.200000,0.102700,20.000000,0.000000,0.000000,20.000000,0.000000,0.000000,0.000000,0.000000,0.012160,0.000000,0.910900,19.278590,0.054048,-5.322880,20.000000
0.389600,2,"LINK_TORSO_YAW",0.286800,0.200000,0.102800,20.000000,0.000000,0.000000,20.000000,0.000000,0.000000,0.000000,0.000000,0.012160,0.000000,0.910900,19.277473,0.054069,-5.326924,20.000000
0.389700,2,"LINK_TORSO_YAW",0.286800,0.200000,0.102900,20.000000,0.000000,0.000000,20.000000,0.000000,0.000000,0.000000,0.000000,0.012160,0.000000,0.910900,19.276355,0.054090,-5.330969,20.000000
0.389800,2,"LINK_TORSO_YAW",0.286800,0.200000,0.103000,20.000000,0.000000,0.000000,20.000000,0.000000,0.000000,0.000000,0.000000,0.012160,0.000000,0.910900,19.275235,0.054111,-5.335015,20.000000
0.389900,2,"LINK_TORSO_YAW",0.286800,0.200000,0.103100,20.000000,0.000000,0.000000,20.000000,0.000000,0.000000,0.000000,0.000000,0.012160,0.000000,0.910900,19.274114,0.054132,-5.339062,20.000000
0.390000,2,"LINK_TORSO_YAW",0.286800,0.200000,0.103200,20.000000,0.000000,0.000000,20.000000,0.000000,0.000000,0.000000,0.000000,0.012160,0.000000,0.910900,19.272992,0.054153,-5.343111,20.000000
0.390100,2,"LINK_TORSO_YAW",0.286800,0.200000,0.103300,20.000000,0.000000,0.000000,20.000000,0.000000,0.000000,0.000000,0.000000,0.012160,0.000000,0.910900,19.271868,0.054175,-5.347163,20.000000
0.390200,2,"LINK_TORSO_YAW",0.286800,0.200000,0.103400,20.000000,0.000000,0.000000,20.000000,0.000000,0.000000,0.000000,0.000000,0.012160,0.000000,0.910900,19.270743,0.054197,-5.351219,20.000000
0.390300,2,"LINK_TORSO_YAW",0.286800,0.200000,0.103500,20.000000,0.000000,0.000000,20.000000,0.000000,0.000000,0.000000,0.000000,0.012160,0.000000,0.910900,19.269615,0.054219,-5.355279,20.000000
0.390400,2,"LINK_TORSO_YAW",0.286800,0.200000,0.103600,20.000000,0.000000,0.000000,20.000000,0.000000,0.000000,0.000000,0.000000,0.012160,0.000000,0.910900,19.268485,0.054242,-5.359343,20.000000
0.390500,2,"LINK_TORSO_YAW",0.286800,0.200000,0.103700,20.000000,0.000000,0.000000,20.000000,0.000000,0.000000,0.000000,0.000000,0.012160,0.000000,0.910900,19.267354,0.054266,-5.363406,20.000000
0.390600,2,"LINK_TORSO_YAW",0.286800,0.200000,0.103800,20.000000,0.000000,0.000000,20.000000,0.000000,0.000000,0.000000,0.000000,0.012160,0.000000,0.910900,19.266222,0.054290,-5.367470,20.000000
0.390700,2,"LINK_TORSO_YAW",0.286800,0.200000,0.103900,20.000000,0.000000,0.000000,20.000000,0.000000,0.000000,0.000000,0.000000,0.012160,0.000000,0.910900,19.265090,0.054314,-5.371533,20.000000
0.390800,2,"LINK_TORSO_YAW",0.286800,0.200000,0.104000,20.000000,0.000000,0.000000,20.000000,0.000000,0.000000,0.000000,0.000000,0.012160,0.000000,0.910900,19.263956,0.054339,-5.375597,20.000000
0.390900,2,"LINK_TORSO_YAW",0.286800,0.200000,0.104100,20.000000,0.000000,0.000000,20.000000,0.000000,0.000000,0.000000,0.000000,0.012160,0.000000,0.910900,19.262821,0.054364,-5.379662,20.000000
0.391000,2,"LINK_TORSO_YAW",0.286800,0.200000,0.104200,20.000000,0.000000,0.000000,20.000000,0.000000,0.000000,0.000000,0.000000,0.012160,0.000000,0.910900,19.261685,0.054389,-5.383728,20.000000
0.391100,2,"LINK_TORSO_YAW",0.286800,0.200000,0.104300,20.000000,0.000000,0.000000,20.000000,0.000000,0.000000,0.000000,0.000000,0.012160,0.000000,0.910900,19.260548,0.054414,-5.387796,20.000000
0.391200,2,"LINK_TORSO_YAW",0.286800,0.200000,0.104400,20.000000,0.000000,0.000000,20.000000,0.000000,0.000000,0.000000,0.000000,0.012160,0.000000,0.910900,19.259409,0.054438,-5.391866,20.000000
0.391300,2,"LINK_TORSO_YAW",0.286800,0.200000,0.104500,20.000000,0.000000,0.000000,20.000000,0.000000,0.000000,0.000000,0.000000,0.012160,0.000000,0.910900,19.258268,0.054463,-5.395938,20.000000
0.391400,2,"LINK_TORSO_YAW",0.286800,0.200000,0.104600,20.000000,0.000000,0.000000,20.000000,0.000000,0.000000,0.000000,0.000000,0.012160,0.000000,0.910900,19.257125,0.054487,-5.400014,20.000000
0.391500,2,"LINK_TORSO_YAW",0.286800,0.200000,0.104700,20.000000,0.000000,0.000000,20.000000,0.000000,0.000000,0.000000,0.000000,0.012160,0.000000,0.910900,19.255981,0.054511,-5.404093,20.000000
0.391600,2,"LINK_TORSO_YAW",0.286800,0.200000,0.104800,20.000000,0.000000,0.000000,20.000000,0.000000,0.000000,0.000000,0.000000,0.012160,0.000000,0.910900,19.254836,0.054534,-5.408172,20.000000
0.391700,2,"LINK_TORSO_YAW",0.286800,0.200000,0.104900,20.000000,0.000000,0.000000,20.000000,0.000000,0.000000,0.000000,0.000000,0.012160,0.000000,0.910900,19.253690,0.054558,-5.412250,20.000000
0.391800,2,"LINK_TORSO_YAW",0.286800,0.200000,0.105000,20.000000,0.000000,0.000000,20.000000,0.000000,0.000000,0.000000,0.000000,0.012160,0.000000,0.910900,19.252543,0.054581,-5.416328,20.000000
0.391900,2,"LINK_TORSO_YAW",0.286800,0.200000,0.105100,20.000000,0.000000,0.000000,20.000000,0.000000,0.000000,0.000000,0.000000,0.012160,0.000000,0.910900,19.251395,0.054605,-5.420406,20.000000
0.392000,2,"LINK_TORSO_YAW",0.286800,0.200000,0.105200,20.000000,0.000000,0.000000,20.000000,0.000000,0.000000,0.000000,0.000000,0.012160,0.000000,0.910900,19.250246,0.054628,-5.424486,20.000000
0.392100,2,"LINK_TORSO_YAW",0.286800,0.200000,0.105300,20.000000,0.000000,0.000000,20.000000,0.000000,0.000000,0.000000,0.000000,0.012160,0.000000,0.910900,19.249096,0.054652,-5.428566,20.000000
0.392200,2,"LINK_TORSO_YAW",0.286800,0.200000,0.105400,20.000000,0.000000,0.000000,20.000000,0.000000,0.000000,0.000000,0.000000,0.012160,0.000000,0.910900,19.247944,0.054676,-5.432649,20.000000
0.392300,2,"LINK_TORSO_YAW",0.286800,0.200000,0.105500,20.000000,0.000000,0.000000,20.000000,0.000000,0.000000,0.000000,0.000000,0.012160,0.000000,0.910900,19.246790,0.054700,-5.436734,20.000000
0.392400,2,"LINK_TORSO_YAW",0.286800,0.200000,0.105600,20.000000,0.000000,0.000000,20.000000,0.000000,0.000000,0.000000,0.000000,0.012160,0.000000,0.910900,19.245635,0.054723,-5.440823,20.000000
0.392500,2,"LINK_TORSO_YAW",0.286800,0.200000,0.105700,20.000000,0.000000,0.000000,20.000000,0.000000,0.000000,0.000000,0.000000,0.012160,0.000000,0.910900,19.244477,0.054747,-5.444915,20.000000
0.392600,2,"LINK_TORSO_YAW",0.286800,0.200000,0.105800,20.000000,0.000000,0.000000,20.000000,0.000000,0.000000,0.000000,0.000000,0.012160,0.000000,0.910900,19.243318,0.054771,-5.449010,20.000000
0.392700,2,"LINK_TORSO_YAW",0.286800,0.200000,0.105900,20.000000,0.000000,0.000000,20.000000,0.000000,0.000000,0.000000,0.000000,0.012160,0.000000,0.910900,19.242158,0.054796,-5.453104,20.000000
0.392800,2,"LINK_TORSO_YAW",0.286800,0.200000,0.106000,20.000000,0.000000,0.000000,20.000000,0.000000,0.000000,0.000000,0.000000,0.012160,0.000000,0.910900,19.240997,0.054820,-5.457198,20.000000
0.392900,2,"LINK_TORSO_YAW",0.286800,0.200000,0.106100,20.000000,0.000000,0.000000,20.000000,0.000000,0.000000,0.000000,0.000000,0.012160,0.000000,0.910900,19.239836,0.054845,-5.461293,20.000000
0.393000,2,"LINK_TORSO_YAW",0.286800,0.200000,0.106200,20.000000,0.000000,0.000000,20.000000,0.000000,0.000000,0.000000,0.000000,0.012160,0.000000,0.910900,19.238672,0.054869,-5.465389,20.000000
0.393100,2,"LINK_TORSO_YAW",0.286800,0.200000,0.106300,20.000000,0.000000,0.000000,20.000000,0.000000,0.000000,0.000000,0.000000,0.012160,0.000000,0.910900,19.237508,0.054893,-5.469485,20.000000
0.393200,2,"LINK_TORSO_YAW",0.286800,0.200000,0.106400,20.000000,0.000000,0.000000,20.000000,0.000000,0.000000,0.000000,0.000000,0.012160,0.000000,0.910900,19.236342,0.054917,-5.473583,20.000000
0.393300,2,"LINK_TORSO_YAW",0.286800,0.200000,0.106500,20.000000,0.000000,0.000000,20.000000,0.000000,0.000000,0.000000,0.000000,0.012160,0.000000,0.910900,19.235175,0.054941,-5.477683,20.000000
0.393400,2,"LINK_TORSO_YAW",0.286800,0.200000,0.106600,20.000000,0.000000,0.000000,20.000000,0.000000,0.000000,0.000000,0.000000,0.012160,0.000000,0.910900,19.234007,0.054965,-5.481785,20.000000
0.393500,2,"LINK_TORSO_YAW",0.286800,0.200000,0.106700,20.000000,0.000000,0.000000,20.000000,0.000000,0.000000,0.000000,0.000000,0.012160,0.000000,0.910900,19.232836,0.054988,-5.485889,20.000000
0.393600,2,"LINK_TORSO_YAW",0.286800,0.200000,0.106800,20.000000,0.000000,0.000000,20.000000,0.000000,0.000000,0.000000,0.000000,0.012160,0.000000,0.910900,19.231664,0.055011,-5.489997,20.000000
0.393700,2,"LINK_TORSO_YAW",0.286800,0.200000,0.106900,20.000000,0.000000,0.000000,20.000000,0.000000,0.000000,0.000000,0.000000,0.012160,0.000000,0.910900,19.230490,0.055034,-5.494107,20.000000
0.393800,2,"LINK_TORSO_YAW",0.286800,0.200000,0.107000,20.000000,0.000000,0.000000,20.000000,0.000000,0.000000,0.000000,0.000000,0.012160,0.000000,0.910900,19.229315,0.055056,-5.498218,20.000000
0.393900,2,"LINK_TORSO_YAW",0.286800,0.200000,0.107100,20.000000,0.000000,0.000000,20.000000,0.000000,0.000000,0.000000,0.000000,0.012160,0.000000,0.910900,19.228140,0.055078,-5.502328,20.000000
0.394000,2,"LINK_TORSO_YAW",0.286800,0.200000,0.107200,20.000000,0.000000,0.000000,20.000000,0.000000,0.000000,0.000000,0.000000,0.012160,0.000000,0.910900,19.226963,0.055100,-5.506437,20.000000
0.394100,2,"LINK_TORSO_YAW",0.286800,0.200000,0.107300,20.000000,0.000000,0.000000,20.000000,0.000000,0.000000,0.000000,0.000000,0.012160,0.000000,0.910900,19.225785,0.055121,-5.510548,20.000000
0.394200,2,"LINK_TORSO_YAW",0.286800,0.200000,0.107400,20.000000,0.000000,0.000000,20.000000,0.000000,0.000000,0.000000,0.000000,0.012160,0.000000,0.910900,19.224606,0.055141,-5.514659,20.000000
0.394300,2,"LINK_TORSO_YAW",0.286800,0.200000,0.107500,20.000000,0.000000,0.000000,20.000000,0.000000,0.000000,0.000000,0.000000,0.012160,0.000000,0.910900,19.223426,0.055162,-5.518772,20.000000
0.394400,2,"LINK_TORSO_YAW",0.286800,0.200000,0.107600,20.000000,0.000000,0.000000,20.000000,0.000000,0.000000,0.000000,0.000000,0.012160,0.000000,0.910900,19.222245,0.055182,-5.522886,20.000000
0.394500,2,"LINK_TORSO_YAW",0.286800,0.200000,0.107700,20.000000,0.000000,0.000000,20.000000,0.000000,0.000000,0.000000,0.000000,0.012160,0.000000,0.910900,19.221062,0.055203,-5.527002,20.000000
0.394600,2,"LINK_TORSO_YAW",0.286800,0.200000,0.107800,20.000000,0.000000,0.000000,20.000000,0.000000,0.000000,0.000000,0.000000,0.012160,0.000000,0.910900,19.219877,0.055223,-5.531120,20.000000
0.394700,2,"LINK_TORSO_YAW",0.286800,0.200000,0.107900,20.000000,0.000000,0.000000,20.000000,0.000000,0.000000,0.000000,0.000000,0.012160,0.000000,0.910900,19.218690,0.055245,-5.535241,20.000000
0.394800,2,"LINK_TORSO_YAW",0.286800,0.200000,0.108000,20.000000,0.000000,0.000000,20.000000,0.000000,0.000000,0.000000,0.000000,0.012160,0.000000,0.910900,19.217503,0.055266,-5.539361,20.000000
0.394900,2,"LINK_TORSO_YAW",0.286800,0.200000,0.108100,20.000000,0.000000,0.000000,20.000000,0.000000,0.000000,0.000000,0.000000,0.012160,0.000000,0.910900,19.216315,0.055289,-5.543480,20.000000
0.395000,2,"LINK_TORSO_YAW",0.286800,0.200000,0.108200,20.000000,0.000000,0.000000,20.000000,0.000000,0.000000,0.000000,0.000000,0.012160,0.000000,0.910900,19.215126,0.055312,-5.547600,20.000000
0.395100,2,"LINK_TORSO_YAW",0.286800,0.200000,0.108300,20.000000,0.000000,0.000000,20.000000,0.000000,0.000000,0.000000,0.000000,0.012160,0.000000,0.910900,19.213936,0.055335,-5.551721,20.000000
0.395200,2,"LINK_TORSO_YAW",0.286800,0.200000,0.108400,20.000000,0.000000,0.000000,20.000000,0.000000,0.000000,0.000000,0.000000,0.012160,0.000000,0.910900,19.212744,0.055360,-5.555843,20.000000
0.395300,2,"LINK_TORSO_YAW",0.286800,0.200000,0.108500,20.000000,0.000000,0.000000,20.000000,0.000000,0.000000,0.000000,0.000000,0.012160,0.000000,0.910900,19.211552,0.055385,-5.559966,20.000000
0.395400,2,"LINK_TORSO_YAW",0.286800,0.200000,0.108600,20.000000,0.000000,0.000000,20.000000,0.000000,0.000000,0.000000,0.000000,0.012160,0.000000,0.910900,19.210357,0.055410,-5.564091,20.000000
0.395500,2,"LINK_TORSO_YAW",0.286800,0.200000,0.108700,20.000000,0.000000,0.000000,20.000000,0.000000,0.000000,0.000000,0.000000,0.012160,0.000000,0.910900,19.209161,0.055436,-5.568219,20.000000
0.395600,2,"LINK_TORSO_YAW",0.286800,0.200000,0.108800,20.000000,0.000000,0.000000,20.000000,0.000000,0.000000,0.000000,0.000000,0.012160,0.000000,0.910900,19.207963,0.055462,-5.572350,20.000000
0.395700,2,"LINK_TORSO_YAW",0.286800,0.200000,0.108900,20.000000,0.000000,0.000000,20.000000,0.000000,0.000000,0.000000,0.000000,0.012160,0.000000,0.910900,19.206763,0.055489,-5.576484,20.000000
0.395800,2,"LINK_TORSO_YAW",0.286800,0.200000,0.109000,20.000000,0.000000,0.000000,20.000000,0.000000,0.000000,0.000000,0.000000,0.012160,0.000000,0.910900,19.205561,0.055517,-5.580621,20.000000
0.395900,2,"LINK_TORSO_YAW",0.286800,0.200000,0.109100,20.000000,0.000000,0.000000,20.000000,0.000000,0.000000,0.000000,0.000000,0.012160,0.000000,0.910900,19.204359,0.055545,-5.584757,20.000000
0.396000,2,"LINK_TORSO_YAW",0.286800,0.200000,0.109200,20.000000,0.000000,0.000000,20.000000,0.000000,0.000000,0.000000,0.000000,0.012160,0.000000,0.910900,19.203155,0.055573,-5.588894,20.000000
0.396100,2,"LINK_TORSO_YAW",0.286800,0.200000,0.109300,20.000000,0.000000,0.000000,20.000000,0.000000,0.000000,0.000000,0.000000,0.012160,0.000000,0.910900,19.201951,0.055602,-5.593030,20.000000
0.396200,2,"LINK_TORSO_YAW",0.286800,0.200000,0.109400,20.000000,0.000000,0.000000,20.000000,0.000000,0.000000,0.000000,0.000000,0.012160,0.000000,0.910900,19.200745,0.055630,-5.597168,20.000000
0.396300,2,"LINK_TORSO_YAW",0.286800,0.200000,0.109500,20.000000,0.000000,0.000000,20.000000,0.000000,0.000000,0.000000,0.000000,0.012160,0.000000,0.910900,19.199538,0.055658,-5.601306,20.000000
0.396400,2,"LINK_TORSO_YAW",0.286800,0.200000,0.109600,20.000000,0.000000,0.000000,20.000000,0.000000,0.000000,0.000000,0.000000,0.012160,0.000000,0.910900,19.198330,0.055685,-5.605445,20.000000
0.396500,2,"LINK_TORSO_YAW",0.286800,0.200000,0.109700,20.000000,0.000000,0.000000,20.000000,0.000000,0.000000,0.000000,0.000000,0.012160,0.000000,0.910900,19.197121,0.055713,-5.609586,20.000000
0.396600,2,"LINK_TORSO_YAW",0.286800,0.200000,0.109800,20.000000,0.000000,0.000000,20.000000,0.000000,0.000000,0.000000,0.000000,0.012160,0.000000,0.910900,19.195910,0.055740,-5.613728,20.000000
0.396700,2,"LINK_TORSO_YAW",0.286800,0.200000,0.109900,20.000000,0.000000,0.000000,20.000000,0.000000,0.000000,0.000000,0.000000,0.012160,0.000000,0.910900,19.194697,0.055766,-5.617874,20.000000
0.396800,2,"LINK_TORSO_YAW",0.286800,0.200000,0.110000,20.000000,0.000000,0.000000,20.000000,0.000000,0.000000,0.000000,0.000000,0.012160,0.000000,0.910900,19.193482,0.055792,-5.622022,20.000000
0.396900,2,"LINK_TORSO_YAW",0.286800,0.200000,0.110100,20.000000,0.000000,0.000000,20.000000,0.000000,0.000000,0.000000,0.000000,0.012160,0.000000,0.910900,19.192266,0.055819,-5.626174,20.000000
0.397000,2,"LINK_TORSO_YAW",0.286800,0.200000,0.110200,20.000000,0.000000,0.000000,20.000000,0.000000,0.000000,0.000000,0.000000,0.012160,0.000000,0.910900,19.191048,0.055845,-5.630325,20.000000
0.397100,2,"LINK_TORSO_YAW",0.286800,0.200000,0.110300,20.000000,0.000000,0.000000,20.000000,0.000000,0.000000,0.000000,0.000000,0.012160,0.000000,0.910900,19.189830,0.055871,-5.634476,20.000000
0.397200,2,"LINK_TORSO_YAW",0.286800,0.200000,0.110400,20.000000,0.000000,0.000000,20.000000,0.000000,0.000000,0.000000,0.000000,0.012160,0.000000,0.910900,19.188610,0.055897,-5.638628,20.000000
0.397300,2,"LINK_TORSO_YAW",0.286800,0.200000,0.110500,20.000000,0.000000,0.000000,20.000000,0.000000,0.000000,0.000000,0.000000,0.012160,0.000000,0.910900,19.187389,0.055922,-5.642780,20.000000
0.397400,2,"LINK_TORSO_YAW",0.286800,0.200000,0.110600,20.000000,0.000000,0.000000,20.000000,0.000000,0.000000,0.000000,0.000000,0.012160,0.000000,0.910900,19.186168,0.055947,-5.646932,20.000000
0.397500,2,"LINK_TORSO_YAW",0.286800,0.200000,0.110700,20.000000,0.000000,0.000000,20.000000,0.000000,0.000000,0.000000,0.000000,0.012160,0.000000,0.910900,19.184944,0.055971,-5.651087,20.000000
0.397600,2,"LINK_TORSO_YAW",0.286800,0.200000,0.110800,20.000000,0.000000,0.000000,20.000000,0.000000,0.000000,0.000000,0.000000,0.012160,0.000000,0.910900,19.183720,0.055995,-5.655243,20.000000
0.397700,2,"LINK_TORSO_YAW",0.286800,0.200000,0.110900,20.000000,0.000000,0.000000,20.000000,0.000000,0.000000,0.000000,0.000000,0.012160,0.000000,0.910900,19.182493,0.056019,-5.659401,20.000000
0.397800,2,"LINK_TORSO_YAW",0.286800,0.200000,0.111000,20.000000,0.000000,0.000000,20.000000,0.000000,0.000000,0.000000,0.000000,0.012160,0.000000,0.910900,19.181265,0.056042,-5.663561,20.000000
0.397900,2,"LINK_TORSO_YAW",0.286800,0.200000,0.111100,20.000000,0.000000,0.000000,20.000000,0.000000,0.000000,0.000000,0.000000,0.012160,0.000000,0.910900,19.180035,0.056065,-5.667725,20.000000
0.398000,2,"LINK_TORSO_YAW",0.286800,0.200000,0.111200,20.000000,0.000000,0.000000,20.000000,0.000000,0.000000,0.000000,0.000000,0.012160,0.000000,0.910900,19.178803,0.056088,-5.671892,20.000000
0.398100,2,"LINK_TORSO_YAW",0.286800,0.200000,0.111300,20.000000,0.000000,0.000000,20.000000,0.000000,0.000000,0.000000,0.000000,0.012160,0.000000,0.910900,19.177571,0.056111,-5.676058,20.000000
0.398200,2,"LINK_TORSO_YAW",0.286800,0.200000,0.111400,20.000000,0.000000,0.000000,20.000000,0.000000,0.000000,0.000000,0.000000,0.012160,0.000000,0.910900,19.176337,0.056133,-5.680224,20.000000
0.398300,2,"LINK_TORSO_YAW",0.286800,0.200000,0.111500,20.000000,0.000000,0.000000,20.000000,0.000000,0.000000,0.000000,0.000000,0.012160,0.000000,0.910900,19.175102,0.056154,-5.684391,20.000000
0.398400,2,"LINK_TORSO_YAW",0.286800,0.200000,0.111600,20.000000,0.000000,0.000000,20.000000,0.000000,0.000000,0.000000,0.000000,0.012160,0.000000,0.910900,19.173866,0.056176,-5.688559,20.000000
0.398500,2,"LINK_TORSO_YAW",0.286800,0.200000,0.111700,20.000000,0.000000,0.000000,20.000000,0.000000,0.000000,0.000000,0.000000,0.012160,0.000000,0.910900,19.172629,0.056199,-5.692727,20.000000
0.398600,2,"LINK_TORSO_YAW",0.286800,0.200000,0.111800,20.000000,0.000000,0.000000,20.000000,0.000000,0.000000,0.000000,0.000000,0.012160,0.000000,0.910900,19.171390,0.056222,-5.696897,20.000000
0.398700,2,"LINK_TORSO_YAW",0.286800,0.200000,0.111900,20.000000,0.000000,0.000000,20.000000,0.000000,0.000000,0.000000,0.000000,0.012160,0.000000,0.910900,19.170150,0.056246,-5.701069,20.000000
0.398800,2,"LINK_TORSO_YAW",0.286800,0.200000,0.112000,20.000000,0.000000,0.000000,20.000000,0.000000,0.000000,0.000000,0.000000,0.012160,0.000000,0.910900,19.168908,0.056271,-5.705242,20.000000
0.398900,2,"LINK_TORSO_YAW",0.286800,0.200000,0.112100,20.000000,0.000000,0.000000,20.000000,0.000000,0.000000,0.000000,0.000000,0.012160,0.000000,0.910900,19.167665,0.056297,-5.709418,20.000000
0.399000,2,"LINK_TORSO_YAW",0.286800,0.200000,0.112200,20.000000,0.000000,0.000000,20.000000,0.000000,0.000000,0.000000,0.000000,0.012160,0.000000,0.910900,19.166419,0.056323,-5.713598,20.000000
0.399100,2,"LINK_TORSO_YAW",0.286800,0.200000,0.112300,20.000000,0.000000,0.000000,20.000000,0.000000,0.000000,0.000000,0.000000,0.012160,0.000000,0.910900,19.165172,0.056350,-5.717780,20.000000
0.399200,2,"LINK_TORSO_YAW",0.286800,0.200000,0.112400,20.000000,0.000000,0.000000,20.000000,0.000000,0.000000,0.000000,0.000000,0.012160,0.000000,0.910900,19.163924,0.056378,-5.721962,20.000000
0.399300,2,"LINK_TORSO_YAW",0.286800,0.200000,0.112500,20.000000,0.000000,0.000000,20.000000,0.000000,0.000000,0.000000,0.000000,0.012160,0.000000,0.910900,19.162674,0.056406,-5.726144,20.000000
0.399400,2,"LINK_TORSO_YAW",0.286800,0.200000,0.112600,20.000000,0.000000,0.000000,20.000000,0.000000,0.000000,0.000000,0.000000,0.012160,0.000000,0.910900,19.161424,0.056435,-5.730326,20.000000
0.399500,2,"LINK_TORSO_YAW",0.286800,0.200000,0.112700,20.000000,0.000000,0.000000,20.000000,0.000000,0.000000,0.000000,0.000000,0.012160,0.000000,0.910900,19.160173,0.056464,-5.734509,20.000000
0.399600,2,"LINK_TORSO_YAW",0.286800,0.200000,0.112800,20.000000,0.000000,0.000000,20.000000,0.000000,0.000000,0.000000,0.000000,0.012160,0.000000,0.910900,19.158920,0.056495,-5.738692,20.000000
0.399700,2,"LINK_TORSO_YAW",0.286800,0.200000,0.112900,20.000000,0.000000,0.000000,20.000000,0.000000,0.000000,0.000000,0.000000,0.012160,0.000000,0.910900,19.157666,0.056525,-5.742878,20.000000
0.399800,2,"LINK_TORSO_YAW",0.286800,0.200000,0.113000,20.000000,0.000000,0.000000,20.000000,0.000000,0.000000,0.000000,0.000000,0.012160,0.000000,0.910900,19.156410,0.056556,-5.747065,20.000000
0.399900,2,"LINK_TORSO_YAW",0.286800,0.200000,0.113100,20.000000,0.000000,0.000000,20.000000,0.000000,0.000000,0.000000,0.000000,0.012160,0.000000,0.910900,19.155153,0.056587,-5.751254,20.000000
0.400000,2,"LINK_TORSO_YAW",0.286800,0.200000,0.113200,20.000000,0.000000,0.000000,20.000000,0.000000,0.000000,0.000000,0.000000,0.012160,0.000000,0.910900,19.153893,0.056618,-5.755447,20.000000
0.400100,2,"LINK_TORSO_YAW",0.286800,0.200000,0.113300,20.000000,0.000000,0.000000,20.000000,0.000000,0.000000,0.000000,0.000000,0.012160,0.000000,0.910900,19.152632,0.056648,-5.759641,20.000000
0.400200,2,"LINK_TORSO_YAW",0.286800,0.200000,0.113400,20.000000,0.000000,0.000000,20.000000,0.000000,0.000000,0.000000,0.000000,0.012160,0.000000,0.910900,19.151369,0.056678,-5.763840,20.000000
0.400300,2,"LINK_TORSO_YAW",0.286800,0.200000,0.113500,20.000000,0.000000,0.000000,20.000000,0.000000,0.000000,0.000000,0.000000,0.012160,0.000000,0.910900,19.150105,0.056708,-5.768037,20.000000
0.400400,2,"LINK_TORSO_YAW",0.286800,0.200000,0.113600,20.000000,0.000000,0.000000,20.000000,0.000000,0.000000,0.000000,0.000000,0.012160,0.000000,0.910900,19.148841,0.056737,-5.772234,20.000000
0.400500,2,"LINK_TORSO_YAW",0.286800,0.200000,0.113700,20.000000,0.000000,0.000000,20.000000,0.000000,0.000000,0.000000,0.000000,0.012160,0.000000,0.910900,19.147575,0.056766,-5.776432,20.000000
0.400600,2,"LINK_TORSO_YAW",0.286800,0.200000,0.113800,20.000000,0.000000,0.000000,20.000000,0.000000,0.000000,0.000000,0.000000,0.012160,0.000000,0.910900,19.146307,0.056795,-5.780631,20.000000
0.400700,2,"LINK_TORSO_YAW",0.286800,0.200000,0.113900,20.000000,0.000000,0.000000,20.000000,0.000000,0.000000,0.000000,0.000000,0.012160,0.000000,0.910900,19.145039,0.056824,-5.784830,20.000000
0.400800,2,"LINK_TORSO_YAW",0.286800,0.200000,0.114000,20.000000,0.000000,0.000000,20.000000,0.000000,0.000000,0.000000,0.000000,0.012160,0.000000,0.910900,19.143769,0.056852,-5.789032,20.000000
0.400900,2,"LINK_TORSO_YAW",0.286800,0.200000,0.114100,20.000000,0.000000,0.000000,20.000000,0.000000,0.000000,0.000000,0.000000,0.012160,0.000000,0.910900,19.142497,0.056880,-5.793234,20.000000
0.401000,2,"LINK_TORSO_YAW",0.286800,0.200000,0.114200,20.000000,0.000000,0.000000,20.000000,0.000000,0.000000,0.000000,0.000000,0.012160,0.000000,0.910900,19.141224,0.056907,-5.797439,20.000000
0.401100,2,"LINK_TORSO_YAW",0.286800,0.200000,0.114300,20.000000,0.000000,0.000000,20.000000,0.000000,0.000000,0.000000,0.000000,0.012160,0.000000,0.910900,19.139949,0.056935,-5.801646,20.000000
0.401200,2,"LINK_TORSO_YAW",0.286800,0.200000,0.114400,20.000000,0.000000,0.000000,20.000000,0.000000,0.000000,0.000000,0.000000,0.012160,0.000000,0.910900,19.138673,0.056962,-5.805856,20.000000
0.401300,2,"LINK_TORSO_YAW",0.286800,0.200000,0.114500,20.000000,0.000000,0.000000,20.000000,0.000000,0.000000,0.000000,0.000000,0.012160,0.000000,0.910900,19.137396,0.056989,-5.810064,20.000000
0.401400,2,"LINK_TORSO_YAW",0.286800,0.200000,0.114600,20.000000,0.000000,0.000000,20.000000,0.000000,0.000000,0.000000,0.000000,0.012160,0.000000,0.910900,19.136117,0.057015,-5.814272,20.000000
0.401500,2,"LINK_TORSO_YAW",0.286800,0.200000,0.114700,20.000000,0.000000,0.000000,20.000000,0.000000,0.000000,0.000000,0.000000,0.012160,0.000000,0.910900,19.134838,0.057042,-5.818480,20.000000
0.401600,2,"LINK_TORSO_YAW",0.286800,0.200000,0.114800,20.000000,0.000000,0.000000,20.000000,0.000000,0.000000,0.000000,0.000000,0.012160,0.000000,0.910900,19.133558,0.057068,-5.822688,20.000000
0.401700,2,"LINK_TORSO_YAW",0.286800,0.200000,0.114900,20.000000,0.000000,0.000000,20.000000,0.000000,0.000000,0.000000,0.000000,0.012160,0.000000,0.910900,19.132277,0.057094,-5.826897,20.000000
0.401800,2,"LINK_TORSO_YAW",0.286800,0.200000,0.115000,20.000000,0.000000,0.000000,20.000000,0.000000,0.000000,0.000000,0.000000,0.012160,0.000000,0.910900,19.130994,0.057120,-5.831107,20.000000
0.401900,2,"LINK_TORSO_YAW",0.286800,0.200000,0.115100,20.000000,0.000000,0.000000,20.000000,0.000000,0.000000,0.000000,0.000000,0.012160,0.000000,0.910900,19.129709,0.057146,-5.835319,20.000000
0.402000,2,"LINK_TORSO_YAW",0.286800,0.200000,0.115200,20.000000,0.000000,0.000000,20.000000,0.000000,0.000000,0.000000,0.000000,0.012160,0.000000,0.910900,19.128423,0.057173,-5.839534,20.000000
0.402100,2,"LINK_TORSO_YAW",0.286800,0.200000,0.115300,20.000000,0.000000,0.000000,20.000000,0.000000,0.000000,0.000000,0.000000,0.012160,0.000000,0.910900,19.127135,0.057200,-5.843753,20.000000
0.402200,2,"LINK_TORSO_YAW",0.286800,0.200000,0.115400,20.000000,0.000000,0.000000,20.000000,0.000000,0.000000,0.000000,0.000000,0.012160,0.000000,0.910900,19.125844,0.057227,-5.847975,20.000000
0.402300,2,"LINK_TORSO_YAW",0.286800,0.200000,0.115500,20.000000,0.000000,0.000000,20.000000,0.000000,0.000000,0.000000,0.000000,0.012160,0.000000,0.910900,19.124553,0.057254,-5.852197,20.000000
0.402400,2,"LINK_TORSO_YAW",0.286800,0.200000,0.115600,20.000000,0.000000,0.000000,20.000000,0.000000,0.000000,0.000000,0.000000,0.012160,0.000000,0.910900,19.123260,0.057282,-5.856418,20.000000
0.402500,2,"LINK_TORSO_YAW",0.286800,0.200000,0.115700,20.000000,0.000000,0.000000,20.000000,0.000000,0.000000,0.000000,0.000000,0.012160,0.000000,0.910900,19.121967,0.057310,-5.860640,20.000000
0.402600,2,"LINK_TORSO_YAW",0.286800,0.200000,0.115800,20.000000,0.000000,0.000000,20.000000,0.000000,0.000000,0.000000,0.000000,0.012160,0.000000,0.910900,19.120672,0.057339,-5.864863,20.000000
0.402700,2,"LINK_TORSO_YAW",0.286800,0.200000,0.115900,20.000000,0.000000,0.000000,20.000000,0.000000,0.000000,0.000000,0.000000,0.012160,0.000000,0.910900,19.119375,0.057368,-5.869088,20.000000
0.402800,2,"LINK_TORSO_YAW",0.286800,0.200000,0.116000,20.000000,0.000000,0.000000,20.000000,0.000000,0.000000,0.000000,0.000000,0.012160,0.000000,0.910900,19.118078,0.057397,-5.873313,20.000000
0.402900,2,"LINK_TORSO_YAW",0.286800,0.200000,0.116100,20.000000,0.000000,0.000000,20.000000,0.000000,0.000000,0.000000,0.000000,0.012160,0.000000,0.910900,19.116779,0.057426,-5.877540,20.000000
0.403000,2,"LINK_TORSO_YAW",0.286800,0.200000,0.116200,20.000000,0.000000,0.000000,20.000000,0.000000,0.000000,0.000000,0.000000,0.012160,0.000000,0.910900,19.115478,0.057455,-5.881770,20.000000
0.403100,2,"LINK_TORSO_YAW",0.286800,0.200000,0.116300,20.000000,0.000000,0.000000,20.000000,0.000000,0.000000,0.000000,0.000000,0.012160,0.000000,0.910900,19.114175,0.057483,-5.886001,20.000000
0.403200,2,"LINK_TORSO_YAW",0.286800,0.200000,0.116400,20.000000,0.000000,0.000000,20.000000,0.000000,0.000000,0.000000,0.000000,0.012160,0.000000,0.910900,19.112870,0.057511,-5.890236,20.000000
0.403300,2,"LINK_TORSO_YAW",0.286800,0.200000,0.116500,20.000000,0.000000,0.000000,20.000000,0.000000,0.000000,0.000000,0.000000,0.012160,0.000000,0.910900,19.111564,0.057540,-5.894474,20.000000
0.403400,2,"LINK_TORSO_YAW",0.286800,0.200000,0.116600,20.000000,0.000000,0.000000,20.000000,0.000000,0.000000,0.000000,0.000000,0.012160,0.000000,0.910900,19.110255,0.057568,-5.898717,20.000000
0.403500,2,"LINK_TORSO_YAW",0.286800,0.200000,0.116700,20.000000,0.000000,0.000000,20.000000,0.000000,0.000000,0.000000,0.000000,0.012160,0.000000,0.910900,19.108945,0.057596,-5.902959,20.000000
0.403600,2,"LINK_TORSO_YAW",0.286800,0.200000,0.116800,20.000000,0.000000,0.000000,20.000000,0.000000,0.000000,0.000000,0.000000,0.012160,0.000000,0.910900,19.107634,0.057624,-5.907201,20.000000
0.403700,2,"LINK_TORSO_YAW",0.286800,0.200000,0.116900,20.000000,0.000000,0.000000,20.000000,0.000000,0.000000,0.000000,0.000000,0.012160,0.000000,0.910900,19.106322,0.057651,-5.911443,20.000000
0.403800,2,"LINK_TORSO_YAW",0.286800,0.200000,0.117000,20.000000,0.000000,0.000000,20.000000,0.000000,0.000000,0.000000,0.000000,0.012160,0.000000,0.910900,19.105008,0.057679,-5.915685,20.000000
0.403900,2,"LINK_TORSO_YAW",0.286800,0.200000,0.117100,20.000000,0.000000,0.000000,20.000000,0.000000,0.000000,0.000000,0.000000,0.012160,0.000000,0.910900,19.103694,0.057705,-5.919928,20.000000
0.404000,2,"LINK_TORSO_YAW",0.286800,0.200000,0.117200,20.000000,0.000000,0.000000,20.000000,0.000000,0.000000,0.000000,0.000000,0.012160,0.000000,0.910900,19.102378,0.057732,-5.924172,20.000000
0.404100,2,"LINK_TORSO_YAW",0.286800,0.200000,0.117300,20.000000,0.000000,0.000000,20.000000,0.000000,0.000000,0.000000,0.000000,0.012160,0.000000,0.910900,19.101061,0.057759,-5.928417,20.000000
0.404200,2,"LINK_TORSO_YAW",0.286800,0.200000,0.117400,20.000000,0.000000,0.000000,20.000000,0.000000,0.000000,0.000000,0.000000,0.012160,0.000000,0.910900,19.099742,0.057785,-5.932665,20.000000
0.404300,2,"LINK_TORSO_YAW",0.286800,0.200000,0.117500,20.000000,0.000000,0.000000,20.000000,0.000000,0.000000,0.000000,0.000000,0.012160,0.000000,0.910900,19.098422,0.057812,-5.936914,20.000000
0.404400,2,"LINK_TORSO_YAW",0.286800,0.200000,0.117600,20.000000,0.000000,0.000000,20.000000,0.000000,0.000000,0.000000,0.000000,0.012160,0.000000,0.910900,19.097099,0.057839,-5.941167,20.000000
0.404500,2,"LINK_TORSO_YAW",0.286800,0.200000,0.117700,20.000000,0.000000,0.000000,20.000000,0.000000,0.000000,0.000000,0.000000,0.012160,0.000000,0.910900,19.095776,0.057866,-5.945418,20.000000
0.404600,2,"LINK_TORSO_YAW",0.286800,0.200000,0.117800,20.000000,0.000000,0.000000,20.000000,0.000000,0.000000,0.000000,0.000000,0.012160,0.000000,0.910900,19.094452,0.057894,-5.949669,20.000000
0.404700,2,"LINK_TORSO_YAW",0.286800,0.200000,0.117900,20.000000,0.000000,0.000000,20.000000,0.000000,0.000000,0.000000,0.000000,0.012160,0.000000,0.910900,19.093127,0.057921,-5.953919,20.000000
0.404800,2,"LINK_TORSO_YAW",0.286800,0.200000,0.118000,20.000000,0.000000,0.000000,20.000000,0.000000,0.000000,0.000000,0.000000,0.012160,0.000000,0.910900,19.091800,0.057949,-5.958171,20.000000
0.404900,2,"LINK_TORSO_YAW",0.286800,0.200000,0.118100,20.000000,0.000000,0.000000,20.000000,0.000000,0.000000,0.000000,0.000000,0.012160,0.000000,0.910900,19.090473,0.057977,-5.962424,20.000000
0.405000,2,"LINK_TORSO_YAW",0.286800,0.200000,0.118200,20.000000,0.000000,0.000000,20.000000,0.000000,0.000000,0.000000,0.000000,0.012160,0.000000,0.910900,19.089143,0.058005,-5.966677,20.000000
0.405100,2,"LINK_TORSO_YAW",0.286800,0.200000,0.118300,20.000000,0.000000,0.000000,20.000000,0.000000,0.000000,0.000000,0.000000,0.012160,0.000000,0.910900,19.087812,0.058033,-5.970934,20.000000
0.405200,2,"LINK_TORSO_YAW",0.286800,0.200000,0.118400,20.000000,0.000000,0.000000,20.000000,0.000000,0.000000,0.000000,0.000000,0.012160,0.000000,0.910900,19.086479,0.058062,-5.975193,20.000000
0.405300,2,"LINK_TORSO_YAW",0.286800,0.200000,0.118500,20.000000,0.000000,0.000000,20.000000,0.000000,0.000000,0.000000,0.000000,0.012160,0.000000,0.910900,19.085144,0.058090,-5.979457,20.000000
0.405400,2,"LINK_TORSO_YAW",0.286800,0.200000,0.118600,20.000000,0.000000,0.000000,20.000000,0.000000,0.000000,0.000000,0.000000,0.012160,0.000000,0.910900,19.083806,0.058118,-5.983724,20.000000
0.405500,2,"LINK_TORSO_YAW",0.286800,0.200000,0.118700,20.000000,0.000000,0.000000,20.000000,0.000000,0.000000,0.000000,0.000000,0.012160,0.000000,0.910900,19.082467,0.058147,-5.987996,20.000000
0.405600,2,"LINK_TORSO_YAW",0.286800,0.200000,0.118800,20.000000,0.000000,0.000000,20.000000,0.000000,0.000000,0.000000,0.000000,0.012160,0.000000,0.910900,19.081124,0.058175,-5.992271,20.000000
0.405700,2,"LINK_TORSO_YAW",0.286800,0.200000,0.118900,20.000000,0.000000,0.000000,20.000000,0.000000,0.000000,0.000000,0.000000,0.012160,0.000000,0.910900,19.079781,0.058203,-5.996545,20.000000
0.405800,2,"LINK_TORSO_YAW",0.286800,0.200000,0.119000,20.000000,0.000000,0.000000,20.000000,0.000000,0.000000,0.000000,0.000000,0.012160,0.000000,0.910900,19.078437,0.058231,-6.000819,20.000000
0.405900,2,"LINK_TORSO_YAW",0.286800,0.200000,0.119100,20.000000,0.000000,0.000000,20.000000,0.000000,0.000000,0.000000,0.000000,0.012160,0.000000,0.910900,19.077092,0.058258,-6.005094,20.000000
0.406000,2,"LINK_TORSO_YAW",0.286800,0.200000,0.119200,20.000000,0.000000,0.000000,20.000000,0.000000,0.000000,0.000000,0.000000,0.012160,0.000000,0.910900,19.075746,0.058285,-6.009369,20.000000
0.406100,2,"LINK_TORSO_YAW",0.286800,0.200000,0.119300,20.000000,0.000000,0.000000,20.000000,0.000000,0.000000,0.000000,0.000000,0.012160,0.000000,0.910900,19.074399,0.058312,-6.013644,20.000000
0.406200,2,"LINK_TORSO_YAW",0.286800,0.200000,0.119400,20.000000,0.000000,0.000000,20.000000,0.000000,0.000000,0.000000,0.000000,0.012160,0.000000,0.910900,19.073050,0.058339,-6.017921,20.000000
0.406300,2,"LINK_TORSO_YAW",0.286800,0.200000,0.119500,20.000000,0.000000,0.000000,20.000000,0.000000,0.000000,0.000000,0.000000,0.012160,0.000000,0.910900,19.071699,0.058365,-6.022199,20.000000
0.406400,2,"LINK_TORSO_YAW",0.286800,0.200000,0.119600,20.000000,0.000000,0.000000,20.000000,0.000000,0.000000,0.000000,0.000000,0.012160,0.000000,0.910900,19.070347,0.058392,-6.026479,20.000000
0.406500,2,"LINK_TORSO_YAW",0.286800,0.200000,0.119700,20.000000,0.000000,0.000000,20.000000,0.000000,0.000000,0.000000,0.000000,0.012160,0.000000,0.910900,19.068993,0.058419,-6.030761,20.000000
0.406600,2,"LINK_TORSO_YAW",0.286800,0.200000,0.119800,20.000000,0.000000,0.000000,20.000000,0.000000,0.000000,0.000000,0.000000,0.012160,0.000000,0.910900,19.067638,0.058445,-6.035045,20.000000
0.406700,2,"LINK_TORSO_YAW",0.286800,0.200000,0.119900,20.000000,0.000000,0.000000,20.000000,0.000000,0.000000,0.000000,0.000000,0.012160,0.000000,0.910900,19.066280,0.058472,-6.039333,20.000000
0.406800,2,"LINK_TORSO_YAW",0.286800,0.200000,0.120000,20.000000,0.000000,0.000000,20.000000,0.000000,0.000000,0.000000,0.000000,0.012160,0.000000,0.910900,19.064922,0.058498,-6.043619,20.000000
0.406900,2,"LINK_TORSO_YAW",0.286800,0.200000,0.120100,20.000000,0.000000,0.000000,20.000000,0.000000,0.000000,0.000000,0.000000,0.012160,0.000000,0.910900,19.063563,0.058524,-6.047905,20.000000
0.407000,2,"LINK_TORSO_YAW",0.286800,0.200000,0.120200,20.000000,0.000000,0.000000,20.000000,0.000000,0.000000,0.000000,0.000000,0.012160,0.000000,0.910900,19.062202,0.058550,-6.052191,20.000000
0.407100,2,"LINK_TORSO_YAW",0.286800,0.200000,0.120300,20.000000,0.000000,0.000000,20.000000,0.000000,0.000000,0.000000,0.000000,0.012160,0.000000,0.910900,19.060841,0.058576,-6.056477,20.000000
0.407200,2,"LINK_TORSO_YAW",0.286800,0.200000,0.120400,20.000000,0.000000,0.000000,20.000000,0.000000,0.000000,0.000000,0.000000,0.012160,0.000000,0.910900,19.059478,0.058603,-6.060764,20.000000
0.407300,2,"LINK_TORSO_YAW",0.286800,0.200000,0.120500,20.000000,0.000000,0.000000,20.000000,0.000000,0.000000,0.000000,0.000000,0.012160,0.000000,0.910900,19.058114,0.058630,-6.065053,20.000000
0.407400,2,"LINK_TORSO_YAW",0.286800,0.200000,0.120600,20.000000,0.000000,0.000000,20.000000,0.000000,0.000000,0.000000,0.000000,0.012160,0.000000,0.910900,19.056747,0.058658,-6.069344,20.000000
0.407500,2,"LINK_TORSO_YAW",0.286800,0.200000,0.120700,20.000000,0.000000,0.000000,20.000000,0.000000,0.000000,0.000000,0.000000,0.012160,0.000000,0.910900,19.055380,0.058686,-6.073637,20.000000
0.407600,2,"LINK_TORSO_YAW",0.286800,0.200000,0.120800,20.000000,0.000000,0.000000,20.000000,0.000000,0.000000,0.000000,0.000000,0.012160,0.000000,0.910900,19.054010,0.058714,-6.077933,20.000000
0.407700,2,"LINK_TORSO_YAW",0.286800,0.200000,0.120900,20.000000,0.000000,0.000000,20.000000,0.000000,0.000000,0.000000,0.000000,0.012160,0.000000,0.910900,19.052638,0.058742,-6.082232,20.000000
0.407800,2,"LINK_TORSO_YAW",0.286800,0.200000,0.121000,20.000000,0.000000,0.000000,20.000000,0.000000,0.000000,0.000000,0.000000,0.012160,0.000000,0.910900,19.051263,0.058770,-6.086536,20.000000
0.407900,2,"LINK_TORSO_YAW",0.286800,0.200000,0.121100,20.000000,0.000000,0.000000,20.000000,0.000000,0.000000,0.000000,0.000000,0.012160,0.000000,0.910900,19.049888,0.058799,-6.090839,20.000000
0.408000,2,"LINK_TORSO_YAW",0.286800,0.200000,0.121200,20.000000,0.000000,0.000000,20.000000,0.000000,0.000000,0.000000,0.000000,0.012160,0.000000,0.910900,19.048511,0.058828,-6.095143,20.000000
0.408100,2,"LINK_TORSO_YAW",0.286800,0.200000,0.121300,20.000000,0.000000,0.000000,20.000000,0.000000,0.000000,0.000000,0.000000,0.012160,0.000000,0.910900,19.047133,0.058856,-6.099448,20.000000
0.408200,2,"LINK_TORSO_YAW",0.286800,0.200000,0.121400,20.000000,0.000000,0.000000,20.000000,0.000000,0.000000,0.000000,0.000000,0.012160,0.000000,0.910900,19.045753,0.058885,-6.103754,20.000000
0.408300,2,"LINK_TORSO_YAW",0.286800,0.200000,0.121500,20.000000,0.000000,0.000000,20.000000,0.000000,0.000000,0.000000,0.000000,0.012160,0.000000,0.910900,19.044372,0.058913,-6.108062,20.000000
0.408400,2,"LINK_TORSO_YAW",0.286800,0.200000,0.121600,20.000000,0.000000,0.000000,20.000000,0.000000,0.000000,0.000000,0.000000,0.012160,0.000000,0.910900,19.042989,0.058942,-6.112372,20.000000
0.408500,2,"LINK_TORSO_YAW",0.286800,0.200000,0.121700,20.000000,0.000000,0.000000,20.000000,0.000000,0.000000,0.000000,0.000000,0.012160,0.000000,0.910900,19.041605,0.058969,-6.116682,20.000000
0.408600,2,"LINK_TORSO_YAW",0.286800,0.200000,0.121800,20.000000,0.000000,0.000000,20.000000,0.000000,0.000000,0.000000,0.000000,0.012160,0.000000,0.910900,19.040219,0.058997,-6.120995,20.000000
0.408700,2,"LINK_TORSO_YAW",0.286800,0.200000,0.121900,20.000000,0.000000,0.000000,20.000000,0.000000,0.000000,0.000000,0.000000,0.012160,0.000000,0.910900,19.038831,0.059025,-6.125310,20.000000
0.408800,2,"LINK_TORSO_YAW",0.286800,0.200000,0.122000,20.000000,0.000000,0.000000,20.000000,0.000000,0.000000,0.000000,0.000000,0.012160,0.000000,0.910900,19.037442,0.059053,-6.129627,20.000000
0.408900,2,"LINK_TORSO_YAW",0.286800,0.200000,0.122100,20.000000,0.000000,0.000000,20.000000,0.000000,0.000000,0.000000,0.000000,0.012160,0.000000,0.910900,19.036050,0.059081,-6.133947,20.000000
0.409000,2,"LINK_TORSO_YAW",0.286800,0.200000,0.122200,20.000000,0.000000,0.000000,20.000000,0.000000,0.000000,0.000000,0.000000,0.012160,0.000000,0.910900,19.034658,0.059108,-6.138266,20.000000
0.409100,2,"LINK_TORSO_YAW",0.286800,0.200000,0.122300,20.000000,0.000000,0.000000,20.000000,0.000000,0.000000,0.000000,0.000000,0.012160,0.000000,0.910900,19.033264,0.059135,-6.142585,20.000000
0.409200,2,"LINK_TORSO_YAW",0.286800,0.200000,0.122400,20.000000,0.000000,0.000000,20.000000,0.000000,0.000000,0.000000,0.000000,0.012160,0.000000,0.910900,19.031870,0.059162,-6.146903,20.000000
0.409300,2,"LINK_TORSO_YAW",0.286800,0.200000,0.122500,20.000000,0.000000,0.000000,20.000000,0.000000,0.000000,0.000000,0.000000,0.012160,0.000000,0.910900,19.030475,0.059188,-6.151222,20.000000
0.409400,2,"LINK_TORSO_YAW",0.286800,0.200000,0.122600,20.000000,0.000000,0.000000,20.000000,0.000000,0.000000,0.000000,0.000000,0.012160,0.000000,0.910900,19.029078,0.059214,-6.155541,20.000000
0.409500,2,"LINK_TORSO_YAW",0.286800,0.200000,0.122700,20.000000,0.000000,0.000000,20.000000,0.000000,0.000000,0.000000,0.000000,0.012160,0.000000,0.910900,19.027680,0.059241,-6.159861,20.000000
0.409600,2,"LINK_TORSO_YAW",0.286800,0.200000,0.122800,20.000000,0.000000,0.000000,20.000000,0.000000,0.000000,0.000000,0.000000,0.012160,0.000000,0.910900,19.026280,0.059266,-6.164183,20.000000
0.409700,2,"LINK_TORSO_YAW",0.286800,0.200000,0.122900,20.000000,0.000000,0.000000,20.000000,0.000000,0.000000,0.000000,0.000000,0.012160,0.000000,0.910900,19.024879,0.059292,-6.168507,20.000000
0.409800,2,"LINK_TORSO_YAW",0.286800,0.200000,0.123000,20.000000,0.000000,0.000000,20.000000,0.000000,0.000000,0.000000,0.000000,0.012160,0.000000,0.910900,19.023475,0.059317,-6.172833,20.000000
0.409900,2,"LINK_TORSO_YAW",0.286800,0.200000,0.123100,20.000000,0.000000,0.000000,20.000000,0.000000,0.000000,0.000000,0.000000,0.012160,0.000000,0.910900,19.022070,0.059342,-6.177163,20.000000
0.410000,2,"LINK_TORSO_YAW",0.286800,0.200000,0.123200,20.000000,0.000000,0.000000,20.000000,0.000000,0.000000,0.000000,0.000000,0.012160,0.000000,0.910900,19.020663,0.059368,-6.181492,20.000000
0.410100,2,"LINK_TORSO_YAW",0.286800,0.200000,0.123300,20.000000,0.000000,0.000000,20.000000,0.000000,0.000000,0.000000,0.000000,0.012160,0.000000,0.910900,19.019256,0.059393,-6.185821,20.000000
0.410200,2,"LINK_TORSO_YAW",0.286800,0.200000,0.123400,20.000000,0.000000,0.000000,20.000000,0.000000,0.000000,0.000000,0.000000,0.012160,0.000000,0.910900,19.017847,0.059418,-6.190151,20.000000
0.410300,2,"LINK_TORSO_YAW",0.286800,0.200000,0.123500,20.000000,0.000000,0.000000,20.000000,0.000000,0.000000,0.000000,0.000000,0.012160,0.000000,0.910900,19.016437,0.059443,-6.194481,20.000000
0.410400,2,"LINK_TORSO_YAW",0.286800,0.200000,0.123600,20.000000,0.000000,0.000000,20.000000,0.000000,0.000000,0.000000,0.000000,0.012160,0.000000,0.910900,19.015026,0.059469,-6.198811,20.000000
0.410500,2,"LINK_TORSO_YAW",0.286800,0.200000,0.123700,20.000000,0.000000,0.000000,20.000000,0.000000,0.000000,0.000000,0.000000,0.012160,0.000000,0.910900,19.013613,0.059495,-6.203143,20.000000
0.410600,2,"LINK_TORSO_YAW",0.286800,0.200000,0.123800,20.000000,0.000000,0.000000,20.000000,0.000000,0.000000,0.000000,0.000000,0.012160,0.000000,0.910900,19.012199,0.059521,-6.207476,20.000000
0.410700,2,"LINK_TORSO_YAW",0.286800,0.200000,0.123900,20.000000,0.000000,0.000000,20.000000,0.000000,0.000000,0.000000,0.000000,0.012160,0.000000,0.910900,19.010783,0.059547,-6.211811,20.000000
0.410800,2,"LINK_TORSO_YAW",0.286800,0.200000,0.124000,20.000000,0.000000,0.000000,20.000000,0.000000,0.000000,0.000000,0.000000,0.012160,0.000000,0.910900,19.009365,0.059573,-6.216149,20.000000
0.410900,2,"LINK_TORSO_YAW",0.286800,0.200000,0.124100,20.000000,0.000000,0.000000,20.000000,0.000000,0.000000,0.000000,0.000000,0.012160,0.000000,0.910900,19.007945,0.059599,-6.220489,20.000000
0.411000,2,"LINK_TORSO_YAW",0.286800,0.200000,0.124200,20.000000,0.000000,0.000000,20.000000,0.000000,0.000000,0.000000,0.000000,0.012160,0.000000,0.910900,19.006523,0.059625,-6.224833,20.000000
0.411100,2,"LINK_TORSO_YAW",0.286800,0.200000,0.124300,20.000000,0.000000,0.000000,20.000000,0.000000,0.000000,0.000000,0.000000,0.012160,0.000000,0.910900,19.005100,0.059651,-6.229176,20.000000
0.411200,2,"LINK_TORSO_YAW",0.286800,0.200000,0.124400,20.000000,0.000000,0.000000,20.000000,0.000000,0.000000,0.000000,0.000000,0.012160,0.000000,0.910900,19.003676,0.059677,-6.233518,20.000000
0.411300,2,"LINK_TORSO_YAW",0.286800,0.200000,0.124500,20.000000,0.000000,0.000000,20.000000,0.000000,0.000000,0.000000,0.000000,0.012160,0.000000,0.910900,19.002251,0.059703,-6.237860,20.000000
0.411400,2,"LINK_TORSO_YAW",0.286800,0.200000,0.124600,20.000000,0.000000,0.000000,20.000000,0.000000,0.000000,0.000000,0.000000,0.012160,0.000000,0.910900,19.000824,0.059729,-6.242203,20.000000
0.411500,2,"LINK_TORSO_YAW",0.286800,0.200000,0.124700,20.000000,0.000000,0.000000,20.000000,0.000000,0.000000,0.000000,0.000000,0.012160,0.000000,0.910900,18.999397,0.059755,-6.246547,20.000000
0.411600,2,"LINK_TORSO_YAW",0.286800,0.200000,0.124800,20.000000,0.000000,0.000000,20.000000,0.000000,0.000000,0.000000,0.000000,0.012160,0.000000,0.910900,18.997967,0.059781,-6.250893,20.000000
0.411700,2,"LINK_TORSO_YAW",0.286800,0.200000,0.124900,20.000000,0.000000,0.000000,20.000000,0.000000,0.000000,0.000000,0.000000,0.012160,0.000000,0.910900,18.996536,0.059806,-6.255241,20.000000
0.411800,2,"LINK_TORSO_YAW",0.286800,0.200000,0.125000,20.000000,0.000000,0.000000,20.000000,0.000000,0.000000,0.000000,0.000000,0.012160,0.000000,0.910900,18.995103,0.059831,-6.259591,20.000000
0.411900,2,"LINK_TORSO_YAW",0.286800,0.200000,0.125100,20.000000,0.000000,0.000000,20.000000,0.000000,0.000000,0.000000,0.000000,0.012160,0.000000,0.910900,18.993668,0.059856,-6.263944,20.000000
0.412000,2,"LINK_TORSO_YAW",0.286800,0.200000,0.125200,20.000000,0.000000,0.000000,20.000000,0.000000,0.000000,0.000000,0.000000,0.012160,0.000000,0.910900,18.992231,0.059881,-6.268300,20.000000
0.412100,2,"LINK_TORSO_YAW",0.286800,0.200000,0.125300,20.000000,0.000000,0.000000,20.000000,0.000000,0.000000,0.000000,0.000000,0.012160,0.000000,0.910900,18.990793,0.059906,-6.272655,20.000000
0.412200,2,"LINK_TORSO_YAW",0.286800,0.200000,0.125400,20.000000,0.000000,0.000000,20.000000,0.000000,0.000000,0.000000,0.000000,0.012160,0.000000,0.910900,18.989354,0.059930,-6.277010,20.000000
0.412300,2,"LINK_TORSO_YAW",0.286800,0.200000,0.125500,20.000000,0.000000,0.000000,20.000000,0.000000,0.000000,0.000000,0.000000,0.012160,0.000000,0.910900,18.987913,0.059954,-6.281365,20.000000
0.412400,2,"LINK_TORSO_YAW",0.286800,0.200000,0.125600,20.000000,0.000000,0.000000,20.000000,0.000000,0.000000,0.000000,0.000000,0.012160,0.000000,0.910900,18.986472,0.059978,-6.285722,20.000000
0.412500,2,"LINK_TORSO_YAW",0.286800,0.200000,0.125700,20.000000,0.000000,0.000000,20.000000,0.000000,0.000000,0.000000,0.000000,0.012160,0.000000,0.910900,18.985028,0.060002,-6.290079,20.000000
0.412600,2,"LINK_TORSO_YAW",0.286800,0.200000,0.125800,20.000000,0.000000,0.000000,20.000000,0.000000,0.000000,0.000000,0.000000,0.012160,0.000000,0.910900,18.983584,0.060026,-6.294438,20.000000
0.412700,2,"LINK_TORSO_YAW",0.286800,0.200000,0.125900,20.000000,0.000000,0.000000,20.000000,0.000000,0.000000,0.000000,0.000000,0.012160,0.000000,0.910900,18.982137,0.060050,-6.298799,20.000000
0.412800,2,"LINK_TORSO_YAW",0.286800,0.200000,0.126000,20.000000,0.000000,0.000000,20.000000,0.000000,0.000000,0.000000,0.000000,0.012160,0.000000,0.910900,18.980688,0.060073,-6.303163,20.000000
0.412900,2,"LINK_TORSO_YAW",0.286800,0.200000,0.126100,20.000000,0.000000,0.000000,20.000000,0.000000,0.000000,0.000000,0.000000,0.012160,0.000000,0.910900,18.979237,0.060096,-6.307530,20.000000
0.413000,2,"LINK_TORSO_YAW",0.286800,0.200000,0.126200,20.000000,0.000000,0.000000,20.000000,0.000000,0.000000,0.000000,0.000000,0.012160,0.000000,0.910900,18.977784,0.060120,-6.311901,20.000000
0.413100,2,"LINK_TORSO_YAW",0.286800,0.200000,0.126300,20.000000,0.000000,0.000000,20.000000,0.000000,0.000000,0.000000,0.000000,0.012160,0.000000,0.910900,18.976329,0.060144,-6.316275,20.000000
0.413200,2,"LINK_TORSO_YAW",0.286800,0.200000,0.126400,20.000000,0.000000,0.000000,20.000000,0.000000,0.000000,0.000000,0.000000,0.012160,0.000000,0.910900,18.974872,0.060168,-6.320648,20.000000
0.413300,2,"LINK_TORSO_YAW",0.286800,0.200000,0.126500,20.000000,0.000000,0.000000,20.000000,0.000000,0.000000,0.000000,0.000000,0.012160,0.000000,0.910900,18.973415,0.060193,-6.325021,20.000000
0.413400,2,"LINK_TORSO_YAW",0.286800,0.200000,0.126600,20.000000,0.000000,0.000000,20.000000,0.000000,0.000000,0.000000,0.000000,0.012160,0.000000,0.910900,18.971957,0.060217,-6.329394,20.000000
0.413500,2,"LINK_TORSO_YAW",0.286800,0.200000,0.126700,20.000000,0.000000,0.000000,20.000000,0.000000,0.000000,0.000000,0.000000,0.012160,0.000000,0.910900,18.970497,0.060243,-6.333768,20.000000
0.413600,2,"LINK_TORSO_YAW",0.286800,0.200000,0.126800,20.000000,0.000000,0.000000,20.000000,0.000000,0.000000,0.000000,0.000000,0.012160,0.000000,0.910900,18.969036,0.060268,-6.338142,20.000000
0.413700,2,"LINK_TORSO_YAW",0.286800,0.200000,0.126900,20.000000,0.000000,0.000000,20.000000,0.000000,0.000000,0.000000,0.000000,0.012160,0.000000,0.910900,18.967573,0.060294,-6.342519,20.000000
0.413800,2,"LINK_TORSO_YAW",0.286800,0.200000,0.127000,20.000000,0.000000,0.000000,20.000000,0.000000,0.000000,0.000000,0.000000,0.012160,0.000000,0.910900,18.966108,0.060320,-6.346897,20.000000
0.413900,2,"LINK_TORSO_YAW",0.286800,0.200000,0.127100,20.000000,0.000000,0.000000,20.000000,0.000000,0.000000,0.000000,0.000000,0.012160,0.000000,0.910900,18.964642,0.060347,-6.351276,20.000000
0.414000,2,"LINK_TORSO_YAW",0.286800,0.200000,0.127200,20.000000,0.000000,0.000000,20.000000,0.000000,0.000000,0.000000,0.000000,0.012160,0.000000,0.910900,18.963174,0.060375,-6.355658,20.000000
0.414100,2,"LINK_TORSO_YAW",0.286800,0.200000,0.127300,20.000000,0.000000,0.000000,20.000000,0.000000,0.000000,0.000000,0.000000,0.012160,0.000000,0.910900,18.961704,0.060403,-6.360043,20.000000
0.414200,2,"LINK_TORSO_YAW",0.286800,0.200000,0.127400,20.000000,0.000000,0.000000,20.000000,0.000000,0.000000,0.000000,0.000000,0.012160,0.000000,0.910900,18.960232,0.060430,-6.364430,20.000000
0.414300,2,"LINK_TORSO_YAW",0.286800,0.200000,0.127500,20.000000,0.000000,0.000000,20.000000,0.000000,0.000000,0.000000,0.000000,0.012160,0.000000,0.910900,18.958758,0.060458,-6.368817,20.000000
0.414400,2,"LINK_TORSO_YAW",0.286800,0.200000,0.127600,20.000000,0.000000,0.000000,20.000000,0.000000,0.000000,0.000000,0.000000,0.012160,0.000000,0.910900,18.957284,0.060486,-6.373203,20.000000
0.414500,2,"LINK_TORSO_YAW",0.286800,0.200000,0.127700,20.000000,0.000000,0.000000,20.000000,0.000000,0.000000,0.000000,0.000000,0.012160,0.000000,0.910900,18.955809,0.060514,-6.377590,20.000000
0.414600,2,"LINK_TORSO_YAW",0.286800,0.200000,0.127800,20.000000,0.000000,0.000000,20.000000,0.000000,0.000000,0.000000,0.000000,0.012160,0.000000,0.910900,18.954332,0.060541,-6.381978,20.000000
0.414700,2,"LINK_TORSO_YAW",0.286800,0.200000,0.127900,20.000000,0.000000,0.000000,20.000000,0.000000,0.000000,0.000000,0.000000,0.012160,0.000000,0.910900,18.952853,0.060569,-6.386367,20.000000
0.414800,2,"LINK_TORSO_YAW",0.286800,0.200000,0.128000,20.000000,0.000000,0.000000,20.000000,0.000000,0.000000,0.000000,0.000000,0.012160,0.000000,0.910900,18.951373,0.060596,-6.390757,20.000000
0.414900,2,"LINK_TORSO_YAW",0.286800,0.200000,0.128100,20.000000,0.000000,0.000000,20.000000,0.000000,0.000000,0.000000,0.000000,0.012160,0.000000,0.910900,18.949892,0.060622,-6.395148,20.000000
0.415000,2,"LINK_TORSO_YAW",0.286800,0.200000,0.128200,20.000000,0.000000,0.000000,20.000000,0.000000,0.000000,0.000000,0.000000,0.012160,0.000000,0.910900,18.948409,0.060649,-6.399541,20.000000
0.415100,2,"LINK_TORSO_YAW",0.286800,0.200000,0.128300,20.000000,0.000000,0.000000,20.000000,0.000000,0.000000,0.000000,0.000000,0.012160,0.000000,0.910900,18.946924,0.060675,-6.403936,20.000000
0.415200,2,"LINK_TORSO_YAW",0.286800,0.200000,0.128400,20.000000,0.000000,0.000000,20.000000,0.000000,0.000000,0.000000,0.000000,0.012160,0.000000,0.910900,18.945437,0.060701,-6.408334,20.000000
0.415300,2,"LINK_TORSO_YAW",0.286800,0.200000,0.128500,20.000000,0.000000,0.000000,20.000000,0.000000,0.000000,0.000000,0.000000,0.012160,0.000000,0.910900,18.943947,0.060727,-6.412736,20.000000
0.415400,2,"LINK_TORSO_YAW",0.286800,0.200000,0.128600,20.000000,0.000000,0.000000,20.000000,0.000000,0.000000,0.000000,0.000000,0.012160,0.000000,0.910900,18.942455,0.060753,-6.417140,20.000000
0.415500,2,"LINK_TORSO_YAW",0.286800,0.200000,0.128700,20.000000,0.000000,0.000000,20.000000,0.000000,0.000000,0.000000,0.000000,0.012160,0.000000,0.910900,18.940963,0.060778,-6.421544,20.000000
0.415600,2,"LINK_TORSO_YAW",0.286800,0.200000,0.128800,20.000000,0.000000,0.000000,20.000000,0.000000,0.000000,0.000000,0.000000,0.012160,0.000000,0.910900,18.939469,0.060803,-6.425948,20.000000
0.415700,2,"LINK_TORSO_YAW",0.286800,0.200000,0.128900,20.000000,0.000000,0.000000,20.000000,0.000000,0.000000,0.000000,0.000000,0.012160,0.000000,0.910900,18.937974,0.060827,-6.430352,20.000000
0.415800,2,"LINK_TORSO_YAW",0.286800,0.200000,0.129000,20.000000,0.000000,0.000000,20.000000,0.000000,0.000000,0.000000,0.000000,0.012160,0.000000,0.910900,18.936478,0.060851,-6.434757,20.000000
0.415900,2,"LINK_TORSO_YAW",0.286800,0.200000,0.129100,20.000000,0.000000,0.000000,20.000000,0.000000,0.000000,0.000000,0.000000,0.012160,0.000000,0.910900,18.934980,0.060875,-6.439163,20.000000
0.416000,2,"LINK_TORSO_YAW",0.286800,0.200000,0.129200,20.000000,0.000000,0.000000,20.000000,0.000000,0.000000,0.000000,0.000000,0.012160,0.000000,0.910900,18.933481,0.060898,-6.443570,20.000000
0.416100,2,"LINK_TORSO_YAW",0.286800,0.200000,0.129300,20.000000,0.000000,0.000000,20.000000,0.000000,0.000000,0.000000,0.000000,0.012160,0.000000,0.910900,18.931980,0.060922,-6.447979,20.000000
0.416200,2,"LINK_TORSO_YAW",0.286800,0.200000,0.129400,20.000000,0.000000,0.000000,20.000000,0.000000,0.000000,0.000000,0.000000,0.012160,0.000000,0.910900,18.930477,0.060947,-6.452390,20.000000
0.416300,2,"LINK_TORSO_YAW",0.286800,0.200000,0.129500,20.000000,0.000000,0.000000,20.000000,0.000000,0.000000,0.000000,0.000000,0.012160,0.000000,0.910900,18.928972,0.060971,-6.456804,20.000000
0.416400,2,"LINK_TORSO_YAW",0.286800,0.200000,0.129600,20.000000,0.000000,0.000000,20.000000,0.000000,0.000000,0.000000,0.000000,0.012160,0.000000,0.910900,18.927465,0.060996,-6.461220,20.000000
0.416500,2,"LINK_TORSO_YAW",0.286800,0.200000,0.129700,20.000000,0.000000,0.000000,20.000000,0.000000,0.000000,0.000000,0.000000,0.012160,0.000000,0.910900,18.925955,0.061021,-6.465640,20.000000
0.416600,2,"LINK_TORSO_YAW",0.286800,0.200000,0.129800,20.000000,0.000000,0.000000,20.000000,0.000000,0.000000,0.000000,0.000000,0.012160,0.000000,0.910900,18.924445,0.061046,-6.470059,20.000000
0.416700,2,"LINK_TORSO_YAW",0.286800,0.200000,0.129900,20.000000,0.000000,0.000000,20.000000,0.000000,0.000000,0.000000,0.000000,0.012160,0.000000,0.910900,18.922934,0.061072,-6.474477,20.000000
0.416800,2,"LINK_TORSO_YAW",0.286800,0.200000,0.130000,20.000000,0.000000,0.000000,20.000000,0.000000,0.000000,0.000000,0.000000,0.012160,0.000000,0.910900,18.921421,0.061097,-6.478896,20.000000
0.416900,2,"LINK_TORSO_YAW",0.286800,0.200000,0.130100,20.000000,0.000000,0.000000,20.000000,0.000000,0.000000,0.000000,0.000000,0.012160,0.000000,0.910900,18.919907,0.061123,-6.483316,20.000000
0.417000,2,"LINK_TORSO_YAW",0.286800,0.200000,0.130200,20.000000,0.000000,0.000000,20.000000,0.000000,0.000000,0.000000,0.000000,0.012160,0.000000,0.910900,18.918391,0.061148,-6.487737,20.000000
0.417100,2,"LINK_TORSO_YAW",0.286800,0.200000,0.130300,20.000000,0.000000,0.000000,20.000000,0.000000,0.000000,0.000000,0.000000,0.012160,0.000000,0.910900,18.916874,0.061173,-6.492160,20.000000
0.417200,2,"LINK_TORSO_YAW",0.286800,0.200000,0.130400,20.000000,0.000000,0.000000,20.000000,0.000000,0.000000,0.000000,0.000000,0.012160,0.000000,0.910900,18.915355,0.061198,-6.496585,20.000000
0.417300,2,"LINK_TORSO_YAW",0.286800,0.200000,0.130500,20.000000,0.000000,0.000000,20.000000,0.000000,0.000000,0.000000,0.000000,0.012160,0.000000,0.910900,18.913833,0.061222,-6.501012,20.000000
0.417400,2,"LINK_TORSO_YAW",0.286800,0.200000,0.130600,20.000000,0.000000,0.000000,20.000000,0.000000,0.000000,0.000000,0.000000,0.012160,0.000000,0.910900,18.912310,0.061247,-6.505442,20.000000
0.417500,2,"LINK_TORSO_YAW",0.286800,0.200000,0.130700,20.000000,0.000000,0.000000,20.000000,0.000000,0.000000,0.000000,0.000000,0.012160,0.000000,0.910900,18.910784,0.061271,-6.509876,20.000000
0.472900,3,"LINK_TORSO_YAW",0.472800,0.200000,0.000100,20.000000,0.000000,0.000000,20.000000,0.000000,0.000000,0.000000,0.000000,0.012160,0.000000,0.910900,17.941132,0.069301,-8.838042,20.000000
0.473000,3,"LINK_TORSO_YAW",0.472800,0.200000,0.000200,20.000000,0.000000,0.000000,20.000000,0.000000,0.000000,0.000000,0.000000,0.012160,0.000000,0.910900,17.939156,0.069307,-8.842052,20.000000
0.473100,3,"LINK_TORSO_YAW",0.472800,0.200000,0.000300,20.000000,0.000000,0.000000,20.000000,0.000000,0.000000,0.000000,0.000000,0.012160,0.000000,0.910900,17.937179,0.069314,-8.846062,20.000000
0.473200,3,"LINK_TORSO_YAW",0.472800,0.200000,0.000400,20.000000,0.000000,0.000000,20.000000,0.000000,0.000000,0.000000,0.000000,0.012160,0.000000,0.910900,17.935200,0.069320,-8.850073,20.000000
0.473300,3,"LINK_TORSO_YAW",0.472800,0.200000,0.000500,20.000000,0.000000,0.000000,20.000000,0.000000,0.000000,0.000000,0.000000,0.012160,0.000000,0.910900,17.933220,0.069326,-8.854084,20.000000
0.473400,3,"LINK_TORSO_YAW",0.472800,0.200000,0.000600,20.000000,0.000000,0.000000,20.000000,0.000000,0.000000,0.000000,0.000000,0.012160,0.000000,0.910900,17.931238,0.069333,-8.858098,20.000000
0.473500,3,"LINK_TORSO_YAW",0.472800,0.200000,0.000700,20.000000,0.000000,0.000000,20.000000,0.000000,0.000000,0.000000,0.000000,0.012160,0.000000,0.910900,17.929254,0.069339,-8.862113,20.000000
0.473600,3,"LINK_TORSO_YAW",0.472800,0.200000,0.000800,20.000000,0.000000,0.000000,20.000000,0.000000,0.000000,0.000000,0.000000,0.012160,0.000000,0.910900,17.927267,0.069346,-8.866131,20.000000
0.473700,3,"LINK_TORSO_YAW",0.472800,0.200000,0.000900,20.000000,0.000000,0.000000,20.000000,0.000000,0.000000,0.000000,0.000000,0.012160,0.000000,0.910900,17.925278,0.069353,-8.870153,20.000000
0.473800,3,"LINK_TORSO_YAW",0.472800,0.200000,0.001000,20.000000,0.000000,0.000000,20.000000,0.000000,0.000000,0.000000,0.000000,0.012160,0.000000,0.910900,17.923285,0.069361,-8.874178,20.000000
0.473900,3,"LINK_TORSO_YAW",0.472800,0.200000,0.001100,20.000000,0.000000,0.000000,20.000000,0.000000,0.000000,0.000000,0.000000,0.012160,0.000000,0.910900,17.921290,0.069369,-8.878207,20.000000
0.474000,3,"LINK_TORSO_YAW",0.472800,0.200000,0.001200,20.000000,0.000000,0.000000,20.000000,0.000000,0.000000,0.000000,0.000000,0.012160,0.000000,0.910900,17.919291,0.069377,-8.882241,20.000000
0.474100,3,"LINK_TORSO_YAW",0.472800,0.200000,0.001300,20.000000,0.000000,0.000000,20.000000,0.000000,0.000000,0.000000,0.000000,0.012160,0.000000,0.910900,17.917290,0.069386,-8.886276,20.000000
0.474200,3,"LINK_TORSO_YAW",0.472800,0.200000,0.001400,20.000000,0.000000,0.000000,20.000000,0.000000,0.000000,0.000000,0.000000,0.012160,0.000000,0.910900,17.915288,0.069395,-8.890311,20.000000
0.474300,3,"LINK_TORSO_YAW",0.472800,0.200000,0.001500,20.000000,0.000000,0.000000,20.000000,0.000000,0.000000,0.000000,0.000000,0.012160,0.000000,0.910900,17.913285,0.069404,-8.894347,20.000000
0.474400,3,"LINK_TORSO_YAW",0.472800,0.200000,0.001600,20.000000,0.000000,0.000000,20.000000,0.000000,0.000000,0.000000,0.000000,0.012160,0.000000,0.910900,17.911280,0.069413,-8.898384,20.000000
0.474500,3,"LINK_TORSO_YAW",0.472800,0.200000,0.001700,20.000000,0.000000,0.000000,20.000000,0.000000,0.000000,0.000000,0.000000,0.012160,0.000000,0.910900,17.909273,0.069423,-8.902423,20.000000
0.474600,3,"LINK_TORSO_YAW",0.472800,0.200000,0.001800,20.000000,0.000000,0.000000,20.000000,0.000000,0.000000,0.000000,0.000000,0.012160,0.000000,0.910900,17.907264,0.069433,-8.906463,20.000000
0.474700,3,"LINK_TORSO_YAW",0.472800,0.200000,0.001900,20.000000,0.000000,0.000000,20.000000,0.000000,0.000000,0.000000,0.000000,0.012160,0.000000,0.910900,17.905252,0.069443,-8.910506,20.000000
0.474800,3,"LINK_TORSO_YAW",0.472800,0.200000,0.002000,20.000000,0.000000,0.000000,20.000000,0.000000,0.000000,0.000000,0.000000,0.012160,0.000000,0.910900,17.903238,0.069454,-8.914552,20.000000
0.474900,3,"LINK_TORSO_YAW",0.472800,0.200000,0.002100,20.000000,0.000000,0.000000,20.000000,0.000000,0.000000,0.000000,0.000000,0.012160,0.000000,0.910900,17.901221,0.069464,-8.918601,20.000000
0.475000,3,"LINK_TORSO_YAW",0.472800,0.200000,0.002200,20.000000,0.000000,0.000000,20.000000,0.000000,0.000000,0.000000,0.000000,0.012160,0.000000,0.910900,17.899202,0.069475,-8.922654,20.000000
0.475100,3,"LINK_TORSO_YAW",0.472800,0.200000,0.002300,20.000000,0.000000,0.000000,20.000000,0.000000,0.000000,0.000000,0.000000,0.012160,0.000000,0.910900,17.897179,0.069486,-8.926711,20.000000
0.475200,3,"LINK_TORSO_YAW",0.472800,0.200000,0.002400,20.000000,0.000000,0.000000,20.000000,0.000000,0.000000,0.000000,0.000000,0.012160,0.000000,0.910900,17.895155,0.069496,-8.930767,20.000000
0.475300,3,"LINK_TORSO_YAW",0.472800,0.200000,0.002500,20.000000,0.000000,0.000000,20.000000,0.000000,0.000000,0.000000,0.000000,0.012160,0.000000,0.910900,17.893130,0.069507,-8.934824,20.000000
0.475400,3,"LINK_TORSO_YAW",0.472800,0.200000,0.002600,20.000000,0.000000,0.000000,20.000000,0.000000,0.000000,0.000000,0.000000,0.012160,0.000000,0.910900,17.891103,0.069517,-8.938882,20.000000
0.475500,3,"LINK_TORSO_YAW",0.472800,0.200000,0.002700,20.000000,0.000000,0.000000,20.000000,0.000000,0.000000,0.000000,0.000000,0.012160,0.000000,0.910900,17.889074,0.069528,-8.942940,20.000000
0.475600,3,"LINK_TORSO_YAW",0.472800,0.200000,0.002800,20.000000,0.000000,0.000000,20.000000,0.000000,0.000000,0.000000,0.000000,0.012160,0.000000,0.910900,17.887044,0.069538,-8.947000,20.000000
0.475700,3,"LINK_TORSO_YAW",0.472800,0.200000,0.002900,20.000000,0.000000,0.000000,20.000000,0.000000,0.000000,0.000000,0.000000,0.012160,0.000000,0.910900,17.885012,0.069548,-8.951062,20.000000
0.475800,3,"LINK_TORSO_YAW",0.472800,0.200000,0.003000,20.000000,0.000000,0.000000,20.000000,0.000000,0.000000,0.000000,0.000000,0.012160,0.000000,0.910900,17.882977,0.069558,-8.955127,20.000000
0.475900,3,"LINK_TORSO_YAW",0.472800,0.200000,0.003100,20.000000,0.000000,0.000000,20.000000,0.000000,0.000000,0.000000,0.000000,0.012160,0.000000,0.910900,17.880940,0.069568,-8.959194,20.000000
0.476000,3,"LINK_TORSO_YAW",0.472800,0.200000,0.003200,20.000000,0.000000,0.000000,20.000000,0.000000,0.000000,0.000000,0.000000,0.012160,0.000000,0.910900,17.878899,0.069578,-8.963265,20.000000
0.476100,3,"LINK_TORSO_YAW",0.472800,0.200000,0.003300,20.000000,0.000000,0.000000,20.000000,0.000000,0.000000,0.000000,0.000000,0.012160,0.000000,0.910900,17.876856,0.069588,-8.967339,20.000000
0.476200,3,"LINK_TORSO_YAW",0.472800,0.200000,0.003400,20.000000,0.000000,0.000000,20.000000,0.000000,0.000000,0.000000,0.000000,0.012160,0.000000,0.910900,17.874810,0.069599,-8.971417,20.000000
0.476300,3,"LINK_TORSO_YAW",0.472800,0.200000,0.003500,20.000000,0.000000,0.000000,20.000000,0.000000,0.000000,0.000000,0.000000,0.012160,0.000000,0.910900,17.872763,0.069609,-8.975495,20.000000
0.476400,3,"LINK_TORSO_YAW",0.472800,0.200000,0.003600,20.000000,0.000000,0.000000,20.000000,0.000000,0.000000,0.000000,0.000000,0.012160,0.000000,0.910900,17.870715,0.069620,-8.979572,20.000000
0.476500,3,"LINK_TORSO_YAW",0.472800,0.200000,0.003700,20.000000,0.000000,0.000000,20.000000,0.000000,0.000000,0.000000,0.000000,0.012160,0.000000,0.910900,17.868665,0.069630,-8.983650,20.000000
0.476600,3,"LINK_TORSO_YAW",0.472800,0.200000,0.003800,20.000000,0.000000,0.000000,20.000000,0.000000,0.000000,0.000000,0.000000,0.012160,0.000000,0.910900,17.866613,0.069641,-8.987730,20.000000
0.476700,3,"LINK_TORSO_YAW",0.472800,0.200000,0.003900,20.000000,0.000000,0.000000,20.000000,0.000000,0.000000,0.000000,0.000000,0.012160,0.000000,0.910900,17.864559,0.069652,-8.991811,20.000000
0.476800,3,"LINK_TORSO_YAW",0.472800,0.200000,0.004000,20.000000,0.000000,0.000000,20.000000,0.000000,0.000000,0.000000,0.000000,0.012160,0.000000,0.910900,17.862503,0.069662,-8.995895,20.000000
0.476900,3,"LINK_TORSO_YAW",0.472800,0.200000,0.004100,20.000000,0.000000,0.000000,20.000000,0.000000,0.000000,0.000000,0.000000,0.012160,0.000000,0.910900,17.860445,0.069674,-8.999981,20.000000
0.477000,3,"LINK_TORSO_YAW",0.472800,0.200000,0.004200,20.000000,0.000000,0.000000,20.000000,0.000000,0.000000,0.000000,0.000000,0.012160,0.000000,0.910900,17.858384,0.069685,-9.004070,20.000000
0.477100,3,"LINK_TORSO_YAW",0.472800,0.200000,0.004300,20.000000,0.000000,0.000000,20.000000,0.000000,0.000000,0.000000,0.000000,0.012160,0.000000,0.910900,17.856319,0.069697,-9.008163,20.000000
0.477200,3,"LINK_TORSO_YAW",0.472800,0.200000,0.004400,20.000000,0.000000,0.000000,20.000000,0.000000,0.000000,0.000000,0.000000,0.012160,0.000000,0.910900,17.854252,0.069709,-9.012259,20.000000
0.477300,3,"LINK_TORSO_YAW",0.472800,0.200000,0.004500,20.000000,0.000000,0.000000,20.000000,0.000000,0.000000,0.000000,0.000000,0.012160,0.000000,0.910900,17.852182,0.069722,-9.016360,20.000000
0.477400,3,"LINK_TORSO_YAW",0.472800,0.200000,0.004600,20.000000,0.000000,0.000000,20.000000,0.000000,0.000000,0.000000,0.000000,0.012160,0.000000,0.910900,17.850108,0.069735,-9.020466,20.000000
0.477500,3,"LINK_TORSO_YAW",0.472800,0.200000,0.004700,20.000000,0.000000,0.000000,20.000000,0.000000,0.000000,0.000000,0.000000,0.012160,0.000000,0.910900,17.848032,0.069747,-9.024571,20.000000
0.477600,3,"LINK_TORSO_YAW",0.472800,0.200000,0.004800,20.000000,0.000000,0.000000,20.000000,0.000000,0.000000,0.000000,0.000000,0.012160,0.000000,0.910900,17.845955,0.069760,-9.028678,20.000000
0.477700,3,"LINK_TORSO_YAW",0.472800,0.200000,0.004900,20.000000,0.000000,0.000000,20.000000,0.000000,0.000000,0.000000,0.000000,0.012160,0.000000,0.910900,17.843876,0.069772,-9.032785,20.000000
0.477800,3,"LINK_TORSO_YAW",0.472800,0.200000,0.005000,20.000000,0.000000,0.000000,20.000000,0.000000,0.000000,0.000000,0.000000,0.012160,0.000000,0.910900,17.841796,0.069784,-9.036893,20.000000
0.477900,3,"LINK_TORSO_YAW",0.472800,0.200000,0.005100,20.000000,0.000000,0.000000,20.000000,0.000000,0.000000,0.000000,0.000000,0.012160,0.000000,0.910900,17.839714,0.069796,-9.041003,20.000000
0.478000,3,"LINK_TORSO_YAW",0.472800,0.200000,0.005200,20.000000,0.000000,0.000000,20.000000,0.000000,0.000000,0.000000,0.000000,0.012160,0.000000,0.910900,17.837630,0.069809,-9.045114,20.000000
0.478100,3,"LINK_TORSO_YAW",0.472800,0.200000,0.005300,20.000000,0.000000,0.000000,20.000000,0.000000,0.000000,0.000000,0.000000,0.012160,0.000000,0.910900,17.835544,0.069821,-9.049227,20.000000
0.478200,3,"LINK_TORSO_YAW",0.472800,0.200000,0.005400,20.000000,0.000000,0.000000,20.000000,0.000000,0.000000,0.000000,0.000000,0.012160,0.000000,0.910900,17.833455,0.069833,-9.053343,20.000000
0.478300,3,"LINK_TORSO_YAW",0.472800,0.200000,0.005500,20.000000,0.000000,0.000000,20.000000,0.000000,0.000000,0.000000,0.000000,0.012160,0.000000,0.910900,17.831365,0.069846,-9.057458,20.000000
0.478400,3,"LINK_TORSO_YAW",0.472800,0.200000,0.005600,20.000000,0.000000,0.000000,20.000000,0.000000,0.000000,0.000000,0.000000,0.012160,0.000000,0.910900,17.829273,0.069859,-9.061574,20.000000
0.478500,3,"LINK_TORSO_YAW",0.472800,0.200000,0.005700,20.000000,0.000000,0.000000,20.000000,0.000000,0.000000,0.000000,0.000000,0.012160,0.000000,0.910900,17.827180,0.069872,-9.065692,20.000000
0.478600,3,"LINK_TORSO_YAW",0.472800,0.200000,0.005800,20.000000,0.000000,0.000000,20.000000,0.000000,0.000000,0.000000,0.000000,0.012160,0.000000,0.910900,17.825085,0.069885,-9.069811,20.000000
0.478700,3,"LINK_TORSO_YAW",0.472800,0.200000,0.005900,20.000000,0.000000,0.000000,20.000000,0.000000,0.000000,0.000000,0.000000,0.012160,0.000000,0.910900,17.822987,0.069898,-9.073933,20.000000
0.478800,3,"LINK_TORSO_YAW",0.472800,0.200000,0.006000,20.000000,0.000000,0.000000,20.000000,0.000000,0.000000,0.000000,0.000000,0.012160,0.000000,0.910900,17.820886,0.069911,-9.078057,20.000000
0.478900,3,"LINK_TORSO_YAW",0.472800,0.200000,0.006100,20.000000,0.000000,0.000000,20.000000,0.000000,0.000000,0.000000,0.000000,0.012160,0.000000,0.910900,17.818784,0.069925,-9.082184,20.000000
0.479000,3,"LINK_TORSO_YAW",0.472800,0.200000,0.006200,20.000000,0.000000,0.000000,20.000000,0.000000,0.000000,0.000000,0.000000,0.012160,0.000000,0.910900,17.816678,0.069938,-9.086314,20.000000
0.479100,3,"LINK_TORSO_YAW",0.472800,0.200000,0.006300,20.000000,0.000000,0.000000,20.000000,0.000000,0.000000,0.000000,0.000000,0.012160,0.000000,0.910900,17.814569,0.069952,-9.090447,20.000000
0.479200,3,"LINK_TORSO_YAW",0.472800,0.200000,0.006400,20.000000,0.000000,0.000000,20.000000,0.000000,0.000000,0.000000,0.000000,0.012160,0.000000,0.910900,17.812457,0.069965,-9.094585,20.000000
0.479300,3,"LINK_TORSO_YAW",0.472800,0.200000,0.006500,20.000000,0.000000,0.000000,20.000000,0.000000,0.000000,0.000000,0.000000,0.012160,0.000000,0.910900,17.810342,0.069979,-9.098727,20.000000
0.479400,3,"LINK_TORSO_YAW",0.472800,0.200000,0.006600,20.000000,0.000000,0.000000,20.000000,0.000000,0.000000,0.000000,0.000000,0.012160,0.000000,0.910900,17.808225,0.069993,-9.102868,20.000000
0.479500,3,"LINK_TORSO_YAW",0.472800,0.200000,0.006700,20.000000,0.000000,0.000000,20.000000,0.000000,0.000000,0.000000,0.000000,0.012160,0.000000,0.910900,17.806108,0.070007,-9.107009,20.000000
0.479600,3,"LINK_TORSO_YAW",0.472800,0.200000,0.006800,20.000000,0.000000,0.000000,20.000000,0.000000,0.000000,0.000000,0.000000,0.012160,0.000000,0.910900,17.803990,0.070021,-9.111150,20.000000
0.479700,3,"LINK_TORSO_YAW",0.472800,0.200000,0.006900,20.000000,0.000000,0.000000,20.000000,0.000000,0.000000,0.000000,0.000000,0.012160,0.000000,0.910900,17.801869,0.070035,-9.115292,20.000000
0.479800,3,"LINK_TORSO_YAW",0.472800,0.200000,0.007000,20.000000,0.000000,0.000000,20.000000,0.000000,0.000000,0.000000,0.000000,0.012160,0.000000,0.910900,17.799747,0.070049,-9.119435,20.000000
0.479900,3,"LINK_TORSO_YAW",0.472800,0.200000,0.007100,20.000000,0.000000,0.000000,20.000000,0.000000,0.000000,0.000000,0.000000,0.012160,0.000000,0.910900,17.797623,0.070064,-9.123579,20.000000
0.480000,3,"LINK_TORSO_YAW",0.472800,0.200000,0.007200,20.000000,0.000000,0.000000,20.000000,0.000000,0.000000,0.000000,0.000000,0.012160,0.000000,0.910900,17.795497,0.070078,-9.127726,20.000000
0.480100,3,"LINK_TORSO_YAW",0.472800,0.200000,0.007300,20.000000,0.000000,0.000000,20.000000,0.000000,0.000000,0.000000,0.000000,0.012160,0.000000,0.910900,17.793368,0.070093,-9.131875,20.000000
0.480200,3,"LINK_TORSO_YAW",0.472800,0.200000,0.007400,20.000000,0.000000,0.000000,20.000000,0.000000,0.000000,0.000000,0.000000,0.012160,0.000000,0.910900,17.791236,0.070108,-9.136027,20.000000
0.480300,3,"LINK_TORSO_YAW",0.472800,0.200000,0.007500,20.000000,0.000000,0.000000,20.000000,0.000000,0.000000,0.000000,0.000000,0.012160,0.000000,0.910900,17.789101,0.070122,-9.140183,20.000000
0.480400,3,"LINK_TORSO_YAW",0.472800,0.200000,0.007600,20.000000,0.000000,0.000000,20.000000,0.000000,0.000000,0.000000,0.000000,0.012160,0.000000,0.910900,17.786963,0.070137,-9.144343,20.000000
0.480500,3,"LINK_TORSO_YAW",0.472800,0.200000,0.007700,20.000000,0.000000,0.000000,20.000000,0.000000,0.000000,0.000000,0.000000,0.012160,0.000000,0.910900,17.784824,0.070151,-9.148503,20.000000
0.480600,3,"LINK_TORSO_YAW",0.472800,0.200000,0.007800,20.000000,0.000000,0.000000,20.000000,0.000000,0.000000,0.000000,0.000000,0.012160,0.000000,0.910900,17.782683,0.070166,-9.152663,20.000000
0.480700,3,"LINK_TORSO_YAW",0.472800,0.200000,0.007900,20.000000,0.000000,0.000000,20.000000,0.000000,0.000000,0.000000,0.000000,0.012160,0.000000,0.910900,17.780541,0.070180,-9.156824,20.000000
0.480800,3,"LINK_TORSO_YAW",0.472800,0.200000,0.008000,20.000000,0.000000,0.000000,20.000000,0.000000,0.000000,0.000000,0.000000,0.012160,0.000000,0.910900,17.778397,0.070194,-9.160986,20.000000
0.480900,3,"LINK_TORSO_YAW",0.472800,0.200000,0.008100,20.000000,0.000000,0.000000,20.000000,0.000000,0.000000,0.000000,0.000000,0.012160,0.000000,0.910900,17.776251,0.070208,-9.165149,20.000000
0.481000,3,"LINK_TORSO_YAW",0.472800,0.200000,0.008200,20.000000,0.000000,0.000000,20.000000,0.000000,0.000000,0.000000,0.000000,0.012160,0.000000,0.910900,17.774102,0.070221,-9.169316,20.000000
0.481100,3,"LINK_TORSO_YAW",0.472800,0.200000,0.008300,20.000000,0.000000,0.000000,20.000000,0.000000,0.000000,0.000000,0.000000,0.012160,0.000000,0.910900,17.771951,0.070235,-9.173485,20.000000
0.481200,3,"LINK_TORSO_YAW",0.472800,0.200000,0.008400,20.000000,0.000000,0.000000,20.000000,0.000000,0.000000,0.000000,0.000000,0.012160,0.000000,0.910900,17.769796,0.070249,-9.177658,20.000000
0.481300,3,"LINK_TORSO_YAW",0.472800,0.200000,0.008500,20.000000,0.000000,0.000000,20.000000,0.000000,0.000000,0.000000,0.000000,0.012160,0.000000,0.910900,17.767639,0.070263,-9.181834,20.000000
0.481400,3,"LINK_TORSO_YAW",0.472800,0.200000,0.008600,20.000000,0.000000,0.000000,20.000000,0.000000,0.000000,0.000000,0.000000,0.012160,0.000000,0.910900,17.765478,0.070278,-9.186015,20.000000
0.481500,3,"LINK_TORSO_YAW",0.472800,0.200000,0.008700,20.000000,0.000000,0.000000,20.000000,0.000000,0.000000,0.000000,0.000000,0.012160,0.000000,0.910900,17.763313,0.070293,-9.190199,20.000000
0.481600,3,"LINK_TORSO_YAW",0.472800,0.200000,0.008800,20.000000,0.000000,0.000000,20.000000,0.000000,0.000000,0.000000,0.000000,0.012160,0.000000,0.910900,17.761147,0.070308,-9.194384,20.000000
0.481700,3,"LINK_TORSO_YAW",0.472800,0.200000,0.008900,20.000000,0.000000,0.000000,20.000000,0.000000,0.000000,0.000000,0.000000,0.012160,0.000000,0.910900,17.758980,0.070324,-9.198570,20.000000
0.481800,3,"LINK_TORSO_YAW",0.472800,0.200000,0.009000,20.000000,0.000000,0.000000,20.000000,0.000000,0.000000,0.000000,0.000000,0.012160,0.000000,0.910900,17.756811,0.070340,-9.202756,20.000000
0.481900,3,"LINK_TORSO_YAW",0.472800,0.200000,0.009100,20.000000,0.000000,0.000000,20.000000,0.000000,0.000000,0.000000,0.000000,0.012160,0.000000,0.910900,17.754641,0.070356,-9.206942,20.000000
0.482000,3,"LINK_TORSO_YAW",0.472800,0.200000,0.009200,20.000000,0.000000,0.000000,20.000000,0.000000,0.000000,0.000000,0.000000,0.012160,0.000000,0.910900,17.752468,0.070372,-9.211130,20.000000
0.482100,3,"LINK_TORSO_YAW",0.472800,0.200000,0.009300,20.000000,0.000000,0.000000,20.000000,0.000000,0.000000,0.000000,0.000000,0.012160,0.000000,0.910900,17.750294,0.070389,-9.215319,20.000000
0.482200,3,"LINK_TORSO_YAW",0.472800,0.200000,0.009400,20.000000,0.000000,0.000000,20.000000,0.000000,0.000000,0.000000,0.000000,0.012160,0.000000,0.910900,17.748117,0.070406,-9.219510,20.000000
0.482300,3,"LINK_TORSO_YAW",0.472800,0.200000,0.009500,20.000000,0.000000,0.000000,20.000000,0.000000,0.000000,0.000000,0.000000,0.012160,0.000000,0.910900,17.745938,0.070422,-9.223704,20.000000
0.482400,3,"LINK_TORSO_YAW",0.472800,0.200000,0.009600,20.000000,0.000000,0.000000,20.000000,0.000000,0.000000,0.000000,0.000000,0.012160,0.000000,0.910900,17.743757,0.070439,-9.227900,20.000000
0.482500,3,"LINK_TORSO_YAW",0.472800,0.200000,0.009700,20.000000,0.000000,0.000000,20.000000,0.000000,0.000000,0.000000,0.000000,0.012160,0.000000,0.910900,17.741572,0.070456,-9.232100,20.000000
0.482600,3,"LINK_TORSO_YAW",0.472800,0.200000,0.009800,20.000000,0.000000,0.000000,20.000000,0.000000,0.000000,0.000000,0.000000,0.012160,0.000000,0.910900,17.739385,0.070472,-9.236300,20.000000
0.482700,3,"LINK_TORSO_YAW",0.472800,0.200000,0.009900,20.000000,0.000000,0.000000,20.000000,0.000000,0.000000,0.000000,0.000000,0.012160,0.000000,0.910900,17.737197,0.070489,-9.240501,20.000000
0.482800,3,"LINK_TORSO_YAW",0.472800,0.200000,0.010000,20.000000,0.000000,0.000000,20.000000,0.000000,0.000000,0.000000,0.000000,0.012160,0.000000,0.910900,17.735008,0.070505,-9.244703,20.000000
0.482900,3,"LINK_TORSO_YAW",0.472800,0.200000,0.010100,20.000000,0.000000,0.000000,20.000000,0.000000,0.000000,0.000000,0.000000,0.012160,0.000000,0.910900,17.732816,0.070522,-9.248907,20.000000
0.483000,3,"LINK_TORSO_YAW",0.472800,0.200000,0.010200,20.000000,0.000000,0.000000,20.000000,0.000000,0.000000,0.000000,0.000000,0.012160,0.000000,0.910900,17.730621,0.070538,-9.253113,20.000000
0.483100,3,"LINK_TORSO_YAW",0.472800,0.200000,0.010300,20.000000,0.000000,0.000000,20.000000,0.000000,0.000000,0.000000,0.000000,0.012160,0.000000,0.910900,17.728424,0.070554,-9.257321,20.000000
0.483200,3,"LINK_TORSO_YAW",0.472800,0.200000,0.010400,20.000000,0.000000,0.000000,20.000000,0.000000,0.000000,0.000000,0.000000,0.012160,0.000000,0.910900,17.726225,0.070570,-9.261532,20.000000
0.483300,3,"LINK_TORSO_YAW",0.472800,0.200000,0.010500,20.000000,0.000000,0.000000,20.000000,0.000000,0.000000,0.000000,0.000000,0.012160,0.000000,0.910900,17.724023,0.070587,-9.265745,20.000000
0.483400,3,"LINK_TORSO_YAW",0.472800,0.200000,0.010600,20.000000,0.000000,0.000000,20.000000,0.000000,0.000000,0.000000,0.000000,0.012160,0.000000,0.910900,17.721818,0.070603,-9.269961,20.000000
0.483500,3,"LINK_TORSO_YAW",0.472800,0.200000,0.010700,20.000000,0.000000,0.000000,20.000000,0.000000,0.000000,0.000000,0.000000,0.012160,0.000000,0.910900,17.719610,0.070619,-9.274180,20.000000
0.483600,3,"LINK_TORSO_YAW",0.472800,0.200000,0.010800,20.000000,0.000000,0.000000,20.000000,0.000000,0.000000,0.000000,0.000000,0.012160,0.000000,0.910900,17.717401,0.070635,-9.278400,20.000000
0.483700,3,"LINK_TORSO_YAW",0.472800,0.200000,0.010900,20.000000,0.000000,0.000000,20.000000,0.000000,0.000000,0.000000,0.000000,0.012160,0.000000,0.910900,17.715191,0.070651,-9.282620,20.000000
0.483800,3,"LINK_TORSO_YAW",0.472800,0.200000,0.011000,20.000000,0.000000,0.000000,20.000000,0.000000,0.000000,0.000000,0.000000,0.012160,0.000000,0.910900,17.712979,0.070667,-9.286840,20.000000
0.483900,3,"LINK_TORSO_YAW",0.472800,0.200000,0.011100,20.000000,0.000000,0.000000,20.000000,0.000000,0.000000,0.000000,0.000000,0.012160,0.000000,0.910900,17.710765,0.070683,-9.291062,20.000000
0.484000,3,"LINK_TORSO_YAW",0.472800,0.200000,0.011200,20.000000,0.000000,0.000000,20.000000,0.000000,0.000000,0.000000,0.000000,0.012160,0.000000,0.910900,17.708548,0.070699,-9.295285,20.000000
0.484100,3,"LINK_TORSO_YAW",0.472800,0.200000,0.011300,20.000000,0.000000,0.000000,20.000000,0.000000,0.000000,0.000000,0.000000,0.012160,0.000000,0.910900,17.706330,0.070716,-9.299510,20.000000
0.484200,3,"LINK_TORSO_YAW",0.472800,0.200000,0.011400,20.000000,0.000000,0.000000,20.000000,0.000000,0.000000,0.000000,0.000000,0.012160,0.000000,0.910900,17.704109,0.070732,-9.303738,20.000000
0.484300,3,"LINK_TORSO_YAW",0.472800,0.200000,0.011500,20.000000,0.000000,0.000000,20.000000,0.000000,0.000000,0.000000,0.000000,0.012160,0.000000,0.910900,17.701885,0.070748,-9.307969,20.000000
0.484400,3,"LINK_TORSO_YAW",0.472800,0.200000,0.011600,20.000000,0.000000,0.000000,20.000000,0.000000,0.000000,0.000000,0.000000,0.012160,0.000000,0.910900,17.699657,0.070764,-9.312203,20.000000
0.484500,3,"LINK_TORSO_YAW",0.472800,0.200000,0.011700,20.000000,0.000000,0.000000,20.000000,0.000000,0.000000,0.000000,0.000000,0.012160,0.000000,0.910900,17.697427,0.070781,-9.316441,20.000000
0.484600,3,"LINK_TORSO_YAW",0.472800,0.200000,0.011800,20.000000,0.000000,0.000000,20.000000,0.000000,0.000000,0.000000,0.000000,0.012160,0.000000,0.910900,17.695193,0.070797,-9.320683,20.000000
0.484700,3,"LINK_TORSO_YAW",0.472800,0.200000,0.011900,20.000000,0.000000,0.000000,20.000000,0.000000,0.000000,0.000000,0.000000,0.012160,0.000000,0.910900,17.692956,0.070814,-9.324929,20.000000
0.484800,3,"LINK_TORSO_YAW",0.472800,0.200000,0.012000,20.000000,0.000000,0.000000,20.000000,0.000000,0.000000,0.000000,0.000000,0.012160,0.000000,0.910900,17.690717,0.070831,-9.329175,20.000000
0.484900,3,"LINK_TORSO_YAW",0.472800,0.200000,0.012100,20.000000,0.000000,0.000000,20.000000,0.000000,0.000000,0.000000,0.000000,0.012160,0.000000,0.910900,17.688477,0.070848,-9.333421,20.000000
0.485000,3,"LINK_TORSO_YAW",0.472800,0.200000,0.012200,20.000000,0.000000,0.000000,20.000000,0.000000,0.000000,0.000000,0.000000,0.012160,0.000000,0.910900,17.686236,0.070865,-9.337667,20.000000
0.485100,3,"LINK_TORSO_YAW",0.472800,0.200000,0.012300,20.000000,0.000000,0.000000,20.000000,0.000000,0.000000,0.000000,0.000000,0.012160,0.000000,0.910900,17.683993,0.070883,-9.341915,20.000000
0.485200,3,"LINK_TORSO_YAW",0.472800,0.200000,0.012400,20.000000,0.000000,0.000000,20.000000,0.000000,0.000000,0.000000,0.000000,0.012160,0.000000,0.910900,17.681747,0.070901,-9.346164,20.000000
0.485300,3,"LINK_TORSO_YAW",0.472800,0.200000,0.012500,20.000000,0.000000,0.000000,20.000000,0.000000,0.000000,0.000000,0.000000,0.012160,0.000000,0.910900,17.679500,0.070919,-9.350415,20.000000
0.485400,3,"LINK_TORSO_YAW",0.472800,0.200000,0.012600,20.000000,0.000000,0.000000,20.000000,0.000000,0.000000,0.000000,0.000000,0.012160,0.000000,0.910900,17.677250,0.070937,-9.354668,20.000000
0.485500,3,"LINK_TORSO_YAW",0.472800,0.200000,0.012700,20.000000,0.000000,0.000000,20.000000,0.000000,0.000000,0.000000,0.000000,0.012160,0.000000,0.910900,17.674996,0.070956,-9.358924,20.000000
0.485600,3,"LINK_TORSO_YAW",0.472800,0.200000,0.012800,20.000000,0.000000,0.000000,20.000000,0.000000,0.000000,0.000000,0.000000,0.012160,0.000000,0.910900,17.672740,0.070974,-9.363185,20.000000
0.485700,3,"LINK_TORSO_YAW",0.472800,0.200000,0.012900,20.000000,0.000000,0.000000,20.000000,0.000000,0.000000,0.000000,0.000000,0.012160,0.000000,0.910900,17.670480,0.070992,-9.367450,20.000000
0.485800,3,"LINK_TORSO_YAW",0.472800,0.200000,0.013000,20.000000,0.000000,0.000000,20.000000,0.000000,0.000000,0.000000,0.000000,0.012160,0.000000,0.910900,17.668216,0.071010,-9.371718,20.000000
0.485900,3,"LINK_TORSO_YAW",0.472800,0.200000,0.013100,20.000000,0.000000,0.000000,20.000000,0.000000,0.000000,0.000000,0.000000,0.012160,0.000000,0.910900,17.665948,0.071028,-9.375992,20.000000
0.486000,3,"LINK_TORSO_YAW",0.472800,0.200000,0.013200,20.000000,0.000000,0.000000,20.000000,0.000000,0.000000,0.000000,0.000000,0.012160,0.000000,0.910900,17.663679,0.071046,-9.380266,20.000000
0.486100,3,"LINK_TORSO_YAW",0.472800,0.200000,0.013300,20.000000,0.000000,0.000000,20.000000,0.000000,0.000000,0.000000,0.000000,0.012160,0.000000,0.910900,17.661409,0.071064,-9.384539,20.000000
0.486200,3,"LINK_TORSO_YAW",0.472800,0.200000,0.013400,20.000000,0.000000,0.000000,20.000000,0.000000,0.000000,0.000000,0.000000,0.012160,0.000000,0.910900,17.659137,0.071082,-9.388814,20.000000
0.486300,3,"LINK_TORSO_YAW",0.472800,0.200000,0.013500,20.000000,0.000000,0.000000,20.000000,0.000000,0.000000,0.000000,0.000000,0.012160,0.000000,0.910900,17.656863,0.071099,-9.393089,20.000000
0.486400,3,"LINK_TORSO_YAW",0.472800,0.200000,0.013600,20.000000,0.000000,0.000000,20.000000,0.000000,0.000000,0.000000,0.000000,0.012160,0.000000,0.910900,17.654588,0.071117,-9.397366,20.000000
0.486500,3,"LINK_TORSO_YAW",0.472800,0.200000,0.013700,20.000000,0.000000,0.000000,20.000000,0.000000,0.000000,0.000000,0.000000,0.012160,0.000000,0.910900,17.652310,0.071135,-9.401644,20.000000
0.486600,3,"LINK_TORSO_YAW",0.472800,0.200000,0.013800,20.000000,0.000000,0.000000,20.000000,0.000000,0.000000,0.000000,0.000000,0.012160,0.000000,0.910900,17.650029,0.071152,-9.405924,20.000000
0.486700,3,"LINK_TORSO_YAW",0.472800,0.200000,0.013900,20.000000,0.000000,0.000000,20.000000,0.000000,0.000000,0.000000,0.000000,0.012160,0.000000,0.910900,17.647746,0.071170,-9.410207,20.000000
0.486800,3,"LINK_TORSO_YAW",0.472800,0.200000,0.014000,20.000000,0.000000,0.000000,20.000000,0.000000,0.000000,0.000000,0.000000,0.012160,0.000000,0.910900,17.645460,0.071187,-9.414493,20.000000
0.486900,3,"LINK_TORSO_YAW",0.472800,0.200000,0.014100,20.000000,0.000000,0.000000,20.000000,0.000000,0.000000,0.000000,0.000000,0.012160,0.000000,0.910900,17.643170,0.071205,-9.418783,20.000000
0.487000,3,"LINK_TORSO_YAW",0.472800,0.200000,0.014200,20.000000,0.000000,0.000000,20.000000,0.000000,0.000000,0.000000,0.000000,0.012160,0.000000,0.910900,17.640877,0.071223,-9.423077,20.000000
0.487100,3,"LINK_TORSO_YAW",0.472800,0.200000,0.014300,20.000000,0.000000,0.000000,20.000000,0.000000,0.000000,0.000000,0.000000,0.012160,0.000000,0.910900,17.638583,0.071241,-9.427371,20.000000
0.487200,3,"LINK_TORSO_YAW",0.472800,0.200000,0.014400,20.000000,0.000000,0.000000,20.000000,0.000000,0.000000,0.000000,0.000000,0.012160,0.000000,0.910900,17.636286,0.071258,-9.431666,20.000000
0.487300,3,"LINK_TORSO_YAW",0.472800,0.200000,0.014500,20.000000,0.000000,0.000000,20.000000,0.000000,0.000000,0.000000,0.000000,0.012160,0.000000,0.910900,17.633989,0.071276,-9.435961,20.000000
0.487400,3,"LINK_TORSO_YAW",0.472800,0.200000,0.014600,20.000000,0.000000,0.000000,20.000000,0.000000,0.000000,0.000000,0.000000,0.012160,0.000000,0.910900,17.631689,0.071294,-9.440257,20.000000
0.487500,3,"LINK_TORSO_YAW",0.472800,0.200000,0.014700,20.000000,0.000000,0.000000,20.000000,0.000000,0.000000,0.000000,0.000000,0.012160,0.000000,0.910900,17.629388,0.071312,-9.444554,20.000000
0.487600,3,"LINK_TORSO_YAW",0.472800,0.200000,0.014800,20.000000,0.000000,0.000000,20.000000,0.000000,0.000000,0.000000,0.000000,0.012160,0.000000,0.910900,17.627084,0.071331,-9.448854,20.000000
0.487700,3,"LINK_TORSO_YAW",0.472800,0.200000,0.014900,20.000000,0.000000,0.000000,20.000000,0.000000,0.000000,0.000000,0.000000,0.012160,0.000000,0.910900,17.624777,0.071349,-9.453155,20.000000
0.487800,3,"LINK_TORSO_YAW",0.472800,0.200000,0.015000,20.000000,0.000000,0.000000,20.000000,0.000000,0.000000,0.000000,0.000000,0.012160,0.000000,0.910900,17.622468,0.071367,-9.457459,20.000000
0.487900,3,"LINK_TORSO_YAW",0.472800,0.200000,0.015100,20.000000,0.000000,0.000000,20.000000,0.000000,0.000000,0.000000,0.000000,0.012160,0.000000,0.910900,17.620156,0.071386,-9.461766,20.000000
0.488000,3,"LINK_TORSO_YAW",0.472800,0.200000,0.015200,20.000000,0.000000,0.000000,20.000000,0.000000,0.000000,0.000000,0.000000,0.012160,0.000000,0.910900,17.617840,0.071405,-9.466076,20.000000
0.488100,3,"LINK_TORSO_YAW",0.472800,0.200000,0.015300,20.000000,0.000000,0.000000,20.000000,0.000000,0.000000,0.000000,0.000000,0.012160,0.000000,0.910900,17.615521,0.071423,-9.470391,20.000000
0.488200,3,"LINK_TORSO_YAW",0.472800,0.200000,0.015400,20.000000,0.000000,0.000000,20.000000,0.000000,0.000000,0.000000,0.000000,0.012160,0.000000,0.910900,17.613199,0.071442,-9.474710,20.000000
0.488300,3,"LINK_TORSO_YAW",0.472800,0.200000,0.015500,20.000000,0.000000,0.000000,20.000000,0.000000,0.000000,0.000000,0.000000,0.012160,0.000000,0.910900,17.610875,0.071461,-9.479029,20.000000
0.488400,3,"LINK_TORSO_YAW",0.472800,0.200000,0.015600,20.000000,0.000000,0.000000,20.000000,0.000000,0.000000,0.000000,0.000000,0.012160,0.000000,0.910900,17.608549,0.071479,-9.483348,20.000000
0.488500,3,"LINK_TORSO_YAW",0.472800,0.200000,0.015700,20.000000,0.000000,0.000000,20.000000,0.000000,0.000000,0.000000,0.000000,0.012160,0.000000,0.910900,17.606221,0.071497,-9.487669,20.000000
0.488600,3,"LINK_TORSO_YAW",0.472800,0.200000,0.015800,20.000000,0.000000,0.000000,20.000000,0.000000,0.000000,0.000000,0.000000,0.012160,0.000000,0.910900,17.603892,0.071515,-9.491990,20.000000
0.488700,3,"LINK_TORSO_YAW",0.472800,0.200000,0.015900,20.000000,0.000000,0.000000,20.000000,0.000000,0.000000,0.000000,0.000000,0.012160,0.000000,0.910900,17.601560,0.071533,-9.496313,20.000000
0.488800,3,"LINK_TORSO_YAW",0.472800,0.200000,0.016000,20.000000,0.000000,0.000000,20.000000,0.000000,0.000000,0.000000,0.000000,0.012160,0.000000,0.910900,17.599225,0.071550,-9.500639,20.000000
0.488900,3,"LINK_TORSO_YAW",0.472800,0.200000,0.016100,20.000000,0.000000,0.000000,20.000000,0.000000,0.000000,0.000000,0.000000,0.012160,0.000000,0.910900,17.596888,0.071568,-9.504968,20.000000
0.489000,3,"LINK_TORSO_YAW",0.472800,0.200000,0.016200,20.000000,0.000000,0.000000,20.000000,0.000000,0.000000,0.000000,0.000000,0.012160,0.000000,0.910900,17.594547,0.071585,-9.509301,20.000000
0.489100,3,"LINK_TORSO_YAW",0.472800,0.200000,0.016300,20.000000,0.000000,0.000000,20.000000,0.000000,0.000000,0.000000,0.000000,0.012160,0.000000,0.910900,17.592202,0.071602,-9.513637,20.000000
0.489200,3,"LINK_TORSO_YAW",0.472800,0.200000,0.016400,20.000000,0.000000,0.000000,20.000000,0.000000,0.000000,0.000000,0.000000,0.012160,0.000000,0.910900,17.589854,0.071620,-9.517977,20.000000
0.489300,3,"LINK_TORSO_YAW",0.472800,0.200000,0.016500,20.000000,0.000000,0.000000,20.000000,0.000000,0.000000,0.000000,0.000000,0.012160,0.000000,0.910900,17.587503,0.071638,-9.522321,20.000000
0.489400,3,"LINK_TORSO_YAW",0.472800,0.200000,0.016600,20.000000,0.000000,0.000000,20.000000,0.000000,0.000000,0.000000,0.000000,0.012160,0.000000,0.910900,17.585151,0.071655,-9.526665,20.000000
0.489500,3,"LINK_TORSO_YAW",0.472800,0.200000,0.016700,20.000000,0.000000,0.000000,20.000000,0.000000,0.000000,0.000000,0.000000,0.012160,0.000000,0.910900,17.582797,0.071673,-9.531008,20.000000
0.489600,3,"LINK_TORSO_YAW",0.472800,0.200000,0.016800,20.000000,0.000000,0.000000,20.000000,0.000000,0.000000,0.000000,0.000000,0.012160,0.000000,0.910900,17.580441,0.071691,-9.535352,20.000000
0.489700,3,"LINK_TORSO_YAW",0.472800,0.200000,0.016900,20.000000,0.000000,0.000000,20.000000,0.000000,0.000000,0.000000,0.000000,0.012160,0.000000,0.910900,17.578084,0.071709,-9.539697,20.000000
0.489800,3,"LINK_TORSO_YAW",0.472800,0.200000,0.017000,20.000000,0.000000,0.000000,20.000000,0.000000,0.000000,0.000000,0.000000,0.012160,0.000000,0.910900,17.575724,0.071726,-9.544044,20.000000
0.489900,3,"LINK_TORSO_YAW",0.472800,0.200000,0.017100,20.000000,0.000000,0.000000,20.000000,0.000000,0.000000,0.000000,0.000000,0.012160,0.000000,0.910900,17.573363,0.071744,-9.548392,20.000000
0.490000,3,"LINK_TORSO_YAW",0.472800,0.200000,0.017200,20.000000,0.000000,0.000000,20.000000,0.000000,0.000000,0.000000,0.000000,0.012160,0.000000,0.910900,17.570998,0.071762,-9.552742,20.000000
0.490100,3,"LINK_TORSO_YAW",0.472800,0.200000,0.017300,20.000000,0.000000,0.000000,20.000000,0.000000,0.000000,0.000000,0.000000,0.012160,0.000000,0.910900,17.568631,0.071779,-9.557094,20.000000
0.490200,3,"LINK_TORSO_YAW",0.472800,0.200000,0.017400,20.000000,0.000000,0.000000,20.000000,0.000000,0.000000,0.000000,0.000000,0.012160,0.000000,0.910900,17.566261,0.071797,-9.561450,20.000000
0.490300,3,"LINK_TORSO_YAW",0.472800,0.200000,0.017500,20.000000,0.000000,0.000000,20.000000,0.000000,0.000000,0.000000,0.000000,0.012160,0.000000,0.910900,17.563887,0.071814,-9.565810,20.000000
0.490400,3,"LINK_TORSO_YAW",0.472800,0.200000,0.017600,20.000000,0.000000,0.000000,20.000000,0.000000,0.000000,0.000000,0.000000,0.012160,0.000000,0.910900,17.561509,0.071832,-9.570174,20.000000
0.490500,3,"LINK_TORSO_YAW",0.472800,0.200000,0.017700,20.000000,0.000000,0.000000,20.000000,0.000000,0.000000,0.000000,0.000000,0.012160,0.000000,0.910900,17.559130,0.071849,-9.574538,20.000000
0.490600,3,"LINK_TORSO_YAW",0.472800,0.200000,0.017800,20.000000,0.000000,0.000000,20.000000,0.000000,0.000000,0.000000,0.000000,0.012160,0.000000,0.910900,17.556750,0.071867,-9.578903,20.000000
0.490700,3,"LINK_TORSO_YAW",0.472800,0.200000,0.017900,20.000000,0.000000,0.000000,20.000000,0.000000,0.000000,0.000000,0.000000,0.012160,0.000000,0.910900,17.554368,0.071884,-9.583267,20.000000
0.490800,3,"LINK_TORSO_YAW",0.472800,0.200000,0.018000,20.000000,0.000000,0.000000,20.000000,0.000000,0.000000,0.000000,0.000000,0.012160,0.000000,0.910900,17.551984,0.071902,-9.587633,20.000000
0.490900,3,"LINK_TORSO_YAW",0.472800,0.200000,0.018100,20.000000,0.000000,0.000000,20.000000,0.000000,0.000000,0.000000,0.000000,0.012160,0.000000,0.910900,17.549597,0.071919,-9.592000,20.000000
0.491000,3,"LINK_TORSO_YAW",0.472800,0.200000,0.018200,20.000000,0.000000,0.000000,20.000000,0.000000,0.000000,0.000000,0.000000,0.012160,0.000000,0.910900,17.547209,0.071937,-9.596368,20.000000
0.491100,3,"LINK_TORSO_YAW",0.472800,0.200000,0.018300,20.000000,0.000000,0.000000,20.000000,0.000000,0.000000,0.000000,0.000000,0.012160,0.000000,0.910900,17.544818,0.071955,-9.600739,20.000000
0.491200,3,"LINK_TORSO_YAW",0.472800,0.200000,0.018400,20.000000,0.000000,0.000000,20.000000,0.000000,0.000000,0.000000,0.000000,0.012160,0.000000,0.910900,17.542424,0.071974,-9.605112,20.000000
0.491300,3,"LINK_TORSO_YAW",0.472800,0.200000,0.018500,20.000000,0.000000,0.000000,20.000000,0.000000,0.000000,0.000000,0.000000,0.012160,0.000000,0.910900,17.540027,0.071992,-9.609489,20.000000
0.491400,3,"LINK_TORSO_YAW",0.472800,0.200000,0.018600,20.000000,0.000000,0.000000,20.000000,0.000000,0.000000,0.000000,0.000000,0.012160,0.000000,0.910900,17.537627,0.072011,-9.613868,20.000000
0.491500,3,"LINK_TORSO_YAW",0.472800,0.200000,0.018700,20.000000,0.000000,0.000000,20.000000,0.000000,0.000000,0.000000,0.000000,0.012160,0.000000,0.910900,17.535223,0.072030,-9.618252,20.000000
0.491600,3,"LINK_TORSO_YAW",0.472800,0.200000,0.018800,20.000000,0.000000,0.000000,20.000000,0.000000,0.000000,0.000000,0.000000,0.012160,0.000000,0.910900,17.532818,0.072049,-9.622636,20.000000
0.491700,3,"LINK_TORSO_YAW",0.472800,0.200000,0.018900,20.000000,0.000000,0.000000,20.000000,0.000000,0.000000,0.000000,0.000000,0.012160,0.000000,0.910900,17.530411,0.072068,-9.627019,20.000000
0.491800,3,"LINK_TORSO_YAW",0.472800,0.200000,0.019000,20.000000,0.000000,0.000000,20.000000,0.000000,0.000000,0.000000,0.000000,0.012160,0.000000,0.910900,17.528003,0.072087,-9.631403,20.000000
0.491900,3,"LINK_TORSO_YAW",0.472800,0.200000,0.019100,20.000000,0.000000,0.000000,20.000000,0.000000,0.000000,0.000000,0.000000,0.012160,0.000000,0.910900,17.525592,0.072106,-9.635788,20.000000
0.492000,3,"LINK_TORSO_YAW",0.472800,0.200000,0.019200,20.000000,0.000000,0.000000,20.000000,0.000000,0.000000,0.000000,0.000000,0.012160,0.000000,0.910900,17.523180,0.072126,-9.640175,20.000000
0.492100,3,"LINK_TORSO_YAW",0.472800,0.200000,0.019300,20.000000,0.000000,0.000000,20.000000,0.000000,0.000000,0.000000,0.000000,0.012160,0.000000,0.910900,17.520765,0.072145,-9.644563,20.000000
0.492200,3,"LINK_TORSO_YAW",0.472800,0.200000,0.019400,20.000000,0.000000,0.000000,20.000000,0.000000,0.000000,0.000000,0.000000,0.012160,0.000000,0.910900,17.518347,0.072164,-9.648954,20.000000
0.492300,3,"LINK_TORSO_YAW",0.472800,0.200000,0.019500,20.000000,0.000000,0.000000,20.000000,0.000000,0.000000,0.000000,0.000000,0.012160,0.000000,0.910900,17.515926,0.072183,-9.653349,20.000000
0.492400,3,"LINK_TORSO_YAW",0.472800,0.200000,0.019600,20.000000,0.000000,0.000000,20.000000,0.000000,0.000000,0.000000,0.000000,0.012160,0.000000,0.910900,17.513501,0.072202,-9.657746,20.000000
0.492500,3,"LINK_TORSO_YAW",0.472800,0.200000,0.019700,20.000000,0.000000,0.000000,20.000000,0.000000,0.000000,0.000000,0.000000,0.012160,0.000000,0.910900,17.511074,0.072222,-9.662147,20.000000
0.492900,3,"LINK_TORSO_YAW",0.472800,0.200000,0.020100,20.000000,0.000000,0.000000,20.000000,0.000000,0.000000,0.000000,0.000000,0.012160,0.000000,0.910900,17.501329,0.072299,-9.679786,20.000000
0.493000,3,"LINK_TORSO_YAW",0.472800,0.200000,0.020200,20.000000,0.000000,0.000000,20.000000,0.000000,0.000000,0.000000,0.000000,0.012160,0.000000,0.910900,17.498888,0.072318,-9.684198,20.000000
0.493100,3,"LINK_TORSO_YAW",0.472800,0.200000,0.020300,20.000000,0.000000,0.000000,20.000000,0.000000,0.000000,0.000000,0.000000,0.012160,0.000000,0.910900,17.496444,0.072337,-9.688612,20.000000
0.493200,3,"LINK_TORSO_YAW",0.472800,0.200000,0.020400,20.000000,0.000000,0.000000,20.000000,0.000000,0.000000,0.000000,0.000000,0.012160,0.000000,0.910900,17.493998,0.072356,-9.693028,20.000000
0.493300,3,"LINK_TORSO_YAW",0.472800,0.200000,0.020500,20.000000,0.000000,0.000000,20.000000,0.000000,0.000000,0.000000,0.000000,0.012160,0.000000,0.910900,17.491550,0.072374,-9.697445,20.000000
0.493400,3,"LINK_TORSO_YAW",0.472800,0.200000,0.020600,20.000000,0.000000,0.000000,20.000000,0.000000,0.000000,0.000000,0.000000,0.012160,0.000000,0.910900,17.489099,0.072393,-9.701865,20.000000
0.493500,3,"LINK_TORSO_YAW",0.472800,0.200000,0.020700,20.000000,0.000000,0.000000,20.000000,0.000000,0.000000,0.000000,0.000000,0.012160,0.000000,0.910900,17.486645,0.072412,-9.706287,20.000000
0.493600,3,"LINK_TORSO_YAW",0.472800,0.200000,0.020800,20.000000,0.000000,0.000000,20.000000,0.000000,0.000000,0.000000,0.000000,0.012160,0.000000,0.910900,17.484188,0.072430,-9.710712,20.000000
0.493700,3,"LINK_TORSO_YAW",0.472800,0.200000,0.020900,20.000000,0.000000,0.000000,20.000000,0.000000,0.000000,0.000000,0.000000,0.012160,0.000000,0.910900,17.481729,0.072448,-9.715137,20.000000
0.493800,3,"LINK_TORSO_YAW",0.472800,0.200000,0.021000,20.000000,0.000000,0.000000,20.000000,0.000000,0.000000,0.000000,0.000000,0.012160,0.000000,0.910900,17.479269,0.072467,-9.719562,20.000000
0.493900,3,"LINK_TORSO_YAW",0.472800,0.200000,0.021100,20.000000,0.000000,0.000000,20.000000,0.000000,0.000000,0.000000,0.000000,0.012160,0.000000,0.910900,17.476808,0.072485,-9.723988,20.000000
0.494000,3,"LINK_TORSO_YAW",0.472800,0.200000,0.021200,20.000000,0.000000,0.000000,20.000000,0.000000,0.000000,0.000000,0.000000,0.012160,0.000000,0.910900,17.474344,0.072502,-9.728414,20.000000
0.494100,3,"LINK_TORSO_YAW",0.472800,0.200000,0.021300,20.000000,0.000000,0.000000,20.000000,0.000000,0.000000,0.000000,0.000000,0.012160,0.000000,0.910900,17.471879,0.072520,-9.732841,20.000000
0.494200,3,"LINK_TORSO_YAW",0.472800,0.200000,0.021400,20.000000,0.000000,0.000000,20.000000,0.000000,0.000000,0.000000,0.000000,0.012160,0.000000,0.910900,17.469411,0.072538,-9.737270,20.000000
0.494300,3,"LINK_TORSO_YAW",0.472800,0.200000,0.021500,20.000000,0.000000,0.000000,20.000000,0.000000,0.000000,0.000000,0.000000,0.012160,0.000000,0.910900,17.466941,0.072556,-9.741700,20.000000
0.494400,3,"LINK_TORSO_YAW",0.472800,0.200000,0.021600,20.000000,0.000000,0.000000,20.000000,0.000000,0.000000,0.000000,0.000000,0.012160,0.000000,0.910900,17.464468,0.072574,-9.746133,20.000000
0.494500,3,"LINK_TORSO_YAW",0.472800,0.200000,0.021700,20.000000,0.000000,0.000000,20.000000,0.000000,0.000000,0.000000,0.000000,0.012160,0.000000,0.910900,17.461991,0.072592,-9.750568,20.000000
0.494600,3,"LINK_TORSO_YAW",0.472800,0.200000,0.021800,20.000000,0.000000,0.000000,20.000000,0.000000,0.000000,0.000000,0.000000,0.012160,0.000000,0.910900,17.459512,0.072611,-9.755008,20.000000
0.494700,3,"LINK_TORSO_YAW",0.472800,0.200000,0.021900,20.000000,0.000000,0.000000,20.000000,0.000000,0.000000,0.000000,0.000000,0.012160,0.000000,0.910900,17.457029,0.072630,-9.759451,20.000000
0.494800,3,"LINK_TORSO_YAW",0.472800,0.200000,0.022000,20.000000,0.000000,0.000000,20.000000,0.000000,0.000000,0.000000,0.000000,0.012160,0.000000,0.910900,17.454541,0.072650,-9.763898,20.000000
0.494900,3,"LINK_TORSO_YAW",0.472800,0.200000,0.022100,20.000000,0.000000,0.000000,20.000000,0.000000,0.000000,0.000000,0.000000,0.012160,0.000000,0.910900,17.452053,0.072669,-9.768345,20.000000
0.495000,3,"LINK_TORSO_YAW",0.472800,0.200000,0.022200,20.000000,0.000000,0.000000,20.000000,0.000000,0.000000,0.000000,0.000000,0.012160,0.000000,0.910900,17.449563,0.072689,-9.772793,20.000000
0.495100,3,"LINK_TORSO_YAW",0.472800,0.200000,0.022300,20.000000,0.000000,0.000000,20.000000,0.000000,0.000000,0.000000,0.000000,0.012160,0.000000,0.910900,17.447070,0.072709,-9.777241,20.000000
0.495200,3,"LINK_TORSO_YAW",0.472800,0.200000,0.022400,20.000000,0.000000,0.000000,20.000000,0.000000,0.000000,0.000000,0.000000,0.012160,0.000000,0.910900,17.444576,0.072729,-9.781691,20.000000
0.495300,3,"LINK_TORSO_YAW",0.472800,0.200000,0.022500,20.000000,0.000000,0.000000,20.000000,0.000000,0.000000,0.000000,0.000000,0.012160,0.000000,0.910900,17.442079,0.072748,-9.786142,20.000000
0.495500,3,"LINK_TORSO_YAW",0.472800,0.200000,0.022700,20.000000,0.000000,0.000000,20.000000,0.000000,0.000000,0.000000,0.000000,0.012160,0.000000,0.910900,17.437077,0.072788,-9.795052,20.000000
0.495600,3,"LINK_TORSO_YAW",0.472800,0.200000,0.022800,20.000000,0.000000,0.000000,20.000000,0.000000,0.000000,0.000000,0.000000,0.012160,0.000000,0.910900,17.434571,0.072808,-9.799512,20.000000
0.495700,3,"LINK_TORSO_YAW",0.472800,0.200000,0.022900,20.000000,0.000000,0.000000,20.000000,0.000000,0.000000,0.000000,0.000000,0.012160,0.000000,0.910900,17.432061,0.072829,-9.803975,20.000000
0.495800,3,"LINK_TORSO_YAW",0.472800,0.200000,0.023000,20.000000,0.000000,0.000000,20.000000,0.000000,0.000000,0.000000,0.000000,0.012160,0.000000,0.910900,17.429548,0.072849,-9.808443,20.000000
0.495900,3,"LINK_TORSO_YAW",0.472800,0.200000,0.023100,20.000000,0.000000,0.000000,20.000000,0.000000,0.000000,0.000000,0.000000,0.012160,0.000000,0.910900,17.427031,0.072869,-9.812914,20.000000
0.496000,3,"LINK_TORSO_YAW",0.472800,0.200000,0.023200,20.000000,0.000000,0.000000,20.000000,0.000000,0.000000,0.000000,0.000000,0.012160,0.000000,0.910900,17.424512,0.072890,-9.817386,20.000000
0.496100,3,"LINK_TORSO_YAW",0.472800,0.200000,0.023300,20.000000,0.000000,0.000000,20.000000,0.000000,0.000000,0.000000,0.000000,0.012160,0.000000,0.910900,17.421991,0.072910,-9.821859,20.000000
0.496200,3,"LINK_TORSO_YAW",0.472800,0.200000,0.023400,20.000000,0.000000,0.000000,20.000000,0.000000,0.000000,0.000000,0.000000,0.012160,0.000000,0.910900,17.419468,0.072931,-9.826332,20.000000
0.496300,3,"LINK_TORSO_YAW",0.472800,0.200000,0.023500,20.000000,0.000000,0.000000,20.000000,0.000000,0.000000,0.000000,0.000000,0.012160,0.000000,0.910900,17.416943,0.072951,-9.830807,20.000000
0.496400,3,"LINK_TORSO_YAW",0.472800,0.200000,0.023600,20.000000,0.000000,0.000000,20.000000,0.000000,0.000000,0.000000,0.000000,0.012160,0.000000,0.910900,17.414415,0.072973,-9.835284,20.000000
0.496500,3,"LINK_TORSO_YAW",0.472800,0.200000,0.023700,20.000000,0.000000,0.000000,20.000000,0.000000,0.000000,0.000000,0.000000,0.012160,0.000000,0.910900,17.411885,0.072994,-9.839763,20.000000
0.496600,3,"LINK_TORSO_YAW",0.472800,0.200000,0.023800,20.000000,0.000000,0.000000,20.000000,0.000000,0.000000,0.000000,0.000000,0.012160,0.000000,0.910900,17.409352,0.073016,-9.844243,20.000000
0.496700,3,"LINK_TORSO_YAW",0.472800,0.200000,0.023900,20.000000,0.000000,0.000000,20.000000,0.000000,0.000000,0.000000,0.000000,0.012160,0.000000,0.910900,17.406816,0.073037,-9.848726,20.000000
0.496800,3,"LINK_TORSO_YAW",0.472800,0.200000,0.024000,20.000000,0.000000,0.000000,20.000000,0.000000,0.000000,0.000000,0.000000,0.012160,0.000000,0.910900,17.404278,0.073059,-9.853212,20.000000
0.496900,3,"LINK_TORSO_YAW",0.472800,0.200000,0.024100,20.000000,0.000000,0.000000,20.000000,0.000000,0.000000,0.000000,0.000000,0.012160,0.000000,0.910900,17.401736,0.073080,-9.857700,20.000000
0.497000,3,"LINK_TORSO_YAW",0.472800,0.200000,0.024200,20.000000,0.000000,0.000000,20.000000,0.000000,0.000000,0.000000,0.000000,0.012160,0.000000,0.910900,17.399193,0.073101,-9.862187,20.000000
0.497100,3,"LINK_TORSO_YAW",0.472800,0.200000,0.024300,20.000000,0.000000,0.000000,20.000000,0.000000,0.000000,0.000000,0.000000,0.012160,0.000000,0.910900,17.396649,0.073123,-9.866674,20.000000
0.497200,3,"LINK_TORSO_YAW",0.472800,0.200000,0.024400,20.000000,0.000000,0.000000,20.000000,0.000000,0.000000,0.000000,0.000000,0.012160,0.000000,0.910900,17.394103,0.073144,-9.871161,20.000000
0.497300,3,"LINK_TORSO_YAW",0.472800,0.200000,0.024500,20.000000,0.000000,0.000000,20.000000,0.000000,0.000000,0.000000,0.000000,0.012160,0.000000,0.910900,17.391555,0.073165,-9.875649,20.000000
0.497400,3,"LINK_TORSO_YAW",0.472800,0.200000,0.024600,20.000000,0.000000,0.000000,20.000000,0.000000,0.000000,0.000000,0.000000,0.012160,0.000000,0.910900,17.389006,0.073187,-9.880138,20.000000
0.497500,3,"LINK_TORSO_YAW",0.472800,0.200000,0.024700,20.000000,0.000000,0.000000,20.000000,0.000000,0.000000,0.000000,0.000000,0.012160,0.000000,0.910900,17.386454,0.073208,-9.884628,20.000000
0.497600,3,"LINK_TORSO_YAW",0.472800,0.200000,0.024800,20.000000,0.000000,0.000000,20.000000,0.000000,0.000000,0.000000,0.000000,0.012160,0.000000,0.910900,17.383899,0.073229,-9.889120,20.000000
0.497700,3,"LINK_TORSO_YAW",0.472800,0.200000,0.024900,20.000000,0.000000,0.000000,20.000000,0.000000,0.000000,0.000000,0.000000,0.012160,0.000000,0.910900,17.381341,0.073250,-9.893614,20.000000
0.497800,3,"LINK_TORSO_YAW",0.472800,0.200000,0.025000,20.000000,0.000000,0.000000,20.000000,0.000000,0.000000,0.000000,0.000000,0.012160,0.000000,0.910900,17.378781,0.073271,-9.898112,20.000000
0.497900,3,"LINK_TORSO_YAW",0.472800,0.200000,0.025100,20.000000,0.000000,0.000000,20.000000,0.000000,0.000000,0.000000,0.000000,0.012160,0.000000,0.910900,17.376216,0.073293,-9.902612,20.000000
0.498000,3,"LINK_TORSO_YAW",0.472800,0.200000,0.025200,20.000000,0.000000,0.000000,20.000000,0.000000,0.000000,0.000000,0.000000,0.012160,0.000000,0.910900,17.373648,0.073314,-9.907117,20.000000
0.498100,3,"LINK_TORSO_YAW",0.472800,0.200000,0.025300,20.000000,0.000000,0.000000,20.000000,0.000000,0.000000,0.000000,0.000000,0.012160,0.000000,0.910900,17.371077,0.073335,-9.911626,20.000000
0.498200,3,"LINK_TORSO_YAW",0.472800,0.200000,0.025400,20.000000,0.000000,0.000000,20.000000,0.000000,0.000000,0.000000,0.000000,0.012160,0.000000,0.910900,17.368503,0.073357,-9.916134,20.000000
0.498300,3,"LINK_TORSO_YAW",0.472800,0.200000,0.025500,20.000000,0.000000,0.000000,20.000000,0.000000,0.000000,0.000000,0.000000,0.012160,0.000000,0.910900,17.365928,0.073378,-9.920643,20.000000
0.498400,3,"LINK_TORSO_YAW",0.472800,0.200000,0.025600,20.000000,0.000000,0.000000,20.000000,0.000000,0.000000,0.000000,0.000000,0.012160,0.000000,0.910900,17.363351,0.073400,-9.925152,20.000000
0.498500,3,"LINK_TORSO_YAW",0.472800,0.200000,0.025700,20.000000,0.000000,0.000000,20.000000,0.000000,0.000000,0.000000,0.000000,0.012160,0.000000,0.910900,17.360772,0.073421,-9.929663,20.000000
0.498600,3,"LINK_TORSO_YAW",0.472800,0.200000,0.025800,20.000000,0.000000,0.000000,20.000000,0.000000,0.000000,0.000000,0.000000,0.012160,0.000000,0.910900,17.358190,0.073443,-9.934176,20.000000
0.498700,3,"LINK_TORSO_YAW",0.472800,0.200000,0.025900,20.000000,0.000000,0.000000,20.000000,0.000000,0.000000,0.000000,0.000000,0.012160,0.000000,0.910900,17.355605,0.073465,-9.938692,20.000000
0.498800,3,"LINK_TORSO_YAW",0.472800,0.200000,0.026000,20.000000,0.000000,0.000000,20.000000,0.000000,0.000000,0.000000,0.000000,0.012160,0.000000,0.910900,17.353016,0.073486,-9.943210,20.000000
0.498900,3,"LINK_TORSO_YAW",0.472800,0.200000,0.026100,20.000000,0.000000,0.000000,20.000000,0.000000,0.000000,0.000000,0.000000,0.012160,0.000000,0.910900,17.350425,0.073508,-9.947731,20.000000
0.499000,3,"LINK_TORSO_YAW",0.472800,0.200000,0.026200,20.000000,0.000000,0.000000,20.000000,0.000000,0.000000,0.000000,0.000000,0.012160,0.000000,0.910900,17.347830,0.073531,-9.952256,20.000000
0.499100,3,"LINK_TORSO_YAW",0.472800,0.200000,0.026300,20.000000,0.000000,0.000000,20.000000,0.000000,0.000000,0.000000,0.000000,0.012160,0.000000,0.910900,17.345231,0.073553,-9.956784,20.000000
0.499200,3,"LINK_TORSO_YAW",0.472800,0.200000,0.026400,20.000000,0.000000,0.000000,20.000000,0.000000,0.000000,0.000000,0.000000,0.012160,0.000000,0.910900,17.342631,0.073575,-9.961313,20.000000
0.499300,3,"LINK_TORSO_YAW",0.472800,0.200000,0.026500,20.000000,0.000000,0.000000,20.000000,0.000000,0.000000,0.000000,0.000000,0.012160,0.000000,0.910900,17.340029,0.073598,-9.965841,20.000000
0.499400,3,"LINK_TORSO_YAW",0.472800,0.200000,0.026600,20.000000,0.000000,0.000000,20.000000,0.000000,0.000000,0.000000,0.000000,0.012160,0.000000,0.910900,17.337425,0.073620,-9.970370,20.000000
0.499500,3,"LINK_TORSO_YAW",0.472800,0.200000,0.026700,20.000000,0.000000,0.000000,20.000000,0.000000,0.000000,0.000000,0.000000,0.012160,0.000000,0.910900,17.334819,0.073643,-9.974900,20.000000
0.499600,3,"LINK_TORSO_YAW",0.472800,0.200000,0.026800,20.000000,0.000000,0.000000,20.000000,0.000000,0.000000,0.000000,0.000000,0.012160,0.000000,0.910900,17.332210,0.073665,-9.979432,20.000000
0.499700,3,"LINK_TORSO_YAW",0.472800,0.200000,0.026900,20.000000,0.000000,0.000000,20.000000,0.000000,0.000000,0.000000,0.000000,0.012160,0.000000,0.910900,17.329599,0.073687,-9.983966,20.000000
0.499800,3,"LINK_TORSO_YAW",0.472800,0.200000,0.027000,20.000000,0.000000,0.000000,20.000000,0.000000,0.000000,0.000000,0.000000,0.012160,0.000000,0.910900,17.326985,0.073710,-9.988502,20.000000
0.499900,3,"LINK_TORSO_YAW",0.472800,0.200000,0.027100,20.000000,0.000000,0.000000,20.000000,0.000000,0.000000,0.000000,0.000000,0.012160,0.000000,0.910900,17.324367,0.073732,-9.993041,20.000000
0.500000,3,"LINK_TORSO_YAW",0.472800,0.200000,0.027200,20.000000,0.000000,0.000000,20.000000,0.000000,0.000000,0.000000,0.000000,0.012160,0.000000,0.910900,17.321747,0.073753,-9.997583,20.000000
0.500100,3,"LINK_TORSO_YAW",0.472800,0.200000,0.027300,20.000000,0.000000,0.000000,20.000000,0.000000,0.000000,0.000000,0.000000,0.012160,0.000000,0.910900,17.319122,0.073775,-10.002128,20.000000
0.500200,3,"LINK_TORSO_YAW",0.472800,0.200000,0.027400,20.000000,0.000000,0.000000,20.000000,0.000000,0.000000,0.000000,0.000000,0.012160,0.000000,0.910900,17.316493,0.073797,-10.006678,20.000000
0.500300,3,"LINK_TORSO_YAW",0.472800,0.200000,0.027500,20.000000,0.000000,0.000000,20.000000,0.000000,0.000000,0.000000,0.000000,0.012160,0.000000,0.910900,17.313863,0.073819,-10.011228,20.000000
0.500400,3,"LINK_TORSO_YAW",0.472800,0.200000,0.027600,20.000000,0.000000,0.000000,20.000000,0.000000,0.000000,0.000000,0.000000,0.012160,0.000000,0.910900,17.311232,0.073842,-10.015778,20.000000
0.500500,3,"LINK_TORSO_YAW",0.472800,0.200000,0.027700,20.000000,0.000000,0.000000,20.000000,0.000000,0.000000,0.000000,0.000000,0.012160,0.000000,0.910900,17.308598,0.073864,-10.020328,20.000000
0.500600,3,"LINK_TORSO_YAW",0.472800,0.200000,0.027800,20.000000,0.000000,0.000000,20.000000,0.000000,0.000000,0.000000,0.000000,0.012160,0.000000,0.910900,17.305963,0.073886,-10.024878,20.000000
0.500700,3,"LINK_TORSO_YAW",0.472800,0.200000,0.027900,20.000000,0.000000,0.000000,20.000000,0.000000,0.000000,0.000000,0.000000,0.012160,0.000000,0.910900,17.303326,0.073909,-10.029430,20.000000
0.500800,3,"LINK_TORSO_YAW",0.472800,0.200000,0.028000,20.000000,0.000000,0.000000,20.000000,0.000000,0.000000,0.000000,0.000000,0.012160,0.000000,0.910900,17.300686,0.073931,-10.033982,20.000000
0.500900,3,"LINK_TORSO_YAW",0.472800,0.200000,0.028100,20.000000,0.000000,0.000000,20.000000,0.000000,0.000000,0.000000,0.000000,0.012160,0.000000,0.910900,17.298044,0.073953,-10.038537,20.000000
0.501000,3,"LINK_TORSO_YAW",0.472800,0.200000,0.028200,20.000000,0.000000,0.000000,20.000000,0.000000,0.000000,0.000000,0.000000,0.012160,0.000000,0.910900,17.295398,0.073975,-10.043093,20.000000
0.501100,3,"LINK_TORSO_YAW",0.472800,0.200000,0.028300,20.000000,0.000000,0.000000,20.000000,0.000000,0.000000,0.000000,0.000000,0.012160,0.000000,0.910900,17.292750,0.073997,-10.047652,20.000000
0.501200,3,"LINK_TORSO_YAW",0.472800,0.200000,0.028400,20.000000,0.000000,0.000000,20.000000,0.000000,0.000000,0.000000,0.000000,0.012160,0.000000,0.910900,17.290098,0.074020,-10.052215,20.000000
0.501300,3,"LINK_TORSO_YAW",0.472800,0.200000,0.028500,20.000000,0.000000,0.000000,20.000000,0.000000,0.000000,0.000000,0.000000,0.012160,0.000000,0.910900,17.287443,0.074042,-10.056780,20.000000
0.501400,3,"LINK_TORSO_YAW",0.472800,0.200000,0.028600,20.000000,0.000000,0.000000,20.000000,0.000000,0.000000,0.000000,0.000000,0.012160,0.000000,0.910900,17.284784,0.074064,-10.061350,20.000000
0.501500,3,"LINK_TORSO_YAW",0.472800,0.200000,0.028700,20.000000,0.000000,0.000000,20.000000,0.000000,0.000000,0.000000,0.000000,0.012160,0.000000,0.910900,17.282123,0.074086,-10.065919,20.000000
0.501600,3,"LINK_TORSO_YAW",0.472800,0.200000,0.028800,20.000000,0.000000,0.000000,20.000000,0.000000,0.000000,0.000000,0.000000,0.012160,0.000000,0.910900,17.279460,0.074108,-10.070489,20.000000
0.501700,3,"LINK_TORSO_YAW",0.472800,0.200000,0.028900,20.000000,0.000000,0.000000,20.000000,0.000000,0.000000,0.000000,0.000000,0.012160,0.000000,0.910900,17.276796,0.074130,-10.075060,20.000000
0.501800,3,"LINK_TORSO_YAW",0.472800,0.200000,0.029000,20.000000,0.000000,0.000000,20.000000,0.000000,0.000000,0.000000,0.000000,0.012160,0.000000,0.910900,17.274129,0.074153,-10.079632,20.000000
0.501900,3,"LINK_TORSO_YAW",0.472800,0.200000,0.029100,20.000000,0.000000,0.000000,20.000000,0.000000,0.000000,0.000000,0.000000,0.012160,0.000000,0.910900,17.271459,0.074175,-10.084205,20.000000
0.502000,3,"LINK_TORSO_YAW",0.472800,0.200000,0.029200,20.000000,0.000000,0.000000,20.000000,0.000000,0.000000,0.000000,0.000000,0.012160,0.000000,0.910900,17.268787,0.074197,-10.088781,20.000000
0.502100,3,"LINK_TORSO_YAW",0.472800,0.200000,0.029300,20.000000,0.000000,0.000000,20.000000,0.000000,0.000000,0.000000,0.000000,0.012160,0.000000,0.910900,17.266111,0.074219,-10.093360,20.000000
0.502200,3,"LINK_TORSO_YAW",0.472800,0.200000,0.029400,20.000000,0.000000,0.000000,20.000000,0.000000,0.000000,0.000000,0.000000,0.012160,0.000000,0.910900,17.263432,0.074240,-10.097941,20.000000
0.502300,3,"LINK_TORSO_YAW",0.472800,0.200000,0.029500,20.000000,0.000000,0.000000,20.000000,0.000000,0.000000,0.000000,0.000000,0.012160,0.000000,0.910900,17.260749,0.074262,-10.102526,20.000000
0.502400,3,"LINK_TORSO_YAW",0.472800,0.200000,0.029600,20.000000,0.000000,0.000000,20.000000,0.000000,0.000000,0.000000,0.000000,0.012160,0.000000,0.910900,17.258063,0.074284,-10.107114,20.000000
0.502500,3,"LINK_TORSO_YAW",0.472800,0.200000,0.029700,20.000000,0.000000,0.000000,20.000000,0.000000,0.000000,0.000000,0.000000,0.012160,0.000000,0.910900,17.255372,0.074305,-10.111707,20.000000
0.502600,3,"LINK_TORSO_YAW",0.472800,0.200000,0.029800,20.000000,0.000000,0.000000,20.000000,0.000000,0.000000,0.000000,0.000000,0.012160,0.000000,0.910900,17.252680,0.074327,-10.116300,20.000000
0.502700,3,"LINK_TORSO_YAW",0.472800,0.200000,0.029900,20.000000,0.000000,0.000000,20.000000,0.000000,0.000000,0.000000,0.000000,0.012160,0.000000,0.910900,17.249985,0.074348,-10.120893,20.000000
0.502800,3,"LINK_TORSO_YAW",0.472800,0.200000,0.030000,20.000000,0.000000,0.000000,20.000000,0.000000,0.000000,0.000000,0.000000,0.012160,0.000000,0.910900,17.247289,0.074369,-10.125488,20.000000
0.502900,3,"LINK_TORSO_YAW",0.472800,0.200000,0.030100,20.000000,0.000000,0.000000,20.000000,0.000000,0.000000,0.000000,0.000000,0.012160,0.000000,0.910900,17.244589,0.074391,-10.130084,20.000000
0.503000,3,"LINK_TORSO_YAW",0.472800,0.200000,0.030200,20.000000,0.000000,0.000000,20.000000,0.000000,0.000000,0.000000,0.000000,0.012160,0.000000,0.910900,17.241888,0.074412,-10.134682,20.000000
0.503100,3,"LINK_TORSO_YAW",0.472800,0.200000,0.030300,20.000000,0.000000,0.000000,20.000000,0.000000,0.000000,0.000000,0.000000,0.012160,0.000000,0.910900,17.239183,0.074434,-10.139281,20.000000
0.503200,3,"LINK_TORSO_YAW",0.472800,0.200000,0.030400,20.000000,0.000000,0.000000,20.000000,0.000000,0.000000,0.000000,0.000000,0.012160,0.000000,0.910900,17.236476,0.074455,-10.143882,20.000000
0.503300,3,"LINK_TORSO_YAW",0.472800,0.200000,0.030500,20.000000,0.000000,0.000000,20.000000,0.000000,0.000000,0.000000,0.000000,0.012160,0.000000,0.910900,17.233766,0.074476,-10.148485,20.000000
0.503400,3,"LINK_TORSO_YAW",0.472800,0.200000,0.030600,20.000000,0.000000,0.000000,20.000000,0.000000,0.000000,0.000000,0.000000,0.012160,0.000000,0.910900,17.231053,0.074497,-10.153091,20.000000
0.503500,3,"LINK_TORSO_YAW",0.472800,0.200000,0.030700,20.000000,0.000000,0.000000,20.000000,0.000000,0.000000,0.000000,0.000000,0.012160,0.000000,0.910900,17.228336,0.074519,-10.157700,20.000000
0.503600,3,"LINK_TORSO_YAW",0.472800,0.200000,0.030800,20.000000,0.000000,0.000000,20.000000,0.000000,0.000000,0.000000,0.000000,0.012160,0.000000,0.910900,17.225616,0.074540,-10.162313,20.000000
0.503700,3,"LINK_TORSO_YAW",0.472800,0.200000,0.030900,20.000000,0.000000,0.000000,20.000000,0.000000,0.000000,0.000000,0.000000,0.012160,0.000000,0.910900,17.222894,0.074561,-10.166925,20.000000
0.503800,3,"LINK_TORSO_YAW",0.472800,0.200000,0.031000,20.000000,0.000000,0.000000,20.000000,0.000000,0.000000,0.000000,0.000000,0.012160,0.000000,0.910900,17.220170,0.074581,-10.171537,20.000000
0.503900,3,"LINK_TORSO_YAW",0.472800,0.200000,0.031100,20.000000,0.000000,0.000000,20.000000,0.000000,0.000000,0.000000,0.000000,0.012160,0.000000,0.910900,17.217445,0.074602,-10.176150,20.000000
0.504000,3,"LINK_TORSO_YAW",0.472800,0.200000,0.031200,20.000000,0.000000,0.000000,20.000000,0.000000,0.000000,0.000000,0.000000,0.012160,0.000000,0.910900,17.214717,0.074623,-10.180763,20.000000
0.504100,3,"LINK_TORSO_YAW",0.472800,0.200000,0.031300,20.000000,0.000000,0.000000,20.000000,0.000000,0.000000,0.000000,0.000000,0.012160,0.000000,0.910900,17.211987,0.074643,-10.185378,20.000000
0.504200,3,"LINK_TORSO_YAW",0.472800,0.200000,0.031400,20.000000,0.000000,0.000000,20.000000,0.000000,0.000000,0.000000,0.000000,0.012160,0.000000,0.910900,17.209254,0.074664,-10.189995,20.000000
0.504300,3,"LINK_TORSO_YAW",0.472800,0.200000,0.031500,20.000000,0.000000,0.000000,20.000000,0.000000,0.000000,0.000000,0.000000,0.012160,0.000000,0.910900,17.206518,0.074685,-10.194614,20.000000
0.504400,3,"LINK_TORSO_YAW",0.472800,0.200000,0.031600,20.000000,0.000000,0.000000,20.000000,0.000000,0.000000,0.000000,0.000000,0.012160,0.000000,0.910900,17.203779,0.074706,-10.199236,20.000000
0.504500,3,"LINK_TORSO_YAW",0.472800,0.200000,0.031700,20.000000,0.000000,0.000000,20.000000,0.000000,0.000000,0.000000,0.000000,0.012160,0.000000,0.910900,17.201036,0.074727,-10.203861,20.000000
0.504600,3,"LINK_TORSO_YAW",0.472800,0.200000,0.031800,20.000000,0.000000,0.000000,20.000000,0.000000,0.000000,0.000000,0.000000,0.012160,0.000000,0.910900,17.198289,0.074749,-10.208490,20.000000
0.504700,3,"LINK_TORSO_YAW",0.472800,0.200000,0.031900,20.000000,0.000000,0.000000,20.000000,0.000000,0.000000,0.000000,0.000000,0.012160,0.000000,0.910900,17.195538,0.074772,-10.213122,20.000000
0.504800,3,"LINK_TORSO_YAW",0.472800,0.200000,0.032000,20.000000,0.000000,0.000000,20.000000,0.000000,0.000000,0.000000,0.000000,0.012160,0.000000,0.910900,17.192786,0.074794,-10.217755,20.000000
0.504900,3,"LINK_TORSO_YAW",0.472800,0.200000,0.032100,20.000000,0.000000,0.000000,20.000000,0.000000,0.000000,0.000000,0.000000,0.012160,0.000000,0.910900,17.190032,0.074817,-10.222388,20.000000
0.505000,3,"LINK_TORSO_YAW",0.472800,0.200000,0.032200,20.000000,0.000000,0.000000,20.000000,0.000000,0.000000,0.000000,0.000000,0.012160,0.000000,0.910900,17.187275,0.074840,-10.227022,20.000000
0.505100,3,"LINK_TORSO_YAW",0.472800,0.200000,0.032300,20.000000,0.000000,0.000000,20.000000,0.000000,0.000000,0.000000,0.000000,0.012160,0.000000,0.910900,17.184516,0.074864,-10.231657,20.000000
0.505200,3,"LINK_TORSO_YAW",0.472800,0.200000,0.032400,20.000000,0.000000,0.000000,20.000000,0.000000,0.000000,0.000000,0.000000,0.012160,0.000000,0.910900,17.181755,0.074887,-10.236293,20.000000
0.505300,3,"LINK_TORSO_YAW",0.472800,0.200000,0.032500,20.000000,0.000000,0.000000,20.000000,0.000000,0.000000,0.000000,0.000000,0.012160,0.000000,0.910900,17.178990,0.074911,-10.240932,20.000000
0.505400,3,"LINK_TORSO_YAW",0.472800,0.200000,0.032600,20.000000,0.000000,0.000000,20.000000,0.000000,0.000000,0.000000,0.000000,0.012160,0.000000,0.910900,17.176223,0.074935,-10.245572,20.000000
0.505500,3,"LINK_TORSO_YAW",0.472800,0.200000,0.032700,20.000000,0.000000,0.000000,20.000000,0.000000,0.000000,0.000000,0.000000,0.012160,0.000000,0.910900,17.173452,0.074959,-10.250216,20.000000
0.505600,3,"LINK_TORSO_YAW",0.472800,0.200000,0.032800,20.000000,0.000000,0.000000,20.000000,0.000000,0.000000,0.000000,0.000000,0.012160,0.000000,0.910900,17.170678,0.074984,-10.254862,20.000000
0.505700,3,"LINK_TORSO_YAW",0.472800,0.200000,0.032900,20.000000,0.000000,0.000000,20.000000,0.000000,0.000000,0.000000,0.000000,0.012160,0.000000,0.910900,17.167900,0.075008,-10.259512,20.000000
0.505800,3,"LINK_TORSO_YAW",0.472800,0.200000,0.033000,20.000000,0.000000,0.000000,20.000000,0.000000,0.000000,0.000000,0.000000,0.012160,0.000000,0.910900,17.165118,0.075032,-10.264166,20.000000
0.505900,3,"LINK_TORSO_YAW",0.472800,0.200000,0.033100,20.000000,0.000000,0.000000,20.000000,0.000000,0.000000,0.000000,0.000000,0.012160,0.000000,0.910900,17.162334,0.075056,-10.268820,20.000000
0.506000,3,"LINK_TORSO_YAW",0.472800,0.200000,0.033200,20.000000,0.000000,0.000000,20.000000,0.000000,0.000000,0.000000,0.000000,0.012160,0.000000,0.910900,17.159548,0.075080,-10.273475,20.000000
0.506100,3,"LINK_TORSO_YAW",0.472800,0.200000,0.033300,20.000000,0.000000,0.000000,20.000000,0.000000,0.000000,0.000000,0.000000,0.012160,0.000000,0.910900,17.156760,0.075104,-10.278130,20.000000
0.506200,3,"LINK_TORSO_YAW",0.472800,0.200000,0.033400,20.000000,0.000000,0.000000,20.000000,0.000000,0.000000,0.000000,0.000000,0.012160,0.000000,0.910900,17.153970,0.075128,-10.282785,20.000000
0.506300,3,"LINK_TORSO_YAW",0.472800,0.200000,0.033500,20.000000,0.000000,0.000000,20.000000,0.000000,0.000000,0.000000,0.000000,0.012160,0.000000,0.910900,17.151177,0.075152,-10.287442,20.000000
0.506400,3,"LINK_TORSO_YAW",0.472800,0.200000,0.033600,20.000000,0.000000,0.000000,20.000000,0.000000,0.000000,0.000000,0.000000,0.012160,0.000000,0.910900,17.148382,0.075176,-10.292100,20.000000
0.506500,3,"LINK_TORSO_YAW",0.472800,0.200000,0.033700,20.000000,0.000000,0.000000,20.000000,0.000000,0.000000,0.000000,0.000000,0.012160,0.000000,0.910900,17.145585,0.075200,-10.296760,20.000000
0.506600,3,"LINK_TORSO_YAW",0.472800,0.200000,0.033800,20.000000,0.000000,0.000000,20.000000,0.000000,0.000000,0.000000,0.000000,0.012160,0.000000,0.910900,17.142784,0.075223,-10.301422,20.000000
0.506700,3,"LINK_TORSO_YAW",0.472800,0.200000,0.033900,20.000000,0.000000,0.000000,20.000000,0.000000,0.000000,0.000000,0.000000,0.012160,0.000000,0.910900,17.139980,0.075247,-10.306087,20.000000
0.506800,3,"LINK_TORSO_YAW",0.472800,0.200000,0.034000,20.000000,0.000000,0.000000,20.000000,0.000000,0.000000,0.000000,0.000000,0.012160,0.000000,0.910900,17.137172,0.075270,-10.310754,20.000000
0.506900,3,"LINK_TORSO_YAW",0.472800,0.200000,0.034100,20.000000,0.000000,0.000000,20.000000,0.000000,0.000000,0.000000,0.000000,0.012160,0.000000,0.910900,17.134361,0.075294,-10.315426,20.000000
0.507000,3,"LINK_TORSO_YAW",0.472800,0.200000,0.034200,20.000000,0.000000,0.000000,20.000000,0.000000,0.000000,0.000000,0.000000,0.012160,0.000000,0.910900,17.131548,0.075317,-10.320097,20.000000
0.507100,3,"LINK_TORSO_YAW",0.472800,0.200000,0.034300,20.000000,0.000000,0.000000,20.000000,0.000000,0.000000,0.000000,0.000000,0.012160,0.000000,0.910900,17.128733,0.075340,-10.324768,20.000000
0.507200,3,"LINK_TORSO_YAW",0.472800,0.200000,0.034400,20.000000,0.000000,0.000000,20.000000,0.000000,0.000000,0.000000,0.000000,0.012160,0.000000,0.910900,17.125916,0.075363,-10.329439,20.000000
0.507300,3,"LINK_TORSO_YAW",0.472800,0.200000,0.034500,20.000000,0.000000,0.000000,20.000000,0.000000,0.000000,0.000000,0.000000,0.012160,0.000000,0.910900,17.123097,0.075385,-10.334112,20.000000
0.507400,3,"LINK_TORSO_YAW",0.472800,0.200000,0.034600,20.000000,0.000000,0.000000,20.000000,0.000000,0.000000,0.000000,0.000000,0.012160,0.000000,0.910900,17.120275,0.075407,-10.338786,20.000000
0.507500,3,"LINK_TORSO_YAW",0.472800,0.200000,0.034700,20.000000,0.000000,0.000000,20.000000,0.000000,0.000000,0.000000,0.000000,0.012160,0.000000,0.910900,17.117450,0.075430,-10.343463,20.000000
0.508100,3,"LINK_TORSO_YAW",0.472800,0.200000,0.035300,20.000000,0.000000,0.000000,20.000000,0.000000,0.000000,0.000000,0.000000,0.012160,0.000000,0.910900,17.100429,0.075563,-10.371578,20.000000
0.508200,3,"LINK_TORSO_YAW",0.472800,0.200000,0.035400,20.000000,0.000000,0.000000,20.000000,0.000000,0.000000,0.000000,0.000000,0.012160,0.000000,0.910900,17.097582,0.075585,-10.376270,20.000000
0.508300,3,"LINK_TORSO_YAW",0.472800,0.200000,0.035500,20.000000,0.000000,0.000000,20.000000,0.000000,0.000000,0.000000,0.000000,0.012160,0.000000,0.910900,17.094733,0.075607,-10.380963,20.000000
0.508400,3,"LINK_TORSO_YAW",0.472800,0.200000,0.035600,20.000000,0.000000,0.000000,20.000000,0.000000,0.000000,0.000000,0.000000,0.012160,0.000000,0.910900,17.091881,0.075629,-10.385658,20.000000
0.508500,3,"LINK_TORSO_YAW",0.472800,0.200000,0.035700,20.000000,0.000000,0.000000,20.000000,0.000000,0.000000,0.000000,0.000000,0.012160,0.000000,0.910900,17.089026,0.075651,-10.390354,20.000000
0.508600,3,"LINK_TORSO_YAW",0.472800,0.200000,0.035800,20.000000,0.000000,0.000000,20.000000,0.000000,0.000000,0.000000,0.000000,0.012160,0.000000,0.910900,17.086169,0.075673,-10.395053,20.000000
0.508700,3,"LINK_TORSO_YAW",0.472800,0.200000,0.035900,20.000000,0.000000,0.000000,20.000000,0.000000,0.000000,0.000000,0.000000,0.012160,0.000000,0.910900,17.083308,0.075696,-10.399753,20.000000
0.508800,3,"LINK_TORSO_YAW",0.472800,0.200000,0.036000,20.000000,0.000000,0.000000,20.000000,0.000000,0.000000,0.000000,0.000000,0.012160,0.000000,0.910900,17.080443,0.075718,-10.404457,20.000000
0.508900,3,"LINK_TORSO_YAW",0.472800,0.200000,0.036100,20.000000,0.000000,0.000000,20.000000,0.000000,0.000000,0.000000,0.000000,0.012160,0.000000,0.910900,17.077575,0.075740,-10.409164,20.000000
0.509000,3,"LINK_TORSO_YAW",0.472800,0.200000,0.036200,20.000000,0.000000,0.000000,20.000000,0.000000,0.000000,0.000000,0.000000,0.012160,0.000000,0.910900,17.074703,0.075763,-10.413873,20.000000
0.509100,3,"LINK_TORSO_YAW",0.472800,0.200000,0.036300,20.000000,0.000000,0.000000,20.000000,0.000000,0.000000,0.000000,0.000000,0.012160,0.000000,0.910900,17.071828,0.075785,-10.418587,20.000000
0.509200,3,"LINK_TORSO_YAW",0.472800,0.200000,0.036400,20.000000,0.000000,0.000000,20.000000,0.000000,0.000000,0.000000,0.000000,0.012160,0.000000,0.910900,17.068951,0.075807,-10.423299,20.000000
0.509300,3,"LINK_TORSO_YAW",0.472800,0.200000,0.036500,20.000000,0.000000,0.000000,20.000000,0.000000,0.000000,0.000000,0.000000,0.012160,0.000000,0.910900,17.066072,0.075828,-10.428011,20.000000
0.509400,3,"LINK_TORSO_YAW",0.472800,0.200000,0.036600,20.000000,0.000000,0.000000,20.000000,0.000000,0.000000,0.000000,0.000000,0.012160,0.000000,0.910900,17.063192,0.075850,-10.432724,20.000000
0.509500,3,"LINK_TORSO_YAW",0.472800,0.200000,0.036700,20.000000,0.000000,0.000000,20.000000,0.000000,0.000000,0.000000,0.000000,0.012160,0.000000,0.910900,17.060309,0.075871,-10.437437,20.000000
0.509600,3,"LINK_TORSO_YAW",0.472800,0.200000,0.036800,20.000000,0.000000,0.000000,20.000000,0.000000,0.000000,0.000000,0.000000,0.012160,0.000000,0.910900,17.057424,0.075892,-10.442152,20.000000
0.509700,3,"LINK_TORSO_YAW",0.472800,0.200000,0.036900,20.000000,0.000000,0.000000,20.000000,0.000000,0.000000,0.000000,0.000000,0.012160,0.000000,0.910900,17.054536,0.075914,-10.446868,20.000000
0.509800,3,"LINK_TORSO_YAW",0.472800,0.200000,0.037000,20.000000,0.000000,0.000000,20.000000,0.000000,0.000000,0.000000,0.000000,0.012160,0.000000,0.910900,17.051645,0.075935,-10.451585,20.000000
0.509900,3,"LINK_TORSO_YAW",0.472800,0.200000,0.037100,20.000000,0.000000,0.000000,20.000000,0.000000,0.000000,0.000000,0.000000,0.012160,0.000000,0.910900,17.048752,0.075956,-10.456304,20.000000
0.510000,3,"LINK_TORSO_YAW",0.472800,0.200000,0.037200,20.000000,0.000000,0.000000,20.000000,0.000000,0.000000,0.000000,0.000000,0.012160,0.000000,0.910900,17.045855,0.075977,-10.461026,20.000000
0.510100,3,"LINK_TORSO_YAW",0.472800,0.200000,0.037300,20.000000,0.000000,0.000000,20.000000,0.000000,0.000000,0.000000,0.000000,0.012160,0.000000,0.910900,17.042954,0.075998,-10.465751,20.000000
0.510200,3,"LINK_TORSO_YAW",0.472800,0.200000,0.037400,20.000000,0.000000,0.000000,20.000000,0.000000,0.000000,0.000000,0.000000,0.012160,0.000000,0.910900,17.040050,0.076019,-10.470479,20.000000
0.510300,3,"LINK_TORSO_YAW",0.472800,0.200000,0.037500,20.000000,0.000000,0.000000,20.000000,0.000000,0.000000,0.000000,0.000000,0.012160,0.000000,0.910900,17.037143,0.076041,-10.475207,20.000000
0.510400,3,"LINK_TORSO_YAW",0.472800,0.200000,0.037600,20.000000,0.000000,0.000000,20.000000,0.000000,0.000000,0.000000,0.000000,0.012160,0.000000,0.910900,17.034235,0.076063,-10.479935,20.000000
0.510500,3,"LINK_TORSO_YAW",0.472800,0.200000,0.037700,20.000000,0.000000,0.000000,20.000000,0.000000,0.000000,0.000000,0.000000,0.012160,0.000000,0.910900,17.031325,0.076085,-10.484664,20.000000
0.510600,3,"LINK_TORSO_YAW",0.472800,0.200000,0.037800,20.000000,0.000000,0.000000,20.000000,0.000000,0.000000,0.000000,0.000000,0.012160,0.000000,0.910900,17.028412,0.076108,-10.489394,20.000000
0.510700,3,"LINK_TORSO_YAW",0.472800,0.200000,0.037900,20.000000,0.000000,0.000000,20.000000,0.000000,0.000000,0.000000,0.000000,0.012160,0.000000,0.910900,17.025496,0.076131,-10.494126,20.000000
0.510800,3,"LINK_TORSO_YAW",0.472800,0.200000,0.038000,20.000000,0.000000,0.000000,20.000000,0.000000,0.000000,0.000000,0.000000,0.012160,0.000000,0.910900,17.022578,0.076154,-10.498859,20.000000
0.510900,3,"LINK_TORSO_YAW",0.472800,0.200000,0.038100,20.000000,0.000000,0.000000,20.000000,0.000000,0.000000,0.000000,0.000000,0.012160,0.000000,0.910900,17.019656,0.076178,-10.503595,20.000000
0.511000,3,"LINK_TORSO_YAW",0.472800,0.200000,0.038200,20.000000,0.000000,0.000000,20.000000,0.000000,0.000000,0.000000,0.000000,0.012160,0.000000,0.910900,17.016731,0.076202,-10.508333,20.000000
0.511100,3,"LINK_TORSO_YAW",0.472800,0.200000,0.038300,20.000000,0.000000,0.000000,20.000000,0.000000,0.000000,0.000000,0.000000,0.012160,0.000000,0.910900,17.013802,0.076227,-10.513075,20.000000
0.511200,3,"LINK_TORSO_YAW",0.472800,0.200000,0.038400,20.000000,0.000000,0.000000,20.000000,0.000000,0.000000,0.000000,0.000000,0.012160,0.000000,0.910900,17.010869,0.076252,-10.517820,20.000000
0.511300,3,"LINK_TORSO_YAW",0.472800,0.200000,0.038500,20.000000,0.000000,0.000000,20.000000,0.000000,0.000000,0.000000,0.000000,0.012160,0.000000,0.910900,17.007932,0.076276,-10.522568,20.000000
0.511400,3,"LINK_TORSO_YAW",0.472800,0.200000,0.038600,20.000000,0.000000,0.000000,20.000000,0.000000,0.000000,0.000000,0.000000,0.012160,0.000000,0.910900,17.004990,0.076301,-10.527321,20.000000
0.511500,3,"LINK_TORSO_YAW",0.472800,0.200000,0.038700,20.000000,0.000000,0.000000,20.000000,0.000000,0.000000,0.000000,0.000000,0.012160,0.000000,0.910900,17.002046,0.076326,-10.532075,20.000000
0.511600,3,"LINK_TORSO_YAW",0.472800,0.200000,0.038800,20.000000,0.000000,0.000000,20.000000,0.000000,0.000000,0.000000,0.000000,0.012160,0.000000,0.910900,16.999101,0.076350,-10.536828,20.000000
0.511700,3,"LINK_TORSO_YAW",0.472800,0.200000,0.038900,20.000000,0.000000,0.000000,20.000000,0.000000,0.000000,0.000000,0.000000,0.012160,0.000000,0.910900,16.996153,0.076375,-10.541583,20.000000
0.511800,3,"LINK_TORSO_YAW",0.472800,0.200000,0.039000,20.000000,0.000000,0.000000,20.000000,0.000000,0.000000,0.000000,0.000000,0.012160,0.000000,0.910900,16.993202,0.076399,-10.546338,20.000000
0.511900,3,"LINK_TORSO_YAW",0.472800,0.200000,0.039100,20.000000,0.000000,0.000000,20.000000,0.000000,0.000000,0.000000,0.000000,0.012160,0.000000,0.910900,16.990248,0.076424,-10.551096,20.000000
0.512000,3,"LINK_TORSO_YAW",0.472800,0.200000,0.039200,20.000000,0.000000,0.000000,20.000000,0.000000,0.000000,0.000000,0.000000,0.012160,0.000000,0.910900,16.987292,0.076448,-10.555855,20.000000
0.512100,3,"LINK_TORSO_YAW",0.472800,0.200000,0.039300,20.000000,0.000000,0.000000,20.000000,0.000000,0.000000,0.000000,0.000000,0.012160,0.000000,0.910900,16.984332,0.076473,-10.560616,20.000000
0.512200,3,"LINK_TORSO_YAW",0.472800,0.200000,0.039400,20.000000,0.000000,0.000000,20.000000,0.000000,0.000000,0.000000,0.000000,0.012160,0.000000,0.910900,16.981368,0.076497,-10.565381,20.000000
0.512300,3,"LINK_TORSO_YAW",0.472800,0.200000,0.039500,20.000000,0.000000,0.000000,20.000000,0.000000,0.000000,0.000000,0.000000,0.012160,0.000000,0.910900,16.978401,0.076522,-10.570148,20.000000
0.512400,3,"LINK_TORSO_YAW",0.472800,0.200000,0.039600,20.000000,0.000000,0.000000,20.000000,0.000000,0.000000,0.000000,0.000000,0.012160,0.000000,0.910900,16.975430,0.076547,-10.574919,20.000000
0.512500,3,"LINK_TORSO_YAW",0.472800,0.200000,0.039700,20.000000,0.000000,0.000000,20.000000,0.000000,0.000000,0.000000,0.000000,0.012160,0.000000,0.910900,16.972455,0.076573,-10.579693,20.000000
0.512600,3,"LINK_TORSO_YAW",0.472800,0.200000,0.039800,20.000000,0.000000,0.000000,20.000000,0.000000,0.000000,0.000000,0.000000,0.012160,0.000000,0.910900,16.969476,0.076598,-10.584471,20.000000
0.512700,3,"LINK_TORSO_YAW",0.472800,0.200000,0.039900,20.000000,0.000000,0.000000,20.000000,0.000000,0.000000,0.000000,0.000000,0.012160,0.000000,0.910900,16.966495,0.076624,-10.589249,20.000000
0.512800,3,"LINK_TORSO_YAW",0.472800,0.200000,0.040000,20.000000,0.000000,0.000000,20.000000,0.000000,0.000000,0.000000,0.000000,0.012160,0.000000,0.910900,16.963511,0.076650,-10.594027,20.000000
0.512900,3,"LINK_TORSO_YAW",0.472800,0.200000,0.040100,20.000000,0.000000,0.000000,20.000000,0.000000,0.000000,0.000000,0.000000,0.012160,0.000000,0.910900,16.960526,0.076675,-10.598805,20.000000
0.513000,3,"LINK_TORSO_YAW",0.472800,0.200000,0.040200,20.000000,0.000000,0.000000,20.000000,0.000000,0.000000,0.000000,0.000000,0.012160,0.000000,0.910900,16.957538,0.076701,-10.603585,20.000000
0.513100,3,"LINK_TORSO_YAW",0.472800,0.200000,0.040300,20.000000,0.000000,0.000000,20.000000,0.000000,0.000000,0.000000,0.000000,0.012160,0.000000,0.910900,16.954548,0.076727,-10.608365,20.000000
0.513200,3,"LINK_TORSO_YAW",0.472800,0.200000,0.040400,20.000000,0.000000,0.000000,20.000000,0.000000,0.000000,0.000000,0.000000,0.012160,0.000000,0.910900,16.951555,0.076752,-10.613147,20.000000
0.513300,3,"LINK_TORSO_YAW",0.472800,0.200000,0.040500,20.000000,0.000000,0.000000,20.000000,0.000000,0.000000,0.000000,0.000000,0.012160,0.000000,0.910900,16.948559,0.076778,-10.617931,20.000000
0.513400,3,"LINK_TORSO_YAW",0.472800,0.200000,0.040600,20.000000,0.000000,0.000000,20.000000,0.000000,0.000000,0.000000,0.000000,0.012160,0.000000,0.910900,16.945559,0.076805,-10.622718,20.000000
0.513500,3,"LINK_TORSO_YAW",0.472800,0.200000,0.040700,20.000000,0.000000,0.000000,20.000000,0.000000,0.000000,0.000000,0.000000,0.012160,0.000000,0.910900,16.942555,0.076831,-10.627507,20.000000
0.513600,3,"LINK_TORSO_YAW",0.472800,0.200000,0.040800,20.000000,0.000000,0.000000,20.000000,0.000000,0.000000,0.000000,0.000000,0.012160,0.000000,0.910900,16.939548,0.076857,-10.632300,20.000000
0.513700,3,"LINK_TORSO_YAW",0.472800,0.200000,0.040900,20.000000,0.000000,0.000000,20.000000,0.000000,0.000000,0.000000,0.000000,0.012160,0.000000,0.910900,16.936539,0.076883,-10.637093,20.000000
0.513800,3,"LINK_TORSO_YAW",0.472800,0.200000,0.041000,20.000000,0.000000,0.000000,20.000000,0.000000,0.000000,0.000000,0.000000,0.012160,0.000000,0.910900,16.933527,0.076909,-10.641887,20.000000
0.513900,3,"LINK_TORSO_YAW",0.472800,0.200000,0.041100,20.000000,0.000000,0.000000,20.000000,0.000000,0.000000,0.000000,0.000000,0.012160,0.000000,0.910900,16.930513,0.076935,-10.646681,20.000000
0.514000,3,"LINK_TORSO_YAW",0.472800,0.200000,0.041200,20.000000,0.000000,0.000000,20.000000,0.000000,0.000000,0.000000,0.000000,0.012160,0.000000,0.910900,16.927497,0.076960,-10.651475,20.000000
0.514100,3,"LINK_TORSO_YAW",0.472800,0.200000,0.041300,20.000000,0.000000,0.000000,20.000000,0.000000,0.000000,0.000000,0.000000,0.012160,0.000000,0.910900,16.924479,0.076986,-10.656270,20.000000
0.514200,3,"LINK_TORSO_YAW",0.472800,0.200000,0.041400,20.000000,0.000000,0.000000,20.000000,0.000000,0.000000,0.000000,0.000000,0.012160,0.000000,0.910900,16.921458,0.077012,-10.661066,20.000000
0.514300,3,"LINK_TORSO_YAW",0.472800,0.200000,0.041500,20.000000,0.000000,0.000000,20.000000,0.000000,0.000000,0.000000,0.000000,0.012160,0.000000,0.910900,16.918434,0.077037,-10.665863,20.000000
0.514400,3,"LINK_TORSO_YAW",0.472800,0.200000,0.041600,20.000000,0.000000,0.000000,20.000000,0.000000,0.000000,0.000000,0.000000,0.012160,0.000000,0.910900,16.915408,0.077062,-10.670663,20.000000
0.514500,3,"LINK_TORSO_YAW",0.472800,0.200000,0.041700,20.000000,0.000000,0.000000,20.000000,0.000000,0.000000,0.000000,0.000000,0.012160,0.000000,0.910900,16.912378,0.077087,-10.675464,20.000000
0.514600,3,"LINK_TORSO_YAW",0.472800,0.200000,0.041800,20.000000,0.000000,0.000000,20.000000,0.000000,0.000000,0.000000,0.000000,0.012160,0.000000,0.910900,16.909344,0.077112,-10.680269,20.000000
0.514700,3,"LINK_TORSO_YAW",0.472800,0.200000,0.041900,20.000000,0.000000,0.000000,20.000000,0.000000,0.000000,0.000000,0.000000,0.012160,0.000000,0.910900,16.906306,0.077137,-10.685077,20.000000
0.514800,3,"LINK_TORSO_YAW",0.472800,0.200000,0.042000,20.000000,0.000000,0.000000,20.000000,0.000000,0.000000,0.000000,0.000000,0.012160,0.000000,0.910900,16.903267,0.077162,-10.689884,20.000000
0.514900,3,"LINK_TORSO_YAW",0.472800,0.200000,0.042100,20.000000,0.000000,0.000000,20.000000,0.000000,0.000000,0.000000,0.000000,0.012160,0.000000,0.910900,16.900226,0.077187,-10.694691,20.000000
0.515000,3,"LINK_TORSO_YAW",0.472800,0.200000,0.042200,20.000000,0.000000,0.000000,20.000000,0.000000,0.000000,0.000000,0.000000,0.012160,0.000000,0.910900,16.897182,0.077212,-10.699499,20.000000
0.515100,3,"LINK_TORSO_YAW",0.472800,0.200000,0.042300,20.000000,0.000000,0.000000,20.000000,0.000000,0.000000,0.000000,0.000000,0.012160,0.000000,0.910900,16.894136,0.077236,-10.704307,20.000000
0.515200,3,"LINK_TORSO_YAW",0.472800,0.200000,0.042400,20.000000,0.000000,0.000000,20.000000,0.000000,0.000000,0.000000,0.000000,0.012160,0.000000,0.910900,16.891088,0.077261,-10.709117,20.000000
0.515300,3,"LINK_TORSO_YAW",0.472800,0.200000,0.042500,20.000000,0.000000,0.000000,20.000000,0.000000,0.000000,0.000000,0.000000,0.012160,0.000000,0.910900,16.888036,0.077286,-10.713928,20.000000
0.515400,3,"LINK_TORSO_YAW",0.472800,0.200000,0.042600,20.000000,0.000000,0.000000,20.000000,0.000000,0.000000,0.000000,0.000000,0.012160,0.000000,0.910900,16.884982,0.077311,-10.718741,20.000000
0.515500,3,"LINK_TORSO_YAW",0.472800,0.200000,0.042700,20.000000,0.000000,0.000000,20.000000,0.000000,0.000000,0.000000,0.000000,0.012160,0.000000,0.910900,16.881924,0.077336,-10.723556,20.000000
0.515600,3,"LINK_TORSO_YAW",0.472800,0.200000,0.042800,20.000000,0.000000,0.000000,20.000000,0.000000,0.000000,0.000000,0.000000,0.012160,0.000000,0.910900,16.878863,0.077361,-10.728374,20.000000
0.515700,3,"LINK_TORSO_YAW",0.472800,0.200000,0.042900,20.000000,0.000000,0.000000,20.000000,0.000000,0.000000,0.000000,0.000000,0.012160,0.000000,0.910900,16.875797,0.077386,-10.733195,20.000000
0.515800,3,"LINK_TORSO_YAW",0.472800,0.200000,0.043000,20.000000,0.000000,0.000000,20.000000,0.000000,0.000000,0.000000,0.000000,0.012160,0.000000,0.910900,16.872728,0.077410,-10.738019,20.000000
0.515900,3,"LINK_TORSO_YAW",0.472800,0.200000,0.043100,20.000000,0.000000,0.000000,20.000000,0.000000,0.000000,0.000000,0.000000,0.012160,0.000000,0.910900,16.869656,0.077435,-10.742844,20.000000
0.516000,3,"LINK_TORSO_YAW",0.472800,0.200000,0.043200,20.000000,0.000000,0.000000,20.000000,0.000000,0.000000,0.000000,0.000000,0.012160,0.000000,0.910900,16.866583,0.077459,-10.747669,20.000000
0.516100,3,"LINK_TORSO_YAW",0.472800,0.200000,0.043300,20.000000,0.000000,0.000000,20.000000,0.000000,0.000000,0.000000,0.000000,0.012160,0.000000,0.910900,16.863507,0.077483,-10.752495,20.000000
0.516200,3,"LINK_TORSO_YAW",0.472800,0.200000,0.043400,20.000000,0.000000,0.000000,20.000000,0.000000,0.000000,0.000000,0.000000,0.012160,0.000000,0.910900,16.860428,0.077507,-10.757321,20.000000
0.516300,3,"LINK_TORSO_YAW",0.472800,0.200000,0.043500,20.000000,0.000000,0.000000,20.000000,0.000000,0.000000,0.000000,0.000000,0.012160,0.000000,0.910900,16.857346,0.077530,-10.762149,20.000000
0.516400,3,"LINK_TORSO_YAW",0.472800,0.200000,0.043600,20.000000,0.000000,0.000000,20.000000,0.000000,0.000000,0.000000,0.000000,0.012160,0.000000,0.910900,16.854262,0.077553,-10.766979,20.000000
0.516500,3,"LINK_TORSO_YAW",0.472800,0.200000,0.043700,20.000000,0.000000,0.000000,20.000000,0.000000,0.000000,0.000000,0.000000,0.012160,0.000000,0.910900,16.851174,0.077576,-10.771811,20.000000
0.516600,3,"LINK_TORSO_YAW",0.472800,0.200000,0.043800,20.000000,0.000000,0.000000,20.000000,0.000000,0.000000,0.000000,0.000000,0.012160,0.000000,0.910900,16.848083,0.077599,-10.776645,20.000000
0.516700,3,"LINK_TORSO_YAW",0.472800,0.200000,0.043900,20.000000,0.000000,0.000000,20.000000,0.000000,0.000000,0.000000,0.000000,0.012160,0.000000,0.910900,16.844988,0.077623,-10.781483,20.000000
0.516800,3,"LINK_TORSO_YAW",0.472800,0.200000,0.044000,20.000000,0.000000,0.000000,20.000000,0.000000,0.000000,0.000000,0.000000,0.012160,0.000000,0.910900,16.841888,0.077646,-10.786323,20.000000
0.551200,4,"LINK_TORSO_YAW",0.551100,0.200000,0.000100,20.000000,0.000000,0.000000,20.000000,0.000000,0.000000,0.000000,0.000000,0.012160,0.000000,0.910900,15.713845,0.086268,-12.372050,20.000000
0.551300,4,"LINK_TORSO_YAW",0.551100,0.200000,0.000200,20.000000,0.000000,0.000000,20.000000,0.000000,0.000000,0.000000,0.000000,0.012160,0.000000,0.910900,15.710314,0.086295,-12.376534,20.000000
0.551400,4,"LINK_TORSO_YAW",0.551100,0.200000,0.000300,20.000000,0.000000,0.000000,20.000000,0.000000,0.000000,0.000000,0.000000,0.012160,0.000000,0.910900,15.706781,0.086323,-12.381017,20.000000
0.551500,4,"LINK_TORSO_YAW",0.551100,0.200000,0.000400,20.000000,0.000000,0.000000,20.000000,0.000000,0.000000,0.000000,0.000000,0.012160,0.000000,0.910900,15.703245,0.086352,-12.385501,20.000000
0.551600,4,"LINK_TORSO_YAW",0.551100,0.200000,0.000500,20.000000,0.000000,0.000000,20.000000,0.000000,0.000000,0.000000,0.000000,0.012160,0.000000,0.910900,15.699707,0.086380,-12.389986,20.000000
0.551700,4,"LINK_TORSO_YAW",0.551100,0.200000,0.000600,20.000000,0.000000,0.000000,20.000000,0.000000,0.000000,0.000000,0.000000,0.012160,0.000000,0.910900,15.696165,0.086409,-12.394471,20.000000
0.551800,4,"LINK_TORSO_YAW",0.551100,0.200000,0.000700,20.000000,0.000000,0.000000,20.000000,0.000000,0.000000,0.000000,0.000000,0.012160,0.000000,0.910900,15.692621,0.086438,-12.398959,20.000000
0.551900,4,"LINK_TORSO_YAW",0.551100,0.200000,0.000800,20.000000,0.000000,0.000000,20.000000,0.000000,0.000000,0.000000,0.000000,0.012160,0.000000,0.910900,15.689072,0.086468,-12.403448,20.000000
0.552000,4,"LINK_TORSO_YAW",0.551100,0.200000,0.000900,20.000000,0.000000,0.000000,20.000000,0.000000,0.000000,0.000000,0.000000,0.012160,0.000000,0.910900,15.685520,0.086498,-12.407940,20.000000
0.552400,4,"LINK_TORSO_YAW",0.551100,0.200000,0.001300,20.000000,0.000000,0.000000,20.000000,0.000000,0.000000,0.000000,0.000000,0.012160,0.000000,0.910900,15.671260,0.086621,-12.425944,20.000000
0.552500,4,"LINK_TORSO_YAW",0.551100,0.200000,0.001400,20.000000,0.000000,0.000000,20.000000,0.000000,0.000000,0.000000,0.000000,0.012160,0.000000,0.910900,15.667685,0.086651,-12.430452,20.000000
0.552600,4,"LINK_TORSO_YAW",0.551100,0.200000,0.001500,20.000000,0.000000,0.000000,20.000000,0.000000,0.000000,0.000000,0.000000,0.012160,0.000000,0.910900,15.664108,0.086681,-12.434960,20.000000
0.552700,4,"LINK_TORSO_YAW",0.551100,0.200000,0.001600,20.000000,0.000000,0.000000,20.000000,0.000000,0.000000,0.000000,0.000000,0.012160,0.000000,0.910900,15.660527,0.086711,-12.439469,20.000000
0.552800,4,"LINK_TORSO_YAW",0.551100,0.200000,0.001700,20.000000,0.000000,0.000000,20.000000,0.000000,0.000000,0.000000,0.000000,0.012160,0.000000,0.910900,15.656943,0.086741,-12.443978,20.000000
0.552900,4,"LINK_TORSO_YAW",0.551100,0.200000,0.001800,20.000000,0.000000,0.000000,20.000000,0.000000,0.000000,0.000000,0.000000,0.012160,0.000000,0.910900,15.653357,0.086770,-12.448490,20.000000
0.553000,4,"LINK_TORSO_YAW",0.551100,0.200000,0.001900,20.000000,0.000000,0.000000,20.000000,0.000000,0.000000,0.000000,0.000000,0.012160,0.000000,0.910900,15.649767,0.086800,-12.453002,20.000000
0.553100,4,"LINK_TORSO_YAW",0.551100,0.200000,0.002000,20.000000,0.000000,0.000000,20.000000,0.000000,0.000000,0.000000,0.000000,0.012160,0.000000,0.910900,15.646173,0.086830,-12.457517,20.000000
0.553200,4,"LINK_TORSO_YAW",0.551100,0.200000,0.002100,20.000000,0.000000,0.000000,20.000000,0.000000,0.000000,0.000000,0.000000,0.012160,0.000000,0.910900,15.642575,0.086860,-12.462035,20.000000
0.553300,4,"LINK_TORSO_YAW",0.551100,0.200000,0.002200,20.000000,0.000000,0.000000,20.000000,0.000000,0.000000,0.000000,0.000000,0.012160,0.000000,0.910900,15.638972,0.086891,-12.466555,20.000000
0.553400,4,"LINK_TORSO_YAW",0.551100,0.200000,0.002300,20.000000,0.000000,0.000000,20.000000,0.000000,0.000000,0.000000,0.000000,0.012160,0.000000,0.910900,15.635365,0.086921,-12.471079,20.000000
0.553500,4,"LINK_TORSO_YAW",0.551100,0.200000,0.002400,20.000000,0.000000,0.000000,20.000000,0.000000,0.000000,0.000000,0.000000,0.012160,0.000000,0.910900,15.631755,0.086952,-12.475603,20.000000
0.553600,4,"LINK_TORSO_YAW",0.551100,0.200000,0.002500,20.000000,0.000000,0.000000,20.000000,0.000000,0.000000,0.000000,0.000000,0.012160,0.000000,0.910900,15.628143,0.086983,-12.480127,20.000000
0.553700,4,"LINK_TORSO_YAW",0.551100,0.200000,0.002600,20.000000,0.000000,0.000000,20.000000,0.000000,0.000000,0.000000,0.000000,0.012160,0.000000,0.910900,15.624528,0.087014,-12.484653,20.000000
0.553800,4,"LINK_TORSO_YAW",0.551100,0.200000,0.002700,20.000000,0.000000,0.000000,20.000000,0.000000,0.000000,0.000000,0.000000,0.012160,0.000000,0.910900,15.620909,0.087045,-12.489180,20.000000
0.553900,4,"LINK_TORSO_YAW",0.551100,0.200000,0.002800,20.000000,0.000000,0.000000,20.000000,0.000000,0.000000,0.000000,0.000000,0.012160,0.000000,0.910900,15.617287,0.087076,-12.493709,20.000000
0.554000,4,"LINK_TORSO_YAW",0.551100,0.200000,0.002900,20.000000,0.000000,0.000000,20.000000,0.000000,0.000000,0.000000,0.000000,0.012160,0.000000,0.910900,15.613661,0.087107,-12.498240,20.000000
0.554100,4,"LINK_TORSO_YAW",0.551100,0.200000,0.003000,20.000000,0.000000,0.000000,20.000000,0.000000,0.000000,0.000000,0.000000,0.012160,0.000000,0.910900,15.610031,0.087138,-12.502774,20.000000
0.554200,4,"LINK_TORSO_YAW",0.551100,0.200000,0.003100,20.000000,0.000000,0.000000,20.000000,0.000000,0.000000,0.000000,0.000000,0.012160,0.000000,0.910900,15.606396,0.087169,-12.507310,20.000000
0.554300,4,"LINK_TORSO_YAW",0.551100,0.200000,0.003200,20.000000,0.000000,0.000000,20.000000,0.000000,0.000000,0.000000,0.000000,0.012160,0.000000,0.910900,15.602757,0.087200,-12.511850,20.000000
0.554400,4,"LINK_TORSO_YAW",0.551100,0.200000,0.003300,20.000000,0.000000,0.000000,20.000000,0.000000,0.000000,0.000000,0.000000,0.012160,0.000000,0.910900,15.599112,0.087231,-12.516393,20.000000
0.554500,4,"LINK_TORSO_YAW",0.551100,0.200000,0.003400,20.000000,0.000000,0.000000,20.000000,0.000000,0.000000,0.000000,0.000000,0.012160,0.000000,0.910900,15.595462,0.087263,-12.520941,20.000000
0.554600,4,"LINK_TORSO_YAW",0.551100,0.200000,0.003500,20.000000,0.000000,0.000000,20.000000,0.000000,0.000000,0.000000,0.000000,0.012160,0.000000,0.910900,15.591806,0.087295,-12.525493,20.000000
0.554700,4,"LINK_TORSO_YAW",0.551100,0.200000,0.003600,20.000000,0.000000,0.000000,20.000000,0.000000,0.000000,0.000000,0.000000,0.012160,0.000000,0.910900,15.588148,0.087327,-12.530045,20.000000
0.554800,4,"LINK_TORSO_YAW",0.551100,0.200000,0.003700,20.000000,0.000000,0.000000,20.000000,0.000000,0.000000,0.000000,0.000000,0.012160,0.000000,0.910900,15.584487,0.087359,-12.534597,20.000000
0.554900,4,"LINK_TORSO_YAW",0.551100,0.200000,0.003800,20.000000,0.000000,0.000000,20.000000,0.000000,0.000000,0.000000,0.000000,0.012160,0.000000,0.910900,15.580824,0.087392,-12.539150,20.000000
0.555000,4,"LINK_TORSO_YAW",0.551100,0.200000,0.003900,20.000000,0.000000,0.000000,20.000000,0.000000,0.000000,0.000000,0.000000,0.012160,0.000000,0.910900,15.577158,0.087425,-12.543704,20.000000
0.555100,4,"LINK_TORSO_YAW",0.551100,0.200000,0.004000,20.000000,0.000000,0.000000,20.000000,0.000000,0.000000,0.000000,0.000000,0.012160,0.000000,0.910900,15.573488,0.087458,-12.548260,20.000000
0.555200,4,"LINK_TORSO_YAW",0.551100,0.200000,0.004100,20.000000,0.000000,0.000000,20.000000,0.000000,0.000000,0.000000,0.000000,0.012160,0.000000,0.910900,15.569815,0.087491,-12.552817,20.000000
0.555300,4,"LINK_TORSO_YAW",0.551100,0.200000,0.004200,20.000000,0.000000,0.000000,20.000000,0.000000,0.000000,0.000000,0.000000,0.012160,0.000000,0.910900,15.566137,0.087524,-12.557377,20.000000
0.555400,4,"LINK_TORSO_YAW",0.551100,0.200000,0.004300,20.000000,0.000000,0.000000,20.000000,0.000000,0.000000,0.000000,0.000000,0.012160,0.000000,0.910900,15.562455,0.087557,-12.561939,20.000000
0.555500,4,"LINK_TORSO_YAW",0.551100,0.200000,0.004400,20.000000,0.000000,0.000000,20.000000,0.000000,0.000000,0.000000,0.000000,0.012160,0.000000,0.910900,15.558769,0.087590,-12.566505,20.000000
0.555900,4,"LINK_TORSO_YAW",0.551100,0.200000,0.004800,20.000000,0.000000,0.000000,20.000000,0.000000,0.000000,0.000000,0.000000,0.012160,0.000000,0.910900,15.543971,0.087725,-12.584804,20.000000
0.556000,4,"LINK_TORSO_YAW",0.551100,0.200000,0.004900,20.000000,0.000000,0.000000,20.000000,0.000000,0.000000,0.000000,0.000000,0.012160,0.000000,0.910900,15.540262,0.087759,-12.589383,20.000000
0.556100,4,"LINK_TORSO_YAW",0.551100,0.200000,0.005000,20.000000,0.000000,0.000000,20.000000,0.000000,0.000000,0.000000,0.000000,0.012160,0.000000,0.910900,15.536550,0.087793,-12.593963,20.000000
0.556200,4,"LINK_TORSO_YAW",0.551100,0.200000,0.005100,20.000000,0.000000,0.000000,20.000000,0.000000,0.000000,0.000000,0.000000,0.012160,0.000000,0.910900,15.532835,0.087828,-12.598545,20.000000
0.556300,4,"LINK_TORSO_YAW",0.551100,0.200000,0.005200,20.000000,0.000000,0.000000,20.000000,0.000000,0.000000,0.000000,0.000000,0.012160,0.000000,0.910900,15.529116,0.087862,-12.603128,20.000000
0.556400,4,"LINK_TORSO_YAW",0.551100,0.200000,0.005300,20.000000,0.000000,0.000000,20.000000,0.000000,0.000000,0.000000,0.000000,0.012160,0.000000,0.910900,15.525393,0.087897,-12.607714,20.000000
0.556500,4,"LINK_TORSO_YAW",0.551100,0.200000,0.005400,20.000000,0.000000,0.000000,20.000000,0.000000,0.000000,0.000000,0.000000,0.012160,0.000000,0.910900,15.521666,0.087931,-12.612301,20.000000
0.556600,4,"LINK_TORSO_YAW",0.551100,0.200000,0.005500,20.000000,0.000000,0.000000,20.000000,0.000000,0.000000,0.000000,0.000000,0.012160,0.000000,0.910900,15.517936,0.087967,-12.616891,20.000000
0.556700,4,"LINK_TORSO_YAW",0.551100,0.200000,0.005600,20.000000,0.000000,0.000000,20.000000,0.000000,0.000000,0.000000,0.000000,0.012160,0.000000,0.910900,15.514200,0.088002,-12.621484,20.000000
0.556800,4,"LINK_TORSO_YAW",0.551100,0.200000,0.005700,20.000000,0.000000,0.000000,20.000000,0.000000,0.000000,0.000000,0.000000,0.012160,0.000000,0.910900,15.510459,0.088038,-12.626080,20.000000
0.556900,4,"LINK_TORSO_YAW",0.551100,0.200000,0.005800,20.000000,0.000000,0.000000,20.000000,0.000000,0.000000,0.000000,0.000000,0.012160,0.000000,0.910900,15.506713,0.088074,-12.630680,20.000000
0.557000,4,"LINK_TORSO_YAW",0.551100,0.200000,0.005900,20.000000,0.000000,0.000000,20.000000,0.000000,0.000000,0.000000,0.000000,0.012160,0.000000,0.910900,15.502965,0.088110,-12.635280,20.000000
0.557100,4,"LINK_TORSO_YAW",0.551100,0.200000,0.006000,20.000000,0.000000,0.000000,20.000000,0.000000,0.000000,0.000000,0.000000,0.012160,0.000000,0.910900,15.499214,0.088145,-12.639881,20.000000
0.557200,4,"LINK_TORSO_YAW",0.551100,0.200000,0.006100,20.000000,0.000000,0.000000,20.000000,0.000000,0.000000,0.000000,0.000000,0.012160,0.000000,0.910900,15.495460,0.088180,-12.644483,20.000000
0.557300,4,"LINK_TORSO_YAW",0.551100,0.200000,0.006200,20.000000,0.000000,0.000000,20.000000,0.000000,0.000000,0.000000,0.000000,0.012160,0.000000,0.910900,15.491703,0.088215,-12.649085,20.000000
0.557400,4,"LINK_TORSO_YAW",0.551100,0.200000,0.006300,20.000000,0.000000,0.000000,20.000000,0.000000,0.000000,0.000000,0.000000,0.012160,0.000000,0.910900,15.487942,0.088250,-12.653690,20.000000
0.557500,4,"LINK_TORSO_YAW",0.551100,0.200000,0.006400,20.000000,0.000000,0.000000,20.000000,0.000000,0.000000,0.000000,0.000000,0.012160,0.000000,0.910900,15.484177,0.088285,-12.658296,20.000000
0.557600,4,"LINK_TORSO_YAW",0.551100,0.200000,0.006500,20.000000,0.000000,0.000000,20.000000,0.000000,0.000000,0.000000,0.000000,0.012160,0.000000,0.910900,15.480408,0.088319,-12.662906,20.000000
0.557700,4,"LINK_TORSO_YAW",0.551100,0.200000,0.006600,20.000000,0.000000,0.000000,20.000000,0.000000,0.000000,0.000000,0.000000,0.012160,0.000000,0.910900,15.476634,0.088354,-12.667518,20.000000
0.557800,4,"LINK_TORSO_YAW",0.551100,0.200000,0.006700,20.000000,0.000000,0.000000,20.000000,0.000000,0.000000,0.000000,0.000000,0.012160,0.000000,0.910900,15.472855,0.088389,-12.672133,20.000000
0.557900,4,"LINK_TORSO_YAW",0.551100,0.200000,0.006800,20.000000,0.000000,0.000000,20.000000,0.000000,0.000000,0.000000,0.000000,0.012160,0.000000,0.910900,15.469071,0.088424,-12.676752,20.000000
0.558000,4,"LINK_TORSO_YAW",0.551100,0.200000,0.006900,20.000000,0.000000,0.000000,20.000000,0.000000,0.000000,0.000000,0.000000,0.012160,0.000000,0.910900,15.465281,0.088459,-12.681374,20.000000
0.558100,4,"LINK_TORSO_YAW",0.551100,0.200000,0.007000,20.000000,0.000000,0.000000,20.000000,0.000000,0.000000,0.000000,0.000000,0.012160,0.000000,0.910900,15.461490,0.088494,-12.685996,20.000000
0.558200,4,"LINK_TORSO_YAW",0.551100,0.200000,0.007100,20.000000,0.000000,0.000000,20.000000,0.000000,0.000000,0.000000,0.000000,0.012160,0.000000,0.910900,15.457696,0.088530,-12.690619,20.000000
0.558300,4,"LINK_TORSO_YAW",0.551100,0.200000,0.007200,20.000000,0.000000,0.000000,20.000000,0.000000,0.000000,0.000000,0.000000,0.012160,0.000000,0.910900,15.453898,0.088566,-12.695242,20.000000
0.558400,4,"LINK_TORSO_YAW",0.551100,0.200000,0.007300,20.000000,0.000000,0.000000,20.000000,0.000000,0.000000,0.000000,0.000000,0.012160,0.000000,0.910900,15.450098,0.088602,-12.699867,20.000000
0.558500,4,"LINK_TORSO_YAW",0.551100,0.200000,0.007400,20.000000,0.000000,0.000000,20.000000,0.000000,0.000000,0.000000,0.000000,0.012160,0.000000,0.910900,15.446294,0.088639,-12.704493,20.000000
0.558600,4,"LINK_TORSO_YAW",0.551100,0.200000,0.007500,20.000000,0.000000,0.000000,20.000000,0.000000,0.000000,0.000000,0.000000,0.012160,0.000000,0.910900,15.442487,0.088676,-12.709121,20.000000
0.558700,4,"LINK_TORSO_YAW",0.551100,0.200000,0.007600,20.000000,0.000000,0.000000,20.000000,0.000000,0.000000,0.000000,0.000000,0.012160,0.000000,0.910900,15.438674,0.088713,-12.713751,20.000000
0.559200,4,"LINK_TORSO_YAW",0.551100,0.200000,0.008100,20.000000,0.000000,0.000000,20.000000,0.000000,0.000000,0.000000,0.000000,0.012160,0.000000,0.910900,15.419534,0.088901,-12.736956,20.000000
0.559300,4,"LINK_TORSO_YAW",0.551100,0.200000,0.008200,20.000000,0.000000,0.000000,20.000000,0.000000,0.000000,0.000000,0.000000,0.012160,0.000000,0.910900,15.415692,0.088939,-12.741606,20.000000
0.559400,4,"LINK_TORSO_YAW",0.551100,0.200000,0.008300,20.000000,0.000000,0.000000,20.000000,0.000000,0.000000,0.000000,0.000000,0.012160,0.000000,0.910900,15.411847,0.088977,-12.746256,20.000000
0.559500,4,"LINK_TORSO_YAW",0.551100,0.200000,0.008400,20.000000,0.000000,0.000000,20.000000,0.000000,0.000000,0.000000,0.000000,0.012160,0.000000,0.910900,15.407999,0.089015,-12.750907,20.000000
0.559600,4,"LINK_TORSO_YAW",0.551100,0.200000,0.008500,20.000000,0.000000,0.000000,20.000000,0.000000,0.000000,0.000000,0.000000,0.012160,0.000000,0.910900,15.404148,0.089053,-12.755559,20.000000
0.559700,4,"LINK_TORSO_YAW",0.551100,0.200000,0.008600,20.000000,0.000000,0.000000,20.000000,0.000000,0.000000,0.000000,0.000000,0.012160,0.000000,0.910900,15.400293,0.089092,-12.760213,20.000000
0.559800,4,"LINK_TORSO_YAW",0.551100,0.200000,0.008700,20.000000,0.000000,0.000000,20.000000,0.000000,0.000000,0.000000,0.000000,0.012160,0.000000,0.910900,15.396435,0.089131,-12.764868,20.000000
0.559900,4,"LINK_TORSO_YAW",0.551100,0.200000,0.008800,20.000000,0.000000,0.000000,20.000000,0.000000,0.000000,0.000000,0.000000,0.012160,0.000000,0.910900,15.392572,0.089170,-12.769526,20.000000
0.560000,4,"LINK_TORSO_YAW",0.551100,0.200000,0.008900,20.000000,0.000000,0.000000,20.000000,0.000000,0.000000,0.000000,0.000000,0.012160,0.000000,0.910900,15.388704,0.089210,-12.774186,20.000000
0.560100,4,"LINK_TORSO_YAW",0.551100,0.200000,0.009000,20.000000,0.000000,0.000000,20.000000,0.000000,0.000000,0.000000,0.000000,0.012160,0.000000,0.910900,15.384832,0.089250,-12.778849,20.000000
0.560200,4,"LINK_TORSO_YAW",0.551100,0.200000,0.009100,20.000000,0.000000,0.000000,20.000000,0.000000,0.000000,0.000000,0.000000,0.012160,0.000000,0.910900,15.380954,0.089290,-12.783516,20.000000
0.560300,4,"LINK_TORSO_YAW",0.551100,0.200000,0.009200,20.000000,0.000000,0.000000,20.000000,0.000000,0.000000,0.000000,0.000000,0.012160,0.000000,0.910900,15.377071,0.089330,-12.788186,20.000000
0.560400,4,"LINK_TORSO_YAW",0.551100,0.200000,0.009300,20.000000,0.000000,0.000000,20.000000,0.000000,0.000000,0.000000,0.000000,0.012160,0.000000,0.910900,15.373185,0.089370,-12.792857,20.000000
0.560500,4,"LINK_TORSO_YAW",0.551100,0.200000,0.009400,20.000000,0.000000,0.000000,20.000000,0.000000,0.000000,0.000000,0.000000,0.012160,0.000000,0.910900,15.369297,0.089410,-12.797528,20.000000
0.560600,4,"LINK_TORSO_YAW",0.551100,0.200000,0.009500,20.000000,0.000000,0.000000,20.000000,0.000000,0.000000,0.000000,0.000000,0.012160,0.000000,0.910900,15.365405,0.089449,-12.802200,20.000000
0.560700,4,"LINK_TORSO_YAW",0.551100,0.200000,0.009600,20.000000,0.000000,0.000000,20.000000,0.000000,0.000000,0.000000,0.000000,0.012160,0.000000,0.910900,15.361510,0.089489,-12.806873,20.000000
0.560800,4,"LINK_TORSO_YAW",0.551100,0.200000,0.009700,20.000000,0.000000,0.000000,20.000000,0.000000,0.000000,0.000000,0.000000,0.012160,0.000000,0.910900,15.357611,0.089529,-12.811548,20.000000
0.560900,4,"LINK_TORSO_YAW",0.551100,0.200000,0.009800,20.000000,0.000000,0.000000,20.000000,0.000000,0.000000,0.000000,0.000000,0.012160,0.000000,0.910900,15.353708,0.089568,-12.816225,20.000000
0.561000,4,"LINK_TORSO_YAW",0.551100,0.200000,0.009900,20.000000,0.000000,0.000000,20.000000,0.000000,0.000000,0.000000,0.000000,0.012160,0.000000,0.910900,15.349801,0.089608,-12.820905,20.000000
0.561100,4,"LINK_TORSO_YAW",0.551100,0.200000,0.010000,20.000000,0.000000,0.000000,20.000000,0.000000,0.000000,0.000000,0.000000,0.012160,0.000000,0.910900,15.345888,0.089648,-12.825587,20.000000
0.561200,4,"LINK_TORSO_YAW",0.551100,0.200000,0.010100,20.000000,0.000000,0.000000,20.000000,0.000000,0.000000,0.000000,0.000000,0.012160,0.000000,0.910900,15.341971,0.089688,-12.830272,20.000000
0.561300,4,"LINK_TORSO_YAW",0.551100,0.200000,0.010200,20.000000,0.000000,0.000000,20.000000,0.000000,0.000000,0.000000,0.000000,0.012160,0.000000,0.910900,15.338049,0.089728,-12.834960,20.000000
0.561400,4,"LINK_TORSO_YAW",0.551100,0.200000,0.010300,20.000000,0.000000,0.000000,20.000000,0.000000,0.000000,0.000000,0.000000,0.012160,0.000000,0.910900,15.334121,0.089768,-12.839652,20.000000
0.561500,4,"LINK_TORSO_YAW",0.551100,0.200000,0.010400,20.000000,0.000000,0.000000,20.000000,0.000000,0.000000,0.000000,0.000000,0.012160,0.000000,0.910900,15.330191,0.089808,-12.844345,20.000000
0.561600,4,"LINK_TORSO_YAW",0.551100,0.200000,0.010500,20.000000,0.000000,0.000000,20.000000,0.000000,0.000000,0.000000,0.000000,0.012160,0.000000,0.910900,15.326258,0.089849,-12.849037,20.000000
0.561700,4,"LINK_TORSO_YAW",0.551100,0.200000,0.010600,20.000000,0.000000,0.000000,20.000000,0.000000,0.000000,0.000000,0.000000,0.012160,0.000000,0.910900,15.322321,0.089889,-12.853730,20.000000
0.561800,4,"LINK_TORSO_YAW",0.551100,0.200000,0.010700,20.000000,0.000000,0.000000,20.000000,0.000000,0.000000,0.000000,0.000000,0.012160,0.000000,0.910900,15.318382,0.089930,-12.858425,20.000000
0.561900,4,"LINK_TORSO_YAW",0.551100,0.200000,0.010800,20.000000,0.000000,0.000000,20.000000,0.000000,0.000000,0.000000,0.000000,0.012160,0.000000,0.910900,15.314439,0.089971,-12.863121,20.000000
0.562300,4,"LINK_TORSO_YAW",0.551100,0.200000,0.011200,20.000000,0.000000,0.000000,20.000000,0.000000,0.000000,0.000000,0.000000,0.012160,0.000000,0.910900,15.298620,0.090135,-12.881930,20.000000
0.562400,4,"LINK_TORSO_YAW",0.551100,0.200000,0.011300,20.000000,0.000000,0.000000,20.000000,0.000000,0.000000,0.000000,0.000000,0.012160,0.000000,0.910900,15.294652,0.090176,-12.886640,20.000000
0.562500,4,"LINK_TORSO_YAW",0.551100,0.200000,0.011400,20.000000,0.000000,0.000000,20.000000,0.000000,0.000000,0.000000,0.000000,0.012160,0.000000,0.910900,15.290679,0.090218,-12.891354,20.000000
0.562600,4,"LINK_TORSO_YAW",0.551100,0.200000,0.011500,20.000000,0.000000,0.000000,20.000000,0.000000,0.000000,0.000000,0.000000,0.012160,0.000000,0.910900,15.286703,0.090259,-12.896067,20.000000
0.563000,4,"LINK_TORSO_YAW",0.551100,0.200000,0.011900,20.000000,0.000000,0.000000,20.000000,0.000000,0.000000,0.000000,0.000000,0.012160,0.000000,0.910900,15.270768,0.090426,-12.914931,20.000000
0.563100,4,"LINK_TORSO_YAW",0.551100,0.200000,0.012000,20.000000,0.000000,0.000000,20.000000,0.000000,0.000000,0.000000,0.000000,0.012160,0.000000,0.910900,15.266775,0.090468,-12.919652,20.000000
0.563200,4,"LINK_TORSO_YAW",0.551100,0.200000,0.012100,20.000000,0.000000,0.000000,20.000000,0.000000,0.000000,0.000000,0.000000,0.012160,0.000000,0.910900,15.262777,0.090510,-12.924375,20.000000
0.563300,4,"LINK_TORSO_YAW",0.551100,0.200000,0.012200,20.000000,0.000000,0.000000,20.000000,0.000000,0.000000,0.000000,0.000000,0.012160,0.000000,0.910900,15.258774,0.090552,-12.929100,20.000000
0.563400,4,"LINK_TORSO_YAW",0.551100,0.200000,0.012300,20.000000,0.000000,0.000000,20.000000,0.000000,0.000000,0.000000,0.000000,0.012160,0.000000,0.910900,15.254766,0.090595,-12.933828,20.000000
0.563500,4,"LINK_TORSO_YAW",0.551100,0.200000,0.012400,20.000000,0.000000,0.000000,20.000000,0.000000,0.000000,0.000000,0.000000,0.012160,0.000000,0.910900,15.250752,0.090638,-12.938560,20.000000
0.563600,4,"LINK_TORSO_YAW",0.551100,0.200000,0.012500,20.000000,0.000000,0.000000,20.000000,0.000000,0.000000,0.000000,0.000000,0.012160,0.000000,0.910900,15.246734,0.090682,-12.943295,20.000000
0.563700,4,"LINK_TORSO_YAW",0.551100,0.200000,0.012600,20.000000,0.000000,0.000000,20.000000,0.000000,0.000000,0.000000,0.000000,0.012160,0.000000,0.910900,15.242709,0.090725,-12.948034,20.000000
0.563800,4,"LINK_TORSO_YAW",0.551100,0.200000,0.012700,20.000000,0.000000,0.000000,20.000000,0.000000,0.000000,0.000000,0.000000,0.012160,0.000000,0.910900,15.238682,0.090768,-12.952773,20.000000
0.563900,4,"LINK_TORSO_YAW",0.551100,0.200000,0.012800,20.000000,0.000000,0.000000,20.000000,0.000000,0.000000,0.000000,0.000000,0.012160,0.000000,0.910900,15.234652,0.090811,-12.957513,20.000000
0.564000,4,"LINK_TORSO_YAW",0.551100,0.200000,0.012900,20.000000,0.000000,0.000000,20.000000,0.000000,0.000000,0.000000,0.000000,0.012160,0.000000,0.910900,15.230619,0.090854,-12.962253,20.000000
0.564100,4,"LINK_TORSO_YAW",0.551100,0.200000,0.013000,20.000000,0.000000,0.000000,20.000000,0.000000,0.000000,0.000000,0.000000,0.012160,0.000000,0.910900,15.226582,0.090897,-12.966994,20.000000
0.564200,4,"LINK_TORSO_YAW",0.551100,0.200000,0.013100,20.000000,0.000000,0.000000,20.000000,0.000000,0.000000,0.000000,0.000000,0.012160,0.000000,0.910900,15.222542,0.090939,-12.971737,20.000000
0.564300,4,"LINK_TORSO_YAW",0.551100,0.200000,0.013200,20.000000,0.000000,0.000000,20.000000,0.000000,0.000000,0.000000,0.000000,0.012160,0.000000,0.910900,15.218497,0.090982,-12.976482,20.000000
0.564400,4,"LINK_TORSO_YAW",0.551100,0.200000,0.013300,20.000000,0.000000,0.000000,20.000000,0.000000,0.000000,0.000000,0.000000,0.012160,0.000000,0.910900,15.214447,0.091025,-12.981229,20.000000
0.564500,4,"LINK_TORSO_YAW",0.551100,0.200000,0.013400,20.000000,0.000000,0.000000,20.000000,0.000000,0.000000,0.000000,0.000000,0.012160,0.000000,0.910900,15.210393,0.091068,-12.985979,20.000000
0.564600,4,"LINK_TORSO_YAW",0.551100,0.200000,0.013500,20.000000,0.000000,0.000000,20.000000,0.000000,0.000000,0.000000,0.000000,0.012160,0.000000,0.910900,15.206334,0.091110,-12.990732,20.000000
0.564700,4,"LINK_TORSO_YAW",0.551100,0.200000,0.013600,20.000000,0.000000,0.000000,20.000000,0.000000,0.000000,0.000000,0.000000,0.012160,0.000000,0.910900,15.202269,0.091153,-12.995488,20.000000
0.564800,4,"LINK_TORSO_YAW",0.551100,0.200000,0.013700,20.000000,0.000000,0.000000,20.000000,0.000000,0.000000,0.000000,0.000000,0.012160,0.000000,0.910900,15.198198,0.091196,-13.000248,20.000000
0.564900,4,"LINK_TORSO_YAW",0.551100,0.200000,0.013800,20.000000,0.000000,0.000000,20.000000,0.000000,0.000000,0.000000,0.000000,0.012160,0.000000,0.910900,15.194122,0.091239,-13.005012,20.000000
0.565000,4,"LINK_TORSO_YAW",0.551100,0.200000,0.013900,20.000000,0.000000,0.000000,20.000000,0.000000,0.000000,0.000000,0.000000,0.012160,0.000000,0.910900,15.190043,0.091281,-13.009776,20.000000
0.565400,4,"LINK_TORSO_YAW",0.551100,0.200000,0.014300,20.000000,0.000000,0.000000,20.000000,0.000000,0.000000,0.000000,0.000000,0.012160,0.000000,0.910900,15.173692,0.091452,-13.028841,20.000000
0.565500,4,"LINK_TORSO_YAW",0.551100,0.200000,0.014400,20.000000,0.000000,0.000000,20.000000,0.000000,0.000000,0.000000,0.000000,0.012160,0.000000,0.910900,15.169594,0.091495,-13.033612,20.000000
0.565600,4,"LINK_TORSO_YAW",0.551100,0.200000,0.014500,20.000000,0.000000,0.000000,20.000000,0.000000,0.000000,0.000000,0.000000,0.012160,0.000000,0.910900,15.165492,0.091538,-13.038385,20.000000
0.565700,4,"LINK_TORSO_YAW",0.551100,0.200000,0.014600,20.000000,0.000000,0.000000,20.000000,0.000000,0.000000,0.000000,0.000000,0.012160,0.000000,0.910900,15.161385,0.091581,-13.043160,20.000000
0.565800,4,"LINK_TORSO_YAW",0.551100,0.200000,0.014700,20.000000,0.000000,0.000000,20.000000,0.000000,0.000000,0.000000,0.000000,0.012160,0.000000,0.910900,15.157272,0.091625,-13.047939,20.000000
0.565900,4,"LINK_TORSO_YAW",0.551100,0.200000,0.014800,20.000000,0.000000,0.000000,20.000000,0.000000,0.000000,0.000000,0.000000,0.012160,0.000000,0.910900,15.153154,0.091669,-13.052721,20.000000
0.566000,4,"LINK_TORSO_YAW",0.551100,0.200000,0.014900,20.000000,0.000000,0.000000,20.000000,0.000000,0.000000,0.000000,0.000000,0.012160,0.000000,0.910900,15.149030,0.091713,-13.057507,20.000000
0.566100,4,"LINK_TORSO_YAW",0.551100,0.200000,0.015000,20.000000,0.000000,0.000000,20.000000,0.000000,0.000000,0.000000,0.000000,0.012160,0.000000,0.910900,15.144904,0.091758,-13.062292,20.000000
0.566200,4,"LINK_TORSO_YAW",0.551100,0.200000,0.015100,20.000000,0.000000,0.000000,20.000000,0.000000,0.000000,0.000000,0.000000,0.012160,0.000000,0.910900,15.140774,0.091803,-13.067078,20.000000
0.566300,4,"LINK_TORSO_YAW",0.551100,0.200000,0.015200,20.000000,0.000000,0.000000,20.000000,0.000000,0.000000,0.000000,0.000000,0.012160,0.000000,0.910900,15.136642,0.091847,-13.071864,20.000000
0.566400,4,"LINK_TORSO_YAW",0.551100,0.200000,0.015300,20.000000,0.000000,0.000000,20.000000,0.000000,0.000000,0.000000,0.000000,0.012160,0.000000,0.910900,15.132506,0.091893,-13.076652,20.000000
0.566500,4,"LINK_TORSO_YAW",0.551100,0.200000,0.015400,20.000000,0.000000,0.000000,20.000000,0.000000,0.000000,0.000000,0.000000,0.012160,0.000000,0.910900,15.128366,0.091937,-13.081441,20.000000
0.566600,4,"LINK_TORSO_YAW",0.551100,0.200000,0.015500,20.000000,0.000000,0.000000,20.000000,0.000000,0.000000,0.000000,0.000000,0.012160,0.000000,0.910900,15.124221,0.091982,-13.086232,20.000000
0.566700,4,"LINK_TORSO_YAW",0.551100,0.200000,0.015600,20.000000,0.000000,0.000000,20.000000,0.000000,0.000000,0.000000,0.000000,0.012160,0.000000,0.910900,15.120073,0.092026,-13.091025,20.000000
0.566800,4,"LINK_TORSO_YAW",0.551100,0.200000,0.015700,20.000000,0.000000,0.000000,20.000000,0.000000,0.000000,0.000000,0.000000,0.012160,0.000000,0.910900,15.115920,0.092070,-13.095820,20.000000
0.566900,4,"LINK_TORSO_YAW",0.551100,0.200000,0.015800,20.000000,0.000000,0.000000,20.000000,0.000000,0.000000,0.000000,0.000000,0.012160,0.000000,0.910900,15.111761,0.092114,-13.100618,20.000000
0.567000,4,"LINK_TORSO_YAW",0.551100,0.200000,0.015900,20.000000,0.000000,0.000000,20.000000,0.000000,0.000000,0.000000,0.000000,0.012160,0.000000,0.910900,15.107598,0.092158,-13.105419,20.000000
0.567100,4,"LINK_TORSO_YAW",0.551100,0.200000,0.016000,20.000000,0.000000,0.000000,20.000000,0.000000,0.000000,0.000000,0.000000,0.012160,0.000000,0.910900,15.103428,0.092202,-13.110224,20.000000
0.567200,4,"LINK_TORSO_YAW",0.551100,0.200000,0.016100,20.000000,0.000000,0.000000,20.000000,0.000000,0.000000,0.000000,0.000000,0.012160,0.000000,0.910900,15.099252,0.092246,-13.115032,20.000000
0.567600,4,"LINK_TORSO_YAW",0.551100,0.200000,0.016500,20.000000,0.000000,0.000000,20.000000,0.000000,0.000000,0.000000,0.000000,0.012160,0.000000,0.910900,15.082517,0.092421,-13.134273,20.000000
0.567700,4,"LINK_TORSO_YAW",0.551100,0.200000,0.016600,20.000000,0.000000,0.000000,20.000000,0.000000,0.000000,0.000000,0.000000,0.012160,0.000000,0.910900,15.078324,0.092465,-13.139087,20.000000
0.567800,4,"LINK_TORSO_YAW",0.551100,0.200000,0.016700,20.000000,0.000000,0.000000,20.000000,0.000000,0.000000,0.000000,0.000000,0.012160,0.000000,0.910900,15.074126,0.092510,-13.143902,20.000000
0.567900,4,"LINK_TORSO_YAW",0.551100,0.200000,0.016800,20.000000,0.000000,0.000000,20.000000,0.000000,0.000000,0.000000,0.000000,0.012160,0.000000,0.910900,15.069924,0.092554,-13.148719,20.000000
0.568000,4,"LINK_TORSO_YAW",0.551100,0.200000,0.016900,20.000000,0.000000,0.000000,20.000000,0.000000,0.000000,0.000000,0.000000,0.012160,0.000000,0.910900,15.065717,0.092599,-13.153539,20.000000
0.568100,4,"LINK_TORSO_YAW",0.551100,0.200000,0.017000,20.000000,0.000000,0.000000,20.000000,0.000000,0.000000,0.000000,0.000000,0.012160,0.000000,0.910900,15.061505,0.092645,-13.158362,20.000000
0.568200,4,"LINK_TORSO_YAW",0.551100,0.200000,0.017100,20.000000,0.000000,0.000000,20.000000,0.000000,0.000000,0.000000,0.000000,0.012160,0.000000,0.910900,15.057287,0.092690,-13.163188,20.000000
0.568300,4,"LINK_TORSO_YAW",0.551100,0.200000,0.017200,20.000000,0.000000,0.000000,20.000000,0.000000,0.000000,0.000000,0.000000,0.012160,0.000000,0.910900,15.053064,0.092736,-13.168017,20.000000
0.568400,4,"LINK_TORSO_YAW",0.551100,0.200000,0.017300,20.000000,0.000000,0.000000,20.000000,0.000000,0.000000,0.000000,0.000000,0.012160,0.000000,0.910900,15.048834,0.092783,-13.172851,20.000000
0.568500,4,"LINK_TORSO_YAW",0.551100,0.200000,0.017400,20.000000,0.000000,0.000000,20.000000,0.000000,0.000000,0.000000,0.000000,0.012160,0.000000,0.910900,15.044601,0.092829,-13.177684,20.000000
0.568600,4,"LINK_TORSO_YAW",0.551100,0.200000,0.017500,20.000000,0.000000,0.000000,20.000000,0.000000,0.000000,0.000000,0.000000,0.012160,0.000000,0.910900,15.040365,0.092875,-13.182518,20.000000
0.568700,4,"LINK_TORSO_YAW",0.551100,0.200000,0.017600,20.000000,0.000000,0.000000,20.000000,0.000000,0.000000,0.000000,0.000000,0.012160,0.000000,0.910900,15.036126,0.092921,-13.187353,20.000000
0.568800,4,"LINK_TORSO_YAW",0.551100,0.200000,0.017700,20.000000,0.000000,0.000000,20.000000,0.000000,0.000000,0.000000,0.000000,0.012160,0.000000,0.910900,15.031883,0.092968,-13.192189,20.000000
0.568900,4,"LINK_TORSO_YAW",0.551100,0.200000,0.017800,20.000000,0.000000,0.000000,20.000000,0.000000,0.000000,0.000000,0.000000,0.012160,0.000000,0.910900,15.027636,0.093014,-13.197026,20.000000
0.569000,4,"LINK_TORSO_YAW",0.551100,0.200000,0.017900,20.000000,0.000000,0.000000,20.000000,0.000000,0.000000,0.000000,0.000000,0.012160,0.000000,0.910900,15.023384,0.093059,-13.201866,20.000000
0.569100,4,"LINK_TORSO_YAW",0.551100,0.200000,0.018000,20.000000,0.000000,0.000000,20.000000,0.000000,0.000000,0.000000,0.000000,0.012160,0.000000,0.910900,15.019128,0.093105,-13.206707,20.000000
0.569200,4,"LINK_TORSO_YAW",0.551100,0.200000,0.018100,20.000000,0.000000,0.000000,20.000000,0.000000,0.000000,0.000000,0.000000,0.012160,0.000000,0.910900,15.014867,0.093151,-13.211551,20.000000
0.569500,4,"LINK_TORSO_YAW",0.551100,0.200000,0.018400,20.000000,0.000000,0.000000,20.000000,0.000000,0.000000,0.000000,0.000000,0.012160,0.000000,0.910900,15.002050,0.093289,-13.226102,20.000000
0.569600,4,"LINK_TORSO_YAW",0.551100,0.200000,0.018500,20.000000,0.000000,0.000000,20.000000,0.000000,0.000000,0.000000,0.000000,0.012160,0.000000,0.910900,14.997766,0.093335,-13.230960,20.000000
0.569700,4,"LINK_TORSO_YAW",0.551100,0.200000,0.018600,20.000000,0.000000,0.000000,20.000000,0.000000,0.000000,0.000000,0.000000,0.012160,0.000000,0.910900,14.993478,0.093381,-13.235818,20.000000
0.569800,4,"LINK_TORSO_YAW",0.551100,0.200000,0.018700,20.000000,0.000000,0.000000,20.000000,0.000000,0.000000,0.000000,0.000000,0.012160,0.000000,0.910900,14.989188,0.093427,-13.240677,20.000000
0.569900,4,"LINK_TORSO_YAW",0.551100,0.200000,0.018800,20.000000,0.000000,0.000000,20.000000,0.000000,0.000000,0.000000,0.000000,0.012160,0.000000,0.910900,14.984894,0.093473,-13.245535,20.000000
0.570000,4,"LINK_TORSO_YAW",0.551100,0.200000,0.018900,20.000000,0.000000,0.000000,20.000000,0.000000,0.000000,0.000000,0.000000,0.012160,0.000000,0.910900,14.980597,0.093519,-13.250395,20.000000
0.570100,4,"LINK_TORSO_YAW",0.551100,0.200000,0.019000,20.000000,0.000000,0.000000,20.000000,0.000000,0.000000,0.000000,0.000000,0.012160,0.000000,0.910900,14.976295,0.093565,-13.255256,20.000000
0.570200,4,"LINK_TORSO_YAW",0.551100,0.200000,0.019100,20.000000,0.000000,0.000000,20.000000,0.000000,0.000000,0.000000,0.000000,0.012160,0.000000,0.910900,14.971989,0.093611,-13.260119,20.000000
0.570300,4,"LINK_TORSO_YAW",0.551100,0.200000,0.019200,20.000000,0.000000,0.000000,20.000000,0.000000,0.000000,0.000000,0.000000,0.012160,0.000000,0.910900,14.967679,0.093658,-13.264985,20.000000
0.570400,4,"LINK_TORSO_YAW",0.551100,0.200000,0.019300,20.000000,0.000000,0.000000,20.000000,0.000000,0.000000,0.000000,0.000000,0.012160,0.000000,0.910900,14.963363,0.093704,-13.269852,20.000000
0.570500,4,"LINK_TORSO_YAW",0.551100,0.200000,0.019400,20.000000,0.000000,0.000000,20.000000,0.000000,0.000000,0.000000,0.000000,0.012160,0.000000,0.910900,14.959043,0.093751,-13.274722,20.000000
0.570600,4,"LINK_TORSO_YAW",0.551100,0.200000,0.019500,20.000000,0.000000,0.000000,20.000000,0.000000,0.000000,0.000000,0.000000,0.012160,0.000000,0.910900,14.954716,0.093798,-13.279596,20.000000
0.570700,4,"LINK_TORSO_YAW",0.551100,0.200000,0.019600,20.000000,0.000000,0.000000,20.000000,0.000000,0.000000,0.000000,0.000000,0.012160,0.000000,0.910900,14.950388,0.093844,-13.284469,20.000000
0.570800,4,"LINK_TORSO_YAW",0.551100,0.200000,0.019700,20.000000,0.000000,0.000000,20.000000,0.000000,0.000000,0.000000,0.000000,0.012160,0.000000,0.910900,14.946056,0.093891,-13.289342,20.000000
0.570900,4,"LINK_TORSO_YAW",0.551100,0.200000,0.019800,20.000000,0.000000,0.000000,20.000000,0.000000,0.000000,0.000000,0.000000,0.012160,0.000000,0.910900,14.941720,0.093936,-13.294216,20.000000
0.571000,4,"LINK_TORSO_YAW",0.551100,0.200000,0.019900,20.000000,0.000000,0.000000,20.000000,0.000000,0.000000,0.000000,0.000000,0.012160,0.000000,0.910900,14.937381,0.093982,-13.299091,20.000000
0.571800,4,"LINK_TORSO_YAW",0.551100,0.200000,0.020700,20.000000,0.000000,0.000000,20.000000,0.000000,0.000000,0.000000,0.000000,0.012160,0.000000,0.910900,14.902494,0.094352,-13.338169,20.000000
0.571900,4,"LINK_TORSO_YAW",0.551100,0.200000,0.020800,20.000000,0.000000,0.000000,20.000000,0.000000,0.000000,0.000000,0.000000,0.012160,0.000000,0.910900,14.898113,0.094399,-13.343063,20.000000
0.572000,4,"LINK_TORSO_YAW",0.551100,0.200000,0.020900,20.000000,0.000000,0.000000,20.000000,0.000000,0.000000,0.000000,0.000000,0.012160,0.000000,0.910900,14.893728,0.094446,-13.347957,20.000000
0.572100,4,"LINK_TORSO_YAW",0.551100,0.200000,0.021000,20.000000,0.000000,0.000000,20.000000,0.000000,0.000000,0.000000,0.000000,0.012160,0.000000,0.910900,14.889339,0.094493,-13.352852,20.000000
0.572200,4,"LINK_TORSO_YAW",0.551100,0.200000,0.021100,20.000000,0.000000,0.000000,20.000000,0.000000,0.000000,0.000000,0.000000,0.012160,0.000000,0.910900,14.884946,0.094540,-13.357748,20.000000
0.572300,4,"LINK_TORSO_YAW",0.551100,0.200000,0.021200,20.000000,0.000000,0.000000,20.000000,0.000000,0.000000,0.000000,0.000000,0.012160,0.000000,0.910900,14.880549,0.094588,-13.362646,20.000000
0.572400,4,"LINK_TORSO_YAW",0.551100,0.200000,0.021300,20.000000,0.000000,0.000000,20.000000,0.000000,0.000000,0.000000,0.000000,0.012160,0.000000,0.910900,14.876148,0.094635,-13.367546,20.000000
0.572500,4,"LINK_TORSO_YAW",0.551100,0.200000,0.021400,20.000000,0.000000,0.000000,20.000000,0.000000,0.000000,0.000000,0.000000,0.012160,0.000000,0.910900,14.871741,0.094682,-13.372448,20.000000
0.572600,4,"LINK_TORSO_YAW",0.551100,0.200000,0.021500,20.000000,0.000000,0.000000,20.000000,0.000000,0.000000,0.000000,0.000000,0.012160,0.000000,0.910900,14.867329,0.094730,-13.377353,20.000000
0.572700,4,"LINK_TORSO_YAW",0.551100,0.200000,0.021600,20.000000,0.000000,0.000000,20.000000,0.000000,0.000000,0.000000,0.000000,0.012160,0.000000,0.910900,14.862911,0.094778,-13.382261,20.000000
0.572800,4,"LINK_TORSO_YAW",0.551100,0.200000,0.021700,20.000000,0.000000,0.000000,20.000000,0.000000,0.000000,0.000000,0.000000,0.012160,0.000000,0.910900,14.858487,0.094825,-13.387172,20.000000
0.573300,4,"LINK_TORSO_YAW",0.551100,0.200000,0.022200,20.000000,0.000000,0.000000,20.000000,0.000000,0.000000,0.000000,0.000000,0.012160,0.000000,0.910900,14.836318,0.095062,-13.411735,20.000000
0.573400,4,"LINK_TORSO_YAW",0.551100,0.200000,0.022300,20.000000,0.000000,0.000000,20.000000,0.000000,0.000000,0.000000,0.000000,0.012160,0.000000,0.910900,14.831872,0.095110,-13.416651,20.000000
0.573700,4,"LINK_TORSO_YAW",0.551100,0.200000,0.022600,20.000000,0.000000,0.000000,20.000000,0.000000,0.000000,0.000000,0.000000,0.012160,0.000000,0.910900,14.818503,0.095251,-13.431415,20.000000
0.573800,4,"LINK_TORSO_YAW",0.551100,0.200000,0.022700,20.000000,0.000000,0.000000,20.000000,0.000000,0.000000,0.000000,0.000000,0.012160,0.000000,0.910900,14.814035,0.095299,-13.436342,20.000000
0.573900,4,"LINK_TORSO_YAW",0.551100,0.200000,0.022800,20.000000,0.000000,0.000000,20.000000,0.000000,0.000000,0.000000,0.000000,0.012160,0.000000,0.910900,14.809562,0.095346,-13.441272,20.000000
0.574000,4,"LINK_TORSO_YAW",0.551100,0.200000,0.022900,20.000000,0.000000,0.000000,20.000000,0.000000,0.000000,0.000000,0.000000,0.012160,0.000000,0.910900,14.805086,0.095393,-13.446202,20.000000
0.574100,4,"LINK_TORSO_YAW",0.551100,0.200000,0.023000,20.000000,0.000000,0.000000,20.000000,0.000000,0.000000,0.000000,0.000000,0.012160,0.000000,0.910900,14.800606,0.095440,-13.451132,20.000000
0.574800,4,"LINK_TORSO_YAW",0.551100,0.200000,0.023700,20.000000,0.000000,0.000000,20.000000,0.000000,0.000000,0.000000,0.000000,0.012160,0.000000,0.910900,14.769133,0.095764,-13.485679,20.000000
0.574900,4,"LINK_TORSO_YAW",0.551100,0.200000,0.023800,20.000000,0.000000,0.000000,20.000000,0.000000,0.000000,0.000000,0.000000,0.012160,0.000000,0.910900,14.764616,0.095811,-13.490624,20.000000
0.575000,4,"LINK_TORSO_YAW",0.551100,0.200000,0.023900,20.000000,0.000000,0.000000,20.000000,0.000000,0.000000,0.000000,0.000000,0.012160,0.000000,0.910900,14.760093,0.095857,-13.495572,20.000000
0.575100,4,"LINK_TORSO_YAW",0.551100,0.200000,0.024000,20.000000,0.000000,0.000000,20.000000,0.000000,0.000000,0.000000,0.000000,0.012160,0.000000,0.910900,14.755564,0.095904,-13.500524,20.000000
0.575200,4,"LINK_TORSO_YAW",0.551100,0.200000,0.024100,20.000000,0.000000,0.000000,20.000000,0.000000,0.000000,0.000000,0.000000,0.012160,0.000000,0.910900,14.751032,0.095951,-13.505475,20.000000
0.575300,4,"LINK_TORSO_YAW",0.551100,0.200000,0.024200,20.000000,0.000000,0.000000,20.000000,0.000000,0.000000,0.000000,0.000000,0.012160,0.000000,0.910900,14.746496,0.095998,-13.510427,20.000000
0.575400,4,"LINK_TORSO_YAW",0.551100,0.200000,0.024300,20.000000,0.000000,0.000000,20.000000,0.000000,0.000000,0.000000,0.000000,0.012160,0.000000,0.910900,14.741957,0.096045,-13.515379,20.000000
0.575500,4,"LINK_TORSO_YAW",0.551100,0.200000,0.024400,20.000000,0.000000,0.000000,20.000000,0.000000,0.000000,0.000000,0.000000,0.012160,0.000000,0.910900,14.737414,0.096092,-13.520332,20.000000
0.575600,4,"LINK_TORSO_YAW",0.551100,0.200000,0.024500,20.000000,0.000000,0.000000,20.000000,0.000000,0.000000,0.000000,0.000000,0.012160,0.000000,0.910900,14.732867,0.096140,-13.525286,20.000000
0.575700,4,"LINK_TORSO_YAW",0.551100,0.200000,0.024600,20.000000,0.000000,0.000000,20.000000,0.000000,0.000000,0.000000,0.000000,0.012160,0.000000,0.910900,14.728316,0.096188,-13.530242,20.000000
0.575800,4,"LINK_TORSO_YAW",0.551100,0.200000,0.024700,20.000000,0.000000,0.000000,20.000000,0.000000,0.000000,0.000000,0.000000,0.012160,0.000000,0.910900,14.723759,0.096236,-13.535200,20.000000
0.575900,4,"LINK_TORSO_YAW",0.551100,0.200000,0.024800,20.000000,0.000000,0.000000,20.000000,0.000000,0.000000,0.000000,0.000000,0.012160,0.000000,0.910900,14.719198,0.096284,-13.540161,20.000000
0.576000,4,"LINK_TORSO_YAW",0.551100,0.200000,0.024900,20.000000,0.000000,0.000000,20.000000,0.000000,0.000000,0.000000,0.000000,0.012160,0.000000,0.910900,14.714630,0.096332,-13.545124,20.000000
0.576400,4,"LINK_TORSO_YAW",0.551100,0.200000,0.025300,20.000000,0.000000,0.000000,20.000000,0.000000,0.000000,0.000000,0.000000,0.012160,0.000000,0.910900,14.696303,0.096524,-13.565005,20.000000
0.576500,4,"LINK_TORSO_YAW",0.551100,0.200000,0.025400,20.000000,0.000000,0.000000,20.000000,0.000000,0.000000,0.000000,0.000000,0.012160,0.000000,0.910900,14.691711,0.096572,-13.569978,20.000000
0.576600,4,"LINK_TORSO_YAW",0.551100,0.200000,0.025500,20.000000,0.000000,0.000000,20.000000,0.000000,0.000000,0.000000,0.000000,0.012160,0.000000,0.910900,14.687115,0.096621,-13.574952,20.000000
0.576900,4,"LINK_TORSO_YAW",0.551100,0.200000,0.025800,20.000000,0.000000,0.000000,20.000000,0.000000,0.000000,0.000000,0.000000,0.012160,0.000000,0.910900,14.673302,0.096767,-13.589880,20.000000
0.577100,4,"LINK_TORSO_YAW",0.551100,0.200000,0.026000,20.000000,0.000000,0.000000,20.000000,0.000000,0.000000,0.000000,0.000000,0.012160,0.000000,0.910900,14.664070,0.096864,-13.599841,20.000000
0.577200,4,"LINK_TORSO_YAW",0.551100,0.200000,0.026100,20.000000,0.000000,0.000000,20.000000,0.000000,0.000000,0.000000,0.000000,0.012160,0.000000,0.910900,14.659445,0.096913,-13.604825,20.000000
0.577300,4,"LINK_TORSO_YAW",0.551100,0.200000,0.026200,20.000000,0.000000,0.000000,20.000000,0.000000,0.000000,0.000000,0.000000,0.012160,0.000000,0.910900,14.654815,0.096962,-13.609812,20.000000
0.577400,4,"LINK_TORSO_YAW",0.551100,0.200000,0.026300,20.000000,0.000000,0.000000,20.000000,0.000000,0.000000,0.000000,0.000000,0.012160,0.000000,0.910900,14.650178,0.097011,-13.614803,20.000000
0.577500,4,"LINK_TORSO_YAW",0.551100,0.200000,0.026400,20.000000,0.000000,0.000000,20.000000,0.000000,0.000000,0.000000,0.000000,0.012160,0.000000,0.910900,14.645539,0.097060,-13.619793,20.000000
0.577600,4,"LINK_TORSO_YAW",0.551100,0.200000,0.026500,20.000000,0.000000,0.000000,20.000000,0.000000,0.000000,0.000000,0.000000,0.012160,0.000000,0.910900,14.640896,0.097110,-13.624784,20.000000
0.577700,4,"LINK_TORSO_YAW",0.551100,0.200000,0.026600,20.000000,0.000000,0.000000,20.000000,0.000000,0.000000,0.000000,0.000000,0.012160,0.000000,0.910900,14.636250,0.097159,-13.629775,20.000000
0.577800,4,"LINK_TORSO_YAW",0.551100,0.200000,0.026700,20.000000,0.000000,0.000000,20.000000,0.000000,0.000000,0.000000,0.000000,0.012160,0.000000,0.910900,14.631599,0.097209,-13.634766,20.000000
0.577900,4,"LINK_TORSO_YAW",0.551100,0.200000,0.026800,20.000000,0.000000,0.000000,20.000000,0.000000,0.000000,0.000000,0.000000,0.012160,0.000000,0.910900,14.626945,0.097259,-13.639759,20.000000
0.578000,4,"LINK_TORSO_YAW",0.551100,0.200000,0.026900,20.000000,0.000000,0.000000,20.000000,0.000000,0.000000,0.000000,0.000000,0.012160,0.000000,0.910900,14.622286,0.097309,-13.644753,20.000000
0.578300,4,"LINK_TORSO_YAW",0.551100,0.200000,0.027200,20.000000,0.000000,0.000000,20.000000,0.000000,0.000000,0.000000,0.000000,0.012160,0.000000,0.910900,14.608277,0.097459,-13.659749,20.000000
0.578400,4,"LINK_TORSO_YAW",0.551100,0.200000,0.027300,20.000000,0.000000,0.000000,20.000000,0.000000,0.000000,0.000000,0.000000,0.012160,0.000000,0.910900,14.603596,0.097509,-13.664753,20.000000
0.578800,4,"LINK_TORSO_YAW",0.551100,0.200000,0.027700,20.000000,0.000000,0.000000,20.000000,0.000000,0.000000,0.000000,0.000000,0.012160,0.000000,0.910900,14.584816,0.097710,-13.684794,20.000000
0.578900,4,"LINK_TORSO_YAW",0.551100,0.200000,0.027800,20.000000,0.000000,0.000000,20.000000,0.000000,0.000000,0.000000,0.000000,0.012160,0.000000,0.910900,14.580112,0.097760,-13.689805,20.000000
0.579000,4,"LINK_TORSO_YAW",0.551100,0.200000,0.027900,20.000000,0.000000,0.000000,20.000000,0.000000,0.000000,0.000000,0.000000,0.012160,0.000000,0.910900,14.575404,0.097810,-13.694817,20.000000
0.579100,4,"LINK_TORSO_YAW",0.551100,0.200000,0.028000,20.000000,0.000000,0.000000,20.000000,0.000000,0.000000,0.000000,0.000000,0.012160,0.000000,0.910900,14.570692,0.097859,-13.699830,20.000000
0.579200,4,"LINK_TORSO_YAW",0.551100,0.200000,0.028100,20.000000,0.000000,0.000000,20.000000,0.000000,0.000000,0.000000,0.000000,0.012160,0.000000,0.910900,14.565975,0.097909,-13.704845,20.000000
0.579300,4,"LINK_TORSO_YAW",0.551100,0.200000,0.028200,20.000000,0.000000,0.000000,20.000000,0.000000,0.000000,0.000000,0.000000,0.012160,0.000000,0.910900,14.561254,0.097958,-13.709861,20.000000
0.579400,4,"LINK_TORSO_YAW",0.551100,0.200000,0.028300,20.000000,0.000000,0.000000,20.000000,0.000000,0.000000,0.000000,0.000000,0.012160,0.000000,0.910900,14.556527,0.098006,-13.714879,20.000000
0.579500,4,"LINK_TORSO_YAW",0.551100,0.200000,0.028400,20.000000,0.000000,0.000000,20.000000,0.000000,0.000000,0.000000,0.000000,0.012160,0.000000,0.910900,14.551795,0.098055,-13.719900,20.000000
0.613800,5,"LINK_TORSO_YAW",0.613700,0.200000,0.000100,20.000000,0.000000,0.000000,20.000000,0.000000,0.000000,0.000000,0.000000,0.012160,0.000000,0.910900,12.764677,0.113066,-15.396436,20.000000
0.613900,5,"LINK_TORSO_YAW",0.613700,0.200000,0.000200,20.000000,0.000000,0.000000,20.000000,0.000000,0.000000,0.000000,0.000000,0.012160,0.000000,0.910900,12.758993,0.113106,-15.401146,20.000000
0.614000,5,"LINK_TORSO_YAW",0.613700,0.200000,0.000300,20.000000,0.000000,0.000000,20.000000,0.000000,0.000000,0.000000,0.000000,0.012160,0.000000,0.910900,12.753306,0.113145,-15.405856,20.000000
0.614100,5,"LINK_TORSO_YAW",0.613700,0.200000,0.000400,20.000000,0.000000,0.000000,20.000000,0.000000,0.000000,0.000000,0.000000,0.012160,0.000000,0.910900,12.747615,0.113184,-15.410565,20.000000
0.614200,5,"LINK_TORSO_YAW",0.613700,0.200000,0.000500,20.000000,0.000000,0.000000,20.000000,0.000000,0.000000,0.000000,0.000000,0.012160,0.000000,0.910900,12.741919,0.113224,-15.415274,20.000000
0.615000,5,"LINK_TORSO_YAW",0.613700,0.200000,0.001300,20.000000,0.000000,0.000000,20.000000,0.000000,0.000000,0.000000,0.000000,0.012160,0.000000,0.910900,12.696168,0.113547,-15.452974,20.000000
0.615100,5,"LINK_TORSO_YAW",0.613700,0.200000,0.001400,20.000000,0.000000,0.000000,20.000000,0.000000,0.000000,0.000000,0.000000,0.012160,0.000000,0.910900,12.690428,0.113587,-15.457689,20.000000
0.615200,5,"LINK_TORSO_YAW",0.613700,0.200000,0.001500,20.000000,0.000000,0.000000,20.000000,0.000000,0.000000,0.000000,0.000000,0.012160,0.000000,0.910900,12.684683,0.113627,-15.462403,20.000000
0.615500,5,"LINK_TORSO_YAW",0.613700,0.200000,0.001800,20.000000,0.000000,0.000000,20.000000,0.000000,0.000000,0.000000,0.000000,0.012160,0.000000,0.910900,12.667423,0.113746,-15.476545,20.000000
0.615600,5,"LINK_TORSO_YAW",0.613700,0.200000,0.001900,20.000000,0.000000,0.000000,20.000000,0.000000,0.000000,0.000000,0.000000,0.012160,0.000000,0.910900,12.661660,0.113786,-15.481260,20.000000
0.615700,5,"LINK_TORSO_YAW",0.613700,0.200000,0.002000,20.000000,0.000000,0.000000,20.000000,0.000000,0.000000,0.000000,0.000000,0.012160,0.000000,0.910900,12.655891,0.113827,-15.485976,20.000000
0.616400,5,"LINK_TORSO_YAW",0.613700,0.200000,0.002700,20.000000,0.000000,0.000000,20.000000,0.000000,0.000000,0.000000,0.000000,0.012160,0.000000,0.910900,12.615365,0.114117,-15.519006,20.000000
0.616500,5,"LINK_TORSO_YAW",0.613700,0.200000,0.002800,20.000000,0.000000,0.000000,20.000000,0.000000,0.000000,0.000000,0.000000,0.012160,0.000000,0.910900,12.609559,0.114158,-15.523724,20.000000
0.616600,5,"LINK_TORSO_YAW",0.613700,0.200000,0.002900,20.000000,0.000000,0.000000,20.000000,0.000000,0.000000,0.000000,0.000000,0.012160,0.000000,0.910900,12.603747,0.114199,-15.528442,20.000000
0.616700,5,"LINK_TORSO_YAW",0.613700,0.200000,0.003000,20.000000,0.000000,0.000000,20.000000,0.000000,0.000000,0.000000,0.000000,0.012160,0.000000,0.910900,12.597931,0.114240,-15.533161,20.000000
0.616800,5,"LINK_TORSO_YAW",0.613700,0.200000,0.003100,20.000000,0.000000,0.000000,20.000000,0.000000,0.000000,0.000000,0.000000,0.012160,0.000000,0.910900,12.592109,0.114281,-15.537881,20.000000
0.617600,5,"LINK_TORSO_YAW",0.613700,0.200000,0.003900,20.000000,0.000000,0.000000,20.000000,0.000000,0.000000,0.000000,0.000000,0.012160,0.000000,0.910900,12.545354,0.114620,-15.575652,20.000000
0.617700,5,"LINK_TORSO_YAW",0.613700,0.200000,0.004000,20.000000,0.000000,0.000000,20.000000,0.000000,0.000000,0.000000,0.000000,0.012160,0.000000,0.910900,12.539491,0.114662,-15.580373,20.000000
0.617800,5,"LINK_TORSO_YAW",0.613700,0.200000,0.004100,20.000000,0.000000,0.000000,20.000000,0.000000,0.000000,0.000000,0.000000,0.012160,0.000000,0.910900,12.533622,0.114704,-15.585094,20.000000
0.618200,5,"LINK_TORSO_YAW",0.613700,0.200000,0.004500,20.000000,0.000000,0.000000,20.000000,0.000000,0.000000,0.000000,0.000000,0.012160,0.000000,0.910900,12.510092,0.114870,-15.603987,20.000000
0.618300,5,"LINK_TORSO_YAW",0.613700,0.200000,0.004600,20.000000,0.000000,0.000000,20.000000,0.000000,0.000000,0.000000,0.000000,0.012160,0.000000,0.910900,12.504197,0.114912,-15.608711,20.000000
0.618400,5,"LINK_TORSO_YAW",0.613700,0.200000,0.004700,20.000000,0.000000,0.000000,20.000000,0.000000,0.000000,0.000000,0.000000,0.012160,0.000000,0.910900,12.498299,0.114955,-15.613434,20.000000
0.619200,5,"LINK_TORSO_YAW",0.613700,0.200000,0.005500,20.000000,0.000000,0.000000,20.000000,0.000000,0.000000,0.000000,0.000000,0.012160,0.000000,0.910900,12.450956,0.115300,-15.651211,20.000000
0.619300,5,"LINK_TORSO_YAW",0.613700,0.200000,0.005600,20.000000,0.000000,0.000000,20.000000,0.000000,0.000000,0.000000,0.000000,0.012160,0.000000,0.910900,12.445014,0.115343,-15.655936,20.000000
0.619400,5,"LINK_TORSO_YAW",0.613700,0.200000,0.005700,20.000000,0.000000,0.000000,20.000000,0.000000,0.000000,0.000000,0.000000,0.012160,0.000000,0.910900,12.439068,0.115386,-15.660660,20.000000
0.619500,5,"LINK_TORSO_YAW",0.613700,0.200000,0.005800,20.000000,0.000000,0.000000,20.000000,0.000000,0.000000,0.000000,0.000000,0.012160,0.000000,0.910900,12.433119,0.115428,-15.665383,20.000000
0.619600,5,"LINK_TORSO_YAW",0.613700,0.200000,0.005900,20.000000,0.000000,0.000000,20.000000,0.000000,0.000000,0.000000,0.000000,0.012160,0.000000,0.910900,12.427167,0.115471,-15.670105,20.000000
0.620300,5,"LINK_TORSO_YAW",0.613700,0.200000,0.006600,20.000000,0.000000,0.000000,20.000000,0.000000,0.000000,0.000000,0.000000,0.012160,0.000000,0.910900,12.385372,0.115776,-15.703157,20.000000
0.620500,5,"LINK_TORSO_YAW",0.613700,0.200000,0.006800,20.000000,0.000000,0.000000,20.000000,0.000000,0.000000,0.000000,0.000000,0.012160,0.000000,0.910900,12.373380,0.115865,-15.712608,20.000000
0.620600,5,"LINK_TORSO_YAW",0.613700,0.200000,0.006900,20.000000,0.000000,0.000000,20.000000,0.000000,0.000000,0.000000,0.000000,0.012160,0.000000,0.910900,12.367378,0.115909,-15.717332,20.000000
0.620700,5,"LINK_TORSO_YAW",0.613700,0.200000,0.007000,20.000000,0.000000,0.000000,20.000000,0.000000,0.000000,0.000000,0.000000,0.012160,0.000000,0.910900,12.361372,0.115953,-15.722056,20.000000
0.621300,5,"LINK_TORSO_YAW",0.613700,0.200000,0.007600,20.000000,0.000000,0.000000,20.000000,0.000000,0.000000,0.000000,0.000000,0.012160,0.000000,0.910900,12.325252,0.116216,-15.750386,20.000000
0.621800,5,"LINK_TORSO_YAW",0.613700,0.200000,0.008100,20.000000,0.000000,0.000000,20.000000,0.000000,0.000000,0.000000,0.000000,0.012160,0.000000,0.910900,12.295025,0.116440,-15.773992,20.000000
0.621900,5,"LINK_TORSO_YAW",0.613700,0.200000,0.008200,20.000000,0.000000,0.000000,20.000000,0.000000,0.000000,0.000000,0.000000,0.012160,0.000000,0.910900,12.288968,0.116485,-15.778710,20.000000
0.622300,5,"LINK_TORSO_YAW",0.613700,0.200000,0.008600,20.000000,0.000000,0.000000,20.000000,0.000000,0.000000,0.000000,0.000000,0.012160,0.000000,0.910900,12.264698,0.116670,-15.797581,20.000000
0.622400,5,"LINK_TORSO_YAW",0.613700,0.200000,0.008700,20.000000,0.000000,0.000000,20.000000,0.000000,0.000000,0.000000,0.000000,0.012160,0.000000,0.910900,12.258618,0.116715,-15.802300,20.000000
0.622500,5,"LINK_TORSO_YAW",0.613700,0.200000,0.008800,20.000000,0.000000,0.000000,20.000000,0.000000,0.000000,0.000000,0.000000,0.012160,0.000000,0.910900,12.252531,0.116761,-15.807019,20.000000
0.622600,5,"LINK_TORSO_YAW",0.613700,0.200000,0.008900,20.000000,0.000000,0.000000,20.000000,0.000000,0.000000,0.000000,0.000000,0.012160,0.000000,0.910900,12.246439,0.116806,-15.811739,20.000000
0.623300,5,"LINK_TORSO_YAW",0.613700,0.200000,0.009600,20.000000,0.000000,0.000000,20.000000,0.000000,0.000000,0.000000,0.000000,0.012160,0.000000,0.910900,12.203676,0.117122,-15.844765,20.000000
0.623400,5,"LINK_TORSO_YAW",0.613700,0.200000,0.009700,20.000000,0.000000,0.000000,20.000000,0.000000,0.000000,0.000000,0.000000,0.012160,0.000000,0.910900,12.197551,0.117168,-15.849480,20.000000
0.623500,5,"LINK_TORSO_YAW",0.613700,0.200000,0.009800,20.000000,0.000000,0.000000,20.000000,0.000000,0.000000,0.000000,0.000000,0.012160,0.000000,0.910900,12.191421,0.117215,-15.854196,20.000000
0.624400,5,"LINK_TORSO_YAW",0.613700,0.200000,0.010700,20.000000,0.000000,0.000000,20.000000,0.000000,0.000000,0.000000,0.000000,0.012160,0.000000,0.910900,12.136021,0.117640,-15.896640,20.000000
0.624500,5,"LINK_TORSO_YAW",0.613700,0.200000,0.010800,20.000000,0.000000,0.000000,20.000000,0.000000,0.000000,0.000000,0.000000,0.012160,0.000000,0.910900,12.129845,0.117687,-15.901352,20.000000
0.624600,5,"LINK_TORSO_YAW",0.613700,0.200000,0.010900,20.000000,0.000000,0.000000,20.000000,0.000000,0.000000,0.000000,0.000000,0.012160,0.000000,0.910900,12.123664,0.117734,-15.906065,20.000000
0.624700,5,"LINK_TORSO_YAW",0.613700,0.200000,0.011000,20.000000,0.000000,0.000000,20.000000,0.000000,0.000000,0.000000,0.000000,0.012160,0.000000,0.910900,12.117478,0.117780,-15.910778,20.000000
0.624800,5,"LINK_TORSO_YAW",0.613700,0.200000,0.011100,20.000000,0.000000,0.000000,20.000000,0.000000,0.000000,0.000000,0.000000,0.012160,0.000000,0.910900,12.111287,0.117825,-15.915491,20.000000
0.624900,5,"LINK_TORSO_YAW",0.613700,0.200000,0.011200,20.000000,0.000000,0.000000,20.000000,0.000000,0.000000,0.000000,0.000000,0.012160,0.000000,0.910900,12.105089,0.117869,-15.920205,20.000000
0.625000,5,"LINK_TORSO_YAW",0.613700,0.200000,0.011300,20.000000,0.000000,0.000000,20.000000,0.000000,0.000000,0.000000,0.000000,0.012160,0.000000,0.910900,12.098885,0.117913,-15.924920,20.000000
0.625100,5,"LINK_TORSO_YAW",0.613700,0.200000,0.011400,20.000000,0.000000,0.000000,20.000000,0.000000,0.000000,0.000000,0.000000,0.012160,0.000000,0.910900,12.092679,0.117956,-15.929633,20.000000
0.628000,5,"LINK_TORSO_YAW",0.613700,0.200000,0.014300,20.000000,0.000000,0.000000,20.000000,0.000000,0.000000,0.000000,0.000000,0.012160,0.000000,0.910900,11.910719,0.119213,-16.066131,20.000000
0.628100,5,"LINK_TORSO_YAW",0.613700,0.200000,0.014400,20.000000,0.000000,0.000000,20.000000,0.000000,0.000000,0.000000,0.000000,0.012160,0.000000,0.910900,11.904375,0.119257,-16.070832,20.000000
0.628200,5,"LINK_TORSO_YAW",0.613700,0.200000,0.014500,20.000000,0.000000,0.000000,20.000000,0.000000,0.000000,0.000000,0.000000,0.012160,0.000000,0.910900,11.898027,0.119300,-16.075532,20.000000
0.628300,5,"LINK_TORSO_YAW",0.613700,0.200000,0.014600,20.000000,0.000000,0.000000,20.000000,0.000000,0.000000,0.000000,0.000000,0.012160,0.000000,0.910900,11.891673,0.119343,-16.080232,20.000000
0.628400,5,"LINK_TORSO_YAW",0.613700,0.200000,0.014700,20.000000,0.000000,0.000000,20.000000,0.000000,0.000000,0.000000,0.000000,0.012160,0.000000,0.910900,11.885314,0.119385,-16.084933,20.000000
0.628500,5,"LINK_TORSO_YAW",0.613700,0.200000,0.014800,20.000000,0.000000,0.000000,20.000000,0.000000,0.000000,0.000000,0.000000,0.012160,0.000000,0.910900,11.878949,0.119427,-16.089634,20.000000
0.628600,5,"LINK_TORSO_YAW",0.613700,0.200000,0.014900,20.000000,0.000000,0.000000,20.000000,0.000000,0.000000,0.000000,0.000000,0.012160,0.000000,0.910900,11.872577,0.119469,-16.094335,20.000000
0.628700,5,"LINK_TORSO_YAW",0.613700,0.200000,0.015000,20.000000,0.000000,0.000000,20.000000,0.000000,0.000000,0.000000,0.000000,0.012160,0.000000,0.910900,11.866203,0.119509,-16.099035,20.000000
0.628800,5,"LINK_TORSO_YAW",0.613700,0.200000,0.015100,20.000000,0.000000,0.000000,20.000000,0.000000,0.000000,0.000000,0.000000,0.012160,0.000000,0.910900,11.859827,0.119549,-16.103733,20.000000
0.628900,5,"LINK_TORSO_YAW",0.613700,0.200000,0.015200,20.000000,0.000000,0.000000,20.000000,0.000000,0.000000,0.000000,0.000000,0.012160,0.000000,0.910900,11.853446,0.119588,-16.108430,20.000000
0.629000,5,"LINK_TORSO_YAW",0.613700,0.200000,0.015300,20.000000,0.000000,0.000000,20.000000,0.000000,0.000000,0.000000,0.000000,0.012160,0.000000,0.910900,11.847062,0.119627,-16.113125,20.000000
0.631100,5,"LINK_TORSO_YAW",0.613700,0.200000,0.017400,20.000000,0.000000,0.000000,20.000000,0.000000,0.000000,0.000000,0.000000,0.012160,0.000000,0.910900,11.711892,0.120428,-16.211634,20.000000
0.631200,5,"LINK_TORSO_YAW",0.613700,0.200000,0.017500,20.000000,0.000000,0.000000,20.000000,0.000000,0.000000,0.000000,0.000000,0.012160,0.000000,0.910900,11.705406,0.120467,-16.216317,20.000000
0.631300,5,"LINK_TORSO_YAW",0.613700,0.200000,0.017600,20.000000,0.000000,0.000000,20.000000,0.000000,0.000000,0.000000,0.000000,0.012160,0.000000,0.910900,11.698917,0.120506,-16.220999,20.000000
0.631400,5,"LINK_TORSO_YAW",0.613700,0.200000,0.017700,20.000000,0.000000,0.000000,20.000000,0.000000,0.000000,0.000000,0.000000,0.012160,0.000000,0.910900,11.692424,0.120545,-16.225680,20.000000
0.631500,5,"LINK_TORSO_YAW",0.613700,0.200000,0.017800,20.000000,0.000000,0.000000,20.000000,0.000000,0.000000,0.000000,0.000000,0.012160,0.000000,0.910900,11.685926,0.120586,-16.230360,20.000000
0.632000,5,"LINK_TORSO_YAW",0.613700,0.200000,0.018300,20.000000,0.000000,0.000000,20.000000,0.000000,0.000000,0.000000,0.000000,0.012160,0.000000,0.910900,11.653356,0.120790,-16.253759,20.000000
0.632100,5,"LINK_TORSO_YAW",0.613700,0.200000,0.018400,20.000000,0.000000,0.000000,20.000000,0.000000,0.000000,0.000000,0.000000,0.012160,0.000000,0.910900,11.646824,0.120831,-16.258441,20.000000
0.632200,5,"LINK_TORSO_YAW",0.613700,0.200000,0.018500,20.000000,0.000000,0.000000,20.000000,0.000000,0.000000,0.000000,0.000000,0.012160,0.000000,0.910900,11.640288,0.120871,-16.263120,20.000000
0.632300,5,"LINK_TORSO_YAW",0.613700,0.200000,0.018600,20.000000,0.000000,0.000000,20.000000,0.000000,0.000000,0.000000,0.000000,0.012160,0.000000,0.910900,11.633750,0.120911,-16.267798,20.000000
0.632400,5,"LINK_TORSO_YAW",0.613700,0.200000,0.018700,20.000000,0.000000,0.000000,20.000000,0.000000,0.000000,0.000000,0.000000,0.012160,0.000000,0.910900,11.627209,0.120950,-16.272473,20.000000
0.634800,5,"LINK_TORSO_YAW",0.613700,0.200000,0.021100,20.000000,0.000000,0.000000,20.000000,0.000000,0.000000,0.000000,0.000000,0.012160,0.000000,0.910900,11.468869,0.121884,-16.384450,20.000000
0.634900,5,"LINK_TORSO_YAW",0.613700,0.200000,0.021200,20.000000,0.000000,0.000000,20.000000,0.000000,0.000000,0.000000,0.000000,0.012160,0.000000,0.910900,11.462218,0.121922,-16.389103,20.000000
0.635000,5,"LINK_TORSO_YAW",0.613700,0.200000,0.021300,20.000000,0.000000,0.000000,20.000000,0.000000,0.000000,0.000000,0.000000,0.012160,0.000000,0.910900,11.455561,0.121960,-16.393756,20.000000
0.635100,5,"LINK_TORSO_YAW",0.613700,0.200000,0.021400,20.000000,0.000000,0.000000,20.000000,0.000000,0.000000,0.000000,0.000000,0.012160,0.000000,0.910900,11.448900,0.121998,-16.398409,20.000000
0.635200,5,"LINK_TORSO_YAW",0.613700,0.200000,0.021500,20.000000,0.000000,0.000000,20.000000,0.000000,0.000000,0.000000,0.000000,0.012160,0.000000,0.910900,11.442232,0.122037,-16.403062,20.000000
0.635300,5,"LINK_TORSO_YAW",0.613700,0.200000,0.021600,20.000000,0.000000,0.000000,20.000000,0.000000,0.000000,0.000000,0.000000,0.012160,0.000000,0.910900,11.435557,0.122077,-16.407716,20.000000
0.635400,5,"LINK_TORSO_YAW",0.613700,0.200000,0.021700,20.000000,0.000000,0.000000,20.000000,0.000000,0.000000,0.000000,0.000000,0.012160,0.000000,0.910900,11.428876,0.122117,-16.412370,20.000000
0.636300,5,"LINK_TORSO_YAW",0.613700,0.200000,0.022600,20.000000,0.000000,0.000000,20.000000,0.000000,0.000000,0.000000,0.000000,0.012160,0.000000,0.910900,11.368583,0.122484,-16.454188,20.000000
0.636400,5,"LINK_TORSO_YAW",0.613700,0.200000,0.022700,20.000000,0.000000,0.000000,20.000000,0.000000,0.000000,0.000000,0.000000,0.012160,0.000000,0.910900,11.361859,0.122524,-16.458832,20.000000
0.637800,5,"LINK_TORSO_YAW",0.613700,0.200000,0.024100,20.000000,0.000000,0.000000,20.000000,0.000000,0.000000,0.000000,0.000000,0.012160,0.000000,0.910900,11.267196,0.123090,-16.523775,20.000000
0.637900,5,"LINK_TORSO_YAW",0.613700,0.200000,0.024200,20.000000,0.000000,0.000000,20.000000,0.000000,0.000000,0.000000,0.000000,0.012160,0.000000,0.910900,11.260394,0.123131,-16.528411,20.000000
0.638400,5,"LINK_TORSO_YAW",0.613700,0.200000,0.024700,20.000000,0.000000,0.000000,20.000000,0.000000,0.000000,0.000000,0.000000,0.012160,0.000000,0.910900,11.226341,0.123330,-16.551558,20.000000
0.638500,5,"LINK_TORSO_YAW",0.613700,0.200000,0.024800,20.000000,0.000000,0.000000,20.000000,0.000000,0.000000,0.000000,0.000000,0.012160,0.000000,0.910900,11.219518,0.123369,-16.556183,20.000000
0.638600,5,"LINK_TORSO_YAW",0.613700,0.200000,0.024900,20.000000,0.000000,0.000000,20.000000,0.000000,0.000000,0.000000,0.000000,0.012160,0.000000,0.910900,11.212691,0.123408,-16.560807,20.000000
0.638700,5,"LINK_TORSO_YAW",0.613700,0.200000,0.025000,20.000000,0.000000,0.000000,20.000000,0.000000,0.000000,0.000000,0.000000,0.012160,0.000000,0.910900,11.205859,0.123446,-16.565430,20.000000
0.638800,5,"LINK_TORSO_YAW",0.613700,0.200000,0.025100,20.000000,0.000000,0.000000,20.000000,0.000000,0.000000,0.000000,0.000000,0.012160,0.000000,0.910900,11.199021,0.123484,-16.570054,20.000000
0.639200,5,"LINK_TORSO_YAW",0.613700,0.200000,0.025500,20.000000,0.000000,0.000000,20.000000,0.000000,0.000000,0.000000,0.000000,0.012160,0.000000,0.910900,11.171611,0.123634,-16.588545,20.000000
0.639300,5,"LINK_TORSO_YAW",0.613700,0.200000,0.025600,20.000000,0.000000,0.000000,20.000000,0.000000,0.000000,0.000000,0.000000,0.012160,0.000000,0.910900,11.164748,0.123671,-16.593164,20.000000
0.640800,5,"LINK_TORSO_YAW",0.613700,0.200000,0.027100,20.000000,0.000000,0.000000,20.000000,0.000000,0.000000,0.000000,0.000000,0.012160,0.000000,0.910900,11.061260,0.124219,-16.662326,20.000000
0.640900,5,"LINK_TORSO_YAW",0.613700,0.200000,0.027200,20.000000,0.000000,0.000000,20.000000,0.000000,0.000000,0.000000,0.000000,0.012160,0.000000,0.910900,11.054325,0.124255,-16.666927,20.000000
0.641800,5,"LINK_TORSO_YAW",0.613700,0.200000,0.028100,20.000000,0.000000,0.000000,20.000000,0.000000,0.000000,0.000000,0.000000,0.012160,0.000000,0.910900,10.991701,0.124575,-16.708291,20.000000
0.641900,5,"LINK_TORSO_YAW",0.613700,0.200000,0.028200,20.000000,0.000000,0.000000,20.000000,0.000000,0.000000,0.000000,0.000000,0.012160,0.000000,0.910900,10.984723,0.124610,-16.712879,20.000000
0.642000,5,"LINK_TORSO_YAW",0.613700,0.200000,0.028300,20.000000,0.000000,0.000000,20.000000,0.000000,0.000000,0.000000,0.000000,0.012160,0.000000,0.910900,10.977740,0.124644,-16.717466,20.000000
0.642100,5,"LINK_TORSO_YAW",0.613700,0.200000,0.028400,20.000000,0.000000,0.000000,20.000000,0.000000,0.000000,0.000000,0.000000,0.012160,0.000000,0.910900,10.970753,0.124677,-16.722052,20.000000
0.642300,5,"LINK_TORSO_YAW",0.613700,0.200000,0.028600,20.000000,0.000000,0.000000,20.000000,0.000000,0.000000,0.000000,0.000000,0.012160,0.000000,0.910900,10.956761,0.124742,-16.731223,20.000000
0.642400,5,"LINK_TORSO_YAW",0.613700,0.200000,0.028700,20.000000,0.000000,0.000000,20.000000,0.000000,0.000000,0.000000,0.000000,0.012160,0.000000,0.910900,10.949755,0.124775,-16.735809,20.000000
0.643800,5,"LINK_TORSO_YAW",0.613700,0.200000,0.030100,20.000000,0.000000,0.000000,20.000000,0.000000,0.000000,0.000000,0.000000,0.012160,0.000000,0.910900,10.851242,0.125213,-16.799847,20.000000
0.643900,5,"LINK_TORSO_YAW",0.613700,0.200000,0.030200,20.000000,0.000000,0.000000,20.000000,0.000000,0.000000,0.000000,0.000000,0.012160,0.000000,0.910900,10.844171,0.125244,-16.804412,20.000000
0.644000,5,"LINK_TORSO_YAW",0.613700,0.200000,0.030300,20.000000,0.000000,0.000000,20.000000,0.000000,0.000000,0.000000,0.000000,0.012160,0.000000,0.910900,10.837096,0.125275,-16.808976,20.000000
0.644100,5,"LINK_TORSO_YAW",0.613700,0.200000,0.030400,20.000000,0.000000,0.000000,20.000000,0.000000,0.000000,0.000000,0.000000,0.012160,0.000000,0.910900,10.830017,0.125306,-16.813537,20.000000
0.645400,5,"LINK_TORSO_YAW",0.613700,0.200000,0.031700,20.000000,0.000000,0.000000,20.000000,0.000000,0.000000,0.000000,0.000000,0.012160,0.000000,0.910900,10.737551,0.125721,-16.872735,20.000000
0.645500,5,"LINK_TORSO_YAW",0.613700,0.200000,0.031800,20.000000,0.000000,0.000000,20.000000,0.000000,0.000000,0.000000,0.000000,0.012160,0.000000,0.910900,10.730407,0.125752,-16.877279,20.000000
0.646700,5,"LINK_TORSO_YAW",0.613700,0.200000,0.033000,20.000000,0.000000,0.000000,20.000000,0.000000,0.000000,0.000000,0.000000,0.012160,0.000000,0.910900,10.644314,0.126121,-16.931706,20.000000
0.646800,5,"LINK_TORSO_YAW",0.613700,0.200000,0.033100,20.000000,0.000000,0.000000,20.000000,0.000000,0.000000,0.000000,0.000000,0.012160,0.000000,0.910900,10.637108,0.126153,-16.936234,20.000000
0.646900,5,"LINK_TORSO_YAW",0.613700,0.200000,0.033200,20.000000,0.000000,0.000000,20.000000,0.000000,0.000000,0.000000,0.000000,0.012160,0.000000,0.910900,10.629899,0.126185,-16.940759,20.000000
0.647000,5,"LINK_TORSO_YAW",0.613700,0.200000,0.033300,20.000000,0.000000,0.000000,20.000000,0.000000,0.000000,0.000000,0.000000,0.012160,0.000000,0.910900,10.622687,0.126218,-16.945282,20.000000
0.647100,5,"LINK_TORSO_YAW",0.613700,0.200000,0.033400,20.000000,0.000000,0.000000,20.000000,0.000000,0.000000,0.000000,0.000000,0.012160,0.000000,0.910900,10.615473,0.126250,-16.949802,20.000000
0.647200,5,"LINK_TORSO_YAW",0.613700,0.200000,0.033500,20.000000,0.000000,0.000000,20.000000,0.000000,0.000000,0.000000,0.000000,0.012160,0.000000,0.910900,10.608254,0.126281,-16.954321,20.000000
0.648700,5,"LINK_TORSO_YAW",0.613700,0.200000,0.035000,20.000000,0.000000,0.000000,20.000000,0.000000,0.000000,0.000000,0.000000,0.012160,0.000000,0.910900,10.499360,0.126750,-17.021967,20.000000
0.648800,5,"LINK_TORSO_YAW",0.613700,0.200000,0.035100,20.000000,0.000000,0.000000,20.000000,0.000000,0.000000,0.000000,0.000000,0.012160,0.000000,0.910900,10.492064,0.126781,-17.026466,20.000000
0.648900,5,"LINK_TORSO_YAW",0.613700,0.200000,0.035200,20.000000,0.000000,0.000000,20.000000,0.000000,0.000000,0.000000,0.000000,0.012160,0.000000,0.910900,10.484762,0.126811,-17.030962,20.000000
0.649000,5,"LINK_TORSO_YAW",0.613700,0.200000,0.035300,20.000000,0.000000,0.000000,20.000000,0.000000,0.000000,0.000000,0.000000,0.012160,0.000000,0.910900,10.477455,0.126839,-17.035458,20.000000
0.650100,5,"LINK_TORSO_YAW",0.613700,0.200000,0.036400,20.000000,0.000000,0.000000,20.000000,0.000000,0.000000,0.000000,0.000000,0.012160,0.000000,0.910900,10.396761,0.127145,-17.084823,20.000000
0.650200,5,"LINK_TORSO_YAW",0.613700,0.200000,0.036500,20.000000,0.000000,0.000000,20.000000,0.000000,0.000000,0.000000,0.000000,0.012160,0.000000,0.910900,10.389398,0.127172,-17.089302,20.000000
0.650300,5,"LINK_TORSO_YAW",0.613700,0.200000,0.036600,20.000000,0.000000,0.000000,20.000000,0.000000,0.000000,0.000000,0.000000,0.012160,0.000000,0.910900,10.382028,0.127199,-17.093780,20.000000
0.650400,5,"LINK_TORSO_YAW",0.613700,0.200000,0.036700,20.000000,0.000000,0.000000,20.000000,0.000000,0.000000,0.000000,0.000000,0.012160,0.000000,0.910900,10.374651,0.127225,-17.098258,20.000000
0.652100,5,"LINK_TORSO_YAW",0.613700,0.200000,0.038400,20.000000,0.000000,0.000000,20.000000,0.000000,0.000000,0.000000,0.000000,0.012160,0.000000,0.910900,10.248578,0.127656,-17.174119,20.000000
0.652200,5,"LINK_TORSO_YAW",0.613700,0.200000,0.038500,20.000000,0.000000,0.000000,20.000000,0.000000,0.000000,0.000000,0.000000,0.012160,0.000000,0.910900,10.241124,0.127682,-17.178565,20.000000
0.652300,5,"LINK_TORSO_YAW",0.613700,0.200000,0.038600,20.000000,0.000000,0.000000,20.000000,0.000000,0.000000,0.000000,0.000000,0.012160,0.000000,0.910900,10.233664,0.127709,-17.183009,20.000000
0.652400,5,"LINK_TORSO_YAW",0.613700,0.200000,0.038700,20.000000,0.000000,0.000000,20.000000,0.000000,0.000000,0.000000,0.000000,0.012160,0.000000,0.910900,10.226200,0.127737,-17.187452,20.000000
0.652500,5,"LINK_TORSO_YAW",0.613700,0.200000,0.038800,20.000000,0.000000,0.000000,20.000000,0.000000,0.000000,0.000000,0.000000,0.012160,0.000000,0.910900,10.218731,0.127767,-17.191894,20.000000
0.652600,5,"LINK_TORSO_YAW",0.613700,0.200000,0.038900,20.000000,0.000000,0.000000,20.000000,0.000000,0.000000,0.000000,0.000000,0.012160,0.000000,0.910900,10.211255,0.127797,-17.196335,20.000000
0.652700,5,"LINK_TORSO_YAW",0.613700,0.200000,0.039000,20.000000,0.000000,0.000000,20.000000,0.000000,0.000000,0.000000,0.000000,0.012160,0.000000,0.910900,10.203773,0.127830,-17.200775,20.000000
0.652800,5,"LINK_TORSO_YAW",0.613700,0.200000,0.039100,20.000000,0.000000,0.000000,20.000000,0.000000,0.000000,0.000000,0.000000,0.012160,0.000000,0.910900,10.196285,0.127863,-17.205215,20.000000
0.652900,5,"LINK_TORSO_YAW",0.613700,0.200000,0.039200,20.000000,0.000000,0.000000,20.000000,0.000000,0.000000,0.000000,0.000000,0.012160,0.000000,0.910900,10.188795,0.127895,-17.209651,20.000000
0.655000,5,"LINK_TORSO_YAW",0.613700,0.200000,0.041300,20.000000,0.000000,0.000000,20.000000,0.000000,0.000000,0.000000,0.000000,0.012160,0.000000,0.910900,10.030465,0.128579,-17.302406,20.000000
0.655100,5,"LINK_TORSO_YAW",0.613700,0.200000,0.041400,20.000000,0.000000,0.000000,20.000000,0.000000,0.000000,0.000000,0.000000,0.012160,0.000000,0.910900,10.022870,0.128611,-17.306806,20.000000
0.656700,5,"LINK_TORSO_YAW",0.613700,0.200000,0.043000,20.000000,0.000000,0.000000,20.000000,0.000000,0.000000,0.000000,0.000000,0.012160,0.000000,0.910900,9.900748,0.129119,-17.376954,20.000000
0.656800,5,"LINK_TORSO_YAW",0.613700,0.200000,0.043100,20.000000,0.000000,0.000000,20.000000,0.000000,0.000000,0.000000,0.000000,0.012160,0.000000,0.910900,9.893077,0.129150,-17.381322,20.000000
0.658800,5,"LINK_TORSO_YAW",0.613700,0.200000,0.045100,20.000000,0.000000,0.000000,20.000000,0.000000,0.000000,0.000000,0.000000,0.012160,0.000000,0.910900,9.738636,0.129753,-17.468318,20.000000
0.658900,5,"LINK_TORSO_YAW",0.613700,0.200000,0.045200,20.000000,0.000000,0.000000,20.000000,0.000000,0.000000,0.000000,0.000000,0.012160,0.000000,0.910900,9.730862,0.129784,-17.472650,20.000000
0.659000,5,"LINK_TORSO_YAW",0.613700,0.200000,0.045300,20.000000,0.000000,0.000000,20.000000,0.000000,0.000000,0.000000,0.000000,0.012160,0.000000,0.910900,9.723086,0.129814,-17.476978,20.000000
0.659100,5,"LINK_TORSO_YAW",0.613700,0.200000,0.045400,20.000000,0.000000,0.000000,20.000000,0.000000,0.000000,0.000000,0.000000,0.012160,0.000000,0.910900,9.715307,0.129845,-17.481303,20.000000
0.659200,5,"LINK_TORSO_YAW",0.613700,0.200000,0.045500,20.000000,0.000000,0.000000,20.000000,0.000000,0.000000,0.000000,0.000000,0.012160,0.000000,0.910900,9.707525,0.129876,-17.485625,20.000000
0.659300,5,"LINK_TORSO_YAW",0.613700,0.200000,0.045600,20.000000,0.000000,0.000000,20.000000,0.000000,0.000000,0.000000,0.000000,0.012160,0.000000,0.910900,9.699739,0.129909,-17.489945,20.000000
0.659400,5,"LINK_TORSO_YAW",0.613700,0.200000,0.045700,20.000000,0.000000,0.000000,20.000000,0.000000,0.000000,0.000000,0.000000,0.012160,0.000000,0.910900,9.691949,0.129943,-17.494263,20.000000
0.661900,5,"LINK_TORSO_YAW",0.613700,0.200000,0.048200,20.000000,0.000000,0.000000,20.000000,0.000000,0.000000,0.000000,0.000000,0.012160,0.000000,0.910900,9.495603,0.130845,-17.601602,20.000000
0.662000,5,"LINK_TORSO_YAW",0.613700,0.200000,0.048300,20.000000,0.000000,0.000000,20.000000,0.000000,0.000000,0.000000,0.000000,0.012160,0.000000,0.910900,9.487689,0.130881,-17.605869,20.000000
0.662100,5,"LINK_TORSO_YAW",0.613700,0.200000,0.048400,20.000000,0.000000,0.000000,20.000000,0.000000,0.000000,0.000000,0.000000,0.012160,0.000000,0.910900,9.479770,0.130916,-17.610134,20.000000
0.662200,5,"LINK_TORSO_YAW",0.613700,0.200000,0.048500,20.000000,0.000000,0.000000,20.000000,0.000000,0.000000,0.000000,0.000000,0.012160,0.000000,0.910900,9.471845,0.130951,-17.614398,20.000000
0.664500,5,"LINK_TORSO_YAW",0.613700,0.200000,0.050800,20.000000,0.000000,0.000000,20.000000,0.000000,0.000000,0.000000,0.000000,0.012160,0.000000,0.910900,9.288369,0.131716,-17.711828,20.000000
0.664700,5,"LINK_TORSO_YAW",0.613700,0.200000,0.051000,20.000000,0.000000,0.000000,20.000000,0.000000,0.000000,0.000000,0.000000,0.012160,0.000000,0.910900,9.272298,0.131784,-17.720246,20.000000
0.665500,5,"LINK_TORSO_YAW",0.613700,0.200000,0.051800,20.000000,0.000000,0.000000,20.000000,0.000000,0.000000,0.000000,0.000000,0.012160,0.000000,0.910900,9.207850,0.132063,-17.753818,20.000000
0.665600,5,"LINK_TORSO_YAW",0.613700,0.200000,0.051900,20.000000,0.000000,0.000000,20.000000,0.000000,0.000000,0.000000,0.000000,0.012160,0.000000,0.910900,9.199768,0.132098,-17.758007,20.000000
0.665700,5,"LINK_TORSO_YAW",0.613700,0.200000,0.052000,20.000000,0.000000,0.000000,20.000000,0.000000,0.000000,0.000000,0.000000,0.012160,0.000000,0.910900,9.191679,0.132132,-17.762195,20.000000
0.665800,5,"LINK_TORSO_YAW",0.613700,0.200000,0.052100,20.000000,0.000000,0.000000,20.000000,0.000000,0.000000,0.000000,0.000000,0.012160,0.000000,0.910900,9.183588,0.132165,-17.766380,20.000000
0.665900,5,"LINK_TORSO_YAW",0.613700,0.200000,0.052200,20.000000,0.000000,0.000000,20.000000,0.000000,0.000000,0.000000,0.000000,0.012160,0.000000,0.910900,9.175494,0.132198,-17.770561,20.000000
0.666000,5,"LINK_TORSO_YAW",0.613700,0.200000,0.052300,20.000000,0.000000,0.000000,20.000000,0.000000,0.000000,0.000000,0.000000,0.012160,0.000000,0.910900,9.167396,0.132230,-17.774739,20.000000
0.666100,5,"LINK_TORSO_YAW",0.613700,0.200000,0.052400,20.000000,0.000000,0.000000,20.000000,0.000000,0.000000,0.000000,0.000000,0.012160,0.000000,0.910900,9.159295,0.132261,-17.778915,20.000000
0.666800,5,"LINK_TORSO_YAW",0.613700,0.200000,0.053100,20.000000,0.000000,0.000000,20.000000,0.000000,0.000000,0.000000,0.000000,0.012160,0.000000,0.910900,9.102446,0.132476,-17.808086,20.000000
0.666900,5,"LINK_TORSO_YAW",0.613700,0.200000,0.053200,20.000000,0.000000,0.000000,20.000000,0.000000,0.000000,0.000000,0.000000,0.012160,0.000000,0.910900,9.094300,0.132508,-17.812247,20.000000
0.669200,5,"LINK_TORSO_YAW",0.613700,0.200000,0.055500,20.000000,0.000000,0.000000,20.000000,0.000000,0.000000,0.000000,0.000000,0.012160,0.000000,0.910900,8.905772,0.133260,-17.907246,20.000000
0.669300,5,"LINK_TORSO_YAW",0.613700,0.200000,0.055600,20.000000,0.000000,0.000000,20.000000,0.000000,0.000000,0.000000,0.000000,0.012160,0.000000,0.910900,8.897516,0.133294,-17.911350,20.000000
0.669700,5,"LINK_TORSO_YAW",0.613700,0.200000,0.056000,20.000000,0.000000,0.000000,20.000000,0.000000,0.000000,0.000000,0.000000,0.012160,0.000000,0.910900,8.864459,0.133433,-17.927732,20.000000
0.669800,5,"LINK_TORSO_YAW",0.613700,0.200000,0.056100,20.000000,0.000000,0.000000,20.000000,0.000000,0.000000,0.000000,0.000000,0.012160,0.000000,0.910900,8.856185,0.133466,-17.931820,20.000000
0.670100,5,"LINK_TORSO_YAW",0.613700,0.200000,0.056400,20.000000,0.000000,0.000000,20.000000,0.000000,0.000000,0.000000,0.000000,0.012160,0.000000,0.910900,8.831334,0.133564,-17.944072,20.000000
0.670200,5,"LINK_TORSO_YAW",0.613700,0.200000,0.056500,20.000000,0.000000,0.000000,20.000000,0.000000,0.000000,0.000000,0.000000,0.012160,0.000000,0.910900,8.823038,0.133598,-17.948152,20.000000
0.670300,5,"LINK_TORSO_YAW",0.613700,0.200000,0.056600,20.000000,0.000000,0.000000,20.000000,0.000000,0.000000,0.000000,0.000000,0.012160,0.000000,0.910900,8.814737,0.133633,-17.952230,20.000000
0.670400,5,"LINK_TORSO_YAW",0.613700,0.200000,0.056700,20.000000,0.000000,0.000000,20.000000,0.000000,0.000000,0.000000,0.000000,0.012160,0.000000,0.910900,8.806433,0.133670,-17.956304,20.000000
0.672000,5,"LINK_TORSO_YAW",0.613700,0.200000,0.058300,20.000000,0.000000,0.000000,20.000000,0.000000,0.000000,0.000000,0.000000,0.012160,0.000000,0.910900,8.673012,0.134281,-18.021122,20.000000
0.672100,5,"LINK_TORSO_YAW",0.613700,0.200000,0.058400,20.000000,0.000000,0.000000,20.000000,0.000000,0.000000,0.000000,0.000000,0.012160,0.000000,0.910900,8.664636,0.134319,-18.025150,20.000000
0.674100,5,"LINK_TORSO_YAW",0.613700,0.200000,0.060400,20.000000,0.000000,0.000000,20.000000,0.000000,0.000000,0.000000,0.000000,0.012160,0.000000,0.910900,8.496086,0.135057,-18.105200,20.000000
0.674200,5,"LINK_TORSO_YAW",0.613700,0.200000,0.060500,20.000000,0.000000,0.000000,20.000000,0.000000,0.000000,0.000000,0.000000,0.012160,0.000000,0.910900,8.487612,0.135093,-18.109174,20.000000
0.674600,5,"LINK_TORSO_YAW",0.613700,0.200000,0.060900,20.000000,0.000000,0.000000,20.000000,0.000000,0.000000,0.000000,0.000000,0.012160,0.000000,0.910900,8.453671,0.135233,-18.125042,20.000000
0.674700,5,"LINK_TORSO_YAW",0.613700,0.200000,0.061000,20.000000,0.000000,0.000000,20.000000,0.000000,0.000000,0.000000,0.000000,0.012160,0.000000,0.910900,8.445173,0.135269,-18.129003,20.000000
0.674800,5,"LINK_TORSO_YAW",0.613700,0.200000,0.061100,20.000000,0.000000,0.000000,20.000000,0.000000,0.000000,0.000000,0.000000,0.012160,0.000000,0.910900,8.436669,0.135307,-18.132962,20.000000
0.674900,5,"LINK_TORSO_YAW",0.613700,0.200000,0.061200,20.000000,0.000000,0.000000,20.000000,0.000000,0.000000,0.000000,0.000000,0.012160,0.000000,0.910900,8.428159,0.135346,-18.136918,20.000000
0.676200,5,"LINK_TORSO_YAW",0.613700,0.200000,0.062500,20.000000,0.000000,0.000000,20.000000,0.000000,0.000000,0.000000,0.000000,0.012160,0.000000,0.910900,8.317173,0.135877,-18.188078,20.000000
0.676300,5,"LINK_TORSO_YAW",0.613700,0.200000,0.062600,20.000000,0.000000,0.000000,20.000000,0.000000,0.000000,0.000000,0.000000,0.012160,0.000000,0.910900,8.308602,0.135917,-18.191994,20.000000
0.678600,5,"LINK_TORSO_YAW",0.613700,0.200000,0.064900,20.000000,0.000000,0.000000,20.000000,0.000000,0.000000,0.000000,0.000000,0.012160,0.000000,0.910900,8.110177,0.136824,-18.281310,20.000000
0.678700,5,"LINK_TORSO_YAW",0.613700,0.200000,0.065000,20.000000,0.000000,0.000000,20.000000,0.000000,0.000000,0.000000,0.000000,0.012160,0.000000,0.910900,8.101485,0.136863,-18.285164,20.000000
0.679000,5,"LINK_TORSO_YAW",0.613700,0.200000,0.065300,20.000000,0.000000,0.000000,20.000000,0.000000,0.000000,0.000000,0.000000,0.012160,0.000000,0.910900,8.075395,0.136976,-18.296700,20.000000
0.679100,5,"LINK_TORSO_YAW",0.613700,0.200000,0.065400,20.000000,0.000000,0.000000,20.000000,0.000000,0.000000,0.000000,0.000000,0.012160,0.000000,0.910900,8.066692,0.137015,-18.300538,20.000000
0.679200,5,"LINK_TORSO_YAW",0.613700,0.200000,0.065500,20.000000,0.000000,0.000000,20.000000,0.000000,0.000000,0.000000,0.000000,0.012160,0.000000,0.910900,8.057986,0.137055,-18.304373,20.000000
0.679300,5,"LINK_TORSO_YAW",0.613700,0.200000,0.065600,20.000000,0.000000,0.000000,20.000000,0.000000,0.000000,0.000000,0.000000,0.012160,0.000000,0.910900,8.049275,0.137097,-18.308205,20.000000
0.680500,5,"LINK_TORSO_YAW",0.613700,0.200000,0.066800,20.000000,0.000000,0.000000,20.000000,0.000000,0.000000,0.000000,0.000000,0.012160,0.000000,0.910900,7.944387,0.137621,-18.353958,20.000000
0.680600,5,"LINK_TORSO_YAW",0.613700,0.200000,0.066900,20.000000,0.000000,0.000000,20.000000,0.000000,0.000000,0.000000,0.000000,0.012160,0.000000,0.910900,7.935619,0.137664,-18.357751,20.000000
0.682900,5,"LINK_TORSO_YAW",0.613700,0.200000,0.069200,20.000000,0.000000,0.000000,20.000000,0.000000,0.000000,0.000000,0.000000,0.012160,0.000000,0.910900,7.732594,0.138635,-18.444180,20.000000
0.683000,5,"LINK_TORSO_YAW",0.613700,0.200000,0.069300,20.000000,0.000000,0.000000,20.000000,0.000000,0.000000,0.000000,0.000000,0.012160,0.000000,0.910900,7.723714,0.138677,-18.447900,20.000000
0.683100,5,"LINK_TORSO_YAW",0.613700,0.200000,0.069400,20.000000,0.000000,0.000000,20.000000,0.000000,0.000000,0.000000,0.000000,0.012160,0.000000,0.910900,7.714828,0.138718,-18.451618,20.000000
0.683200,5,"LINK_TORSO_YAW",0.613700,0.200000,0.069500,20.000000,0.000000,0.000000,20.000000,0.000000,0.000000,0.000000,0.000000,0.012160,0.000000,0.910900,7.705936,0.138758,-18.455332,20.000000
0.685300,5,"LINK_TORSO_YAW",0.613700,0.200000,0.071600,20.000000,0.000000,0.000000,20.000000,0.000000,0.000000,0.000000,0.000000,0.012160,0.000000,0.910900,7.518193,0.139548,-18.532601,20.000000
0.685400,5,"LINK_TORSO_YAW",0.613700,0.200000,0.071700,20.000000,0.000000,0.000000,20.000000,0.000000,0.000000,0.000000,0.000000,0.012160,0.000000,0.910900,7.509204,0.139584,-18.536245,20.000000
0.687300,5,"LINK_TORSO_YAW",0.613700,0.200000,0.073600,20.000000,0.000000,0.000000,20.000000,0.000000,0.000000,0.000000,0.000000,0.012160,0.000000,0.910900,7.337534,0.140238,-18.604863,20.000000
0.687400,5,"LINK_TORSO_YAW",0.613700,0.200000,0.073700,20.000000,0.000000,0.000000,20.000000,0.000000,0.000000,0.000000,0.000000,0.012160,0.000000,0.910900,7.328456,0.140273,-18.608441,20.000000
0.687500,5,"LINK_TORSO_YAW",0.613700,0.200000,0.073800,20.000000,0.000000,0.000000,20.000000,0.000000,0.000000,0.000000,0.000000,0.012160,0.000000,0.910900,7.319374,0.140310,-18.612014,20.000000
0.687600,5,"LINK_TORSO_YAW",0.613700,0.200000,0.073900,20.000000,0.000000,0.000000,20.000000,0.000000,0.000000,0.000000,0.000000,0.012160,0.000000,0.910900,7.310289,0.140349,-18.615584,20.000000
0.687800,5,"LINK_TORSO_YAW",0.613700,0.200000,0.074100,20.000000,0.000000,0.000000,20.000000,0.000000,0.000000,0.000000,0.000000,0.012160,0.000000,0.910900,7.292102,0.140429,-18.622715,20.000000
0.687900,5,"LINK_TORSO_YAW",0.613700,0.200000,0.074200,20.000000,0.000000,0.000000,20.000000,0.000000,0.000000,0.000000,0.000000,0.012160,0.000000,0.910900,7.283001,0.140468,-18.626276,20.000000
0.689800,5,"LINK_TORSO_YAW",0.613700,0.200000,0.076100,20.000000,0.000000,0.000000,20.000000,0.000000,0.000000,0.000000,0.000000,0.012160,0.000000,0.910900,7.109200,0.141185,-18.693297,20.000000
0.689900,5,"LINK_TORSO_YAW",0.613700,0.200000,0.076200,20.000000,0.000000,0.000000,20.000000,0.000000,0.000000,0.000000,0.000000,0.012160,0.000000,0.910900,7.100009,0.141222,-18.696789,20.000000
0.692100,5,"LINK_TORSO_YAW",0.613700,0.200000,0.078400,20.000000,0.000000,0.000000,20.000000,0.000000,0.000000,0.000000,0.000000,0.012160,0.000000,0.910900,6.896589,0.141989,-18.772770,20.000000
0.692200,5,"LINK_TORSO_YAW",0.613700,0.200000,0.078500,20.000000,0.000000,0.000000,20.000000,0.000000,0.000000,0.000000,0.000000,0.012160,0.000000,0.910900,6.887290,0.142025,-18.776183,20.000000
0.692300,5,"LINK_TORSO_YAW",0.613700,0.200000,0.078600,20.000000,0.000000,0.000000,20.000000,0.000000,0.000000,0.000000,0.000000,0.012160,0.000000,0.910900,6.877988,0.142063,-18.779593,20.000000
0.692600,5,"LINK_TORSO_YAW",0.613700,0.200000,0.078900,20.000000,0.000000,0.000000,20.000000,0.000000,0.000000,0.000000,0.000000,0.012160,0.000000,0.910900,6.850059,0.142182,-18.789797,20.000000
0.692700,5,"LINK_TORSO_YAW",0.613700,0.200000,0.079000,20.000000,0.000000,0.000000,20.000000,0.000000,0.000000,0.000000,0.000000,0.012160,0.000000,0.910900,6.840740,0.142221,-18.793192,20.000000
0.694600,5,"LINK_TORSO_YAW",0.613700,0.200000,0.080900,20.000000,0.000000,0.000000,20.000000,0.000000,0.000000,0.000000,0.000000,0.012160,0.000000,0.910900,6.662821,0.142923,-18.856998,20.000000
0.694700,5,"LINK_TORSO_YAW",0.613700,0.200000,0.081000,20.000000,0.000000,0.000000,20.000000,0.000000,0.000000,0.000000,0.000000,0.012160,0.000000,0.910900,6.653413,0.142959,-18.860320,20.000000
0.695100,5,"LINK_TORSO_YAW",0.613700,0.200000,0.081400,20.000000,0.000000,0.000000,20.000000,0.000000,0.000000,0.000000,0.000000,0.012160,0.000000,0.910900,6.615741,0.143095,-18.873566,20.000000
0.695200,5,"LINK_TORSO_YAW",0.613700,0.200000,0.081500,20.000000,0.000000,0.000000,20.000000,0.000000,0.000000,0.000000,0.000000,0.012160,0.000000,0.910900,6.606311,0.143131,-18.876868,20.000000
0.697400,5,"LINK_TORSO_YAW",0.613700,0.200000,0.083700,20.000000,0.000000,0.000000,20.000000,0.000000,0.000000,0.000000,0.000000,0.012160,0.000000,0.910900,6.397717,0.143962,-18.948575,20.000000
0.697500,5,"LINK_TORSO_YAW",0.613700,0.200000,0.083800,20.000000,0.000000,0.000000,20.000000,0.000000,0.000000,0.000000,0.000000,0.012160,0.000000,0.910900,6.388187,0.144001,-18.951790,20.000000
0.697600,5,"LINK_TORSO_YAW",0.613700,0.200000,0.083900,20.000000,0.000000,0.000000,20.000000,0.000000,0.000000,0.000000,0.000000,0.012160,0.000000,0.910900,6.378653,0.144041,-18.955000,20.000000
0.697700,5,"LINK_TORSO_YAW",0.613700,0.200000,0.084000,20.000000,0.000000,0.000000,20.000000,0.000000,0.000000,0.000000,0.000000,0.012160,0.000000,0.910900,6.369113,0.144079,-18.958208,20.000000
0.698800,5,"LINK_TORSO_YAW",0.613700,0.200000,0.085100,20.000000,0.000000,0.000000,20.000000,0.000000,0.000000,0.000000,0.000000,0.012160,0.000000,0.910900,6.263903,0.144484,-18.993226,20.000000
0.700600,5,"LINK_TORSO_YAW",0.613700,0.200000,0.086900,20.000000,0.000000,0.000000,20.000000,0.000000,0.000000,0.000000,0.000000,0.012160,0.000000,0.910900,6.090624,0.145133,-19.049494,20.000000
0.700700,5,"LINK_TORSO_YAW",0.613700,0.200000,0.087000,20.000000,0.000000,0.000000,20.000000,0.000000,0.000000,0.000000,0.000000,0.012160,0.000000,0.910900,6.080959,0.145169,-19.052582,20.000000
0.702000,5,"LINK_TORSO_YAW",0.613700,0.200000,0.088300,20.000000,0.000000,0.000000,20.000000,0.000000,0.000000,0.000000,0.000000,0.012160,0.000000,0.910900,5.954881,0.145620,-19.092360,20.000000
0.702100,5,"LINK_TORSO_YAW",0.613700,0.200000,0.088400,20.000000,0.000000,0.000000,20.000000,0.000000,0.000000,0.000000,0.000000,0.012160,0.000000,0.910900,5.945155,0.145653,-19.095390,20.000000
0.702200,5,"LINK_TORSO_YAW",0.613700,0.200000,0.088500,20.000000,0.000000,0.000000,20.000000,0.000000,0.000000,0.000000,0.000000,0.012160,0.000000,0.910900,5.935424,0.145685,-19.098417,20.000000
0.702300,5,"LINK_TORSO_YAW",0.613700,0.200000,0.088600,20.000000,0.000000,0.000000,20.000000,0.000000,0.000000,0.000000,0.000000,0.012160,0.000000,0.910900,5.925689,0.145716,-19.101439,20.000000
0.703700,5,"LINK_TORSO_YAW",0.613700,0.200000,0.090000,20.000000,0.000000,0.000000,20.000000,0.000000,0.000000,0.000000,0.000000,0.012160,0.000000,0.910900,5.788966,0.146115,-19.143315,20.000000
0.703800,5,"LINK_TORSO_YAW",0.613700,0.200000,0.090100,20.000000,0.000000,0.000000,20.000000,0.000000,0.000000,0.000000,0.000000,0.012160,0.000000,0.910900,5.779166,0.146145,-19.146276,20.000000
0.703900,5,"LINK_TORSO_YAW",0.613700,0.200000,0.090200,20.000000,0.000000,0.000000,20.000000,0.000000,0.000000,0.000000,0.000000,0.012160,0.000000,0.910900,5.769364,0.146177,-19.149232,20.000000
0.707800,5,"LINK_TORSO_YAW",0.613700,0.200000,0.094100,20.000000,0.000000,0.000000,20.000000,0.000000,0.000000,0.000000,0.000000,0.012160,0.000000,0.910900,5.383895,0.147496,-19.261150,20.000000
0.707900,5,"LINK_TORSO_YAW",0.613700,0.200000,0.094200,20.000000,0.000000,0.000000,20.000000,0.000000,0.000000,0.000000,0.000000,0.012160,0.000000,0.910900,5.373931,0.147528,-19.263933,20.000000
0.708000,5,"LINK_TORSO_YAW",0.613700,0.200000,0.094300,20.000000,0.000000,0.000000,20.000000,0.000000,0.000000,0.000000,0.000000,0.012160,0.000000,0.910900,5.363962,0.147560,-19.266711,20.000000
0.708100,5,"LINK_TORSO_YAW",0.613700,0.200000,0.094400,20.000000,0.000000,0.000000,20.000000,0.000000,0.000000,0.000000,0.000000,0.012160,0.000000,0.910900,5.353988,0.147591,-19.269484,20.000000
0.708200,5,"LINK_TORSO_YAW",0.613700,0.200000,0.094500,20.000000,0.000000,0.000000,20.000000,0.000000,0.000000,0.000000,0.000000,0.012160,0.000000,0.910900,5.344009,0.147620,-19.272254,20.000000
0.708300,5,"LINK_TORSO_YAW",0.613700,0.200000,0.094600,20.000000,0.000000,0.000000,20.000000,0.000000,0.000000,0.000000,0.000000,0.012160,0.000000,0.910900,5.334025,0.147649,-19.275020,20.000000
0.708400,5,"LINK_TORSO_YAW",0.613700,0.200000,0.094700,20.000000,0.000000,0.000000,20.000000,0.000000,0.000000,0.000000,0.000000,0.012160,0.000000,0.910900,5.324035,0.147681,-19.277781,20.000000
0.708500,5,"LINK_TORSO_YAW",0.613700,0.200000,0.094800,20.000000,0.000000,0.000000,20.000000,0.000000,0.000000,0.000000,0.000000,0.012160,0.000000,0.910900,5.314045,0.147714,-19.280537,20.000000
0.714500,5,"LINK_TORSO_YAW",0.613700,0.200000,0.100800,20.000000,0.000000,0.000000,20.000000,0.000000,0.000000,0.000000,0.000000,0.012160,0.000000,0.910900,4.707328,0.149897,-19.437556,20.000000
0.714600,5,"LINK_TORSO_YAW",0.613700,0.200000,0.100900,20.000000,0.000000,0.000000,20.000000,0.000000,0.000000,0.000000,0.000000,0.012160,0.000000,0.910900,4.697098,0.149937,-19.440031,20.000000
0.714700,5,"LINK_TORSO_YAW",0.613700,0.200000,0.101000,20.000000,0.000000,0.000000,20.000000,0.000000,0.000000,0.000000,0.000000,0.012160,0.000000,0.910900,4.686865,0.149978,-19.442500,20.000000
0.714800,5,"LINK_TORSO_YAW",0.613700,0.200000,0.101100,20.000000,0.000000,0.000000,20.000000,0.000000,0.000000,0.000000,0.000000,0.012160,0.000000,0.910900,4.676629,0.150022,-19.444964,20.000000
0.715000,5,"LINK_TORSO_YAW",0.613700,0.200000,0.101300,20.000000,0.000000,0.000000,20.000000,0.000000,0.000000,0.000000,0.000000,0.012160,0.000000,0.910900,4.656146,0.150114,-19.449878,20.000000
0.715100,5,"LINK_TORSO_YAW",0.613700,0.200000,0.101400,20.000000,0.000000,0.000000,20.000000,0.000000,0.000000,0.000000,0.000000,0.012160,0.000000,0.910900,4.645897,0.150158,-19.452329,20.000000
0.715200,5,"LINK_TORSO_YAW",0.613700,0.200000,0.101500,20.000000,0.000000,0.000000,20.000000,0.000000,0.000000,0.000000,0.000000,0.012160,0.000000,0.910900,4.635644,0.150200,-19.454774,20.000000
0.715300,5,"LINK_TORSO_YAW",0.613700,0.200000,0.101600,20.000000,0.000000,0.000000,20.000000,0.000000,0.000000,0.000000,0.000000,0.012160,0.000000,0.910900,4.625385,0.150241,-19.457216,20.000000
0.715400,5,"LINK_TORSO_YAW",0.613700,0.200000,0.101700,20.000000,0.000000,0.000000,20.000000,0.000000,0.000000,0.000000,0.000000,0.012160,0.000000,0.910900,4.615121,0.150279,-19.459652,20.000000
0.715500,5,"LINK_TORSO_YAW",0.613700,0.200000,0.101800,20.000000,0.000000,0.000000,20.000000,0.000000,0.000000,0.000000,0.000000,0.012160,0.000000,0.910900,4.604856,0.150316,-19.462084,20.000000
0.719000,5,"LINK_TORSO_YAW",0.613700,0.200000,0.105300,20.000000,0.000000,0.000000,20.000000,0.000000,0.000000,0.000000,0.000000,0.012160,0.000000,0.910900,4.243221,0.151533,-19.544107,20.000000
0.719100,5,"LINK_TORSO_YAW",0.613700,0.200000,0.105400,20.000000,0.000000,0.000000,20.000000,0.000000,0.000000,0.000000,0.000000,0.012160,0.000000,0.910900,4.232819,0.151567,-19.546362,20.000000
0.719200,5,"LINK_TORSO_YAW",0.613700,0.200000,0.105500,20.000000,0.000000,0.000000,20.000000,0.000000,0.000000,0.000000,0.000000,0.012160,0.000000,0.910900,4.222415,0.151600,-19.548612,20.000000
0.721700,5,"LINK_TORSO_YAW",0.613700,0.200000,0.108000,20.000000,0.000000,0.000000,20.000000,0.000000,0.000000,0.000000,0.000000,0.012160,0.000000,0.910900,3.961055,0.152403,-19.603235,20.000000
0.721800,5,"LINK_TORSO_YAW",0.613700,0.200000,0.108100,20.000000,0.000000,0.000000,20.000000,0.000000,0.000000,0.000000,0.000000,0.012160,0.000000,0.910900,3.950552,0.152437,-19.605354,20.000000
